window_id,dataset,source_path,source_folder,subject_id,trial_id,activity_id,activity_name,activity,fall_label,direction_label,direction_supervised,start_idx,end_idx,start_time,end_time,sampling_rate,window_size,stride_size,feature_order,source_hz,target_hz,resampling_method,window_rule,original_length,processed_length,fall_interval_start,fall_interval_end,unit_conversion,sensor_position,dataset_name,acc_unit_before,gyro_unit_before,acc_unit_after,gyro_unit_after,conversion_factor_acc,conversion_factor_gyro,unit_harmonized,split,true_fall,pred_fall,fall_prob,true_direction,pred_direction,direction_confidence
w25_00003575,weda,C:\Users\ADMIN\Desktop\ds-fall\data\raw\WEDA-FALL-main\dataset\25Hz\D01\U04_R01_accel.csv,C:\Users\ADMIN\Desktop\ds-fall\data\raw\WEDA-FALL-main\dataset\25Hz,U04,D01_R01,D01,walking,walking,0,none,False,0,50,0.006,1.966,25.0,50,12,"ax,ay,az,gx,gy,gz,acc_mag,gyro_mag,jerk,roll,pitch,tilt_delta",25.0,25.0,raw_25hz_time_aligned_to_uniform_25hz,adl_sliding_capped,491,496,,,dataset_unit_map,wrist,weda,m/s^2,rad/s,m/s^2,rad/s,1.0,1.0,True,test,non_fall,non_fall,4.0293823985848576e-05,none,forward,0.9566060900688171
w25_00003576,weda,C:\Users\ADMIN\Desktop\ds-fall\data\raw\WEDA-FALL-main\dataset\25Hz\D01\U04_R01_accel.csv,C:\Users\ADMIN\Desktop\ds-fall\data\raw\WEDA-FALL-main\dataset\25Hz,U04,D01_R01,D01,walking,walking,0,none,False,12,62,0.486,2.4459999999999997,25.0,50,12,"ax,ay,az,gx,gy,gz,acc_mag,gyro_mag,jerk,roll,pitch,tilt_delta",25.0,25.0,raw_25hz_time_aligned_to_uniform_25hz,adl_sliding_capped,491,496,,,dataset_unit_map,wrist,weda,m/s^2,rad/s,m/s^2,rad/s,1.0,1.0,True,test,non_fall,non_fall,4.746008926304057e-05,none,forward,0.9936056137084961
w25_00003577,weda,C:\Users\ADMIN\Desktop\ds-fall\data\raw\WEDA-FALL-main\dataset\25Hz\D01\U04_R01_accel.csv,C:\Users\ADMIN\Desktop\ds-fall\data\raw\WEDA-FALL-main\dataset\25Hz,U04,D01_R01,D01,walking,walking,0,none,False,24,74,0.966,2.9259999999999997,25.0,50,12,"ax,ay,az,gx,gy,gz,acc_mag,gyro_mag,jerk,roll,pitch,tilt_delta",25.0,25.0,raw_25hz_time_aligned_to_uniform_25hz,adl_sliding_capped,491,496,,,dataset_unit_map,wrist,weda,m/s^2,rad/s,m/s^2,rad/s,1.0,1.0,True,test,non_fall,non_fall,1.6388361473218538e-05,none,forward,0.9983215928077698
w25_00003578,weda,C:\Users\ADMIN\Desktop\ds-fall\data\raw\WEDA-FALL-main\dataset\25Hz\D01\U04_R01_accel.csv,C:\Users\ADMIN\Desktop\ds-fall\data\raw\WEDA-FALL-main\dataset\25Hz,U04,D01_R01,D01,walking,walking,0,none,False,36,86,1.446,3.4059999999999997,25.0,50,12,"ax,ay,az,gx,gy,gz,acc_mag,gyro_mag,jerk,roll,pitch,tilt_delta",25.0,25.0,raw_25hz_time_aligned_to_uniform_25hz,adl_sliding_capped,491,496,,,dataset_unit_map,wrist,weda,m/s^2,rad/s,m/s^2,rad/s,1.0,1.0,True,test,non_fall,non_fall,4.664615858018806e-07,none,forward,0.9140672087669373
w25_00003579,weda,C:\Users\ADMIN\Desktop\ds-fall\data\raw\WEDA-FALL-main\dataset\25Hz\D01\U04_R01_accel.csv,C:\Users\ADMIN\Desktop\ds-fall\data\raw\WEDA-FALL-main\dataset\25Hz,U04,D01_R01,D01,walking,walking,0,none,False,48,98,1.926,3.8859999999999997,25.0,50,12,"ax,ay,az,gx,gy,gz,acc_mag,gyro_mag,jerk,roll,pitch,tilt_delta",25.0,25.0,raw_25hz_time_aligned_to_uniform_25hz,adl_sliding_capped,491,496,,,dataset_unit_map,wrist,weda,m/s^2,rad/s,m/s^2,rad/s,1.0,1.0,True,test,non_fall,non_fall,7.63077821375191e-07,none,forward,0.9331215620040894
w25_00003645,weda,C:\Users\ADMIN\Desktop\ds-fall\data\raw\WEDA-FALL-main\dataset\25Hz\D01\U24_R01_accel.csv,C:\Users\ADMIN\Desktop\ds-fall\data\raw\WEDA-FALL-main\dataset\25Hz,U24,D01_R01,D01,walking,walking,0,none,False,0,50,0.002,1.962,25.0,50,12,"ax,ay,az,gx,gy,gz,acc_mag,gyro_mag,jerk,roll,pitch,tilt_delta",25.0,25.0,raw_25hz_time_aligned_to_uniform_25hz,adl_sliding_capped,610,615,,,dataset_unit_map,wrist,weda,m/s^2,rad/s,m/s^2,rad/s,1.0,1.0,True,test,non_fall,non_fall,2.713603862503078e-06,none,forward,0.9336387515068054
w25_00003646,weda,C:\Users\ADMIN\Desktop\ds-fall\data\raw\WEDA-FALL-main\dataset\25Hz\D01\U24_R01_accel.csv,C:\Users\ADMIN\Desktop\ds-fall\data\raw\WEDA-FALL-main\dataset\25Hz,U24,D01_R01,D01,walking,walking,0,none,False,12,62,0.482,2.4419999999999997,25.0,50,12,"ax,ay,az,gx,gy,gz,acc_mag,gyro_mag,jerk,roll,pitch,tilt_delta",25.0,25.0,raw_25hz_time_aligned_to_uniform_25hz,adl_sliding_capped,610,615,,,dataset_unit_map,wrist,weda,m/s^2,rad/s,m/s^2,rad/s,1.0,1.0,True,test,non_fall,non_fall,9.344098543806467e-06,none,forward,0.9405613541603088
w25_00003647,weda,C:\Users\ADMIN\Desktop\ds-fall\data\raw\WEDA-FALL-main\dataset\25Hz\D01\U24_R01_accel.csv,C:\Users\ADMIN\Desktop\ds-fall\data\raw\WEDA-FALL-main\dataset\25Hz,U24,D01_R01,D01,walking,walking,0,none,False,24,74,0.962,2.9219999999999997,25.0,50,12,"ax,ay,az,gx,gy,gz,acc_mag,gyro_mag,jerk,roll,pitch,tilt_delta",25.0,25.0,raw_25hz_time_aligned_to_uniform_25hz,adl_sliding_capped,610,615,,,dataset_unit_map,wrist,weda,m/s^2,rad/s,m/s^2,rad/s,1.0,1.0,True,test,non_fall,non_fall,8.016801984922495e-06,none,forward,0.9379796385765076
w25_00003648,weda,C:\Users\ADMIN\Desktop\ds-fall\data\raw\WEDA-FALL-main\dataset\25Hz\D01\U24_R01_accel.csv,C:\Users\ADMIN\Desktop\ds-fall\data\raw\WEDA-FALL-main\dataset\25Hz,U24,D01_R01,D01,walking,walking,0,none,False,36,86,1.442,3.4019999999999997,25.0,50,12,"ax,ay,az,gx,gy,gz,acc_mag,gyro_mag,jerk,roll,pitch,tilt_delta",25.0,25.0,raw_25hz_time_aligned_to_uniform_25hz,adl_sliding_capped,610,615,,,dataset_unit_map,wrist,weda,m/s^2,rad/s,m/s^2,rad/s,1.0,1.0,True,test,non_fall,non_fall,9.673735803517047e-06,none,forward,0.9000926613807678
w25_00003649,weda,C:\Users\ADMIN\Desktop\ds-fall\data\raw\WEDA-FALL-main\dataset\25Hz\D01\U24_R01_accel.csv,C:\Users\ADMIN\Desktop\ds-fall\data\raw\WEDA-FALL-main\dataset\25Hz,U24,D01_R01,D01,walking,walking,0,none,False,48,98,1.922,3.8819999999999997,25.0,50,12,"ax,ay,az,gx,gy,gz,acc_mag,gyro_mag,jerk,roll,pitch,tilt_delta",25.0,25.0,raw_25hz_time_aligned_to_uniform_25hz,adl_sliding_capped,610,615,,,dataset_unit_map,wrist,weda,m/s^2,rad/s,m/s^2,rad/s,1.0,1.0,True,test,non_fall,non_fall,6.302043766481802e-05,none,forward,0.9282189607620239
w25_00003650,weda,C:\Users\ADMIN\Desktop\ds-fall\data\raw\WEDA-FALL-main\dataset\25Hz\D01\U25_R01_accel.csv,C:\Users\ADMIN\Desktop\ds-fall\data\raw\WEDA-FALL-main\dataset\25Hz,U25,D01_R01,D01,walking,walking,0,none,False,0,50,0.002,1.962,25.0,50,12,"ax,ay,az,gx,gy,gz,acc_mag,gyro_mag,jerk,roll,pitch,tilt_delta",25.0,25.0,raw_25hz_time_aligned_to_uniform_25hz,adl_sliding_capped,456,461,,,dataset_unit_map,wrist,weda,m/s^2,rad/s,m/s^2,rad/s,1.0,1.0,True,test,non_fall,non_fall,1.0649307569110533e-06,none,forward,0.8533074855804443
w25_00003651,weda,C:\Users\ADMIN\Desktop\ds-fall\data\raw\WEDA-FALL-main\dataset\25Hz\D01\U25_R01_accel.csv,C:\Users\ADMIN\Desktop\ds-fall\data\raw\WEDA-FALL-main\dataset\25Hz,U25,D01_R01,D01,walking,walking,0,none,False,12,62,0.482,2.4419999999999997,25.0,50,12,"ax,ay,az,gx,gy,gz,acc_mag,gyro_mag,jerk,roll,pitch,tilt_delta",25.0,25.0,raw_25hz_time_aligned_to_uniform_25hz,adl_sliding_capped,456,461,,,dataset_unit_map,wrist,weda,m/s^2,rad/s,m/s^2,rad/s,1.0,1.0,True,test,non_fall,non_fall,1.1502791039674776e-06,none,forward,0.8788660764694214
w25_00003652,weda,C:\Users\ADMIN\Desktop\ds-fall\data\raw\WEDA-FALL-main\dataset\25Hz\D01\U25_R01_accel.csv,C:\Users\ADMIN\Desktop\ds-fall\data\raw\WEDA-FALL-main\dataset\25Hz,U25,D01_R01,D01,walking,walking,0,none,False,24,74,0.962,2.9219999999999997,25.0,50,12,"ax,ay,az,gx,gy,gz,acc_mag,gyro_mag,jerk,roll,pitch,tilt_delta",25.0,25.0,raw_25hz_time_aligned_to_uniform_25hz,adl_sliding_capped,456,461,,,dataset_unit_map,wrist,weda,m/s^2,rad/s,m/s^2,rad/s,1.0,1.0,True,test,non_fall,non_fall,1.5498798688895477e-07,none,forward,0.8807103037834167
w25_00003653,weda,C:\Users\ADMIN\Desktop\ds-fall\data\raw\WEDA-FALL-main\dataset\25Hz\D01\U25_R01_accel.csv,C:\Users\ADMIN\Desktop\ds-fall\data\raw\WEDA-FALL-main\dataset\25Hz,U25,D01_R01,D01,walking,walking,0,none,False,36,86,1.442,3.4019999999999997,25.0,50,12,"ax,ay,az,gx,gy,gz,acc_mag,gyro_mag,jerk,roll,pitch,tilt_delta",25.0,25.0,raw_25hz_time_aligned_to_uniform_25hz,adl_sliding_capped,456,461,,,dataset_unit_map,wrist,weda,m/s^2,rad/s,m/s^2,rad/s,1.0,1.0,True,test,non_fall,non_fall,6.57158307149075e-05,none,forward,0.8725448846817017
w25_00003654,weda,C:\Users\ADMIN\Desktop\ds-fall\data\raw\WEDA-FALL-main\dataset\25Hz\D01\U25_R01_accel.csv,C:\Users\ADMIN\Desktop\ds-fall\data\raw\WEDA-FALL-main\dataset\25Hz,U25,D01_R01,D01,walking,walking,0,none,False,48,98,1.922,3.8819999999999997,25.0,50,12,"ax,ay,az,gx,gy,gz,acc_mag,gyro_mag,jerk,roll,pitch,tilt_delta",25.0,25.0,raw_25hz_time_aligned_to_uniform_25hz,adl_sliding_capped,456,461,,,dataset_unit_map,wrist,weda,m/s^2,rad/s,m/s^2,rad/s,1.0,1.0,True,test,non_fall,non_fall,1.598806846914158e-07,none,forward,0.8037782907485962
w25_00003700,weda,C:\Users\ADMIN\Desktop\ds-fall\data\raw\WEDA-FALL-main\dataset\25Hz\D02\U04_R01_accel.csv,C:\Users\ADMIN\Desktop\ds-fall\data\raw\WEDA-FALL-main\dataset\25Hz,U04,D02_R01,D02,jogging,jogging,0,none,False,0,50,0.001,1.9609999999999999,25.0,50,12,"ax,ay,az,gx,gy,gz,acc_mag,gyro_mag,jerk,roll,pitch,tilt_delta",25.0,25.0,raw_25hz_time_aligned_to_uniform_25hz,adl_sliding_capped,376,378,,,dataset_unit_map,wrist,weda,m/s^2,rad/s,m/s^2,rad/s,1.0,1.0,True,test,non_fall,non_fall,0.00033586594508960843,none,backward,0.8944455981254578
w25_00003701,weda,C:\Users\ADMIN\Desktop\ds-fall\data\raw\WEDA-FALL-main\dataset\25Hz\D02\U04_R01_accel.csv,C:\Users\ADMIN\Desktop\ds-fall\data\raw\WEDA-FALL-main\dataset\25Hz,U04,D02_R01,D02,jogging,jogging,0,none,False,12,62,0.481,2.441,25.0,50,12,"ax,ay,az,gx,gy,gz,acc_mag,gyro_mag,jerk,roll,pitch,tilt_delta",25.0,25.0,raw_25hz_time_aligned_to_uniform_25hz,adl_sliding_capped,376,378,,,dataset_unit_map,wrist,weda,m/s^2,rad/s,m/s^2,rad/s,1.0,1.0,True,test,non_fall,non_fall,8.941326814237982e-05,none,backward,0.8413065671920776
w25_00003702,weda,C:\Users\ADMIN\Desktop\ds-fall\data\raw\WEDA-FALL-main\dataset\25Hz\D02\U04_R01_accel.csv,C:\Users\ADMIN\Desktop\ds-fall\data\raw\WEDA-FALL-main\dataset\25Hz,U04,D02_R01,D02,jogging,jogging,0,none,False,24,74,0.961,2.921,25.0,50,12,"ax,ay,az,gx,gy,gz,acc_mag,gyro_mag,jerk,roll,pitch,tilt_delta",25.0,25.0,raw_25hz_time_aligned_to_uniform_25hz,adl_sliding_capped,376,378,,,dataset_unit_map,wrist,weda,m/s^2,rad/s,m/s^2,rad/s,1.0,1.0,True,test,non_fall,non_fall,0.0004507480189204216,none,lateral,0.6706329584121704
w25_00003703,weda,C:\Users\ADMIN\Desktop\ds-fall\data\raw\WEDA-FALL-main\dataset\25Hz\D02\U04_R01_accel.csv,C:\Users\ADMIN\Desktop\ds-fall\data\raw\WEDA-FALL-main\dataset\25Hz,U04,D02_R01,D02,jogging,jogging,0,none,False,36,86,1.4409999999999998,3.401,25.0,50,12,"ax,ay,az,gx,gy,gz,acc_mag,gyro_mag,jerk,roll,pitch,tilt_delta",25.0,25.0,raw_25hz_time_aligned_to_uniform_25hz,adl_sliding_capped,376,378,,,dataset_unit_map,wrist,weda,m/s^2,rad/s,m/s^2,rad/s,1.0,1.0,True,test,non_fall,non_fall,0.003941118251532316,none,backward,0.6093489527702332
w25_00003704,weda,C:\Users\ADMIN\Desktop\ds-fall\data\raw\WEDA-FALL-main\dataset\25Hz\D02\U04_R01_accel.csv,C:\Users\ADMIN\Desktop\ds-fall\data\raw\WEDA-FALL-main\dataset\25Hz,U04,D02_R01,D02,jogging,jogging,0,none,False,48,98,1.9209999999999998,3.881,25.0,50,12,"ax,ay,az,gx,gy,gz,acc_mag,gyro_mag,jerk,roll,pitch,tilt_delta",25.0,25.0,raw_25hz_time_aligned_to_uniform_25hz,adl_sliding_capped,376,378,,,dataset_unit_map,wrist,weda,m/s^2,rad/s,m/s^2,rad/s,1.0,1.0,True,test,non_fall,non_fall,0.4313895106315613,none,backward,0.9465946555137634
w25_00003770,weda,C:\Users\ADMIN\Desktop\ds-fall\data\raw\WEDA-FALL-main\dataset\25Hz\D03\U04_R01_accel.csv,C:\Users\ADMIN\Desktop\ds-fall\data\raw\WEDA-FALL-main\dataset\25Hz,U04,D03_R01,D03,stairs,stairs,0,none,False,0,50,0.002,1.962,25.0,50,12,"ax,ay,az,gx,gy,gz,acc_mag,gyro_mag,jerk,roll,pitch,tilt_delta",25.0,25.0,raw_25hz_time_aligned_to_uniform_25hz,adl_sliding_capped,639,646,,,dataset_unit_map,wrist,weda,m/s^2,rad/s,m/s^2,rad/s,1.0,1.0,True,test,non_fall,non_fall,2.1419356926344335e-05,none,backward,0.49154552817344666
w25_00003771,weda,C:\Users\ADMIN\Desktop\ds-fall\data\raw\WEDA-FALL-main\dataset\25Hz\D03\U04_R01_accel.csv,C:\Users\ADMIN\Desktop\ds-fall\data\raw\WEDA-FALL-main\dataset\25Hz,U04,D03_R01,D03,stairs,stairs,0,none,False,12,62,0.482,2.4419999999999997,25.0,50,12,"ax,ay,az,gx,gy,gz,acc_mag,gyro_mag,jerk,roll,pitch,tilt_delta",25.0,25.0,raw_25hz_time_aligned_to_uniform_25hz,adl_sliding_capped,639,646,,,dataset_unit_map,wrist,weda,m/s^2,rad/s,m/s^2,rad/s,1.0,1.0,True,test,non_fall,non_fall,2.1077030964988808e-07,none,lateral,0.5834927558898926
w25_00003772,weda,C:\Users\ADMIN\Desktop\ds-fall\data\raw\WEDA-FALL-main\dataset\25Hz\D03\U04_R01_accel.csv,C:\Users\ADMIN\Desktop\ds-fall\data\raw\WEDA-FALL-main\dataset\25Hz,U04,D03_R01,D03,stairs,stairs,0,none,False,24,74,0.962,2.9219999999999997,25.0,50,12,"ax,ay,az,gx,gy,gz,acc_mag,gyro_mag,jerk,roll,pitch,tilt_delta",25.0,25.0,raw_25hz_time_aligned_to_uniform_25hz,adl_sliding_capped,639,646,,,dataset_unit_map,wrist,weda,m/s^2,rad/s,m/s^2,rad/s,1.0,1.0,True,test,non_fall,non_fall,1.4617118893056613e-07,none,forward,0.6816130876541138
w25_00003773,weda,C:\Users\ADMIN\Desktop\ds-fall\data\raw\WEDA-FALL-main\dataset\25Hz\D03\U04_R01_accel.csv,C:\Users\ADMIN\Desktop\ds-fall\data\raw\WEDA-FALL-main\dataset\25Hz,U04,D03_R01,D03,stairs,stairs,0,none,False,36,86,1.442,3.4019999999999997,25.0,50,12,"ax,ay,az,gx,gy,gz,acc_mag,gyro_mag,jerk,roll,pitch,tilt_delta",25.0,25.0,raw_25hz_time_aligned_to_uniform_25hz,adl_sliding_capped,639,646,,,dataset_unit_map,wrist,weda,m/s^2,rad/s,m/s^2,rad/s,1.0,1.0,True,test,non_fall,non_fall,2.0067528794243117e-07,none,forward,0.9153541326522827
w25_00003774,weda,C:\Users\ADMIN\Desktop\ds-fall\data\raw\WEDA-FALL-main\dataset\25Hz\D03\U04_R01_accel.csv,C:\Users\ADMIN\Desktop\ds-fall\data\raw\WEDA-FALL-main\dataset\25Hz,U04,D03_R01,D03,stairs,stairs,0,none,False,48,98,1.922,3.8819999999999997,25.0,50,12,"ax,ay,az,gx,gy,gz,acc_mag,gyro_mag,jerk,roll,pitch,tilt_delta",25.0,25.0,raw_25hz_time_aligned_to_uniform_25hz,adl_sliding_capped,639,646,,,dataset_unit_map,wrist,weda,m/s^2,rad/s,m/s^2,rad/s,1.0,1.0,True,test,non_fall,non_fall,2.3109593882963964e-07,none,forward,0.9746052026748657
w25_00003830,weda,C:\Users\ADMIN\Desktop\ds-fall\data\raw\WEDA-FALL-main\dataset\25Hz\D03\U24_R01_accel.csv,C:\Users\ADMIN\Desktop\ds-fall\data\raw\WEDA-FALL-main\dataset\25Hz,U24,D03_R01,D03,stairs,stairs,0,none,False,0,50,0.002,1.962,25.0,50,12,"ax,ay,az,gx,gy,gz,acc_mag,gyro_mag,jerk,roll,pitch,tilt_delta",25.0,25.0,raw_25hz_time_aligned_to_uniform_25hz,adl_sliding_capped,998,1008,,,dataset_unit_map,wrist,weda,m/s^2,rad/s,m/s^2,rad/s,1.0,1.0,True,test,non_fall,non_fall,2.3833365503378445e-08,none,forward,0.923151969909668
w25_00003831,weda,C:\Users\ADMIN\Desktop\ds-fall\data\raw\WEDA-FALL-main\dataset\25Hz\D03\U24_R01_accel.csv,C:\Users\ADMIN\Desktop\ds-fall\data\raw\WEDA-FALL-main\dataset\25Hz,U24,D03_R01,D03,stairs,stairs,0,none,False,12,62,0.482,2.4419999999999997,25.0,50,12,"ax,ay,az,gx,gy,gz,acc_mag,gyro_mag,jerk,roll,pitch,tilt_delta",25.0,25.0,raw_25hz_time_aligned_to_uniform_25hz,adl_sliding_capped,998,1008,,,dataset_unit_map,wrist,weda,m/s^2,rad/s,m/s^2,rad/s,1.0,1.0,True,test,non_fall,non_fall,1.83215931315317e-08,none,forward,0.9219071269035339
w25_00003832,weda,C:\Users\ADMIN\Desktop\ds-fall\data\raw\WEDA-FALL-main\dataset\25Hz\D03\U24_R01_accel.csv,C:\Users\ADMIN\Desktop\ds-fall\data\raw\WEDA-FALL-main\dataset\25Hz,U24,D03_R01,D03,stairs,stairs,0,none,False,24,74,0.962,2.9219999999999997,25.0,50,12,"ax,ay,az,gx,gy,gz,acc_mag,gyro_mag,jerk,roll,pitch,tilt_delta",25.0,25.0,raw_25hz_time_aligned_to_uniform_25hz,adl_sliding_capped,998,1008,,,dataset_unit_map,wrist,weda,m/s^2,rad/s,m/s^2,rad/s,1.0,1.0,True,test,non_fall,non_fall,2.4909926565896967e-08,none,forward,0.9184514880180359
w25_00003833,weda,C:\Users\ADMIN\Desktop\ds-fall\data\raw\WEDA-FALL-main\dataset\25Hz\D03\U24_R01_accel.csv,C:\Users\ADMIN\Desktop\ds-fall\data\raw\WEDA-FALL-main\dataset\25Hz,U24,D03_R01,D03,stairs,stairs,0,none,False,36,86,1.442,3.4019999999999997,25.0,50,12,"ax,ay,az,gx,gy,gz,acc_mag,gyro_mag,jerk,roll,pitch,tilt_delta",25.0,25.0,raw_25hz_time_aligned_to_uniform_25hz,adl_sliding_capped,998,1008,,,dataset_unit_map,wrist,weda,m/s^2,rad/s,m/s^2,rad/s,1.0,1.0,True,test,non_fall,non_fall,3.809919846275989e-08,none,forward,0.9041500091552734
w25_00003834,weda,C:\Users\ADMIN\Desktop\ds-fall\data\raw\WEDA-FALL-main\dataset\25Hz\D03\U24_R01_accel.csv,C:\Users\ADMIN\Desktop\ds-fall\data\raw\WEDA-FALL-main\dataset\25Hz,U24,D03_R01,D03,stairs,stairs,0,none,False,48,98,1.922,3.8819999999999997,25.0,50,12,"ax,ay,az,gx,gy,gz,acc_mag,gyro_mag,jerk,roll,pitch,tilt_delta",25.0,25.0,raw_25hz_time_aligned_to_uniform_25hz,adl_sliding_capped,998,1008,,,dataset_unit_map,wrist,weda,m/s^2,rad/s,m/s^2,rad/s,1.0,1.0,True,test,non_fall,non_fall,4.650610563317059e-08,none,forward,0.986958920955658
w25_00003880,weda,C:\Users\ADMIN\Desktop\ds-fall\data\raw\WEDA-FALL-main\dataset\25Hz\D04\U04_R01_accel.csv,C:\Users\ADMIN\Desktop\ds-fall\data\raw\WEDA-FALL-main\dataset\25Hz,U04,D04_R01,D04,sit_wait_stand,sit_wait_stand,0,none,False,0,50,0.002,1.962,25.0,50,12,"ax,ay,az,gx,gy,gz,acc_mag,gyro_mag,jerk,roll,pitch,tilt_delta",25.0,25.0,raw_25hz_time_aligned_to_uniform_25hz,adl_sliding_capped,285,286,,,dataset_unit_map,wrist,weda,m/s^2,rad/s,m/s^2,rad/s,1.0,1.0,True,test,non_fall,non_fall,6.066515197744593e-06,none,lateral,0.772804319858551
w25_00003881,weda,C:\Users\ADMIN\Desktop\ds-fall\data\raw\WEDA-FALL-main\dataset\25Hz\D04\U04_R01_accel.csv,C:\Users\ADMIN\Desktop\ds-fall\data\raw\WEDA-FALL-main\dataset\25Hz,U04,D04_R01,D04,sit_wait_stand,sit_wait_stand,0,none,False,12,62,0.482,2.4419999999999997,25.0,50,12,"ax,ay,az,gx,gy,gz,acc_mag,gyro_mag,jerk,roll,pitch,tilt_delta",25.0,25.0,raw_25hz_time_aligned_to_uniform_25hz,adl_sliding_capped,285,286,,,dataset_unit_map,wrist,weda,m/s^2,rad/s,m/s^2,rad/s,1.0,1.0,True,test,non_fall,non_fall,8.16989881968766e-07,none,lateral,0.7471010088920593
w25_00003882,weda,C:\Users\ADMIN\Desktop\ds-fall\data\raw\WEDA-FALL-main\dataset\25Hz\D04\U04_R01_accel.csv,C:\Users\ADMIN\Desktop\ds-fall\data\raw\WEDA-FALL-main\dataset\25Hz,U04,D04_R01,D04,sit_wait_stand,sit_wait_stand,0,none,False,24,74,0.962,2.9219999999999997,25.0,50,12,"ax,ay,az,gx,gy,gz,acc_mag,gyro_mag,jerk,roll,pitch,tilt_delta",25.0,25.0,raw_25hz_time_aligned_to_uniform_25hz,adl_sliding_capped,285,286,,,dataset_unit_map,wrist,weda,m/s^2,rad/s,m/s^2,rad/s,1.0,1.0,True,test,non_fall,non_fall,3.5160277889190183e-07,none,forward,0.6489524841308594
w25_00003883,weda,C:\Users\ADMIN\Desktop\ds-fall\data\raw\WEDA-FALL-main\dataset\25Hz\D04\U04_R01_accel.csv,C:\Users\ADMIN\Desktop\ds-fall\data\raw\WEDA-FALL-main\dataset\25Hz,U04,D04_R01,D04,sit_wait_stand,sit_wait_stand,0,none,False,36,86,1.442,3.4019999999999997,25.0,50,12,"ax,ay,az,gx,gy,gz,acc_mag,gyro_mag,jerk,roll,pitch,tilt_delta",25.0,25.0,raw_25hz_time_aligned_to_uniform_25hz,adl_sliding_capped,285,286,,,dataset_unit_map,wrist,weda,m/s^2,rad/s,m/s^2,rad/s,1.0,1.0,True,test,non_fall,non_fall,2.5166725663439138e-06,none,forward,0.6485256552696228
w25_00003884,weda,C:\Users\ADMIN\Desktop\ds-fall\data\raw\WEDA-FALL-main\dataset\25Hz\D04\U04_R01_accel.csv,C:\Users\ADMIN\Desktop\ds-fall\data\raw\WEDA-FALL-main\dataset\25Hz,U04,D04_R01,D04,sit_wait_stand,sit_wait_stand,0,none,False,48,98,1.922,3.8819999999999997,25.0,50,12,"ax,ay,az,gx,gy,gz,acc_mag,gyro_mag,jerk,roll,pitch,tilt_delta",25.0,25.0,raw_25hz_time_aligned_to_uniform_25hz,adl_sliding_capped,285,286,,,dataset_unit_map,wrist,weda,m/s^2,rad/s,m/s^2,rad/s,1.0,1.0,True,test,non_fall,non_fall,1.4100318367127329e-05,none,backward,0.8147923946380615
w25_00003950,weda,C:\Users\ADMIN\Desktop\ds-fall\data\raw\WEDA-FALL-main\dataset\25Hz\D04\U24_R01_accel.csv,C:\Users\ADMIN\Desktop\ds-fall\data\raw\WEDA-FALL-main\dataset\25Hz,U24,D04_R01,D04,sit_wait_stand,sit_wait_stand,0,none,False,0,50,0.002,1.962,25.0,50,12,"ax,ay,az,gx,gy,gz,acc_mag,gyro_mag,jerk,roll,pitch,tilt_delta",25.0,25.0,raw_25hz_time_aligned_to_uniform_25hz,adl_sliding_capped,160,161,,,dataset_unit_map,wrist,weda,m/s^2,rad/s,m/s^2,rad/s,1.0,1.0,True,test,non_fall,non_fall,9.319244931305093e-09,none,forward,0.9965535402297974
w25_00003951,weda,C:\Users\ADMIN\Desktop\ds-fall\data\raw\WEDA-FALL-main\dataset\25Hz\D04\U24_R01_accel.csv,C:\Users\ADMIN\Desktop\ds-fall\data\raw\WEDA-FALL-main\dataset\25Hz,U24,D04_R01,D04,sit_wait_stand,sit_wait_stand,0,none,False,12,62,0.482,2.4419999999999997,25.0,50,12,"ax,ay,az,gx,gy,gz,acc_mag,gyro_mag,jerk,roll,pitch,tilt_delta",25.0,25.0,raw_25hz_time_aligned_to_uniform_25hz,adl_sliding_capped,160,161,,,dataset_unit_map,wrist,weda,m/s^2,rad/s,m/s^2,rad/s,1.0,1.0,True,test,non_fall,non_fall,1.7752826408923283e-07,none,forward,0.9799959063529968
w25_00003952,weda,C:\Users\ADMIN\Desktop\ds-fall\data\raw\WEDA-FALL-main\dataset\25Hz\D04\U24_R01_accel.csv,C:\Users\ADMIN\Desktop\ds-fall\data\raw\WEDA-FALL-main\dataset\25Hz,U24,D04_R01,D04,sit_wait_stand,sit_wait_stand,0,none,False,24,74,0.962,2.9219999999999997,25.0,50,12,"ax,ay,az,gx,gy,gz,acc_mag,gyro_mag,jerk,roll,pitch,tilt_delta",25.0,25.0,raw_25hz_time_aligned_to_uniform_25hz,adl_sliding_capped,160,161,,,dataset_unit_map,wrist,weda,m/s^2,rad/s,m/s^2,rad/s,1.0,1.0,True,test,non_fall,non_fall,4.129313765588449e-06,none,forward,0.9585068225860596
w25_00003953,weda,C:\Users\ADMIN\Desktop\ds-fall\data\raw\WEDA-FALL-main\dataset\25Hz\D04\U24_R01_accel.csv,C:\Users\ADMIN\Desktop\ds-fall\data\raw\WEDA-FALL-main\dataset\25Hz,U24,D04_R01,D04,sit_wait_stand,sit_wait_stand,0,none,False,36,86,1.442,3.4019999999999997,25.0,50,12,"ax,ay,az,gx,gy,gz,acc_mag,gyro_mag,jerk,roll,pitch,tilt_delta",25.0,25.0,raw_25hz_time_aligned_to_uniform_25hz,adl_sliding_capped,160,161,,,dataset_unit_map,wrist,weda,m/s^2,rad/s,m/s^2,rad/s,1.0,1.0,True,test,non_fall,non_fall,0.001227133208885789,none,forward,0.740348756313324
w25_00003954,weda,C:\Users\ADMIN\Desktop\ds-fall\data\raw\WEDA-FALL-main\dataset\25Hz\D04\U24_R01_accel.csv,C:\Users\ADMIN\Desktop\ds-fall\data\raw\WEDA-FALL-main\dataset\25Hz,U24,D04_R01,D04,sit_wait_stand,sit_wait_stand,0,none,False,48,98,1.922,3.8819999999999997,25.0,50,12,"ax,ay,az,gx,gy,gz,acc_mag,gyro_mag,jerk,roll,pitch,tilt_delta",25.0,25.0,raw_25hz_time_aligned_to_uniform_25hz,adl_sliding_capped,160,161,,,dataset_unit_map,wrist,weda,m/s^2,rad/s,m/s^2,rad/s,1.0,1.0,True,test,non_fall,non_fall,0.0002826911804731935,none,forward,0.9618544578552246
w25_00003955,weda,C:\Users\ADMIN\Desktop\ds-fall\data\raw\WEDA-FALL-main\dataset\25Hz\D04\U25_R01_accel.csv,C:\Users\ADMIN\Desktop\ds-fall\data\raw\WEDA-FALL-main\dataset\25Hz,U25,D04_R01,D04,sit_wait_stand,sit_wait_stand,0,none,False,0,50,0.001,1.9609999999999999,25.0,50,12,"ax,ay,az,gx,gy,gz,acc_mag,gyro_mag,jerk,roll,pitch,tilt_delta",25.0,25.0,raw_25hz_time_aligned_to_uniform_25hz,adl_sliding_capped,266,269,,,dataset_unit_map,wrist,weda,m/s^2,rad/s,m/s^2,rad/s,1.0,1.0,True,test,non_fall,non_fall,3.0614366551162675e-05,none,forward,0.9357326030731201
w25_00003956,weda,C:\Users\ADMIN\Desktop\ds-fall\data\raw\WEDA-FALL-main\dataset\25Hz\D04\U25_R01_accel.csv,C:\Users\ADMIN\Desktop\ds-fall\data\raw\WEDA-FALL-main\dataset\25Hz,U25,D04_R01,D04,sit_wait_stand,sit_wait_stand,0,none,False,12,62,0.481,2.441,25.0,50,12,"ax,ay,az,gx,gy,gz,acc_mag,gyro_mag,jerk,roll,pitch,tilt_delta",25.0,25.0,raw_25hz_time_aligned_to_uniform_25hz,adl_sliding_capped,266,269,,,dataset_unit_map,wrist,weda,m/s^2,rad/s,m/s^2,rad/s,1.0,1.0,True,test,non_fall,non_fall,2.5729255526130146e-07,none,forward,0.9989604949951172
w25_00003957,weda,C:\Users\ADMIN\Desktop\ds-fall\data\raw\WEDA-FALL-main\dataset\25Hz\D04\U25_R01_accel.csv,C:\Users\ADMIN\Desktop\ds-fall\data\raw\WEDA-FALL-main\dataset\25Hz,U25,D04_R01,D04,sit_wait_stand,sit_wait_stand,0,none,False,24,74,0.961,2.921,25.0,50,12,"ax,ay,az,gx,gy,gz,acc_mag,gyro_mag,jerk,roll,pitch,tilt_delta",25.0,25.0,raw_25hz_time_aligned_to_uniform_25hz,adl_sliding_capped,266,269,,,dataset_unit_map,wrist,weda,m/s^2,rad/s,m/s^2,rad/s,1.0,1.0,True,test,non_fall,non_fall,1.5888106830175275e-08,none,forward,0.9996931552886963
w25_00003958,weda,C:\Users\ADMIN\Desktop\ds-fall\data\raw\WEDA-FALL-main\dataset\25Hz\D04\U25_R01_accel.csv,C:\Users\ADMIN\Desktop\ds-fall\data\raw\WEDA-FALL-main\dataset\25Hz,U25,D04_R01,D04,sit_wait_stand,sit_wait_stand,0,none,False,36,86,1.4409999999999998,3.401,25.0,50,12,"ax,ay,az,gx,gy,gz,acc_mag,gyro_mag,jerk,roll,pitch,tilt_delta",25.0,25.0,raw_25hz_time_aligned_to_uniform_25hz,adl_sliding_capped,266,269,,,dataset_unit_map,wrist,weda,m/s^2,rad/s,m/s^2,rad/s,1.0,1.0,True,test,non_fall,non_fall,1.863675791469177e-08,none,forward,0.9996554851531982
w25_00003959,weda,C:\Users\ADMIN\Desktop\ds-fall\data\raw\WEDA-FALL-main\dataset\25Hz\D04\U25_R01_accel.csv,C:\Users\ADMIN\Desktop\ds-fall\data\raw\WEDA-FALL-main\dataset\25Hz,U25,D04_R01,D04,sit_wait_stand,sit_wait_stand,0,none,False,48,98,1.9209999999999998,3.881,25.0,50,12,"ax,ay,az,gx,gy,gz,acc_mag,gyro_mag,jerk,roll,pitch,tilt_delta",25.0,25.0,raw_25hz_time_aligned_to_uniform_25hz,adl_sliding_capped,266,269,,,dataset_unit_map,wrist,weda,m/s^2,rad/s,m/s^2,rad/s,1.0,1.0,True,test,non_fall,non_fall,1.0559921975072939e-05,none,forward,0.9987025260925293
w25_00004020,weda,C:\Users\ADMIN\Desktop\ds-fall\data\raw\WEDA-FALL-main\dataset\25Hz\D05\U04_R01_accel.csv,C:\Users\ADMIN\Desktop\ds-fall\data\raw\WEDA-FALL-main\dataset\25Hz,U04,D05_R01,D05,collapse_into_chair,collapse_into_chair,0,none,False,0,50,0.008,1.968,25.0,50,12,"ax,ay,az,gx,gy,gz,acc_mag,gyro_mag,jerk,roll,pitch,tilt_delta",25.0,25.0,raw_25hz_time_aligned_to_uniform_25hz,adl_sliding_capped,199,200,,,dataset_unit_map,wrist,weda,m/s^2,rad/s,m/s^2,rad/s,1.0,1.0,True,test,non_fall,non_fall,1.5771503967698663e-05,none,forward,0.5686367154121399
w25_00004021,weda,C:\Users\ADMIN\Desktop\ds-fall\data\raw\WEDA-FALL-main\dataset\25Hz\D05\U04_R01_accel.csv,C:\Users\ADMIN\Desktop\ds-fall\data\raw\WEDA-FALL-main\dataset\25Hz,U04,D05_R01,D05,collapse_into_chair,collapse_into_chair,0,none,False,12,62,0.488,2.448,25.0,50,12,"ax,ay,az,gx,gy,gz,acc_mag,gyro_mag,jerk,roll,pitch,tilt_delta",25.0,25.0,raw_25hz_time_aligned_to_uniform_25hz,adl_sliding_capped,199,200,,,dataset_unit_map,wrist,weda,m/s^2,rad/s,m/s^2,rad/s,1.0,1.0,True,test,non_fall,non_fall,9.726257985676057e-07,none,forward,0.9945171475410461
w25_00004022,weda,C:\Users\ADMIN\Desktop\ds-fall\data\raw\WEDA-FALL-main\dataset\25Hz\D05\U04_R01_accel.csv,C:\Users\ADMIN\Desktop\ds-fall\data\raw\WEDA-FALL-main\dataset\25Hz,U04,D05_R01,D05,collapse_into_chair,collapse_into_chair,0,none,False,24,74,0.968,2.928,25.0,50,12,"ax,ay,az,gx,gy,gz,acc_mag,gyro_mag,jerk,roll,pitch,tilt_delta",25.0,25.0,raw_25hz_time_aligned_to_uniform_25hz,adl_sliding_capped,199,200,,,dataset_unit_map,wrist,weda,m/s^2,rad/s,m/s^2,rad/s,1.0,1.0,True,test,non_fall,non_fall,3.3475956229267467e-07,none,forward,0.9971076846122742
w25_00004023,weda,C:\Users\ADMIN\Desktop\ds-fall\data\raw\WEDA-FALL-main\dataset\25Hz\D05\U04_R01_accel.csv,C:\Users\ADMIN\Desktop\ds-fall\data\raw\WEDA-FALL-main\dataset\25Hz,U04,D05_R01,D05,collapse_into_chair,collapse_into_chair,0,none,False,36,86,1.448,3.408,25.0,50,12,"ax,ay,az,gx,gy,gz,acc_mag,gyro_mag,jerk,roll,pitch,tilt_delta",25.0,25.0,raw_25hz_time_aligned_to_uniform_25hz,adl_sliding_capped,199,200,,,dataset_unit_map,wrist,weda,m/s^2,rad/s,m/s^2,rad/s,1.0,1.0,True,test,non_fall,non_fall,4.417418324464961e-07,none,forward,0.9978926777839661
w25_00004024,weda,C:\Users\ADMIN\Desktop\ds-fall\data\raw\WEDA-FALL-main\dataset\25Hz\D05\U04_R01_accel.csv,C:\Users\ADMIN\Desktop\ds-fall\data\raw\WEDA-FALL-main\dataset\25Hz,U04,D05_R01,D05,collapse_into_chair,collapse_into_chair,0,none,False,48,98,1.928,3.888,25.0,50,12,"ax,ay,az,gx,gy,gz,acc_mag,gyro_mag,jerk,roll,pitch,tilt_delta",25.0,25.0,raw_25hz_time_aligned_to_uniform_25hz,adl_sliding_capped,199,200,,,dataset_unit_map,wrist,weda,m/s^2,rad/s,m/s^2,rad/s,1.0,1.0,True,test,non_fall,non_fall,4.408900053931575e-07,none,forward,0.9930885434150696
w25_00004025,weda,C:\Users\ADMIN\Desktop\ds-fall\data\raw\WEDA-FALL-main\dataset\25Hz\D05\U04_R01_accel.csv,C:\Users\ADMIN\Desktop\ds-fall\data\raw\WEDA-FALL-main\dataset\25Hz,U04,D05_R01,D05,collapse_into_chair,collapse_into_chair,0,none,False,60,110,2.408,4.368,25.0,50,12,"ax,ay,az,gx,gy,gz,acc_mag,gyro_mag,jerk,roll,pitch,tilt_delta",25.0,25.0,raw_25hz_time_aligned_to_uniform_25hz,adl_sliding_capped,199,200,,,dataset_unit_map,wrist,weda,m/s^2,rad/s,m/s^2,rad/s,1.0,1.0,True,test,non_fall,non_fall,1.1832546533696586e-06,none,forward,0.8927107453346252
w25_00004026,weda,C:\Users\ADMIN\Desktop\ds-fall\data\raw\WEDA-FALL-main\dataset\25Hz\D05\U04_R01_accel.csv,C:\Users\ADMIN\Desktop\ds-fall\data\raw\WEDA-FALL-main\dataset\25Hz,U04,D05_R01,D05,collapse_into_chair,collapse_into_chair,0,none,False,72,122,2.888,4.848,25.0,50,12,"ax,ay,az,gx,gy,gz,acc_mag,gyro_mag,jerk,roll,pitch,tilt_delta",25.0,25.0,raw_25hz_time_aligned_to_uniform_25hz,adl_sliding_capped,199,200,,,dataset_unit_map,wrist,weda,m/s^2,rad/s,m/s^2,rad/s,1.0,1.0,True,test,non_fall,non_fall,4.352087216830114e-06,none,forward,0.8649393320083618
w25_00004027,weda,C:\Users\ADMIN\Desktop\ds-fall\data\raw\WEDA-FALL-main\dataset\25Hz\D05\U04_R01_accel.csv,C:\Users\ADMIN\Desktop\ds-fall\data\raw\WEDA-FALL-main\dataset\25Hz,U04,D05_R01,D05,collapse_into_chair,collapse_into_chair,0,none,False,84,134,3.368,5.328,25.0,50,12,"ax,ay,az,gx,gy,gz,acc_mag,gyro_mag,jerk,roll,pitch,tilt_delta",25.0,25.0,raw_25hz_time_aligned_to_uniform_25hz,adl_sliding_capped,199,200,,,dataset_unit_map,wrist,weda,m/s^2,rad/s,m/s^2,rad/s,1.0,1.0,True,test,non_fall,non_fall,3.5441619274934055e-06,none,forward,0.8221505880355835
w25_00004028,weda,C:\Users\ADMIN\Desktop\ds-fall\data\raw\WEDA-FALL-main\dataset\25Hz\D05\U04_R01_accel.csv,C:\Users\ADMIN\Desktop\ds-fall\data\raw\WEDA-FALL-main\dataset\25Hz,U04,D05_R01,D05,collapse_into_chair,collapse_into_chair,0,none,False,96,146,3.848,5.808,25.0,50,12,"ax,ay,az,gx,gy,gz,acc_mag,gyro_mag,jerk,roll,pitch,tilt_delta",25.0,25.0,raw_25hz_time_aligned_to_uniform_25hz,adl_sliding_capped,199,200,,,dataset_unit_map,wrist,weda,m/s^2,rad/s,m/s^2,rad/s,1.0,1.0,True,test,non_fall,non_fall,2.824302100634668e-06,none,backward,0.9172837138175964
w25_00004029,weda,C:\Users\ADMIN\Desktop\ds-fall\data\raw\WEDA-FALL-main\dataset\25Hz\D05\U04_R01_accel.csv,C:\Users\ADMIN\Desktop\ds-fall\data\raw\WEDA-FALL-main\dataset\25Hz,U04,D05_R01,D05,collapse_into_chair,collapse_into_chair,0,none,False,108,158,4.328,6.288,25.0,50,12,"ax,ay,az,gx,gy,gz,acc_mag,gyro_mag,jerk,roll,pitch,tilt_delta",25.0,25.0,raw_25hz_time_aligned_to_uniform_25hz,adl_sliding_capped,199,200,,,dataset_unit_map,wrist,weda,m/s^2,rad/s,m/s^2,rad/s,1.0,1.0,True,test,non_fall,non_fall,4.8384015826741233e-05,none,backward,0.8141920566558838
w25_00004145,weda,C:\Users\ADMIN\Desktop\ds-fall\data\raw\WEDA-FALL-main\dataset\25Hz\D06\U04_R01_accel.csv,C:\Users\ADMIN\Desktop\ds-fall\data\raw\WEDA-FALL-main\dataset\25Hz,U04,D06_R01,D06,crouch_tie_shoes_stand,crouch_tie_shoes_stand,0,none,False,0,50,0.002,1.962,25.0,50,12,"ax,ay,az,gx,gy,gz,acc_mag,gyro_mag,jerk,roll,pitch,tilt_delta",25.0,25.0,raw_25hz_time_aligned_to_uniform_25hz,adl_sliding_capped,239,241,,,dataset_unit_map,wrist,weda,m/s^2,rad/s,m/s^2,rad/s,1.0,1.0,True,test,non_fall,non_fall,4.7003908548504114e-05,none,backward,0.7383324503898621
w25_00004146,weda,C:\Users\ADMIN\Desktop\ds-fall\data\raw\WEDA-FALL-main\dataset\25Hz\D06\U04_R01_accel.csv,C:\Users\ADMIN\Desktop\ds-fall\data\raw\WEDA-FALL-main\dataset\25Hz,U04,D06_R01,D06,crouch_tie_shoes_stand,crouch_tie_shoes_stand,0,none,False,12,62,0.482,2.4419999999999997,25.0,50,12,"ax,ay,az,gx,gy,gz,acc_mag,gyro_mag,jerk,roll,pitch,tilt_delta",25.0,25.0,raw_25hz_time_aligned_to_uniform_25hz,adl_sliding_capped,239,241,,,dataset_unit_map,wrist,weda,m/s^2,rad/s,m/s^2,rad/s,1.0,1.0,True,test,non_fall,non_fall,4.8396204874734394e-06,none,lateral,0.8040885329246521
w25_00004147,weda,C:\Users\ADMIN\Desktop\ds-fall\data\raw\WEDA-FALL-main\dataset\25Hz\D06\U04_R01_accel.csv,C:\Users\ADMIN\Desktop\ds-fall\data\raw\WEDA-FALL-main\dataset\25Hz,U04,D06_R01,D06,crouch_tie_shoes_stand,crouch_tie_shoes_stand,0,none,False,24,74,0.962,2.9219999999999997,25.0,50,12,"ax,ay,az,gx,gy,gz,acc_mag,gyro_mag,jerk,roll,pitch,tilt_delta",25.0,25.0,raw_25hz_time_aligned_to_uniform_25hz,adl_sliding_capped,239,241,,,dataset_unit_map,wrist,weda,m/s^2,rad/s,m/s^2,rad/s,1.0,1.0,True,test,non_fall,non_fall,0.00028517268947325647,none,lateral,0.6696740388870239
w25_00004148,weda,C:\Users\ADMIN\Desktop\ds-fall\data\raw\WEDA-FALL-main\dataset\25Hz\D06\U04_R01_accel.csv,C:\Users\ADMIN\Desktop\ds-fall\data\raw\WEDA-FALL-main\dataset\25Hz,U04,D06_R01,D06,crouch_tie_shoes_stand,crouch_tie_shoes_stand,0,none,False,36,86,1.442,3.4019999999999997,25.0,50,12,"ax,ay,az,gx,gy,gz,acc_mag,gyro_mag,jerk,roll,pitch,tilt_delta",25.0,25.0,raw_25hz_time_aligned_to_uniform_25hz,adl_sliding_capped,239,241,,,dataset_unit_map,wrist,weda,m/s^2,rad/s,m/s^2,rad/s,1.0,1.0,True,test,non_fall,non_fall,0.0033818604424595833,none,forward,0.9996278285980225
w25_00004149,weda,C:\Users\ADMIN\Desktop\ds-fall\data\raw\WEDA-FALL-main\dataset\25Hz\D06\U04_R01_accel.csv,C:\Users\ADMIN\Desktop\ds-fall\data\raw\WEDA-FALL-main\dataset\25Hz,U04,D06_R01,D06,crouch_tie_shoes_stand,crouch_tie_shoes_stand,0,none,False,48,98,1.922,3.8819999999999997,25.0,50,12,"ax,ay,az,gx,gy,gz,acc_mag,gyro_mag,jerk,roll,pitch,tilt_delta",25.0,25.0,raw_25hz_time_aligned_to_uniform_25hz,adl_sliding_capped,239,241,,,dataset_unit_map,wrist,weda,m/s^2,rad/s,m/s^2,rad/s,1.0,1.0,True,test,non_fall,non_fall,0.008041156455874443,none,forward,0.9997572302818298
w25_00004230,weda,C:\Users\ADMIN\Desktop\ds-fall\data\raw\WEDA-FALL-main\dataset\25Hz\D07\U04_R01_accel.csv,C:\Users\ADMIN\Desktop\ds-fall\data\raw\WEDA-FALL-main\dataset\25Hz,U04,D07_R01,D07,stumble_walking,stumble_walking,0,none,False,0,50,0.002,1.962,25.0,50,12,"ax,ay,az,gx,gy,gz,acc_mag,gyro_mag,jerk,roll,pitch,tilt_delta",25.0,25.0,raw_25hz_time_aligned_to_uniform_25hz,adl_sliding_capped,215,216,,,dataset_unit_map,wrist,weda,m/s^2,rad/s,m/s^2,rad/s,1.0,1.0,True,test,non_fall,non_fall,2.380825208092574e-06,none,backward,0.8983060121536255
w25_00004231,weda,C:\Users\ADMIN\Desktop\ds-fall\data\raw\WEDA-FALL-main\dataset\25Hz\D07\U04_R01_accel.csv,C:\Users\ADMIN\Desktop\ds-fall\data\raw\WEDA-FALL-main\dataset\25Hz,U04,D07_R01,D07,stumble_walking,stumble_walking,0,none,False,12,62,0.482,2.4419999999999997,25.0,50,12,"ax,ay,az,gx,gy,gz,acc_mag,gyro_mag,jerk,roll,pitch,tilt_delta",25.0,25.0,raw_25hz_time_aligned_to_uniform_25hz,adl_sliding_capped,215,216,,,dataset_unit_map,wrist,weda,m/s^2,rad/s,m/s^2,rad/s,1.0,1.0,True,test,non_fall,non_fall,2.4780320018180646e-08,none,backward,0.9532719254493713
w25_00004232,weda,C:\Users\ADMIN\Desktop\ds-fall\data\raw\WEDA-FALL-main\dataset\25Hz\D07\U04_R01_accel.csv,C:\Users\ADMIN\Desktop\ds-fall\data\raw\WEDA-FALL-main\dataset\25Hz,U04,D07_R01,D07,stumble_walking,stumble_walking,0,none,False,24,74,0.962,2.9219999999999997,25.0,50,12,"ax,ay,az,gx,gy,gz,acc_mag,gyro_mag,jerk,roll,pitch,tilt_delta",25.0,25.0,raw_25hz_time_aligned_to_uniform_25hz,adl_sliding_capped,215,216,,,dataset_unit_map,wrist,weda,m/s^2,rad/s,m/s^2,rad/s,1.0,1.0,True,test,non_fall,non_fall,3.393644476545887e-08,none,forward,0.5205127000808716
w25_00004233,weda,C:\Users\ADMIN\Desktop\ds-fall\data\raw\WEDA-FALL-main\dataset\25Hz\D07\U04_R01_accel.csv,C:\Users\ADMIN\Desktop\ds-fall\data\raw\WEDA-FALL-main\dataset\25Hz,U04,D07_R01,D07,stumble_walking,stumble_walking,0,none,False,36,86,1.442,3.4019999999999997,25.0,50,12,"ax,ay,az,gx,gy,gz,acc_mag,gyro_mag,jerk,roll,pitch,tilt_delta",25.0,25.0,raw_25hz_time_aligned_to_uniform_25hz,adl_sliding_capped,215,216,,,dataset_unit_map,wrist,weda,m/s^2,rad/s,m/s^2,rad/s,1.0,1.0,True,test,non_fall,non_fall,1.2797224258065398e-07,none,forward,0.7116915583610535
w25_00004234,weda,C:\Users\ADMIN\Desktop\ds-fall\data\raw\WEDA-FALL-main\dataset\25Hz\D07\U04_R01_accel.csv,C:\Users\ADMIN\Desktop\ds-fall\data\raw\WEDA-FALL-main\dataset\25Hz,U04,D07_R01,D07,stumble_walking,stumble_walking,0,none,False,48,98,1.922,3.8819999999999997,25.0,50,12,"ax,ay,az,gx,gy,gz,acc_mag,gyro_mag,jerk,roll,pitch,tilt_delta",25.0,25.0,raw_25hz_time_aligned_to_uniform_25hz,adl_sliding_capped,215,216,,,dataset_unit_map,wrist,weda,m/s^2,rad/s,m/s^2,rad/s,1.0,1.0,True,test,non_fall,non_fall,3.3047666647689766e-07,none,forward,0.9550181031227112
w25_00004235,weda,C:\Users\ADMIN\Desktop\ds-fall\data\raw\WEDA-FALL-main\dataset\25Hz\D07\U04_R01_accel.csv,C:\Users\ADMIN\Desktop\ds-fall\data\raw\WEDA-FALL-main\dataset\25Hz,U04,D07_R01,D07,stumble_walking,stumble_walking,0,none,False,60,110,2.4019999999999997,4.362,25.0,50,12,"ax,ay,az,gx,gy,gz,acc_mag,gyro_mag,jerk,roll,pitch,tilt_delta",25.0,25.0,raw_25hz_time_aligned_to_uniform_25hz,adl_sliding_capped,215,216,,,dataset_unit_map,wrist,weda,m/s^2,rad/s,m/s^2,rad/s,1.0,1.0,True,test,non_fall,non_fall,3.414698710457742e-07,none,forward,0.9534571170806885
w25_00004236,weda,C:\Users\ADMIN\Desktop\ds-fall\data\raw\WEDA-FALL-main\dataset\25Hz\D07\U04_R01_accel.csv,C:\Users\ADMIN\Desktop\ds-fall\data\raw\WEDA-FALL-main\dataset\25Hz,U04,D07_R01,D07,stumble_walking,stumble_walking,0,none,False,72,122,2.8819999999999997,4.842,25.0,50,12,"ax,ay,az,gx,gy,gz,acc_mag,gyro_mag,jerk,roll,pitch,tilt_delta",25.0,25.0,raw_25hz_time_aligned_to_uniform_25hz,adl_sliding_capped,215,216,,,dataset_unit_map,wrist,weda,m/s^2,rad/s,m/s^2,rad/s,1.0,1.0,True,test,non_fall,non_fall,6.939096124369826e-07,none,backward,0.8623225092887878
w25_00004237,weda,C:\Users\ADMIN\Desktop\ds-fall\data\raw\WEDA-FALL-main\dataset\25Hz\D07\U04_R01_accel.csv,C:\Users\ADMIN\Desktop\ds-fall\data\raw\WEDA-FALL-main\dataset\25Hz,U04,D07_R01,D07,stumble_walking,stumble_walking,0,none,False,84,134,3.3619999999999997,5.322,25.0,50,12,"ax,ay,az,gx,gy,gz,acc_mag,gyro_mag,jerk,roll,pitch,tilt_delta",25.0,25.0,raw_25hz_time_aligned_to_uniform_25hz,adl_sliding_capped,215,216,,,dataset_unit_map,wrist,weda,m/s^2,rad/s,m/s^2,rad/s,1.0,1.0,True,test,non_fall,non_fall,1.8073744456614804e-07,none,backward,0.896102786064148
w25_00004238,weda,C:\Users\ADMIN\Desktop\ds-fall\data\raw\WEDA-FALL-main\dataset\25Hz\D07\U04_R01_accel.csv,C:\Users\ADMIN\Desktop\ds-fall\data\raw\WEDA-FALL-main\dataset\25Hz,U04,D07_R01,D07,stumble_walking,stumble_walking,0,none,False,96,146,3.8419999999999996,5.802,25.0,50,12,"ax,ay,az,gx,gy,gz,acc_mag,gyro_mag,jerk,roll,pitch,tilt_delta",25.0,25.0,raw_25hz_time_aligned_to_uniform_25hz,adl_sliding_capped,215,216,,,dataset_unit_map,wrist,weda,m/s^2,rad/s,m/s^2,rad/s,1.0,1.0,True,test,non_fall,non_fall,2.30250748245453e-07,none,backward,0.9764742255210876
w25_00004239,weda,C:\Users\ADMIN\Desktop\ds-fall\data\raw\WEDA-FALL-main\dataset\25Hz\D07\U04_R01_accel.csv,C:\Users\ADMIN\Desktop\ds-fall\data\raw\WEDA-FALL-main\dataset\25Hz,U04,D07_R01,D07,stumble_walking,stumble_walking,0,none,False,108,158,4.322,6.282,25.0,50,12,"ax,ay,az,gx,gy,gz,acc_mag,gyro_mag,jerk,roll,pitch,tilt_delta",25.0,25.0,raw_25hz_time_aligned_to_uniform_25hz,adl_sliding_capped,215,216,,,dataset_unit_map,wrist,weda,m/s^2,rad/s,m/s^2,rad/s,1.0,1.0,True,test,non_fall,non_fall,2.6337446001889475e-07,none,backward,0.9943563342094421
w25_00004370,weda,C:\Users\ADMIN\Desktop\ds-fall\data\raw\WEDA-FALL-main\dataset\25Hz\D08\U04_R01_accel.csv,C:\Users\ADMIN\Desktop\ds-fall\data\raw\WEDA-FALL-main\dataset\25Hz,U04,D08_R01,D08,gentle_jump,gentle_jump,0,none,False,0,50,0.001,1.9609999999999999,25.0,50,12,"ax,ay,az,gx,gy,gz,acc_mag,gyro_mag,jerk,roll,pitch,tilt_delta",25.0,25.0,raw_25hz_time_aligned_to_uniform_25hz,adl_sliding_capped,123,123,,,dataset_unit_map,wrist,weda,m/s^2,rad/s,m/s^2,rad/s,1.0,1.0,True,test,non_fall,non_fall,4.579763754009036e-06,none,backward,0.894946277141571
w25_00004371,weda,C:\Users\ADMIN\Desktop\ds-fall\data\raw\WEDA-FALL-main\dataset\25Hz\D08\U04_R01_accel.csv,C:\Users\ADMIN\Desktop\ds-fall\data\raw\WEDA-FALL-main\dataset\25Hz,U04,D08_R01,D08,gentle_jump,gentle_jump,0,none,False,12,62,0.481,2.441,25.0,50,12,"ax,ay,az,gx,gy,gz,acc_mag,gyro_mag,jerk,roll,pitch,tilt_delta",25.0,25.0,raw_25hz_time_aligned_to_uniform_25hz,adl_sliding_capped,123,123,,,dataset_unit_map,wrist,weda,m/s^2,rad/s,m/s^2,rad/s,1.0,1.0,True,test,non_fall,non_fall,0.00878842081874609,none,backward,0.5408183932304382
w25_00004372,weda,C:\Users\ADMIN\Desktop\ds-fall\data\raw\WEDA-FALL-main\dataset\25Hz\D08\U04_R01_accel.csv,C:\Users\ADMIN\Desktop\ds-fall\data\raw\WEDA-FALL-main\dataset\25Hz,U04,D08_R01,D08,gentle_jump,gentle_jump,0,none,False,24,74,0.961,2.921,25.0,50,12,"ax,ay,az,gx,gy,gz,acc_mag,gyro_mag,jerk,roll,pitch,tilt_delta",25.0,25.0,raw_25hz_time_aligned_to_uniform_25hz,adl_sliding_capped,123,123,,,dataset_unit_map,wrist,weda,m/s^2,rad/s,m/s^2,rad/s,1.0,1.0,True,test,non_fall,fall,0.9740342497825623,none,forward,0.9037454724311829
w25_00004373,weda,C:\Users\ADMIN\Desktop\ds-fall\data\raw\WEDA-FALL-main\dataset\25Hz\D08\U04_R01_accel.csv,C:\Users\ADMIN\Desktop\ds-fall\data\raw\WEDA-FALL-main\dataset\25Hz,U04,D08_R01,D08,gentle_jump,gentle_jump,0,none,False,36,86,1.4409999999999998,3.401,25.0,50,12,"ax,ay,az,gx,gy,gz,acc_mag,gyro_mag,jerk,roll,pitch,tilt_delta",25.0,25.0,raw_25hz_time_aligned_to_uniform_25hz,adl_sliding_capped,123,123,,,dataset_unit_map,wrist,weda,m/s^2,rad/s,m/s^2,rad/s,1.0,1.0,True,test,non_fall,fall,0.987775444984436,none,forward,0.9566596746444702
w25_00004374,weda,C:\Users\ADMIN\Desktop\ds-fall\data\raw\WEDA-FALL-main\dataset\25Hz\D08\U04_R01_accel.csv,C:\Users\ADMIN\Desktop\ds-fall\data\raw\WEDA-FALL-main\dataset\25Hz,U04,D08_R01,D08,gentle_jump,gentle_jump,0,none,False,48,98,1.9209999999999998,3.881,25.0,50,12,"ax,ay,az,gx,gy,gz,acc_mag,gyro_mag,jerk,roll,pitch,tilt_delta",25.0,25.0,raw_25hz_time_aligned_to_uniform_25hz,adl_sliding_capped,123,123,,,dataset_unit_map,wrist,weda,m/s^2,rad/s,m/s^2,rad/s,1.0,1.0,True,test,non_fall,fall,0.9952911138534546,none,forward,0.9227498173713684
w25_00004375,weda,C:\Users\ADMIN\Desktop\ds-fall\data\raw\WEDA-FALL-main\dataset\25Hz\D08\U04_R01_accel.csv,C:\Users\ADMIN\Desktop\ds-fall\data\raw\WEDA-FALL-main\dataset\25Hz,U04,D08_R01,D08,gentle_jump,gentle_jump,0,none,False,60,110,2.401,4.361000000000001,25.0,50,12,"ax,ay,az,gx,gy,gz,acc_mag,gyro_mag,jerk,roll,pitch,tilt_delta",25.0,25.0,raw_25hz_time_aligned_to_uniform_25hz,adl_sliding_capped,123,123,,,dataset_unit_map,wrist,weda,m/s^2,rad/s,m/s^2,rad/s,1.0,1.0,True,test,non_fall,non_fall,0.18016743659973145,none,backward,0.9817103743553162
w25_00004376,weda,C:\Users\ADMIN\Desktop\ds-fall\data\raw\WEDA-FALL-main\dataset\25Hz\D08\U04_R01_accel.csv,C:\Users\ADMIN\Desktop\ds-fall\data\raw\WEDA-FALL-main\dataset\25Hz,U04,D08_R01,D08,gentle_jump,gentle_jump,0,none,False,72,122,2.881,4.841,25.0,50,12,"ax,ay,az,gx,gy,gz,acc_mag,gyro_mag,jerk,roll,pitch,tilt_delta",25.0,25.0,raw_25hz_time_aligned_to_uniform_25hz,adl_sliding_capped,123,123,,,dataset_unit_map,wrist,weda,m/s^2,rad/s,m/s^2,rad/s,1.0,1.0,True,test,non_fall,non_fall,7.116574124665931e-06,none,backward,0.9921433925628662
w25_00004377,weda,C:\Users\ADMIN\Desktop\ds-fall\data\raw\WEDA-FALL-main\dataset\25Hz\D08\U04_R02_accel.csv,C:\Users\ADMIN\Desktop\ds-fall\data\raw\WEDA-FALL-main\dataset\25Hz,U04,D08_R02,D08,gentle_jump,gentle_jump,0,none,False,0,50,0.001,1.9609999999999999,25.0,50,12,"ax,ay,az,gx,gy,gz,acc_mag,gyro_mag,jerk,roll,pitch,tilt_delta",25.0,25.0,raw_25hz_time_aligned_to_uniform_25hz,adl_sliding_capped,101,101,,,dataset_unit_map,wrist,weda,m/s^2,rad/s,m/s^2,rad/s,1.0,1.0,True,test,non_fall,fall,0.9999047517776489,none,backward,0.9671537280082703
w25_00004378,weda,C:\Users\ADMIN\Desktop\ds-fall\data\raw\WEDA-FALL-main\dataset\25Hz\D08\U04_R02_accel.csv,C:\Users\ADMIN\Desktop\ds-fall\data\raw\WEDA-FALL-main\dataset\25Hz,U04,D08_R02,D08,gentle_jump,gentle_jump,0,none,False,12,62,0.481,2.441,25.0,50,12,"ax,ay,az,gx,gy,gz,acc_mag,gyro_mag,jerk,roll,pitch,tilt_delta",25.0,25.0,raw_25hz_time_aligned_to_uniform_25hz,adl_sliding_capped,101,101,,,dataset_unit_map,wrist,weda,m/s^2,rad/s,m/s^2,rad/s,1.0,1.0,True,test,non_fall,fall,0.9995113611221313,none,backward,0.9983053207397461
w25_00004379,weda,C:\Users\ADMIN\Desktop\ds-fall\data\raw\WEDA-FALL-main\dataset\25Hz\D08\U04_R02_accel.csv,C:\Users\ADMIN\Desktop\ds-fall\data\raw\WEDA-FALL-main\dataset\25Hz,U04,D08_R02,D08,gentle_jump,gentle_jump,0,none,False,24,74,0.961,2.921,25.0,50,12,"ax,ay,az,gx,gy,gz,acc_mag,gyro_mag,jerk,roll,pitch,tilt_delta",25.0,25.0,raw_25hz_time_aligned_to_uniform_25hz,adl_sliding_capped,101,101,,,dataset_unit_map,wrist,weda,m/s^2,rad/s,m/s^2,rad/s,1.0,1.0,True,test,non_fall,fall,0.9995891451835632,none,backward,0.9909499287605286
w25_00004510,weda,C:\Users\ADMIN\Desktop\ds-fall\data\raw\WEDA-FALL-main\dataset\25Hz\D09\U04_R01_accel.csv,C:\Users\ADMIN\Desktop\ds-fall\data\raw\WEDA-FALL-main\dataset\25Hz,U04,D09_R01,D09,hit_table_with_hand,hit_table_with_hand,0,none,False,0,50,0.002,1.962,25.0,50,12,"ax,ay,az,gx,gy,gz,acc_mag,gyro_mag,jerk,roll,pitch,tilt_delta",25.0,25.0,raw_25hz_time_aligned_to_uniform_25hz,adl_sliding_capped,124,124,,,dataset_unit_map,wrist,weda,m/s^2,rad/s,m/s^2,rad/s,1.0,1.0,True,test,non_fall,non_fall,3.7541882193181664e-05,none,backward,0.9853926301002502
w25_00004511,weda,C:\Users\ADMIN\Desktop\ds-fall\data\raw\WEDA-FALL-main\dataset\25Hz\D09\U04_R01_accel.csv,C:\Users\ADMIN\Desktop\ds-fall\data\raw\WEDA-FALL-main\dataset\25Hz,U04,D09_R01,D09,hit_table_with_hand,hit_table_with_hand,0,none,False,12,62,0.482,2.4419999999999997,25.0,50,12,"ax,ay,az,gx,gy,gz,acc_mag,gyro_mag,jerk,roll,pitch,tilt_delta",25.0,25.0,raw_25hz_time_aligned_to_uniform_25hz,adl_sliding_capped,124,124,,,dataset_unit_map,wrist,weda,m/s^2,rad/s,m/s^2,rad/s,1.0,1.0,True,test,non_fall,non_fall,1.2409192784446077e-08,none,backward,0.9936017394065857
w25_00004512,weda,C:\Users\ADMIN\Desktop\ds-fall\data\raw\WEDA-FALL-main\dataset\25Hz\D09\U04_R01_accel.csv,C:\Users\ADMIN\Desktop\ds-fall\data\raw\WEDA-FALL-main\dataset\25Hz,U04,D09_R01,D09,hit_table_with_hand,hit_table_with_hand,0,none,False,24,74,0.962,2.9219999999999997,25.0,50,12,"ax,ay,az,gx,gy,gz,acc_mag,gyro_mag,jerk,roll,pitch,tilt_delta",25.0,25.0,raw_25hz_time_aligned_to_uniform_25hz,adl_sliding_capped,124,124,,,dataset_unit_map,wrist,weda,m/s^2,rad/s,m/s^2,rad/s,1.0,1.0,True,test,non_fall,non_fall,1.9781234641413903e-06,none,backward,0.9929026961326599
w25_00004513,weda,C:\Users\ADMIN\Desktop\ds-fall\data\raw\WEDA-FALL-main\dataset\25Hz\D09\U04_R01_accel.csv,C:\Users\ADMIN\Desktop\ds-fall\data\raw\WEDA-FALL-main\dataset\25Hz,U04,D09_R01,D09,hit_table_with_hand,hit_table_with_hand,0,none,False,36,86,1.442,3.4019999999999997,25.0,50,12,"ax,ay,az,gx,gy,gz,acc_mag,gyro_mag,jerk,roll,pitch,tilt_delta",25.0,25.0,raw_25hz_time_aligned_to_uniform_25hz,adl_sliding_capped,124,124,,,dataset_unit_map,wrist,weda,m/s^2,rad/s,m/s^2,rad/s,1.0,1.0,True,test,non_fall,non_fall,3.863515757984715e-06,none,backward,0.5935042500495911
w25_00004514,weda,C:\Users\ADMIN\Desktop\ds-fall\data\raw\WEDA-FALL-main\dataset\25Hz\D09\U04_R01_accel.csv,C:\Users\ADMIN\Desktop\ds-fall\data\raw\WEDA-FALL-main\dataset\25Hz,U04,D09_R01,D09,hit_table_with_hand,hit_table_with_hand,0,none,False,48,98,1.922,3.8819999999999997,25.0,50,12,"ax,ay,az,gx,gy,gz,acc_mag,gyro_mag,jerk,roll,pitch,tilt_delta",25.0,25.0,raw_25hz_time_aligned_to_uniform_25hz,adl_sliding_capped,124,124,,,dataset_unit_map,wrist,weda,m/s^2,rad/s,m/s^2,rad/s,1.0,1.0,True,test,non_fall,non_fall,9.111022518482059e-05,none,backward,0.6837124824523926
w25_00004515,weda,C:\Users\ADMIN\Desktop\ds-fall\data\raw\WEDA-FALL-main\dataset\25Hz\D09\U04_R01_accel.csv,C:\Users\ADMIN\Desktop\ds-fall\data\raw\WEDA-FALL-main\dataset\25Hz,U04,D09_R01,D09,hit_table_with_hand,hit_table_with_hand,0,none,False,60,110,2.4019999999999997,4.362,25.0,50,12,"ax,ay,az,gx,gy,gz,acc_mag,gyro_mag,jerk,roll,pitch,tilt_delta",25.0,25.0,raw_25hz_time_aligned_to_uniform_25hz,adl_sliding_capped,124,124,,,dataset_unit_map,wrist,weda,m/s^2,rad/s,m/s^2,rad/s,1.0,1.0,True,test,non_fall,non_fall,0.0027452148497104645,none,lateral,0.6023073792457581
w25_00004516,weda,C:\Users\ADMIN\Desktop\ds-fall\data\raw\WEDA-FALL-main\dataset\25Hz\D09\U04_R01_accel.csv,C:\Users\ADMIN\Desktop\ds-fall\data\raw\WEDA-FALL-main\dataset\25Hz,U04,D09_R01,D09,hit_table_with_hand,hit_table_with_hand,0,none,False,72,122,2.8819999999999997,4.842,25.0,50,12,"ax,ay,az,gx,gy,gz,acc_mag,gyro_mag,jerk,roll,pitch,tilt_delta",25.0,25.0,raw_25hz_time_aligned_to_uniform_25hz,adl_sliding_capped,124,124,,,dataset_unit_map,wrist,weda,m/s^2,rad/s,m/s^2,rad/s,1.0,1.0,True,test,non_fall,non_fall,0.00018231637659482658,none,backward,0.9539913535118103
w25_00004517,weda,C:\Users\ADMIN\Desktop\ds-fall\data\raw\WEDA-FALL-main\dataset\25Hz\D09\U04_R02_accel.csv,C:\Users\ADMIN\Desktop\ds-fall\data\raw\WEDA-FALL-main\dataset\25Hz,U04,D09_R02,D09,hit_table_with_hand,hit_table_with_hand,0,none,False,0,50,0.002,1.962,25.0,50,12,"ax,ay,az,gx,gy,gz,acc_mag,gyro_mag,jerk,roll,pitch,tilt_delta",25.0,25.0,raw_25hz_time_aligned_to_uniform_25hz,adl_sliding_capped,81,82,,,dataset_unit_map,wrist,weda,m/s^2,rad/s,m/s^2,rad/s,1.0,1.0,True,test,non_fall,non_fall,7.337381248362362e-06,none,backward,0.7477596402168274
w25_00004518,weda,C:\Users\ADMIN\Desktop\ds-fall\data\raw\WEDA-FALL-main\dataset\25Hz\D09\U04_R02_accel.csv,C:\Users\ADMIN\Desktop\ds-fall\data\raw\WEDA-FALL-main\dataset\25Hz,U04,D09_R02,D09,hit_table_with_hand,hit_table_with_hand,0,none,False,12,62,0.482,2.4419999999999997,25.0,50,12,"ax,ay,az,gx,gy,gz,acc_mag,gyro_mag,jerk,roll,pitch,tilt_delta",25.0,25.0,raw_25hz_time_aligned_to_uniform_25hz,adl_sliding_capped,81,82,,,dataset_unit_map,wrist,weda,m/s^2,rad/s,m/s^2,rad/s,1.0,1.0,True,test,non_fall,non_fall,0.00012038808199577034,none,forward,0.8151921629905701
w25_00004519,weda,C:\Users\ADMIN\Desktop\ds-fall\data\raw\WEDA-FALL-main\dataset\25Hz\D09\U04_R02_accel.csv,C:\Users\ADMIN\Desktop\ds-fall\data\raw\WEDA-FALL-main\dataset\25Hz,U04,D09_R02,D09,hit_table_with_hand,hit_table_with_hand,0,none,False,24,74,0.962,2.9219999999999997,25.0,50,12,"ax,ay,az,gx,gy,gz,acc_mag,gyro_mag,jerk,roll,pitch,tilt_delta",25.0,25.0,raw_25hz_time_aligned_to_uniform_25hz,adl_sliding_capped,81,82,,,dataset_unit_map,wrist,weda,m/s^2,rad/s,m/s^2,rad/s,1.0,1.0,True,test,non_fall,non_fall,0.1108253225684166,none,forward,0.5451198220252991
w25_00004650,weda,C:\Users\ADMIN\Desktop\ds-fall\data\raw\WEDA-FALL-main\dataset\25Hz\D09\U24_R01_accel.csv,C:\Users\ADMIN\Desktop\ds-fall\data\raw\WEDA-FALL-main\dataset\25Hz,U24,D09_R01,D09,hit_table_with_hand,hit_table_with_hand,0,none,False,0,50,0.002,1.962,25.0,50,12,"ax,ay,az,gx,gy,gz,acc_mag,gyro_mag,jerk,roll,pitch,tilt_delta",25.0,25.0,raw_25hz_time_aligned_to_uniform_25hz,adl_sliding_capped,118,119,,,dataset_unit_map,wrist,weda,m/s^2,rad/s,m/s^2,rad/s,1.0,1.0,True,test,non_fall,non_fall,6.389769623638131e-06,none,backward,0.9942691326141357
w25_00004651,weda,C:\Users\ADMIN\Desktop\ds-fall\data\raw\WEDA-FALL-main\dataset\25Hz\D09\U24_R01_accel.csv,C:\Users\ADMIN\Desktop\ds-fall\data\raw\WEDA-FALL-main\dataset\25Hz,U24,D09_R01,D09,hit_table_with_hand,hit_table_with_hand,0,none,False,12,62,0.482,2.4419999999999997,25.0,50,12,"ax,ay,az,gx,gy,gz,acc_mag,gyro_mag,jerk,roll,pitch,tilt_delta",25.0,25.0,raw_25hz_time_aligned_to_uniform_25hz,adl_sliding_capped,118,119,,,dataset_unit_map,wrist,weda,m/s^2,rad/s,m/s^2,rad/s,1.0,1.0,True,test,non_fall,non_fall,6.466834747698158e-06,none,backward,0.9904719591140747
w25_00004652,weda,C:\Users\ADMIN\Desktop\ds-fall\data\raw\WEDA-FALL-main\dataset\25Hz\D09\U24_R01_accel.csv,C:\Users\ADMIN\Desktop\ds-fall\data\raw\WEDA-FALL-main\dataset\25Hz,U24,D09_R01,D09,hit_table_with_hand,hit_table_with_hand,0,none,False,24,74,0.962,2.9219999999999997,25.0,50,12,"ax,ay,az,gx,gy,gz,acc_mag,gyro_mag,jerk,roll,pitch,tilt_delta",25.0,25.0,raw_25hz_time_aligned_to_uniform_25hz,adl_sliding_capped,118,119,,,dataset_unit_map,wrist,weda,m/s^2,rad/s,m/s^2,rad/s,1.0,1.0,True,test,non_fall,non_fall,8.706623702892102e-06,none,backward,0.9907469749450684
w25_00004653,weda,C:\Users\ADMIN\Desktop\ds-fall\data\raw\WEDA-FALL-main\dataset\25Hz\D09\U24_R01_accel.csv,C:\Users\ADMIN\Desktop\ds-fall\data\raw\WEDA-FALL-main\dataset\25Hz,U24,D09_R01,D09,hit_table_with_hand,hit_table_with_hand,0,none,False,36,86,1.442,3.4019999999999997,25.0,50,12,"ax,ay,az,gx,gy,gz,acc_mag,gyro_mag,jerk,roll,pitch,tilt_delta",25.0,25.0,raw_25hz_time_aligned_to_uniform_25hz,adl_sliding_capped,118,119,,,dataset_unit_map,wrist,weda,m/s^2,rad/s,m/s^2,rad/s,1.0,1.0,True,test,non_fall,non_fall,1.946819065778982e-05,none,backward,0.9827118515968323
w25_00004654,weda,C:\Users\ADMIN\Desktop\ds-fall\data\raw\WEDA-FALL-main\dataset\25Hz\D09\U24_R01_accel.csv,C:\Users\ADMIN\Desktop\ds-fall\data\raw\WEDA-FALL-main\dataset\25Hz,U24,D09_R01,D09,hit_table_with_hand,hit_table_with_hand,0,none,False,48,98,1.922,3.8819999999999997,25.0,50,12,"ax,ay,az,gx,gy,gz,acc_mag,gyro_mag,jerk,roll,pitch,tilt_delta",25.0,25.0,raw_25hz_time_aligned_to_uniform_25hz,adl_sliding_capped,118,119,,,dataset_unit_map,wrist,weda,m/s^2,rad/s,m/s^2,rad/s,1.0,1.0,True,test,non_fall,non_fall,0.00025133221060968935,none,backward,0.9884781241416931
w25_00004655,weda,C:\Users\ADMIN\Desktop\ds-fall\data\raw\WEDA-FALL-main\dataset\25Hz\D09\U24_R01_accel.csv,C:\Users\ADMIN\Desktop\ds-fall\data\raw\WEDA-FALL-main\dataset\25Hz,U24,D09_R01,D09,hit_table_with_hand,hit_table_with_hand,0,none,False,60,110,2.4019999999999997,4.362,25.0,50,12,"ax,ay,az,gx,gy,gz,acc_mag,gyro_mag,jerk,roll,pitch,tilt_delta",25.0,25.0,raw_25hz_time_aligned_to_uniform_25hz,adl_sliding_capped,118,119,,,dataset_unit_map,wrist,weda,m/s^2,rad/s,m/s^2,rad/s,1.0,1.0,True,test,non_fall,non_fall,4.2158793803537264e-05,none,backward,0.9900228381156921
w25_00004656,weda,C:\Users\ADMIN\Desktop\ds-fall\data\raw\WEDA-FALL-main\dataset\25Hz\D09\U24_R02_accel.csv,C:\Users\ADMIN\Desktop\ds-fall\data\raw\WEDA-FALL-main\dataset\25Hz,U24,D09_R02,D09,hit_table_with_hand,hit_table_with_hand,0,none,False,0,50,0.007,1.9669999999999999,25.0,50,12,"ax,ay,az,gx,gy,gz,acc_mag,gyro_mag,jerk,roll,pitch,tilt_delta",25.0,25.0,raw_25hz_time_aligned_to_uniform_25hz,adl_sliding_capped,138,138,,,dataset_unit_map,wrist,weda,m/s^2,rad/s,m/s^2,rad/s,1.0,1.0,True,test,non_fall,non_fall,3.0434737254836364e-06,none,backward,0.9949224591255188
w25_00004657,weda,C:\Users\ADMIN\Desktop\ds-fall\data\raw\WEDA-FALL-main\dataset\25Hz\D09\U24_R02_accel.csv,C:\Users\ADMIN\Desktop\ds-fall\data\raw\WEDA-FALL-main\dataset\25Hz,U24,D09_R02,D09,hit_table_with_hand,hit_table_with_hand,0,none,False,12,62,0.487,2.447,25.0,50,12,"ax,ay,az,gx,gy,gz,acc_mag,gyro_mag,jerk,roll,pitch,tilt_delta",25.0,25.0,raw_25hz_time_aligned_to_uniform_25hz,adl_sliding_capped,138,138,,,dataset_unit_map,wrist,weda,m/s^2,rad/s,m/s^2,rad/s,1.0,1.0,True,test,non_fall,non_fall,4.522585186350625e-06,none,backward,0.9935278296470642
w25_00004658,weda,C:\Users\ADMIN\Desktop\ds-fall\data\raw\WEDA-FALL-main\dataset\25Hz\D09\U24_R02_accel.csv,C:\Users\ADMIN\Desktop\ds-fall\data\raw\WEDA-FALL-main\dataset\25Hz,U24,D09_R02,D09,hit_table_with_hand,hit_table_with_hand,0,none,False,24,74,0.967,2.927,25.0,50,12,"ax,ay,az,gx,gy,gz,acc_mag,gyro_mag,jerk,roll,pitch,tilt_delta",25.0,25.0,raw_25hz_time_aligned_to_uniform_25hz,adl_sliding_capped,138,138,,,dataset_unit_map,wrist,weda,m/s^2,rad/s,m/s^2,rad/s,1.0,1.0,True,test,non_fall,non_fall,1.0686873793019913e-05,none,backward,0.9908273816108704
w25_00004659,weda,C:\Users\ADMIN\Desktop\ds-fall\data\raw\WEDA-FALL-main\dataset\25Hz\D09\U24_R02_accel.csv,C:\Users\ADMIN\Desktop\ds-fall\data\raw\WEDA-FALL-main\dataset\25Hz,U24,D09_R02,D09,hit_table_with_hand,hit_table_with_hand,0,none,False,36,86,1.4469999999999998,3.407,25.0,50,12,"ax,ay,az,gx,gy,gz,acc_mag,gyro_mag,jerk,roll,pitch,tilt_delta",25.0,25.0,raw_25hz_time_aligned_to_uniform_25hz,adl_sliding_capped,138,138,,,dataset_unit_map,wrist,weda,m/s^2,rad/s,m/s^2,rad/s,1.0,1.0,True,test,non_fall,non_fall,2.324615343241021e-05,none,backward,0.993579626083374
w25_00004660,weda,C:\Users\ADMIN\Desktop\ds-fall\data\raw\WEDA-FALL-main\dataset\25Hz\D09\U25_R01_accel.csv,C:\Users\ADMIN\Desktop\ds-fall\data\raw\WEDA-FALL-main\dataset\25Hz,U25,D09_R01,D09,hit_table_with_hand,hit_table_with_hand,0,none,False,0,50,0.078,2.038,25.0,50,12,"ax,ay,az,gx,gy,gz,acc_mag,gyro_mag,jerk,roll,pitch,tilt_delta",25.0,25.0,raw_25hz_time_aligned_to_uniform_25hz,adl_sliding_capped,124,123,,,dataset_unit_map,wrist,weda,m/s^2,rad/s,m/s^2,rad/s,1.0,1.0,True,test,non_fall,non_fall,1.531963221168553e-06,none,backward,0.9930548071861267
w25_00004661,weda,C:\Users\ADMIN\Desktop\ds-fall\data\raw\WEDA-FALL-main\dataset\25Hz\D09\U25_R01_accel.csv,C:\Users\ADMIN\Desktop\ds-fall\data\raw\WEDA-FALL-main\dataset\25Hz,U25,D09_R01,D09,hit_table_with_hand,hit_table_with_hand,0,none,False,12,62,0.5579999999999999,2.5179999999999993,25.0,50,12,"ax,ay,az,gx,gy,gz,acc_mag,gyro_mag,jerk,roll,pitch,tilt_delta",25.0,25.0,raw_25hz_time_aligned_to_uniform_25hz,adl_sliding_capped,124,123,,,dataset_unit_map,wrist,weda,m/s^2,rad/s,m/s^2,rad/s,1.0,1.0,True,test,non_fall,non_fall,7.69228449826187e-07,none,backward,0.9979802966117859
w25_00004662,weda,C:\Users\ADMIN\Desktop\ds-fall\data\raw\WEDA-FALL-main\dataset\25Hz\D09\U25_R01_accel.csv,C:\Users\ADMIN\Desktop\ds-fall\data\raw\WEDA-FALL-main\dataset\25Hz,U25,D09_R01,D09,hit_table_with_hand,hit_table_with_hand,0,none,False,24,74,1.0379999999999998,2.9979999999999993,25.0,50,12,"ax,ay,az,gx,gy,gz,acc_mag,gyro_mag,jerk,roll,pitch,tilt_delta",25.0,25.0,raw_25hz_time_aligned_to_uniform_25hz,adl_sliding_capped,124,123,,,dataset_unit_map,wrist,weda,m/s^2,rad/s,m/s^2,rad/s,1.0,1.0,True,test,non_fall,non_fall,1.2826993724956992e-06,none,backward,0.9972737431526184
w25_00004663,weda,C:\Users\ADMIN\Desktop\ds-fall\data\raw\WEDA-FALL-main\dataset\25Hz\D09\U25_R01_accel.csv,C:\Users\ADMIN\Desktop\ds-fall\data\raw\WEDA-FALL-main\dataset\25Hz,U25,D09_R01,D09,hit_table_with_hand,hit_table_with_hand,0,none,False,36,86,1.5179999999999998,3.4779999999999993,25.0,50,12,"ax,ay,az,gx,gy,gz,acc_mag,gyro_mag,jerk,roll,pitch,tilt_delta",25.0,25.0,raw_25hz_time_aligned_to_uniform_25hz,adl_sliding_capped,124,123,,,dataset_unit_map,wrist,weda,m/s^2,rad/s,m/s^2,rad/s,1.0,1.0,True,test,non_fall,non_fall,7.50854951547808e-07,none,backward,0.9980509281158447
w25_00004664,weda,C:\Users\ADMIN\Desktop\ds-fall\data\raw\WEDA-FALL-main\dataset\25Hz\D09\U25_R01_accel.csv,C:\Users\ADMIN\Desktop\ds-fall\data\raw\WEDA-FALL-main\dataset\25Hz,U25,D09_R01,D09,hit_table_with_hand,hit_table_with_hand,0,none,False,48,98,1.9979999999999998,3.9579999999999993,25.0,50,12,"ax,ay,az,gx,gy,gz,acc_mag,gyro_mag,jerk,roll,pitch,tilt_delta",25.0,25.0,raw_25hz_time_aligned_to_uniform_25hz,adl_sliding_capped,124,123,,,dataset_unit_map,wrist,weda,m/s^2,rad/s,m/s^2,rad/s,1.0,1.0,True,test,non_fall,non_fall,6.397963261406403e-07,none,backward,0.9969398975372314
w25_00004665,weda,C:\Users\ADMIN\Desktop\ds-fall\data\raw\WEDA-FALL-main\dataset\25Hz\D09\U25_R01_accel.csv,C:\Users\ADMIN\Desktop\ds-fall\data\raw\WEDA-FALL-main\dataset\25Hz,U25,D09_R01,D09,hit_table_with_hand,hit_table_with_hand,0,none,False,60,110,2.4779999999999993,4.438,25.0,50,12,"ax,ay,az,gx,gy,gz,acc_mag,gyro_mag,jerk,roll,pitch,tilt_delta",25.0,25.0,raw_25hz_time_aligned_to_uniform_25hz,adl_sliding_capped,124,123,,,dataset_unit_map,wrist,weda,m/s^2,rad/s,m/s^2,rad/s,1.0,1.0,True,test,non_fall,non_fall,6.503570944005332e-07,none,backward,0.9972510933876038
w25_00004666,weda,C:\Users\ADMIN\Desktop\ds-fall\data\raw\WEDA-FALL-main\dataset\25Hz\D09\U25_R01_accel.csv,C:\Users\ADMIN\Desktop\ds-fall\data\raw\WEDA-FALL-main\dataset\25Hz,U25,D09_R01,D09,hit_table_with_hand,hit_table_with_hand,0,none,False,72,122,2.9579999999999993,4.917999999999999,25.0,50,12,"ax,ay,az,gx,gy,gz,acc_mag,gyro_mag,jerk,roll,pitch,tilt_delta",25.0,25.0,raw_25hz_time_aligned_to_uniform_25hz,adl_sliding_capped,124,123,,,dataset_unit_map,wrist,weda,m/s^2,rad/s,m/s^2,rad/s,1.0,1.0,True,test,non_fall,non_fall,8.345444939550362e-07,none,backward,0.9978654980659485
w25_00004667,weda,C:\Users\ADMIN\Desktop\ds-fall\data\raw\WEDA-FALL-main\dataset\25Hz\D09\U25_R02_accel.csv,C:\Users\ADMIN\Desktop\ds-fall\data\raw\WEDA-FALL-main\dataset\25Hz,U25,D09_R02,D09,hit_table_with_hand,hit_table_with_hand,0,none,False,0,50,0.001,1.9609999999999999,25.0,50,12,"ax,ay,az,gx,gy,gz,acc_mag,gyro_mag,jerk,roll,pitch,tilt_delta",25.0,25.0,raw_25hz_time_aligned_to_uniform_25hz,adl_sliding_capped,104,104,,,dataset_unit_map,wrist,weda,m/s^2,rad/s,m/s^2,rad/s,1.0,1.0,True,test,non_fall,non_fall,2.2299944646420045e-07,none,backward,0.9969971179962158
w25_00004668,weda,C:\Users\ADMIN\Desktop\ds-fall\data\raw\WEDA-FALL-main\dataset\25Hz\D09\U25_R02_accel.csv,C:\Users\ADMIN\Desktop\ds-fall\data\raw\WEDA-FALL-main\dataset\25Hz,U25,D09_R02,D09,hit_table_with_hand,hit_table_with_hand,0,none,False,12,62,0.481,2.441,25.0,50,12,"ax,ay,az,gx,gy,gz,acc_mag,gyro_mag,jerk,roll,pitch,tilt_delta",25.0,25.0,raw_25hz_time_aligned_to_uniform_25hz,adl_sliding_capped,104,104,,,dataset_unit_map,wrist,weda,m/s^2,rad/s,m/s^2,rad/s,1.0,1.0,True,test,non_fall,non_fall,2.191582950672455e-07,none,backward,0.997219443321228
w25_00004669,weda,C:\Users\ADMIN\Desktop\ds-fall\data\raw\WEDA-FALL-main\dataset\25Hz\D09\U25_R02_accel.csv,C:\Users\ADMIN\Desktop\ds-fall\data\raw\WEDA-FALL-main\dataset\25Hz,U25,D09_R02,D09,hit_table_with_hand,hit_table_with_hand,0,none,False,24,74,0.961,2.921,25.0,50,12,"ax,ay,az,gx,gy,gz,acc_mag,gyro_mag,jerk,roll,pitch,tilt_delta",25.0,25.0,raw_25hz_time_aligned_to_uniform_25hz,adl_sliding_capped,104,104,,,dataset_unit_map,wrist,weda,m/s^2,rad/s,m/s^2,rad/s,1.0,1.0,True,test,non_fall,non_fall,7.237206318677636e-07,none,backward,0.9969441294670105
w25_00004760,weda,C:\Users\ADMIN\Desktop\ds-fall\data\raw\WEDA-FALL-main\dataset\25Hz\D10\U04_R01_accel.csv,C:\Users\ADMIN\Desktop\ds-fall\data\raw\WEDA-FALL-main\dataset\25Hz,U04,D10_R01,D10,clapping_hands,clapping_hands,0,none,False,0,50,0.002,1.962,25.0,50,12,"ax,ay,az,gx,gy,gz,acc_mag,gyro_mag,jerk,roll,pitch,tilt_delta",25.0,25.0,raw_25hz_time_aligned_to_uniform_25hz,adl_sliding_capped,252,253,,,dataset_unit_map,wrist,weda,m/s^2,rad/s,m/s^2,rad/s,1.0,1.0,True,test,non_fall,fall,0.9882951974868774,none,backward,0.9949694275856018
w25_00004761,weda,C:\Users\ADMIN\Desktop\ds-fall\data\raw\WEDA-FALL-main\dataset\25Hz\D10\U04_R01_accel.csv,C:\Users\ADMIN\Desktop\ds-fall\data\raw\WEDA-FALL-main\dataset\25Hz,U04,D10_R01,D10,clapping_hands,clapping_hands,0,none,False,12,62,0.482,2.4419999999999997,25.0,50,12,"ax,ay,az,gx,gy,gz,acc_mag,gyro_mag,jerk,roll,pitch,tilt_delta",25.0,25.0,raw_25hz_time_aligned_to_uniform_25hz,adl_sliding_capped,252,253,,,dataset_unit_map,wrist,weda,m/s^2,rad/s,m/s^2,rad/s,1.0,1.0,True,test,non_fall,fall,0.9985635876655579,none,backward,0.9790520668029785
w25_00004762,weda,C:\Users\ADMIN\Desktop\ds-fall\data\raw\WEDA-FALL-main\dataset\25Hz\D10\U04_R01_accel.csv,C:\Users\ADMIN\Desktop\ds-fall\data\raw\WEDA-FALL-main\dataset\25Hz,U04,D10_R01,D10,clapping_hands,clapping_hands,0,none,False,24,74,0.962,2.9219999999999997,25.0,50,12,"ax,ay,az,gx,gy,gz,acc_mag,gyro_mag,jerk,roll,pitch,tilt_delta",25.0,25.0,raw_25hz_time_aligned_to_uniform_25hz,adl_sliding_capped,252,253,,,dataset_unit_map,wrist,weda,m/s^2,rad/s,m/s^2,rad/s,1.0,1.0,True,test,non_fall,fall,0.9928675889968872,none,backward,0.917674720287323
w25_00004763,weda,C:\Users\ADMIN\Desktop\ds-fall\data\raw\WEDA-FALL-main\dataset\25Hz\D10\U04_R01_accel.csv,C:\Users\ADMIN\Desktop\ds-fall\data\raw\WEDA-FALL-main\dataset\25Hz,U04,D10_R01,D10,clapping_hands,clapping_hands,0,none,False,36,86,1.442,3.4019999999999997,25.0,50,12,"ax,ay,az,gx,gy,gz,acc_mag,gyro_mag,jerk,roll,pitch,tilt_delta",25.0,25.0,raw_25hz_time_aligned_to_uniform_25hz,adl_sliding_capped,252,253,,,dataset_unit_map,wrist,weda,m/s^2,rad/s,m/s^2,rad/s,1.0,1.0,True,test,non_fall,fall,0.9480561017990112,none,backward,0.6946429014205933
w25_00004764,weda,C:\Users\ADMIN\Desktop\ds-fall\data\raw\WEDA-FALL-main\dataset\25Hz\D10\U04_R01_accel.csv,C:\Users\ADMIN\Desktop\ds-fall\data\raw\WEDA-FALL-main\dataset\25Hz,U04,D10_R01,D10,clapping_hands,clapping_hands,0,none,False,48,98,1.922,3.8819999999999997,25.0,50,12,"ax,ay,az,gx,gy,gz,acc_mag,gyro_mag,jerk,roll,pitch,tilt_delta",25.0,25.0,raw_25hz_time_aligned_to_uniform_25hz,adl_sliding_capped,252,253,,,dataset_unit_map,wrist,weda,m/s^2,rad/s,m/s^2,rad/s,1.0,1.0,True,test,non_fall,fall,0.7551336288452148,none,backward,0.9985747337341309
w25_00004765,weda,C:\Users\ADMIN\Desktop\ds-fall\data\raw\WEDA-FALL-main\dataset\25Hz\D10\U04_R01_accel.csv,C:\Users\ADMIN\Desktop\ds-fall\data\raw\WEDA-FALL-main\dataset\25Hz,U04,D10_R01,D10,clapping_hands,clapping_hands,0,none,False,60,110,2.4019999999999997,4.362,25.0,50,12,"ax,ay,az,gx,gy,gz,acc_mag,gyro_mag,jerk,roll,pitch,tilt_delta",25.0,25.0,raw_25hz_time_aligned_to_uniform_25hz,adl_sliding_capped,252,253,,,dataset_unit_map,wrist,weda,m/s^2,rad/s,m/s^2,rad/s,1.0,1.0,True,test,non_fall,non_fall,0.1781640648841858,none,backward,0.9998701810836792
w25_00004766,weda,C:\Users\ADMIN\Desktop\ds-fall\data\raw\WEDA-FALL-main\dataset\25Hz\D10\U04_R01_accel.csv,C:\Users\ADMIN\Desktop\ds-fall\data\raw\WEDA-FALL-main\dataset\25Hz,U04,D10_R01,D10,clapping_hands,clapping_hands,0,none,False,72,122,2.8819999999999997,4.842,25.0,50,12,"ax,ay,az,gx,gy,gz,acc_mag,gyro_mag,jerk,roll,pitch,tilt_delta",25.0,25.0,raw_25hz_time_aligned_to_uniform_25hz,adl_sliding_capped,252,253,,,dataset_unit_map,wrist,weda,m/s^2,rad/s,m/s^2,rad/s,1.0,1.0,True,test,non_fall,non_fall,0.020974688231945038,none,backward,0.9996860027313232
w25_00004767,weda,C:\Users\ADMIN\Desktop\ds-fall\data\raw\WEDA-FALL-main\dataset\25Hz\D10\U04_R01_accel.csv,C:\Users\ADMIN\Desktop\ds-fall\data\raw\WEDA-FALL-main\dataset\25Hz,U04,D10_R01,D10,clapping_hands,clapping_hands,0,none,False,84,134,3.3619999999999997,5.322,25.0,50,12,"ax,ay,az,gx,gy,gz,acc_mag,gyro_mag,jerk,roll,pitch,tilt_delta",25.0,25.0,raw_25hz_time_aligned_to_uniform_25hz,adl_sliding_capped,252,253,,,dataset_unit_map,wrist,weda,m/s^2,rad/s,m/s^2,rad/s,1.0,1.0,True,test,non_fall,non_fall,0.004822317510843277,none,backward,0.9993593096733093
w25_00004768,weda,C:\Users\ADMIN\Desktop\ds-fall\data\raw\WEDA-FALL-main\dataset\25Hz\D10\U04_R01_accel.csv,C:\Users\ADMIN\Desktop\ds-fall\data\raw\WEDA-FALL-main\dataset\25Hz,U04,D10_R01,D10,clapping_hands,clapping_hands,0,none,False,96,146,3.8419999999999996,5.802,25.0,50,12,"ax,ay,az,gx,gy,gz,acc_mag,gyro_mag,jerk,roll,pitch,tilt_delta",25.0,25.0,raw_25hz_time_aligned_to_uniform_25hz,adl_sliding_capped,252,253,,,dataset_unit_map,wrist,weda,m/s^2,rad/s,m/s^2,rad/s,1.0,1.0,True,test,non_fall,non_fall,2.498087496860535e-07,none,backward,0.999427318572998
w25_00004769,weda,C:\Users\ADMIN\Desktop\ds-fall\data\raw\WEDA-FALL-main\dataset\25Hz\D10\U04_R01_accel.csv,C:\Users\ADMIN\Desktop\ds-fall\data\raw\WEDA-FALL-main\dataset\25Hz,U04,D10_R01,D10,clapping_hands,clapping_hands,0,none,False,108,158,4.322,6.282,25.0,50,12,"ax,ay,az,gx,gy,gz,acc_mag,gyro_mag,jerk,roll,pitch,tilt_delta",25.0,25.0,raw_25hz_time_aligned_to_uniform_25hz,adl_sliding_capped,252,253,,,dataset_unit_map,wrist,weda,m/s^2,rad/s,m/s^2,rad/s,1.0,1.0,True,test,non_fall,non_fall,5.655704171658726e-07,none,backward,0.9994021654129028
w25_00004900,weda,C:\Users\ADMIN\Desktop\ds-fall\data\raw\WEDA-FALL-main\dataset\25Hz\D10\U24_R01_accel.csv,C:\Users\ADMIN\Desktop\ds-fall\data\raw\WEDA-FALL-main\dataset\25Hz,U24,D10_R01,D10,clapping_hands,clapping_hands,0,none,False,0,50,0.002,1.962,25.0,50,12,"ax,ay,az,gx,gy,gz,acc_mag,gyro_mag,jerk,roll,pitch,tilt_delta",25.0,25.0,raw_25hz_time_aligned_to_uniform_25hz,adl_sliding_capped,243,246,,,dataset_unit_map,wrist,weda,m/s^2,rad/s,m/s^2,rad/s,1.0,1.0,True,test,non_fall,non_fall,1.4708896287629614e-06,none,backward,0.9991829991340637
w25_00004901,weda,C:\Users\ADMIN\Desktop\ds-fall\data\raw\WEDA-FALL-main\dataset\25Hz\D10\U24_R01_accel.csv,C:\Users\ADMIN\Desktop\ds-fall\data\raw\WEDA-FALL-main\dataset\25Hz,U24,D10_R01,D10,clapping_hands,clapping_hands,0,none,False,12,62,0.482,2.4419999999999997,25.0,50,12,"ax,ay,az,gx,gy,gz,acc_mag,gyro_mag,jerk,roll,pitch,tilt_delta",25.0,25.0,raw_25hz_time_aligned_to_uniform_25hz,adl_sliding_capped,243,246,,,dataset_unit_map,wrist,weda,m/s^2,rad/s,m/s^2,rad/s,1.0,1.0,True,test,non_fall,non_fall,1.72506918261206e-06,none,backward,0.9979830980300903
w25_00004902,weda,C:\Users\ADMIN\Desktop\ds-fall\data\raw\WEDA-FALL-main\dataset\25Hz\D10\U24_R01_accel.csv,C:\Users\ADMIN\Desktop\ds-fall\data\raw\WEDA-FALL-main\dataset\25Hz,U24,D10_R01,D10,clapping_hands,clapping_hands,0,none,False,24,74,0.962,2.9219999999999997,25.0,50,12,"ax,ay,az,gx,gy,gz,acc_mag,gyro_mag,jerk,roll,pitch,tilt_delta",25.0,25.0,raw_25hz_time_aligned_to_uniform_25hz,adl_sliding_capped,243,246,,,dataset_unit_map,wrist,weda,m/s^2,rad/s,m/s^2,rad/s,1.0,1.0,True,test,non_fall,non_fall,9.30610156046896e-07,none,backward,0.9965141415596008
w25_00004903,weda,C:\Users\ADMIN\Desktop\ds-fall\data\raw\WEDA-FALL-main\dataset\25Hz\D10\U24_R01_accel.csv,C:\Users\ADMIN\Desktop\ds-fall\data\raw\WEDA-FALL-main\dataset\25Hz,U24,D10_R01,D10,clapping_hands,clapping_hands,0,none,False,36,86,1.442,3.4019999999999997,25.0,50,12,"ax,ay,az,gx,gy,gz,acc_mag,gyro_mag,jerk,roll,pitch,tilt_delta",25.0,25.0,raw_25hz_time_aligned_to_uniform_25hz,adl_sliding_capped,243,246,,,dataset_unit_map,wrist,weda,m/s^2,rad/s,m/s^2,rad/s,1.0,1.0,True,test,non_fall,non_fall,6.267065600695787e-06,none,backward,0.9922208189964294
w25_00004904,weda,C:\Users\ADMIN\Desktop\ds-fall\data\raw\WEDA-FALL-main\dataset\25Hz\D10\U24_R01_accel.csv,C:\Users\ADMIN\Desktop\ds-fall\data\raw\WEDA-FALL-main\dataset\25Hz,U24,D10_R01,D10,clapping_hands,clapping_hands,0,none,False,48,98,1.922,3.8819999999999997,25.0,50,12,"ax,ay,az,gx,gy,gz,acc_mag,gyro_mag,jerk,roll,pitch,tilt_delta",25.0,25.0,raw_25hz_time_aligned_to_uniform_25hz,adl_sliding_capped,243,246,,,dataset_unit_map,wrist,weda,m/s^2,rad/s,m/s^2,rad/s,1.0,1.0,True,test,non_fall,non_fall,7.301544883375755e-06,none,backward,0.9927903413772583
w25_00004905,weda,C:\Users\ADMIN\Desktop\ds-fall\data\raw\WEDA-FALL-main\dataset\25Hz\D10\U24_R01_accel.csv,C:\Users\ADMIN\Desktop\ds-fall\data\raw\WEDA-FALL-main\dataset\25Hz,U24,D10_R01,D10,clapping_hands,clapping_hands,0,none,False,60,110,2.4019999999999997,4.362,25.0,50,12,"ax,ay,az,gx,gy,gz,acc_mag,gyro_mag,jerk,roll,pitch,tilt_delta",25.0,25.0,raw_25hz_time_aligned_to_uniform_25hz,adl_sliding_capped,243,246,,,dataset_unit_map,wrist,weda,m/s^2,rad/s,m/s^2,rad/s,1.0,1.0,True,test,non_fall,non_fall,1.6873198546818458e-05,none,backward,0.9876400828361511
w25_00004906,weda,C:\Users\ADMIN\Desktop\ds-fall\data\raw\WEDA-FALL-main\dataset\25Hz\D10\U24_R01_accel.csv,C:\Users\ADMIN\Desktop\ds-fall\data\raw\WEDA-FALL-main\dataset\25Hz,U24,D10_R01,D10,clapping_hands,clapping_hands,0,none,False,72,122,2.8819999999999997,4.842,25.0,50,12,"ax,ay,az,gx,gy,gz,acc_mag,gyro_mag,jerk,roll,pitch,tilt_delta",25.0,25.0,raw_25hz_time_aligned_to_uniform_25hz,adl_sliding_capped,243,246,,,dataset_unit_map,wrist,weda,m/s^2,rad/s,m/s^2,rad/s,1.0,1.0,True,test,non_fall,non_fall,2.50665962084895e-05,none,backward,0.9893743395805359
w25_00004907,weda,C:\Users\ADMIN\Desktop\ds-fall\data\raw\WEDA-FALL-main\dataset\25Hz\D10\U24_R01_accel.csv,C:\Users\ADMIN\Desktop\ds-fall\data\raw\WEDA-FALL-main\dataset\25Hz,U24,D10_R01,D10,clapping_hands,clapping_hands,0,none,False,84,134,3.3619999999999997,5.322,25.0,50,12,"ax,ay,az,gx,gy,gz,acc_mag,gyro_mag,jerk,roll,pitch,tilt_delta",25.0,25.0,raw_25hz_time_aligned_to_uniform_25hz,adl_sliding_capped,243,246,,,dataset_unit_map,wrist,weda,m/s^2,rad/s,m/s^2,rad/s,1.0,1.0,True,test,non_fall,non_fall,4.08550977226696e-06,none,backward,0.9929060935974121
w25_00004908,weda,C:\Users\ADMIN\Desktop\ds-fall\data\raw\WEDA-FALL-main\dataset\25Hz\D10\U24_R01_accel.csv,C:\Users\ADMIN\Desktop\ds-fall\data\raw\WEDA-FALL-main\dataset\25Hz,U24,D10_R01,D10,clapping_hands,clapping_hands,0,none,False,96,146,3.8419999999999996,5.802,25.0,50,12,"ax,ay,az,gx,gy,gz,acc_mag,gyro_mag,jerk,roll,pitch,tilt_delta",25.0,25.0,raw_25hz_time_aligned_to_uniform_25hz,adl_sliding_capped,243,246,,,dataset_unit_map,wrist,weda,m/s^2,rad/s,m/s^2,rad/s,1.0,1.0,True,test,non_fall,non_fall,1.8736445781541988e-05,none,backward,0.9967971444129944
w25_00004909,weda,C:\Users\ADMIN\Desktop\ds-fall\data\raw\WEDA-FALL-main\dataset\25Hz\D10\U24_R01_accel.csv,C:\Users\ADMIN\Desktop\ds-fall\data\raw\WEDA-FALL-main\dataset\25Hz,U24,D10_R01,D10,clapping_hands,clapping_hands,0,none,False,108,158,4.322,6.282,25.0,50,12,"ax,ay,az,gx,gy,gz,acc_mag,gyro_mag,jerk,roll,pitch,tilt_delta",25.0,25.0,raw_25hz_time_aligned_to_uniform_25hz,adl_sliding_capped,243,246,,,dataset_unit_map,wrist,weda,m/s^2,rad/s,m/s^2,rad/s,1.0,1.0,True,test,non_fall,non_fall,1.5932661199258291e-06,none,backward,0.9955964684486389
w25_00004910,weda,C:\Users\ADMIN\Desktop\ds-fall\data\raw\WEDA-FALL-main\dataset\25Hz\D10\U25_R01_accel.csv,C:\Users\ADMIN\Desktop\ds-fall\data\raw\WEDA-FALL-main\dataset\25Hz,U25,D10_R01,D10,clapping_hands,clapping_hands,0,none,False,0,50,0.001,1.9609999999999999,25.0,50,12,"ax,ay,az,gx,gy,gz,acc_mag,gyro_mag,jerk,roll,pitch,tilt_delta",25.0,25.0,raw_25hz_time_aligned_to_uniform_25hz,adl_sliding_capped,264,267,,,dataset_unit_map,wrist,weda,m/s^2,rad/s,m/s^2,rad/s,1.0,1.0,True,test,non_fall,non_fall,9.888653949019499e-06,none,backward,0.990413248538971
w25_00004911,weda,C:\Users\ADMIN\Desktop\ds-fall\data\raw\WEDA-FALL-main\dataset\25Hz\D10\U25_R01_accel.csv,C:\Users\ADMIN\Desktop\ds-fall\data\raw\WEDA-FALL-main\dataset\25Hz,U25,D10_R01,D10,clapping_hands,clapping_hands,0,none,False,12,62,0.481,2.441,25.0,50,12,"ax,ay,az,gx,gy,gz,acc_mag,gyro_mag,jerk,roll,pitch,tilt_delta",25.0,25.0,raw_25hz_time_aligned_to_uniform_25hz,adl_sliding_capped,264,267,,,dataset_unit_map,wrist,weda,m/s^2,rad/s,m/s^2,rad/s,1.0,1.0,True,test,non_fall,non_fall,5.363910986488918e-06,none,backward,0.9992757439613342
w25_00004912,weda,C:\Users\ADMIN\Desktop\ds-fall\data\raw\WEDA-FALL-main\dataset\25Hz\D10\U25_R01_accel.csv,C:\Users\ADMIN\Desktop\ds-fall\data\raw\WEDA-FALL-main\dataset\25Hz,U25,D10_R01,D10,clapping_hands,clapping_hands,0,none,False,24,74,0.961,2.921,25.0,50,12,"ax,ay,az,gx,gy,gz,acc_mag,gyro_mag,jerk,roll,pitch,tilt_delta",25.0,25.0,raw_25hz_time_aligned_to_uniform_25hz,adl_sliding_capped,264,267,,,dataset_unit_map,wrist,weda,m/s^2,rad/s,m/s^2,rad/s,1.0,1.0,True,test,non_fall,non_fall,1.7082151089198305e-06,none,backward,0.9989339709281921
w25_00004913,weda,C:\Users\ADMIN\Desktop\ds-fall\data\raw\WEDA-FALL-main\dataset\25Hz\D10\U25_R01_accel.csv,C:\Users\ADMIN\Desktop\ds-fall\data\raw\WEDA-FALL-main\dataset\25Hz,U25,D10_R01,D10,clapping_hands,clapping_hands,0,none,False,36,86,1.4409999999999998,3.401,25.0,50,12,"ax,ay,az,gx,gy,gz,acc_mag,gyro_mag,jerk,roll,pitch,tilt_delta",25.0,25.0,raw_25hz_time_aligned_to_uniform_25hz,adl_sliding_capped,264,267,,,dataset_unit_map,wrist,weda,m/s^2,rad/s,m/s^2,rad/s,1.0,1.0,True,test,non_fall,non_fall,2.398528522462584e-06,none,backward,0.9970165491104126
w25_00004914,weda,C:\Users\ADMIN\Desktop\ds-fall\data\raw\WEDA-FALL-main\dataset\25Hz\D10\U25_R01_accel.csv,C:\Users\ADMIN\Desktop\ds-fall\data\raw\WEDA-FALL-main\dataset\25Hz,U25,D10_R01,D10,clapping_hands,clapping_hands,0,none,False,48,98,1.9209999999999998,3.881,25.0,50,12,"ax,ay,az,gx,gy,gz,acc_mag,gyro_mag,jerk,roll,pitch,tilt_delta",25.0,25.0,raw_25hz_time_aligned_to_uniform_25hz,adl_sliding_capped,264,267,,,dataset_unit_map,wrist,weda,m/s^2,rad/s,m/s^2,rad/s,1.0,1.0,True,test,non_fall,non_fall,1.2807631719624624e-06,none,backward,0.9943656921386719
w25_00004915,weda,C:\Users\ADMIN\Desktop\ds-fall\data\raw\WEDA-FALL-main\dataset\25Hz\D10\U25_R01_accel.csv,C:\Users\ADMIN\Desktop\ds-fall\data\raw\WEDA-FALL-main\dataset\25Hz,U25,D10_R01,D10,clapping_hands,clapping_hands,0,none,False,60,110,2.401,4.361000000000001,25.0,50,12,"ax,ay,az,gx,gy,gz,acc_mag,gyro_mag,jerk,roll,pitch,tilt_delta",25.0,25.0,raw_25hz_time_aligned_to_uniform_25hz,adl_sliding_capped,264,267,,,dataset_unit_map,wrist,weda,m/s^2,rad/s,m/s^2,rad/s,1.0,1.0,True,test,non_fall,non_fall,1.465447070359005e-07,none,backward,0.9988356232643127
w25_00004916,weda,C:\Users\ADMIN\Desktop\ds-fall\data\raw\WEDA-FALL-main\dataset\25Hz\D10\U25_R01_accel.csv,C:\Users\ADMIN\Desktop\ds-fall\data\raw\WEDA-FALL-main\dataset\25Hz,U25,D10_R01,D10,clapping_hands,clapping_hands,0,none,False,72,122,2.881,4.841,25.0,50,12,"ax,ay,az,gx,gy,gz,acc_mag,gyro_mag,jerk,roll,pitch,tilt_delta",25.0,25.0,raw_25hz_time_aligned_to_uniform_25hz,adl_sliding_capped,264,267,,,dataset_unit_map,wrist,weda,m/s^2,rad/s,m/s^2,rad/s,1.0,1.0,True,test,non_fall,non_fall,1.1018963874676047e-07,none,backward,0.9990590214729309
w25_00004917,weda,C:\Users\ADMIN\Desktop\ds-fall\data\raw\WEDA-FALL-main\dataset\25Hz\D10\U25_R01_accel.csv,C:\Users\ADMIN\Desktop\ds-fall\data\raw\WEDA-FALL-main\dataset\25Hz,U25,D10_R01,D10,clapping_hands,clapping_hands,0,none,False,84,134,3.3609999999999998,5.321000000000001,25.0,50,12,"ax,ay,az,gx,gy,gz,acc_mag,gyro_mag,jerk,roll,pitch,tilt_delta",25.0,25.0,raw_25hz_time_aligned_to_uniform_25hz,adl_sliding_capped,264,267,,,dataset_unit_map,wrist,weda,m/s^2,rad/s,m/s^2,rad/s,1.0,1.0,True,test,non_fall,non_fall,5.2927585869610994e-08,none,backward,0.9985546469688416
w25_00004918,weda,C:\Users\ADMIN\Desktop\ds-fall\data\raw\WEDA-FALL-main\dataset\25Hz\D10\U25_R01_accel.csv,C:\Users\ADMIN\Desktop\ds-fall\data\raw\WEDA-FALL-main\dataset\25Hz,U25,D10_R01,D10,clapping_hands,clapping_hands,0,none,False,96,146,3.8409999999999997,5.801,25.0,50,12,"ax,ay,az,gx,gy,gz,acc_mag,gyro_mag,jerk,roll,pitch,tilt_delta",25.0,25.0,raw_25hz_time_aligned_to_uniform_25hz,adl_sliding_capped,264,267,,,dataset_unit_map,wrist,weda,m/s^2,rad/s,m/s^2,rad/s,1.0,1.0,True,test,non_fall,non_fall,2.1489151436071552e-07,none,backward,0.9992497563362122
w25_00004919,weda,C:\Users\ADMIN\Desktop\ds-fall\data\raw\WEDA-FALL-main\dataset\25Hz\D10\U25_R01_accel.csv,C:\Users\ADMIN\Desktop\ds-fall\data\raw\WEDA-FALL-main\dataset\25Hz,U25,D10_R01,D10,clapping_hands,clapping_hands,0,none,False,108,158,4.321000000000001,6.281000000000001,25.0,50,12,"ax,ay,az,gx,gy,gz,acc_mag,gyro_mag,jerk,roll,pitch,tilt_delta",25.0,25.0,raw_25hz_time_aligned_to_uniform_25hz,adl_sliding_capped,264,267,,,dataset_unit_map,wrist,weda,m/s^2,rad/s,m/s^2,rad/s,1.0,1.0,True,test,non_fall,non_fall,9.648876186929556e-08,none,backward,0.9988380074501038
w25_00004995,weda,C:\Users\ADMIN\Desktop\ds-fall\data\raw\WEDA-FALL-main\dataset\25Hz\D11\U04_R01_accel.csv,C:\Users\ADMIN\Desktop\ds-fall\data\raw\WEDA-FALL-main\dataset\25Hz,U04,D11_R01,D11,open_close_door,open_close_door,0,none,False,0,50,0.006,1.966,25.0,50,12,"ax,ay,az,gx,gy,gz,acc_mag,gyro_mag,jerk,roll,pitch,tilt_delta",25.0,25.0,raw_25hz_time_aligned_to_uniform_25hz,adl_sliding_capped,274,276,,,dataset_unit_map,wrist,weda,m/s^2,rad/s,m/s^2,rad/s,1.0,1.0,True,test,non_fall,non_fall,1.0728215329436352e-06,none,forward,0.7445201277732849
w25_00004996,weda,C:\Users\ADMIN\Desktop\ds-fall\data\raw\WEDA-FALL-main\dataset\25Hz\D11\U04_R01_accel.csv,C:\Users\ADMIN\Desktop\ds-fall\data\raw\WEDA-FALL-main\dataset\25Hz,U04,D11_R01,D11,open_close_door,open_close_door,0,none,False,12,62,0.486,2.4459999999999997,25.0,50,12,"ax,ay,az,gx,gy,gz,acc_mag,gyro_mag,jerk,roll,pitch,tilt_delta",25.0,25.0,raw_25hz_time_aligned_to_uniform_25hz,adl_sliding_capped,274,276,,,dataset_unit_map,wrist,weda,m/s^2,rad/s,m/s^2,rad/s,1.0,1.0,True,test,non_fall,non_fall,3.2667574600964144e-07,none,forward,0.9537214636802673
w25_00004997,weda,C:\Users\ADMIN\Desktop\ds-fall\data\raw\WEDA-FALL-main\dataset\25Hz\D11\U04_R01_accel.csv,C:\Users\ADMIN\Desktop\ds-fall\data\raw\WEDA-FALL-main\dataset\25Hz,U04,D11_R01,D11,open_close_door,open_close_door,0,none,False,24,74,0.966,2.9259999999999997,25.0,50,12,"ax,ay,az,gx,gy,gz,acc_mag,gyro_mag,jerk,roll,pitch,tilt_delta",25.0,25.0,raw_25hz_time_aligned_to_uniform_25hz,adl_sliding_capped,274,276,,,dataset_unit_map,wrist,weda,m/s^2,rad/s,m/s^2,rad/s,1.0,1.0,True,test,non_fall,non_fall,5.632999773297342e-07,none,forward,0.8352948427200317
w25_00004998,weda,C:\Users\ADMIN\Desktop\ds-fall\data\raw\WEDA-FALL-main\dataset\25Hz\D11\U04_R01_accel.csv,C:\Users\ADMIN\Desktop\ds-fall\data\raw\WEDA-FALL-main\dataset\25Hz,U04,D11_R01,D11,open_close_door,open_close_door,0,none,False,36,86,1.446,3.4059999999999997,25.0,50,12,"ax,ay,az,gx,gy,gz,acc_mag,gyro_mag,jerk,roll,pitch,tilt_delta",25.0,25.0,raw_25hz_time_aligned_to_uniform_25hz,adl_sliding_capped,274,276,,,dataset_unit_map,wrist,weda,m/s^2,rad/s,m/s^2,rad/s,1.0,1.0,True,test,non_fall,non_fall,3.5834059985973e-07,none,backward,0.853783130645752
w25_00004999,weda,C:\Users\ADMIN\Desktop\ds-fall\data\raw\WEDA-FALL-main\dataset\25Hz\D11\U04_R01_accel.csv,C:\Users\ADMIN\Desktop\ds-fall\data\raw\WEDA-FALL-main\dataset\25Hz,U04,D11_R01,D11,open_close_door,open_close_door,0,none,False,48,98,1.926,3.8859999999999997,25.0,50,12,"ax,ay,az,gx,gy,gz,acc_mag,gyro_mag,jerk,roll,pitch,tilt_delta",25.0,25.0,raw_25hz_time_aligned_to_uniform_25hz,adl_sliding_capped,274,276,,,dataset_unit_map,wrist,weda,m/s^2,rad/s,m/s^2,rad/s,1.0,1.0,True,test,non_fall,non_fall,2.462568886585359e-07,none,forward,0.9466230273246765
w25_00005065,weda,C:\Users\ADMIN\Desktop\ds-fall\data\raw\WEDA-FALL-main\dataset\25Hz\D11\U24_R01_accel.csv,C:\Users\ADMIN\Desktop\ds-fall\data\raw\WEDA-FALL-main\dataset\25Hz,U24,D11_R01,D11,open_close_door,open_close_door,0,none,False,0,50,0.002,1.962,25.0,50,12,"ax,ay,az,gx,gy,gz,acc_mag,gyro_mag,jerk,roll,pitch,tilt_delta",25.0,25.0,raw_25hz_time_aligned_to_uniform_25hz,adl_sliding_capped,166,166,,,dataset_unit_map,wrist,weda,m/s^2,rad/s,m/s^2,rad/s,1.0,1.0,True,test,non_fall,non_fall,7.099231152096763e-05,none,backward,0.9822311997413635
w25_00005066,weda,C:\Users\ADMIN\Desktop\ds-fall\data\raw\WEDA-FALL-main\dataset\25Hz\D11\U24_R01_accel.csv,C:\Users\ADMIN\Desktop\ds-fall\data\raw\WEDA-FALL-main\dataset\25Hz,U24,D11_R01,D11,open_close_door,open_close_door,0,none,False,12,62,0.482,2.4419999999999997,25.0,50,12,"ax,ay,az,gx,gy,gz,acc_mag,gyro_mag,jerk,roll,pitch,tilt_delta",25.0,25.0,raw_25hz_time_aligned_to_uniform_25hz,adl_sliding_capped,166,166,,,dataset_unit_map,wrist,weda,m/s^2,rad/s,m/s^2,rad/s,1.0,1.0,True,test,non_fall,non_fall,0.0014954780926927924,none,backward,0.9633632898330688
w25_00005067,weda,C:\Users\ADMIN\Desktop\ds-fall\data\raw\WEDA-FALL-main\dataset\25Hz\D11\U24_R01_accel.csv,C:\Users\ADMIN\Desktop\ds-fall\data\raw\WEDA-FALL-main\dataset\25Hz,U24,D11_R01,D11,open_close_door,open_close_door,0,none,False,24,74,0.962,2.9219999999999997,25.0,50,12,"ax,ay,az,gx,gy,gz,acc_mag,gyro_mag,jerk,roll,pitch,tilt_delta",25.0,25.0,raw_25hz_time_aligned_to_uniform_25hz,adl_sliding_capped,166,166,,,dataset_unit_map,wrist,weda,m/s^2,rad/s,m/s^2,rad/s,1.0,1.0,True,test,non_fall,non_fall,0.0007756466511636972,none,backward,0.9561730027198792
w25_00005068,weda,C:\Users\ADMIN\Desktop\ds-fall\data\raw\WEDA-FALL-main\dataset\25Hz\D11\U24_R01_accel.csv,C:\Users\ADMIN\Desktop\ds-fall\data\raw\WEDA-FALL-main\dataset\25Hz,U24,D11_R01,D11,open_close_door,open_close_door,0,none,False,36,86,1.442,3.4019999999999997,25.0,50,12,"ax,ay,az,gx,gy,gz,acc_mag,gyro_mag,jerk,roll,pitch,tilt_delta",25.0,25.0,raw_25hz_time_aligned_to_uniform_25hz,adl_sliding_capped,166,166,,,dataset_unit_map,wrist,weda,m/s^2,rad/s,m/s^2,rad/s,1.0,1.0,True,test,non_fall,non_fall,0.003134656697511673,none,backward,0.9771280288696289
w25_00005069,weda,C:\Users\ADMIN\Desktop\ds-fall\data\raw\WEDA-FALL-main\dataset\25Hz\D11\U24_R01_accel.csv,C:\Users\ADMIN\Desktop\ds-fall\data\raw\WEDA-FALL-main\dataset\25Hz,U24,D11_R01,D11,open_close_door,open_close_door,0,none,False,48,98,1.922,3.8819999999999997,25.0,50,12,"ax,ay,az,gx,gy,gz,acc_mag,gyro_mag,jerk,roll,pitch,tilt_delta",25.0,25.0,raw_25hz_time_aligned_to_uniform_25hz,adl_sliding_capped,166,166,,,dataset_unit_map,wrist,weda,m/s^2,rad/s,m/s^2,rad/s,1.0,1.0,True,test,non_fall,non_fall,0.033932846039533615,none,backward,0.9587703943252563
w25_00005070,weda,C:\Users\ADMIN\Desktop\ds-fall\data\raw\WEDA-FALL-main\dataset\25Hz\D11\U25_R01_accel.csv,C:\Users\ADMIN\Desktop\ds-fall\data\raw\WEDA-FALL-main\dataset\25Hz,U25,D11_R01,D11,open_close_door,open_close_door,0,none,False,0,50,0.002,1.962,25.0,50,12,"ax,ay,az,gx,gy,gz,acc_mag,gyro_mag,jerk,roll,pitch,tilt_delta",25.0,25.0,raw_25hz_time_aligned_to_uniform_25hz,adl_sliding_capped,247,249,,,dataset_unit_map,wrist,weda,m/s^2,rad/s,m/s^2,rad/s,1.0,1.0,True,test,non_fall,non_fall,1.2623783050003112e-06,none,backward,0.9744465351104736
w25_00005071,weda,C:\Users\ADMIN\Desktop\ds-fall\data\raw\WEDA-FALL-main\dataset\25Hz\D11\U25_R01_accel.csv,C:\Users\ADMIN\Desktop\ds-fall\data\raw\WEDA-FALL-main\dataset\25Hz,U25,D11_R01,D11,open_close_door,open_close_door,0,none,False,12,62,0.482,2.4419999999999997,25.0,50,12,"ax,ay,az,gx,gy,gz,acc_mag,gyro_mag,jerk,roll,pitch,tilt_delta",25.0,25.0,raw_25hz_time_aligned_to_uniform_25hz,adl_sliding_capped,247,249,,,dataset_unit_map,wrist,weda,m/s^2,rad/s,m/s^2,rad/s,1.0,1.0,True,test,non_fall,non_fall,0.003971604164689779,none,backward,0.8763724565505981
w25_00005072,weda,C:\Users\ADMIN\Desktop\ds-fall\data\raw\WEDA-FALL-main\dataset\25Hz\D11\U25_R01_accel.csv,C:\Users\ADMIN\Desktop\ds-fall\data\raw\WEDA-FALL-main\dataset\25Hz,U25,D11_R01,D11,open_close_door,open_close_door,0,none,False,24,74,0.962,2.9219999999999997,25.0,50,12,"ax,ay,az,gx,gy,gz,acc_mag,gyro_mag,jerk,roll,pitch,tilt_delta",25.0,25.0,raw_25hz_time_aligned_to_uniform_25hz,adl_sliding_capped,247,249,,,dataset_unit_map,wrist,weda,m/s^2,rad/s,m/s^2,rad/s,1.0,1.0,True,test,non_fall,non_fall,0.013314686715602875,none,backward,0.5676982402801514
w25_00005073,weda,C:\Users\ADMIN\Desktop\ds-fall\data\raw\WEDA-FALL-main\dataset\25Hz\D11\U25_R01_accel.csv,C:\Users\ADMIN\Desktop\ds-fall\data\raw\WEDA-FALL-main\dataset\25Hz,U25,D11_R01,D11,open_close_door,open_close_door,0,none,False,36,86,1.442,3.4019999999999997,25.0,50,12,"ax,ay,az,gx,gy,gz,acc_mag,gyro_mag,jerk,roll,pitch,tilt_delta",25.0,25.0,raw_25hz_time_aligned_to_uniform_25hz,adl_sliding_capped,247,249,,,dataset_unit_map,wrist,weda,m/s^2,rad/s,m/s^2,rad/s,1.0,1.0,True,test,non_fall,non_fall,0.007970963604748249,none,backward,0.7048434615135193
w25_00005074,weda,C:\Users\ADMIN\Desktop\ds-fall\data\raw\WEDA-FALL-main\dataset\25Hz\D11\U25_R01_accel.csv,C:\Users\ADMIN\Desktop\ds-fall\data\raw\WEDA-FALL-main\dataset\25Hz,U25,D11_R01,D11,open_close_door,open_close_door,0,none,False,48,98,1.922,3.8819999999999997,25.0,50,12,"ax,ay,az,gx,gy,gz,acc_mag,gyro_mag,jerk,roll,pitch,tilt_delta",25.0,25.0,raw_25hz_time_aligned_to_uniform_25hz,adl_sliding_capped,247,249,,,dataset_unit_map,wrist,weda,m/s^2,rad/s,m/s^2,rad/s,1.0,1.0,True,test,non_fall,non_fall,2.5393310352228582e-05,none,forward,0.6709736585617065
w25_00005114,weda,C:\Users\ADMIN\Desktop\ds-fall\data\raw\WEDA-FALL-main\dataset\25Hz\F01\U04_R01_accel.csv,C:\Users\ADMIN\Desktop\ds-fall\data\raw\WEDA-FALL-main\dataset\25Hz,U04,F01_R01,F01,fall_forward_walking_slip,fall_forward_walking_slip,1,forward,True,108,158,4.336,6.296,25.0,50,12,"ax,ay,az,gx,gy,gz,acc_mag,gyro_mag,jerk,roll,pitch,tilt_delta",25.0,25.0,raw_25hz_time_aligned_to_uniform_25hz,fall_interval_peak_acc_centered,414,418,4.3,7.3,dataset_unit_map,wrist,weda,m/s^2,rad/s,m/s^2,rad/s,1.0,1.0,True,test,fall,fall,0.9998435974121094,forward,forward,0.6573584079742432
w25_00005115,weda,C:\Users\ADMIN\Desktop\ds-fall\data\raw\WEDA-FALL-main\dataset\25Hz\F01\U04_R02_accel.csv,C:\Users\ADMIN\Desktop\ds-fall\data\raw\WEDA-FALL-main\dataset\25Hz,U04,F01_R02,F01,fall_forward_walking_slip,fall_forward_walking_slip,1,forward,True,98,148,3.9219999999999997,5.882,25.0,50,12,"ax,ay,az,gx,gy,gz,acc_mag,gyro_mag,jerk,roll,pitch,tilt_delta",25.0,25.0,raw_25hz_time_aligned_to_uniform_25hz,fall_interval_peak_acc_centered,405,409,3.7,6.7,dataset_unit_map,wrist,weda,m/s^2,rad/s,m/s^2,rad/s,1.0,1.0,True,test,fall,fall,0.9999890327453613,forward,forward,0.8027569055557251
w25_00005116,weda,C:\Users\ADMIN\Desktop\ds-fall\data\raw\WEDA-FALL-main\dataset\25Hz\F01\U04_R03_accel.csv,C:\Users\ADMIN\Desktop\ds-fall\data\raw\WEDA-FALL-main\dataset\25Hz,U04,F01_R03,F01,fall_forward_walking_slip,fall_forward_walking_slip,1,forward,True,127,177,5.082,7.042,25.0,50,12,"ax,ay,az,gx,gy,gz,acc_mag,gyro_mag,jerk,roll,pitch,tilt_delta",25.0,25.0,raw_25hz_time_aligned_to_uniform_25hz,fall_interval_peak_acc_centered,264,266,5.0,8.0,dataset_unit_map,wrist,weda,m/s^2,rad/s,m/s^2,rad/s,1.0,1.0,True,test,fall,fall,0.9999985694885254,forward,backward,0.6414803266525269
w25_00005156,weda,C:\Users\ADMIN\Desktop\ds-fall\data\raw\WEDA-FALL-main\dataset\25Hz\F02\U04_R01_accel.csv,C:\Users\ADMIN\Desktop\ds-fall\data\raw\WEDA-FALL-main\dataset\25Hz,U04,F02_R01,F02,lateral_fall_walking_slip,lateral_fall_walking_slip,1,lateral,True,100,150,4.002,5.962,25.0,50,12,"ax,ay,az,gx,gy,gz,acc_mag,gyro_mag,jerk,roll,pitch,tilt_delta",25.0,25.0,raw_25hz_time_aligned_to_uniform_25hz,fall_interval_peak_acc_centered,271,273,4.0,7.0,dataset_unit_map,wrist,weda,m/s^2,rad/s,m/s^2,rad/s,1.0,1.0,True,test,fall,fall,0.9987066984176636,lateral,lateral,0.9943038821220398
w25_00005157,weda,C:\Users\ADMIN\Desktop\ds-fall\data\raw\WEDA-FALL-main\dataset\25Hz\F02\U04_R02_accel.csv,C:\Users\ADMIN\Desktop\ds-fall\data\raw\WEDA-FALL-main\dataset\25Hz,U04,F02_R02,F02,lateral_fall_walking_slip,lateral_fall_walking_slip,1,lateral,True,98,148,3.9219999999999997,5.882,25.0,50,12,"ax,ay,az,gx,gy,gz,acc_mag,gyro_mag,jerk,roll,pitch,tilt_delta",25.0,25.0,raw_25hz_time_aligned_to_uniform_25hz,fall_interval_peak_acc_centered,333,335,4.0,7.0,dataset_unit_map,wrist,weda,m/s^2,rad/s,m/s^2,rad/s,1.0,1.0,True,test,fall,fall,0.9998910427093506,lateral,lateral,0.9309366941452026
w25_00005158,weda,C:\Users\ADMIN\Desktop\ds-fall\data\raw\WEDA-FALL-main\dataset\25Hz\F02\U04_R03_accel.csv,C:\Users\ADMIN\Desktop\ds-fall\data\raw\WEDA-FALL-main\dataset\25Hz,U04,F02_R03,F02,lateral_fall_walking_slip,lateral_fall_walking_slip,1,lateral,True,97,147,3.883,5.843,25.0,50,12,"ax,ay,az,gx,gy,gz,acc_mag,gyro_mag,jerk,roll,pitch,tilt_delta",25.0,25.0,raw_25hz_time_aligned_to_uniform_25hz,fall_interval_peak_acc_centered,252,254,4.0,7.0,dataset_unit_map,wrist,weda,m/s^2,rad/s,m/s^2,rad/s,1.0,1.0,True,test,fall,fall,0.9978559613227844,lateral,forward,0.7609426379203796
w25_00005198,weda,C:\Users\ADMIN\Desktop\ds-fall\data\raw\WEDA-FALL-main\dataset\25Hz\F03\U04_R01_accel.csv,C:\Users\ADMIN\Desktop\ds-fall\data\raw\WEDA-FALL-main\dataset\25Hz,U04,F03_R01,F03,fall_backward_walking_slip,fall_backward_walking_slip,1,backward,True,127,177,5.082,7.042,25.0,50,12,"ax,ay,az,gx,gy,gz,acc_mag,gyro_mag,jerk,roll,pitch,tilt_delta",25.0,25.0,raw_25hz_time_aligned_to_uniform_25hz,fall_interval_peak_acc_centered,283,285,5.0,8.0,dataset_unit_map,wrist,weda,m/s^2,rad/s,m/s^2,rad/s,1.0,1.0,True,test,fall,fall,0.9989426732063293,backward,backward,0.38229477405548096
w25_00005199,weda,C:\Users\ADMIN\Desktop\ds-fall\data\raw\WEDA-FALL-main\dataset\25Hz\F03\U04_R02_accel.csv,C:\Users\ADMIN\Desktop\ds-fall\data\raw\WEDA-FALL-main\dataset\25Hz,U04,F03_R02,F03,fall_backward_walking_slip,fall_backward_walking_slip,1,backward,True,93,143,3.7270000000000003,5.686999999999999,25.0,50,12,"ax,ay,az,gx,gy,gz,acc_mag,gyro_mag,jerk,roll,pitch,tilt_delta",25.0,25.0,raw_25hz_time_aligned_to_uniform_25hz,fall_interval_peak_acc_centered,217,219,4.0,7.0,dataset_unit_map,wrist,weda,m/s^2,rad/s,m/s^2,rad/s,1.0,1.0,True,test,fall,fall,0.999744713306427,backward,backward,0.9716892838478088
w25_00005200,weda,C:\Users\ADMIN\Desktop\ds-fall\data\raw\WEDA-FALL-main\dataset\25Hz\F03\U04_R03_accel.csv,C:\Users\ADMIN\Desktop\ds-fall\data\raw\WEDA-FALL-main\dataset\25Hz,U04,F03_R03,F03,fall_backward_walking_slip,fall_backward_walking_slip,1,backward,True,104,154,4.162,6.122,25.0,50,12,"ax,ay,az,gx,gy,gz,acc_mag,gyro_mag,jerk,roll,pitch,tilt_delta",25.0,25.0,raw_25hz_time_aligned_to_uniform_25hz,fall_interval_peak_acc_centered,234,236,4.0,7.0,dataset_unit_map,wrist,weda,m/s^2,rad/s,m/s^2,rad/s,1.0,1.0,True,test,fall,fall,0.9999265670776367,backward,forward,0.8748359084129333
w25_00005240,weda,C:\Users\ADMIN\Desktop\ds-fall\data\raw\WEDA-FALL-main\dataset\25Hz\F04\U04_R01_accel.csv,C:\Users\ADMIN\Desktop\ds-fall\data\raw\WEDA-FALL-main\dataset\25Hz,U04,F04_R01,F04,fall_forward_walking_trip,fall_forward_walking_trip,1,forward,True,85,135,3.403,5.363,25.0,50,12,"ax,ay,az,gx,gy,gz,acc_mag,gyro_mag,jerk,roll,pitch,tilt_delta",25.0,25.0,raw_25hz_time_aligned_to_uniform_25hz,fall_interval_peak_acc_centered,237,238,3.0,6.0,dataset_unit_map,wrist,weda,m/s^2,rad/s,m/s^2,rad/s,1.0,1.0,True,test,fall,fall,0.999377965927124,forward,forward,0.817432165145874
w25_00005241,weda,C:\Users\ADMIN\Desktop\ds-fall\data\raw\WEDA-FALL-main\dataset\25Hz\F04\U04_R02_accel.csv,C:\Users\ADMIN\Desktop\ds-fall\data\raw\WEDA-FALL-main\dataset\25Hz,U04,F04_R02,F04,fall_forward_walking_trip,fall_forward_walking_trip,1,forward,True,85,135,3.4019999999999997,5.362,25.0,50,12,"ax,ay,az,gx,gy,gz,acc_mag,gyro_mag,jerk,roll,pitch,tilt_delta",25.0,25.0,raw_25hz_time_aligned_to_uniform_25hz,fall_interval_peak_acc_centered,237,238,3.2,6.2,dataset_unit_map,wrist,weda,m/s^2,rad/s,m/s^2,rad/s,1.0,1.0,True,test,fall,fall,0.9999971389770508,forward,lateral,0.9018198847770691
w25_00005242,weda,C:\Users\ADMIN\Desktop\ds-fall\data\raw\WEDA-FALL-main\dataset\25Hz\F04\U04_R03_accel.csv,C:\Users\ADMIN\Desktop\ds-fall\data\raw\WEDA-FALL-main\dataset\25Hz,U04,F04_R03,F04,fall_forward_walking_trip,fall_forward_walking_trip,1,forward,True,91,141,3.642,5.602,25.0,50,12,"ax,ay,az,gx,gy,gz,acc_mag,gyro_mag,jerk,roll,pitch,tilt_delta",25.0,25.0,raw_25hz_time_aligned_to_uniform_25hz,fall_interval_peak_acc_centered,225,226,3.6,6.6,dataset_unit_map,wrist,weda,m/s^2,rad/s,m/s^2,rad/s,1.0,1.0,True,test,fall,fall,1.0,forward,forward,0.9890362620353699
w25_00005282,weda,C:\Users\ADMIN\Desktop\ds-fall\data\raw\WEDA-FALL-main\dataset\25Hz\F05\U04_R01_accel.csv,C:\Users\ADMIN\Desktop\ds-fall\data\raw\WEDA-FALL-main\dataset\25Hz,U04,F05_R01,F05,fall_backward_trying_to_sit,fall_backward_trying_to_sit,1,backward,True,63,113,2.521,4.481000000000001,25.0,50,12,"ax,ay,az,gx,gy,gz,acc_mag,gyro_mag,jerk,roll,pitch,tilt_delta",25.0,25.0,raw_25hz_time_aligned_to_uniform_25hz,fall_interval_peak_acc_centered,163,164,2.5,5.5,dataset_unit_map,wrist,weda,m/s^2,rad/s,m/s^2,rad/s,1.0,1.0,True,test,fall,fall,0.9999785423278809,backward,backward,0.7541813850402832
w25_00005283,weda,C:\Users\ADMIN\Desktop\ds-fall\data\raw\WEDA-FALL-main\dataset\25Hz\F05\U04_R02_accel.csv,C:\Users\ADMIN\Desktop\ds-fall\data\raw\WEDA-FALL-main\dataset\25Hz,U04,F05_R02,F05,fall_backward_trying_to_sit,fall_backward_trying_to_sit,1,backward,True,66,116,2.7159999999999997,4.675999999999999,25.0,50,12,"ax,ay,az,gx,gy,gz,acc_mag,gyro_mag,jerk,roll,pitch,tilt_delta",25.0,25.0,raw_25hz_time_aligned_to_uniform_25hz,fall_interval_peak_acc_centered,191,191,2.8,5.8,dataset_unit_map,wrist,weda,m/s^2,rad/s,m/s^2,rad/s,1.0,1.0,True,test,fall,non_fall,0.0013064451050013304,backward,lateral,0.9722404479980469
w25_00005284,weda,C:\Users\ADMIN\Desktop\ds-fall\data\raw\WEDA-FALL-main\dataset\25Hz\F05\U04_R03_accel.csv,C:\Users\ADMIN\Desktop\ds-fall\data\raw\WEDA-FALL-main\dataset\25Hz,U04,F05_R03,F05,fall_backward_trying_to_sit,fall_backward_trying_to_sit,1,backward,True,93,143,3.722,5.6819999999999995,25.0,50,12,"ax,ay,az,gx,gy,gz,acc_mag,gyro_mag,jerk,roll,pitch,tilt_delta",25.0,25.0,raw_25hz_time_aligned_to_uniform_25hz,fall_interval_peak_acc_centered,225,225,3.6,6.6,dataset_unit_map,wrist,weda,m/s^2,rad/s,m/s^2,rad/s,1.0,1.0,True,test,fall,fall,0.990614652633667,backward,backward,0.9721951484680176
w25_00005324,weda,C:\Users\ADMIN\Desktop\ds-fall\data\raw\WEDA-FALL-main\dataset\25Hz\F06\U04_R01_accel.csv,C:\Users\ADMIN\Desktop\ds-fall\data\raw\WEDA-FALL-main\dataset\25Hz,U04,F06_R01,F06,fall_forward_sitting,fall_forward_sitting,1,forward,True,75,125,3.002,4.962,25.0,50,12,"ax,ay,az,gx,gy,gz,acc_mag,gyro_mag,jerk,roll,pitch,tilt_delta",25.0,25.0,raw_25hz_time_aligned_to_uniform_25hz,fall_interval_peak_acc_centered,227,229,3.0,6.0,dataset_unit_map,wrist,weda,m/s^2,rad/s,m/s^2,rad/s,1.0,1.0,True,test,fall,non_fall,0.08392065018415451,forward,forward,0.9969140291213989
w25_00005325,weda,C:\Users\ADMIN\Desktop\ds-fall\data\raw\WEDA-FALL-main\dataset\25Hz\F06\U04_R02_accel.csv,C:\Users\ADMIN\Desktop\ds-fall\data\raw\WEDA-FALL-main\dataset\25Hz,U04,F06_R02,F06,fall_forward_sitting,fall_forward_sitting,1,forward,True,89,139,3.562,5.522,25.0,50,12,"ax,ay,az,gx,gy,gz,acc_mag,gyro_mag,jerk,roll,pitch,tilt_delta",25.0,25.0,raw_25hz_time_aligned_to_uniform_25hz,fall_interval_peak_acc_centered,214,216,3.5,6.5,dataset_unit_map,wrist,weda,m/s^2,rad/s,m/s^2,rad/s,1.0,1.0,True,test,fall,non_fall,0.00018629948317538947,forward,backward,0.7661370635032654
w25_00005326,weda,C:\Users\ADMIN\Desktop\ds-fall\data\raw\WEDA-FALL-main\dataset\25Hz\F06\U04_R03_accel.csv,C:\Users\ADMIN\Desktop\ds-fall\data\raw\WEDA-FALL-main\dataset\25Hz,U04,F06_R03,F06,fall_forward_sitting,fall_forward_sitting,1,forward,True,41,91,1.6420000000000001,3.602,25.0,50,12,"ax,ay,az,gx,gy,gz,acc_mag,gyro_mag,jerk,roll,pitch,tilt_delta",25.0,25.0,raw_25hz_time_aligned_to_uniform_25hz,fall_interval_peak_acc_centered,193,194,1.8,4.8,dataset_unit_map,wrist,weda,m/s^2,rad/s,m/s^2,rad/s,1.0,1.0,True,test,fall,fall,0.9852355718612671,forward,backward,0.8246224522590637
w25_00005366,weda,C:\Users\ADMIN\Desktop\ds-fall\data\raw\WEDA-FALL-main\dataset\25Hz\F07\U04_R01_accel.csv,C:\Users\ADMIN\Desktop\ds-fall\data\raw\WEDA-FALL-main\dataset\25Hz,U04,F07_R01,F07,fall_backward_sitting,fall_backward_sitting,1,backward,True,50,100,2.002,3.9619999999999997,25.0,50,12,"ax,ay,az,gx,gy,gz,acc_mag,gyro_mag,jerk,roll,pitch,tilt_delta",25.0,25.0,raw_25hz_time_aligned_to_uniform_25hz,fall_interval_peak_acc_centered,192,193,2.0,5.0,dataset_unit_map,wrist,weda,m/s^2,rad/s,m/s^2,rad/s,1.0,1.0,True,test,fall,fall,0.994979202747345,backward,backward,0.9984790682792664
w25_00005367,weda,C:\Users\ADMIN\Desktop\ds-fall\data\raw\WEDA-FALL-main\dataset\25Hz\F07\U04_R02_accel.csv,C:\Users\ADMIN\Desktop\ds-fall\data\raw\WEDA-FALL-main\dataset\25Hz,U04,F07_R02,F07,fall_backward_sitting,fall_backward_sitting,1,backward,True,55,105,2.2070000000000003,4.167,25.0,50,12,"ax,ay,az,gx,gy,gz,acc_mag,gyro_mag,jerk,roll,pitch,tilt_delta",25.0,25.0,raw_25hz_time_aligned_to_uniform_25hz,fall_interval_peak_acc_centered,207,209,1.8,4.8,dataset_unit_map,wrist,weda,m/s^2,rad/s,m/s^2,rad/s,1.0,1.0,True,test,fall,non_fall,0.40544000267982483,backward,backward,0.9989573955535889
w25_00005368,weda,C:\Users\ADMIN\Desktop\ds-fall\data\raw\WEDA-FALL-main\dataset\25Hz\F07\U04_R03_accel.csv,C:\Users\ADMIN\Desktop\ds-fall\data\raw\WEDA-FALL-main\dataset\25Hz,U04,F07_R03,F07,fall_backward_sitting,fall_backward_sitting,1,backward,True,90,140,3.602,5.562,25.0,50,12,"ax,ay,az,gx,gy,gz,acc_mag,gyro_mag,jerk,roll,pitch,tilt_delta",25.0,25.0,raw_25hz_time_aligned_to_uniform_25hz,fall_interval_peak_acc_centered,222,224,3.5,6.5,dataset_unit_map,wrist,weda,m/s^2,rad/s,m/s^2,rad/s,1.0,1.0,True,test,fall,fall,0.9993305206298828,backward,backward,0.9332546591758728
w25_00005411,weda,C:\Users\ADMIN\Desktop\ds-fall\data\raw\WEDA-FALL-main\dataset\25Hz\F08\U04_R01_accel.csv,C:\Users\ADMIN\Desktop\ds-fall\data\raw\WEDA-FALL-main\dataset\25Hz,U04,F08_R01,F08,lateral_fall_sitting,lateral_fall_sitting,1,lateral,True,71,121,2.8419999999999996,4.802,25.0,50,12,"ax,ay,az,gx,gy,gz,acc_mag,gyro_mag,jerk,roll,pitch,tilt_delta",25.0,25.0,raw_25hz_time_aligned_to_uniform_25hz,fall_interval_peak_acc_centered,190,194,2.1,6.8,dataset_unit_map,wrist,weda,m/s^2,rad/s,m/s^2,rad/s,1.0,1.0,True,test,fall,fall,0.9999849796295166,lateral,lateral,0.8550819754600525
w25_00005412,weda,C:\Users\ADMIN\Desktop\ds-fall\data\raw\WEDA-FALL-main\dataset\25Hz\F08\U04_R02_accel.csv,C:\Users\ADMIN\Desktop\ds-fall\data\raw\WEDA-FALL-main\dataset\25Hz,U04,F08_R02,F08,lateral_fall_sitting,lateral_fall_sitting,1,lateral,True,93,143,3.722,5.6819999999999995,25.0,50,12,"ax,ay,az,gx,gy,gz,acc_mag,gyro_mag,jerk,roll,pitch,tilt_delta",25.0,25.0,raw_25hz_time_aligned_to_uniform_25hz,fall_interval_peak_acc_centered,200,202,3.4,6.4,dataset_unit_map,wrist,weda,m/s^2,rad/s,m/s^2,rad/s,1.0,1.0,True,test,fall,fall,0.9999998807907104,lateral,lateral,0.44698724150657654
w25_00005413,weda,C:\Users\ADMIN\Desktop\ds-fall\data\raw\WEDA-FALL-main\dataset\25Hz\F08\U04_R03_accel.csv,C:\Users\ADMIN\Desktop\ds-fall\data\raw\WEDA-FALL-main\dataset\25Hz,U04,F08_R03,F08,lateral_fall_sitting,lateral_fall_sitting,1,lateral,True,63,113,2.522,4.482,25.0,50,12,"ax,ay,az,gx,gy,gz,acc_mag,gyro_mag,jerk,roll,pitch,tilt_delta",25.0,25.0,raw_25hz_time_aligned_to_uniform_25hz,fall_interval_peak_acc_centered,148,148,2.0,5.0,dataset_unit_map,wrist,weda,m/s^2,rad/s,m/s^2,rad/s,1.0,1.0,True,test,fall,fall,0.9996601343154907,lateral,lateral,0.5929083824157715
w25_00005414,weda,C:\Users\ADMIN\Desktop\ds-fall\data\raw\WEDA-FALL-main\dataset\25Hz\F08\U04_R04_accel.csv,C:\Users\ADMIN\Desktop\ds-fall\data\raw\WEDA-FALL-main\dataset\25Hz,U04,F08_R04,F08,lateral_fall_sitting,lateral_fall_sitting,1,lateral,True,76,126,3.042,5.002,25.0,50,12,"ax,ay,az,gx,gy,gz,acc_mag,gyro_mag,jerk,roll,pitch,tilt_delta",25.0,25.0,raw_25hz_time_aligned_to_uniform_25hz,fall_interval_peak_acc_centered,168,168,2.2,5.2,dataset_unit_map,wrist,weda,m/s^2,rad/s,m/s^2,rad/s,1.0,1.0,True,test,fall,fall,0.9998347759246826,lateral,lateral,0.9206362366676331
