window_id,dataset,source_path,source_folder,subject_id,trial_id,activity_id,activity_name,activity,fall_label,direction_label,direction_supervised,start_idx,end_idx,start_time,end_time,sampling_rate,window_size,stride_size,feature_order,source_hz,target_hz,resampling_method,window_rule,original_length,processed_length,fall_interval_start,fall_interval_end,unit_conversion,sensor_position,dataset_name,acc_unit_before,gyro_unit_before,acc_unit_after,gyro_unit_after,conversion_factor_acc,conversion_factor_gyro,unit_harmonized,split,true_fall,pred_fall,fall_prob,true_direction,pred_direction,direction_confidence
w25_00000595,bits,C:\Users\ADMIN\Desktop\ds-fall\data\raw\Dataset\adl\user17\user17_adl1.csv,C:\Users\ADMIN\Desktop\ds-fall\data\raw\Dataset,user17,user17_adl1,adl1,walking_slowly,walking_slowly,0,none,False,0,50,0.0,2.0,25.0,50,12,"ax,ay,az,gx,gy,gz,acc_mag,gyro_mag,jerk,roll,pitch,tilt_delta",20.0,25.0,uniform_20hz_time_interpolation_to_25hz,adl_sliding_capped,505,631,,,dataset_unit_map,wrist,bits,m/s^2,rad/s,m/s^2,rad/s,1.0,1.0,True,test,non_fall,non_fall,6.986076914472505e-05,none,forward,0.9180386066436768
w25_00000596,bits,C:\Users\ADMIN\Desktop\ds-fall\data\raw\Dataset\adl\user17\user17_adl1.csv,C:\Users\ADMIN\Desktop\ds-fall\data\raw\Dataset,user17,user17_adl1,adl1,walking_slowly,walking_slowly,0,none,False,12,62,0.48,2.48,25.0,50,12,"ax,ay,az,gx,gy,gz,acc_mag,gyro_mag,jerk,roll,pitch,tilt_delta",20.0,25.0,uniform_20hz_time_interpolation_to_25hz,adl_sliding_capped,505,631,,,dataset_unit_map,wrist,bits,m/s^2,rad/s,m/s^2,rad/s,1.0,1.0,True,test,non_fall,non_fall,3.358378671691753e-05,none,forward,0.9422451853752136
w25_00000597,bits,C:\Users\ADMIN\Desktop\ds-fall\data\raw\Dataset\adl\user17\user17_adl1.csv,C:\Users\ADMIN\Desktop\ds-fall\data\raw\Dataset,user17,user17_adl1,adl1,walking_slowly,walking_slowly,0,none,False,24,74,0.96,2.96,25.0,50,12,"ax,ay,az,gx,gy,gz,acc_mag,gyro_mag,jerk,roll,pitch,tilt_delta",20.0,25.0,uniform_20hz_time_interpolation_to_25hz,adl_sliding_capped,505,631,,,dataset_unit_map,wrist,bits,m/s^2,rad/s,m/s^2,rad/s,1.0,1.0,True,test,non_fall,non_fall,2.5045663278433494e-05,none,forward,0.9610980749130249
w25_00000598,bits,C:\Users\ADMIN\Desktop\ds-fall\data\raw\Dataset\adl\user17\user17_adl1.csv,C:\Users\ADMIN\Desktop\ds-fall\data\raw\Dataset,user17,user17_adl1,adl1,walking_slowly,walking_slowly,0,none,False,36,86,1.44,3.44,25.0,50,12,"ax,ay,az,gx,gy,gz,acc_mag,gyro_mag,jerk,roll,pitch,tilt_delta",20.0,25.0,uniform_20hz_time_interpolation_to_25hz,adl_sliding_capped,505,631,,,dataset_unit_map,wrist,bits,m/s^2,rad/s,m/s^2,rad/s,1.0,1.0,True,test,non_fall,non_fall,0.00031035213032737374,none,forward,0.9057913422584534
w25_00000599,bits,C:\Users\ADMIN\Desktop\ds-fall\data\raw\Dataset\adl\user17\user17_adl1.csv,C:\Users\ADMIN\Desktop\ds-fall\data\raw\Dataset,user17,user17_adl1,adl1,walking_slowly,walking_slowly,0,none,False,48,98,1.92,3.92,25.0,50,12,"ax,ay,az,gx,gy,gz,acc_mag,gyro_mag,jerk,roll,pitch,tilt_delta",20.0,25.0,uniform_20hz_time_interpolation_to_25hz,adl_sliding_capped,505,631,,,dataset_unit_map,wrist,bits,m/s^2,rad/s,m/s^2,rad/s,1.0,1.0,True,test,non_fall,non_fall,0.0029106836300343275,none,forward,0.804168164730072
w25_00000600,bits,C:\Users\ADMIN\Desktop\ds-fall\data\raw\Dataset\adl\user17\user17_adl10.csv,C:\Users\ADMIN\Desktop\ds-fall\data\raw\Dataset,user17,user17_adl10,adl10,rapidly_sitting_on_chair,rapidly_sitting_on_chair,0,none,False,0,50,0.0,2.0,25.0,50,12,"ax,ay,az,gx,gy,gz,acc_mag,gyro_mag,jerk,roll,pitch,tilt_delta",20.0,25.0,uniform_20hz_time_interpolation_to_25hz,adl_sliding_capped,240,299,,,dataset_unit_map,wrist,bits,m/s^2,rad/s,m/s^2,rad/s,1.0,1.0,True,test,non_fall,non_fall,1.1388247003196739e-05,none,backward,0.7639803886413574
w25_00000601,bits,C:\Users\ADMIN\Desktop\ds-fall\data\raw\Dataset\adl\user17\user17_adl10.csv,C:\Users\ADMIN\Desktop\ds-fall\data\raw\Dataset,user17,user17_adl10,adl10,rapidly_sitting_on_chair,rapidly_sitting_on_chair,0,none,False,12,62,0.48,2.48,25.0,50,12,"ax,ay,az,gx,gy,gz,acc_mag,gyro_mag,jerk,roll,pitch,tilt_delta",20.0,25.0,uniform_20hz_time_interpolation_to_25hz,adl_sliding_capped,240,299,,,dataset_unit_map,wrist,bits,m/s^2,rad/s,m/s^2,rad/s,1.0,1.0,True,test,non_fall,non_fall,3.847745119855972e-06,none,backward,0.7906100749969482
w25_00000602,bits,C:\Users\ADMIN\Desktop\ds-fall\data\raw\Dataset\adl\user17\user17_adl10.csv,C:\Users\ADMIN\Desktop\ds-fall\data\raw\Dataset,user17,user17_adl10,adl10,rapidly_sitting_on_chair,rapidly_sitting_on_chair,0,none,False,24,74,0.96,2.96,25.0,50,12,"ax,ay,az,gx,gy,gz,acc_mag,gyro_mag,jerk,roll,pitch,tilt_delta",20.0,25.0,uniform_20hz_time_interpolation_to_25hz,adl_sliding_capped,240,299,,,dataset_unit_map,wrist,bits,m/s^2,rad/s,m/s^2,rad/s,1.0,1.0,True,test,non_fall,non_fall,2.5615026970626786e-05,none,forward,0.7276487350463867
w25_00000603,bits,C:\Users\ADMIN\Desktop\ds-fall\data\raw\Dataset\adl\user17\user17_adl10.csv,C:\Users\ADMIN\Desktop\ds-fall\data\raw\Dataset,user17,user17_adl10,adl10,rapidly_sitting_on_chair,rapidly_sitting_on_chair,0,none,False,36,86,1.44,3.44,25.0,50,12,"ax,ay,az,gx,gy,gz,acc_mag,gyro_mag,jerk,roll,pitch,tilt_delta",20.0,25.0,uniform_20hz_time_interpolation_to_25hz,adl_sliding_capped,240,299,,,dataset_unit_map,wrist,bits,m/s^2,rad/s,m/s^2,rad/s,1.0,1.0,True,test,non_fall,non_fall,7.237763929879293e-05,none,forward,0.623891294002533
w25_00000604,bits,C:\Users\ADMIN\Desktop\ds-fall\data\raw\Dataset\adl\user17\user17_adl10.csv,C:\Users\ADMIN\Desktop\ds-fall\data\raw\Dataset,user17,user17_adl10,adl10,rapidly_sitting_on_chair,rapidly_sitting_on_chair,0,none,False,48,98,1.92,3.92,25.0,50,12,"ax,ay,az,gx,gy,gz,acc_mag,gyro_mag,jerk,roll,pitch,tilt_delta",20.0,25.0,uniform_20hz_time_interpolation_to_25hz,adl_sliding_capped,240,299,,,dataset_unit_map,wrist,bits,m/s^2,rad/s,m/s^2,rad/s,1.0,1.0,True,test,non_fall,non_fall,0.00015089655062183738,none,forward,0.8890702128410339
w25_00000605,bits,C:\Users\ADMIN\Desktop\ds-fall\data\raw\Dataset\adl\user17\user17_adl11.csv,C:\Users\ADMIN\Desktop\ds-fall\data\raw\Dataset,user17,user17_adl11,adl11,nearly_sitting_and_getting_up,nearly_sitting_and_getting_up,0,none,False,0,50,0.0,2.0,25.0,50,12,"ax,ay,az,gx,gy,gz,acc_mag,gyro_mag,jerk,roll,pitch,tilt_delta",20.0,25.0,uniform_20hz_time_interpolation_to_25hz,adl_sliding_capped,233,291,,,dataset_unit_map,wrist,bits,m/s^2,rad/s,m/s^2,rad/s,1.0,1.0,True,test,non_fall,non_fall,0.0006883869064040482,none,forward,0.676904559135437
w25_00000606,bits,C:\Users\ADMIN\Desktop\ds-fall\data\raw\Dataset\adl\user17\user17_adl11.csv,C:\Users\ADMIN\Desktop\ds-fall\data\raw\Dataset,user17,user17_adl11,adl11,nearly_sitting_and_getting_up,nearly_sitting_and_getting_up,0,none,False,12,62,0.48,2.48,25.0,50,12,"ax,ay,az,gx,gy,gz,acc_mag,gyro_mag,jerk,roll,pitch,tilt_delta",20.0,25.0,uniform_20hz_time_interpolation_to_25hz,adl_sliding_capped,233,291,,,dataset_unit_map,wrist,bits,m/s^2,rad/s,m/s^2,rad/s,1.0,1.0,True,test,non_fall,non_fall,0.0007245820015668869,none,forward,0.6996461749076843
w25_00000607,bits,C:\Users\ADMIN\Desktop\ds-fall\data\raw\Dataset\adl\user17\user17_adl11.csv,C:\Users\ADMIN\Desktop\ds-fall\data\raw\Dataset,user17,user17_adl11,adl11,nearly_sitting_and_getting_up,nearly_sitting_and_getting_up,0,none,False,24,74,0.96,2.96,25.0,50,12,"ax,ay,az,gx,gy,gz,acc_mag,gyro_mag,jerk,roll,pitch,tilt_delta",20.0,25.0,uniform_20hz_time_interpolation_to_25hz,adl_sliding_capped,233,291,,,dataset_unit_map,wrist,bits,m/s^2,rad/s,m/s^2,rad/s,1.0,1.0,True,test,non_fall,non_fall,0.0006744370330125093,none,forward,0.6904434561729431
w25_00000608,bits,C:\Users\ADMIN\Desktop\ds-fall\data\raw\Dataset\adl\user17\user17_adl11.csv,C:\Users\ADMIN\Desktop\ds-fall\data\raw\Dataset,user17,user17_adl11,adl11,nearly_sitting_and_getting_up,nearly_sitting_and_getting_up,0,none,False,36,86,1.44,3.44,25.0,50,12,"ax,ay,az,gx,gy,gz,acc_mag,gyro_mag,jerk,roll,pitch,tilt_delta",20.0,25.0,uniform_20hz_time_interpolation_to_25hz,adl_sliding_capped,233,291,,,dataset_unit_map,wrist,bits,m/s^2,rad/s,m/s^2,rad/s,1.0,1.0,True,test,non_fall,non_fall,0.0006556957960128784,none,forward,0.700354278087616
w25_00000609,bits,C:\Users\ADMIN\Desktop\ds-fall\data\raw\Dataset\adl\user17\user17_adl11.csv,C:\Users\ADMIN\Desktop\ds-fall\data\raw\Dataset,user17,user17_adl11,adl11,nearly_sitting_and_getting_up,nearly_sitting_and_getting_up,0,none,False,48,98,1.92,3.92,25.0,50,12,"ax,ay,az,gx,gy,gz,acc_mag,gyro_mag,jerk,roll,pitch,tilt_delta",20.0,25.0,uniform_20hz_time_interpolation_to_25hz,adl_sliding_capped,233,291,,,dataset_unit_map,wrist,bits,m/s^2,rad/s,m/s^2,rad/s,1.0,1.0,True,test,non_fall,non_fall,0.0006797444657422602,none,forward,0.7175043821334839
w25_00000610,bits,C:\Users\ADMIN\Desktop\ds-fall\data\raw\Dataset\adl\user17\user17_adl12.csv,C:\Users\ADMIN\Desktop\ds-fall\data\raw\Dataset,user17,user17_adl12,adl12,swinging_hands,swinging_hands,0,none,False,0,50,0.0,2.0,25.0,50,12,"ax,ay,az,gx,gy,gz,acc_mag,gyro_mag,jerk,roll,pitch,tilt_delta",20.0,25.0,uniform_20hz_time_interpolation_to_25hz,adl_sliding_capped,375,468,,,dataset_unit_map,wrist,bits,m/s^2,rad/s,m/s^2,rad/s,1.0,1.0,True,test,non_fall,non_fall,0.00485586654394865,none,forward,0.8495339155197144
w25_00000611,bits,C:\Users\ADMIN\Desktop\ds-fall\data\raw\Dataset\adl\user17\user17_adl12.csv,C:\Users\ADMIN\Desktop\ds-fall\data\raw\Dataset,user17,user17_adl12,adl12,swinging_hands,swinging_hands,0,none,False,12,62,0.48,2.48,25.0,50,12,"ax,ay,az,gx,gy,gz,acc_mag,gyro_mag,jerk,roll,pitch,tilt_delta",20.0,25.0,uniform_20hz_time_interpolation_to_25hz,adl_sliding_capped,375,468,,,dataset_unit_map,wrist,bits,m/s^2,rad/s,m/s^2,rad/s,1.0,1.0,True,test,non_fall,non_fall,9.712522296467796e-05,none,forward,0.6276290416717529
w25_00000612,bits,C:\Users\ADMIN\Desktop\ds-fall\data\raw\Dataset\adl\user17\user17_adl12.csv,C:\Users\ADMIN\Desktop\ds-fall\data\raw\Dataset,user17,user17_adl12,adl12,swinging_hands,swinging_hands,0,none,False,24,74,0.96,2.96,25.0,50,12,"ax,ay,az,gx,gy,gz,acc_mag,gyro_mag,jerk,roll,pitch,tilt_delta",20.0,25.0,uniform_20hz_time_interpolation_to_25hz,adl_sliding_capped,375,468,,,dataset_unit_map,wrist,bits,m/s^2,rad/s,m/s^2,rad/s,1.0,1.0,True,test,non_fall,non_fall,0.00020983444119337946,none,forward,0.6855548620223999
w25_00000613,bits,C:\Users\ADMIN\Desktop\ds-fall\data\raw\Dataset\adl\user17\user17_adl12.csv,C:\Users\ADMIN\Desktop\ds-fall\data\raw\Dataset,user17,user17_adl12,adl12,swinging_hands,swinging_hands,0,none,False,36,86,1.44,3.44,25.0,50,12,"ax,ay,az,gx,gy,gz,acc_mag,gyro_mag,jerk,roll,pitch,tilt_delta",20.0,25.0,uniform_20hz_time_interpolation_to_25hz,adl_sliding_capped,375,468,,,dataset_unit_map,wrist,bits,m/s^2,rad/s,m/s^2,rad/s,1.0,1.0,True,test,non_fall,non_fall,0.0009028212516568601,none,lateral,0.575971245765686
w25_00000614,bits,C:\Users\ADMIN\Desktop\ds-fall\data\raw\Dataset\adl\user17\user17_adl12.csv,C:\Users\ADMIN\Desktop\ds-fall\data\raw\Dataset,user17,user17_adl12,adl12,swinging_hands,swinging_hands,0,none,False,48,98,1.92,3.92,25.0,50,12,"ax,ay,az,gx,gy,gz,acc_mag,gyro_mag,jerk,roll,pitch,tilt_delta",20.0,25.0,uniform_20hz_time_interpolation_to_25hz,adl_sliding_capped,375,468,,,dataset_unit_map,wrist,bits,m/s^2,rad/s,m/s^2,rad/s,1.0,1.0,True,test,non_fall,non_fall,0.001272400375455618,none,lateral,0.8148001432418823
w25_00000615,bits,C:\Users\ADMIN\Desktop\ds-fall\data\raw\Dataset\adl\user17\user17_adl13.csv,C:\Users\ADMIN\Desktop\ds-fall\data\raw\Dataset,user17,user17_adl13,adl13,lying_on_bed,lying_on_bed,0,none,False,0,50,0.0,2.0,25.0,50,12,"ax,ay,az,gx,gy,gz,acc_mag,gyro_mag,jerk,roll,pitch,tilt_delta",20.0,25.0,uniform_20hz_time_interpolation_to_25hz,adl_sliding_capped,495,618,,,dataset_unit_map,wrist,bits,m/s^2,rad/s,m/s^2,rad/s,1.0,1.0,True,test,non_fall,non_fall,0.00021674564050044864,none,forward,0.5899144411087036
w25_00000616,bits,C:\Users\ADMIN\Desktop\ds-fall\data\raw\Dataset\adl\user17\user17_adl13.csv,C:\Users\ADMIN\Desktop\ds-fall\data\raw\Dataset,user17,user17_adl13,adl13,lying_on_bed,lying_on_bed,0,none,False,12,62,0.48,2.48,25.0,50,12,"ax,ay,az,gx,gy,gz,acc_mag,gyro_mag,jerk,roll,pitch,tilt_delta",20.0,25.0,uniform_20hz_time_interpolation_to_25hz,adl_sliding_capped,495,618,,,dataset_unit_map,wrist,bits,m/s^2,rad/s,m/s^2,rad/s,1.0,1.0,True,test,non_fall,non_fall,0.0002434479392832145,none,forward,0.6478182077407837
w25_00000617,bits,C:\Users\ADMIN\Desktop\ds-fall\data\raw\Dataset\adl\user17\user17_adl13.csv,C:\Users\ADMIN\Desktop\ds-fall\data\raw\Dataset,user17,user17_adl13,adl13,lying_on_bed,lying_on_bed,0,none,False,24,74,0.96,2.96,25.0,50,12,"ax,ay,az,gx,gy,gz,acc_mag,gyro_mag,jerk,roll,pitch,tilt_delta",20.0,25.0,uniform_20hz_time_interpolation_to_25hz,adl_sliding_capped,495,618,,,dataset_unit_map,wrist,bits,m/s^2,rad/s,m/s^2,rad/s,1.0,1.0,True,test,non_fall,non_fall,0.00023604756279382855,none,forward,0.6068738102912903
w25_00000618,bits,C:\Users\ADMIN\Desktop\ds-fall\data\raw\Dataset\adl\user17\user17_adl13.csv,C:\Users\ADMIN\Desktop\ds-fall\data\raw\Dataset,user17,user17_adl13,adl13,lying_on_bed,lying_on_bed,0,none,False,36,86,1.44,3.44,25.0,50,12,"ax,ay,az,gx,gy,gz,acc_mag,gyro_mag,jerk,roll,pitch,tilt_delta",20.0,25.0,uniform_20hz_time_interpolation_to_25hz,adl_sliding_capped,495,618,,,dataset_unit_map,wrist,bits,m/s^2,rad/s,m/s^2,rad/s,1.0,1.0,True,test,non_fall,non_fall,0.00018410485063213855,none,forward,0.6246300339698792
w25_00000619,bits,C:\Users\ADMIN\Desktop\ds-fall\data\raw\Dataset\adl\user17\user17_adl13.csv,C:\Users\ADMIN\Desktop\ds-fall\data\raw\Dataset,user17,user17_adl13,adl13,lying_on_bed,lying_on_bed,0,none,False,48,98,1.92,3.92,25.0,50,12,"ax,ay,az,gx,gy,gz,acc_mag,gyro_mag,jerk,roll,pitch,tilt_delta",20.0,25.0,uniform_20hz_time_interpolation_to_25hz,adl_sliding_capped,495,618,,,dataset_unit_map,wrist,bits,m/s^2,rad/s,m/s^2,rad/s,1.0,1.0,True,test,non_fall,non_fall,0.00015575466386508197,none,forward,0.600472092628479
w25_00000620,bits,C:\Users\ADMIN\Desktop\ds-fall\data\raw\Dataset\adl\user17\user17_adl14.csv,C:\Users\ADMIN\Desktop\ds-fall\data\raw\Dataset,user17,user17_adl14,adl14,lying_on_back_getting_up_slowly,lying_on_back_getting_up_slowly,0,none,False,0,50,0.0,2.0,25.0,50,12,"ax,ay,az,gx,gy,gz,acc_mag,gyro_mag,jerk,roll,pitch,tilt_delta",20.0,25.0,uniform_20hz_time_interpolation_to_25hz,adl_sliding_capped,570,712,,,dataset_unit_map,wrist,bits,m/s^2,rad/s,m/s^2,rad/s,1.0,1.0,True,test,non_fall,non_fall,0.00044011761201545596,none,forward,0.7013786435127258
w25_00000621,bits,C:\Users\ADMIN\Desktop\ds-fall\data\raw\Dataset\adl\user17\user17_adl14.csv,C:\Users\ADMIN\Desktop\ds-fall\data\raw\Dataset,user17,user17_adl14,adl14,lying_on_back_getting_up_slowly,lying_on_back_getting_up_slowly,0,none,False,12,62,0.48,2.48,25.0,50,12,"ax,ay,az,gx,gy,gz,acc_mag,gyro_mag,jerk,roll,pitch,tilt_delta",20.0,25.0,uniform_20hz_time_interpolation_to_25hz,adl_sliding_capped,570,712,,,dataset_unit_map,wrist,bits,m/s^2,rad/s,m/s^2,rad/s,1.0,1.0,True,test,non_fall,non_fall,0.0004468221159186214,none,forward,0.6496155858039856
w25_00000622,bits,C:\Users\ADMIN\Desktop\ds-fall\data\raw\Dataset\adl\user17\user17_adl14.csv,C:\Users\ADMIN\Desktop\ds-fall\data\raw\Dataset,user17,user17_adl14,adl14,lying_on_back_getting_up_slowly,lying_on_back_getting_up_slowly,0,none,False,24,74,0.96,2.96,25.0,50,12,"ax,ay,az,gx,gy,gz,acc_mag,gyro_mag,jerk,roll,pitch,tilt_delta",20.0,25.0,uniform_20hz_time_interpolation_to_25hz,adl_sliding_capped,570,712,,,dataset_unit_map,wrist,bits,m/s^2,rad/s,m/s^2,rad/s,1.0,1.0,True,test,non_fall,non_fall,0.00044135385542176664,none,forward,0.7164344787597656
w25_00000623,bits,C:\Users\ADMIN\Desktop\ds-fall\data\raw\Dataset\adl\user17\user17_adl14.csv,C:\Users\ADMIN\Desktop\ds-fall\data\raw\Dataset,user17,user17_adl14,adl14,lying_on_back_getting_up_slowly,lying_on_back_getting_up_slowly,0,none,False,36,86,1.44,3.44,25.0,50,12,"ax,ay,az,gx,gy,gz,acc_mag,gyro_mag,jerk,roll,pitch,tilt_delta",20.0,25.0,uniform_20hz_time_interpolation_to_25hz,adl_sliding_capped,570,712,,,dataset_unit_map,wrist,bits,m/s^2,rad/s,m/s^2,rad/s,1.0,1.0,True,test,non_fall,non_fall,0.0005121527356095612,none,forward,0.6584850549697876
w25_00000624,bits,C:\Users\ADMIN\Desktop\ds-fall\data\raw\Dataset\adl\user17\user17_adl14.csv,C:\Users\ADMIN\Desktop\ds-fall\data\raw\Dataset,user17,user17_adl14,adl14,lying_on_back_getting_up_slowly,lying_on_back_getting_up_slowly,0,none,False,48,98,1.92,3.92,25.0,50,12,"ax,ay,az,gx,gy,gz,acc_mag,gyro_mag,jerk,roll,pitch,tilt_delta",20.0,25.0,uniform_20hz_time_interpolation_to_25hz,adl_sliding_capped,570,712,,,dataset_unit_map,wrist,bits,m/s^2,rad/s,m/s^2,rad/s,1.0,1.0,True,test,non_fall,non_fall,0.0006334655918180943,none,forward,0.6117991209030151
w25_00000625,bits,C:\Users\ADMIN\Desktop\ds-fall\data\raw\Dataset\adl\user17\user17_adl15.csv,C:\Users\ADMIN\Desktop\ds-fall\data\raw\Dataset,user17,user17_adl15,adl15,lying_on_back_getting_up_normally,lying_on_back_getting_up_normally,0,none,False,0,50,0.0,2.0,25.0,50,12,"ax,ay,az,gx,gy,gz,acc_mag,gyro_mag,jerk,roll,pitch,tilt_delta",20.0,25.0,uniform_20hz_time_interpolation_to_25hz,adl_sliding_capped,429,536,,,dataset_unit_map,wrist,bits,m/s^2,rad/s,m/s^2,rad/s,1.0,1.0,True,test,non_fall,non_fall,2.112178844981827e-05,none,backward,0.5890631675720215
w25_00000626,bits,C:\Users\ADMIN\Desktop\ds-fall\data\raw\Dataset\adl\user17\user17_adl15.csv,C:\Users\ADMIN\Desktop\ds-fall\data\raw\Dataset,user17,user17_adl15,adl15,lying_on_back_getting_up_normally,lying_on_back_getting_up_normally,0,none,False,12,62,0.48,2.48,25.0,50,12,"ax,ay,az,gx,gy,gz,acc_mag,gyro_mag,jerk,roll,pitch,tilt_delta",20.0,25.0,uniform_20hz_time_interpolation_to_25hz,adl_sliding_capped,429,536,,,dataset_unit_map,wrist,bits,m/s^2,rad/s,m/s^2,rad/s,1.0,1.0,True,test,non_fall,non_fall,1.9249424440204166e-05,none,backward,0.6505977511405945
w25_00000627,bits,C:\Users\ADMIN\Desktop\ds-fall\data\raw\Dataset\adl\user17\user17_adl15.csv,C:\Users\ADMIN\Desktop\ds-fall\data\raw\Dataset,user17,user17_adl15,adl15,lying_on_back_getting_up_normally,lying_on_back_getting_up_normally,0,none,False,24,74,0.96,2.96,25.0,50,12,"ax,ay,az,gx,gy,gz,acc_mag,gyro_mag,jerk,roll,pitch,tilt_delta",20.0,25.0,uniform_20hz_time_interpolation_to_25hz,adl_sliding_capped,429,536,,,dataset_unit_map,wrist,bits,m/s^2,rad/s,m/s^2,rad/s,1.0,1.0,True,test,non_fall,non_fall,2.8358963390928693e-05,none,backward,0.5851758122444153
w25_00000628,bits,C:\Users\ADMIN\Desktop\ds-fall\data\raw\Dataset\adl\user17\user17_adl15.csv,C:\Users\ADMIN\Desktop\ds-fall\data\raw\Dataset,user17,user17_adl15,adl15,lying_on_back_getting_up_normally,lying_on_back_getting_up_normally,0,none,False,36,86,1.44,3.44,25.0,50,12,"ax,ay,az,gx,gy,gz,acc_mag,gyro_mag,jerk,roll,pitch,tilt_delta",20.0,25.0,uniform_20hz_time_interpolation_to_25hz,adl_sliding_capped,429,536,,,dataset_unit_map,wrist,bits,m/s^2,rad/s,m/s^2,rad/s,1.0,1.0,True,test,non_fall,non_fall,5.577152478508651e-05,none,backward,0.5397736430168152
w25_00000629,bits,C:\Users\ADMIN\Desktop\ds-fall\data\raw\Dataset\adl\user17\user17_adl15.csv,C:\Users\ADMIN\Desktop\ds-fall\data\raw\Dataset,user17,user17_adl15,adl15,lying_on_back_getting_up_normally,lying_on_back_getting_up_normally,0,none,False,48,98,1.92,3.92,25.0,50,12,"ax,ay,az,gx,gy,gz,acc_mag,gyro_mag,jerk,roll,pitch,tilt_delta",20.0,25.0,uniform_20hz_time_interpolation_to_25hz,adl_sliding_capped,429,536,,,dataset_unit_map,wrist,bits,m/s^2,rad/s,m/s^2,rad/s,1.0,1.0,True,test,non_fall,non_fall,9.330070315627381e-05,none,backward,0.555356502532959
w25_00000630,bits,C:\Users\ADMIN\Desktop\ds-fall\data\raw\Dataset\adl\user17\user17_adl16.csv,C:\Users\ADMIN\Desktop\ds-fall\data\raw\Dataset,user17,user17_adl16,adl16,lying_sideways_to_back,lying_sideways_to_back,0,none,False,0,50,0.0,2.0,25.0,50,12,"ax,ay,az,gx,gy,gz,acc_mag,gyro_mag,jerk,roll,pitch,tilt_delta",20.0,25.0,uniform_20hz_time_interpolation_to_25hz,adl_sliding_capped,349,436,,,dataset_unit_map,wrist,bits,m/s^2,rad/s,m/s^2,rad/s,1.0,1.0,True,test,non_fall,non_fall,0.0002192258252762258,none,backward,0.6965662240982056
w25_00000631,bits,C:\Users\ADMIN\Desktop\ds-fall\data\raw\Dataset\adl\user17\user17_adl16.csv,C:\Users\ADMIN\Desktop\ds-fall\data\raw\Dataset,user17,user17_adl16,adl16,lying_sideways_to_back,lying_sideways_to_back,0,none,False,12,62,0.48,2.48,25.0,50,12,"ax,ay,az,gx,gy,gz,acc_mag,gyro_mag,jerk,roll,pitch,tilt_delta",20.0,25.0,uniform_20hz_time_interpolation_to_25hz,adl_sliding_capped,349,436,,,dataset_unit_map,wrist,bits,m/s^2,rad/s,m/s^2,rad/s,1.0,1.0,True,test,non_fall,non_fall,0.00022099899069871753,none,backward,0.6971701383590698
w25_00000632,bits,C:\Users\ADMIN\Desktop\ds-fall\data\raw\Dataset\adl\user17\user17_adl16.csv,C:\Users\ADMIN\Desktop\ds-fall\data\raw\Dataset,user17,user17_adl16,adl16,lying_sideways_to_back,lying_sideways_to_back,0,none,False,24,74,0.96,2.96,25.0,50,12,"ax,ay,az,gx,gy,gz,acc_mag,gyro_mag,jerk,roll,pitch,tilt_delta",20.0,25.0,uniform_20hz_time_interpolation_to_25hz,adl_sliding_capped,349,436,,,dataset_unit_map,wrist,bits,m/s^2,rad/s,m/s^2,rad/s,1.0,1.0,True,test,non_fall,non_fall,0.00021847148309461772,none,backward,0.6961101293563843
w25_00000633,bits,C:\Users\ADMIN\Desktop\ds-fall\data\raw\Dataset\adl\user17\user17_adl16.csv,C:\Users\ADMIN\Desktop\ds-fall\data\raw\Dataset,user17,user17_adl16,adl16,lying_sideways_to_back,lying_sideways_to_back,0,none,False,36,86,1.44,3.44,25.0,50,12,"ax,ay,az,gx,gy,gz,acc_mag,gyro_mag,jerk,roll,pitch,tilt_delta",20.0,25.0,uniform_20hz_time_interpolation_to_25hz,adl_sliding_capped,349,436,,,dataset_unit_map,wrist,bits,m/s^2,rad/s,m/s^2,rad/s,1.0,1.0,True,test,non_fall,non_fall,0.00021469502826221287,none,backward,0.6974400281906128
w25_00000634,bits,C:\Users\ADMIN\Desktop\ds-fall\data\raw\Dataset\adl\user17\user17_adl16.csv,C:\Users\ADMIN\Desktop\ds-fall\data\raw\Dataset,user17,user17_adl16,adl16,lying_sideways_to_back,lying_sideways_to_back,0,none,False,48,98,1.92,3.92,25.0,50,12,"ax,ay,az,gx,gy,gz,acc_mag,gyro_mag,jerk,roll,pitch,tilt_delta",20.0,25.0,uniform_20hz_time_interpolation_to_25hz,adl_sliding_capped,349,436,,,dataset_unit_map,wrist,bits,m/s^2,rad/s,m/s^2,rad/s,1.0,1.0,True,test,non_fall,non_fall,0.00022067029203753918,none,backward,0.7038290500640869
w25_00000635,bits,C:\Users\ADMIN\Desktop\ds-fall\data\raw\Dataset\adl\user17\user17_adl2.csv,C:\Users\ADMIN\Desktop\ds-fall\data\raw\Dataset,user17,user17_adl2,adl2,walking_quickly,walking_quickly,0,none,False,0,50,0.0,2.0,25.0,50,12,"ax,ay,az,gx,gy,gz,acc_mag,gyro_mag,jerk,roll,pitch,tilt_delta",20.0,25.0,uniform_20hz_time_interpolation_to_25hz,adl_sliding_capped,425,531,,,dataset_unit_map,wrist,bits,m/s^2,rad/s,m/s^2,rad/s,1.0,1.0,True,test,non_fall,non_fall,0.0003352686471771449,none,forward,0.775011420249939
w25_00000636,bits,C:\Users\ADMIN\Desktop\ds-fall\data\raw\Dataset\adl\user17\user17_adl2.csv,C:\Users\ADMIN\Desktop\ds-fall\data\raw\Dataset,user17,user17_adl2,adl2,walking_quickly,walking_quickly,0,none,False,12,62,0.48,2.48,25.0,50,12,"ax,ay,az,gx,gy,gz,acc_mag,gyro_mag,jerk,roll,pitch,tilt_delta",20.0,25.0,uniform_20hz_time_interpolation_to_25hz,adl_sliding_capped,425,531,,,dataset_unit_map,wrist,bits,m/s^2,rad/s,m/s^2,rad/s,1.0,1.0,True,test,non_fall,non_fall,0.00019764431635849178,none,forward,0.9031479358673096
w25_00000637,bits,C:\Users\ADMIN\Desktop\ds-fall\data\raw\Dataset\adl\user17\user17_adl2.csv,C:\Users\ADMIN\Desktop\ds-fall\data\raw\Dataset,user17,user17_adl2,adl2,walking_quickly,walking_quickly,0,none,False,24,74,0.96,2.96,25.0,50,12,"ax,ay,az,gx,gy,gz,acc_mag,gyro_mag,jerk,roll,pitch,tilt_delta",20.0,25.0,uniform_20hz_time_interpolation_to_25hz,adl_sliding_capped,425,531,,,dataset_unit_map,wrist,bits,m/s^2,rad/s,m/s^2,rad/s,1.0,1.0,True,test,non_fall,non_fall,7.489513518521562e-05,none,forward,0.9616332054138184
w25_00000638,bits,C:\Users\ADMIN\Desktop\ds-fall\data\raw\Dataset\adl\user17\user17_adl2.csv,C:\Users\ADMIN\Desktop\ds-fall\data\raw\Dataset,user17,user17_adl2,adl2,walking_quickly,walking_quickly,0,none,False,36,86,1.44,3.44,25.0,50,12,"ax,ay,az,gx,gy,gz,acc_mag,gyro_mag,jerk,roll,pitch,tilt_delta",20.0,25.0,uniform_20hz_time_interpolation_to_25hz,adl_sliding_capped,425,531,,,dataset_unit_map,wrist,bits,m/s^2,rad/s,m/s^2,rad/s,1.0,1.0,True,test,non_fall,non_fall,0.0009922978933900595,none,forward,0.9089483618736267
w25_00000639,bits,C:\Users\ADMIN\Desktop\ds-fall\data\raw\Dataset\adl\user17\user17_adl2.csv,C:\Users\ADMIN\Desktop\ds-fall\data\raw\Dataset,user17,user17_adl2,adl2,walking_quickly,walking_quickly,0,none,False,48,98,1.92,3.92,25.0,50,12,"ax,ay,az,gx,gy,gz,acc_mag,gyro_mag,jerk,roll,pitch,tilt_delta",20.0,25.0,uniform_20hz_time_interpolation_to_25hz,adl_sliding_capped,425,531,,,dataset_unit_map,wrist,bits,m/s^2,rad/s,m/s^2,rad/s,1.0,1.0,True,test,non_fall,non_fall,0.0005046870210207999,none,forward,0.9029198884963989
w25_00000640,bits,C:\Users\ADMIN\Desktop\ds-fall\data\raw\Dataset\adl\user17\user17_adl3.csv,C:\Users\ADMIN\Desktop\ds-fall\data\raw\Dataset,user17,user17_adl3,adl3,jogging,jogging,0,none,False,0,50,0.0,2.0,25.0,50,12,"ax,ay,az,gx,gy,gz,acc_mag,gyro_mag,jerk,roll,pitch,tilt_delta",20.0,25.0,uniform_20hz_time_interpolation_to_25hz,adl_sliding_capped,1621,2026,,,dataset_unit_map,wrist,bits,m/s^2,rad/s,m/s^2,rad/s,1.0,1.0,True,test,non_fall,non_fall,1.0527736776566599e-05,none,backward,0.7723754644393921
w25_00000641,bits,C:\Users\ADMIN\Desktop\ds-fall\data\raw\Dataset\adl\user17\user17_adl3.csv,C:\Users\ADMIN\Desktop\ds-fall\data\raw\Dataset,user17,user17_adl3,adl3,jogging,jogging,0,none,False,12,62,0.48,2.48,25.0,50,12,"ax,ay,az,gx,gy,gz,acc_mag,gyro_mag,jerk,roll,pitch,tilt_delta",20.0,25.0,uniform_20hz_time_interpolation_to_25hz,adl_sliding_capped,1621,2026,,,dataset_unit_map,wrist,bits,m/s^2,rad/s,m/s^2,rad/s,1.0,1.0,True,test,non_fall,non_fall,1.0114845281350426e-05,none,backward,0.8579608798027039
w25_00000642,bits,C:\Users\ADMIN\Desktop\ds-fall\data\raw\Dataset\adl\user17\user17_adl3.csv,C:\Users\ADMIN\Desktop\ds-fall\data\raw\Dataset,user17,user17_adl3,adl3,jogging,jogging,0,none,False,24,74,0.96,2.96,25.0,50,12,"ax,ay,az,gx,gy,gz,acc_mag,gyro_mag,jerk,roll,pitch,tilt_delta",20.0,25.0,uniform_20hz_time_interpolation_to_25hz,adl_sliding_capped,1621,2026,,,dataset_unit_map,wrist,bits,m/s^2,rad/s,m/s^2,rad/s,1.0,1.0,True,test,non_fall,non_fall,2.9610116598632885e-06,none,backward,0.8393113613128662
w25_00000643,bits,C:\Users\ADMIN\Desktop\ds-fall\data\raw\Dataset\adl\user17\user17_adl3.csv,C:\Users\ADMIN\Desktop\ds-fall\data\raw\Dataset,user17,user17_adl3,adl3,jogging,jogging,0,none,False,36,86,1.44,3.44,25.0,50,12,"ax,ay,az,gx,gy,gz,acc_mag,gyro_mag,jerk,roll,pitch,tilt_delta",20.0,25.0,uniform_20hz_time_interpolation_to_25hz,adl_sliding_capped,1621,2026,,,dataset_unit_map,wrist,bits,m/s^2,rad/s,m/s^2,rad/s,1.0,1.0,True,test,non_fall,non_fall,8.05757736088708e-06,none,backward,0.8410115242004395
w25_00000644,bits,C:\Users\ADMIN\Desktop\ds-fall\data\raw\Dataset\adl\user17\user17_adl3.csv,C:\Users\ADMIN\Desktop\ds-fall\data\raw\Dataset,user17,user17_adl3,adl3,jogging,jogging,0,none,False,48,98,1.92,3.92,25.0,50,12,"ax,ay,az,gx,gy,gz,acc_mag,gyro_mag,jerk,roll,pitch,tilt_delta",20.0,25.0,uniform_20hz_time_interpolation_to_25hz,adl_sliding_capped,1621,2026,,,dataset_unit_map,wrist,bits,m/s^2,rad/s,m/s^2,rad/s,1.0,1.0,True,test,non_fall,non_fall,4.9895475058292504e-06,none,backward,0.8554007411003113
w25_00000645,bits,C:\Users\ADMIN\Desktop\ds-fall\data\raw\Dataset\adl\user17\user17_adl4.csv,C:\Users\ADMIN\Desktop\ds-fall\data\raw\Dataset,user17,user17_adl4,adl4,jumping,jumping,0,none,False,0,50,0.0,2.0,25.0,50,12,"ax,ay,az,gx,gy,gz,acc_mag,gyro_mag,jerk,roll,pitch,tilt_delta",20.0,25.0,uniform_20hz_time_interpolation_to_25hz,adl_sliding_capped,708,884,,,dataset_unit_map,wrist,bits,m/s^2,rad/s,m/s^2,rad/s,1.0,1.0,True,test,non_fall,non_fall,0.00011983923468505964,none,backward,0.47369056940078735
w25_00000646,bits,C:\Users\ADMIN\Desktop\ds-fall\data\raw\Dataset\adl\user17\user17_adl4.csv,C:\Users\ADMIN\Desktop\ds-fall\data\raw\Dataset,user17,user17_adl4,adl4,jumping,jumping,0,none,False,12,62,0.48,2.48,25.0,50,12,"ax,ay,az,gx,gy,gz,acc_mag,gyro_mag,jerk,roll,pitch,tilt_delta",20.0,25.0,uniform_20hz_time_interpolation_to_25hz,adl_sliding_capped,708,884,,,dataset_unit_map,wrist,bits,m/s^2,rad/s,m/s^2,rad/s,1.0,1.0,True,test,non_fall,non_fall,0.00018447755428496748,none,backward,0.5916150212287903
w25_00000647,bits,C:\Users\ADMIN\Desktop\ds-fall\data\raw\Dataset\adl\user17\user17_adl4.csv,C:\Users\ADMIN\Desktop\ds-fall\data\raw\Dataset,user17,user17_adl4,adl4,jumping,jumping,0,none,False,24,74,0.96,2.96,25.0,50,12,"ax,ay,az,gx,gy,gz,acc_mag,gyro_mag,jerk,roll,pitch,tilt_delta",20.0,25.0,uniform_20hz_time_interpolation_to_25hz,adl_sliding_capped,708,884,,,dataset_unit_map,wrist,bits,m/s^2,rad/s,m/s^2,rad/s,1.0,1.0,True,test,non_fall,non_fall,0.0001951868471223861,none,backward,0.589564859867096
w25_00000648,bits,C:\Users\ADMIN\Desktop\ds-fall\data\raw\Dataset\adl\user17\user17_adl4.csv,C:\Users\ADMIN\Desktop\ds-fall\data\raw\Dataset,user17,user17_adl4,adl4,jumping,jumping,0,none,False,36,86,1.44,3.44,25.0,50,12,"ax,ay,az,gx,gy,gz,acc_mag,gyro_mag,jerk,roll,pitch,tilt_delta",20.0,25.0,uniform_20hz_time_interpolation_to_25hz,adl_sliding_capped,708,884,,,dataset_unit_map,wrist,bits,m/s^2,rad/s,m/s^2,rad/s,1.0,1.0,True,test,non_fall,non_fall,0.0005136785912327468,none,backward,0.4998342990875244
w25_00000649,bits,C:\Users\ADMIN\Desktop\ds-fall\data\raw\Dataset\adl\user17\user17_adl4.csv,C:\Users\ADMIN\Desktop\ds-fall\data\raw\Dataset,user17,user17_adl4,adl4,jumping,jumping,0,none,False,48,98,1.92,3.92,25.0,50,12,"ax,ay,az,gx,gy,gz,acc_mag,gyro_mag,jerk,roll,pitch,tilt_delta",20.0,25.0,uniform_20hz_time_interpolation_to_25hz,adl_sliding_capped,708,884,,,dataset_unit_map,wrist,bits,m/s^2,rad/s,m/s^2,rad/s,1.0,1.0,True,test,non_fall,non_fall,5.6558688811492175e-05,none,backward,0.7599661946296692
w25_00000650,bits,C:\Users\ADMIN\Desktop\ds-fall\data\raw\Dataset\adl\user17\user17_adl5.csv,C:\Users\ADMIN\Desktop\ds-fall\data\raw\Dataset,user17,user17_adl5,adl5,climbing_up_slowly,climbing_up_slowly,0,none,False,0,50,0.0,2.0,25.0,50,12,"ax,ay,az,gx,gy,gz,acc_mag,gyro_mag,jerk,roll,pitch,tilt_delta",20.0,25.0,uniform_20hz_time_interpolation_to_25hz,adl_sliding_capped,182,227,,,dataset_unit_map,wrist,bits,m/s^2,rad/s,m/s^2,rad/s,1.0,1.0,True,test,non_fall,non_fall,0.0001219042605953291,none,forward,0.8166982531547546
w25_00000651,bits,C:\Users\ADMIN\Desktop\ds-fall\data\raw\Dataset\adl\user17\user17_adl5.csv,C:\Users\ADMIN\Desktop\ds-fall\data\raw\Dataset,user17,user17_adl5,adl5,climbing_up_slowly,climbing_up_slowly,0,none,False,12,62,0.48,2.48,25.0,50,12,"ax,ay,az,gx,gy,gz,acc_mag,gyro_mag,jerk,roll,pitch,tilt_delta",20.0,25.0,uniform_20hz_time_interpolation_to_25hz,adl_sliding_capped,182,227,,,dataset_unit_map,wrist,bits,m/s^2,rad/s,m/s^2,rad/s,1.0,1.0,True,test,non_fall,non_fall,0.00043038756120949984,none,forward,0.7547059059143066
w25_00000652,bits,C:\Users\ADMIN\Desktop\ds-fall\data\raw\Dataset\adl\user17\user17_adl5.csv,C:\Users\ADMIN\Desktop\ds-fall\data\raw\Dataset,user17,user17_adl5,adl5,climbing_up_slowly,climbing_up_slowly,0,none,False,24,74,0.96,2.96,25.0,50,12,"ax,ay,az,gx,gy,gz,acc_mag,gyro_mag,jerk,roll,pitch,tilt_delta",20.0,25.0,uniform_20hz_time_interpolation_to_25hz,adl_sliding_capped,182,227,,,dataset_unit_map,wrist,bits,m/s^2,rad/s,m/s^2,rad/s,1.0,1.0,True,test,non_fall,non_fall,0.0007595352944917977,none,forward,0.7616730332374573
w25_00000653,bits,C:\Users\ADMIN\Desktop\ds-fall\data\raw\Dataset\adl\user17\user17_adl5.csv,C:\Users\ADMIN\Desktop\ds-fall\data\raw\Dataset,user17,user17_adl5,adl5,climbing_up_slowly,climbing_up_slowly,0,none,False,36,86,1.44,3.44,25.0,50,12,"ax,ay,az,gx,gy,gz,acc_mag,gyro_mag,jerk,roll,pitch,tilt_delta",20.0,25.0,uniform_20hz_time_interpolation_to_25hz,adl_sliding_capped,182,227,,,dataset_unit_map,wrist,bits,m/s^2,rad/s,m/s^2,rad/s,1.0,1.0,True,test,non_fall,non_fall,0.0011396603658795357,none,forward,0.6297295689582825
w25_00000654,bits,C:\Users\ADMIN\Desktop\ds-fall\data\raw\Dataset\adl\user17\user17_adl5.csv,C:\Users\ADMIN\Desktop\ds-fall\data\raw\Dataset,user17,user17_adl5,adl5,climbing_up_slowly,climbing_up_slowly,0,none,False,48,98,1.92,3.92,25.0,50,12,"ax,ay,az,gx,gy,gz,acc_mag,gyro_mag,jerk,roll,pitch,tilt_delta",20.0,25.0,uniform_20hz_time_interpolation_to_25hz,adl_sliding_capped,182,227,,,dataset_unit_map,wrist,bits,m/s^2,rad/s,m/s^2,rad/s,1.0,1.0,True,test,non_fall,non_fall,0.0006750865140929818,none,forward,0.8297719955444336
w25_00000655,bits,C:\Users\ADMIN\Desktop\ds-fall\data\raw\Dataset\adl\user17\user17_adl6.csv,C:\Users\ADMIN\Desktop\ds-fall\data\raw\Dataset,user17,user17_adl6,adl6,climbing_down_slowly,climbing_down_slowly,0,none,False,0,50,0.0,2.0,25.0,50,12,"ax,ay,az,gx,gy,gz,acc_mag,gyro_mag,jerk,roll,pitch,tilt_delta",20.0,25.0,uniform_20hz_time_interpolation_to_25hz,adl_sliding_capped,406,507,,,dataset_unit_map,wrist,bits,m/s^2,rad/s,m/s^2,rad/s,1.0,1.0,True,test,non_fall,non_fall,9.213515295414254e-05,none,forward,0.9584776759147644
w25_00000656,bits,C:\Users\ADMIN\Desktop\ds-fall\data\raw\Dataset\adl\user17\user17_adl6.csv,C:\Users\ADMIN\Desktop\ds-fall\data\raw\Dataset,user17,user17_adl6,adl6,climbing_down_slowly,climbing_down_slowly,0,none,False,12,62,0.48,2.48,25.0,50,12,"ax,ay,az,gx,gy,gz,acc_mag,gyro_mag,jerk,roll,pitch,tilt_delta",20.0,25.0,uniform_20hz_time_interpolation_to_25hz,adl_sliding_capped,406,507,,,dataset_unit_map,wrist,bits,m/s^2,rad/s,m/s^2,rad/s,1.0,1.0,True,test,non_fall,non_fall,8.577050903113559e-05,none,forward,0.949965238571167
w25_00000657,bits,C:\Users\ADMIN\Desktop\ds-fall\data\raw\Dataset\adl\user17\user17_adl6.csv,C:\Users\ADMIN\Desktop\ds-fall\data\raw\Dataset,user17,user17_adl6,adl6,climbing_down_slowly,climbing_down_slowly,0,none,False,24,74,0.96,2.96,25.0,50,12,"ax,ay,az,gx,gy,gz,acc_mag,gyro_mag,jerk,roll,pitch,tilt_delta",20.0,25.0,uniform_20hz_time_interpolation_to_25hz,adl_sliding_capped,406,507,,,dataset_unit_map,wrist,bits,m/s^2,rad/s,m/s^2,rad/s,1.0,1.0,True,test,non_fall,non_fall,0.00025370801449753344,none,forward,0.6853829026222229
w25_00000658,bits,C:\Users\ADMIN\Desktop\ds-fall\data\raw\Dataset\adl\user17\user17_adl6.csv,C:\Users\ADMIN\Desktop\ds-fall\data\raw\Dataset,user17,user17_adl6,adl6,climbing_down_slowly,climbing_down_slowly,0,none,False,36,86,1.44,3.44,25.0,50,12,"ax,ay,az,gx,gy,gz,acc_mag,gyro_mag,jerk,roll,pitch,tilt_delta",20.0,25.0,uniform_20hz_time_interpolation_to_25hz,adl_sliding_capped,406,507,,,dataset_unit_map,wrist,bits,m/s^2,rad/s,m/s^2,rad/s,1.0,1.0,True,test,non_fall,non_fall,0.0005904387799091637,none,forward,0.6692886352539062
w25_00000659,bits,C:\Users\ADMIN\Desktop\ds-fall\data\raw\Dataset\adl\user17\user17_adl6.csv,C:\Users\ADMIN\Desktop\ds-fall\data\raw\Dataset,user17,user17_adl6,adl6,climbing_down_slowly,climbing_down_slowly,0,none,False,48,98,1.92,3.92,25.0,50,12,"ax,ay,az,gx,gy,gz,acc_mag,gyro_mag,jerk,roll,pitch,tilt_delta",20.0,25.0,uniform_20hz_time_interpolation_to_25hz,adl_sliding_capped,406,507,,,dataset_unit_map,wrist,bits,m/s^2,rad/s,m/s^2,rad/s,1.0,1.0,True,test,non_fall,non_fall,0.0010980780934914947,none,forward,0.9126684665679932
w25_00000660,bits,C:\Users\ADMIN\Desktop\ds-fall\data\raw\Dataset\adl\user17\user17_adl7.csv,C:\Users\ADMIN\Desktop\ds-fall\data\raw\Dataset,user17,user17_adl7,adl7,climbing_up_normally,climbing_up_normally,0,none,False,0,50,0.0,2.0,25.0,50,12,"ax,ay,az,gx,gy,gz,acc_mag,gyro_mag,jerk,roll,pitch,tilt_delta",20.0,25.0,uniform_20hz_time_interpolation_to_25hz,adl_sliding_capped,213,266,,,dataset_unit_map,wrist,bits,m/s^2,rad/s,m/s^2,rad/s,1.0,1.0,True,test,non_fall,non_fall,0.19271200895309448,none,lateral,0.9632443785667419
w25_00000661,bits,C:\Users\ADMIN\Desktop\ds-fall\data\raw\Dataset\adl\user17\user17_adl7.csv,C:\Users\ADMIN\Desktop\ds-fall\data\raw\Dataset,user17,user17_adl7,adl7,climbing_up_normally,climbing_up_normally,0,none,False,12,62,0.48,2.48,25.0,50,12,"ax,ay,az,gx,gy,gz,acc_mag,gyro_mag,jerk,roll,pitch,tilt_delta",20.0,25.0,uniform_20hz_time_interpolation_to_25hz,adl_sliding_capped,213,266,,,dataset_unit_map,wrist,bits,m/s^2,rad/s,m/s^2,rad/s,1.0,1.0,True,test,non_fall,non_fall,0.0053850202821195126,none,lateral,0.9678868055343628
w25_00000662,bits,C:\Users\ADMIN\Desktop\ds-fall\data\raw\Dataset\adl\user17\user17_adl7.csv,C:\Users\ADMIN\Desktop\ds-fall\data\raw\Dataset,user17,user17_adl7,adl7,climbing_up_normally,climbing_up_normally,0,none,False,24,74,0.96,2.96,25.0,50,12,"ax,ay,az,gx,gy,gz,acc_mag,gyro_mag,jerk,roll,pitch,tilt_delta",20.0,25.0,uniform_20hz_time_interpolation_to_25hz,adl_sliding_capped,213,266,,,dataset_unit_map,wrist,bits,m/s^2,rad/s,m/s^2,rad/s,1.0,1.0,True,test,non_fall,non_fall,8.146268373820931e-05,none,lateral,0.967635452747345
w25_00000663,bits,C:\Users\ADMIN\Desktop\ds-fall\data\raw\Dataset\adl\user17\user17_adl7.csv,C:\Users\ADMIN\Desktop\ds-fall\data\raw\Dataset,user17,user17_adl7,adl7,climbing_up_normally,climbing_up_normally,0,none,False,36,86,1.44,3.44,25.0,50,12,"ax,ay,az,gx,gy,gz,acc_mag,gyro_mag,jerk,roll,pitch,tilt_delta",20.0,25.0,uniform_20hz_time_interpolation_to_25hz,adl_sliding_capped,213,266,,,dataset_unit_map,wrist,bits,m/s^2,rad/s,m/s^2,rad/s,1.0,1.0,True,test,non_fall,non_fall,0.0014590882929041982,none,lateral,0.6800943613052368
w25_00000664,bits,C:\Users\ADMIN\Desktop\ds-fall\data\raw\Dataset\adl\user17\user17_adl7.csv,C:\Users\ADMIN\Desktop\ds-fall\data\raw\Dataset,user17,user17_adl7,adl7,climbing_up_normally,climbing_up_normally,0,none,False,48,98,1.92,3.92,25.0,50,12,"ax,ay,az,gx,gy,gz,acc_mag,gyro_mag,jerk,roll,pitch,tilt_delta",20.0,25.0,uniform_20hz_time_interpolation_to_25hz,adl_sliding_capped,213,266,,,dataset_unit_map,wrist,bits,m/s^2,rad/s,m/s^2,rad/s,1.0,1.0,True,test,non_fall,non_fall,0.002524509560316801,none,forward,0.5972859263420105
w25_00000665,bits,C:\Users\ADMIN\Desktop\ds-fall\data\raw\Dataset\adl\user17\user17_adl8.csv,C:\Users\ADMIN\Desktop\ds-fall\data\raw\Dataset,user17,user17_adl8,adl8,climbing_down_normally,climbing_down_normally,0,none,False,0,50,0.0,2.0,25.0,50,12,"ax,ay,az,gx,gy,gz,acc_mag,gyro_mag,jerk,roll,pitch,tilt_delta",20.0,25.0,uniform_20hz_time_interpolation_to_25hz,adl_sliding_capped,261,326,,,dataset_unit_map,wrist,bits,m/s^2,rad/s,m/s^2,rad/s,1.0,1.0,True,test,non_fall,non_fall,0.0001643557334318757,none,forward,0.8425769805908203
w25_00000666,bits,C:\Users\ADMIN\Desktop\ds-fall\data\raw\Dataset\adl\user17\user17_adl8.csv,C:\Users\ADMIN\Desktop\ds-fall\data\raw\Dataset,user17,user17_adl8,adl8,climbing_down_normally,climbing_down_normally,0,none,False,12,62,0.48,2.48,25.0,50,12,"ax,ay,az,gx,gy,gz,acc_mag,gyro_mag,jerk,roll,pitch,tilt_delta",20.0,25.0,uniform_20hz_time_interpolation_to_25hz,adl_sliding_capped,261,326,,,dataset_unit_map,wrist,bits,m/s^2,rad/s,m/s^2,rad/s,1.0,1.0,True,test,non_fall,non_fall,0.00035890715662389994,none,forward,0.8525884747505188
w25_00000667,bits,C:\Users\ADMIN\Desktop\ds-fall\data\raw\Dataset\adl\user17\user17_adl8.csv,C:\Users\ADMIN\Desktop\ds-fall\data\raw\Dataset,user17,user17_adl8,adl8,climbing_down_normally,climbing_down_normally,0,none,False,24,74,0.96,2.96,25.0,50,12,"ax,ay,az,gx,gy,gz,acc_mag,gyro_mag,jerk,roll,pitch,tilt_delta",20.0,25.0,uniform_20hz_time_interpolation_to_25hz,adl_sliding_capped,261,326,,,dataset_unit_map,wrist,bits,m/s^2,rad/s,m/s^2,rad/s,1.0,1.0,True,test,non_fall,non_fall,0.0013616703217849135,none,forward,0.36134785413742065
w25_00000668,bits,C:\Users\ADMIN\Desktop\ds-fall\data\raw\Dataset\adl\user17\user17_adl8.csv,C:\Users\ADMIN\Desktop\ds-fall\data\raw\Dataset,user17,user17_adl8,adl8,climbing_down_normally,climbing_down_normally,0,none,False,36,86,1.44,3.44,25.0,50,12,"ax,ay,az,gx,gy,gz,acc_mag,gyro_mag,jerk,roll,pitch,tilt_delta",20.0,25.0,uniform_20hz_time_interpolation_to_25hz,adl_sliding_capped,261,326,,,dataset_unit_map,wrist,bits,m/s^2,rad/s,m/s^2,rad/s,1.0,1.0,True,test,non_fall,non_fall,0.00395987881347537,none,forward,0.6144344806671143
w25_00000669,bits,C:\Users\ADMIN\Desktop\ds-fall\data\raw\Dataset\adl\user17\user17_adl8.csv,C:\Users\ADMIN\Desktop\ds-fall\data\raw\Dataset,user17,user17_adl8,adl8,climbing_down_normally,climbing_down_normally,0,none,False,48,98,1.92,3.92,25.0,50,12,"ax,ay,az,gx,gy,gz,acc_mag,gyro_mag,jerk,roll,pitch,tilt_delta",20.0,25.0,uniform_20hz_time_interpolation_to_25hz,adl_sliding_capped,261,326,,,dataset_unit_map,wrist,bits,m/s^2,rad/s,m/s^2,rad/s,1.0,1.0,True,test,non_fall,non_fall,0.0022127069532871246,none,forward,0.6864856481552124
w25_00000670,bits,C:\Users\ADMIN\Desktop\ds-fall\data\raw\Dataset\adl\user17\user17_adl9.csv,C:\Users\ADMIN\Desktop\ds-fall\data\raw\Dataset,user17,user17_adl9,adl9,slowly_sitting_on_chair,slowly_sitting_on_chair,0,none,False,0,50,0.0,2.0,25.0,50,12,"ax,ay,az,gx,gy,gz,acc_mag,gyro_mag,jerk,roll,pitch,tilt_delta",20.0,25.0,uniform_20hz_time_interpolation_to_25hz,adl_sliding_capped,305,381,,,dataset_unit_map,wrist,bits,m/s^2,rad/s,m/s^2,rad/s,1.0,1.0,True,test,non_fall,non_fall,0.00030964193865656853,none,forward,0.7295936346054077
w25_00000671,bits,C:\Users\ADMIN\Desktop\ds-fall\data\raw\Dataset\adl\user17\user17_adl9.csv,C:\Users\ADMIN\Desktop\ds-fall\data\raw\Dataset,user17,user17_adl9,adl9,slowly_sitting_on_chair,slowly_sitting_on_chair,0,none,False,12,62,0.48,2.48,25.0,50,12,"ax,ay,az,gx,gy,gz,acc_mag,gyro_mag,jerk,roll,pitch,tilt_delta",20.0,25.0,uniform_20hz_time_interpolation_to_25hz,adl_sliding_capped,305,381,,,dataset_unit_map,wrist,bits,m/s^2,rad/s,m/s^2,rad/s,1.0,1.0,True,test,non_fall,non_fall,0.0007148019503802061,none,forward,0.8280409574508667
w25_00000672,bits,C:\Users\ADMIN\Desktop\ds-fall\data\raw\Dataset\adl\user17\user17_adl9.csv,C:\Users\ADMIN\Desktop\ds-fall\data\raw\Dataset,user17,user17_adl9,adl9,slowly_sitting_on_chair,slowly_sitting_on_chair,0,none,False,24,74,0.96,2.96,25.0,50,12,"ax,ay,az,gx,gy,gz,acc_mag,gyro_mag,jerk,roll,pitch,tilt_delta",20.0,25.0,uniform_20hz_time_interpolation_to_25hz,adl_sliding_capped,305,381,,,dataset_unit_map,wrist,bits,m/s^2,rad/s,m/s^2,rad/s,1.0,1.0,True,test,non_fall,non_fall,0.0013233639765530825,none,forward,0.9114947319030762
w25_00000673,bits,C:\Users\ADMIN\Desktop\ds-fall\data\raw\Dataset\adl\user17\user17_adl9.csv,C:\Users\ADMIN\Desktop\ds-fall\data\raw\Dataset,user17,user17_adl9,adl9,slowly_sitting_on_chair,slowly_sitting_on_chair,0,none,False,36,86,1.44,3.44,25.0,50,12,"ax,ay,az,gx,gy,gz,acc_mag,gyro_mag,jerk,roll,pitch,tilt_delta",20.0,25.0,uniform_20hz_time_interpolation_to_25hz,adl_sliding_capped,305,381,,,dataset_unit_map,wrist,bits,m/s^2,rad/s,m/s^2,rad/s,1.0,1.0,True,test,non_fall,non_fall,0.0012562142219394445,none,forward,0.9074769616127014
w25_00000674,bits,C:\Users\ADMIN\Desktop\ds-fall\data\raw\Dataset\adl\user17\user17_adl9.csv,C:\Users\ADMIN\Desktop\ds-fall\data\raw\Dataset,user17,user17_adl9,adl9,slowly_sitting_on_chair,slowly_sitting_on_chair,0,none,False,48,98,1.92,3.92,25.0,50,12,"ax,ay,az,gx,gy,gz,acc_mag,gyro_mag,jerk,roll,pitch,tilt_delta",20.0,25.0,uniform_20hz_time_interpolation_to_25hz,adl_sliding_capped,305,381,,,dataset_unit_map,wrist,bits,m/s^2,rad/s,m/s^2,rad/s,1.0,1.0,True,test,non_fall,non_fall,0.00023010684526525438,none,forward,0.9511635303497314
w25_00001475,bits,C:\Users\ADMIN\Desktop\ds-fall\data\raw\Dataset\adl\user27\user27_adl1.csv,C:\Users\ADMIN\Desktop\ds-fall\data\raw\Dataset,user27,user27_adl1,adl1,walking_slowly,walking_slowly,0,none,False,0,50,0.0,2.0,25.0,50,12,"ax,ay,az,gx,gy,gz,acc_mag,gyro_mag,jerk,roll,pitch,tilt_delta",20.0,25.0,uniform_20hz_time_interpolation_to_25hz,adl_sliding_capped,886,1107,,,dataset_unit_map,wrist,bits,m/s^2,rad/s,m/s^2,rad/s,1.0,1.0,True,test,non_fall,non_fall,0.002942482940852642,none,forward,0.7904164791107178
w25_00001476,bits,C:\Users\ADMIN\Desktop\ds-fall\data\raw\Dataset\adl\user27\user27_adl1.csv,C:\Users\ADMIN\Desktop\ds-fall\data\raw\Dataset,user27,user27_adl1,adl1,walking_slowly,walking_slowly,0,none,False,12,62,0.48,2.48,25.0,50,12,"ax,ay,az,gx,gy,gz,acc_mag,gyro_mag,jerk,roll,pitch,tilt_delta",20.0,25.0,uniform_20hz_time_interpolation_to_25hz,adl_sliding_capped,886,1107,,,dataset_unit_map,wrist,bits,m/s^2,rad/s,m/s^2,rad/s,1.0,1.0,True,test,non_fall,non_fall,0.002820882247760892,none,forward,0.7974986433982849
w25_00001477,bits,C:\Users\ADMIN\Desktop\ds-fall\data\raw\Dataset\adl\user27\user27_adl1.csv,C:\Users\ADMIN\Desktop\ds-fall\data\raw\Dataset,user27,user27_adl1,adl1,walking_slowly,walking_slowly,0,none,False,24,74,0.96,2.96,25.0,50,12,"ax,ay,az,gx,gy,gz,acc_mag,gyro_mag,jerk,roll,pitch,tilt_delta",20.0,25.0,uniform_20hz_time_interpolation_to_25hz,adl_sliding_capped,886,1107,,,dataset_unit_map,wrist,bits,m/s^2,rad/s,m/s^2,rad/s,1.0,1.0,True,test,non_fall,non_fall,0.0010782367317005992,none,forward,0.8207230567932129
w25_00001478,bits,C:\Users\ADMIN\Desktop\ds-fall\data\raw\Dataset\adl\user27\user27_adl1.csv,C:\Users\ADMIN\Desktop\ds-fall\data\raw\Dataset,user27,user27_adl1,adl1,walking_slowly,walking_slowly,0,none,False,36,86,1.44,3.44,25.0,50,12,"ax,ay,az,gx,gy,gz,acc_mag,gyro_mag,jerk,roll,pitch,tilt_delta",20.0,25.0,uniform_20hz_time_interpolation_to_25hz,adl_sliding_capped,886,1107,,,dataset_unit_map,wrist,bits,m/s^2,rad/s,m/s^2,rad/s,1.0,1.0,True,test,non_fall,non_fall,0.001194300944916904,none,forward,0.3487251400947571
w25_00001479,bits,C:\Users\ADMIN\Desktop\ds-fall\data\raw\Dataset\adl\user27\user27_adl1.csv,C:\Users\ADMIN\Desktop\ds-fall\data\raw\Dataset,user27,user27_adl1,adl1,walking_slowly,walking_slowly,0,none,False,48,98,1.92,3.92,25.0,50,12,"ax,ay,az,gx,gy,gz,acc_mag,gyro_mag,jerk,roll,pitch,tilt_delta",20.0,25.0,uniform_20hz_time_interpolation_to_25hz,adl_sliding_capped,886,1107,,,dataset_unit_map,wrist,bits,m/s^2,rad/s,m/s^2,rad/s,1.0,1.0,True,test,non_fall,non_fall,0.0022511337883770466,none,backward,0.4261268079280853
w25_00001480,bits,C:\Users\ADMIN\Desktop\ds-fall\data\raw\Dataset\adl\user27\user27_adl10.csv,C:\Users\ADMIN\Desktop\ds-fall\data\raw\Dataset,user27,user27_adl10,adl10,rapidly_sitting_on_chair,rapidly_sitting_on_chair,0,none,False,0,50,0.0,2.0,25.0,50,12,"ax,ay,az,gx,gy,gz,acc_mag,gyro_mag,jerk,roll,pitch,tilt_delta",20.0,25.0,uniform_20hz_time_interpolation_to_25hz,adl_sliding_capped,194,242,,,dataset_unit_map,wrist,bits,m/s^2,rad/s,m/s^2,rad/s,1.0,1.0,True,test,non_fall,non_fall,0.00017020154336933047,none,forward,0.9527011513710022
w25_00001481,bits,C:\Users\ADMIN\Desktop\ds-fall\data\raw\Dataset\adl\user27\user27_adl10.csv,C:\Users\ADMIN\Desktop\ds-fall\data\raw\Dataset,user27,user27_adl10,adl10,rapidly_sitting_on_chair,rapidly_sitting_on_chair,0,none,False,12,62,0.48,2.48,25.0,50,12,"ax,ay,az,gx,gy,gz,acc_mag,gyro_mag,jerk,roll,pitch,tilt_delta",20.0,25.0,uniform_20hz_time_interpolation_to_25hz,adl_sliding_capped,194,242,,,dataset_unit_map,wrist,bits,m/s^2,rad/s,m/s^2,rad/s,1.0,1.0,True,test,non_fall,non_fall,0.00017715635476633906,none,forward,0.9453907608985901
w25_00001482,bits,C:\Users\ADMIN\Desktop\ds-fall\data\raw\Dataset\adl\user27\user27_adl10.csv,C:\Users\ADMIN\Desktop\ds-fall\data\raw\Dataset,user27,user27_adl10,adl10,rapidly_sitting_on_chair,rapidly_sitting_on_chair,0,none,False,24,74,0.96,2.96,25.0,50,12,"ax,ay,az,gx,gy,gz,acc_mag,gyro_mag,jerk,roll,pitch,tilt_delta",20.0,25.0,uniform_20hz_time_interpolation_to_25hz,adl_sliding_capped,194,242,,,dataset_unit_map,wrist,bits,m/s^2,rad/s,m/s^2,rad/s,1.0,1.0,True,test,non_fall,non_fall,0.00018615351291373372,none,forward,0.9442909955978394
w25_00001483,bits,C:\Users\ADMIN\Desktop\ds-fall\data\raw\Dataset\adl\user27\user27_adl10.csv,C:\Users\ADMIN\Desktop\ds-fall\data\raw\Dataset,user27,user27_adl10,adl10,rapidly_sitting_on_chair,rapidly_sitting_on_chair,0,none,False,36,86,1.44,3.44,25.0,50,12,"ax,ay,az,gx,gy,gz,acc_mag,gyro_mag,jerk,roll,pitch,tilt_delta",20.0,25.0,uniform_20hz_time_interpolation_to_25hz,adl_sliding_capped,194,242,,,dataset_unit_map,wrist,bits,m/s^2,rad/s,m/s^2,rad/s,1.0,1.0,True,test,non_fall,non_fall,0.00020016514463350177,none,forward,0.943874716758728
w25_00001484,bits,C:\Users\ADMIN\Desktop\ds-fall\data\raw\Dataset\adl\user27\user27_adl10.csv,C:\Users\ADMIN\Desktop\ds-fall\data\raw\Dataset,user27,user27_adl10,adl10,rapidly_sitting_on_chair,rapidly_sitting_on_chair,0,none,False,48,98,1.92,3.92,25.0,50,12,"ax,ay,az,gx,gy,gz,acc_mag,gyro_mag,jerk,roll,pitch,tilt_delta",20.0,25.0,uniform_20hz_time_interpolation_to_25hz,adl_sliding_capped,194,242,,,dataset_unit_map,wrist,bits,m/s^2,rad/s,m/s^2,rad/s,1.0,1.0,True,test,non_fall,non_fall,0.0002492234925739467,none,forward,0.9419665932655334
w25_00001485,bits,C:\Users\ADMIN\Desktop\ds-fall\data\raw\Dataset\adl\user27\user27_adl11.csv,C:\Users\ADMIN\Desktop\ds-fall\data\raw\Dataset,user27,user27_adl11,adl11,nearly_sitting_and_getting_up,nearly_sitting_and_getting_up,0,none,False,0,50,0.0,2.0,25.0,50,12,"ax,ay,az,gx,gy,gz,acc_mag,gyro_mag,jerk,roll,pitch,tilt_delta",20.0,25.0,uniform_20hz_time_interpolation_to_25hz,adl_sliding_capped,646,807,,,dataset_unit_map,wrist,bits,m/s^2,rad/s,m/s^2,rad/s,1.0,1.0,True,test,non_fall,non_fall,0.0017337887547910213,none,forward,0.8522863388061523
w25_00001486,bits,C:\Users\ADMIN\Desktop\ds-fall\data\raw\Dataset\adl\user27\user27_adl11.csv,C:\Users\ADMIN\Desktop\ds-fall\data\raw\Dataset,user27,user27_adl11,adl11,nearly_sitting_and_getting_up,nearly_sitting_and_getting_up,0,none,False,12,62,0.48,2.48,25.0,50,12,"ax,ay,az,gx,gy,gz,acc_mag,gyro_mag,jerk,roll,pitch,tilt_delta",20.0,25.0,uniform_20hz_time_interpolation_to_25hz,adl_sliding_capped,646,807,,,dataset_unit_map,wrist,bits,m/s^2,rad/s,m/s^2,rad/s,1.0,1.0,True,test,non_fall,non_fall,0.020560964941978455,none,forward,0.8519162535667419
w25_00001487,bits,C:\Users\ADMIN\Desktop\ds-fall\data\raw\Dataset\adl\user27\user27_adl11.csv,C:\Users\ADMIN\Desktop\ds-fall\data\raw\Dataset,user27,user27_adl11,adl11,nearly_sitting_and_getting_up,nearly_sitting_and_getting_up,0,none,False,24,74,0.96,2.96,25.0,50,12,"ax,ay,az,gx,gy,gz,acc_mag,gyro_mag,jerk,roll,pitch,tilt_delta",20.0,25.0,uniform_20hz_time_interpolation_to_25hz,adl_sliding_capped,646,807,,,dataset_unit_map,wrist,bits,m/s^2,rad/s,m/s^2,rad/s,1.0,1.0,True,test,non_fall,non_fall,0.018307583406567574,none,forward,0.9463838338851929
w25_00001488,bits,C:\Users\ADMIN\Desktop\ds-fall\data\raw\Dataset\adl\user27\user27_adl11.csv,C:\Users\ADMIN\Desktop\ds-fall\data\raw\Dataset,user27,user27_adl11,adl11,nearly_sitting_and_getting_up,nearly_sitting_and_getting_up,0,none,False,36,86,1.44,3.44,25.0,50,12,"ax,ay,az,gx,gy,gz,acc_mag,gyro_mag,jerk,roll,pitch,tilt_delta",20.0,25.0,uniform_20hz_time_interpolation_to_25hz,adl_sliding_capped,646,807,,,dataset_unit_map,wrist,bits,m/s^2,rad/s,m/s^2,rad/s,1.0,1.0,True,test,non_fall,non_fall,0.014643584378063679,none,forward,0.9506229758262634
w25_00001489,bits,C:\Users\ADMIN\Desktop\ds-fall\data\raw\Dataset\adl\user27\user27_adl11.csv,C:\Users\ADMIN\Desktop\ds-fall\data\raw\Dataset,user27,user27_adl11,adl11,nearly_sitting_and_getting_up,nearly_sitting_and_getting_up,0,none,False,48,98,1.92,3.92,25.0,50,12,"ax,ay,az,gx,gy,gz,acc_mag,gyro_mag,jerk,roll,pitch,tilt_delta",20.0,25.0,uniform_20hz_time_interpolation_to_25hz,adl_sliding_capped,646,807,,,dataset_unit_map,wrist,bits,m/s^2,rad/s,m/s^2,rad/s,1.0,1.0,True,test,non_fall,non_fall,0.00016109817079268396,none,forward,0.9667850136756897
w25_00001490,bits,C:\Users\ADMIN\Desktop\ds-fall\data\raw\Dataset\adl\user27\user27_adl12.csv,C:\Users\ADMIN\Desktop\ds-fall\data\raw\Dataset,user27,user27_adl12,adl12,swinging_hands,swinging_hands,0,none,False,0,50,0.0,2.0,25.0,50,12,"ax,ay,az,gx,gy,gz,acc_mag,gyro_mag,jerk,roll,pitch,tilt_delta",20.0,25.0,uniform_20hz_time_interpolation_to_25hz,adl_sliding_capped,474,592,,,dataset_unit_map,wrist,bits,m/s^2,rad/s,m/s^2,rad/s,1.0,1.0,True,test,non_fall,non_fall,0.0004910684656351805,none,forward,0.880706250667572
w25_00001491,bits,C:\Users\ADMIN\Desktop\ds-fall\data\raw\Dataset\adl\user27\user27_adl12.csv,C:\Users\ADMIN\Desktop\ds-fall\data\raw\Dataset,user27,user27_adl12,adl12,swinging_hands,swinging_hands,0,none,False,12,62,0.48,2.48,25.0,50,12,"ax,ay,az,gx,gy,gz,acc_mag,gyro_mag,jerk,roll,pitch,tilt_delta",20.0,25.0,uniform_20hz_time_interpolation_to_25hz,adl_sliding_capped,474,592,,,dataset_unit_map,wrist,bits,m/s^2,rad/s,m/s^2,rad/s,1.0,1.0,True,test,non_fall,non_fall,0.005319093819707632,none,forward,0.768627405166626
w25_00001492,bits,C:\Users\ADMIN\Desktop\ds-fall\data\raw\Dataset\adl\user27\user27_adl12.csv,C:\Users\ADMIN\Desktop\ds-fall\data\raw\Dataset,user27,user27_adl12,adl12,swinging_hands,swinging_hands,0,none,False,24,74,0.96,2.96,25.0,50,12,"ax,ay,az,gx,gy,gz,acc_mag,gyro_mag,jerk,roll,pitch,tilt_delta",20.0,25.0,uniform_20hz_time_interpolation_to_25hz,adl_sliding_capped,474,592,,,dataset_unit_map,wrist,bits,m/s^2,rad/s,m/s^2,rad/s,1.0,1.0,True,test,non_fall,non_fall,0.023674864321947098,none,forward,0.7058976888656616
w25_00001493,bits,C:\Users\ADMIN\Desktop\ds-fall\data\raw\Dataset\adl\user27\user27_adl12.csv,C:\Users\ADMIN\Desktop\ds-fall\data\raw\Dataset,user27,user27_adl12,adl12,swinging_hands,swinging_hands,0,none,False,36,86,1.44,3.44,25.0,50,12,"ax,ay,az,gx,gy,gz,acc_mag,gyro_mag,jerk,roll,pitch,tilt_delta",20.0,25.0,uniform_20hz_time_interpolation_to_25hz,adl_sliding_capped,474,592,,,dataset_unit_map,wrist,bits,m/s^2,rad/s,m/s^2,rad/s,1.0,1.0,True,test,non_fall,non_fall,0.05819069221615791,none,forward,0.7757964134216309
w25_00001494,bits,C:\Users\ADMIN\Desktop\ds-fall\data\raw\Dataset\adl\user27\user27_adl12.csv,C:\Users\ADMIN\Desktop\ds-fall\data\raw\Dataset,user27,user27_adl12,adl12,swinging_hands,swinging_hands,0,none,False,48,98,1.92,3.92,25.0,50,12,"ax,ay,az,gx,gy,gz,acc_mag,gyro_mag,jerk,roll,pitch,tilt_delta",20.0,25.0,uniform_20hz_time_interpolation_to_25hz,adl_sliding_capped,474,592,,,dataset_unit_map,wrist,bits,m/s^2,rad/s,m/s^2,rad/s,1.0,1.0,True,test,non_fall,non_fall,0.04652150720357895,none,forward,0.6264545917510986
w25_00001495,bits,C:\Users\ADMIN\Desktop\ds-fall\data\raw\Dataset\adl\user27\user27_adl13.csv,C:\Users\ADMIN\Desktop\ds-fall\data\raw\Dataset,user27,user27_adl13,adl13,lying_on_bed,lying_on_bed,0,none,False,0,50,0.0,2.0,25.0,50,12,"ax,ay,az,gx,gy,gz,acc_mag,gyro_mag,jerk,roll,pitch,tilt_delta",20.0,25.0,uniform_20hz_time_interpolation_to_25hz,adl_sliding_capped,845,1056,,,dataset_unit_map,wrist,bits,m/s^2,rad/s,m/s^2,rad/s,1.0,1.0,True,test,non_fall,non_fall,9.343056262878235e-06,none,backward,0.6533836126327515
w25_00001496,bits,C:\Users\ADMIN\Desktop\ds-fall\data\raw\Dataset\adl\user27\user27_adl13.csv,C:\Users\ADMIN\Desktop\ds-fall\data\raw\Dataset,user27,user27_adl13,adl13,lying_on_bed,lying_on_bed,0,none,False,12,62,0.48,2.48,25.0,50,12,"ax,ay,az,gx,gy,gz,acc_mag,gyro_mag,jerk,roll,pitch,tilt_delta",20.0,25.0,uniform_20hz_time_interpolation_to_25hz,adl_sliding_capped,845,1056,,,dataset_unit_map,wrist,bits,m/s^2,rad/s,m/s^2,rad/s,1.0,1.0,True,test,non_fall,non_fall,9.941132702806499e-06,none,backward,0.6463378071784973
w25_00001497,bits,C:\Users\ADMIN\Desktop\ds-fall\data\raw\Dataset\adl\user27\user27_adl13.csv,C:\Users\ADMIN\Desktop\ds-fall\data\raw\Dataset,user27,user27_adl13,adl13,lying_on_bed,lying_on_bed,0,none,False,24,74,0.96,2.96,25.0,50,12,"ax,ay,az,gx,gy,gz,acc_mag,gyro_mag,jerk,roll,pitch,tilt_delta",20.0,25.0,uniform_20hz_time_interpolation_to_25hz,adl_sliding_capped,845,1056,,,dataset_unit_map,wrist,bits,m/s^2,rad/s,m/s^2,rad/s,1.0,1.0,True,test,non_fall,non_fall,9.796815902518574e-06,none,backward,0.6595795750617981
w25_00001498,bits,C:\Users\ADMIN\Desktop\ds-fall\data\raw\Dataset\adl\user27\user27_adl13.csv,C:\Users\ADMIN\Desktop\ds-fall\data\raw\Dataset,user27,user27_adl13,adl13,lying_on_bed,lying_on_bed,0,none,False,36,86,1.44,3.44,25.0,50,12,"ax,ay,az,gx,gy,gz,acc_mag,gyro_mag,jerk,roll,pitch,tilt_delta",20.0,25.0,uniform_20hz_time_interpolation_to_25hz,adl_sliding_capped,845,1056,,,dataset_unit_map,wrist,bits,m/s^2,rad/s,m/s^2,rad/s,1.0,1.0,True,test,non_fall,non_fall,9.814602890401147e-06,none,backward,0.6561779379844666
w25_00001499,bits,C:\Users\ADMIN\Desktop\ds-fall\data\raw\Dataset\adl\user27\user27_adl13.csv,C:\Users\ADMIN\Desktop\ds-fall\data\raw\Dataset,user27,user27_adl13,adl13,lying_on_bed,lying_on_bed,0,none,False,48,98,1.92,3.92,25.0,50,12,"ax,ay,az,gx,gy,gz,acc_mag,gyro_mag,jerk,roll,pitch,tilt_delta",20.0,25.0,uniform_20hz_time_interpolation_to_25hz,adl_sliding_capped,845,1056,,,dataset_unit_map,wrist,bits,m/s^2,rad/s,m/s^2,rad/s,1.0,1.0,True,test,non_fall,non_fall,9.847838555288035e-06,none,backward,0.6483237743377686
w25_00001500,bits,C:\Users\ADMIN\Desktop\ds-fall\data\raw\Dataset\adl\user27\user27_adl14.csv,C:\Users\ADMIN\Desktop\ds-fall\data\raw\Dataset,user27,user27_adl14,adl14,lying_on_back_getting_up_slowly,lying_on_back_getting_up_slowly,0,none,False,0,50,0.0,2.0,25.0,50,12,"ax,ay,az,gx,gy,gz,acc_mag,gyro_mag,jerk,roll,pitch,tilt_delta",20.0,25.0,uniform_20hz_time_interpolation_to_25hz,adl_sliding_capped,591,738,,,dataset_unit_map,wrist,bits,m/s^2,rad/s,m/s^2,rad/s,1.0,1.0,True,test,non_fall,non_fall,7.439535238518147e-06,none,backward,0.689498245716095
w25_00001501,bits,C:\Users\ADMIN\Desktop\ds-fall\data\raw\Dataset\adl\user27\user27_adl14.csv,C:\Users\ADMIN\Desktop\ds-fall\data\raw\Dataset,user27,user27_adl14,adl14,lying_on_back_getting_up_slowly,lying_on_back_getting_up_slowly,0,none,False,12,62,0.48,2.48,25.0,50,12,"ax,ay,az,gx,gy,gz,acc_mag,gyro_mag,jerk,roll,pitch,tilt_delta",20.0,25.0,uniform_20hz_time_interpolation_to_25hz,adl_sliding_capped,591,738,,,dataset_unit_map,wrist,bits,m/s^2,rad/s,m/s^2,rad/s,1.0,1.0,True,test,non_fall,non_fall,7.886472303653136e-06,none,backward,0.6740877628326416
w25_00001502,bits,C:\Users\ADMIN\Desktop\ds-fall\data\raw\Dataset\adl\user27\user27_adl14.csv,C:\Users\ADMIN\Desktop\ds-fall\data\raw\Dataset,user27,user27_adl14,adl14,lying_on_back_getting_up_slowly,lying_on_back_getting_up_slowly,0,none,False,24,74,0.96,2.96,25.0,50,12,"ax,ay,az,gx,gy,gz,acc_mag,gyro_mag,jerk,roll,pitch,tilt_delta",20.0,25.0,uniform_20hz_time_interpolation_to_25hz,adl_sliding_capped,591,738,,,dataset_unit_map,wrist,bits,m/s^2,rad/s,m/s^2,rad/s,1.0,1.0,True,test,non_fall,non_fall,7.88626948633464e-06,none,backward,0.6741716265678406
w25_00001503,bits,C:\Users\ADMIN\Desktop\ds-fall\data\raw\Dataset\adl\user27\user27_adl14.csv,C:\Users\ADMIN\Desktop\ds-fall\data\raw\Dataset,user27,user27_adl14,adl14,lying_on_back_getting_up_slowly,lying_on_back_getting_up_slowly,0,none,False,36,86,1.44,3.44,25.0,50,12,"ax,ay,az,gx,gy,gz,acc_mag,gyro_mag,jerk,roll,pitch,tilt_delta",20.0,25.0,uniform_20hz_time_interpolation_to_25hz,adl_sliding_capped,591,738,,,dataset_unit_map,wrist,bits,m/s^2,rad/s,m/s^2,rad/s,1.0,1.0,True,test,non_fall,non_fall,7.780927262501791e-06,none,backward,0.6665148735046387
w25_00001504,bits,C:\Users\ADMIN\Desktop\ds-fall\data\raw\Dataset\adl\user27\user27_adl14.csv,C:\Users\ADMIN\Desktop\ds-fall\data\raw\Dataset,user27,user27_adl14,adl14,lying_on_back_getting_up_slowly,lying_on_back_getting_up_slowly,0,none,False,48,98,1.92,3.92,25.0,50,12,"ax,ay,az,gx,gy,gz,acc_mag,gyro_mag,jerk,roll,pitch,tilt_delta",20.0,25.0,uniform_20hz_time_interpolation_to_25hz,adl_sliding_capped,591,738,,,dataset_unit_map,wrist,bits,m/s^2,rad/s,m/s^2,rad/s,1.0,1.0,True,test,non_fall,non_fall,7.92016271589091e-06,none,backward,0.6759165525436401
w25_00001505,bits,C:\Users\ADMIN\Desktop\ds-fall\data\raw\Dataset\adl\user27\user27_adl15.csv,C:\Users\ADMIN\Desktop\ds-fall\data\raw\Dataset,user27,user27_adl15,adl15,lying_on_back_getting_up_normally,lying_on_back_getting_up_normally,0,none,False,0,50,0.0,2.0,25.0,50,12,"ax,ay,az,gx,gy,gz,acc_mag,gyro_mag,jerk,roll,pitch,tilt_delta",20.0,25.0,uniform_20hz_time_interpolation_to_25hz,adl_sliding_capped,277,346,,,dataset_unit_map,wrist,bits,m/s^2,rad/s,m/s^2,rad/s,1.0,1.0,True,test,non_fall,non_fall,1.82956900971476e-05,none,backward,0.5543853640556335
w25_00001506,bits,C:\Users\ADMIN\Desktop\ds-fall\data\raw\Dataset\adl\user27\user27_adl15.csv,C:\Users\ADMIN\Desktop\ds-fall\data\raw\Dataset,user27,user27_adl15,adl15,lying_on_back_getting_up_normally,lying_on_back_getting_up_normally,0,none,False,12,62,0.48,2.48,25.0,50,12,"ax,ay,az,gx,gy,gz,acc_mag,gyro_mag,jerk,roll,pitch,tilt_delta",20.0,25.0,uniform_20hz_time_interpolation_to_25hz,adl_sliding_capped,277,346,,,dataset_unit_map,wrist,bits,m/s^2,rad/s,m/s^2,rad/s,1.0,1.0,True,test,non_fall,non_fall,1.932216400746256e-05,none,backward,0.5472179651260376
w25_00001507,bits,C:\Users\ADMIN\Desktop\ds-fall\data\raw\Dataset\adl\user27\user27_adl15.csv,C:\Users\ADMIN\Desktop\ds-fall\data\raw\Dataset,user27,user27_adl15,adl15,lying_on_back_getting_up_normally,lying_on_back_getting_up_normally,0,none,False,24,74,0.96,2.96,25.0,50,12,"ax,ay,az,gx,gy,gz,acc_mag,gyro_mag,jerk,roll,pitch,tilt_delta",20.0,25.0,uniform_20hz_time_interpolation_to_25hz,adl_sliding_capped,277,346,,,dataset_unit_map,wrist,bits,m/s^2,rad/s,m/s^2,rad/s,1.0,1.0,True,test,non_fall,non_fall,1.9390572560951114e-05,none,backward,0.5613306760787964
w25_00001508,bits,C:\Users\ADMIN\Desktop\ds-fall\data\raw\Dataset\adl\user27\user27_adl15.csv,C:\Users\ADMIN\Desktop\ds-fall\data\raw\Dataset,user27,user27_adl15,adl15,lying_on_back_getting_up_normally,lying_on_back_getting_up_normally,0,none,False,36,86,1.44,3.44,25.0,50,12,"ax,ay,az,gx,gy,gz,acc_mag,gyro_mag,jerk,roll,pitch,tilt_delta",20.0,25.0,uniform_20hz_time_interpolation_to_25hz,adl_sliding_capped,277,346,,,dataset_unit_map,wrist,bits,m/s^2,rad/s,m/s^2,rad/s,1.0,1.0,True,test,non_fall,non_fall,1.943465213116724e-05,none,backward,0.556504487991333
w25_00001509,bits,C:\Users\ADMIN\Desktop\ds-fall\data\raw\Dataset\adl\user27\user27_adl15.csv,C:\Users\ADMIN\Desktop\ds-fall\data\raw\Dataset,user27,user27_adl15,adl15,lying_on_back_getting_up_normally,lying_on_back_getting_up_normally,0,none,False,48,98,1.92,3.92,25.0,50,12,"ax,ay,az,gx,gy,gz,acc_mag,gyro_mag,jerk,roll,pitch,tilt_delta",20.0,25.0,uniform_20hz_time_interpolation_to_25hz,adl_sliding_capped,277,346,,,dataset_unit_map,wrist,bits,m/s^2,rad/s,m/s^2,rad/s,1.0,1.0,True,test,non_fall,non_fall,1.938900095410645e-05,none,backward,0.5424066185951233
w25_00001510,bits,C:\Users\ADMIN\Desktop\ds-fall\data\raw\Dataset\adl\user27\user27_adl16.csv,C:\Users\ADMIN\Desktop\ds-fall\data\raw\Dataset,user27,user27_adl16,adl16,lying_sideways_to_back,lying_sideways_to_back,0,none,False,0,50,0.0,2.0,25.0,50,12,"ax,ay,az,gx,gy,gz,acc_mag,gyro_mag,jerk,roll,pitch,tilt_delta",20.0,25.0,uniform_20hz_time_interpolation_to_25hz,adl_sliding_capped,179,223,,,dataset_unit_map,wrist,bits,m/s^2,rad/s,m/s^2,rad/s,1.0,1.0,True,test,non_fall,non_fall,0.00023565989977214485,none,forward,0.867691159248352
w25_00001511,bits,C:\Users\ADMIN\Desktop\ds-fall\data\raw\Dataset\adl\user27\user27_adl16.csv,C:\Users\ADMIN\Desktop\ds-fall\data\raw\Dataset,user27,user27_adl16,adl16,lying_sideways_to_back,lying_sideways_to_back,0,none,False,12,62,0.48,2.48,25.0,50,12,"ax,ay,az,gx,gy,gz,acc_mag,gyro_mag,jerk,roll,pitch,tilt_delta",20.0,25.0,uniform_20hz_time_interpolation_to_25hz,adl_sliding_capped,179,223,,,dataset_unit_map,wrist,bits,m/s^2,rad/s,m/s^2,rad/s,1.0,1.0,True,test,non_fall,non_fall,0.00024097762070596218,none,forward,0.8623611927032471
w25_00001512,bits,C:\Users\ADMIN\Desktop\ds-fall\data\raw\Dataset\adl\user27\user27_adl16.csv,C:\Users\ADMIN\Desktop\ds-fall\data\raw\Dataset,user27,user27_adl16,adl16,lying_sideways_to_back,lying_sideways_to_back,0,none,False,24,74,0.96,2.96,25.0,50,12,"ax,ay,az,gx,gy,gz,acc_mag,gyro_mag,jerk,roll,pitch,tilt_delta",20.0,25.0,uniform_20hz_time_interpolation_to_25hz,adl_sliding_capped,179,223,,,dataset_unit_map,wrist,bits,m/s^2,rad/s,m/s^2,rad/s,1.0,1.0,True,test,non_fall,non_fall,0.00023824987874832004,none,forward,0.8632774949073792
w25_00001513,bits,C:\Users\ADMIN\Desktop\ds-fall\data\raw\Dataset\adl\user27\user27_adl16.csv,C:\Users\ADMIN\Desktop\ds-fall\data\raw\Dataset,user27,user27_adl16,adl16,lying_sideways_to_back,lying_sideways_to_back,0,none,False,36,86,1.44,3.44,25.0,50,12,"ax,ay,az,gx,gy,gz,acc_mag,gyro_mag,jerk,roll,pitch,tilt_delta",20.0,25.0,uniform_20hz_time_interpolation_to_25hz,adl_sliding_capped,179,223,,,dataset_unit_map,wrist,bits,m/s^2,rad/s,m/s^2,rad/s,1.0,1.0,True,test,non_fall,non_fall,0.00023822873481549323,none,forward,0.8642679452896118
w25_00001514,bits,C:\Users\ADMIN\Desktop\ds-fall\data\raw\Dataset\adl\user27\user27_adl16.csv,C:\Users\ADMIN\Desktop\ds-fall\data\raw\Dataset,user27,user27_adl16,adl16,lying_sideways_to_back,lying_sideways_to_back,0,none,False,48,98,1.92,3.92,25.0,50,12,"ax,ay,az,gx,gy,gz,acc_mag,gyro_mag,jerk,roll,pitch,tilt_delta",20.0,25.0,uniform_20hz_time_interpolation_to_25hz,adl_sliding_capped,179,223,,,dataset_unit_map,wrist,bits,m/s^2,rad/s,m/s^2,rad/s,1.0,1.0,True,test,non_fall,non_fall,0.0002442742697894573,none,forward,0.8661940097808838
w25_00001515,bits,C:\Users\ADMIN\Desktop\ds-fall\data\raw\Dataset\adl\user27\user27_adl2.csv,C:\Users\ADMIN\Desktop\ds-fall\data\raw\Dataset,user27,user27_adl2,adl2,walking_quickly,walking_quickly,0,none,False,0,50,0.0,2.0,25.0,50,12,"ax,ay,az,gx,gy,gz,acc_mag,gyro_mag,jerk,roll,pitch,tilt_delta",20.0,25.0,uniform_20hz_time_interpolation_to_25hz,adl_sliding_capped,571,713,,,dataset_unit_map,wrist,bits,m/s^2,rad/s,m/s^2,rad/s,1.0,1.0,True,test,non_fall,non_fall,0.0001554925984237343,none,forward,0.95208340883255
w25_00001516,bits,C:\Users\ADMIN\Desktop\ds-fall\data\raw\Dataset\adl\user27\user27_adl2.csv,C:\Users\ADMIN\Desktop\ds-fall\data\raw\Dataset,user27,user27_adl2,adl2,walking_quickly,walking_quickly,0,none,False,12,62,0.48,2.48,25.0,50,12,"ax,ay,az,gx,gy,gz,acc_mag,gyro_mag,jerk,roll,pitch,tilt_delta",20.0,25.0,uniform_20hz_time_interpolation_to_25hz,adl_sliding_capped,571,713,,,dataset_unit_map,wrist,bits,m/s^2,rad/s,m/s^2,rad/s,1.0,1.0,True,test,non_fall,non_fall,0.00010114902397617698,none,forward,0.9548732042312622
w25_00001517,bits,C:\Users\ADMIN\Desktop\ds-fall\data\raw\Dataset\adl\user27\user27_adl2.csv,C:\Users\ADMIN\Desktop\ds-fall\data\raw\Dataset,user27,user27_adl2,adl2,walking_quickly,walking_quickly,0,none,False,24,74,0.96,2.96,25.0,50,12,"ax,ay,az,gx,gy,gz,acc_mag,gyro_mag,jerk,roll,pitch,tilt_delta",20.0,25.0,uniform_20hz_time_interpolation_to_25hz,adl_sliding_capped,571,713,,,dataset_unit_map,wrist,bits,m/s^2,rad/s,m/s^2,rad/s,1.0,1.0,True,test,non_fall,non_fall,0.00010932265286101028,none,forward,0.9536475539207458
w25_00001518,bits,C:\Users\ADMIN\Desktop\ds-fall\data\raw\Dataset\adl\user27\user27_adl2.csv,C:\Users\ADMIN\Desktop\ds-fall\data\raw\Dataset,user27,user27_adl2,adl2,walking_quickly,walking_quickly,0,none,False,36,86,1.44,3.44,25.0,50,12,"ax,ay,az,gx,gy,gz,acc_mag,gyro_mag,jerk,roll,pitch,tilt_delta",20.0,25.0,uniform_20hz_time_interpolation_to_25hz,adl_sliding_capped,571,713,,,dataset_unit_map,wrist,bits,m/s^2,rad/s,m/s^2,rad/s,1.0,1.0,True,test,non_fall,non_fall,0.00011325111699989066,none,forward,0.9539281129837036
w25_00001519,bits,C:\Users\ADMIN\Desktop\ds-fall\data\raw\Dataset\adl\user27\user27_adl2.csv,C:\Users\ADMIN\Desktop\ds-fall\data\raw\Dataset,user27,user27_adl2,adl2,walking_quickly,walking_quickly,0,none,False,48,98,1.92,3.92,25.0,50,12,"ax,ay,az,gx,gy,gz,acc_mag,gyro_mag,jerk,roll,pitch,tilt_delta",20.0,25.0,uniform_20hz_time_interpolation_to_25hz,adl_sliding_capped,571,713,,,dataset_unit_map,wrist,bits,m/s^2,rad/s,m/s^2,rad/s,1.0,1.0,True,test,non_fall,non_fall,0.00011841409286716953,none,forward,0.9534415006637573
w25_00001520,bits,C:\Users\ADMIN\Desktop\ds-fall\data\raw\Dataset\adl\user27\user27_adl3.csv,C:\Users\ADMIN\Desktop\ds-fall\data\raw\Dataset,user27,user27_adl3,adl3,jogging,jogging,0,none,False,0,50,0.0,2.0,25.0,50,12,"ax,ay,az,gx,gy,gz,acc_mag,gyro_mag,jerk,roll,pitch,tilt_delta",20.0,25.0,uniform_20hz_time_interpolation_to_25hz,adl_sliding_capped,339,423,,,dataset_unit_map,wrist,bits,m/s^2,rad/s,m/s^2,rad/s,1.0,1.0,True,test,non_fall,non_fall,0.000641668972093612,none,backward,0.5906296372413635
w25_00001521,bits,C:\Users\ADMIN\Desktop\ds-fall\data\raw\Dataset\adl\user27\user27_adl3.csv,C:\Users\ADMIN\Desktop\ds-fall\data\raw\Dataset,user27,user27_adl3,adl3,jogging,jogging,0,none,False,12,62,0.48,2.48,25.0,50,12,"ax,ay,az,gx,gy,gz,acc_mag,gyro_mag,jerk,roll,pitch,tilt_delta",20.0,25.0,uniform_20hz_time_interpolation_to_25hz,adl_sliding_capped,339,423,,,dataset_unit_map,wrist,bits,m/s^2,rad/s,m/s^2,rad/s,1.0,1.0,True,test,non_fall,non_fall,0.0006441656150855124,none,forward,0.5233893394470215
w25_00001522,bits,C:\Users\ADMIN\Desktop\ds-fall\data\raw\Dataset\adl\user27\user27_adl3.csv,C:\Users\ADMIN\Desktop\ds-fall\data\raw\Dataset,user27,user27_adl3,adl3,jogging,jogging,0,none,False,24,74,0.96,2.96,25.0,50,12,"ax,ay,az,gx,gy,gz,acc_mag,gyro_mag,jerk,roll,pitch,tilt_delta",20.0,25.0,uniform_20hz_time_interpolation_to_25hz,adl_sliding_capped,339,423,,,dataset_unit_map,wrist,bits,m/s^2,rad/s,m/s^2,rad/s,1.0,1.0,True,test,non_fall,non_fall,0.0006775861256755888,none,backward,0.7122421264648438
w25_00001523,bits,C:\Users\ADMIN\Desktop\ds-fall\data\raw\Dataset\adl\user27\user27_adl3.csv,C:\Users\ADMIN\Desktop\ds-fall\data\raw\Dataset,user27,user27_adl3,adl3,jogging,jogging,0,none,False,36,86,1.44,3.44,25.0,50,12,"ax,ay,az,gx,gy,gz,acc_mag,gyro_mag,jerk,roll,pitch,tilt_delta",20.0,25.0,uniform_20hz_time_interpolation_to_25hz,adl_sliding_capped,339,423,,,dataset_unit_map,wrist,bits,m/s^2,rad/s,m/s^2,rad/s,1.0,1.0,True,test,non_fall,non_fall,0.001011321204714477,none,forward,0.6898662447929382
w25_00001524,bits,C:\Users\ADMIN\Desktop\ds-fall\data\raw\Dataset\adl\user27\user27_adl3.csv,C:\Users\ADMIN\Desktop\ds-fall\data\raw\Dataset,user27,user27_adl3,adl3,jogging,jogging,0,none,False,48,98,1.92,3.92,25.0,50,12,"ax,ay,az,gx,gy,gz,acc_mag,gyro_mag,jerk,roll,pitch,tilt_delta",20.0,25.0,uniform_20hz_time_interpolation_to_25hz,adl_sliding_capped,339,423,,,dataset_unit_map,wrist,bits,m/s^2,rad/s,m/s^2,rad/s,1.0,1.0,True,test,non_fall,non_fall,0.0009345065918751061,none,lateral,0.7097785472869873
w25_00001525,bits,C:\Users\ADMIN\Desktop\ds-fall\data\raw\Dataset\adl\user27\user27_adl4.csv,C:\Users\ADMIN\Desktop\ds-fall\data\raw\Dataset,user27,user27_adl4,adl4,jumping,jumping,0,none,False,0,50,0.0,2.0,25.0,50,12,"ax,ay,az,gx,gy,gz,acc_mag,gyro_mag,jerk,roll,pitch,tilt_delta",20.0,25.0,uniform_20hz_time_interpolation_to_25hz,adl_sliding_capped,1792,2239,,,dataset_unit_map,wrist,bits,m/s^2,rad/s,m/s^2,rad/s,1.0,1.0,True,test,non_fall,non_fall,0.045180343091487885,none,forward,0.902502179145813
w25_00001526,bits,C:\Users\ADMIN\Desktop\ds-fall\data\raw\Dataset\adl\user27\user27_adl4.csv,C:\Users\ADMIN\Desktop\ds-fall\data\raw\Dataset,user27,user27_adl4,adl4,jumping,jumping,0,none,False,12,62,0.48,2.48,25.0,50,12,"ax,ay,az,gx,gy,gz,acc_mag,gyro_mag,jerk,roll,pitch,tilt_delta",20.0,25.0,uniform_20hz_time_interpolation_to_25hz,adl_sliding_capped,1792,2239,,,dataset_unit_map,wrist,bits,m/s^2,rad/s,m/s^2,rad/s,1.0,1.0,True,test,non_fall,non_fall,0.03839011490345001,none,forward,0.8327789902687073
w25_00001527,bits,C:\Users\ADMIN\Desktop\ds-fall\data\raw\Dataset\adl\user27\user27_adl4.csv,C:\Users\ADMIN\Desktop\ds-fall\data\raw\Dataset,user27,user27_adl4,adl4,jumping,jumping,0,none,False,24,74,0.96,2.96,25.0,50,12,"ax,ay,az,gx,gy,gz,acc_mag,gyro_mag,jerk,roll,pitch,tilt_delta",20.0,25.0,uniform_20hz_time_interpolation_to_25hz,adl_sliding_capped,1792,2239,,,dataset_unit_map,wrist,bits,m/s^2,rad/s,m/s^2,rad/s,1.0,1.0,True,test,non_fall,non_fall,0.024693353101611137,none,forward,0.885810136795044
w25_00001528,bits,C:\Users\ADMIN\Desktop\ds-fall\data\raw\Dataset\adl\user27\user27_adl4.csv,C:\Users\ADMIN\Desktop\ds-fall\data\raw\Dataset,user27,user27_adl4,adl4,jumping,jumping,0,none,False,36,86,1.44,3.44,25.0,50,12,"ax,ay,az,gx,gy,gz,acc_mag,gyro_mag,jerk,roll,pitch,tilt_delta",20.0,25.0,uniform_20hz_time_interpolation_to_25hz,adl_sliding_capped,1792,2239,,,dataset_unit_map,wrist,bits,m/s^2,rad/s,m/s^2,rad/s,1.0,1.0,True,test,non_fall,non_fall,0.0007368894293904305,none,forward,0.9149234890937805
w25_00001529,bits,C:\Users\ADMIN\Desktop\ds-fall\data\raw\Dataset\adl\user27\user27_adl4.csv,C:\Users\ADMIN\Desktop\ds-fall\data\raw\Dataset,user27,user27_adl4,adl4,jumping,jumping,0,none,False,48,98,1.92,3.92,25.0,50,12,"ax,ay,az,gx,gy,gz,acc_mag,gyro_mag,jerk,roll,pitch,tilt_delta",20.0,25.0,uniform_20hz_time_interpolation_to_25hz,adl_sliding_capped,1792,2239,,,dataset_unit_map,wrist,bits,m/s^2,rad/s,m/s^2,rad/s,1.0,1.0,True,test,non_fall,non_fall,0.000470853119622916,none,forward,0.9140315651893616
w25_00001530,bits,C:\Users\ADMIN\Desktop\ds-fall\data\raw\Dataset\adl\user27\user27_adl5.csv,C:\Users\ADMIN\Desktop\ds-fall\data\raw\Dataset,user27,user27_adl5,adl5,climbing_up_slowly,climbing_up_slowly,0,none,False,0,50,0.0,2.0,25.0,50,12,"ax,ay,az,gx,gy,gz,acc_mag,gyro_mag,jerk,roll,pitch,tilt_delta",20.0,25.0,uniform_20hz_time_interpolation_to_25hz,adl_sliding_capped,837,1046,,,dataset_unit_map,wrist,bits,m/s^2,rad/s,m/s^2,rad/s,1.0,1.0,True,test,non_fall,non_fall,0.000272818113444373,none,forward,0.7716515064239502
w25_00001531,bits,C:\Users\ADMIN\Desktop\ds-fall\data\raw\Dataset\adl\user27\user27_adl5.csv,C:\Users\ADMIN\Desktop\ds-fall\data\raw\Dataset,user27,user27_adl5,adl5,climbing_up_slowly,climbing_up_slowly,0,none,False,12,62,0.48,2.48,25.0,50,12,"ax,ay,az,gx,gy,gz,acc_mag,gyro_mag,jerk,roll,pitch,tilt_delta",20.0,25.0,uniform_20hz_time_interpolation_to_25hz,adl_sliding_capped,837,1046,,,dataset_unit_map,wrist,bits,m/s^2,rad/s,m/s^2,rad/s,1.0,1.0,True,test,non_fall,non_fall,0.0002926548768300563,none,forward,0.7859992980957031
w25_00001532,bits,C:\Users\ADMIN\Desktop\ds-fall\data\raw\Dataset\adl\user27\user27_adl5.csv,C:\Users\ADMIN\Desktop\ds-fall\data\raw\Dataset,user27,user27_adl5,adl5,climbing_up_slowly,climbing_up_slowly,0,none,False,24,74,0.96,2.96,25.0,50,12,"ax,ay,az,gx,gy,gz,acc_mag,gyro_mag,jerk,roll,pitch,tilt_delta",20.0,25.0,uniform_20hz_time_interpolation_to_25hz,adl_sliding_capped,837,1046,,,dataset_unit_map,wrist,bits,m/s^2,rad/s,m/s^2,rad/s,1.0,1.0,True,test,non_fall,non_fall,0.0003122438210994005,none,forward,0.7738355994224548
w25_00001533,bits,C:\Users\ADMIN\Desktop\ds-fall\data\raw\Dataset\adl\user27\user27_adl5.csv,C:\Users\ADMIN\Desktop\ds-fall\data\raw\Dataset,user27,user27_adl5,adl5,climbing_up_slowly,climbing_up_slowly,0,none,False,36,86,1.44,3.44,25.0,50,12,"ax,ay,az,gx,gy,gz,acc_mag,gyro_mag,jerk,roll,pitch,tilt_delta",20.0,25.0,uniform_20hz_time_interpolation_to_25hz,adl_sliding_capped,837,1046,,,dataset_unit_map,wrist,bits,m/s^2,rad/s,m/s^2,rad/s,1.0,1.0,True,test,non_fall,non_fall,0.0004295067919883877,none,forward,0.744757890701294
w25_00001534,bits,C:\Users\ADMIN\Desktop\ds-fall\data\raw\Dataset\adl\user27\user27_adl5.csv,C:\Users\ADMIN\Desktop\ds-fall\data\raw\Dataset,user27,user27_adl5,adl5,climbing_up_slowly,climbing_up_slowly,0,none,False,48,98,1.92,3.92,25.0,50,12,"ax,ay,az,gx,gy,gz,acc_mag,gyro_mag,jerk,roll,pitch,tilt_delta",20.0,25.0,uniform_20hz_time_interpolation_to_25hz,adl_sliding_capped,837,1046,,,dataset_unit_map,wrist,bits,m/s^2,rad/s,m/s^2,rad/s,1.0,1.0,True,test,non_fall,non_fall,0.0005173757672309875,none,forward,0.8308095335960388
w25_00001535,bits,C:\Users\ADMIN\Desktop\ds-fall\data\raw\Dataset\adl\user27\user27_adl6.csv,C:\Users\ADMIN\Desktop\ds-fall\data\raw\Dataset,user27,user27_adl6,adl6,climbing_down_slowly,climbing_down_slowly,0,none,False,0,50,0.0,2.0,25.0,50,12,"ax,ay,az,gx,gy,gz,acc_mag,gyro_mag,jerk,roll,pitch,tilt_delta",20.0,25.0,uniform_20hz_time_interpolation_to_25hz,adl_sliding_capped,1076,1344,,,dataset_unit_map,wrist,bits,m/s^2,rad/s,m/s^2,rad/s,1.0,1.0,True,test,non_fall,non_fall,0.0001722414599498734,none,forward,0.5529763102531433
w25_00001536,bits,C:\Users\ADMIN\Desktop\ds-fall\data\raw\Dataset\adl\user27\user27_adl6.csv,C:\Users\ADMIN\Desktop\ds-fall\data\raw\Dataset,user27,user27_adl6,adl6,climbing_down_slowly,climbing_down_slowly,0,none,False,12,62,0.48,2.48,25.0,50,12,"ax,ay,az,gx,gy,gz,acc_mag,gyro_mag,jerk,roll,pitch,tilt_delta",20.0,25.0,uniform_20hz_time_interpolation_to_25hz,adl_sliding_capped,1076,1344,,,dataset_unit_map,wrist,bits,m/s^2,rad/s,m/s^2,rad/s,1.0,1.0,True,test,non_fall,non_fall,0.01596832647919655,none,backward,0.46278804540634155
w25_00001537,bits,C:\Users\ADMIN\Desktop\ds-fall\data\raw\Dataset\adl\user27\user27_adl6.csv,C:\Users\ADMIN\Desktop\ds-fall\data\raw\Dataset,user27,user27_adl6,adl6,climbing_down_slowly,climbing_down_slowly,0,none,False,24,74,0.96,2.96,25.0,50,12,"ax,ay,az,gx,gy,gz,acc_mag,gyro_mag,jerk,roll,pitch,tilt_delta",20.0,25.0,uniform_20hz_time_interpolation_to_25hz,adl_sliding_capped,1076,1344,,,dataset_unit_map,wrist,bits,m/s^2,rad/s,m/s^2,rad/s,1.0,1.0,True,test,non_fall,non_fall,0.014306577853858471,none,backward,0.7252389788627625
w25_00001538,bits,C:\Users\ADMIN\Desktop\ds-fall\data\raw\Dataset\adl\user27\user27_adl6.csv,C:\Users\ADMIN\Desktop\ds-fall\data\raw\Dataset,user27,user27_adl6,adl6,climbing_down_slowly,climbing_down_slowly,0,none,False,36,86,1.44,3.44,25.0,50,12,"ax,ay,az,gx,gy,gz,acc_mag,gyro_mag,jerk,roll,pitch,tilt_delta",20.0,25.0,uniform_20hz_time_interpolation_to_25hz,adl_sliding_capped,1076,1344,,,dataset_unit_map,wrist,bits,m/s^2,rad/s,m/s^2,rad/s,1.0,1.0,True,test,non_fall,non_fall,0.011465494520962238,none,backward,0.822799026966095
w25_00001539,bits,C:\Users\ADMIN\Desktop\ds-fall\data\raw\Dataset\adl\user27\user27_adl6.csv,C:\Users\ADMIN\Desktop\ds-fall\data\raw\Dataset,user27,user27_adl6,adl6,climbing_down_slowly,climbing_down_slowly,0,none,False,48,98,1.92,3.92,25.0,50,12,"ax,ay,az,gx,gy,gz,acc_mag,gyro_mag,jerk,roll,pitch,tilt_delta",20.0,25.0,uniform_20hz_time_interpolation_to_25hz,adl_sliding_capped,1076,1344,,,dataset_unit_map,wrist,bits,m/s^2,rad/s,m/s^2,rad/s,1.0,1.0,True,test,non_fall,non_fall,0.012225343845784664,none,backward,0.7759475111961365
w25_00001540,bits,C:\Users\ADMIN\Desktop\ds-fall\data\raw\Dataset\adl\user27\user27_adl7.csv,C:\Users\ADMIN\Desktop\ds-fall\data\raw\Dataset,user27,user27_adl7,adl7,climbing_up_normally,climbing_up_normally,0,none,False,0,50,0.0,2.0,25.0,50,12,"ax,ay,az,gx,gy,gz,acc_mag,gyro_mag,jerk,roll,pitch,tilt_delta",20.0,25.0,uniform_20hz_time_interpolation_to_25hz,adl_sliding_capped,776,969,,,dataset_unit_map,wrist,bits,m/s^2,rad/s,m/s^2,rad/s,1.0,1.0,True,test,non_fall,non_fall,0.003458745777606964,none,backward,0.6861201524734497
w25_00001541,bits,C:\Users\ADMIN\Desktop\ds-fall\data\raw\Dataset\adl\user27\user27_adl7.csv,C:\Users\ADMIN\Desktop\ds-fall\data\raw\Dataset,user27,user27_adl7,adl7,climbing_up_normally,climbing_up_normally,0,none,False,12,62,0.48,2.48,25.0,50,12,"ax,ay,az,gx,gy,gz,acc_mag,gyro_mag,jerk,roll,pitch,tilt_delta",20.0,25.0,uniform_20hz_time_interpolation_to_25hz,adl_sliding_capped,776,969,,,dataset_unit_map,wrist,bits,m/s^2,rad/s,m/s^2,rad/s,1.0,1.0,True,test,non_fall,non_fall,0.003523793537169695,none,backward,0.7274305820465088
w25_00001542,bits,C:\Users\ADMIN\Desktop\ds-fall\data\raw\Dataset\adl\user27\user27_adl7.csv,C:\Users\ADMIN\Desktop\ds-fall\data\raw\Dataset,user27,user27_adl7,adl7,climbing_up_normally,climbing_up_normally,0,none,False,24,74,0.96,2.96,25.0,50,12,"ax,ay,az,gx,gy,gz,acc_mag,gyro_mag,jerk,roll,pitch,tilt_delta",20.0,25.0,uniform_20hz_time_interpolation_to_25hz,adl_sliding_capped,776,969,,,dataset_unit_map,wrist,bits,m/s^2,rad/s,m/s^2,rad/s,1.0,1.0,True,test,non_fall,non_fall,0.0011463036062195897,none,backward,0.786834716796875
w25_00001543,bits,C:\Users\ADMIN\Desktop\ds-fall\data\raw\Dataset\adl\user27\user27_adl7.csv,C:\Users\ADMIN\Desktop\ds-fall\data\raw\Dataset,user27,user27_adl7,adl7,climbing_up_normally,climbing_up_normally,0,none,False,36,86,1.44,3.44,25.0,50,12,"ax,ay,az,gx,gy,gz,acc_mag,gyro_mag,jerk,roll,pitch,tilt_delta",20.0,25.0,uniform_20hz_time_interpolation_to_25hz,adl_sliding_capped,776,969,,,dataset_unit_map,wrist,bits,m/s^2,rad/s,m/s^2,rad/s,1.0,1.0,True,test,non_fall,non_fall,0.00043013060349039733,none,backward,0.6753075122833252
w25_00001544,bits,C:\Users\ADMIN\Desktop\ds-fall\data\raw\Dataset\adl\user27\user27_adl7.csv,C:\Users\ADMIN\Desktop\ds-fall\data\raw\Dataset,user27,user27_adl7,adl7,climbing_up_normally,climbing_up_normally,0,none,False,48,98,1.92,3.92,25.0,50,12,"ax,ay,az,gx,gy,gz,acc_mag,gyro_mag,jerk,roll,pitch,tilt_delta",20.0,25.0,uniform_20hz_time_interpolation_to_25hz,adl_sliding_capped,776,969,,,dataset_unit_map,wrist,bits,m/s^2,rad/s,m/s^2,rad/s,1.0,1.0,True,test,non_fall,non_fall,7.100697075657081e-06,none,backward,0.7949708104133606
w25_00001545,bits,C:\Users\ADMIN\Desktop\ds-fall\data\raw\Dataset\adl\user27\user27_adl8.csv,C:\Users\ADMIN\Desktop\ds-fall\data\raw\Dataset,user27,user27_adl8,adl8,climbing_down_normally,climbing_down_normally,0,none,False,0,50,0.0,2.0,25.0,50,12,"ax,ay,az,gx,gy,gz,acc_mag,gyro_mag,jerk,roll,pitch,tilt_delta",20.0,25.0,uniform_20hz_time_interpolation_to_25hz,adl_sliding_capped,813,1016,,,dataset_unit_map,wrist,bits,m/s^2,rad/s,m/s^2,rad/s,1.0,1.0,True,test,non_fall,non_fall,0.012175939045846462,none,lateral,0.972296416759491
w25_00001546,bits,C:\Users\ADMIN\Desktop\ds-fall\data\raw\Dataset\adl\user27\user27_adl8.csv,C:\Users\ADMIN\Desktop\ds-fall\data\raw\Dataset,user27,user27_adl8,adl8,climbing_down_normally,climbing_down_normally,0,none,False,12,62,0.48,2.48,25.0,50,12,"ax,ay,az,gx,gy,gz,acc_mag,gyro_mag,jerk,roll,pitch,tilt_delta",20.0,25.0,uniform_20hz_time_interpolation_to_25hz,adl_sliding_capped,813,1016,,,dataset_unit_map,wrist,bits,m/s^2,rad/s,m/s^2,rad/s,1.0,1.0,True,test,non_fall,non_fall,0.0010800129966810346,none,lateral,0.9757510423660278
w25_00001547,bits,C:\Users\ADMIN\Desktop\ds-fall\data\raw\Dataset\adl\user27\user27_adl8.csv,C:\Users\ADMIN\Desktop\ds-fall\data\raw\Dataset,user27,user27_adl8,adl8,climbing_down_normally,climbing_down_normally,0,none,False,24,74,0.96,2.96,25.0,50,12,"ax,ay,az,gx,gy,gz,acc_mag,gyro_mag,jerk,roll,pitch,tilt_delta",20.0,25.0,uniform_20hz_time_interpolation_to_25hz,adl_sliding_capped,813,1016,,,dataset_unit_map,wrist,bits,m/s^2,rad/s,m/s^2,rad/s,1.0,1.0,True,test,non_fall,non_fall,0.0011802606750279665,none,lateral,0.967667281627655
w25_00001548,bits,C:\Users\ADMIN\Desktop\ds-fall\data\raw\Dataset\adl\user27\user27_adl8.csv,C:\Users\ADMIN\Desktop\ds-fall\data\raw\Dataset,user27,user27_adl8,adl8,climbing_down_normally,climbing_down_normally,0,none,False,36,86,1.44,3.44,25.0,50,12,"ax,ay,az,gx,gy,gz,acc_mag,gyro_mag,jerk,roll,pitch,tilt_delta",20.0,25.0,uniform_20hz_time_interpolation_to_25hz,adl_sliding_capped,813,1016,,,dataset_unit_map,wrist,bits,m/s^2,rad/s,m/s^2,rad/s,1.0,1.0,True,test,non_fall,non_fall,0.0010049121920019388,none,lateral,0.4045797288417816
w25_00001549,bits,C:\Users\ADMIN\Desktop\ds-fall\data\raw\Dataset\adl\user27\user27_adl8.csv,C:\Users\ADMIN\Desktop\ds-fall\data\raw\Dataset,user27,user27_adl8,adl8,climbing_down_normally,climbing_down_normally,0,none,False,48,98,1.92,3.92,25.0,50,12,"ax,ay,az,gx,gy,gz,acc_mag,gyro_mag,jerk,roll,pitch,tilt_delta",20.0,25.0,uniform_20hz_time_interpolation_to_25hz,adl_sliding_capped,813,1016,,,dataset_unit_map,wrist,bits,m/s^2,rad/s,m/s^2,rad/s,1.0,1.0,True,test,non_fall,non_fall,0.0017224514158442616,none,forward,0.5899431705474854
w25_00001550,bits,C:\Users\ADMIN\Desktop\ds-fall\data\raw\Dataset\adl\user27\user27_adl9.csv,C:\Users\ADMIN\Desktop\ds-fall\data\raw\Dataset,user27,user27_adl9,adl9,slowly_sitting_on_chair,slowly_sitting_on_chair,0,none,False,0,50,0.0,2.0,25.0,50,12,"ax,ay,az,gx,gy,gz,acc_mag,gyro_mag,jerk,roll,pitch,tilt_delta",20.0,25.0,uniform_20hz_time_interpolation_to_25hz,adl_sliding_capped,289,361,,,dataset_unit_map,wrist,bits,m/s^2,rad/s,m/s^2,rad/s,1.0,1.0,True,test,non_fall,non_fall,7.868189277360216e-05,none,backward,0.7960699200630188
w25_00001551,bits,C:\Users\ADMIN\Desktop\ds-fall\data\raw\Dataset\adl\user27\user27_adl9.csv,C:\Users\ADMIN\Desktop\ds-fall\data\raw\Dataset,user27,user27_adl9,adl9,slowly_sitting_on_chair,slowly_sitting_on_chair,0,none,False,12,62,0.48,2.48,25.0,50,12,"ax,ay,az,gx,gy,gz,acc_mag,gyro_mag,jerk,roll,pitch,tilt_delta",20.0,25.0,uniform_20hz_time_interpolation_to_25hz,adl_sliding_capped,289,361,,,dataset_unit_map,wrist,bits,m/s^2,rad/s,m/s^2,rad/s,1.0,1.0,True,test,non_fall,non_fall,9.935905109159648e-05,none,backward,0.5056740045547485
w25_00001552,bits,C:\Users\ADMIN\Desktop\ds-fall\data\raw\Dataset\adl\user27\user27_adl9.csv,C:\Users\ADMIN\Desktop\ds-fall\data\raw\Dataset,user27,user27_adl9,adl9,slowly_sitting_on_chair,slowly_sitting_on_chair,0,none,False,24,74,0.96,2.96,25.0,50,12,"ax,ay,az,gx,gy,gz,acc_mag,gyro_mag,jerk,roll,pitch,tilt_delta",20.0,25.0,uniform_20hz_time_interpolation_to_25hz,adl_sliding_capped,289,361,,,dataset_unit_map,wrist,bits,m/s^2,rad/s,m/s^2,rad/s,1.0,1.0,True,test,non_fall,non_fall,0.00014486817235592753,none,backward,0.4453815221786499
w25_00001553,bits,C:\Users\ADMIN\Desktop\ds-fall\data\raw\Dataset\adl\user27\user27_adl9.csv,C:\Users\ADMIN\Desktop\ds-fall\data\raw\Dataset,user27,user27_adl9,adl9,slowly_sitting_on_chair,slowly_sitting_on_chair,0,none,False,36,86,1.44,3.44,25.0,50,12,"ax,ay,az,gx,gy,gz,acc_mag,gyro_mag,jerk,roll,pitch,tilt_delta",20.0,25.0,uniform_20hz_time_interpolation_to_25hz,adl_sliding_capped,289,361,,,dataset_unit_map,wrist,bits,m/s^2,rad/s,m/s^2,rad/s,1.0,1.0,True,test,non_fall,non_fall,0.0001936240732902661,none,forward,0.8341173529624939
w25_00001554,bits,C:\Users\ADMIN\Desktop\ds-fall\data\raw\Dataset\adl\user27\user27_adl9.csv,C:\Users\ADMIN\Desktop\ds-fall\data\raw\Dataset,user27,user27_adl9,adl9,slowly_sitting_on_chair,slowly_sitting_on_chair,0,none,False,48,98,1.92,3.92,25.0,50,12,"ax,ay,az,gx,gy,gz,acc_mag,gyro_mag,jerk,roll,pitch,tilt_delta",20.0,25.0,uniform_20hz_time_interpolation_to_25hz,adl_sliding_capped,289,361,,,dataset_unit_map,wrist,bits,m/s^2,rad/s,m/s^2,rad/s,1.0,1.0,True,test,non_fall,non_fall,0.0011258689919486642,none,forward,0.5872575640678406
w25_00001635,bits,C:\Users\ADMIN\Desktop\ds-fall\data\raw\Dataset\adl\user29\user29_adl1.csv,C:\Users\ADMIN\Desktop\ds-fall\data\raw\Dataset,user29,user29_adl1,adl1,walking_slowly,walking_slowly,0,none,False,0,50,0.0,2.0,25.0,50,12,"ax,ay,az,gx,gy,gz,acc_mag,gyro_mag,jerk,roll,pitch,tilt_delta",20.0,25.0,uniform_20hz_time_interpolation_to_25hz,adl_sliding_capped,340,424,,,dataset_unit_map,wrist,bits,m/s^2,rad/s,m/s^2,rad/s,1.0,1.0,True,test,non_fall,non_fall,0.005447765812277794,none,forward,0.9416983127593994
w25_00001636,bits,C:\Users\ADMIN\Desktop\ds-fall\data\raw\Dataset\adl\user29\user29_adl1.csv,C:\Users\ADMIN\Desktop\ds-fall\data\raw\Dataset,user29,user29_adl1,adl1,walking_slowly,walking_slowly,0,none,False,12,62,0.48,2.48,25.0,50,12,"ax,ay,az,gx,gy,gz,acc_mag,gyro_mag,jerk,roll,pitch,tilt_delta",20.0,25.0,uniform_20hz_time_interpolation_to_25hz,adl_sliding_capped,340,424,,,dataset_unit_map,wrist,bits,m/s^2,rad/s,m/s^2,rad/s,1.0,1.0,True,test,non_fall,non_fall,9.227777627529576e-05,none,forward,0.91630619764328
w25_00001637,bits,C:\Users\ADMIN\Desktop\ds-fall\data\raw\Dataset\adl\user29\user29_adl1.csv,C:\Users\ADMIN\Desktop\ds-fall\data\raw\Dataset,user29,user29_adl1,adl1,walking_slowly,walking_slowly,0,none,False,24,74,0.96,2.96,25.0,50,12,"ax,ay,az,gx,gy,gz,acc_mag,gyro_mag,jerk,roll,pitch,tilt_delta",20.0,25.0,uniform_20hz_time_interpolation_to_25hz,adl_sliding_capped,340,424,,,dataset_unit_map,wrist,bits,m/s^2,rad/s,m/s^2,rad/s,1.0,1.0,True,test,non_fall,non_fall,0.0006019523716531694,none,forward,0.8601131439208984
w25_00001638,bits,C:\Users\ADMIN\Desktop\ds-fall\data\raw\Dataset\adl\user29\user29_adl1.csv,C:\Users\ADMIN\Desktop\ds-fall\data\raw\Dataset,user29,user29_adl1,adl1,walking_slowly,walking_slowly,0,none,False,36,86,1.44,3.44,25.0,50,12,"ax,ay,az,gx,gy,gz,acc_mag,gyro_mag,jerk,roll,pitch,tilt_delta",20.0,25.0,uniform_20hz_time_interpolation_to_25hz,adl_sliding_capped,340,424,,,dataset_unit_map,wrist,bits,m/s^2,rad/s,m/s^2,rad/s,1.0,1.0,True,test,non_fall,non_fall,0.0006541627808474004,none,forward,0.7821050882339478
w25_00001639,bits,C:\Users\ADMIN\Desktop\ds-fall\data\raw\Dataset\adl\user29\user29_adl1.csv,C:\Users\ADMIN\Desktop\ds-fall\data\raw\Dataset,user29,user29_adl1,adl1,walking_slowly,walking_slowly,0,none,False,48,98,1.92,3.92,25.0,50,12,"ax,ay,az,gx,gy,gz,acc_mag,gyro_mag,jerk,roll,pitch,tilt_delta",20.0,25.0,uniform_20hz_time_interpolation_to_25hz,adl_sliding_capped,340,424,,,dataset_unit_map,wrist,bits,m/s^2,rad/s,m/s^2,rad/s,1.0,1.0,True,test,non_fall,non_fall,0.0037203598767518997,none,forward,0.8140164613723755
w25_00001640,bits,C:\Users\ADMIN\Desktop\ds-fall\data\raw\Dataset\adl\user29\user29_adl10.csv,C:\Users\ADMIN\Desktop\ds-fall\data\raw\Dataset,user29,user29_adl10,adl10,rapidly_sitting_on_chair,rapidly_sitting_on_chair,0,none,False,0,50,0.0,2.0,25.0,50,12,"ax,ay,az,gx,gy,gz,acc_mag,gyro_mag,jerk,roll,pitch,tilt_delta",20.0,25.0,uniform_20hz_time_interpolation_to_25hz,adl_sliding_capped,547,683,,,dataset_unit_map,wrist,bits,m/s^2,rad/s,m/s^2,rad/s,1.0,1.0,True,test,non_fall,non_fall,0.0005383567768149078,none,forward,0.9054175019264221
w25_00001641,bits,C:\Users\ADMIN\Desktop\ds-fall\data\raw\Dataset\adl\user29\user29_adl10.csv,C:\Users\ADMIN\Desktop\ds-fall\data\raw\Dataset,user29,user29_adl10,adl10,rapidly_sitting_on_chair,rapidly_sitting_on_chair,0,none,False,12,62,0.48,2.48,25.0,50,12,"ax,ay,az,gx,gy,gz,acc_mag,gyro_mag,jerk,roll,pitch,tilt_delta",20.0,25.0,uniform_20hz_time_interpolation_to_25hz,adl_sliding_capped,547,683,,,dataset_unit_map,wrist,bits,m/s^2,rad/s,m/s^2,rad/s,1.0,1.0,True,test,non_fall,non_fall,0.0005114080267958343,none,forward,0.8995615839958191
w25_00001642,bits,C:\Users\ADMIN\Desktop\ds-fall\data\raw\Dataset\adl\user29\user29_adl10.csv,C:\Users\ADMIN\Desktop\ds-fall\data\raw\Dataset,user29,user29_adl10,adl10,rapidly_sitting_on_chair,rapidly_sitting_on_chair,0,none,False,24,74,0.96,2.96,25.0,50,12,"ax,ay,az,gx,gy,gz,acc_mag,gyro_mag,jerk,roll,pitch,tilt_delta",20.0,25.0,uniform_20hz_time_interpolation_to_25hz,adl_sliding_capped,547,683,,,dataset_unit_map,wrist,bits,m/s^2,rad/s,m/s^2,rad/s,1.0,1.0,True,test,non_fall,non_fall,0.0005203335313126445,none,forward,0.9104326367378235
w25_00001643,bits,C:\Users\ADMIN\Desktop\ds-fall\data\raw\Dataset\adl\user29\user29_adl10.csv,C:\Users\ADMIN\Desktop\ds-fall\data\raw\Dataset,user29,user29_adl10,adl10,rapidly_sitting_on_chair,rapidly_sitting_on_chair,0,none,False,36,86,1.44,3.44,25.0,50,12,"ax,ay,az,gx,gy,gz,acc_mag,gyro_mag,jerk,roll,pitch,tilt_delta",20.0,25.0,uniform_20hz_time_interpolation_to_25hz,adl_sliding_capped,547,683,,,dataset_unit_map,wrist,bits,m/s^2,rad/s,m/s^2,rad/s,1.0,1.0,True,test,non_fall,non_fall,0.0005138540873304009,none,forward,0.9025591611862183
w25_00001644,bits,C:\Users\ADMIN\Desktop\ds-fall\data\raw\Dataset\adl\user29\user29_adl10.csv,C:\Users\ADMIN\Desktop\ds-fall\data\raw\Dataset,user29,user29_adl10,adl10,rapidly_sitting_on_chair,rapidly_sitting_on_chair,0,none,False,48,98,1.92,3.92,25.0,50,12,"ax,ay,az,gx,gy,gz,acc_mag,gyro_mag,jerk,roll,pitch,tilt_delta",20.0,25.0,uniform_20hz_time_interpolation_to_25hz,adl_sliding_capped,547,683,,,dataset_unit_map,wrist,bits,m/s^2,rad/s,m/s^2,rad/s,1.0,1.0,True,test,non_fall,non_fall,0.0004976556519977748,none,forward,0.8996423482894897
w25_00001645,bits,C:\Users\ADMIN\Desktop\ds-fall\data\raw\Dataset\adl\user29\user29_adl11.csv,C:\Users\ADMIN\Desktop\ds-fall\data\raw\Dataset,user29,user29_adl11,adl11,nearly_sitting_and_getting_up,nearly_sitting_and_getting_up,0,none,False,0,50,0.0,2.0,25.0,50,12,"ax,ay,az,gx,gy,gz,acc_mag,gyro_mag,jerk,roll,pitch,tilt_delta",20.0,25.0,uniform_20hz_time_interpolation_to_25hz,adl_sliding_capped,300,374,,,dataset_unit_map,wrist,bits,m/s^2,rad/s,m/s^2,rad/s,1.0,1.0,True,test,non_fall,non_fall,9.627944382373244e-05,none,forward,0.8472422361373901
w25_00001646,bits,C:\Users\ADMIN\Desktop\ds-fall\data\raw\Dataset\adl\user29\user29_adl11.csv,C:\Users\ADMIN\Desktop\ds-fall\data\raw\Dataset,user29,user29_adl11,adl11,nearly_sitting_and_getting_up,nearly_sitting_and_getting_up,0,none,False,12,62,0.48,2.48,25.0,50,12,"ax,ay,az,gx,gy,gz,acc_mag,gyro_mag,jerk,roll,pitch,tilt_delta",20.0,25.0,uniform_20hz_time_interpolation_to_25hz,adl_sliding_capped,300,374,,,dataset_unit_map,wrist,bits,m/s^2,rad/s,m/s^2,rad/s,1.0,1.0,True,test,non_fall,non_fall,5.9090936701977625e-05,none,forward,0.8809447884559631
w25_00001647,bits,C:\Users\ADMIN\Desktop\ds-fall\data\raw\Dataset\adl\user29\user29_adl11.csv,C:\Users\ADMIN\Desktop\ds-fall\data\raw\Dataset,user29,user29_adl11,adl11,nearly_sitting_and_getting_up,nearly_sitting_and_getting_up,0,none,False,24,74,0.96,2.96,25.0,50,12,"ax,ay,az,gx,gy,gz,acc_mag,gyro_mag,jerk,roll,pitch,tilt_delta",20.0,25.0,uniform_20hz_time_interpolation_to_25hz,adl_sliding_capped,300,374,,,dataset_unit_map,wrist,bits,m/s^2,rad/s,m/s^2,rad/s,1.0,1.0,True,test,non_fall,non_fall,5.133444574312307e-05,none,forward,0.8660247921943665
w25_00001648,bits,C:\Users\ADMIN\Desktop\ds-fall\data\raw\Dataset\adl\user29\user29_adl11.csv,C:\Users\ADMIN\Desktop\ds-fall\data\raw\Dataset,user29,user29_adl11,adl11,nearly_sitting_and_getting_up,nearly_sitting_and_getting_up,0,none,False,36,86,1.44,3.44,25.0,50,12,"ax,ay,az,gx,gy,gz,acc_mag,gyro_mag,jerk,roll,pitch,tilt_delta",20.0,25.0,uniform_20hz_time_interpolation_to_25hz,adl_sliding_capped,300,374,,,dataset_unit_map,wrist,bits,m/s^2,rad/s,m/s^2,rad/s,1.0,1.0,True,test,non_fall,non_fall,0.00042252050479874015,none,forward,0.6028196215629578
w25_00001649,bits,C:\Users\ADMIN\Desktop\ds-fall\data\raw\Dataset\adl\user29\user29_adl11.csv,C:\Users\ADMIN\Desktop\ds-fall\data\raw\Dataset,user29,user29_adl11,adl11,nearly_sitting_and_getting_up,nearly_sitting_and_getting_up,0,none,False,48,98,1.92,3.92,25.0,50,12,"ax,ay,az,gx,gy,gz,acc_mag,gyro_mag,jerk,roll,pitch,tilt_delta",20.0,25.0,uniform_20hz_time_interpolation_to_25hz,adl_sliding_capped,300,374,,,dataset_unit_map,wrist,bits,m/s^2,rad/s,m/s^2,rad/s,1.0,1.0,True,test,non_fall,non_fall,0.0010760822333395481,none,forward,0.8055921792984009
w25_00001650,bits,C:\Users\ADMIN\Desktop\ds-fall\data\raw\Dataset\adl\user29\user29_adl12.csv,C:\Users\ADMIN\Desktop\ds-fall\data\raw\Dataset,user29,user29_adl12,adl12,swinging_hands,swinging_hands,0,none,False,0,50,0.0,2.0,25.0,50,12,"ax,ay,az,gx,gy,gz,acc_mag,gyro_mag,jerk,roll,pitch,tilt_delta",20.0,25.0,uniform_20hz_time_interpolation_to_25hz,adl_sliding_capped,617,771,,,dataset_unit_map,wrist,bits,m/s^2,rad/s,m/s^2,rad/s,1.0,1.0,True,test,non_fall,non_fall,0.003078122390434146,none,backward,0.43510425090789795
w25_00001651,bits,C:\Users\ADMIN\Desktop\ds-fall\data\raw\Dataset\adl\user29\user29_adl12.csv,C:\Users\ADMIN\Desktop\ds-fall\data\raw\Dataset,user29,user29_adl12,adl12,swinging_hands,swinging_hands,0,none,False,12,62,0.48,2.48,25.0,50,12,"ax,ay,az,gx,gy,gz,acc_mag,gyro_mag,jerk,roll,pitch,tilt_delta",20.0,25.0,uniform_20hz_time_interpolation_to_25hz,adl_sliding_capped,617,771,,,dataset_unit_map,wrist,bits,m/s^2,rad/s,m/s^2,rad/s,1.0,1.0,True,test,non_fall,non_fall,0.00013646011939272285,none,lateral,0.9818108677864075
w25_00001652,bits,C:\Users\ADMIN\Desktop\ds-fall\data\raw\Dataset\adl\user29\user29_adl12.csv,C:\Users\ADMIN\Desktop\ds-fall\data\raw\Dataset,user29,user29_adl12,adl12,swinging_hands,swinging_hands,0,none,False,24,74,0.96,2.96,25.0,50,12,"ax,ay,az,gx,gy,gz,acc_mag,gyro_mag,jerk,roll,pitch,tilt_delta",20.0,25.0,uniform_20hz_time_interpolation_to_25hz,adl_sliding_capped,617,771,,,dataset_unit_map,wrist,bits,m/s^2,rad/s,m/s^2,rad/s,1.0,1.0,True,test,non_fall,non_fall,3.9788193362255697e-07,none,lateral,0.9805102348327637
w25_00001653,bits,C:\Users\ADMIN\Desktop\ds-fall\data\raw\Dataset\adl\user29\user29_adl12.csv,C:\Users\ADMIN\Desktop\ds-fall\data\raw\Dataset,user29,user29_adl12,adl12,swinging_hands,swinging_hands,0,none,False,36,86,1.44,3.44,25.0,50,12,"ax,ay,az,gx,gy,gz,acc_mag,gyro_mag,jerk,roll,pitch,tilt_delta",20.0,25.0,uniform_20hz_time_interpolation_to_25hz,adl_sliding_capped,617,771,,,dataset_unit_map,wrist,bits,m/s^2,rad/s,m/s^2,rad/s,1.0,1.0,True,test,non_fall,non_fall,3.1762886010255897e-06,none,lateral,0.978613018989563
w25_00001654,bits,C:\Users\ADMIN\Desktop\ds-fall\data\raw\Dataset\adl\user29\user29_adl12.csv,C:\Users\ADMIN\Desktop\ds-fall\data\raw\Dataset,user29,user29_adl12,adl12,swinging_hands,swinging_hands,0,none,False,48,98,1.92,3.92,25.0,50,12,"ax,ay,az,gx,gy,gz,acc_mag,gyro_mag,jerk,roll,pitch,tilt_delta",20.0,25.0,uniform_20hz_time_interpolation_to_25hz,adl_sliding_capped,617,771,,,dataset_unit_map,wrist,bits,m/s^2,rad/s,m/s^2,rad/s,1.0,1.0,True,test,non_fall,non_fall,2.6655227429728257e-06,none,lateral,0.9840641021728516
w25_00001655,bits,C:\Users\ADMIN\Desktop\ds-fall\data\raw\Dataset\adl\user29\user29_adl13.csv,C:\Users\ADMIN\Desktop\ds-fall\data\raw\Dataset,user29,user29_adl13,adl13,lying_on_bed,lying_on_bed,0,none,False,0,50,0.0,2.0,25.0,50,12,"ax,ay,az,gx,gy,gz,acc_mag,gyro_mag,jerk,roll,pitch,tilt_delta",20.0,25.0,uniform_20hz_time_interpolation_to_25hz,adl_sliding_capped,304,379,,,dataset_unit_map,wrist,bits,m/s^2,rad/s,m/s^2,rad/s,1.0,1.0,True,test,non_fall,non_fall,9.267466339224484e-06,none,backward,0.6712372899055481
w25_00001656,bits,C:\Users\ADMIN\Desktop\ds-fall\data\raw\Dataset\adl\user29\user29_adl13.csv,C:\Users\ADMIN\Desktop\ds-fall\data\raw\Dataset,user29,user29_adl13,adl13,lying_on_bed,lying_on_bed,0,none,False,12,62,0.48,2.48,25.0,50,12,"ax,ay,az,gx,gy,gz,acc_mag,gyro_mag,jerk,roll,pitch,tilt_delta",20.0,25.0,uniform_20hz_time_interpolation_to_25hz,adl_sliding_capped,304,379,,,dataset_unit_map,wrist,bits,m/s^2,rad/s,m/s^2,rad/s,1.0,1.0,True,test,non_fall,non_fall,9.556030818202998e-06,none,backward,0.6901649832725525
w25_00001657,bits,C:\Users\ADMIN\Desktop\ds-fall\data\raw\Dataset\adl\user29\user29_adl13.csv,C:\Users\ADMIN\Desktop\ds-fall\data\raw\Dataset,user29,user29_adl13,adl13,lying_on_bed,lying_on_bed,0,none,False,24,74,0.96,2.96,25.0,50,12,"ax,ay,az,gx,gy,gz,acc_mag,gyro_mag,jerk,roll,pitch,tilt_delta",20.0,25.0,uniform_20hz_time_interpolation_to_25hz,adl_sliding_capped,304,379,,,dataset_unit_map,wrist,bits,m/s^2,rad/s,m/s^2,rad/s,1.0,1.0,True,test,non_fall,non_fall,9.532910553389229e-06,none,backward,0.6829021573066711
w25_00001658,bits,C:\Users\ADMIN\Desktop\ds-fall\data\raw\Dataset\adl\user29\user29_adl13.csv,C:\Users\ADMIN\Desktop\ds-fall\data\raw\Dataset,user29,user29_adl13,adl13,lying_on_bed,lying_on_bed,0,none,False,36,86,1.44,3.44,25.0,50,12,"ax,ay,az,gx,gy,gz,acc_mag,gyro_mag,jerk,roll,pitch,tilt_delta",20.0,25.0,uniform_20hz_time_interpolation_to_25hz,adl_sliding_capped,304,379,,,dataset_unit_map,wrist,bits,m/s^2,rad/s,m/s^2,rad/s,1.0,1.0,True,test,non_fall,non_fall,9.634193702368066e-06,none,backward,0.6792104244232178
w25_00001659,bits,C:\Users\ADMIN\Desktop\ds-fall\data\raw\Dataset\adl\user29\user29_adl13.csv,C:\Users\ADMIN\Desktop\ds-fall\data\raw\Dataset,user29,user29_adl13,adl13,lying_on_bed,lying_on_bed,0,none,False,48,98,1.92,3.92,25.0,50,12,"ax,ay,az,gx,gy,gz,acc_mag,gyro_mag,jerk,roll,pitch,tilt_delta",20.0,25.0,uniform_20hz_time_interpolation_to_25hz,adl_sliding_capped,304,379,,,dataset_unit_map,wrist,bits,m/s^2,rad/s,m/s^2,rad/s,1.0,1.0,True,test,non_fall,non_fall,9.59904082264984e-06,none,backward,0.6762282848358154
w25_00001660,bits,C:\Users\ADMIN\Desktop\ds-fall\data\raw\Dataset\adl\user29\user29_adl14.csv,C:\Users\ADMIN\Desktop\ds-fall\data\raw\Dataset,user29,user29_adl14,adl14,lying_on_back_getting_up_slowly,lying_on_back_getting_up_slowly,0,none,False,0,50,0.0,2.0,25.0,50,12,"ax,ay,az,gx,gy,gz,acc_mag,gyro_mag,jerk,roll,pitch,tilt_delta",20.0,25.0,uniform_20hz_time_interpolation_to_25hz,adl_sliding_capped,225,281,,,dataset_unit_map,wrist,bits,m/s^2,rad/s,m/s^2,rad/s,1.0,1.0,True,test,non_fall,non_fall,9.294356459577102e-06,none,backward,0.6122766137123108
w25_00001661,bits,C:\Users\ADMIN\Desktop\ds-fall\data\raw\Dataset\adl\user29\user29_adl14.csv,C:\Users\ADMIN\Desktop\ds-fall\data\raw\Dataset,user29,user29_adl14,adl14,lying_on_back_getting_up_slowly,lying_on_back_getting_up_slowly,0,none,False,12,62,0.48,2.48,25.0,50,12,"ax,ay,az,gx,gy,gz,acc_mag,gyro_mag,jerk,roll,pitch,tilt_delta",20.0,25.0,uniform_20hz_time_interpolation_to_25hz,adl_sliding_capped,225,281,,,dataset_unit_map,wrist,bits,m/s^2,rad/s,m/s^2,rad/s,1.0,1.0,True,test,non_fall,non_fall,9.68491531239124e-06,none,backward,0.6131842136383057
w25_00001662,bits,C:\Users\ADMIN\Desktop\ds-fall\data\raw\Dataset\adl\user29\user29_adl14.csv,C:\Users\ADMIN\Desktop\ds-fall\data\raw\Dataset,user29,user29_adl14,adl14,lying_on_back_getting_up_slowly,lying_on_back_getting_up_slowly,0,none,False,24,74,0.96,2.96,25.0,50,12,"ax,ay,az,gx,gy,gz,acc_mag,gyro_mag,jerk,roll,pitch,tilt_delta",20.0,25.0,uniform_20hz_time_interpolation_to_25hz,adl_sliding_capped,225,281,,,dataset_unit_map,wrist,bits,m/s^2,rad/s,m/s^2,rad/s,1.0,1.0,True,test,non_fall,non_fall,9.696559573058039e-06,none,backward,0.6131731271743774
w25_00001663,bits,C:\Users\ADMIN\Desktop\ds-fall\data\raw\Dataset\adl\user29\user29_adl14.csv,C:\Users\ADMIN\Desktop\ds-fall\data\raw\Dataset,user29,user29_adl14,adl14,lying_on_back_getting_up_slowly,lying_on_back_getting_up_slowly,0,none,False,36,86,1.44,3.44,25.0,50,12,"ax,ay,az,gx,gy,gz,acc_mag,gyro_mag,jerk,roll,pitch,tilt_delta",20.0,25.0,uniform_20hz_time_interpolation_to_25hz,adl_sliding_capped,225,281,,,dataset_unit_map,wrist,bits,m/s^2,rad/s,m/s^2,rad/s,1.0,1.0,True,test,non_fall,non_fall,9.588263310433831e-06,none,backward,0.6209039092063904
w25_00001664,bits,C:\Users\ADMIN\Desktop\ds-fall\data\raw\Dataset\adl\user29\user29_adl14.csv,C:\Users\ADMIN\Desktop\ds-fall\data\raw\Dataset,user29,user29_adl14,adl14,lying_on_back_getting_up_slowly,lying_on_back_getting_up_slowly,0,none,False,48,98,1.92,3.92,25.0,50,12,"ax,ay,az,gx,gy,gz,acc_mag,gyro_mag,jerk,roll,pitch,tilt_delta",20.0,25.0,uniform_20hz_time_interpolation_to_25hz,adl_sliding_capped,225,281,,,dataset_unit_map,wrist,bits,m/s^2,rad/s,m/s^2,rad/s,1.0,1.0,True,test,non_fall,non_fall,9.714423867990263e-06,none,backward,0.6292819380760193
w25_00001665,bits,C:\Users\ADMIN\Desktop\ds-fall\data\raw\Dataset\adl\user29\user29_adl15.csv,C:\Users\ADMIN\Desktop\ds-fall\data\raw\Dataset,user29,user29_adl15,adl15,lying_on_back_getting_up_normally,lying_on_back_getting_up_normally,0,none,False,0,50,0.0,2.0,25.0,50,12,"ax,ay,az,gx,gy,gz,acc_mag,gyro_mag,jerk,roll,pitch,tilt_delta",20.0,25.0,uniform_20hz_time_interpolation_to_25hz,adl_sliding_capped,342,427,,,dataset_unit_map,wrist,bits,m/s^2,rad/s,m/s^2,rad/s,1.0,1.0,True,test,non_fall,non_fall,1.2322452676016837e-05,none,backward,0.5069848895072937
w25_00001666,bits,C:\Users\ADMIN\Desktop\ds-fall\data\raw\Dataset\adl\user29\user29_adl15.csv,C:\Users\ADMIN\Desktop\ds-fall\data\raw\Dataset,user29,user29_adl15,adl15,lying_on_back_getting_up_normally,lying_on_back_getting_up_normally,0,none,False,12,62,0.48,2.48,25.0,50,12,"ax,ay,az,gx,gy,gz,acc_mag,gyro_mag,jerk,roll,pitch,tilt_delta",20.0,25.0,uniform_20hz_time_interpolation_to_25hz,adl_sliding_capped,342,427,,,dataset_unit_map,wrist,bits,m/s^2,rad/s,m/s^2,rad/s,1.0,1.0,True,test,non_fall,non_fall,1.2458122910175007e-05,none,backward,0.5270296335220337
w25_00001667,bits,C:\Users\ADMIN\Desktop\ds-fall\data\raw\Dataset\adl\user29\user29_adl15.csv,C:\Users\ADMIN\Desktop\ds-fall\data\raw\Dataset,user29,user29_adl15,adl15,lying_on_back_getting_up_normally,lying_on_back_getting_up_normally,0,none,False,24,74,0.96,2.96,25.0,50,12,"ax,ay,az,gx,gy,gz,acc_mag,gyro_mag,jerk,roll,pitch,tilt_delta",20.0,25.0,uniform_20hz_time_interpolation_to_25hz,adl_sliding_capped,342,427,,,dataset_unit_map,wrist,bits,m/s^2,rad/s,m/s^2,rad/s,1.0,1.0,True,test,non_fall,non_fall,1.2435369171726052e-05,none,backward,0.5356428027153015
w25_00001668,bits,C:\Users\ADMIN\Desktop\ds-fall\data\raw\Dataset\adl\user29\user29_adl15.csv,C:\Users\ADMIN\Desktop\ds-fall\data\raw\Dataset,user29,user29_adl15,adl15,lying_on_back_getting_up_normally,lying_on_back_getting_up_normally,0,none,False,36,86,1.44,3.44,25.0,50,12,"ax,ay,az,gx,gy,gz,acc_mag,gyro_mag,jerk,roll,pitch,tilt_delta",20.0,25.0,uniform_20hz_time_interpolation_to_25hz,adl_sliding_capped,342,427,,,dataset_unit_map,wrist,bits,m/s^2,rad/s,m/s^2,rad/s,1.0,1.0,True,test,non_fall,non_fall,1.251308640348725e-05,none,backward,0.526538074016571
w25_00001669,bits,C:\Users\ADMIN\Desktop\ds-fall\data\raw\Dataset\adl\user29\user29_adl15.csv,C:\Users\ADMIN\Desktop\ds-fall\data\raw\Dataset,user29,user29_adl15,adl15,lying_on_back_getting_up_normally,lying_on_back_getting_up_normally,0,none,False,48,98,1.92,3.92,25.0,50,12,"ax,ay,az,gx,gy,gz,acc_mag,gyro_mag,jerk,roll,pitch,tilt_delta",20.0,25.0,uniform_20hz_time_interpolation_to_25hz,adl_sliding_capped,342,427,,,dataset_unit_map,wrist,bits,m/s^2,rad/s,m/s^2,rad/s,1.0,1.0,True,test,non_fall,non_fall,1.2464325664041098e-05,none,backward,0.5220080614089966
w25_00001670,bits,C:\Users\ADMIN\Desktop\ds-fall\data\raw\Dataset\adl\user29\user29_adl16.csv,C:\Users\ADMIN\Desktop\ds-fall\data\raw\Dataset,user29,user29_adl16,adl16,lying_sideways_to_back,lying_sideways_to_back,0,none,False,0,50,0.0,2.0,25.0,50,12,"ax,ay,az,gx,gy,gz,acc_mag,gyro_mag,jerk,roll,pitch,tilt_delta",20.0,25.0,uniform_20hz_time_interpolation_to_25hz,adl_sliding_capped,568,709,,,dataset_unit_map,wrist,bits,m/s^2,rad/s,m/s^2,rad/s,1.0,1.0,True,test,non_fall,non_fall,0.00013276856043376029,none,forward,0.5596126914024353
w25_00001671,bits,C:\Users\ADMIN\Desktop\ds-fall\data\raw\Dataset\adl\user29\user29_adl16.csv,C:\Users\ADMIN\Desktop\ds-fall\data\raw\Dataset,user29,user29_adl16,adl16,lying_sideways_to_back,lying_sideways_to_back,0,none,False,12,62,0.48,2.48,25.0,50,12,"ax,ay,az,gx,gy,gz,acc_mag,gyro_mag,jerk,roll,pitch,tilt_delta",20.0,25.0,uniform_20hz_time_interpolation_to_25hz,adl_sliding_capped,568,709,,,dataset_unit_map,wrist,bits,m/s^2,rad/s,m/s^2,rad/s,1.0,1.0,True,test,non_fall,non_fall,0.0001319531147601083,none,forward,0.5697796940803528
w25_00001672,bits,C:\Users\ADMIN\Desktop\ds-fall\data\raw\Dataset\adl\user29\user29_adl16.csv,C:\Users\ADMIN\Desktop\ds-fall\data\raw\Dataset,user29,user29_adl16,adl16,lying_sideways_to_back,lying_sideways_to_back,0,none,False,24,74,0.96,2.96,25.0,50,12,"ax,ay,az,gx,gy,gz,acc_mag,gyro_mag,jerk,roll,pitch,tilt_delta",20.0,25.0,uniform_20hz_time_interpolation_to_25hz,adl_sliding_capped,568,709,,,dataset_unit_map,wrist,bits,m/s^2,rad/s,m/s^2,rad/s,1.0,1.0,True,test,non_fall,non_fall,0.00013220398977864534,none,forward,0.5624381899833679
w25_00001673,bits,C:\Users\ADMIN\Desktop\ds-fall\data\raw\Dataset\adl\user29\user29_adl16.csv,C:\Users\ADMIN\Desktop\ds-fall\data\raw\Dataset,user29,user29_adl16,adl16,lying_sideways_to_back,lying_sideways_to_back,0,none,False,36,86,1.44,3.44,25.0,50,12,"ax,ay,az,gx,gy,gz,acc_mag,gyro_mag,jerk,roll,pitch,tilt_delta",20.0,25.0,uniform_20hz_time_interpolation_to_25hz,adl_sliding_capped,568,709,,,dataset_unit_map,wrist,bits,m/s^2,rad/s,m/s^2,rad/s,1.0,1.0,True,test,non_fall,non_fall,0.00013126603153068572,none,forward,0.5629703402519226
w25_00001674,bits,C:\Users\ADMIN\Desktop\ds-fall\data\raw\Dataset\adl\user29\user29_adl16.csv,C:\Users\ADMIN\Desktop\ds-fall\data\raw\Dataset,user29,user29_adl16,adl16,lying_sideways_to_back,lying_sideways_to_back,0,none,False,48,98,1.92,3.92,25.0,50,12,"ax,ay,az,gx,gy,gz,acc_mag,gyro_mag,jerk,roll,pitch,tilt_delta",20.0,25.0,uniform_20hz_time_interpolation_to_25hz,adl_sliding_capped,568,709,,,dataset_unit_map,wrist,bits,m/s^2,rad/s,m/s^2,rad/s,1.0,1.0,True,test,non_fall,non_fall,0.00013170397141948342,none,forward,0.5729185342788696
w25_00001675,bits,C:\Users\ADMIN\Desktop\ds-fall\data\raw\Dataset\adl\user29\user29_adl2.csv,C:\Users\ADMIN\Desktop\ds-fall\data\raw\Dataset,user29,user29_adl2,adl2,walking_quickly,walking_quickly,0,none,False,0,50,0.0,2.0,25.0,50,12,"ax,ay,az,gx,gy,gz,acc_mag,gyro_mag,jerk,roll,pitch,tilt_delta",20.0,25.0,uniform_20hz_time_interpolation_to_25hz,adl_sliding_capped,831,1038,,,dataset_unit_map,wrist,bits,m/s^2,rad/s,m/s^2,rad/s,1.0,1.0,True,test,non_fall,non_fall,0.0032697543501853943,none,forward,0.9424431324005127
w25_00001676,bits,C:\Users\ADMIN\Desktop\ds-fall\data\raw\Dataset\adl\user29\user29_adl2.csv,C:\Users\ADMIN\Desktop\ds-fall\data\raw\Dataset,user29,user29_adl2,adl2,walking_quickly,walking_quickly,0,none,False,12,62,0.48,2.48,25.0,50,12,"ax,ay,az,gx,gy,gz,acc_mag,gyro_mag,jerk,roll,pitch,tilt_delta",20.0,25.0,uniform_20hz_time_interpolation_to_25hz,adl_sliding_capped,831,1038,,,dataset_unit_map,wrist,bits,m/s^2,rad/s,m/s^2,rad/s,1.0,1.0,True,test,non_fall,non_fall,0.0016944385133683681,none,forward,0.9331323504447937
w25_00001677,bits,C:\Users\ADMIN\Desktop\ds-fall\data\raw\Dataset\adl\user29\user29_adl2.csv,C:\Users\ADMIN\Desktop\ds-fall\data\raw\Dataset,user29,user29_adl2,adl2,walking_quickly,walking_quickly,0,none,False,24,74,0.96,2.96,25.0,50,12,"ax,ay,az,gx,gy,gz,acc_mag,gyro_mag,jerk,roll,pitch,tilt_delta",20.0,25.0,uniform_20hz_time_interpolation_to_25hz,adl_sliding_capped,831,1038,,,dataset_unit_map,wrist,bits,m/s^2,rad/s,m/s^2,rad/s,1.0,1.0,True,test,non_fall,non_fall,0.00028354578535072505,none,forward,0.8711822628974915
w25_00001678,bits,C:\Users\ADMIN\Desktop\ds-fall\data\raw\Dataset\adl\user29\user29_adl2.csv,C:\Users\ADMIN\Desktop\ds-fall\data\raw\Dataset,user29,user29_adl2,adl2,walking_quickly,walking_quickly,0,none,False,36,86,1.44,3.44,25.0,50,12,"ax,ay,az,gx,gy,gz,acc_mag,gyro_mag,jerk,roll,pitch,tilt_delta",20.0,25.0,uniform_20hz_time_interpolation_to_25hz,adl_sliding_capped,831,1038,,,dataset_unit_map,wrist,bits,m/s^2,rad/s,m/s^2,rad/s,1.0,1.0,True,test,non_fall,non_fall,0.0011397884227335453,none,forward,0.883946418762207
w25_00001679,bits,C:\Users\ADMIN\Desktop\ds-fall\data\raw\Dataset\adl\user29\user29_adl2.csv,C:\Users\ADMIN\Desktop\ds-fall\data\raw\Dataset,user29,user29_adl2,adl2,walking_quickly,walking_quickly,0,none,False,48,98,1.92,3.92,25.0,50,12,"ax,ay,az,gx,gy,gz,acc_mag,gyro_mag,jerk,roll,pitch,tilt_delta",20.0,25.0,uniform_20hz_time_interpolation_to_25hz,adl_sliding_capped,831,1038,,,dataset_unit_map,wrist,bits,m/s^2,rad/s,m/s^2,rad/s,1.0,1.0,True,test,non_fall,non_fall,0.0015609314432367682,none,backward,0.3770398795604706
w25_00001680,bits,C:\Users\ADMIN\Desktop\ds-fall\data\raw\Dataset\adl\user29\user29_adl3.csv,C:\Users\ADMIN\Desktop\ds-fall\data\raw\Dataset,user29,user29_adl3,adl3,jogging,jogging,0,none,False,0,50,0.0,2.0,25.0,50,12,"ax,ay,az,gx,gy,gz,acc_mag,gyro_mag,jerk,roll,pitch,tilt_delta",20.0,25.0,uniform_20hz_time_interpolation_to_25hz,adl_sliding_capped,1351,1688,,,dataset_unit_map,wrist,bits,m/s^2,rad/s,m/s^2,rad/s,1.0,1.0,True,test,non_fall,non_fall,4.0141942008631304e-05,none,forward,0.9000371098518372
w25_00001681,bits,C:\Users\ADMIN\Desktop\ds-fall\data\raw\Dataset\adl\user29\user29_adl3.csv,C:\Users\ADMIN\Desktop\ds-fall\data\raw\Dataset,user29,user29_adl3,adl3,jogging,jogging,0,none,False,12,62,0.48,2.48,25.0,50,12,"ax,ay,az,gx,gy,gz,acc_mag,gyro_mag,jerk,roll,pitch,tilt_delta",20.0,25.0,uniform_20hz_time_interpolation_to_25hz,adl_sliding_capped,1351,1688,,,dataset_unit_map,wrist,bits,m/s^2,rad/s,m/s^2,rad/s,1.0,1.0,True,test,non_fall,non_fall,2.813382877775439e-07,none,forward,0.733402669429779
w25_00001682,bits,C:\Users\ADMIN\Desktop\ds-fall\data\raw\Dataset\adl\user29\user29_adl3.csv,C:\Users\ADMIN\Desktop\ds-fall\data\raw\Dataset,user29,user29_adl3,adl3,jogging,jogging,0,none,False,24,74,0.96,2.96,25.0,50,12,"ax,ay,az,gx,gy,gz,acc_mag,gyro_mag,jerk,roll,pitch,tilt_delta",20.0,25.0,uniform_20hz_time_interpolation_to_25hz,adl_sliding_capped,1351,1688,,,dataset_unit_map,wrist,bits,m/s^2,rad/s,m/s^2,rad/s,1.0,1.0,True,test,non_fall,non_fall,2.3556571250082925e-05,none,lateral,0.5675814747810364
w25_00001683,bits,C:\Users\ADMIN\Desktop\ds-fall\data\raw\Dataset\adl\user29\user29_adl3.csv,C:\Users\ADMIN\Desktop\ds-fall\data\raw\Dataset,user29,user29_adl3,adl3,jogging,jogging,0,none,False,36,86,1.44,3.44,25.0,50,12,"ax,ay,az,gx,gy,gz,acc_mag,gyro_mag,jerk,roll,pitch,tilt_delta",20.0,25.0,uniform_20hz_time_interpolation_to_25hz,adl_sliding_capped,1351,1688,,,dataset_unit_map,wrist,bits,m/s^2,rad/s,m/s^2,rad/s,1.0,1.0,True,test,non_fall,non_fall,3.892038148478605e-05,none,lateral,0.7949457764625549
w25_00001684,bits,C:\Users\ADMIN\Desktop\ds-fall\data\raw\Dataset\adl\user29\user29_adl3.csv,C:\Users\ADMIN\Desktop\ds-fall\data\raw\Dataset,user29,user29_adl3,adl3,jogging,jogging,0,none,False,48,98,1.92,3.92,25.0,50,12,"ax,ay,az,gx,gy,gz,acc_mag,gyro_mag,jerk,roll,pitch,tilt_delta",20.0,25.0,uniform_20hz_time_interpolation_to_25hz,adl_sliding_capped,1351,1688,,,dataset_unit_map,wrist,bits,m/s^2,rad/s,m/s^2,rad/s,1.0,1.0,True,test,non_fall,non_fall,3.607316466514021e-05,none,backward,0.5742244720458984
w25_00001685,bits,C:\Users\ADMIN\Desktop\ds-fall\data\raw\Dataset\adl\user29\user29_adl4.csv,C:\Users\ADMIN\Desktop\ds-fall\data\raw\Dataset,user29,user29_adl4,adl4,jumping,jumping,0,none,False,0,50,0.0,2.0,25.0,50,12,"ax,ay,az,gx,gy,gz,acc_mag,gyro_mag,jerk,roll,pitch,tilt_delta",20.0,25.0,uniform_20hz_time_interpolation_to_25hz,adl_sliding_capped,1147,1433,,,dataset_unit_map,wrist,bits,m/s^2,rad/s,m/s^2,rad/s,1.0,1.0,True,test,non_fall,non_fall,0.000118644667963963,none,forward,0.7280426621437073
w25_00001686,bits,C:\Users\ADMIN\Desktop\ds-fall\data\raw\Dataset\adl\user29\user29_adl4.csv,C:\Users\ADMIN\Desktop\ds-fall\data\raw\Dataset,user29,user29_adl4,adl4,jumping,jumping,0,none,False,12,62,0.48,2.48,25.0,50,12,"ax,ay,az,gx,gy,gz,acc_mag,gyro_mag,jerk,roll,pitch,tilt_delta",20.0,25.0,uniform_20hz_time_interpolation_to_25hz,adl_sliding_capped,1147,1433,,,dataset_unit_map,wrist,bits,m/s^2,rad/s,m/s^2,rad/s,1.0,1.0,True,test,non_fall,non_fall,0.05960431322455406,none,forward,0.6149095296859741
w25_00001687,bits,C:\Users\ADMIN\Desktop\ds-fall\data\raw\Dataset\adl\user29\user29_adl4.csv,C:\Users\ADMIN\Desktop\ds-fall\data\raw\Dataset,user29,user29_adl4,adl4,jumping,jumping,0,none,False,24,74,0.96,2.96,25.0,50,12,"ax,ay,az,gx,gy,gz,acc_mag,gyro_mag,jerk,roll,pitch,tilt_delta",20.0,25.0,uniform_20hz_time_interpolation_to_25hz,adl_sliding_capped,1147,1433,,,dataset_unit_map,wrist,bits,m/s^2,rad/s,m/s^2,rad/s,1.0,1.0,True,test,non_fall,non_fall,0.07926575094461441,none,backward,0.5833033323287964
w25_00001688,bits,C:\Users\ADMIN\Desktop\ds-fall\data\raw\Dataset\adl\user29\user29_adl4.csv,C:\Users\ADMIN\Desktop\ds-fall\data\raw\Dataset,user29,user29_adl4,adl4,jumping,jumping,0,none,False,36,86,1.44,3.44,25.0,50,12,"ax,ay,az,gx,gy,gz,acc_mag,gyro_mag,jerk,roll,pitch,tilt_delta",20.0,25.0,uniform_20hz_time_interpolation_to_25hz,adl_sliding_capped,1147,1433,,,dataset_unit_map,wrist,bits,m/s^2,rad/s,m/s^2,rad/s,1.0,1.0,True,test,non_fall,non_fall,0.020312495529651642,none,backward,0.46810367703437805
w25_00001689,bits,C:\Users\ADMIN\Desktop\ds-fall\data\raw\Dataset\adl\user29\user29_adl4.csv,C:\Users\ADMIN\Desktop\ds-fall\data\raw\Dataset,user29,user29_adl4,adl4,jumping,jumping,0,none,False,48,98,1.92,3.92,25.0,50,12,"ax,ay,az,gx,gy,gz,acc_mag,gyro_mag,jerk,roll,pitch,tilt_delta",20.0,25.0,uniform_20hz_time_interpolation_to_25hz,adl_sliding_capped,1147,1433,,,dataset_unit_map,wrist,bits,m/s^2,rad/s,m/s^2,rad/s,1.0,1.0,True,test,non_fall,non_fall,0.12373330444097519,none,forward,0.5336634516716003
w25_00001690,bits,C:\Users\ADMIN\Desktop\ds-fall\data\raw\Dataset\adl\user29\user29_adl5.csv,C:\Users\ADMIN\Desktop\ds-fall\data\raw\Dataset,user29,user29_adl5,adl5,climbing_up_slowly,climbing_up_slowly,0,none,False,0,50,0.0,2.0,25.0,50,12,"ax,ay,az,gx,gy,gz,acc_mag,gyro_mag,jerk,roll,pitch,tilt_delta",20.0,25.0,uniform_20hz_time_interpolation_to_25hz,adl_sliding_capped,182,227,,,dataset_unit_map,wrist,bits,m/s^2,rad/s,m/s^2,rad/s,1.0,1.0,True,test,non_fall,non_fall,0.0131134744733572,none,forward,0.6720290184020996
w25_00001691,bits,C:\Users\ADMIN\Desktop\ds-fall\data\raw\Dataset\adl\user29\user29_adl5.csv,C:\Users\ADMIN\Desktop\ds-fall\data\raw\Dataset,user29,user29_adl5,adl5,climbing_up_slowly,climbing_up_slowly,0,none,False,12,62,0.48,2.48,25.0,50,12,"ax,ay,az,gx,gy,gz,acc_mag,gyro_mag,jerk,roll,pitch,tilt_delta",20.0,25.0,uniform_20hz_time_interpolation_to_25hz,adl_sliding_capped,182,227,,,dataset_unit_map,wrist,bits,m/s^2,rad/s,m/s^2,rad/s,1.0,1.0,True,test,non_fall,non_fall,0.0005072126514278352,none,lateral,0.43461766839027405
w25_00001692,bits,C:\Users\ADMIN\Desktop\ds-fall\data\raw\Dataset\adl\user29\user29_adl5.csv,C:\Users\ADMIN\Desktop\ds-fall\data\raw\Dataset,user29,user29_adl5,adl5,climbing_up_slowly,climbing_up_slowly,0,none,False,24,74,0.96,2.96,25.0,50,12,"ax,ay,az,gx,gy,gz,acc_mag,gyro_mag,jerk,roll,pitch,tilt_delta",20.0,25.0,uniform_20hz_time_interpolation_to_25hz,adl_sliding_capped,182,227,,,dataset_unit_map,wrist,bits,m/s^2,rad/s,m/s^2,rad/s,1.0,1.0,True,test,non_fall,non_fall,0.00024484461755491793,none,backward,0.46258020401000977
w25_00001693,bits,C:\Users\ADMIN\Desktop\ds-fall\data\raw\Dataset\adl\user29\user29_adl5.csv,C:\Users\ADMIN\Desktop\ds-fall\data\raw\Dataset,user29,user29_adl5,adl5,climbing_up_slowly,climbing_up_slowly,0,none,False,36,86,1.44,3.44,25.0,50,12,"ax,ay,az,gx,gy,gz,acc_mag,gyro_mag,jerk,roll,pitch,tilt_delta",20.0,25.0,uniform_20hz_time_interpolation_to_25hz,adl_sliding_capped,182,227,,,dataset_unit_map,wrist,bits,m/s^2,rad/s,m/s^2,rad/s,1.0,1.0,True,test,non_fall,non_fall,0.00015839710249565542,none,backward,0.7300418615341187
w25_00001694,bits,C:\Users\ADMIN\Desktop\ds-fall\data\raw\Dataset\adl\user29\user29_adl5.csv,C:\Users\ADMIN\Desktop\ds-fall\data\raw\Dataset,user29,user29_adl5,adl5,climbing_up_slowly,climbing_up_slowly,0,none,False,48,98,1.92,3.92,25.0,50,12,"ax,ay,az,gx,gy,gz,acc_mag,gyro_mag,jerk,roll,pitch,tilt_delta",20.0,25.0,uniform_20hz_time_interpolation_to_25hz,adl_sliding_capped,182,227,,,dataset_unit_map,wrist,bits,m/s^2,rad/s,m/s^2,rad/s,1.0,1.0,True,test,non_fall,non_fall,0.00047373713459819555,none,forward,0.6362378597259521
w25_00001695,bits,C:\Users\ADMIN\Desktop\ds-fall\data\raw\Dataset\adl\user29\user29_adl6.csv,C:\Users\ADMIN\Desktop\ds-fall\data\raw\Dataset,user29,user29_adl6,adl6,climbing_down_slowly,climbing_down_slowly,0,none,False,0,50,0.0,2.0,25.0,50,12,"ax,ay,az,gx,gy,gz,acc_mag,gyro_mag,jerk,roll,pitch,tilt_delta",20.0,25.0,uniform_20hz_time_interpolation_to_25hz,adl_sliding_capped,818,1022,,,dataset_unit_map,wrist,bits,m/s^2,rad/s,m/s^2,rad/s,1.0,1.0,True,test,non_fall,non_fall,0.0053648329339921474,none,forward,0.7908836007118225
w25_00001696,bits,C:\Users\ADMIN\Desktop\ds-fall\data\raw\Dataset\adl\user29\user29_adl6.csv,C:\Users\ADMIN\Desktop\ds-fall\data\raw\Dataset,user29,user29_adl6,adl6,climbing_down_slowly,climbing_down_slowly,0,none,False,12,62,0.48,2.48,25.0,50,12,"ax,ay,az,gx,gy,gz,acc_mag,gyro_mag,jerk,roll,pitch,tilt_delta",20.0,25.0,uniform_20hz_time_interpolation_to_25hz,adl_sliding_capped,818,1022,,,dataset_unit_map,wrist,bits,m/s^2,rad/s,m/s^2,rad/s,1.0,1.0,True,test,non_fall,non_fall,0.0027069461066275835,none,forward,0.49693742394447327
w25_00001697,bits,C:\Users\ADMIN\Desktop\ds-fall\data\raw\Dataset\adl\user29\user29_adl6.csv,C:\Users\ADMIN\Desktop\ds-fall\data\raw\Dataset,user29,user29_adl6,adl6,climbing_down_slowly,climbing_down_slowly,0,none,False,24,74,0.96,2.96,25.0,50,12,"ax,ay,az,gx,gy,gz,acc_mag,gyro_mag,jerk,roll,pitch,tilt_delta",20.0,25.0,uniform_20hz_time_interpolation_to_25hz,adl_sliding_capped,818,1022,,,dataset_unit_map,wrist,bits,m/s^2,rad/s,m/s^2,rad/s,1.0,1.0,True,test,non_fall,non_fall,0.010084516368806362,none,forward,0.8429736495018005
w25_00001698,bits,C:\Users\ADMIN\Desktop\ds-fall\data\raw\Dataset\adl\user29\user29_adl6.csv,C:\Users\ADMIN\Desktop\ds-fall\data\raw\Dataset,user29,user29_adl6,adl6,climbing_down_slowly,climbing_down_slowly,0,none,False,36,86,1.44,3.44,25.0,50,12,"ax,ay,az,gx,gy,gz,acc_mag,gyro_mag,jerk,roll,pitch,tilt_delta",20.0,25.0,uniform_20hz_time_interpolation_to_25hz,adl_sliding_capped,818,1022,,,dataset_unit_map,wrist,bits,m/s^2,rad/s,m/s^2,rad/s,1.0,1.0,True,test,non_fall,non_fall,0.010553880594670773,none,forward,0.942651629447937
w25_00001699,bits,C:\Users\ADMIN\Desktop\ds-fall\data\raw\Dataset\adl\user29\user29_adl6.csv,C:\Users\ADMIN\Desktop\ds-fall\data\raw\Dataset,user29,user29_adl6,adl6,climbing_down_slowly,climbing_down_slowly,0,none,False,48,98,1.92,3.92,25.0,50,12,"ax,ay,az,gx,gy,gz,acc_mag,gyro_mag,jerk,roll,pitch,tilt_delta",20.0,25.0,uniform_20hz_time_interpolation_to_25hz,adl_sliding_capped,818,1022,,,dataset_unit_map,wrist,bits,m/s^2,rad/s,m/s^2,rad/s,1.0,1.0,True,test,non_fall,non_fall,0.008158266544342041,none,forward,0.9485155344009399
w25_00001700,bits,C:\Users\ADMIN\Desktop\ds-fall\data\raw\Dataset\adl\user29\user29_adl7.csv,C:\Users\ADMIN\Desktop\ds-fall\data\raw\Dataset,user29,user29_adl7,adl7,climbing_up_normally,climbing_up_normally,0,none,False,0,50,0.0,2.0,25.0,50,12,"ax,ay,az,gx,gy,gz,acc_mag,gyro_mag,jerk,roll,pitch,tilt_delta",20.0,25.0,uniform_20hz_time_interpolation_to_25hz,adl_sliding_capped,809,1011,,,dataset_unit_map,wrist,bits,m/s^2,rad/s,m/s^2,rad/s,1.0,1.0,True,test,non_fall,non_fall,0.0003257270436733961,none,forward,0.7537214159965515
w25_00001701,bits,C:\Users\ADMIN\Desktop\ds-fall\data\raw\Dataset\adl\user29\user29_adl7.csv,C:\Users\ADMIN\Desktop\ds-fall\data\raw\Dataset,user29,user29_adl7,adl7,climbing_up_normally,climbing_up_normally,0,none,False,12,62,0.48,2.48,25.0,50,12,"ax,ay,az,gx,gy,gz,acc_mag,gyro_mag,jerk,roll,pitch,tilt_delta",20.0,25.0,uniform_20hz_time_interpolation_to_25hz,adl_sliding_capped,809,1011,,,dataset_unit_map,wrist,bits,m/s^2,rad/s,m/s^2,rad/s,1.0,1.0,True,test,non_fall,non_fall,0.00030357742798514664,none,forward,0.7805153727531433
w25_00001702,bits,C:\Users\ADMIN\Desktop\ds-fall\data\raw\Dataset\adl\user29\user29_adl7.csv,C:\Users\ADMIN\Desktop\ds-fall\data\raw\Dataset,user29,user29_adl7,adl7,climbing_up_normally,climbing_up_normally,0,none,False,24,74,0.96,2.96,25.0,50,12,"ax,ay,az,gx,gy,gz,acc_mag,gyro_mag,jerk,roll,pitch,tilt_delta",20.0,25.0,uniform_20hz_time_interpolation_to_25hz,adl_sliding_capped,809,1011,,,dataset_unit_map,wrist,bits,m/s^2,rad/s,m/s^2,rad/s,1.0,1.0,True,test,non_fall,non_fall,0.00029423332307487726,none,forward,0.7805123329162598
w25_00001703,bits,C:\Users\ADMIN\Desktop\ds-fall\data\raw\Dataset\adl\user29\user29_adl7.csv,C:\Users\ADMIN\Desktop\ds-fall\data\raw\Dataset,user29,user29_adl7,adl7,climbing_up_normally,climbing_up_normally,0,none,False,36,86,1.44,3.44,25.0,50,12,"ax,ay,az,gx,gy,gz,acc_mag,gyro_mag,jerk,roll,pitch,tilt_delta",20.0,25.0,uniform_20hz_time_interpolation_to_25hz,adl_sliding_capped,809,1011,,,dataset_unit_map,wrist,bits,m/s^2,rad/s,m/s^2,rad/s,1.0,1.0,True,test,non_fall,non_fall,0.0002963636943604797,none,forward,0.7823033332824707
w25_00001704,bits,C:\Users\ADMIN\Desktop\ds-fall\data\raw\Dataset\adl\user29\user29_adl7.csv,C:\Users\ADMIN\Desktop\ds-fall\data\raw\Dataset,user29,user29_adl7,adl7,climbing_up_normally,climbing_up_normally,0,none,False,48,98,1.92,3.92,25.0,50,12,"ax,ay,az,gx,gy,gz,acc_mag,gyro_mag,jerk,roll,pitch,tilt_delta",20.0,25.0,uniform_20hz_time_interpolation_to_25hz,adl_sliding_capped,809,1011,,,dataset_unit_map,wrist,bits,m/s^2,rad/s,m/s^2,rad/s,1.0,1.0,True,test,non_fall,non_fall,0.0003001372970174998,none,forward,0.7960062623023987
w25_00001705,bits,C:\Users\ADMIN\Desktop\ds-fall\data\raw\Dataset\adl\user29\user29_adl8.csv,C:\Users\ADMIN\Desktop\ds-fall\data\raw\Dataset,user29,user29_adl8,adl8,climbing_down_normally,climbing_down_normally,0,none,False,0,50,0.0,2.0,25.0,50,12,"ax,ay,az,gx,gy,gz,acc_mag,gyro_mag,jerk,roll,pitch,tilt_delta",20.0,25.0,uniform_20hz_time_interpolation_to_25hz,adl_sliding_capped,330,412,,,dataset_unit_map,wrist,bits,m/s^2,rad/s,m/s^2,rad/s,1.0,1.0,True,test,non_fall,non_fall,0.003996849991381168,none,forward,0.8541801571846008
w25_00001706,bits,C:\Users\ADMIN\Desktop\ds-fall\data\raw\Dataset\adl\user29\user29_adl8.csv,C:\Users\ADMIN\Desktop\ds-fall\data\raw\Dataset,user29,user29_adl8,adl8,climbing_down_normally,climbing_down_normally,0,none,False,12,62,0.48,2.48,25.0,50,12,"ax,ay,az,gx,gy,gz,acc_mag,gyro_mag,jerk,roll,pitch,tilt_delta",20.0,25.0,uniform_20hz_time_interpolation_to_25hz,adl_sliding_capped,330,412,,,dataset_unit_map,wrist,bits,m/s^2,rad/s,m/s^2,rad/s,1.0,1.0,True,test,non_fall,non_fall,0.0010194624774158,none,forward,0.9068397879600525
w25_00001707,bits,C:\Users\ADMIN\Desktop\ds-fall\data\raw\Dataset\adl\user29\user29_adl8.csv,C:\Users\ADMIN\Desktop\ds-fall\data\raw\Dataset,user29,user29_adl8,adl8,climbing_down_normally,climbing_down_normally,0,none,False,24,74,0.96,2.96,25.0,50,12,"ax,ay,az,gx,gy,gz,acc_mag,gyro_mag,jerk,roll,pitch,tilt_delta",20.0,25.0,uniform_20hz_time_interpolation_to_25hz,adl_sliding_capped,330,412,,,dataset_unit_map,wrist,bits,m/s^2,rad/s,m/s^2,rad/s,1.0,1.0,True,test,non_fall,non_fall,0.0007817760924808681,none,forward,0.8843969702720642
w25_00001708,bits,C:\Users\ADMIN\Desktop\ds-fall\data\raw\Dataset\adl\user29\user29_adl8.csv,C:\Users\ADMIN\Desktop\ds-fall\data\raw\Dataset,user29,user29_adl8,adl8,climbing_down_normally,climbing_down_normally,0,none,False,36,86,1.44,3.44,25.0,50,12,"ax,ay,az,gx,gy,gz,acc_mag,gyro_mag,jerk,roll,pitch,tilt_delta",20.0,25.0,uniform_20hz_time_interpolation_to_25hz,adl_sliding_capped,330,412,,,dataset_unit_map,wrist,bits,m/s^2,rad/s,m/s^2,rad/s,1.0,1.0,True,test,non_fall,non_fall,0.0023752511478960514,none,forward,0.733872652053833
w25_00001709,bits,C:\Users\ADMIN\Desktop\ds-fall\data\raw\Dataset\adl\user29\user29_adl8.csv,C:\Users\ADMIN\Desktop\ds-fall\data\raw\Dataset,user29,user29_adl8,adl8,climbing_down_normally,climbing_down_normally,0,none,False,48,98,1.92,3.92,25.0,50,12,"ax,ay,az,gx,gy,gz,acc_mag,gyro_mag,jerk,roll,pitch,tilt_delta",20.0,25.0,uniform_20hz_time_interpolation_to_25hz,adl_sliding_capped,330,412,,,dataset_unit_map,wrist,bits,m/s^2,rad/s,m/s^2,rad/s,1.0,1.0,True,test,non_fall,non_fall,0.002366486005485058,none,forward,0.9044984579086304
w25_00001710,bits,C:\Users\ADMIN\Desktop\ds-fall\data\raw\Dataset\adl\user29\user29_adl9.csv,C:\Users\ADMIN\Desktop\ds-fall\data\raw\Dataset,user29,user29_adl9,adl9,slowly_sitting_on_chair,slowly_sitting_on_chair,0,none,False,0,50,0.0,2.0,25.0,50,12,"ax,ay,az,gx,gy,gz,acc_mag,gyro_mag,jerk,roll,pitch,tilt_delta",20.0,25.0,uniform_20hz_time_interpolation_to_25hz,adl_sliding_capped,569,711,,,dataset_unit_map,wrist,bits,m/s^2,rad/s,m/s^2,rad/s,1.0,1.0,True,test,non_fall,non_fall,0.0006762008415535092,none,forward,0.8967902064323425
w25_00001711,bits,C:\Users\ADMIN\Desktop\ds-fall\data\raw\Dataset\adl\user29\user29_adl9.csv,C:\Users\ADMIN\Desktop\ds-fall\data\raw\Dataset,user29,user29_adl9,adl9,slowly_sitting_on_chair,slowly_sitting_on_chair,0,none,False,12,62,0.48,2.48,25.0,50,12,"ax,ay,az,gx,gy,gz,acc_mag,gyro_mag,jerk,roll,pitch,tilt_delta",20.0,25.0,uniform_20hz_time_interpolation_to_25hz,adl_sliding_capped,569,711,,,dataset_unit_map,wrist,bits,m/s^2,rad/s,m/s^2,rad/s,1.0,1.0,True,test,non_fall,non_fall,0.0006585773080587387,none,forward,0.9175439476966858
w25_00001712,bits,C:\Users\ADMIN\Desktop\ds-fall\data\raw\Dataset\adl\user29\user29_adl9.csv,C:\Users\ADMIN\Desktop\ds-fall\data\raw\Dataset,user29,user29_adl9,adl9,slowly_sitting_on_chair,slowly_sitting_on_chair,0,none,False,24,74,0.96,2.96,25.0,50,12,"ax,ay,az,gx,gy,gz,acc_mag,gyro_mag,jerk,roll,pitch,tilt_delta",20.0,25.0,uniform_20hz_time_interpolation_to_25hz,adl_sliding_capped,569,711,,,dataset_unit_map,wrist,bits,m/s^2,rad/s,m/s^2,rad/s,1.0,1.0,True,test,non_fall,non_fall,0.00042412319453433156,none,forward,0.9448392391204834
w25_00001713,bits,C:\Users\ADMIN\Desktop\ds-fall\data\raw\Dataset\adl\user29\user29_adl9.csv,C:\Users\ADMIN\Desktop\ds-fall\data\raw\Dataset,user29,user29_adl9,adl9,slowly_sitting_on_chair,slowly_sitting_on_chair,0,none,False,36,86,1.44,3.44,25.0,50,12,"ax,ay,az,gx,gy,gz,acc_mag,gyro_mag,jerk,roll,pitch,tilt_delta",20.0,25.0,uniform_20hz_time_interpolation_to_25hz,adl_sliding_capped,569,711,,,dataset_unit_map,wrist,bits,m/s^2,rad/s,m/s^2,rad/s,1.0,1.0,True,test,non_fall,non_fall,0.00029671029187738895,none,forward,0.9477994441986084
w25_00001714,bits,C:\Users\ADMIN\Desktop\ds-fall\data\raw\Dataset\adl\user29\user29_adl9.csv,C:\Users\ADMIN\Desktop\ds-fall\data\raw\Dataset,user29,user29_adl9,adl9,slowly_sitting_on_chair,slowly_sitting_on_chair,0,none,False,48,98,1.92,3.92,25.0,50,12,"ax,ay,az,gx,gy,gz,acc_mag,gyro_mag,jerk,roll,pitch,tilt_delta",20.0,25.0,uniform_20hz_time_interpolation_to_25hz,adl_sliding_capped,569,711,,,dataset_unit_map,wrist,bits,m/s^2,rad/s,m/s^2,rad/s,1.0,1.0,True,test,non_fall,non_fall,0.00021837485837750137,none,forward,0.9318403005599976
w25_00001875,bits,C:\Users\ADMIN\Desktop\ds-fall\data\raw\Dataset\adl\user31\user31_adl1.csv,C:\Users\ADMIN\Desktop\ds-fall\data\raw\Dataset,user31,user31_adl1,adl1,walking_slowly,walking_slowly,0,none,False,0,50,0.0,2.0,25.0,50,12,"ax,ay,az,gx,gy,gz,acc_mag,gyro_mag,jerk,roll,pitch,tilt_delta",20.0,25.0,uniform_20hz_time_interpolation_to_25hz,adl_sliding_capped,747,933,,,dataset_unit_map,wrist,bits,m/s^2,rad/s,m/s^2,rad/s,1.0,1.0,True,test,non_fall,non_fall,0.0006115775322541595,none,forward,0.9017272591590881
w25_00001876,bits,C:\Users\ADMIN\Desktop\ds-fall\data\raw\Dataset\adl\user31\user31_adl1.csv,C:\Users\ADMIN\Desktop\ds-fall\data\raw\Dataset,user31,user31_adl1,adl1,walking_slowly,walking_slowly,0,none,False,12,62,0.48,2.48,25.0,50,12,"ax,ay,az,gx,gy,gz,acc_mag,gyro_mag,jerk,roll,pitch,tilt_delta",20.0,25.0,uniform_20hz_time_interpolation_to_25hz,adl_sliding_capped,747,933,,,dataset_unit_map,wrist,bits,m/s^2,rad/s,m/s^2,rad/s,1.0,1.0,True,test,non_fall,non_fall,0.0005563324666582048,none,forward,0.9037563800811768
w25_00001877,bits,C:\Users\ADMIN\Desktop\ds-fall\data\raw\Dataset\adl\user31\user31_adl1.csv,C:\Users\ADMIN\Desktop\ds-fall\data\raw\Dataset,user31,user31_adl1,adl1,walking_slowly,walking_slowly,0,none,False,24,74,0.96,2.96,25.0,50,12,"ax,ay,az,gx,gy,gz,acc_mag,gyro_mag,jerk,roll,pitch,tilt_delta",20.0,25.0,uniform_20hz_time_interpolation_to_25hz,adl_sliding_capped,747,933,,,dataset_unit_map,wrist,bits,m/s^2,rad/s,m/s^2,rad/s,1.0,1.0,True,test,non_fall,non_fall,0.0004920554347336292,none,forward,0.9154006242752075
w25_00001878,bits,C:\Users\ADMIN\Desktop\ds-fall\data\raw\Dataset\adl\user31\user31_adl1.csv,C:\Users\ADMIN\Desktop\ds-fall\data\raw\Dataset,user31,user31_adl1,adl1,walking_slowly,walking_slowly,0,none,False,36,86,1.44,3.44,25.0,50,12,"ax,ay,az,gx,gy,gz,acc_mag,gyro_mag,jerk,roll,pitch,tilt_delta",20.0,25.0,uniform_20hz_time_interpolation_to_25hz,adl_sliding_capped,747,933,,,dataset_unit_map,wrist,bits,m/s^2,rad/s,m/s^2,rad/s,1.0,1.0,True,test,non_fall,non_fall,0.0004202888230793178,none,forward,0.9236034750938416
w25_00001879,bits,C:\Users\ADMIN\Desktop\ds-fall\data\raw\Dataset\adl\user31\user31_adl1.csv,C:\Users\ADMIN\Desktop\ds-fall\data\raw\Dataset,user31,user31_adl1,adl1,walking_slowly,walking_slowly,0,none,False,48,98,1.92,3.92,25.0,50,12,"ax,ay,az,gx,gy,gz,acc_mag,gyro_mag,jerk,roll,pitch,tilt_delta",20.0,25.0,uniform_20hz_time_interpolation_to_25hz,adl_sliding_capped,747,933,,,dataset_unit_map,wrist,bits,m/s^2,rad/s,m/s^2,rad/s,1.0,1.0,True,test,non_fall,non_fall,0.000447872414952144,none,forward,0.8891898989677429
w25_00001880,bits,C:\Users\ADMIN\Desktop\ds-fall\data\raw\Dataset\adl\user31\user31_adl10.csv,C:\Users\ADMIN\Desktop\ds-fall\data\raw\Dataset,user31,user31_adl10,adl10,rapidly_sitting_on_chair,rapidly_sitting_on_chair,0,none,False,0,50,0.0,2.0,25.0,50,12,"ax,ay,az,gx,gy,gz,acc_mag,gyro_mag,jerk,roll,pitch,tilt_delta",20.0,25.0,uniform_20hz_time_interpolation_to_25hz,adl_sliding_capped,477,596,,,dataset_unit_map,wrist,bits,m/s^2,rad/s,m/s^2,rad/s,1.0,1.0,True,test,non_fall,non_fall,0.00035585416480898857,none,forward,0.917533814907074
w25_00001881,bits,C:\Users\ADMIN\Desktop\ds-fall\data\raw\Dataset\adl\user31\user31_adl10.csv,C:\Users\ADMIN\Desktop\ds-fall\data\raw\Dataset,user31,user31_adl10,adl10,rapidly_sitting_on_chair,rapidly_sitting_on_chair,0,none,False,12,62,0.48,2.48,25.0,50,12,"ax,ay,az,gx,gy,gz,acc_mag,gyro_mag,jerk,roll,pitch,tilt_delta",20.0,25.0,uniform_20hz_time_interpolation_to_25hz,adl_sliding_capped,477,596,,,dataset_unit_map,wrist,bits,m/s^2,rad/s,m/s^2,rad/s,1.0,1.0,True,test,non_fall,non_fall,0.0003571243432816118,none,forward,0.9085855484008789
w25_00001882,bits,C:\Users\ADMIN\Desktop\ds-fall\data\raw\Dataset\adl\user31\user31_adl10.csv,C:\Users\ADMIN\Desktop\ds-fall\data\raw\Dataset,user31,user31_adl10,adl10,rapidly_sitting_on_chair,rapidly_sitting_on_chair,0,none,False,24,74,0.96,2.96,25.0,50,12,"ax,ay,az,gx,gy,gz,acc_mag,gyro_mag,jerk,roll,pitch,tilt_delta",20.0,25.0,uniform_20hz_time_interpolation_to_25hz,adl_sliding_capped,477,596,,,dataset_unit_map,wrist,bits,m/s^2,rad/s,m/s^2,rad/s,1.0,1.0,True,test,non_fall,non_fall,0.0003653470193967223,none,forward,0.9126965999603271
w25_00001883,bits,C:\Users\ADMIN\Desktop\ds-fall\data\raw\Dataset\adl\user31\user31_adl10.csv,C:\Users\ADMIN\Desktop\ds-fall\data\raw\Dataset,user31,user31_adl10,adl10,rapidly_sitting_on_chair,rapidly_sitting_on_chair,0,none,False,36,86,1.44,3.44,25.0,50,12,"ax,ay,az,gx,gy,gz,acc_mag,gyro_mag,jerk,roll,pitch,tilt_delta",20.0,25.0,uniform_20hz_time_interpolation_to_25hz,adl_sliding_capped,477,596,,,dataset_unit_map,wrist,bits,m/s^2,rad/s,m/s^2,rad/s,1.0,1.0,True,test,non_fall,non_fall,0.0003901068994309753,none,forward,0.9135976433753967
w25_00001884,bits,C:\Users\ADMIN\Desktop\ds-fall\data\raw\Dataset\adl\user31\user31_adl10.csv,C:\Users\ADMIN\Desktop\ds-fall\data\raw\Dataset,user31,user31_adl10,adl10,rapidly_sitting_on_chair,rapidly_sitting_on_chair,0,none,False,48,98,1.92,3.92,25.0,50,12,"ax,ay,az,gx,gy,gz,acc_mag,gyro_mag,jerk,roll,pitch,tilt_delta",20.0,25.0,uniform_20hz_time_interpolation_to_25hz,adl_sliding_capped,477,596,,,dataset_unit_map,wrist,bits,m/s^2,rad/s,m/s^2,rad/s,1.0,1.0,True,test,non_fall,non_fall,0.0004175190697424114,none,forward,0.900945782661438
w25_00001885,bits,C:\Users\ADMIN\Desktop\ds-fall\data\raw\Dataset\adl\user31\user31_adl11.csv,C:\Users\ADMIN\Desktop\ds-fall\data\raw\Dataset,user31,user31_adl11,adl11,nearly_sitting_and_getting_up,nearly_sitting_and_getting_up,0,none,False,0,50,0.0,2.0,25.0,50,12,"ax,ay,az,gx,gy,gz,acc_mag,gyro_mag,jerk,roll,pitch,tilt_delta",20.0,25.0,uniform_20hz_time_interpolation_to_25hz,adl_sliding_capped,334,417,,,dataset_unit_map,wrist,bits,m/s^2,rad/s,m/s^2,rad/s,1.0,1.0,True,test,non_fall,non_fall,0.04910816624760628,none,forward,0.9019997119903564
w25_00001886,bits,C:\Users\ADMIN\Desktop\ds-fall\data\raw\Dataset\adl\user31\user31_adl11.csv,C:\Users\ADMIN\Desktop\ds-fall\data\raw\Dataset,user31,user31_adl11,adl11,nearly_sitting_and_getting_up,nearly_sitting_and_getting_up,0,none,False,12,62,0.48,2.48,25.0,50,12,"ax,ay,az,gx,gy,gz,acc_mag,gyro_mag,jerk,roll,pitch,tilt_delta",20.0,25.0,uniform_20hz_time_interpolation_to_25hz,adl_sliding_capped,334,417,,,dataset_unit_map,wrist,bits,m/s^2,rad/s,m/s^2,rad/s,1.0,1.0,True,test,non_fall,non_fall,0.05198804289102554,none,forward,0.9117178916931152
w25_00001887,bits,C:\Users\ADMIN\Desktop\ds-fall\data\raw\Dataset\adl\user31\user31_adl11.csv,C:\Users\ADMIN\Desktop\ds-fall\data\raw\Dataset,user31,user31_adl11,adl11,nearly_sitting_and_getting_up,nearly_sitting_and_getting_up,0,none,False,24,74,0.96,2.96,25.0,50,12,"ax,ay,az,gx,gy,gz,acc_mag,gyro_mag,jerk,roll,pitch,tilt_delta",20.0,25.0,uniform_20hz_time_interpolation_to_25hz,adl_sliding_capped,334,417,,,dataset_unit_map,wrist,bits,m/s^2,rad/s,m/s^2,rad/s,1.0,1.0,True,test,non_fall,non_fall,0.008109087124466896,none,forward,0.8645891547203064
w25_00001888,bits,C:\Users\ADMIN\Desktop\ds-fall\data\raw\Dataset\adl\user31\user31_adl11.csv,C:\Users\ADMIN\Desktop\ds-fall\data\raw\Dataset,user31,user31_adl11,adl11,nearly_sitting_and_getting_up,nearly_sitting_and_getting_up,0,none,False,36,86,1.44,3.44,25.0,50,12,"ax,ay,az,gx,gy,gz,acc_mag,gyro_mag,jerk,roll,pitch,tilt_delta",20.0,25.0,uniform_20hz_time_interpolation_to_25hz,adl_sliding_capped,334,417,,,dataset_unit_map,wrist,bits,m/s^2,rad/s,m/s^2,rad/s,1.0,1.0,True,test,non_fall,non_fall,0.0004091902810614556,none,forward,0.9055036306381226
w25_00001889,bits,C:\Users\ADMIN\Desktop\ds-fall\data\raw\Dataset\adl\user31\user31_adl11.csv,C:\Users\ADMIN\Desktop\ds-fall\data\raw\Dataset,user31,user31_adl11,adl11,nearly_sitting_and_getting_up,nearly_sitting_and_getting_up,0,none,False,48,98,1.92,3.92,25.0,50,12,"ax,ay,az,gx,gy,gz,acc_mag,gyro_mag,jerk,roll,pitch,tilt_delta",20.0,25.0,uniform_20hz_time_interpolation_to_25hz,adl_sliding_capped,334,417,,,dataset_unit_map,wrist,bits,m/s^2,rad/s,m/s^2,rad/s,1.0,1.0,True,test,non_fall,non_fall,0.0005182054592296481,none,forward,0.8834313154220581
w25_00001890,bits,C:\Users\ADMIN\Desktop\ds-fall\data\raw\Dataset\adl\user31\user31_adl12.csv,C:\Users\ADMIN\Desktop\ds-fall\data\raw\Dataset,user31,user31_adl12,adl12,swinging_hands,swinging_hands,0,none,False,0,50,0.0,2.0,25.0,50,12,"ax,ay,az,gx,gy,gz,acc_mag,gyro_mag,jerk,roll,pitch,tilt_delta",20.0,25.0,uniform_20hz_time_interpolation_to_25hz,adl_sliding_capped,281,351,,,dataset_unit_map,wrist,bits,m/s^2,rad/s,m/s^2,rad/s,1.0,1.0,True,test,non_fall,non_fall,0.00196774466894567,none,forward,0.8865942358970642
w25_00001891,bits,C:\Users\ADMIN\Desktop\ds-fall\data\raw\Dataset\adl\user31\user31_adl12.csv,C:\Users\ADMIN\Desktop\ds-fall\data\raw\Dataset,user31,user31_adl12,adl12,swinging_hands,swinging_hands,0,none,False,12,62,0.48,2.48,25.0,50,12,"ax,ay,az,gx,gy,gz,acc_mag,gyro_mag,jerk,roll,pitch,tilt_delta",20.0,25.0,uniform_20hz_time_interpolation_to_25hz,adl_sliding_capped,281,351,,,dataset_unit_map,wrist,bits,m/s^2,rad/s,m/s^2,rad/s,1.0,1.0,True,test,non_fall,non_fall,0.0005052101914770901,none,forward,0.9058545231819153
w25_00001892,bits,C:\Users\ADMIN\Desktop\ds-fall\data\raw\Dataset\adl\user31\user31_adl12.csv,C:\Users\ADMIN\Desktop\ds-fall\data\raw\Dataset,user31,user31_adl12,adl12,swinging_hands,swinging_hands,0,none,False,24,74,0.96,2.96,25.0,50,12,"ax,ay,az,gx,gy,gz,acc_mag,gyro_mag,jerk,roll,pitch,tilt_delta",20.0,25.0,uniform_20hz_time_interpolation_to_25hz,adl_sliding_capped,281,351,,,dataset_unit_map,wrist,bits,m/s^2,rad/s,m/s^2,rad/s,1.0,1.0,True,test,non_fall,non_fall,0.00045166199561208487,none,forward,0.908358097076416
w25_00001893,bits,C:\Users\ADMIN\Desktop\ds-fall\data\raw\Dataset\adl\user31\user31_adl12.csv,C:\Users\ADMIN\Desktop\ds-fall\data\raw\Dataset,user31,user31_adl12,adl12,swinging_hands,swinging_hands,0,none,False,36,86,1.44,3.44,25.0,50,12,"ax,ay,az,gx,gy,gz,acc_mag,gyro_mag,jerk,roll,pitch,tilt_delta",20.0,25.0,uniform_20hz_time_interpolation_to_25hz,adl_sliding_capped,281,351,,,dataset_unit_map,wrist,bits,m/s^2,rad/s,m/s^2,rad/s,1.0,1.0,True,test,non_fall,non_fall,0.0004678174445871264,none,forward,0.9104096293449402
w25_00001894,bits,C:\Users\ADMIN\Desktop\ds-fall\data\raw\Dataset\adl\user31\user31_adl12.csv,C:\Users\ADMIN\Desktop\ds-fall\data\raw\Dataset,user31,user31_adl12,adl12,swinging_hands,swinging_hands,0,none,False,48,98,1.92,3.92,25.0,50,12,"ax,ay,az,gx,gy,gz,acc_mag,gyro_mag,jerk,roll,pitch,tilt_delta",20.0,25.0,uniform_20hz_time_interpolation_to_25hz,adl_sliding_capped,281,351,,,dataset_unit_map,wrist,bits,m/s^2,rad/s,m/s^2,rad/s,1.0,1.0,True,test,non_fall,non_fall,0.00047362811164930463,none,forward,0.9113041162490845
w25_00001895,bits,C:\Users\ADMIN\Desktop\ds-fall\data\raw\Dataset\adl\user31\user31_adl13.csv,C:\Users\ADMIN\Desktop\ds-fall\data\raw\Dataset,user31,user31_adl13,adl13,lying_on_bed,lying_on_bed,0,none,False,0,50,0.0,2.0,25.0,50,12,"ax,ay,az,gx,gy,gz,acc_mag,gyro_mag,jerk,roll,pitch,tilt_delta",20.0,25.0,uniform_20hz_time_interpolation_to_25hz,adl_sliding_capped,224,279,,,dataset_unit_map,wrist,bits,m/s^2,rad/s,m/s^2,rad/s,1.0,1.0,True,test,non_fall,non_fall,2.2577441995963454e-05,none,backward,0.5175181031227112
w25_00001896,bits,C:\Users\ADMIN\Desktop\ds-fall\data\raw\Dataset\adl\user31\user31_adl13.csv,C:\Users\ADMIN\Desktop\ds-fall\data\raw\Dataset,user31,user31_adl13,adl13,lying_on_bed,lying_on_bed,0,none,False,12,62,0.48,2.48,25.0,50,12,"ax,ay,az,gx,gy,gz,acc_mag,gyro_mag,jerk,roll,pitch,tilt_delta",20.0,25.0,uniform_20hz_time_interpolation_to_25hz,adl_sliding_capped,224,279,,,dataset_unit_map,wrist,bits,m/s^2,rad/s,m/s^2,rad/s,1.0,1.0,True,test,non_fall,non_fall,2.4338880393770523e-05,none,backward,0.5163043141365051
w25_00001897,bits,C:\Users\ADMIN\Desktop\ds-fall\data\raw\Dataset\adl\user31\user31_adl13.csv,C:\Users\ADMIN\Desktop\ds-fall\data\raw\Dataset,user31,user31_adl13,adl13,lying_on_bed,lying_on_bed,0,none,False,24,74,0.96,2.96,25.0,50,12,"ax,ay,az,gx,gy,gz,acc_mag,gyro_mag,jerk,roll,pitch,tilt_delta",20.0,25.0,uniform_20hz_time_interpolation_to_25hz,adl_sliding_capped,224,279,,,dataset_unit_map,wrist,bits,m/s^2,rad/s,m/s^2,rad/s,1.0,1.0,True,test,non_fall,non_fall,2.4291828594869003e-05,none,backward,0.5300153493881226
w25_00001898,bits,C:\Users\ADMIN\Desktop\ds-fall\data\raw\Dataset\adl\user31\user31_adl13.csv,C:\Users\ADMIN\Desktop\ds-fall\data\raw\Dataset,user31,user31_adl13,adl13,lying_on_bed,lying_on_bed,0,none,False,36,86,1.44,3.44,25.0,50,12,"ax,ay,az,gx,gy,gz,acc_mag,gyro_mag,jerk,roll,pitch,tilt_delta",20.0,25.0,uniform_20hz_time_interpolation_to_25hz,adl_sliding_capped,224,279,,,dataset_unit_map,wrist,bits,m/s^2,rad/s,m/s^2,rad/s,1.0,1.0,True,test,non_fall,non_fall,2.4244316591648385e-05,none,backward,0.5250228643417358
w25_00001899,bits,C:\Users\ADMIN\Desktop\ds-fall\data\raw\Dataset\adl\user31\user31_adl13.csv,C:\Users\ADMIN\Desktop\ds-fall\data\raw\Dataset,user31,user31_adl13,adl13,lying_on_bed,lying_on_bed,0,none,False,48,98,1.92,3.92,25.0,50,12,"ax,ay,az,gx,gy,gz,acc_mag,gyro_mag,jerk,roll,pitch,tilt_delta",20.0,25.0,uniform_20hz_time_interpolation_to_25hz,adl_sliding_capped,224,279,,,dataset_unit_map,wrist,bits,m/s^2,rad/s,m/s^2,rad/s,1.0,1.0,True,test,non_fall,non_fall,2.404342740192078e-05,none,backward,0.5298252701759338
w25_00001900,bits,C:\Users\ADMIN\Desktop\ds-fall\data\raw\Dataset\adl\user31\user31_adl14.csv,C:\Users\ADMIN\Desktop\ds-fall\data\raw\Dataset,user31,user31_adl14,adl14,lying_on_back_getting_up_slowly,lying_on_back_getting_up_slowly,0,none,False,0,50,0.0,2.0,25.0,50,12,"ax,ay,az,gx,gy,gz,acc_mag,gyro_mag,jerk,roll,pitch,tilt_delta",20.0,25.0,uniform_20hz_time_interpolation_to_25hz,adl_sliding_capped,328,409,,,dataset_unit_map,wrist,bits,m/s^2,rad/s,m/s^2,rad/s,1.0,1.0,True,test,non_fall,non_fall,2.7093114113085903e-05,none,backward,0.5064992308616638
w25_00001901,bits,C:\Users\ADMIN\Desktop\ds-fall\data\raw\Dataset\adl\user31\user31_adl14.csv,C:\Users\ADMIN\Desktop\ds-fall\data\raw\Dataset,user31,user31_adl14,adl14,lying_on_back_getting_up_slowly,lying_on_back_getting_up_slowly,0,none,False,12,62,0.48,2.48,25.0,50,12,"ax,ay,az,gx,gy,gz,acc_mag,gyro_mag,jerk,roll,pitch,tilt_delta",20.0,25.0,uniform_20hz_time_interpolation_to_25hz,adl_sliding_capped,328,409,,,dataset_unit_map,wrist,bits,m/s^2,rad/s,m/s^2,rad/s,1.0,1.0,True,test,non_fall,non_fall,2.8639931770158e-05,none,backward,0.5012008547782898
w25_00001902,bits,C:\Users\ADMIN\Desktop\ds-fall\data\raw\Dataset\adl\user31\user31_adl14.csv,C:\Users\ADMIN\Desktop\ds-fall\data\raw\Dataset,user31,user31_adl14,adl14,lying_on_back_getting_up_slowly,lying_on_back_getting_up_slowly,0,none,False,24,74,0.96,2.96,25.0,50,12,"ax,ay,az,gx,gy,gz,acc_mag,gyro_mag,jerk,roll,pitch,tilt_delta",20.0,25.0,uniform_20hz_time_interpolation_to_25hz,adl_sliding_capped,328,409,,,dataset_unit_map,wrist,bits,m/s^2,rad/s,m/s^2,rad/s,1.0,1.0,True,test,non_fall,non_fall,2.8625405320781283e-05,none,forward,0.4972529709339142
w25_00001903,bits,C:\Users\ADMIN\Desktop\ds-fall\data\raw\Dataset\adl\user31\user31_adl14.csv,C:\Users\ADMIN\Desktop\ds-fall\data\raw\Dataset,user31,user31_adl14,adl14,lying_on_back_getting_up_slowly,lying_on_back_getting_up_slowly,0,none,False,36,86,1.44,3.44,25.0,50,12,"ax,ay,az,gx,gy,gz,acc_mag,gyro_mag,jerk,roll,pitch,tilt_delta",20.0,25.0,uniform_20hz_time_interpolation_to_25hz,adl_sliding_capped,328,409,,,dataset_unit_map,wrist,bits,m/s^2,rad/s,m/s^2,rad/s,1.0,1.0,True,test,non_fall,non_fall,2.8549966373248026e-05,none,forward,0.50224769115448
w25_00001904,bits,C:\Users\ADMIN\Desktop\ds-fall\data\raw\Dataset\adl\user31\user31_adl14.csv,C:\Users\ADMIN\Desktop\ds-fall\data\raw\Dataset,user31,user31_adl14,adl14,lying_on_back_getting_up_slowly,lying_on_back_getting_up_slowly,0,none,False,48,98,1.92,3.92,25.0,50,12,"ax,ay,az,gx,gy,gz,acc_mag,gyro_mag,jerk,roll,pitch,tilt_delta",20.0,25.0,uniform_20hz_time_interpolation_to_25hz,adl_sliding_capped,328,409,,,dataset_unit_map,wrist,bits,m/s^2,rad/s,m/s^2,rad/s,1.0,1.0,True,test,non_fall,non_fall,2.8617107091122307e-05,none,backward,0.5026983022689819
w25_00001905,bits,C:\Users\ADMIN\Desktop\ds-fall\data\raw\Dataset\adl\user31\user31_adl15.csv,C:\Users\ADMIN\Desktop\ds-fall\data\raw\Dataset,user31,user31_adl15,adl15,lying_on_back_getting_up_normally,lying_on_back_getting_up_normally,0,none,False,0,50,0.0,2.0,25.0,50,12,"ax,ay,az,gx,gy,gz,acc_mag,gyro_mag,jerk,roll,pitch,tilt_delta",20.0,25.0,uniform_20hz_time_interpolation_to_25hz,adl_sliding_capped,256,319,,,dataset_unit_map,wrist,bits,m/s^2,rad/s,m/s^2,rad/s,1.0,1.0,True,test,non_fall,non_fall,1.9240980691392906e-05,none,backward,0.5499690771102905
w25_00001906,bits,C:\Users\ADMIN\Desktop\ds-fall\data\raw\Dataset\adl\user31\user31_adl15.csv,C:\Users\ADMIN\Desktop\ds-fall\data\raw\Dataset,user31,user31_adl15,adl15,lying_on_back_getting_up_normally,lying_on_back_getting_up_normally,0,none,False,12,62,0.48,2.48,25.0,50,12,"ax,ay,az,gx,gy,gz,acc_mag,gyro_mag,jerk,roll,pitch,tilt_delta",20.0,25.0,uniform_20hz_time_interpolation_to_25hz,adl_sliding_capped,256,319,,,dataset_unit_map,wrist,bits,m/s^2,rad/s,m/s^2,rad/s,1.0,1.0,True,test,non_fall,non_fall,1.99572659767e-05,none,backward,0.5651090145111084
w25_00001907,bits,C:\Users\ADMIN\Desktop\ds-fall\data\raw\Dataset\adl\user31\user31_adl15.csv,C:\Users\ADMIN\Desktop\ds-fall\data\raw\Dataset,user31,user31_adl15,adl15,lying_on_back_getting_up_normally,lying_on_back_getting_up_normally,0,none,False,24,74,0.96,2.96,25.0,50,12,"ax,ay,az,gx,gy,gz,acc_mag,gyro_mag,jerk,roll,pitch,tilt_delta",20.0,25.0,uniform_20hz_time_interpolation_to_25hz,adl_sliding_capped,256,319,,,dataset_unit_map,wrist,bits,m/s^2,rad/s,m/s^2,rad/s,1.0,1.0,True,test,non_fall,non_fall,2.0083811250515282e-05,none,backward,0.5503126382827759
w25_00001908,bits,C:\Users\ADMIN\Desktop\ds-fall\data\raw\Dataset\adl\user31\user31_adl15.csv,C:\Users\ADMIN\Desktop\ds-fall\data\raw\Dataset,user31,user31_adl15,adl15,lying_on_back_getting_up_normally,lying_on_back_getting_up_normally,0,none,False,36,86,1.44,3.44,25.0,50,12,"ax,ay,az,gx,gy,gz,acc_mag,gyro_mag,jerk,roll,pitch,tilt_delta",20.0,25.0,uniform_20hz_time_interpolation_to_25hz,adl_sliding_capped,256,319,,,dataset_unit_map,wrist,bits,m/s^2,rad/s,m/s^2,rad/s,1.0,1.0,True,test,non_fall,non_fall,1.9905601220671088e-05,none,backward,0.5639345645904541
w25_00001909,bits,C:\Users\ADMIN\Desktop\ds-fall\data\raw\Dataset\adl\user31\user31_adl15.csv,C:\Users\ADMIN\Desktop\ds-fall\data\raw\Dataset,user31,user31_adl15,adl15,lying_on_back_getting_up_normally,lying_on_back_getting_up_normally,0,none,False,48,98,1.92,3.92,25.0,50,12,"ax,ay,az,gx,gy,gz,acc_mag,gyro_mag,jerk,roll,pitch,tilt_delta",20.0,25.0,uniform_20hz_time_interpolation_to_25hz,adl_sliding_capped,256,319,,,dataset_unit_map,wrist,bits,m/s^2,rad/s,m/s^2,rad/s,1.0,1.0,True,test,non_fall,non_fall,2.000967288040556e-05,none,backward,0.5540687441825867
w25_00001910,bits,C:\Users\ADMIN\Desktop\ds-fall\data\raw\Dataset\adl\user31\user31_adl16.csv,C:\Users\ADMIN\Desktop\ds-fall\data\raw\Dataset,user31,user31_adl16,adl16,lying_sideways_to_back,lying_sideways_to_back,0,none,False,0,50,0.0,2.0,25.0,50,12,"ax,ay,az,gx,gy,gz,acc_mag,gyro_mag,jerk,roll,pitch,tilt_delta",20.0,25.0,uniform_20hz_time_interpolation_to_25hz,adl_sliding_capped,570,712,,,dataset_unit_map,wrist,bits,m/s^2,rad/s,m/s^2,rad/s,1.0,1.0,True,test,non_fall,non_fall,0.0001797014701878652,none,forward,0.7482569217681885
w25_00001911,bits,C:\Users\ADMIN\Desktop\ds-fall\data\raw\Dataset\adl\user31\user31_adl16.csv,C:\Users\ADMIN\Desktop\ds-fall\data\raw\Dataset,user31,user31_adl16,adl16,lying_sideways_to_back,lying_sideways_to_back,0,none,False,12,62,0.48,2.48,25.0,50,12,"ax,ay,az,gx,gy,gz,acc_mag,gyro_mag,jerk,roll,pitch,tilt_delta",20.0,25.0,uniform_20hz_time_interpolation_to_25hz,adl_sliding_capped,570,712,,,dataset_unit_map,wrist,bits,m/s^2,rad/s,m/s^2,rad/s,1.0,1.0,True,test,non_fall,non_fall,0.00018915117834694684,none,forward,0.7436650395393372
w25_00001912,bits,C:\Users\ADMIN\Desktop\ds-fall\data\raw\Dataset\adl\user31\user31_adl16.csv,C:\Users\ADMIN\Desktop\ds-fall\data\raw\Dataset,user31,user31_adl16,adl16,lying_sideways_to_back,lying_sideways_to_back,0,none,False,24,74,0.96,2.96,25.0,50,12,"ax,ay,az,gx,gy,gz,acc_mag,gyro_mag,jerk,roll,pitch,tilt_delta",20.0,25.0,uniform_20hz_time_interpolation_to_25hz,adl_sliding_capped,570,712,,,dataset_unit_map,wrist,bits,m/s^2,rad/s,m/s^2,rad/s,1.0,1.0,True,test,non_fall,non_fall,0.00018794216157402843,none,forward,0.7444584369659424
w25_00001913,bits,C:\Users\ADMIN\Desktop\ds-fall\data\raw\Dataset\adl\user31\user31_adl16.csv,C:\Users\ADMIN\Desktop\ds-fall\data\raw\Dataset,user31,user31_adl16,adl16,lying_sideways_to_back,lying_sideways_to_back,0,none,False,36,86,1.44,3.44,25.0,50,12,"ax,ay,az,gx,gy,gz,acc_mag,gyro_mag,jerk,roll,pitch,tilt_delta",20.0,25.0,uniform_20hz_time_interpolation_to_25hz,adl_sliding_capped,570,712,,,dataset_unit_map,wrist,bits,m/s^2,rad/s,m/s^2,rad/s,1.0,1.0,True,test,non_fall,non_fall,0.00018677706248126924,none,forward,0.7402766346931458
w25_00001914,bits,C:\Users\ADMIN\Desktop\ds-fall\data\raw\Dataset\adl\user31\user31_adl16.csv,C:\Users\ADMIN\Desktop\ds-fall\data\raw\Dataset,user31,user31_adl16,adl16,lying_sideways_to_back,lying_sideways_to_back,0,none,False,48,98,1.92,3.92,25.0,50,12,"ax,ay,az,gx,gy,gz,acc_mag,gyro_mag,jerk,roll,pitch,tilt_delta",20.0,25.0,uniform_20hz_time_interpolation_to_25hz,adl_sliding_capped,570,712,,,dataset_unit_map,wrist,bits,m/s^2,rad/s,m/s^2,rad/s,1.0,1.0,True,test,non_fall,non_fall,0.00018627069948706776,none,forward,0.7435712814331055
w25_00001915,bits,C:\Users\ADMIN\Desktop\ds-fall\data\raw\Dataset\adl\user31\user31_adl2.csv,C:\Users\ADMIN\Desktop\ds-fall\data\raw\Dataset,user31,user31_adl2,adl2,walking_quickly,walking_quickly,0,none,False,0,50,0.0,2.0,25.0,50,12,"ax,ay,az,gx,gy,gz,acc_mag,gyro_mag,jerk,roll,pitch,tilt_delta",20.0,25.0,uniform_20hz_time_interpolation_to_25hz,adl_sliding_capped,425,531,,,dataset_unit_map,wrist,bits,m/s^2,rad/s,m/s^2,rad/s,1.0,1.0,True,test,non_fall,non_fall,0.0006497877766378224,none,forward,0.8871912360191345
w25_00001916,bits,C:\Users\ADMIN\Desktop\ds-fall\data\raw\Dataset\adl\user31\user31_adl2.csv,C:\Users\ADMIN\Desktop\ds-fall\data\raw\Dataset,user31,user31_adl2,adl2,walking_quickly,walking_quickly,0,none,False,12,62,0.48,2.48,25.0,50,12,"ax,ay,az,gx,gy,gz,acc_mag,gyro_mag,jerk,roll,pitch,tilt_delta",20.0,25.0,uniform_20hz_time_interpolation_to_25hz,adl_sliding_capped,425,531,,,dataset_unit_map,wrist,bits,m/s^2,rad/s,m/s^2,rad/s,1.0,1.0,True,test,non_fall,non_fall,0.0006346089066937566,none,forward,0.8861716389656067
w25_00001917,bits,C:\Users\ADMIN\Desktop\ds-fall\data\raw\Dataset\adl\user31\user31_adl2.csv,C:\Users\ADMIN\Desktop\ds-fall\data\raw\Dataset,user31,user31_adl2,adl2,walking_quickly,walking_quickly,0,none,False,24,74,0.96,2.96,25.0,50,12,"ax,ay,az,gx,gy,gz,acc_mag,gyro_mag,jerk,roll,pitch,tilt_delta",20.0,25.0,uniform_20hz_time_interpolation_to_25hz,adl_sliding_capped,425,531,,,dataset_unit_map,wrist,bits,m/s^2,rad/s,m/s^2,rad/s,1.0,1.0,True,test,non_fall,non_fall,0.0005841680685989559,none,forward,0.9097917079925537
w25_00001918,bits,C:\Users\ADMIN\Desktop\ds-fall\data\raw\Dataset\adl\user31\user31_adl2.csv,C:\Users\ADMIN\Desktop\ds-fall\data\raw\Dataset,user31,user31_adl2,adl2,walking_quickly,walking_quickly,0,none,False,36,86,1.44,3.44,25.0,50,12,"ax,ay,az,gx,gy,gz,acc_mag,gyro_mag,jerk,roll,pitch,tilt_delta",20.0,25.0,uniform_20hz_time_interpolation_to_25hz,adl_sliding_capped,425,531,,,dataset_unit_map,wrist,bits,m/s^2,rad/s,m/s^2,rad/s,1.0,1.0,True,test,non_fall,non_fall,0.000550472061149776,none,forward,0.8964571952819824
w25_00001919,bits,C:\Users\ADMIN\Desktop\ds-fall\data\raw\Dataset\adl\user31\user31_adl2.csv,C:\Users\ADMIN\Desktop\ds-fall\data\raw\Dataset,user31,user31_adl2,adl2,walking_quickly,walking_quickly,0,none,False,48,98,1.92,3.92,25.0,50,12,"ax,ay,az,gx,gy,gz,acc_mag,gyro_mag,jerk,roll,pitch,tilt_delta",20.0,25.0,uniform_20hz_time_interpolation_to_25hz,adl_sliding_capped,425,531,,,dataset_unit_map,wrist,bits,m/s^2,rad/s,m/s^2,rad/s,1.0,1.0,True,test,non_fall,non_fall,0.0005663612391799688,none,forward,0.8970329165458679
w25_00001920,bits,C:\Users\ADMIN\Desktop\ds-fall\data\raw\Dataset\adl\user31\user31_adl3.csv,C:\Users\ADMIN\Desktop\ds-fall\data\raw\Dataset,user31,user31_adl3,adl3,jogging,jogging,0,none,False,0,50,0.0,2.0,25.0,50,12,"ax,ay,az,gx,gy,gz,acc_mag,gyro_mag,jerk,roll,pitch,tilt_delta",20.0,25.0,uniform_20hz_time_interpolation_to_25hz,adl_sliding_capped,173,216,,,dataset_unit_map,wrist,bits,m/s^2,rad/s,m/s^2,rad/s,1.0,1.0,True,test,non_fall,non_fall,0.0002958044642582536,none,forward,0.9339566230773926
w25_00001921,bits,C:\Users\ADMIN\Desktop\ds-fall\data\raw\Dataset\adl\user31\user31_adl3.csv,C:\Users\ADMIN\Desktop\ds-fall\data\raw\Dataset,user31,user31_adl3,adl3,jogging,jogging,0,none,False,12,62,0.48,2.48,25.0,50,12,"ax,ay,az,gx,gy,gz,acc_mag,gyro_mag,jerk,roll,pitch,tilt_delta",20.0,25.0,uniform_20hz_time_interpolation_to_25hz,adl_sliding_capped,173,216,,,dataset_unit_map,wrist,bits,m/s^2,rad/s,m/s^2,rad/s,1.0,1.0,True,test,non_fall,non_fall,0.00027649826370179653,none,forward,0.9167094230651855
w25_00001922,bits,C:\Users\ADMIN\Desktop\ds-fall\data\raw\Dataset\adl\user31\user31_adl3.csv,C:\Users\ADMIN\Desktop\ds-fall\data\raw\Dataset,user31,user31_adl3,adl3,jogging,jogging,0,none,False,24,74,0.96,2.96,25.0,50,12,"ax,ay,az,gx,gy,gz,acc_mag,gyro_mag,jerk,roll,pitch,tilt_delta",20.0,25.0,uniform_20hz_time_interpolation_to_25hz,adl_sliding_capped,173,216,,,dataset_unit_map,wrist,bits,m/s^2,rad/s,m/s^2,rad/s,1.0,1.0,True,test,non_fall,non_fall,0.00033493575756438076,none,forward,0.914867639541626
w25_00001923,bits,C:\Users\ADMIN\Desktop\ds-fall\data\raw\Dataset\adl\user31\user31_adl3.csv,C:\Users\ADMIN\Desktop\ds-fall\data\raw\Dataset,user31,user31_adl3,adl3,jogging,jogging,0,none,False,36,86,1.44,3.44,25.0,50,12,"ax,ay,az,gx,gy,gz,acc_mag,gyro_mag,jerk,roll,pitch,tilt_delta",20.0,25.0,uniform_20hz_time_interpolation_to_25hz,adl_sliding_capped,173,216,,,dataset_unit_map,wrist,bits,m/s^2,rad/s,m/s^2,rad/s,1.0,1.0,True,test,non_fall,non_fall,0.0005122464499436319,none,forward,0.8968530297279358
w25_00001924,bits,C:\Users\ADMIN\Desktop\ds-fall\data\raw\Dataset\adl\user31\user31_adl3.csv,C:\Users\ADMIN\Desktop\ds-fall\data\raw\Dataset,user31,user31_adl3,adl3,jogging,jogging,0,none,False,48,98,1.92,3.92,25.0,50,12,"ax,ay,az,gx,gy,gz,acc_mag,gyro_mag,jerk,roll,pitch,tilt_delta",20.0,25.0,uniform_20hz_time_interpolation_to_25hz,adl_sliding_capped,173,216,,,dataset_unit_map,wrist,bits,m/s^2,rad/s,m/s^2,rad/s,1.0,1.0,True,test,non_fall,non_fall,0.0006101588951423764,none,forward,0.9334127306938171
w25_00001925,bits,C:\Users\ADMIN\Desktop\ds-fall\data\raw\Dataset\adl\user31\user31_adl4.csv,C:\Users\ADMIN\Desktop\ds-fall\data\raw\Dataset,user31,user31_adl4,adl4,jumping,jumping,0,none,False,0,50,0.0,2.0,25.0,50,12,"ax,ay,az,gx,gy,gz,acc_mag,gyro_mag,jerk,roll,pitch,tilt_delta",20.0,25.0,uniform_20hz_time_interpolation_to_25hz,adl_sliding_capped,789,986,,,dataset_unit_map,wrist,bits,m/s^2,rad/s,m/s^2,rad/s,1.0,1.0,True,test,non_fall,non_fall,0.004230261314660311,none,backward,0.3589051067829132
w25_00001926,bits,C:\Users\ADMIN\Desktop\ds-fall\data\raw\Dataset\adl\user31\user31_adl4.csv,C:\Users\ADMIN\Desktop\ds-fall\data\raw\Dataset,user31,user31_adl4,adl4,jumping,jumping,0,none,False,12,62,0.48,2.48,25.0,50,12,"ax,ay,az,gx,gy,gz,acc_mag,gyro_mag,jerk,roll,pitch,tilt_delta",20.0,25.0,uniform_20hz_time_interpolation_to_25hz,adl_sliding_capped,789,986,,,dataset_unit_map,wrist,bits,m/s^2,rad/s,m/s^2,rad/s,1.0,1.0,True,test,non_fall,non_fall,0.010233504697680473,none,forward,0.4738246202468872
w25_00001927,bits,C:\Users\ADMIN\Desktop\ds-fall\data\raw\Dataset\adl\user31\user31_adl4.csv,C:\Users\ADMIN\Desktop\ds-fall\data\raw\Dataset,user31,user31_adl4,adl4,jumping,jumping,0,none,False,24,74,0.96,2.96,25.0,50,12,"ax,ay,az,gx,gy,gz,acc_mag,gyro_mag,jerk,roll,pitch,tilt_delta",20.0,25.0,uniform_20hz_time_interpolation_to_25hz,adl_sliding_capped,789,986,,,dataset_unit_map,wrist,bits,m/s^2,rad/s,m/s^2,rad/s,1.0,1.0,True,test,non_fall,non_fall,0.005573689471930265,none,backward,0.6604992747306824
w25_00001928,bits,C:\Users\ADMIN\Desktop\ds-fall\data\raw\Dataset\adl\user31\user31_adl4.csv,C:\Users\ADMIN\Desktop\ds-fall\data\raw\Dataset,user31,user31_adl4,adl4,jumping,jumping,0,none,False,36,86,1.44,3.44,25.0,50,12,"ax,ay,az,gx,gy,gz,acc_mag,gyro_mag,jerk,roll,pitch,tilt_delta",20.0,25.0,uniform_20hz_time_interpolation_to_25hz,adl_sliding_capped,789,986,,,dataset_unit_map,wrist,bits,m/s^2,rad/s,m/s^2,rad/s,1.0,1.0,True,test,non_fall,non_fall,0.0023507443256676197,none,lateral,0.4174480736255646
w25_00001929,bits,C:\Users\ADMIN\Desktop\ds-fall\data\raw\Dataset\adl\user31\user31_adl4.csv,C:\Users\ADMIN\Desktop\ds-fall\data\raw\Dataset,user31,user31_adl4,adl4,jumping,jumping,0,none,False,48,98,1.92,3.92,25.0,50,12,"ax,ay,az,gx,gy,gz,acc_mag,gyro_mag,jerk,roll,pitch,tilt_delta",20.0,25.0,uniform_20hz_time_interpolation_to_25hz,adl_sliding_capped,789,986,,,dataset_unit_map,wrist,bits,m/s^2,rad/s,m/s^2,rad/s,1.0,1.0,True,test,non_fall,non_fall,0.0009033839451149106,none,forward,0.5878999829292297
w25_00001930,bits,C:\Users\ADMIN\Desktop\ds-fall\data\raw\Dataset\adl\user31\user31_adl5.csv,C:\Users\ADMIN\Desktop\ds-fall\data\raw\Dataset,user31,user31_adl5,adl5,climbing_up_slowly,climbing_up_slowly,0,none,False,0,50,0.0,2.0,25.0,50,12,"ax,ay,az,gx,gy,gz,acc_mag,gyro_mag,jerk,roll,pitch,tilt_delta",20.0,25.0,uniform_20hz_time_interpolation_to_25hz,adl_sliding_capped,961,1201,,,dataset_unit_map,wrist,bits,m/s^2,rad/s,m/s^2,rad/s,1.0,1.0,True,test,non_fall,non_fall,6.82581094224588e-06,none,backward,0.7651472687721252
w25_00001931,bits,C:\Users\ADMIN\Desktop\ds-fall\data\raw\Dataset\adl\user31\user31_adl5.csv,C:\Users\ADMIN\Desktop\ds-fall\data\raw\Dataset,user31,user31_adl5,adl5,climbing_up_slowly,climbing_up_slowly,0,none,False,12,62,0.48,2.48,25.0,50,12,"ax,ay,az,gx,gy,gz,acc_mag,gyro_mag,jerk,roll,pitch,tilt_delta",20.0,25.0,uniform_20hz_time_interpolation_to_25hz,adl_sliding_capped,961,1201,,,dataset_unit_map,wrist,bits,m/s^2,rad/s,m/s^2,rad/s,1.0,1.0,True,test,non_fall,non_fall,5.646722456731368e-06,none,backward,0.7298992276191711
w25_00001932,bits,C:\Users\ADMIN\Desktop\ds-fall\data\raw\Dataset\adl\user31\user31_adl5.csv,C:\Users\ADMIN\Desktop\ds-fall\data\raw\Dataset,user31,user31_adl5,adl5,climbing_up_slowly,climbing_up_slowly,0,none,False,24,74,0.96,2.96,25.0,50,12,"ax,ay,az,gx,gy,gz,acc_mag,gyro_mag,jerk,roll,pitch,tilt_delta",20.0,25.0,uniform_20hz_time_interpolation_to_25hz,adl_sliding_capped,961,1201,,,dataset_unit_map,wrist,bits,m/s^2,rad/s,m/s^2,rad/s,1.0,1.0,True,test,non_fall,non_fall,5.754399353463668e-06,none,backward,0.795074462890625
w25_00001933,bits,C:\Users\ADMIN\Desktop\ds-fall\data\raw\Dataset\adl\user31\user31_adl5.csv,C:\Users\ADMIN\Desktop\ds-fall\data\raw\Dataset,user31,user31_adl5,adl5,climbing_up_slowly,climbing_up_slowly,0,none,False,36,86,1.44,3.44,25.0,50,12,"ax,ay,az,gx,gy,gz,acc_mag,gyro_mag,jerk,roll,pitch,tilt_delta",20.0,25.0,uniform_20hz_time_interpolation_to_25hz,adl_sliding_capped,961,1201,,,dataset_unit_map,wrist,bits,m/s^2,rad/s,m/s^2,rad/s,1.0,1.0,True,test,non_fall,non_fall,5.808685727970442e-06,none,backward,0.7400126457214355
w25_00001934,bits,C:\Users\ADMIN\Desktop\ds-fall\data\raw\Dataset\adl\user31\user31_adl5.csv,C:\Users\ADMIN\Desktop\ds-fall\data\raw\Dataset,user31,user31_adl5,adl5,climbing_up_slowly,climbing_up_slowly,0,none,False,48,98,1.92,3.92,25.0,50,12,"ax,ay,az,gx,gy,gz,acc_mag,gyro_mag,jerk,roll,pitch,tilt_delta",20.0,25.0,uniform_20hz_time_interpolation_to_25hz,adl_sliding_capped,961,1201,,,dataset_unit_map,wrist,bits,m/s^2,rad/s,m/s^2,rad/s,1.0,1.0,True,test,non_fall,non_fall,6.614574431296205e-06,none,backward,0.7824026346206665
w25_00001935,bits,C:\Users\ADMIN\Desktop\ds-fall\data\raw\Dataset\adl\user31\user31_adl6.csv,C:\Users\ADMIN\Desktop\ds-fall\data\raw\Dataset,user31,user31_adl6,adl6,climbing_down_slowly,climbing_down_slowly,0,none,False,0,50,0.0,2.0,25.0,50,12,"ax,ay,az,gx,gy,gz,acc_mag,gyro_mag,jerk,roll,pitch,tilt_delta",20.0,25.0,uniform_20hz_time_interpolation_to_25hz,adl_sliding_capped,830,1037,,,dataset_unit_map,wrist,bits,m/s^2,rad/s,m/s^2,rad/s,1.0,1.0,True,test,non_fall,non_fall,0.00024639820912852883,none,forward,0.9137892127037048
w25_00001936,bits,C:\Users\ADMIN\Desktop\ds-fall\data\raw\Dataset\adl\user31\user31_adl6.csv,C:\Users\ADMIN\Desktop\ds-fall\data\raw\Dataset,user31,user31_adl6,adl6,climbing_down_slowly,climbing_down_slowly,0,none,False,12,62,0.48,2.48,25.0,50,12,"ax,ay,az,gx,gy,gz,acc_mag,gyro_mag,jerk,roll,pitch,tilt_delta",20.0,25.0,uniform_20hz_time_interpolation_to_25hz,adl_sliding_capped,830,1037,,,dataset_unit_map,wrist,bits,m/s^2,rad/s,m/s^2,rad/s,1.0,1.0,True,test,non_fall,non_fall,0.001293171546421945,none,forward,0.8611927628517151
w25_00001937,bits,C:\Users\ADMIN\Desktop\ds-fall\data\raw\Dataset\adl\user31\user31_adl6.csv,C:\Users\ADMIN\Desktop\ds-fall\data\raw\Dataset,user31,user31_adl6,adl6,climbing_down_slowly,climbing_down_slowly,0,none,False,24,74,0.96,2.96,25.0,50,12,"ax,ay,az,gx,gy,gz,acc_mag,gyro_mag,jerk,roll,pitch,tilt_delta",20.0,25.0,uniform_20hz_time_interpolation_to_25hz,adl_sliding_capped,830,1037,,,dataset_unit_map,wrist,bits,m/s^2,rad/s,m/s^2,rad/s,1.0,1.0,True,test,non_fall,non_fall,0.004655627068132162,none,forward,0.8878455758094788
w25_00001938,bits,C:\Users\ADMIN\Desktop\ds-fall\data\raw\Dataset\adl\user31\user31_adl6.csv,C:\Users\ADMIN\Desktop\ds-fall\data\raw\Dataset,user31,user31_adl6,adl6,climbing_down_slowly,climbing_down_slowly,0,none,False,36,86,1.44,3.44,25.0,50,12,"ax,ay,az,gx,gy,gz,acc_mag,gyro_mag,jerk,roll,pitch,tilt_delta",20.0,25.0,uniform_20hz_time_interpolation_to_25hz,adl_sliding_capped,830,1037,,,dataset_unit_map,wrist,bits,m/s^2,rad/s,m/s^2,rad/s,1.0,1.0,True,test,non_fall,non_fall,0.004588062409311533,none,forward,0.918158769607544
w25_00001939,bits,C:\Users\ADMIN\Desktop\ds-fall\data\raw\Dataset\adl\user31\user31_adl6.csv,C:\Users\ADMIN\Desktop\ds-fall\data\raw\Dataset,user31,user31_adl6,adl6,climbing_down_slowly,climbing_down_slowly,0,none,False,48,98,1.92,3.92,25.0,50,12,"ax,ay,az,gx,gy,gz,acc_mag,gyro_mag,jerk,roll,pitch,tilt_delta",20.0,25.0,uniform_20hz_time_interpolation_to_25hz,adl_sliding_capped,830,1037,,,dataset_unit_map,wrist,bits,m/s^2,rad/s,m/s^2,rad/s,1.0,1.0,True,test,non_fall,non_fall,0.0012609300902113318,none,forward,0.919008731842041
w25_00001940,bits,C:\Users\ADMIN\Desktop\ds-fall\data\raw\Dataset\adl\user31\user31_adl7.csv,C:\Users\ADMIN\Desktop\ds-fall\data\raw\Dataset,user31,user31_adl7,adl7,climbing_up_normally,climbing_up_normally,0,none,False,0,50,0.0,2.0,25.0,50,12,"ax,ay,az,gx,gy,gz,acc_mag,gyro_mag,jerk,roll,pitch,tilt_delta",20.0,25.0,uniform_20hz_time_interpolation_to_25hz,adl_sliding_capped,1025,1281,,,dataset_unit_map,wrist,bits,m/s^2,rad/s,m/s^2,rad/s,1.0,1.0,True,test,non_fall,non_fall,0.0008077790262177587,none,forward,0.7816160321235657
w25_00001941,bits,C:\Users\ADMIN\Desktop\ds-fall\data\raw\Dataset\adl\user31\user31_adl7.csv,C:\Users\ADMIN\Desktop\ds-fall\data\raw\Dataset,user31,user31_adl7,adl7,climbing_up_normally,climbing_up_normally,0,none,False,12,62,0.48,2.48,25.0,50,12,"ax,ay,az,gx,gy,gz,acc_mag,gyro_mag,jerk,roll,pitch,tilt_delta",20.0,25.0,uniform_20hz_time_interpolation_to_25hz,adl_sliding_capped,1025,1281,,,dataset_unit_map,wrist,bits,m/s^2,rad/s,m/s^2,rad/s,1.0,1.0,True,test,non_fall,non_fall,0.000637443910818547,none,forward,0.7506592273712158
w25_00001942,bits,C:\Users\ADMIN\Desktop\ds-fall\data\raw\Dataset\adl\user31\user31_adl7.csv,C:\Users\ADMIN\Desktop\ds-fall\data\raw\Dataset,user31,user31_adl7,adl7,climbing_up_normally,climbing_up_normally,0,none,False,24,74,0.96,2.96,25.0,50,12,"ax,ay,az,gx,gy,gz,acc_mag,gyro_mag,jerk,roll,pitch,tilt_delta",20.0,25.0,uniform_20hz_time_interpolation_to_25hz,adl_sliding_capped,1025,1281,,,dataset_unit_map,wrist,bits,m/s^2,rad/s,m/s^2,rad/s,1.0,1.0,True,test,non_fall,non_fall,0.0005896860384382308,none,forward,0.7940665483474731
w25_00001943,bits,C:\Users\ADMIN\Desktop\ds-fall\data\raw\Dataset\adl\user31\user31_adl7.csv,C:\Users\ADMIN\Desktop\ds-fall\data\raw\Dataset,user31,user31_adl7,adl7,climbing_up_normally,climbing_up_normally,0,none,False,36,86,1.44,3.44,25.0,50,12,"ax,ay,az,gx,gy,gz,acc_mag,gyro_mag,jerk,roll,pitch,tilt_delta",20.0,25.0,uniform_20hz_time_interpolation_to_25hz,adl_sliding_capped,1025,1281,,,dataset_unit_map,wrist,bits,m/s^2,rad/s,m/s^2,rad/s,1.0,1.0,True,test,non_fall,non_fall,0.0005352479056455195,none,forward,0.7593210339546204
w25_00001944,bits,C:\Users\ADMIN\Desktop\ds-fall\data\raw\Dataset\adl\user31\user31_adl7.csv,C:\Users\ADMIN\Desktop\ds-fall\data\raw\Dataset,user31,user31_adl7,adl7,climbing_up_normally,climbing_up_normally,0,none,False,48,98,1.92,3.92,25.0,50,12,"ax,ay,az,gx,gy,gz,acc_mag,gyro_mag,jerk,roll,pitch,tilt_delta",20.0,25.0,uniform_20hz_time_interpolation_to_25hz,adl_sliding_capped,1025,1281,,,dataset_unit_map,wrist,bits,m/s^2,rad/s,m/s^2,rad/s,1.0,1.0,True,test,non_fall,non_fall,0.0005451851175166667,none,forward,0.7748187780380249
w25_00001945,bits,C:\Users\ADMIN\Desktop\ds-fall\data\raw\Dataset\adl\user31\user31_adl8.csv,C:\Users\ADMIN\Desktop\ds-fall\data\raw\Dataset,user31,user31_adl8,adl8,climbing_down_normally,climbing_down_normally,0,none,False,0,50,0.0,2.0,25.0,50,12,"ax,ay,az,gx,gy,gz,acc_mag,gyro_mag,jerk,roll,pitch,tilt_delta",20.0,25.0,uniform_20hz_time_interpolation_to_25hz,adl_sliding_capped,297,371,,,dataset_unit_map,wrist,bits,m/s^2,rad/s,m/s^2,rad/s,1.0,1.0,True,test,non_fall,non_fall,0.00023961649276316166,none,forward,0.9377865791320801
w25_00001946,bits,C:\Users\ADMIN\Desktop\ds-fall\data\raw\Dataset\adl\user31\user31_adl8.csv,C:\Users\ADMIN\Desktop\ds-fall\data\raw\Dataset,user31,user31_adl8,adl8,climbing_down_normally,climbing_down_normally,0,none,False,12,62,0.48,2.48,25.0,50,12,"ax,ay,az,gx,gy,gz,acc_mag,gyro_mag,jerk,roll,pitch,tilt_delta",20.0,25.0,uniform_20hz_time_interpolation_to_25hz,adl_sliding_capped,297,371,,,dataset_unit_map,wrist,bits,m/s^2,rad/s,m/s^2,rad/s,1.0,1.0,True,test,non_fall,non_fall,0.00023441057419404387,none,forward,0.9420242309570312
w25_00001947,bits,C:\Users\ADMIN\Desktop\ds-fall\data\raw\Dataset\adl\user31\user31_adl8.csv,C:\Users\ADMIN\Desktop\ds-fall\data\raw\Dataset,user31,user31_adl8,adl8,climbing_down_normally,climbing_down_normally,0,none,False,24,74,0.96,2.96,25.0,50,12,"ax,ay,az,gx,gy,gz,acc_mag,gyro_mag,jerk,roll,pitch,tilt_delta",20.0,25.0,uniform_20hz_time_interpolation_to_25hz,adl_sliding_capped,297,371,,,dataset_unit_map,wrist,bits,m/s^2,rad/s,m/s^2,rad/s,1.0,1.0,True,test,non_fall,non_fall,0.00025359049323014915,none,forward,0.9387017488479614
w25_00001948,bits,C:\Users\ADMIN\Desktop\ds-fall\data\raw\Dataset\adl\user31\user31_adl8.csv,C:\Users\ADMIN\Desktop\ds-fall\data\raw\Dataset,user31,user31_adl8,adl8,climbing_down_normally,climbing_down_normally,0,none,False,36,86,1.44,3.44,25.0,50,12,"ax,ay,az,gx,gy,gz,acc_mag,gyro_mag,jerk,roll,pitch,tilt_delta",20.0,25.0,uniform_20hz_time_interpolation_to_25hz,adl_sliding_capped,297,371,,,dataset_unit_map,wrist,bits,m/s^2,rad/s,m/s^2,rad/s,1.0,1.0,True,test,non_fall,non_fall,0.0002606196503620595,none,forward,0.9380565285682678
w25_00001949,bits,C:\Users\ADMIN\Desktop\ds-fall\data\raw\Dataset\adl\user31\user31_adl8.csv,C:\Users\ADMIN\Desktop\ds-fall\data\raw\Dataset,user31,user31_adl8,adl8,climbing_down_normally,climbing_down_normally,0,none,False,48,98,1.92,3.92,25.0,50,12,"ax,ay,az,gx,gy,gz,acc_mag,gyro_mag,jerk,roll,pitch,tilt_delta",20.0,25.0,uniform_20hz_time_interpolation_to_25hz,adl_sliding_capped,297,371,,,dataset_unit_map,wrist,bits,m/s^2,rad/s,m/s^2,rad/s,1.0,1.0,True,test,non_fall,non_fall,0.00023764344223309308,none,forward,0.9467591643333435
w25_00001950,bits,C:\Users\ADMIN\Desktop\ds-fall\data\raw\Dataset\adl\user31\user31_adl9.csv,C:\Users\ADMIN\Desktop\ds-fall\data\raw\Dataset,user31,user31_adl9,adl9,slowly_sitting_on_chair,slowly_sitting_on_chair,0,none,False,0,50,0.0,2.0,25.0,50,12,"ax,ay,az,gx,gy,gz,acc_mag,gyro_mag,jerk,roll,pitch,tilt_delta",20.0,25.0,uniform_20hz_time_interpolation_to_25hz,adl_sliding_capped,694,867,,,dataset_unit_map,wrist,bits,m/s^2,rad/s,m/s^2,rad/s,1.0,1.0,True,test,non_fall,non_fall,0.00047419569455087185,none,forward,0.9110499620437622
w25_00001951,bits,C:\Users\ADMIN\Desktop\ds-fall\data\raw\Dataset\adl\user31\user31_adl9.csv,C:\Users\ADMIN\Desktop\ds-fall\data\raw\Dataset,user31,user31_adl9,adl9,slowly_sitting_on_chair,slowly_sitting_on_chair,0,none,False,12,62,0.48,2.48,25.0,50,12,"ax,ay,az,gx,gy,gz,acc_mag,gyro_mag,jerk,roll,pitch,tilt_delta",20.0,25.0,uniform_20hz_time_interpolation_to_25hz,adl_sliding_capped,694,867,,,dataset_unit_map,wrist,bits,m/s^2,rad/s,m/s^2,rad/s,1.0,1.0,True,test,non_fall,non_fall,0.0004407299275044352,none,forward,0.9105565547943115
w25_00001952,bits,C:\Users\ADMIN\Desktop\ds-fall\data\raw\Dataset\adl\user31\user31_adl9.csv,C:\Users\ADMIN\Desktop\ds-fall\data\raw\Dataset,user31,user31_adl9,adl9,slowly_sitting_on_chair,slowly_sitting_on_chair,0,none,False,24,74,0.96,2.96,25.0,50,12,"ax,ay,az,gx,gy,gz,acc_mag,gyro_mag,jerk,roll,pitch,tilt_delta",20.0,25.0,uniform_20hz_time_interpolation_to_25hz,adl_sliding_capped,694,867,,,dataset_unit_map,wrist,bits,m/s^2,rad/s,m/s^2,rad/s,1.0,1.0,True,test,non_fall,non_fall,0.0004276185645721853,none,forward,0.9137092232704163
w25_00001953,bits,C:\Users\ADMIN\Desktop\ds-fall\data\raw\Dataset\adl\user31\user31_adl9.csv,C:\Users\ADMIN\Desktop\ds-fall\data\raw\Dataset,user31,user31_adl9,adl9,slowly_sitting_on_chair,slowly_sitting_on_chair,0,none,False,36,86,1.44,3.44,25.0,50,12,"ax,ay,az,gx,gy,gz,acc_mag,gyro_mag,jerk,roll,pitch,tilt_delta",20.0,25.0,uniform_20hz_time_interpolation_to_25hz,adl_sliding_capped,694,867,,,dataset_unit_map,wrist,bits,m/s^2,rad/s,m/s^2,rad/s,1.0,1.0,True,test,non_fall,non_fall,0.0004115127376280725,none,forward,0.9176204204559326
w25_00001954,bits,C:\Users\ADMIN\Desktop\ds-fall\data\raw\Dataset\adl\user31\user31_adl9.csv,C:\Users\ADMIN\Desktop\ds-fall\data\raw\Dataset,user31,user31_adl9,adl9,slowly_sitting_on_chair,slowly_sitting_on_chair,0,none,False,48,98,1.92,3.92,25.0,50,12,"ax,ay,az,gx,gy,gz,acc_mag,gyro_mag,jerk,roll,pitch,tilt_delta",20.0,25.0,uniform_20hz_time_interpolation_to_25hz,adl_sliding_capped,694,867,,,dataset_unit_map,wrist,bits,m/s^2,rad/s,m/s^2,rad/s,1.0,1.0,True,test,non_fall,non_fall,0.00038782350020483136,none,forward,0.925499677658081
w25_00002275,bits,C:\Users\ADMIN\Desktop\ds-fall\data\raw\Dataset\adl\user36\user36_adl1.csv,C:\Users\ADMIN\Desktop\ds-fall\data\raw\Dataset,user36,user36_adl1,adl1,walking_slowly,walking_slowly,0,none,False,0,50,0.0,2.0,25.0,50,12,"ax,ay,az,gx,gy,gz,acc_mag,gyro_mag,jerk,roll,pitch,tilt_delta",20.0,25.0,uniform_20hz_time_interpolation_to_25hz,adl_sliding_capped,229,286,,,dataset_unit_map,wrist,bits,m/s^2,rad/s,m/s^2,rad/s,1.0,1.0,True,test,non_fall,non_fall,0.12560631334781647,none,forward,0.8362347483634949
w25_00002276,bits,C:\Users\ADMIN\Desktop\ds-fall\data\raw\Dataset\adl\user36\user36_adl1.csv,C:\Users\ADMIN\Desktop\ds-fall\data\raw\Dataset,user36,user36_adl1,adl1,walking_slowly,walking_slowly,0,none,False,12,62,0.48,2.48,25.0,50,12,"ax,ay,az,gx,gy,gz,acc_mag,gyro_mag,jerk,roll,pitch,tilt_delta",20.0,25.0,uniform_20hz_time_interpolation_to_25hz,adl_sliding_capped,229,286,,,dataset_unit_map,wrist,bits,m/s^2,rad/s,m/s^2,rad/s,1.0,1.0,True,test,non_fall,non_fall,0.11660808324813843,none,forward,0.8747742176055908
w25_00002277,bits,C:\Users\ADMIN\Desktop\ds-fall\data\raw\Dataset\adl\user36\user36_adl1.csv,C:\Users\ADMIN\Desktop\ds-fall\data\raw\Dataset,user36,user36_adl1,adl1,walking_slowly,walking_slowly,0,none,False,24,74,0.96,2.96,25.0,50,12,"ax,ay,az,gx,gy,gz,acc_mag,gyro_mag,jerk,roll,pitch,tilt_delta",20.0,25.0,uniform_20hz_time_interpolation_to_25hz,adl_sliding_capped,229,286,,,dataset_unit_map,wrist,bits,m/s^2,rad/s,m/s^2,rad/s,1.0,1.0,True,test,non_fall,non_fall,0.0895361378788948,none,forward,0.8965932726860046
w25_00002278,bits,C:\Users\ADMIN\Desktop\ds-fall\data\raw\Dataset\adl\user36\user36_adl1.csv,C:\Users\ADMIN\Desktop\ds-fall\data\raw\Dataset,user36,user36_adl1,adl1,walking_slowly,walking_slowly,0,none,False,36,86,1.44,3.44,25.0,50,12,"ax,ay,az,gx,gy,gz,acc_mag,gyro_mag,jerk,roll,pitch,tilt_delta",20.0,25.0,uniform_20hz_time_interpolation_to_25hz,adl_sliding_capped,229,286,,,dataset_unit_map,wrist,bits,m/s^2,rad/s,m/s^2,rad/s,1.0,1.0,True,test,non_fall,non_fall,0.0004539552901405841,none,forward,0.934119701385498
w25_00002279,bits,C:\Users\ADMIN\Desktop\ds-fall\data\raw\Dataset\adl\user36\user36_adl1.csv,C:\Users\ADMIN\Desktop\ds-fall\data\raw\Dataset,user36,user36_adl1,adl1,walking_slowly,walking_slowly,0,none,False,48,98,1.92,3.92,25.0,50,12,"ax,ay,az,gx,gy,gz,acc_mag,gyro_mag,jerk,roll,pitch,tilt_delta",20.0,25.0,uniform_20hz_time_interpolation_to_25hz,adl_sliding_capped,229,286,,,dataset_unit_map,wrist,bits,m/s^2,rad/s,m/s^2,rad/s,1.0,1.0,True,test,non_fall,non_fall,0.0007933370070531964,none,forward,0.7774810194969177
w25_00002280,bits,C:\Users\ADMIN\Desktop\ds-fall\data\raw\Dataset\adl\user36\user36_adl10.csv,C:\Users\ADMIN\Desktop\ds-fall\data\raw\Dataset,user36,user36_adl10,adl10,rapidly_sitting_on_chair,rapidly_sitting_on_chair,0,none,False,0,50,0.0,2.0,25.0,50,12,"ax,ay,az,gx,gy,gz,acc_mag,gyro_mag,jerk,roll,pitch,tilt_delta",20.0,25.0,uniform_20hz_time_interpolation_to_25hz,adl_sliding_capped,278,347,,,dataset_unit_map,wrist,bits,m/s^2,rad/s,m/s^2,rad/s,1.0,1.0,True,test,non_fall,non_fall,0.0008536851382814348,none,forward,0.9149147272109985
w25_00002281,bits,C:\Users\ADMIN\Desktop\ds-fall\data\raw\Dataset\adl\user36\user36_adl10.csv,C:\Users\ADMIN\Desktop\ds-fall\data\raw\Dataset,user36,user36_adl10,adl10,rapidly_sitting_on_chair,rapidly_sitting_on_chair,0,none,False,12,62,0.48,2.48,25.0,50,12,"ax,ay,az,gx,gy,gz,acc_mag,gyro_mag,jerk,roll,pitch,tilt_delta",20.0,25.0,uniform_20hz_time_interpolation_to_25hz,adl_sliding_capped,278,347,,,dataset_unit_map,wrist,bits,m/s^2,rad/s,m/s^2,rad/s,1.0,1.0,True,test,non_fall,non_fall,0.0003440335567574948,none,forward,0.9178243279457092
w25_00002282,bits,C:\Users\ADMIN\Desktop\ds-fall\data\raw\Dataset\adl\user36\user36_adl10.csv,C:\Users\ADMIN\Desktop\ds-fall\data\raw\Dataset,user36,user36_adl10,adl10,rapidly_sitting_on_chair,rapidly_sitting_on_chair,0,none,False,24,74,0.96,2.96,25.0,50,12,"ax,ay,az,gx,gy,gz,acc_mag,gyro_mag,jerk,roll,pitch,tilt_delta",20.0,25.0,uniform_20hz_time_interpolation_to_25hz,adl_sliding_capped,278,347,,,dataset_unit_map,wrist,bits,m/s^2,rad/s,m/s^2,rad/s,1.0,1.0,True,test,non_fall,non_fall,0.0003228607529308647,none,forward,0.9190921187400818
w25_00002283,bits,C:\Users\ADMIN\Desktop\ds-fall\data\raw\Dataset\adl\user36\user36_adl10.csv,C:\Users\ADMIN\Desktop\ds-fall\data\raw\Dataset,user36,user36_adl10,adl10,rapidly_sitting_on_chair,rapidly_sitting_on_chair,0,none,False,36,86,1.44,3.44,25.0,50,12,"ax,ay,az,gx,gy,gz,acc_mag,gyro_mag,jerk,roll,pitch,tilt_delta",20.0,25.0,uniform_20hz_time_interpolation_to_25hz,adl_sliding_capped,278,347,,,dataset_unit_map,wrist,bits,m/s^2,rad/s,m/s^2,rad/s,1.0,1.0,True,test,non_fall,non_fall,0.0003391960635781288,none,forward,0.9089258909225464
w25_00002284,bits,C:\Users\ADMIN\Desktop\ds-fall\data\raw\Dataset\adl\user36\user36_adl10.csv,C:\Users\ADMIN\Desktop\ds-fall\data\raw\Dataset,user36,user36_adl10,adl10,rapidly_sitting_on_chair,rapidly_sitting_on_chair,0,none,False,48,98,1.92,3.92,25.0,50,12,"ax,ay,az,gx,gy,gz,acc_mag,gyro_mag,jerk,roll,pitch,tilt_delta",20.0,25.0,uniform_20hz_time_interpolation_to_25hz,adl_sliding_capped,278,347,,,dataset_unit_map,wrist,bits,m/s^2,rad/s,m/s^2,rad/s,1.0,1.0,True,test,non_fall,non_fall,0.00037533731665462255,none,forward,0.901258647441864
w25_00002285,bits,C:\Users\ADMIN\Desktop\ds-fall\data\raw\Dataset\adl\user36\user36_adl11.csv,C:\Users\ADMIN\Desktop\ds-fall\data\raw\Dataset,user36,user36_adl11,adl11,nearly_sitting_and_getting_up,nearly_sitting_and_getting_up,0,none,False,0,50,0.0,2.0,25.0,50,12,"ax,ay,az,gx,gy,gz,acc_mag,gyro_mag,jerk,roll,pitch,tilt_delta",20.0,25.0,uniform_20hz_time_interpolation_to_25hz,adl_sliding_capped,570,712,,,dataset_unit_map,wrist,bits,m/s^2,rad/s,m/s^2,rad/s,1.0,1.0,True,test,non_fall,non_fall,9.999961184803396e-05,none,forward,0.77358078956604
w25_00002286,bits,C:\Users\ADMIN\Desktop\ds-fall\data\raw\Dataset\adl\user36\user36_adl11.csv,C:\Users\ADMIN\Desktop\ds-fall\data\raw\Dataset,user36,user36_adl11,adl11,nearly_sitting_and_getting_up,nearly_sitting_and_getting_up,0,none,False,12,62,0.48,2.48,25.0,50,12,"ax,ay,az,gx,gy,gz,acc_mag,gyro_mag,jerk,roll,pitch,tilt_delta",20.0,25.0,uniform_20hz_time_interpolation_to_25hz,adl_sliding_capped,570,712,,,dataset_unit_map,wrist,bits,m/s^2,rad/s,m/s^2,rad/s,1.0,1.0,True,test,non_fall,non_fall,7.08115185261704e-05,none,forward,0.89947110414505
w25_00002287,bits,C:\Users\ADMIN\Desktop\ds-fall\data\raw\Dataset\adl\user36\user36_adl11.csv,C:\Users\ADMIN\Desktop\ds-fall\data\raw\Dataset,user36,user36_adl11,adl11,nearly_sitting_and_getting_up,nearly_sitting_and_getting_up,0,none,False,24,74,0.96,2.96,25.0,50,12,"ax,ay,az,gx,gy,gz,acc_mag,gyro_mag,jerk,roll,pitch,tilt_delta",20.0,25.0,uniform_20hz_time_interpolation_to_25hz,adl_sliding_capped,570,712,,,dataset_unit_map,wrist,bits,m/s^2,rad/s,m/s^2,rad/s,1.0,1.0,True,test,non_fall,non_fall,4.6174049202818424e-05,none,forward,0.9689541459083557
w25_00002288,bits,C:\Users\ADMIN\Desktop\ds-fall\data\raw\Dataset\adl\user36\user36_adl11.csv,C:\Users\ADMIN\Desktop\ds-fall\data\raw\Dataset,user36,user36_adl11,adl11,nearly_sitting_and_getting_up,nearly_sitting_and_getting_up,0,none,False,36,86,1.44,3.44,25.0,50,12,"ax,ay,az,gx,gy,gz,acc_mag,gyro_mag,jerk,roll,pitch,tilt_delta",20.0,25.0,uniform_20hz_time_interpolation_to_25hz,adl_sliding_capped,570,712,,,dataset_unit_map,wrist,bits,m/s^2,rad/s,m/s^2,rad/s,1.0,1.0,True,test,non_fall,non_fall,0.00023072396288625896,none,forward,0.5942954421043396
w25_00002289,bits,C:\Users\ADMIN\Desktop\ds-fall\data\raw\Dataset\adl\user36\user36_adl11.csv,C:\Users\ADMIN\Desktop\ds-fall\data\raw\Dataset,user36,user36_adl11,adl11,nearly_sitting_and_getting_up,nearly_sitting_and_getting_up,0,none,False,48,98,1.92,3.92,25.0,50,12,"ax,ay,az,gx,gy,gz,acc_mag,gyro_mag,jerk,roll,pitch,tilt_delta",20.0,25.0,uniform_20hz_time_interpolation_to_25hz,adl_sliding_capped,570,712,,,dataset_unit_map,wrist,bits,m/s^2,rad/s,m/s^2,rad/s,1.0,1.0,True,test,non_fall,non_fall,0.0006322297849692404,none,forward,0.8206352591514587
w25_00002290,bits,C:\Users\ADMIN\Desktop\ds-fall\data\raw\Dataset\adl\user36\user36_adl12.csv,C:\Users\ADMIN\Desktop\ds-fall\data\raw\Dataset,user36,user36_adl12,adl12,swinging_hands,swinging_hands,0,none,False,0,50,0.0,2.0,25.0,50,12,"ax,ay,az,gx,gy,gz,acc_mag,gyro_mag,jerk,roll,pitch,tilt_delta",20.0,25.0,uniform_20hz_time_interpolation_to_25hz,adl_sliding_capped,481,601,,,dataset_unit_map,wrist,bits,m/s^2,rad/s,m/s^2,rad/s,1.0,1.0,True,test,non_fall,non_fall,0.00023520912509411573,none,backward,0.5945189595222473
w25_00002291,bits,C:\Users\ADMIN\Desktop\ds-fall\data\raw\Dataset\adl\user36\user36_adl12.csv,C:\Users\ADMIN\Desktop\ds-fall\data\raw\Dataset,user36,user36_adl12,adl12,swinging_hands,swinging_hands,0,none,False,12,62,0.48,2.48,25.0,50,12,"ax,ay,az,gx,gy,gz,acc_mag,gyro_mag,jerk,roll,pitch,tilt_delta",20.0,25.0,uniform_20hz_time_interpolation_to_25hz,adl_sliding_capped,481,601,,,dataset_unit_map,wrist,bits,m/s^2,rad/s,m/s^2,rad/s,1.0,1.0,True,test,non_fall,non_fall,4.3267180444672704e-05,none,lateral,0.9235635995864868
w25_00002292,bits,C:\Users\ADMIN\Desktop\ds-fall\data\raw\Dataset\adl\user36\user36_adl12.csv,C:\Users\ADMIN\Desktop\ds-fall\data\raw\Dataset,user36,user36_adl12,adl12,swinging_hands,swinging_hands,0,none,False,24,74,0.96,2.96,25.0,50,12,"ax,ay,az,gx,gy,gz,acc_mag,gyro_mag,jerk,roll,pitch,tilt_delta",20.0,25.0,uniform_20hz_time_interpolation_to_25hz,adl_sliding_capped,481,601,,,dataset_unit_map,wrist,bits,m/s^2,rad/s,m/s^2,rad/s,1.0,1.0,True,test,non_fall,non_fall,1.0697815014282241e-05,none,lateral,0.9366655349731445
w25_00002293,bits,C:\Users\ADMIN\Desktop\ds-fall\data\raw\Dataset\adl\user36\user36_adl12.csv,C:\Users\ADMIN\Desktop\ds-fall\data\raw\Dataset,user36,user36_adl12,adl12,swinging_hands,swinging_hands,0,none,False,36,86,1.44,3.44,25.0,50,12,"ax,ay,az,gx,gy,gz,acc_mag,gyro_mag,jerk,roll,pitch,tilt_delta",20.0,25.0,uniform_20hz_time_interpolation_to_25hz,adl_sliding_capped,481,601,,,dataset_unit_map,wrist,bits,m/s^2,rad/s,m/s^2,rad/s,1.0,1.0,True,test,non_fall,non_fall,1.2806622180505656e-05,none,lateral,0.9123472571372986
w25_00002294,bits,C:\Users\ADMIN\Desktop\ds-fall\data\raw\Dataset\adl\user36\user36_adl12.csv,C:\Users\ADMIN\Desktop\ds-fall\data\raw\Dataset,user36,user36_adl12,adl12,swinging_hands,swinging_hands,0,none,False,48,98,1.92,3.92,25.0,50,12,"ax,ay,az,gx,gy,gz,acc_mag,gyro_mag,jerk,roll,pitch,tilt_delta",20.0,25.0,uniform_20hz_time_interpolation_to_25hz,adl_sliding_capped,481,601,,,dataset_unit_map,wrist,bits,m/s^2,rad/s,m/s^2,rad/s,1.0,1.0,True,test,non_fall,non_fall,1.4079597349336836e-05,none,lateral,0.6440314650535583
w25_00002295,bits,C:\Users\ADMIN\Desktop\ds-fall\data\raw\Dataset\adl\user36\user36_adl13.csv,C:\Users\ADMIN\Desktop\ds-fall\data\raw\Dataset,user36,user36_adl13,adl13,lying_on_bed,lying_on_bed,0,none,False,0,50,0.0,2.0,25.0,50,12,"ax,ay,az,gx,gy,gz,acc_mag,gyro_mag,jerk,roll,pitch,tilt_delta",20.0,25.0,uniform_20hz_time_interpolation_to_25hz,adl_sliding_capped,250,312,,,dataset_unit_map,wrist,bits,m/s^2,rad/s,m/s^2,rad/s,1.0,1.0,True,test,non_fall,non_fall,0.0001508555287728086,none,backward,0.812417209148407
w25_00002296,bits,C:\Users\ADMIN\Desktop\ds-fall\data\raw\Dataset\adl\user36\user36_adl13.csv,C:\Users\ADMIN\Desktop\ds-fall\data\raw\Dataset,user36,user36_adl13,adl13,lying_on_bed,lying_on_bed,0,none,False,12,62,0.48,2.48,25.0,50,12,"ax,ay,az,gx,gy,gz,acc_mag,gyro_mag,jerk,roll,pitch,tilt_delta",20.0,25.0,uniform_20hz_time_interpolation_to_25hz,adl_sliding_capped,250,312,,,dataset_unit_map,wrist,bits,m/s^2,rad/s,m/s^2,rad/s,1.0,1.0,True,test,non_fall,non_fall,0.0001344285992672667,none,backward,0.8256240487098694
w25_00002297,bits,C:\Users\ADMIN\Desktop\ds-fall\data\raw\Dataset\adl\user36\user36_adl13.csv,C:\Users\ADMIN\Desktop\ds-fall\data\raw\Dataset,user36,user36_adl13,adl13,lying_on_bed,lying_on_bed,0,none,False,24,74,0.96,2.96,25.0,50,12,"ax,ay,az,gx,gy,gz,acc_mag,gyro_mag,jerk,roll,pitch,tilt_delta",20.0,25.0,uniform_20hz_time_interpolation_to_25hz,adl_sliding_capped,250,312,,,dataset_unit_map,wrist,bits,m/s^2,rad/s,m/s^2,rad/s,1.0,1.0,True,test,non_fall,non_fall,0.00013936763571109623,none,backward,0.8230957984924316
w25_00002298,bits,C:\Users\ADMIN\Desktop\ds-fall\data\raw\Dataset\adl\user36\user36_adl13.csv,C:\Users\ADMIN\Desktop\ds-fall\data\raw\Dataset,user36,user36_adl13,adl13,lying_on_bed,lying_on_bed,0,none,False,36,86,1.44,3.44,25.0,50,12,"ax,ay,az,gx,gy,gz,acc_mag,gyro_mag,jerk,roll,pitch,tilt_delta",20.0,25.0,uniform_20hz_time_interpolation_to_25hz,adl_sliding_capped,250,312,,,dataset_unit_map,wrist,bits,m/s^2,rad/s,m/s^2,rad/s,1.0,1.0,True,test,non_fall,non_fall,0.000134516172693111,none,backward,0.8249107599258423
w25_00002299,bits,C:\Users\ADMIN\Desktop\ds-fall\data\raw\Dataset\adl\user36\user36_adl13.csv,C:\Users\ADMIN\Desktop\ds-fall\data\raw\Dataset,user36,user36_adl13,adl13,lying_on_bed,lying_on_bed,0,none,False,48,98,1.92,3.92,25.0,50,12,"ax,ay,az,gx,gy,gz,acc_mag,gyro_mag,jerk,roll,pitch,tilt_delta",20.0,25.0,uniform_20hz_time_interpolation_to_25hz,adl_sliding_capped,250,312,,,dataset_unit_map,wrist,bits,m/s^2,rad/s,m/s^2,rad/s,1.0,1.0,True,test,non_fall,non_fall,0.000131399036035873,none,backward,0.8200190663337708
w25_00002300,bits,C:\Users\ADMIN\Desktop\ds-fall\data\raw\Dataset\adl\user36\user36_adl14.csv,C:\Users\ADMIN\Desktop\ds-fall\data\raw\Dataset,user36,user36_adl14,adl14,lying_on_back_getting_up_slowly,lying_on_back_getting_up_slowly,0,none,False,0,50,0.0,2.0,25.0,50,12,"ax,ay,az,gx,gy,gz,acc_mag,gyro_mag,jerk,roll,pitch,tilt_delta",20.0,25.0,uniform_20hz_time_interpolation_to_25hz,adl_sliding_capped,718,897,,,dataset_unit_map,wrist,bits,m/s^2,rad/s,m/s^2,rad/s,1.0,1.0,True,test,non_fall,non_fall,0.0001333492691628635,none,backward,0.7902829647064209
w25_00002301,bits,C:\Users\ADMIN\Desktop\ds-fall\data\raw\Dataset\adl\user36\user36_adl14.csv,C:\Users\ADMIN\Desktop\ds-fall\data\raw\Dataset,user36,user36_adl14,adl14,lying_on_back_getting_up_slowly,lying_on_back_getting_up_slowly,0,none,False,12,62,0.48,2.48,25.0,50,12,"ax,ay,az,gx,gy,gz,acc_mag,gyro_mag,jerk,roll,pitch,tilt_delta",20.0,25.0,uniform_20hz_time_interpolation_to_25hz,adl_sliding_capped,718,897,,,dataset_unit_map,wrist,bits,m/s^2,rad/s,m/s^2,rad/s,1.0,1.0,True,test,non_fall,non_fall,0.00013446911179926246,none,backward,0.7787194848060608
w25_00002302,bits,C:\Users\ADMIN\Desktop\ds-fall\data\raw\Dataset\adl\user36\user36_adl14.csv,C:\Users\ADMIN\Desktop\ds-fall\data\raw\Dataset,user36,user36_adl14,adl14,lying_on_back_getting_up_slowly,lying_on_back_getting_up_slowly,0,none,False,24,74,0.96,2.96,25.0,50,12,"ax,ay,az,gx,gy,gz,acc_mag,gyro_mag,jerk,roll,pitch,tilt_delta",20.0,25.0,uniform_20hz_time_interpolation_to_25hz,adl_sliding_capped,718,897,,,dataset_unit_map,wrist,bits,m/s^2,rad/s,m/s^2,rad/s,1.0,1.0,True,test,non_fall,non_fall,0.00013389794912654907,none,backward,0.7867264151573181
w25_00002303,bits,C:\Users\ADMIN\Desktop\ds-fall\data\raw\Dataset\adl\user36\user36_adl14.csv,C:\Users\ADMIN\Desktop\ds-fall\data\raw\Dataset,user36,user36_adl14,adl14,lying_on_back_getting_up_slowly,lying_on_back_getting_up_slowly,0,none,False,36,86,1.44,3.44,25.0,50,12,"ax,ay,az,gx,gy,gz,acc_mag,gyro_mag,jerk,roll,pitch,tilt_delta",20.0,25.0,uniform_20hz_time_interpolation_to_25hz,adl_sliding_capped,718,897,,,dataset_unit_map,wrist,bits,m/s^2,rad/s,m/s^2,rad/s,1.0,1.0,True,test,non_fall,non_fall,0.00013256944657769054,none,backward,0.7905095815658569
w25_00002304,bits,C:\Users\ADMIN\Desktop\ds-fall\data\raw\Dataset\adl\user36\user36_adl14.csv,C:\Users\ADMIN\Desktop\ds-fall\data\raw\Dataset,user36,user36_adl14,adl14,lying_on_back_getting_up_slowly,lying_on_back_getting_up_slowly,0,none,False,48,98,1.92,3.92,25.0,50,12,"ax,ay,az,gx,gy,gz,acc_mag,gyro_mag,jerk,roll,pitch,tilt_delta",20.0,25.0,uniform_20hz_time_interpolation_to_25hz,adl_sliding_capped,718,897,,,dataset_unit_map,wrist,bits,m/s^2,rad/s,m/s^2,rad/s,1.0,1.0,True,test,non_fall,non_fall,0.00013018317986279726,none,backward,0.7819650769233704
w25_00002305,bits,C:\Users\ADMIN\Desktop\ds-fall\data\raw\Dataset\adl\user36\user36_adl15.csv,C:\Users\ADMIN\Desktop\ds-fall\data\raw\Dataset,user36,user36_adl15,adl15,lying_on_back_getting_up_normally,lying_on_back_getting_up_normally,0,none,False,0,50,0.0,2.0,25.0,50,12,"ax,ay,az,gx,gy,gz,acc_mag,gyro_mag,jerk,roll,pitch,tilt_delta",20.0,25.0,uniform_20hz_time_interpolation_to_25hz,adl_sliding_capped,570,712,,,dataset_unit_map,wrist,bits,m/s^2,rad/s,m/s^2,rad/s,1.0,1.0,True,test,non_fall,non_fall,0.0007119614165276289,none,backward,0.6965770125389099
w25_00002306,bits,C:\Users\ADMIN\Desktop\ds-fall\data\raw\Dataset\adl\user36\user36_adl15.csv,C:\Users\ADMIN\Desktop\ds-fall\data\raw\Dataset,user36,user36_adl15,adl15,lying_on_back_getting_up_normally,lying_on_back_getting_up_normally,0,none,False,12,62,0.48,2.48,25.0,50,12,"ax,ay,az,gx,gy,gz,acc_mag,gyro_mag,jerk,roll,pitch,tilt_delta",20.0,25.0,uniform_20hz_time_interpolation_to_25hz,adl_sliding_capped,570,712,,,dataset_unit_map,wrist,bits,m/s^2,rad/s,m/s^2,rad/s,1.0,1.0,True,test,non_fall,non_fall,0.0007013277499936521,none,backward,0.6964724659919739
w25_00002307,bits,C:\Users\ADMIN\Desktop\ds-fall\data\raw\Dataset\adl\user36\user36_adl15.csv,C:\Users\ADMIN\Desktop\ds-fall\data\raw\Dataset,user36,user36_adl15,adl15,lying_on_back_getting_up_normally,lying_on_back_getting_up_normally,0,none,False,24,74,0.96,2.96,25.0,50,12,"ax,ay,az,gx,gy,gz,acc_mag,gyro_mag,jerk,roll,pitch,tilt_delta",20.0,25.0,uniform_20hz_time_interpolation_to_25hz,adl_sliding_capped,570,712,,,dataset_unit_map,wrist,bits,m/s^2,rad/s,m/s^2,rad/s,1.0,1.0,True,test,non_fall,non_fall,0.00070423714350909,none,backward,0.6946831345558167
w25_00002308,bits,C:\Users\ADMIN\Desktop\ds-fall\data\raw\Dataset\adl\user36\user36_adl15.csv,C:\Users\ADMIN\Desktop\ds-fall\data\raw\Dataset,user36,user36_adl15,adl15,lying_on_back_getting_up_normally,lying_on_back_getting_up_normally,0,none,False,36,86,1.44,3.44,25.0,50,12,"ax,ay,az,gx,gy,gz,acc_mag,gyro_mag,jerk,roll,pitch,tilt_delta",20.0,25.0,uniform_20hz_time_interpolation_to_25hz,adl_sliding_capped,570,712,,,dataset_unit_map,wrist,bits,m/s^2,rad/s,m/s^2,rad/s,1.0,1.0,True,test,non_fall,non_fall,0.0006953056436032057,none,backward,0.698532223701477
w25_00002309,bits,C:\Users\ADMIN\Desktop\ds-fall\data\raw\Dataset\adl\user36\user36_adl15.csv,C:\Users\ADMIN\Desktop\ds-fall\data\raw\Dataset,user36,user36_adl15,adl15,lying_on_back_getting_up_normally,lying_on_back_getting_up_normally,0,none,False,48,98,1.92,3.92,25.0,50,12,"ax,ay,az,gx,gy,gz,acc_mag,gyro_mag,jerk,roll,pitch,tilt_delta",20.0,25.0,uniform_20hz_time_interpolation_to_25hz,adl_sliding_capped,570,712,,,dataset_unit_map,wrist,bits,m/s^2,rad/s,m/s^2,rad/s,1.0,1.0,True,test,non_fall,non_fall,0.0007088822894729674,none,backward,0.6935761570930481
w25_00002310,bits,C:\Users\ADMIN\Desktop\ds-fall\data\raw\Dataset\adl\user36\user36_adl16.csv,C:\Users\ADMIN\Desktop\ds-fall\data\raw\Dataset,user36,user36_adl16,adl16,lying_sideways_to_back,lying_sideways_to_back,0,none,False,0,50,0.0,2.0,25.0,50,12,"ax,ay,az,gx,gy,gz,acc_mag,gyro_mag,jerk,roll,pitch,tilt_delta",20.0,25.0,uniform_20hz_time_interpolation_to_25hz,adl_sliding_capped,251,313,,,dataset_unit_map,wrist,bits,m/s^2,rad/s,m/s^2,rad/s,1.0,1.0,True,test,non_fall,non_fall,0.00041159745887853205,none,backward,0.6369388103485107
w25_00002311,bits,C:\Users\ADMIN\Desktop\ds-fall\data\raw\Dataset\adl\user36\user36_adl16.csv,C:\Users\ADMIN\Desktop\ds-fall\data\raw\Dataset,user36,user36_adl16,adl16,lying_sideways_to_back,lying_sideways_to_back,0,none,False,12,62,0.48,2.48,25.0,50,12,"ax,ay,az,gx,gy,gz,acc_mag,gyro_mag,jerk,roll,pitch,tilt_delta",20.0,25.0,uniform_20hz_time_interpolation_to_25hz,adl_sliding_capped,251,313,,,dataset_unit_map,wrist,bits,m/s^2,rad/s,m/s^2,rad/s,1.0,1.0,True,test,non_fall,non_fall,0.00041194248478859663,none,backward,0.6361416578292847
w25_00002312,bits,C:\Users\ADMIN\Desktop\ds-fall\data\raw\Dataset\adl\user36\user36_adl16.csv,C:\Users\ADMIN\Desktop\ds-fall\data\raw\Dataset,user36,user36_adl16,adl16,lying_sideways_to_back,lying_sideways_to_back,0,none,False,24,74,0.96,2.96,25.0,50,12,"ax,ay,az,gx,gy,gz,acc_mag,gyro_mag,jerk,roll,pitch,tilt_delta",20.0,25.0,uniform_20hz_time_interpolation_to_25hz,adl_sliding_capped,251,313,,,dataset_unit_map,wrist,bits,m/s^2,rad/s,m/s^2,rad/s,1.0,1.0,True,test,non_fall,non_fall,0.0004107976274099201,none,backward,0.6373099684715271
w25_00002313,bits,C:\Users\ADMIN\Desktop\ds-fall\data\raw\Dataset\adl\user36\user36_adl16.csv,C:\Users\ADMIN\Desktop\ds-fall\data\raw\Dataset,user36,user36_adl16,adl16,lying_sideways_to_back,lying_sideways_to_back,0,none,False,36,86,1.44,3.44,25.0,50,12,"ax,ay,az,gx,gy,gz,acc_mag,gyro_mag,jerk,roll,pitch,tilt_delta",20.0,25.0,uniform_20hz_time_interpolation_to_25hz,adl_sliding_capped,251,313,,,dataset_unit_map,wrist,bits,m/s^2,rad/s,m/s^2,rad/s,1.0,1.0,True,test,non_fall,non_fall,0.00041047463309951127,none,backward,0.6359052658081055
w25_00002314,bits,C:\Users\ADMIN\Desktop\ds-fall\data\raw\Dataset\adl\user36\user36_adl16.csv,C:\Users\ADMIN\Desktop\ds-fall\data\raw\Dataset,user36,user36_adl16,adl16,lying_sideways_to_back,lying_sideways_to_back,0,none,False,48,98,1.92,3.92,25.0,50,12,"ax,ay,az,gx,gy,gz,acc_mag,gyro_mag,jerk,roll,pitch,tilt_delta",20.0,25.0,uniform_20hz_time_interpolation_to_25hz,adl_sliding_capped,251,313,,,dataset_unit_map,wrist,bits,m/s^2,rad/s,m/s^2,rad/s,1.0,1.0,True,test,non_fall,non_fall,0.00041241952567361295,none,backward,0.6356966495513916
w25_00002315,bits,C:\Users\ADMIN\Desktop\ds-fall\data\raw\Dataset\adl\user36\user36_adl2.csv,C:\Users\ADMIN\Desktop\ds-fall\data\raw\Dataset,user36,user36_adl2,adl2,walking_quickly,walking_quickly,0,none,False,0,50,0.0,2.0,25.0,50,12,"ax,ay,az,gx,gy,gz,acc_mag,gyro_mag,jerk,roll,pitch,tilt_delta",20.0,25.0,uniform_20hz_time_interpolation_to_25hz,adl_sliding_capped,217,271,,,dataset_unit_map,wrist,bits,m/s^2,rad/s,m/s^2,rad/s,1.0,1.0,True,test,non_fall,non_fall,0.014316062442958355,none,forward,0.9260058999061584
w25_00002316,bits,C:\Users\ADMIN\Desktop\ds-fall\data\raw\Dataset\adl\user36\user36_adl2.csv,C:\Users\ADMIN\Desktop\ds-fall\data\raw\Dataset,user36,user36_adl2,adl2,walking_quickly,walking_quickly,0,none,False,12,62,0.48,2.48,25.0,50,12,"ax,ay,az,gx,gy,gz,acc_mag,gyro_mag,jerk,roll,pitch,tilt_delta",20.0,25.0,uniform_20hz_time_interpolation_to_25hz,adl_sliding_capped,217,271,,,dataset_unit_map,wrist,bits,m/s^2,rad/s,m/s^2,rad/s,1.0,1.0,True,test,non_fall,non_fall,0.008741580881178379,none,forward,0.6658800840377808
w25_00002317,bits,C:\Users\ADMIN\Desktop\ds-fall\data\raw\Dataset\adl\user36\user36_adl2.csv,C:\Users\ADMIN\Desktop\ds-fall\data\raw\Dataset,user36,user36_adl2,adl2,walking_quickly,walking_quickly,0,none,False,24,74,0.96,2.96,25.0,50,12,"ax,ay,az,gx,gy,gz,acc_mag,gyro_mag,jerk,roll,pitch,tilt_delta",20.0,25.0,uniform_20hz_time_interpolation_to_25hz,adl_sliding_capped,217,271,,,dataset_unit_map,wrist,bits,m/s^2,rad/s,m/s^2,rad/s,1.0,1.0,True,test,non_fall,non_fall,0.000636777316685766,none,forward,0.618436872959137
w25_00002318,bits,C:\Users\ADMIN\Desktop\ds-fall\data\raw\Dataset\adl\user36\user36_adl2.csv,C:\Users\ADMIN\Desktop\ds-fall\data\raw\Dataset,user36,user36_adl2,adl2,walking_quickly,walking_quickly,0,none,False,36,86,1.44,3.44,25.0,50,12,"ax,ay,az,gx,gy,gz,acc_mag,gyro_mag,jerk,roll,pitch,tilt_delta",20.0,25.0,uniform_20hz_time_interpolation_to_25hz,adl_sliding_capped,217,271,,,dataset_unit_map,wrist,bits,m/s^2,rad/s,m/s^2,rad/s,1.0,1.0,True,test,non_fall,non_fall,0.0003883361059706658,none,forward,0.4140303134918213
w25_00002319,bits,C:\Users\ADMIN\Desktop\ds-fall\data\raw\Dataset\adl\user36\user36_adl2.csv,C:\Users\ADMIN\Desktop\ds-fall\data\raw\Dataset,user36,user36_adl2,adl2,walking_quickly,walking_quickly,0,none,False,48,98,1.92,3.92,25.0,50,12,"ax,ay,az,gx,gy,gz,acc_mag,gyro_mag,jerk,roll,pitch,tilt_delta",20.0,25.0,uniform_20hz_time_interpolation_to_25hz,adl_sliding_capped,217,271,,,dataset_unit_map,wrist,bits,m/s^2,rad/s,m/s^2,rad/s,1.0,1.0,True,test,non_fall,non_fall,0.0016632074257358909,none,backward,0.49954062700271606
w25_00002320,bits,C:\Users\ADMIN\Desktop\ds-fall\data\raw\Dataset\adl\user36\user36_adl3.csv,C:\Users\ADMIN\Desktop\ds-fall\data\raw\Dataset,user36,user36_adl3,adl3,jogging,jogging,0,none,False,0,50,0.0,2.0,25.0,50,12,"ax,ay,az,gx,gy,gz,acc_mag,gyro_mag,jerk,roll,pitch,tilt_delta",20.0,25.0,uniform_20hz_time_interpolation_to_25hz,adl_sliding_capped,3913,4891,,,dataset_unit_map,wrist,bits,m/s^2,rad/s,m/s^2,rad/s,1.0,1.0,True,test,non_fall,non_fall,0.002119659446179867,none,lateral,0.9599561095237732
w25_00002321,bits,C:\Users\ADMIN\Desktop\ds-fall\data\raw\Dataset\adl\user36\user36_adl3.csv,C:\Users\ADMIN\Desktop\ds-fall\data\raw\Dataset,user36,user36_adl3,adl3,jogging,jogging,0,none,False,12,62,0.48,2.48,25.0,50,12,"ax,ay,az,gx,gy,gz,acc_mag,gyro_mag,jerk,roll,pitch,tilt_delta",20.0,25.0,uniform_20hz_time_interpolation_to_25hz,adl_sliding_capped,3913,4891,,,dataset_unit_map,wrist,bits,m/s^2,rad/s,m/s^2,rad/s,1.0,1.0,True,test,non_fall,non_fall,9.200933709507808e-05,none,lateral,0.9682363271713257
w25_00002322,bits,C:\Users\ADMIN\Desktop\ds-fall\data\raw\Dataset\adl\user36\user36_adl3.csv,C:\Users\ADMIN\Desktop\ds-fall\data\raw\Dataset,user36,user36_adl3,adl3,jogging,jogging,0,none,False,24,74,0.96,2.96,25.0,50,12,"ax,ay,az,gx,gy,gz,acc_mag,gyro_mag,jerk,roll,pitch,tilt_delta",20.0,25.0,uniform_20hz_time_interpolation_to_25hz,adl_sliding_capped,3913,4891,,,dataset_unit_map,wrist,bits,m/s^2,rad/s,m/s^2,rad/s,1.0,1.0,True,test,non_fall,non_fall,1.9065593733103015e-05,none,lateral,0.8429465889930725
w25_00002323,bits,C:\Users\ADMIN\Desktop\ds-fall\data\raw\Dataset\adl\user36\user36_adl3.csv,C:\Users\ADMIN\Desktop\ds-fall\data\raw\Dataset,user36,user36_adl3,adl3,jogging,jogging,0,none,False,36,86,1.44,3.44,25.0,50,12,"ax,ay,az,gx,gy,gz,acc_mag,gyro_mag,jerk,roll,pitch,tilt_delta",20.0,25.0,uniform_20hz_time_interpolation_to_25hz,adl_sliding_capped,3913,4891,,,dataset_unit_map,wrist,bits,m/s^2,rad/s,m/s^2,rad/s,1.0,1.0,True,test,non_fall,non_fall,8.591045116190799e-06,none,backward,0.8056493401527405
w25_00002324,bits,C:\Users\ADMIN\Desktop\ds-fall\data\raw\Dataset\adl\user36\user36_adl3.csv,C:\Users\ADMIN\Desktop\ds-fall\data\raw\Dataset,user36,user36_adl3,adl3,jogging,jogging,0,none,False,48,98,1.92,3.92,25.0,50,12,"ax,ay,az,gx,gy,gz,acc_mag,gyro_mag,jerk,roll,pitch,tilt_delta",20.0,25.0,uniform_20hz_time_interpolation_to_25hz,adl_sliding_capped,3913,4891,,,dataset_unit_map,wrist,bits,m/s^2,rad/s,m/s^2,rad/s,1.0,1.0,True,test,non_fall,non_fall,8.84936707734596e-06,none,backward,0.8630049228668213
w25_00002325,bits,C:\Users\ADMIN\Desktop\ds-fall\data\raw\Dataset\adl\user36\user36_adl4.csv,C:\Users\ADMIN\Desktop\ds-fall\data\raw\Dataset,user36,user36_adl4,adl4,jumping,jumping,0,none,False,0,50,0.0,2.0,25.0,50,12,"ax,ay,az,gx,gy,gz,acc_mag,gyro_mag,jerk,roll,pitch,tilt_delta",20.0,25.0,uniform_20hz_time_interpolation_to_25hz,adl_sliding_capped,1266,1582,,,dataset_unit_map,wrist,bits,m/s^2,rad/s,m/s^2,rad/s,1.0,1.0,True,test,non_fall,non_fall,0.0033331853337585926,none,backward,0.8498258590698242
w25_00002326,bits,C:\Users\ADMIN\Desktop\ds-fall\data\raw\Dataset\adl\user36\user36_adl4.csv,C:\Users\ADMIN\Desktop\ds-fall\data\raw\Dataset,user36,user36_adl4,adl4,jumping,jumping,0,none,False,12,62,0.48,2.48,25.0,50,12,"ax,ay,az,gx,gy,gz,acc_mag,gyro_mag,jerk,roll,pitch,tilt_delta",20.0,25.0,uniform_20hz_time_interpolation_to_25hz,adl_sliding_capped,1266,1582,,,dataset_unit_map,wrist,bits,m/s^2,rad/s,m/s^2,rad/s,1.0,1.0,True,test,non_fall,non_fall,0.0003068243677262217,none,backward,0.8058919310569763
w25_00002327,bits,C:\Users\ADMIN\Desktop\ds-fall\data\raw\Dataset\adl\user36\user36_adl4.csv,C:\Users\ADMIN\Desktop\ds-fall\data\raw\Dataset,user36,user36_adl4,adl4,jumping,jumping,0,none,False,24,74,0.96,2.96,25.0,50,12,"ax,ay,az,gx,gy,gz,acc_mag,gyro_mag,jerk,roll,pitch,tilt_delta",20.0,25.0,uniform_20hz_time_interpolation_to_25hz,adl_sliding_capped,1266,1582,,,dataset_unit_map,wrist,bits,m/s^2,rad/s,m/s^2,rad/s,1.0,1.0,True,test,non_fall,non_fall,7.523715612478554e-05,none,backward,0.7302218079566956
w25_00002328,bits,C:\Users\ADMIN\Desktop\ds-fall\data\raw\Dataset\adl\user36\user36_adl4.csv,C:\Users\ADMIN\Desktop\ds-fall\data\raw\Dataset,user36,user36_adl4,adl4,jumping,jumping,0,none,False,36,86,1.44,3.44,25.0,50,12,"ax,ay,az,gx,gy,gz,acc_mag,gyro_mag,jerk,roll,pitch,tilt_delta",20.0,25.0,uniform_20hz_time_interpolation_to_25hz,adl_sliding_capped,1266,1582,,,dataset_unit_map,wrist,bits,m/s^2,rad/s,m/s^2,rad/s,1.0,1.0,True,test,non_fall,non_fall,0.00035581664997152984,none,backward,0.6496314406394958
w25_00002329,bits,C:\Users\ADMIN\Desktop\ds-fall\data\raw\Dataset\adl\user36\user36_adl4.csv,C:\Users\ADMIN\Desktop\ds-fall\data\raw\Dataset,user36,user36_adl4,adl4,jumping,jumping,0,none,False,48,98,1.92,3.92,25.0,50,12,"ax,ay,az,gx,gy,gz,acc_mag,gyro_mag,jerk,roll,pitch,tilt_delta",20.0,25.0,uniform_20hz_time_interpolation_to_25hz,adl_sliding_capped,1266,1582,,,dataset_unit_map,wrist,bits,m/s^2,rad/s,m/s^2,rad/s,1.0,1.0,True,test,non_fall,non_fall,6.13753727520816e-05,none,backward,0.6955344676971436
w25_00002330,bits,C:\Users\ADMIN\Desktop\ds-fall\data\raw\Dataset\adl\user36\user36_adl5.csv,C:\Users\ADMIN\Desktop\ds-fall\data\raw\Dataset,user36,user36_adl5,adl5,climbing_up_slowly,climbing_up_slowly,0,none,False,0,50,0.0,2.0,25.0,50,12,"ax,ay,az,gx,gy,gz,acc_mag,gyro_mag,jerk,roll,pitch,tilt_delta",20.0,25.0,uniform_20hz_time_interpolation_to_25hz,adl_sliding_capped,209,261,,,dataset_unit_map,wrist,bits,m/s^2,rad/s,m/s^2,rad/s,1.0,1.0,True,test,non_fall,non_fall,0.0011211992241442204,none,forward,0.8998383283615112
w25_00002331,bits,C:\Users\ADMIN\Desktop\ds-fall\data\raw\Dataset\adl\user36\user36_adl5.csv,C:\Users\ADMIN\Desktop\ds-fall\data\raw\Dataset,user36,user36_adl5,adl5,climbing_up_slowly,climbing_up_slowly,0,none,False,12,62,0.48,2.48,25.0,50,12,"ax,ay,az,gx,gy,gz,acc_mag,gyro_mag,jerk,roll,pitch,tilt_delta",20.0,25.0,uniform_20hz_time_interpolation_to_25hz,adl_sliding_capped,209,261,,,dataset_unit_map,wrist,bits,m/s^2,rad/s,m/s^2,rad/s,1.0,1.0,True,test,non_fall,non_fall,0.0007823208579793572,none,forward,0.9273889660835266
w25_00002332,bits,C:\Users\ADMIN\Desktop\ds-fall\data\raw\Dataset\adl\user36\user36_adl5.csv,C:\Users\ADMIN\Desktop\ds-fall\data\raw\Dataset,user36,user36_adl5,adl5,climbing_up_slowly,climbing_up_slowly,0,none,False,24,74,0.96,2.96,25.0,50,12,"ax,ay,az,gx,gy,gz,acc_mag,gyro_mag,jerk,roll,pitch,tilt_delta",20.0,25.0,uniform_20hz_time_interpolation_to_25hz,adl_sliding_capped,209,261,,,dataset_unit_map,wrist,bits,m/s^2,rad/s,m/s^2,rad/s,1.0,1.0,True,test,non_fall,non_fall,0.00024625821970403194,none,forward,0.8710845708847046
w25_00002333,bits,C:\Users\ADMIN\Desktop\ds-fall\data\raw\Dataset\adl\user36\user36_adl5.csv,C:\Users\ADMIN\Desktop\ds-fall\data\raw\Dataset,user36,user36_adl5,adl5,climbing_up_slowly,climbing_up_slowly,0,none,False,36,86,1.44,3.44,25.0,50,12,"ax,ay,az,gx,gy,gz,acc_mag,gyro_mag,jerk,roll,pitch,tilt_delta",20.0,25.0,uniform_20hz_time_interpolation_to_25hz,adl_sliding_capped,209,261,,,dataset_unit_map,wrist,bits,m/s^2,rad/s,m/s^2,rad/s,1.0,1.0,True,test,non_fall,non_fall,8.780667121754959e-05,none,forward,0.7937778830528259
w25_00002334,bits,C:\Users\ADMIN\Desktop\ds-fall\data\raw\Dataset\adl\user36\user36_adl5.csv,C:\Users\ADMIN\Desktop\ds-fall\data\raw\Dataset,user36,user36_adl5,adl5,climbing_up_slowly,climbing_up_slowly,0,none,False,48,98,1.92,3.92,25.0,50,12,"ax,ay,az,gx,gy,gz,acc_mag,gyro_mag,jerk,roll,pitch,tilt_delta",20.0,25.0,uniform_20hz_time_interpolation_to_25hz,adl_sliding_capped,209,261,,,dataset_unit_map,wrist,bits,m/s^2,rad/s,m/s^2,rad/s,1.0,1.0,True,test,non_fall,non_fall,0.00016086931282188743,none,forward,0.616997241973877
w25_00002335,bits,C:\Users\ADMIN\Desktop\ds-fall\data\raw\Dataset\adl\user36\user36_adl6.csv,C:\Users\ADMIN\Desktop\ds-fall\data\raw\Dataset,user36,user36_adl6,adl6,climbing_down_slowly,climbing_down_slowly,0,none,False,0,50,0.0,2.0,25.0,50,12,"ax,ay,az,gx,gy,gz,acc_mag,gyro_mag,jerk,roll,pitch,tilt_delta",20.0,25.0,uniform_20hz_time_interpolation_to_25hz,adl_sliding_capped,173,216,,,dataset_unit_map,wrist,bits,m/s^2,rad/s,m/s^2,rad/s,1.0,1.0,True,test,non_fall,non_fall,0.0004414445429574698,none,forward,0.9353094696998596
w25_00002336,bits,C:\Users\ADMIN\Desktop\ds-fall\data\raw\Dataset\adl\user36\user36_adl6.csv,C:\Users\ADMIN\Desktop\ds-fall\data\raw\Dataset,user36,user36_adl6,adl6,climbing_down_slowly,climbing_down_slowly,0,none,False,12,62,0.48,2.48,25.0,50,12,"ax,ay,az,gx,gy,gz,acc_mag,gyro_mag,jerk,roll,pitch,tilt_delta",20.0,25.0,uniform_20hz_time_interpolation_to_25hz,adl_sliding_capped,173,216,,,dataset_unit_map,wrist,bits,m/s^2,rad/s,m/s^2,rad/s,1.0,1.0,True,test,non_fall,non_fall,0.0005313442670740187,none,forward,0.931395411491394
w25_00002337,bits,C:\Users\ADMIN\Desktop\ds-fall\data\raw\Dataset\adl\user36\user36_adl6.csv,C:\Users\ADMIN\Desktop\ds-fall\data\raw\Dataset,user36,user36_adl6,adl6,climbing_down_slowly,climbing_down_slowly,0,none,False,24,74,0.96,2.96,25.0,50,12,"ax,ay,az,gx,gy,gz,acc_mag,gyro_mag,jerk,roll,pitch,tilt_delta",20.0,25.0,uniform_20hz_time_interpolation_to_25hz,adl_sliding_capped,173,216,,,dataset_unit_map,wrist,bits,m/s^2,rad/s,m/s^2,rad/s,1.0,1.0,True,test,non_fall,non_fall,0.0002435366332065314,none,forward,0.941946804523468
w25_00002338,bits,C:\Users\ADMIN\Desktop\ds-fall\data\raw\Dataset\adl\user36\user36_adl6.csv,C:\Users\ADMIN\Desktop\ds-fall\data\raw\Dataset,user36,user36_adl6,adl6,climbing_down_slowly,climbing_down_slowly,0,none,False,36,86,1.44,3.44,25.0,50,12,"ax,ay,az,gx,gy,gz,acc_mag,gyro_mag,jerk,roll,pitch,tilt_delta",20.0,25.0,uniform_20hz_time_interpolation_to_25hz,adl_sliding_capped,173,216,,,dataset_unit_map,wrist,bits,m/s^2,rad/s,m/s^2,rad/s,1.0,1.0,True,test,non_fall,non_fall,0.00023850555589888245,none,forward,0.9023959636688232
w25_00002339,bits,C:\Users\ADMIN\Desktop\ds-fall\data\raw\Dataset\adl\user36\user36_adl6.csv,C:\Users\ADMIN\Desktop\ds-fall\data\raw\Dataset,user36,user36_adl6,adl6,climbing_down_slowly,climbing_down_slowly,0,none,False,48,98,1.92,3.92,25.0,50,12,"ax,ay,az,gx,gy,gz,acc_mag,gyro_mag,jerk,roll,pitch,tilt_delta",20.0,25.0,uniform_20hz_time_interpolation_to_25hz,adl_sliding_capped,173,216,,,dataset_unit_map,wrist,bits,m/s^2,rad/s,m/s^2,rad/s,1.0,1.0,True,test,non_fall,non_fall,0.00035253172973170877,none,forward,0.9126220345497131
w25_00002340,bits,C:\Users\ADMIN\Desktop\ds-fall\data\raw\Dataset\adl\user36\user36_adl7.csv,C:\Users\ADMIN\Desktop\ds-fall\data\raw\Dataset,user36,user36_adl7,adl7,climbing_up_normally,climbing_up_normally,0,none,False,0,50,0.0,2.0,25.0,50,12,"ax,ay,az,gx,gy,gz,acc_mag,gyro_mag,jerk,roll,pitch,tilt_delta",20.0,25.0,uniform_20hz_time_interpolation_to_25hz,adl_sliding_capped,776,969,,,dataset_unit_map,wrist,bits,m/s^2,rad/s,m/s^2,rad/s,1.0,1.0,True,test,non_fall,non_fall,0.010426050052046776,none,lateral,0.4188225269317627
w25_00002341,bits,C:\Users\ADMIN\Desktop\ds-fall\data\raw\Dataset\adl\user36\user36_adl7.csv,C:\Users\ADMIN\Desktop\ds-fall\data\raw\Dataset,user36,user36_adl7,adl7,climbing_up_normally,climbing_up_normally,0,none,False,12,62,0.48,2.48,25.0,50,12,"ax,ay,az,gx,gy,gz,acc_mag,gyro_mag,jerk,roll,pitch,tilt_delta",20.0,25.0,uniform_20hz_time_interpolation_to_25hz,adl_sliding_capped,776,969,,,dataset_unit_map,wrist,bits,m/s^2,rad/s,m/s^2,rad/s,1.0,1.0,True,test,non_fall,non_fall,0.0040263831615448,none,forward,0.7672015428543091
w25_00002342,bits,C:\Users\ADMIN\Desktop\ds-fall\data\raw\Dataset\adl\user36\user36_adl7.csv,C:\Users\ADMIN\Desktop\ds-fall\data\raw\Dataset,user36,user36_adl7,adl7,climbing_up_normally,climbing_up_normally,0,none,False,24,74,0.96,2.96,25.0,50,12,"ax,ay,az,gx,gy,gz,acc_mag,gyro_mag,jerk,roll,pitch,tilt_delta",20.0,25.0,uniform_20hz_time_interpolation_to_25hz,adl_sliding_capped,776,969,,,dataset_unit_map,wrist,bits,m/s^2,rad/s,m/s^2,rad/s,1.0,1.0,True,test,non_fall,non_fall,0.0014436314813792706,none,forward,0.89476478099823
w25_00002343,bits,C:\Users\ADMIN\Desktop\ds-fall\data\raw\Dataset\adl\user36\user36_adl7.csv,C:\Users\ADMIN\Desktop\ds-fall\data\raw\Dataset,user36,user36_adl7,adl7,climbing_up_normally,climbing_up_normally,0,none,False,36,86,1.44,3.44,25.0,50,12,"ax,ay,az,gx,gy,gz,acc_mag,gyro_mag,jerk,roll,pitch,tilt_delta",20.0,25.0,uniform_20hz_time_interpolation_to_25hz,adl_sliding_capped,776,969,,,dataset_unit_map,wrist,bits,m/s^2,rad/s,m/s^2,rad/s,1.0,1.0,True,test,non_fall,non_fall,0.0010002985363826156,none,forward,0.8973495960235596
w25_00002344,bits,C:\Users\ADMIN\Desktop\ds-fall\data\raw\Dataset\adl\user36\user36_adl7.csv,C:\Users\ADMIN\Desktop\ds-fall\data\raw\Dataset,user36,user36_adl7,adl7,climbing_up_normally,climbing_up_normally,0,none,False,48,98,1.92,3.92,25.0,50,12,"ax,ay,az,gx,gy,gz,acc_mag,gyro_mag,jerk,roll,pitch,tilt_delta",20.0,25.0,uniform_20hz_time_interpolation_to_25hz,adl_sliding_capped,776,969,,,dataset_unit_map,wrist,bits,m/s^2,rad/s,m/s^2,rad/s,1.0,1.0,True,test,non_fall,non_fall,0.00025365044712089,none,forward,0.6545712947845459
w25_00002345,bits,C:\Users\ADMIN\Desktop\ds-fall\data\raw\Dataset\adl\user36\user36_adl8.csv,C:\Users\ADMIN\Desktop\ds-fall\data\raw\Dataset,user36,user36_adl8,adl8,climbing_down_normally,climbing_down_normally,0,none,False,0,50,0.0,2.0,25.0,50,12,"ax,ay,az,gx,gy,gz,acc_mag,gyro_mag,jerk,roll,pitch,tilt_delta",20.0,25.0,uniform_20hz_time_interpolation_to_25hz,adl_sliding_capped,165,206,,,dataset_unit_map,wrist,bits,m/s^2,rad/s,m/s^2,rad/s,1.0,1.0,True,test,non_fall,non_fall,0.00011327542597427964,none,forward,0.9328787326812744
w25_00002346,bits,C:\Users\ADMIN\Desktop\ds-fall\data\raw\Dataset\adl\user36\user36_adl8.csv,C:\Users\ADMIN\Desktop\ds-fall\data\raw\Dataset,user36,user36_adl8,adl8,climbing_down_normally,climbing_down_normally,0,none,False,12,62,0.48,2.48,25.0,50,12,"ax,ay,az,gx,gy,gz,acc_mag,gyro_mag,jerk,roll,pitch,tilt_delta",20.0,25.0,uniform_20hz_time_interpolation_to_25hz,adl_sliding_capped,165,206,,,dataset_unit_map,wrist,bits,m/s^2,rad/s,m/s^2,rad/s,1.0,1.0,True,test,non_fall,non_fall,0.00010383836342953146,none,forward,0.8905255198478699
w25_00002347,bits,C:\Users\ADMIN\Desktop\ds-fall\data\raw\Dataset\adl\user36\user36_adl8.csv,C:\Users\ADMIN\Desktop\ds-fall\data\raw\Dataset,user36,user36_adl8,adl8,climbing_down_normally,climbing_down_normally,0,none,False,24,74,0.96,2.96,25.0,50,12,"ax,ay,az,gx,gy,gz,acc_mag,gyro_mag,jerk,roll,pitch,tilt_delta",20.0,25.0,uniform_20hz_time_interpolation_to_25hz,adl_sliding_capped,165,206,,,dataset_unit_map,wrist,bits,m/s^2,rad/s,m/s^2,rad/s,1.0,1.0,True,test,non_fall,non_fall,0.0007688023615628481,none,forward,0.8603978753089905
w25_00002348,bits,C:\Users\ADMIN\Desktop\ds-fall\data\raw\Dataset\adl\user36\user36_adl8.csv,C:\Users\ADMIN\Desktop\ds-fall\data\raw\Dataset,user36,user36_adl8,adl8,climbing_down_normally,climbing_down_normally,0,none,False,36,86,1.44,3.44,25.0,50,12,"ax,ay,az,gx,gy,gz,acc_mag,gyro_mag,jerk,roll,pitch,tilt_delta",20.0,25.0,uniform_20hz_time_interpolation_to_25hz,adl_sliding_capped,165,206,,,dataset_unit_map,wrist,bits,m/s^2,rad/s,m/s^2,rad/s,1.0,1.0,True,test,non_fall,non_fall,0.0006811023922637105,none,forward,0.7592231631278992
w25_00002349,bits,C:\Users\ADMIN\Desktop\ds-fall\data\raw\Dataset\adl\user36\user36_adl8.csv,C:\Users\ADMIN\Desktop\ds-fall\data\raw\Dataset,user36,user36_adl8,adl8,climbing_down_normally,climbing_down_normally,0,none,False,48,98,1.92,3.92,25.0,50,12,"ax,ay,az,gx,gy,gz,acc_mag,gyro_mag,jerk,roll,pitch,tilt_delta",20.0,25.0,uniform_20hz_time_interpolation_to_25hz,adl_sliding_capped,165,206,,,dataset_unit_map,wrist,bits,m/s^2,rad/s,m/s^2,rad/s,1.0,1.0,True,test,non_fall,non_fall,0.001535703195258975,none,lateral,0.552119791507721
w25_00002350,bits,C:\Users\ADMIN\Desktop\ds-fall\data\raw\Dataset\adl\user36\user36_adl9.csv,C:\Users\ADMIN\Desktop\ds-fall\data\raw\Dataset,user36,user36_adl9,adl9,slowly_sitting_on_chair,slowly_sitting_on_chair,0,none,False,0,50,0.0,2.0,25.0,50,12,"ax,ay,az,gx,gy,gz,acc_mag,gyro_mag,jerk,roll,pitch,tilt_delta",20.0,25.0,uniform_20hz_time_interpolation_to_25hz,adl_sliding_capped,178,222,,,dataset_unit_map,wrist,bits,m/s^2,rad/s,m/s^2,rad/s,1.0,1.0,True,test,non_fall,non_fall,0.0003447606577537954,none,forward,0.9305201172828674
w25_00002351,bits,C:\Users\ADMIN\Desktop\ds-fall\data\raw\Dataset\adl\user36\user36_adl9.csv,C:\Users\ADMIN\Desktop\ds-fall\data\raw\Dataset,user36,user36_adl9,adl9,slowly_sitting_on_chair,slowly_sitting_on_chair,0,none,False,12,62,0.48,2.48,25.0,50,12,"ax,ay,az,gx,gy,gz,acc_mag,gyro_mag,jerk,roll,pitch,tilt_delta",20.0,25.0,uniform_20hz_time_interpolation_to_25hz,adl_sliding_capped,178,222,,,dataset_unit_map,wrist,bits,m/s^2,rad/s,m/s^2,rad/s,1.0,1.0,True,test,non_fall,non_fall,0.0004193894856143743,none,forward,0.930984377861023
w25_00002352,bits,C:\Users\ADMIN\Desktop\ds-fall\data\raw\Dataset\adl\user36\user36_adl9.csv,C:\Users\ADMIN\Desktop\ds-fall\data\raw\Dataset,user36,user36_adl9,adl9,slowly_sitting_on_chair,slowly_sitting_on_chair,0,none,False,24,74,0.96,2.96,25.0,50,12,"ax,ay,az,gx,gy,gz,acc_mag,gyro_mag,jerk,roll,pitch,tilt_delta",20.0,25.0,uniform_20hz_time_interpolation_to_25hz,adl_sliding_capped,178,222,,,dataset_unit_map,wrist,bits,m/s^2,rad/s,m/s^2,rad/s,1.0,1.0,True,test,non_fall,non_fall,0.0003406994801480323,none,forward,0.9366815686225891
w25_00002353,bits,C:\Users\ADMIN\Desktop\ds-fall\data\raw\Dataset\adl\user36\user36_adl9.csv,C:\Users\ADMIN\Desktop\ds-fall\data\raw\Dataset,user36,user36_adl9,adl9,slowly_sitting_on_chair,slowly_sitting_on_chair,0,none,False,36,86,1.44,3.44,25.0,50,12,"ax,ay,az,gx,gy,gz,acc_mag,gyro_mag,jerk,roll,pitch,tilt_delta",20.0,25.0,uniform_20hz_time_interpolation_to_25hz,adl_sliding_capped,178,222,,,dataset_unit_map,wrist,bits,m/s^2,rad/s,m/s^2,rad/s,1.0,1.0,True,test,non_fall,non_fall,0.00022497016470879316,none,forward,0.9422266483306885
w25_00002354,bits,C:\Users\ADMIN\Desktop\ds-fall\data\raw\Dataset\adl\user36\user36_adl9.csv,C:\Users\ADMIN\Desktop\ds-fall\data\raw\Dataset,user36,user36_adl9,adl9,slowly_sitting_on_chair,slowly_sitting_on_chair,0,none,False,48,98,1.92,3.92,25.0,50,12,"ax,ay,az,gx,gy,gz,acc_mag,gyro_mag,jerk,roll,pitch,tilt_delta",20.0,25.0,uniform_20hz_time_interpolation_to_25hz,adl_sliding_capped,178,222,,,dataset_unit_map,wrist,bits,m/s^2,rad/s,m/s^2,rad/s,1.0,1.0,True,test,non_fall,non_fall,0.00019611345487646759,none,forward,0.9384208917617798
w25_00002515,bits,C:\Users\ADMIN\Desktop\ds-fall\data\raw\Dataset\adl\user39\user39_adl1.csv,C:\Users\ADMIN\Desktop\ds-fall\data\raw\Dataset,user39,user39_adl1,adl1,walking_slowly,walking_slowly,0,none,False,0,50,0.0,2.0,25.0,50,12,"ax,ay,az,gx,gy,gz,acc_mag,gyro_mag,jerk,roll,pitch,tilt_delta",20.0,25.0,uniform_20hz_time_interpolation_to_25hz,adl_sliding_capped,154,192,,,dataset_unit_map,wrist,bits,m/s^2,rad/s,m/s^2,rad/s,1.0,1.0,True,test,non_fall,non_fall,0.00011717728921212256,none,forward,0.9605293273925781
w25_00002516,bits,C:\Users\ADMIN\Desktop\ds-fall\data\raw\Dataset\adl\user39\user39_adl1.csv,C:\Users\ADMIN\Desktop\ds-fall\data\raw\Dataset,user39,user39_adl1,adl1,walking_slowly,walking_slowly,0,none,False,12,62,0.48,2.48,25.0,50,12,"ax,ay,az,gx,gy,gz,acc_mag,gyro_mag,jerk,roll,pitch,tilt_delta",20.0,25.0,uniform_20hz_time_interpolation_to_25hz,adl_sliding_capped,154,192,,,dataset_unit_map,wrist,bits,m/s^2,rad/s,m/s^2,rad/s,1.0,1.0,True,test,non_fall,non_fall,0.00010330404620617628,none,forward,0.9620411396026611
w25_00002517,bits,C:\Users\ADMIN\Desktop\ds-fall\data\raw\Dataset\adl\user39\user39_adl1.csv,C:\Users\ADMIN\Desktop\ds-fall\data\raw\Dataset,user39,user39_adl1,adl1,walking_slowly,walking_slowly,0,none,False,24,74,0.96,2.96,25.0,50,12,"ax,ay,az,gx,gy,gz,acc_mag,gyro_mag,jerk,roll,pitch,tilt_delta",20.0,25.0,uniform_20hz_time_interpolation_to_25hz,adl_sliding_capped,154,192,,,dataset_unit_map,wrist,bits,m/s^2,rad/s,m/s^2,rad/s,1.0,1.0,True,test,non_fall,non_fall,0.00014262672630138695,none,forward,0.9445856213569641
w25_00002518,bits,C:\Users\ADMIN\Desktop\ds-fall\data\raw\Dataset\adl\user39\user39_adl1.csv,C:\Users\ADMIN\Desktop\ds-fall\data\raw\Dataset,user39,user39_adl1,adl1,walking_slowly,walking_slowly,0,none,False,36,86,1.44,3.44,25.0,50,12,"ax,ay,az,gx,gy,gz,acc_mag,gyro_mag,jerk,roll,pitch,tilt_delta",20.0,25.0,uniform_20hz_time_interpolation_to_25hz,adl_sliding_capped,154,192,,,dataset_unit_map,wrist,bits,m/s^2,rad/s,m/s^2,rad/s,1.0,1.0,True,test,non_fall,non_fall,0.00019354099640622735,none,forward,0.9457536339759827
w25_00002519,bits,C:\Users\ADMIN\Desktop\ds-fall\data\raw\Dataset\adl\user39\user39_adl1.csv,C:\Users\ADMIN\Desktop\ds-fall\data\raw\Dataset,user39,user39_adl1,adl1,walking_slowly,walking_slowly,0,none,False,48,98,1.92,3.92,25.0,50,12,"ax,ay,az,gx,gy,gz,acc_mag,gyro_mag,jerk,roll,pitch,tilt_delta",20.0,25.0,uniform_20hz_time_interpolation_to_25hz,adl_sliding_capped,154,192,,,dataset_unit_map,wrist,bits,m/s^2,rad/s,m/s^2,rad/s,1.0,1.0,True,test,non_fall,non_fall,0.00021505703625734895,none,forward,0.9544543027877808
w25_00002520,bits,C:\Users\ADMIN\Desktop\ds-fall\data\raw\Dataset\adl\user39\user39_adl10.csv,C:\Users\ADMIN\Desktop\ds-fall\data\raw\Dataset,user39,user39_adl10,adl10,rapidly_sitting_on_chair,rapidly_sitting_on_chair,0,none,False,0,50,0.0,2.0,25.0,50,12,"ax,ay,az,gx,gy,gz,acc_mag,gyro_mag,jerk,roll,pitch,tilt_delta",20.0,25.0,uniform_20hz_time_interpolation_to_25hz,adl_sliding_capped,329,411,,,dataset_unit_map,wrist,bits,m/s^2,rad/s,m/s^2,rad/s,1.0,1.0,True,test,non_fall,non_fall,0.0027679495979100466,none,forward,0.7820135951042175
w25_00002521,bits,C:\Users\ADMIN\Desktop\ds-fall\data\raw\Dataset\adl\user39\user39_adl10.csv,C:\Users\ADMIN\Desktop\ds-fall\data\raw\Dataset,user39,user39_adl10,adl10,rapidly_sitting_on_chair,rapidly_sitting_on_chair,0,none,False,12,62,0.48,2.48,25.0,50,12,"ax,ay,az,gx,gy,gz,acc_mag,gyro_mag,jerk,roll,pitch,tilt_delta",20.0,25.0,uniform_20hz_time_interpolation_to_25hz,adl_sliding_capped,329,411,,,dataset_unit_map,wrist,bits,m/s^2,rad/s,m/s^2,rad/s,1.0,1.0,True,test,non_fall,non_fall,0.0026942500844597816,none,forward,0.7558543086051941
w25_00002522,bits,C:\Users\ADMIN\Desktop\ds-fall\data\raw\Dataset\adl\user39\user39_adl10.csv,C:\Users\ADMIN\Desktop\ds-fall\data\raw\Dataset,user39,user39_adl10,adl10,rapidly_sitting_on_chair,rapidly_sitting_on_chair,0,none,False,24,74,0.96,2.96,25.0,50,12,"ax,ay,az,gx,gy,gz,acc_mag,gyro_mag,jerk,roll,pitch,tilt_delta",20.0,25.0,uniform_20hz_time_interpolation_to_25hz,adl_sliding_capped,329,411,,,dataset_unit_map,wrist,bits,m/s^2,rad/s,m/s^2,rad/s,1.0,1.0,True,test,non_fall,non_fall,0.0025578595232218504,none,forward,0.7556787133216858
w25_00002523,bits,C:\Users\ADMIN\Desktop\ds-fall\data\raw\Dataset\adl\user39\user39_adl10.csv,C:\Users\ADMIN\Desktop\ds-fall\data\raw\Dataset,user39,user39_adl10,adl10,rapidly_sitting_on_chair,rapidly_sitting_on_chair,0,none,False,36,86,1.44,3.44,25.0,50,12,"ax,ay,az,gx,gy,gz,acc_mag,gyro_mag,jerk,roll,pitch,tilt_delta",20.0,25.0,uniform_20hz_time_interpolation_to_25hz,adl_sliding_capped,329,411,,,dataset_unit_map,wrist,bits,m/s^2,rad/s,m/s^2,rad/s,1.0,1.0,True,test,non_fall,non_fall,0.002607539761811495,none,forward,0.7595466375350952
w25_00002524,bits,C:\Users\ADMIN\Desktop\ds-fall\data\raw\Dataset\adl\user39\user39_adl10.csv,C:\Users\ADMIN\Desktop\ds-fall\data\raw\Dataset,user39,user39_adl10,adl10,rapidly_sitting_on_chair,rapidly_sitting_on_chair,0,none,False,48,98,1.92,3.92,25.0,50,12,"ax,ay,az,gx,gy,gz,acc_mag,gyro_mag,jerk,roll,pitch,tilt_delta",20.0,25.0,uniform_20hz_time_interpolation_to_25hz,adl_sliding_capped,329,411,,,dataset_unit_map,wrist,bits,m/s^2,rad/s,m/s^2,rad/s,1.0,1.0,True,test,non_fall,non_fall,0.0027486023027449846,none,forward,0.7599336504936218
w25_00002525,bits,C:\Users\ADMIN\Desktop\ds-fall\data\raw\Dataset\adl\user39\user39_adl11.csv,C:\Users\ADMIN\Desktop\ds-fall\data\raw\Dataset,user39,user39_adl11,adl11,nearly_sitting_and_getting_up,nearly_sitting_and_getting_up,0,none,False,0,50,0.0,2.0,25.0,50,12,"ax,ay,az,gx,gy,gz,acc_mag,gyro_mag,jerk,roll,pitch,tilt_delta",20.0,25.0,uniform_20hz_time_interpolation_to_25hz,adl_sliding_capped,349,436,,,dataset_unit_map,wrist,bits,m/s^2,rad/s,m/s^2,rad/s,1.0,1.0,True,test,non_fall,non_fall,0.004113276023417711,none,forward,0.7407674789428711
w25_00002526,bits,C:\Users\ADMIN\Desktop\ds-fall\data\raw\Dataset\adl\user39\user39_adl11.csv,C:\Users\ADMIN\Desktop\ds-fall\data\raw\Dataset,user39,user39_adl11,adl11,nearly_sitting_and_getting_up,nearly_sitting_and_getting_up,0,none,False,12,62,0.48,2.48,25.0,50,12,"ax,ay,az,gx,gy,gz,acc_mag,gyro_mag,jerk,roll,pitch,tilt_delta",20.0,25.0,uniform_20hz_time_interpolation_to_25hz,adl_sliding_capped,349,436,,,dataset_unit_map,wrist,bits,m/s^2,rad/s,m/s^2,rad/s,1.0,1.0,True,test,non_fall,non_fall,0.009508566930890083,none,forward,0.7653257250785828
w25_00002527,bits,C:\Users\ADMIN\Desktop\ds-fall\data\raw\Dataset\adl\user39\user39_adl11.csv,C:\Users\ADMIN\Desktop\ds-fall\data\raw\Dataset,user39,user39_adl11,adl11,nearly_sitting_and_getting_up,nearly_sitting_and_getting_up,0,none,False,24,74,0.96,2.96,25.0,50,12,"ax,ay,az,gx,gy,gz,acc_mag,gyro_mag,jerk,roll,pitch,tilt_delta",20.0,25.0,uniform_20hz_time_interpolation_to_25hz,adl_sliding_capped,349,436,,,dataset_unit_map,wrist,bits,m/s^2,rad/s,m/s^2,rad/s,1.0,1.0,True,test,non_fall,non_fall,0.012766336090862751,none,forward,0.9428401589393616
w25_00002528,bits,C:\Users\ADMIN\Desktop\ds-fall\data\raw\Dataset\adl\user39\user39_adl11.csv,C:\Users\ADMIN\Desktop\ds-fall\data\raw\Dataset,user39,user39_adl11,adl11,nearly_sitting_and_getting_up,nearly_sitting_and_getting_up,0,none,False,36,86,1.44,3.44,25.0,50,12,"ax,ay,az,gx,gy,gz,acc_mag,gyro_mag,jerk,roll,pitch,tilt_delta",20.0,25.0,uniform_20hz_time_interpolation_to_25hz,adl_sliding_capped,349,436,,,dataset_unit_map,wrist,bits,m/s^2,rad/s,m/s^2,rad/s,1.0,1.0,True,test,non_fall,non_fall,0.004365972708910704,none,forward,0.9314557909965515
w25_00002529,bits,C:\Users\ADMIN\Desktop\ds-fall\data\raw\Dataset\adl\user39\user39_adl11.csv,C:\Users\ADMIN\Desktop\ds-fall\data\raw\Dataset,user39,user39_adl11,adl11,nearly_sitting_and_getting_up,nearly_sitting_and_getting_up,0,none,False,48,98,1.92,3.92,25.0,50,12,"ax,ay,az,gx,gy,gz,acc_mag,gyro_mag,jerk,roll,pitch,tilt_delta",20.0,25.0,uniform_20hz_time_interpolation_to_25hz,adl_sliding_capped,349,436,,,dataset_unit_map,wrist,bits,m/s^2,rad/s,m/s^2,rad/s,1.0,1.0,True,test,non_fall,non_fall,0.0001611215266166255,none,forward,0.9252625703811646
w25_00002530,bits,C:\Users\ADMIN\Desktop\ds-fall\data\raw\Dataset\adl\user39\user39_adl12.csv,C:\Users\ADMIN\Desktop\ds-fall\data\raw\Dataset,user39,user39_adl12,adl12,swinging_hands,swinging_hands,0,none,False,0,50,0.0,2.0,25.0,50,12,"ax,ay,az,gx,gy,gz,acc_mag,gyro_mag,jerk,roll,pitch,tilt_delta",20.0,25.0,uniform_20hz_time_interpolation_to_25hz,adl_sliding_capped,381,476,,,dataset_unit_map,wrist,bits,m/s^2,rad/s,m/s^2,rad/s,1.0,1.0,True,test,non_fall,non_fall,0.030233941972255707,none,forward,0.8015923500061035
w25_00002531,bits,C:\Users\ADMIN\Desktop\ds-fall\data\raw\Dataset\adl\user39\user39_adl12.csv,C:\Users\ADMIN\Desktop\ds-fall\data\raw\Dataset,user39,user39_adl12,adl12,swinging_hands,swinging_hands,0,none,False,12,62,0.48,2.48,25.0,50,12,"ax,ay,az,gx,gy,gz,acc_mag,gyro_mag,jerk,roll,pitch,tilt_delta",20.0,25.0,uniform_20hz_time_interpolation_to_25hz,adl_sliding_capped,381,476,,,dataset_unit_map,wrist,bits,m/s^2,rad/s,m/s^2,rad/s,1.0,1.0,True,test,non_fall,non_fall,0.011692002415657043,none,forward,0.6196471452713013
w25_00002532,bits,C:\Users\ADMIN\Desktop\ds-fall\data\raw\Dataset\adl\user39\user39_adl12.csv,C:\Users\ADMIN\Desktop\ds-fall\data\raw\Dataset,user39,user39_adl12,adl12,swinging_hands,swinging_hands,0,none,False,24,74,0.96,2.96,25.0,50,12,"ax,ay,az,gx,gy,gz,acc_mag,gyro_mag,jerk,roll,pitch,tilt_delta",20.0,25.0,uniform_20hz_time_interpolation_to_25hz,adl_sliding_capped,381,476,,,dataset_unit_map,wrist,bits,m/s^2,rad/s,m/s^2,rad/s,1.0,1.0,True,test,non_fall,non_fall,0.00275276112370193,none,forward,0.5921778678894043
w25_00002533,bits,C:\Users\ADMIN\Desktop\ds-fall\data\raw\Dataset\adl\user39\user39_adl12.csv,C:\Users\ADMIN\Desktop\ds-fall\data\raw\Dataset,user39,user39_adl12,adl12,swinging_hands,swinging_hands,0,none,False,36,86,1.44,3.44,25.0,50,12,"ax,ay,az,gx,gy,gz,acc_mag,gyro_mag,jerk,roll,pitch,tilt_delta",20.0,25.0,uniform_20hz_time_interpolation_to_25hz,adl_sliding_capped,381,476,,,dataset_unit_map,wrist,bits,m/s^2,rad/s,m/s^2,rad/s,1.0,1.0,True,test,non_fall,non_fall,0.0017635502154007554,none,forward,0.7147976756095886
w25_00002534,bits,C:\Users\ADMIN\Desktop\ds-fall\data\raw\Dataset\adl\user39\user39_adl12.csv,C:\Users\ADMIN\Desktop\ds-fall\data\raw\Dataset,user39,user39_adl12,adl12,swinging_hands,swinging_hands,0,none,False,48,98,1.92,3.92,25.0,50,12,"ax,ay,az,gx,gy,gz,acc_mag,gyro_mag,jerk,roll,pitch,tilt_delta",20.0,25.0,uniform_20hz_time_interpolation_to_25hz,adl_sliding_capped,381,476,,,dataset_unit_map,wrist,bits,m/s^2,rad/s,m/s^2,rad/s,1.0,1.0,True,test,non_fall,non_fall,0.0013631773181259632,none,forward,0.7497533559799194
w25_00002535,bits,C:\Users\ADMIN\Desktop\ds-fall\data\raw\Dataset\adl\user39\user39_adl13.csv,C:\Users\ADMIN\Desktop\ds-fall\data\raw\Dataset,user39,user39_adl13,adl13,lying_on_bed,lying_on_bed,0,none,False,0,50,0.0,2.0,25.0,50,12,"ax,ay,az,gx,gy,gz,acc_mag,gyro_mag,jerk,roll,pitch,tilt_delta",20.0,25.0,uniform_20hz_time_interpolation_to_25hz,adl_sliding_capped,845,1056,,,dataset_unit_map,wrist,bits,m/s^2,rad/s,m/s^2,rad/s,1.0,1.0,True,test,non_fall,non_fall,4.980863377568312e-05,none,forward,0.5910996198654175
w25_00002536,bits,C:\Users\ADMIN\Desktop\ds-fall\data\raw\Dataset\adl\user39\user39_adl13.csv,C:\Users\ADMIN\Desktop\ds-fall\data\raw\Dataset,user39,user39_adl13,adl13,lying_on_bed,lying_on_bed,0,none,False,12,62,0.48,2.48,25.0,50,12,"ax,ay,az,gx,gy,gz,acc_mag,gyro_mag,jerk,roll,pitch,tilt_delta",20.0,25.0,uniform_20hz_time_interpolation_to_25hz,adl_sliding_capped,845,1056,,,dataset_unit_map,wrist,bits,m/s^2,rad/s,m/s^2,rad/s,1.0,1.0,True,test,non_fall,non_fall,5.042948396294378e-05,none,forward,0.5822427868843079
w25_00002537,bits,C:\Users\ADMIN\Desktop\ds-fall\data\raw\Dataset\adl\user39\user39_adl13.csv,C:\Users\ADMIN\Desktop\ds-fall\data\raw\Dataset,user39,user39_adl13,adl13,lying_on_bed,lying_on_bed,0,none,False,24,74,0.96,2.96,25.0,50,12,"ax,ay,az,gx,gy,gz,acc_mag,gyro_mag,jerk,roll,pitch,tilt_delta",20.0,25.0,uniform_20hz_time_interpolation_to_25hz,adl_sliding_capped,845,1056,,,dataset_unit_map,wrist,bits,m/s^2,rad/s,m/s^2,rad/s,1.0,1.0,True,test,non_fall,non_fall,5.0245529564563185e-05,none,forward,0.5814194083213806
w25_00002538,bits,C:\Users\ADMIN\Desktop\ds-fall\data\raw\Dataset\adl\user39\user39_adl13.csv,C:\Users\ADMIN\Desktop\ds-fall\data\raw\Dataset,user39,user39_adl13,adl13,lying_on_bed,lying_on_bed,0,none,False,36,86,1.44,3.44,25.0,50,12,"ax,ay,az,gx,gy,gz,acc_mag,gyro_mag,jerk,roll,pitch,tilt_delta",20.0,25.0,uniform_20hz_time_interpolation_to_25hz,adl_sliding_capped,845,1056,,,dataset_unit_map,wrist,bits,m/s^2,rad/s,m/s^2,rad/s,1.0,1.0,True,test,non_fall,non_fall,4.999870725441724e-05,none,forward,0.5852203965187073
w25_00002539,bits,C:\Users\ADMIN\Desktop\ds-fall\data\raw\Dataset\adl\user39\user39_adl13.csv,C:\Users\ADMIN\Desktop\ds-fall\data\raw\Dataset,user39,user39_adl13,adl13,lying_on_bed,lying_on_bed,0,none,False,48,98,1.92,3.92,25.0,50,12,"ax,ay,az,gx,gy,gz,acc_mag,gyro_mag,jerk,roll,pitch,tilt_delta",20.0,25.0,uniform_20hz_time_interpolation_to_25hz,adl_sliding_capped,845,1056,,,dataset_unit_map,wrist,bits,m/s^2,rad/s,m/s^2,rad/s,1.0,1.0,True,test,non_fall,non_fall,4.979904042556882e-05,none,forward,0.5839536786079407
w25_00002540,bits,C:\Users\ADMIN\Desktop\ds-fall\data\raw\Dataset\adl\user39\user39_adl14.csv,C:\Users\ADMIN\Desktop\ds-fall\data\raw\Dataset,user39,user39_adl14,adl14,lying_on_back_getting_up_slowly,lying_on_back_getting_up_slowly,0,none,False,0,50,0.0,2.0,25.0,50,12,"ax,ay,az,gx,gy,gz,acc_mag,gyro_mag,jerk,roll,pitch,tilt_delta",20.0,25.0,uniform_20hz_time_interpolation_to_25hz,adl_sliding_capped,355,443,,,dataset_unit_map,wrist,bits,m/s^2,rad/s,m/s^2,rad/s,1.0,1.0,True,test,non_fall,non_fall,0.00030571070965379477,none,forward,0.7457704544067383
w25_00002541,bits,C:\Users\ADMIN\Desktop\ds-fall\data\raw\Dataset\adl\user39\user39_adl14.csv,C:\Users\ADMIN\Desktop\ds-fall\data\raw\Dataset,user39,user39_adl14,adl14,lying_on_back_getting_up_slowly,lying_on_back_getting_up_slowly,0,none,False,12,62,0.48,2.48,25.0,50,12,"ax,ay,az,gx,gy,gz,acc_mag,gyro_mag,jerk,roll,pitch,tilt_delta",20.0,25.0,uniform_20hz_time_interpolation_to_25hz,adl_sliding_capped,355,443,,,dataset_unit_map,wrist,bits,m/s^2,rad/s,m/s^2,rad/s,1.0,1.0,True,test,non_fall,non_fall,0.00040412149974144995,none,forward,0.6592249870300293
w25_00002542,bits,C:\Users\ADMIN\Desktop\ds-fall\data\raw\Dataset\adl\user39\user39_adl14.csv,C:\Users\ADMIN\Desktop\ds-fall\data\raw\Dataset,user39,user39_adl14,adl14,lying_on_back_getting_up_slowly,lying_on_back_getting_up_slowly,0,none,False,24,74,0.96,2.96,25.0,50,12,"ax,ay,az,gx,gy,gz,acc_mag,gyro_mag,jerk,roll,pitch,tilt_delta",20.0,25.0,uniform_20hz_time_interpolation_to_25hz,adl_sliding_capped,355,443,,,dataset_unit_map,wrist,bits,m/s^2,rad/s,m/s^2,rad/s,1.0,1.0,True,test,non_fall,non_fall,0.0004744079487863928,none,forward,0.6813079118728638
w25_00002543,bits,C:\Users\ADMIN\Desktop\ds-fall\data\raw\Dataset\adl\user39\user39_adl14.csv,C:\Users\ADMIN\Desktop\ds-fall\data\raw\Dataset,user39,user39_adl14,adl14,lying_on_back_getting_up_slowly,lying_on_back_getting_up_slowly,0,none,False,36,86,1.44,3.44,25.0,50,12,"ax,ay,az,gx,gy,gz,acc_mag,gyro_mag,jerk,roll,pitch,tilt_delta",20.0,25.0,uniform_20hz_time_interpolation_to_25hz,adl_sliding_capped,355,443,,,dataset_unit_map,wrist,bits,m/s^2,rad/s,m/s^2,rad/s,1.0,1.0,True,test,non_fall,non_fall,0.0004216596425976604,none,forward,0.7418219447135925
w25_00002544,bits,C:\Users\ADMIN\Desktop\ds-fall\data\raw\Dataset\adl\user39\user39_adl14.csv,C:\Users\ADMIN\Desktop\ds-fall\data\raw\Dataset,user39,user39_adl14,adl14,lying_on_back_getting_up_slowly,lying_on_back_getting_up_slowly,0,none,False,48,98,1.92,3.92,25.0,50,12,"ax,ay,az,gx,gy,gz,acc_mag,gyro_mag,jerk,roll,pitch,tilt_delta",20.0,25.0,uniform_20hz_time_interpolation_to_25hz,adl_sliding_capped,355,443,,,dataset_unit_map,wrist,bits,m/s^2,rad/s,m/s^2,rad/s,1.0,1.0,True,test,non_fall,non_fall,0.0003771245537791401,none,forward,0.7037518620491028
w25_00002545,bits,C:\Users\ADMIN\Desktop\ds-fall\data\raw\Dataset\adl\user39\user39_adl15.csv,C:\Users\ADMIN\Desktop\ds-fall\data\raw\Dataset,user39,user39_adl15,adl15,lying_on_back_getting_up_normally,lying_on_back_getting_up_normally,0,none,False,0,50,0.0,2.0,25.0,50,12,"ax,ay,az,gx,gy,gz,acc_mag,gyro_mag,jerk,roll,pitch,tilt_delta",20.0,25.0,uniform_20hz_time_interpolation_to_25hz,adl_sliding_capped,202,252,,,dataset_unit_map,wrist,bits,m/s^2,rad/s,m/s^2,rad/s,1.0,1.0,True,test,non_fall,non_fall,0.00014679334708489478,none,forward,0.8033053278923035
w25_00002546,bits,C:\Users\ADMIN\Desktop\ds-fall\data\raw\Dataset\adl\user39\user39_adl15.csv,C:\Users\ADMIN\Desktop\ds-fall\data\raw\Dataset,user39,user39_adl15,adl15,lying_on_back_getting_up_normally,lying_on_back_getting_up_normally,0,none,False,12,62,0.48,2.48,25.0,50,12,"ax,ay,az,gx,gy,gz,acc_mag,gyro_mag,jerk,roll,pitch,tilt_delta",20.0,25.0,uniform_20hz_time_interpolation_to_25hz,adl_sliding_capped,202,252,,,dataset_unit_map,wrist,bits,m/s^2,rad/s,m/s^2,rad/s,1.0,1.0,True,test,non_fall,non_fall,0.00028775769169442356,none,forward,0.7800572514533997
w25_00002547,bits,C:\Users\ADMIN\Desktop\ds-fall\data\raw\Dataset\adl\user39\user39_adl15.csv,C:\Users\ADMIN\Desktop\ds-fall\data\raw\Dataset,user39,user39_adl15,adl15,lying_on_back_getting_up_normally,lying_on_back_getting_up_normally,0,none,False,24,74,0.96,2.96,25.0,50,12,"ax,ay,az,gx,gy,gz,acc_mag,gyro_mag,jerk,roll,pitch,tilt_delta",20.0,25.0,uniform_20hz_time_interpolation_to_25hz,adl_sliding_capped,202,252,,,dataset_unit_map,wrist,bits,m/s^2,rad/s,m/s^2,rad/s,1.0,1.0,True,test,non_fall,non_fall,0.000393926165997982,none,forward,0.734285295009613
w25_00002548,bits,C:\Users\ADMIN\Desktop\ds-fall\data\raw\Dataset\adl\user39\user39_adl15.csv,C:\Users\ADMIN\Desktop\ds-fall\data\raw\Dataset,user39,user39_adl15,adl15,lying_on_back_getting_up_normally,lying_on_back_getting_up_normally,0,none,False,36,86,1.44,3.44,25.0,50,12,"ax,ay,az,gx,gy,gz,acc_mag,gyro_mag,jerk,roll,pitch,tilt_delta",20.0,25.0,uniform_20hz_time_interpolation_to_25hz,adl_sliding_capped,202,252,,,dataset_unit_map,wrist,bits,m/s^2,rad/s,m/s^2,rad/s,1.0,1.0,True,test,non_fall,non_fall,0.000623959640506655,none,forward,0.645865261554718
w25_00002549,bits,C:\Users\ADMIN\Desktop\ds-fall\data\raw\Dataset\adl\user39\user39_adl15.csv,C:\Users\ADMIN\Desktop\ds-fall\data\raw\Dataset,user39,user39_adl15,adl15,lying_on_back_getting_up_normally,lying_on_back_getting_up_normally,0,none,False,48,98,1.92,3.92,25.0,50,12,"ax,ay,az,gx,gy,gz,acc_mag,gyro_mag,jerk,roll,pitch,tilt_delta",20.0,25.0,uniform_20hz_time_interpolation_to_25hz,adl_sliding_capped,202,252,,,dataset_unit_map,wrist,bits,m/s^2,rad/s,m/s^2,rad/s,1.0,1.0,True,test,non_fall,non_fall,0.0007160631939768791,none,forward,0.7419121861457825
w25_00002550,bits,C:\Users\ADMIN\Desktop\ds-fall\data\raw\Dataset\adl\user39\user39_adl16.csv,C:\Users\ADMIN\Desktop\ds-fall\data\raw\Dataset,user39,user39_adl16,adl16,lying_sideways_to_back,lying_sideways_to_back,0,none,False,0,50,0.0,2.0,25.0,50,12,"ax,ay,az,gx,gy,gz,acc_mag,gyro_mag,jerk,roll,pitch,tilt_delta",20.0,25.0,uniform_20hz_time_interpolation_to_25hz,adl_sliding_capped,255,318,,,dataset_unit_map,wrist,bits,m/s^2,rad/s,m/s^2,rad/s,1.0,1.0,True,test,non_fall,non_fall,0.00016571868036407977,none,forward,0.7106450200080872
w25_00002551,bits,C:\Users\ADMIN\Desktop\ds-fall\data\raw\Dataset\adl\user39\user39_adl16.csv,C:\Users\ADMIN\Desktop\ds-fall\data\raw\Dataset,user39,user39_adl16,adl16,lying_sideways_to_back,lying_sideways_to_back,0,none,False,12,62,0.48,2.48,25.0,50,12,"ax,ay,az,gx,gy,gz,acc_mag,gyro_mag,jerk,roll,pitch,tilt_delta",20.0,25.0,uniform_20hz_time_interpolation_to_25hz,adl_sliding_capped,255,318,,,dataset_unit_map,wrist,bits,m/s^2,rad/s,m/s^2,rad/s,1.0,1.0,True,test,non_fall,non_fall,0.00017340997874271125,none,forward,0.7339069843292236
w25_00002552,bits,C:\Users\ADMIN\Desktop\ds-fall\data\raw\Dataset\adl\user39\user39_adl16.csv,C:\Users\ADMIN\Desktop\ds-fall\data\raw\Dataset,user39,user39_adl16,adl16,lying_sideways_to_back,lying_sideways_to_back,0,none,False,24,74,0.96,2.96,25.0,50,12,"ax,ay,az,gx,gy,gz,acc_mag,gyro_mag,jerk,roll,pitch,tilt_delta",20.0,25.0,uniform_20hz_time_interpolation_to_25hz,adl_sliding_capped,255,318,,,dataset_unit_map,wrist,bits,m/s^2,rad/s,m/s^2,rad/s,1.0,1.0,True,test,non_fall,non_fall,0.00016942659567575902,none,forward,0.7311458587646484
w25_00002553,bits,C:\Users\ADMIN\Desktop\ds-fall\data\raw\Dataset\adl\user39\user39_adl16.csv,C:\Users\ADMIN\Desktop\ds-fall\data\raw\Dataset,user39,user39_adl16,adl16,lying_sideways_to_back,lying_sideways_to_back,0,none,False,36,86,1.44,3.44,25.0,50,12,"ax,ay,az,gx,gy,gz,acc_mag,gyro_mag,jerk,roll,pitch,tilt_delta",20.0,25.0,uniform_20hz_time_interpolation_to_25hz,adl_sliding_capped,255,318,,,dataset_unit_map,wrist,bits,m/s^2,rad/s,m/s^2,rad/s,1.0,1.0,True,test,non_fall,non_fall,0.00017280718020629138,none,forward,0.7418422102928162
w25_00002554,bits,C:\Users\ADMIN\Desktop\ds-fall\data\raw\Dataset\adl\user39\user39_adl16.csv,C:\Users\ADMIN\Desktop\ds-fall\data\raw\Dataset,user39,user39_adl16,adl16,lying_sideways_to_back,lying_sideways_to_back,0,none,False,48,98,1.92,3.92,25.0,50,12,"ax,ay,az,gx,gy,gz,acc_mag,gyro_mag,jerk,roll,pitch,tilt_delta",20.0,25.0,uniform_20hz_time_interpolation_to_25hz,adl_sliding_capped,255,318,,,dataset_unit_map,wrist,bits,m/s^2,rad/s,m/s^2,rad/s,1.0,1.0,True,test,non_fall,non_fall,0.00016902480274438858,none,forward,0.7147964239120483
w25_00002555,bits,C:\Users\ADMIN\Desktop\ds-fall\data\raw\Dataset\adl\user39\user39_adl2.csv,C:\Users\ADMIN\Desktop\ds-fall\data\raw\Dataset,user39,user39_adl2,adl2,walking_quickly,walking_quickly,0,none,False,0,50,0.0,2.0,25.0,50,12,"ax,ay,az,gx,gy,gz,acc_mag,gyro_mag,jerk,roll,pitch,tilt_delta",20.0,25.0,uniform_20hz_time_interpolation_to_25hz,adl_sliding_capped,1075,1343,,,dataset_unit_map,wrist,bits,m/s^2,rad/s,m/s^2,rad/s,1.0,1.0,True,test,non_fall,non_fall,0.00014908505545463413,none,forward,0.9463592767715454
w25_00002556,bits,C:\Users\ADMIN\Desktop\ds-fall\data\raw\Dataset\adl\user39\user39_adl2.csv,C:\Users\ADMIN\Desktop\ds-fall\data\raw\Dataset,user39,user39_adl2,adl2,walking_quickly,walking_quickly,0,none,False,12,62,0.48,2.48,25.0,50,12,"ax,ay,az,gx,gy,gz,acc_mag,gyro_mag,jerk,roll,pitch,tilt_delta",20.0,25.0,uniform_20hz_time_interpolation_to_25hz,adl_sliding_capped,1075,1343,,,dataset_unit_map,wrist,bits,m/s^2,rad/s,m/s^2,rad/s,1.0,1.0,True,test,non_fall,non_fall,0.00014522142009809613,none,forward,0.9509353637695312
w25_00002557,bits,C:\Users\ADMIN\Desktop\ds-fall\data\raw\Dataset\adl\user39\user39_adl2.csv,C:\Users\ADMIN\Desktop\ds-fall\data\raw\Dataset,user39,user39_adl2,adl2,walking_quickly,walking_quickly,0,none,False,24,74,0.96,2.96,25.0,50,12,"ax,ay,az,gx,gy,gz,acc_mag,gyro_mag,jerk,roll,pitch,tilt_delta",20.0,25.0,uniform_20hz_time_interpolation_to_25hz,adl_sliding_capped,1075,1343,,,dataset_unit_map,wrist,bits,m/s^2,rad/s,m/s^2,rad/s,1.0,1.0,True,test,non_fall,non_fall,0.0001445075322408229,none,forward,0.9459012746810913
w25_00002558,bits,C:\Users\ADMIN\Desktop\ds-fall\data\raw\Dataset\adl\user39\user39_adl2.csv,C:\Users\ADMIN\Desktop\ds-fall\data\raw\Dataset,user39,user39_adl2,adl2,walking_quickly,walking_quickly,0,none,False,36,86,1.44,3.44,25.0,50,12,"ax,ay,az,gx,gy,gz,acc_mag,gyro_mag,jerk,roll,pitch,tilt_delta",20.0,25.0,uniform_20hz_time_interpolation_to_25hz,adl_sliding_capped,1075,1343,,,dataset_unit_map,wrist,bits,m/s^2,rad/s,m/s^2,rad/s,1.0,1.0,True,test,non_fall,non_fall,0.00014673177793156356,none,forward,0.9530753493309021
w25_00002559,bits,C:\Users\ADMIN\Desktop\ds-fall\data\raw\Dataset\adl\user39\user39_adl2.csv,C:\Users\ADMIN\Desktop\ds-fall\data\raw\Dataset,user39,user39_adl2,adl2,walking_quickly,walking_quickly,0,none,False,48,98,1.92,3.92,25.0,50,12,"ax,ay,az,gx,gy,gz,acc_mag,gyro_mag,jerk,roll,pitch,tilt_delta",20.0,25.0,uniform_20hz_time_interpolation_to_25hz,adl_sliding_capped,1075,1343,,,dataset_unit_map,wrist,bits,m/s^2,rad/s,m/s^2,rad/s,1.0,1.0,True,test,non_fall,non_fall,0.00021080623264424503,none,forward,0.9467108845710754
w25_00002560,bits,C:\Users\ADMIN\Desktop\ds-fall\data\raw\Dataset\adl\user39\user39_adl3.csv,C:\Users\ADMIN\Desktop\ds-fall\data\raw\Dataset,user39,user39_adl3,adl3,jogging,jogging,0,none,False,0,50,0.0,2.0,25.0,50,12,"ax,ay,az,gx,gy,gz,acc_mag,gyro_mag,jerk,roll,pitch,tilt_delta",20.0,25.0,uniform_20hz_time_interpolation_to_25hz,adl_sliding_capped,238,297,,,dataset_unit_map,wrist,bits,m/s^2,rad/s,m/s^2,rad/s,1.0,1.0,True,test,non_fall,non_fall,0.0826045423746109,none,forward,0.8268640041351318
w25_00002561,bits,C:\Users\ADMIN\Desktop\ds-fall\data\raw\Dataset\adl\user39\user39_adl3.csv,C:\Users\ADMIN\Desktop\ds-fall\data\raw\Dataset,user39,user39_adl3,adl3,jogging,jogging,0,none,False,12,62,0.48,2.48,25.0,50,12,"ax,ay,az,gx,gy,gz,acc_mag,gyro_mag,jerk,roll,pitch,tilt_delta",20.0,25.0,uniform_20hz_time_interpolation_to_25hz,adl_sliding_capped,238,297,,,dataset_unit_map,wrist,bits,m/s^2,rad/s,m/s^2,rad/s,1.0,1.0,True,test,non_fall,non_fall,0.031334299594163895,none,forward,0.8533886075019836
w25_00002562,bits,C:\Users\ADMIN\Desktop\ds-fall\data\raw\Dataset\adl\user39\user39_adl3.csv,C:\Users\ADMIN\Desktop\ds-fall\data\raw\Dataset,user39,user39_adl3,adl3,jogging,jogging,0,none,False,24,74,0.96,2.96,25.0,50,12,"ax,ay,az,gx,gy,gz,acc_mag,gyro_mag,jerk,roll,pitch,tilt_delta",20.0,25.0,uniform_20hz_time_interpolation_to_25hz,adl_sliding_capped,238,297,,,dataset_unit_map,wrist,bits,m/s^2,rad/s,m/s^2,rad/s,1.0,1.0,True,test,non_fall,non_fall,0.0018125466303899884,none,forward,0.9047039747238159
w25_00002563,bits,C:\Users\ADMIN\Desktop\ds-fall\data\raw\Dataset\adl\user39\user39_adl3.csv,C:\Users\ADMIN\Desktop\ds-fall\data\raw\Dataset,user39,user39_adl3,adl3,jogging,jogging,0,none,False,36,86,1.44,3.44,25.0,50,12,"ax,ay,az,gx,gy,gz,acc_mag,gyro_mag,jerk,roll,pitch,tilt_delta",20.0,25.0,uniform_20hz_time_interpolation_to_25hz,adl_sliding_capped,238,297,,,dataset_unit_map,wrist,bits,m/s^2,rad/s,m/s^2,rad/s,1.0,1.0,True,test,non_fall,non_fall,0.0006380822160281241,none,forward,0.8136947751045227
w25_00002564,bits,C:\Users\ADMIN\Desktop\ds-fall\data\raw\Dataset\adl\user39\user39_adl3.csv,C:\Users\ADMIN\Desktop\ds-fall\data\raw\Dataset,user39,user39_adl3,adl3,jogging,jogging,0,none,False,48,98,1.92,3.92,25.0,50,12,"ax,ay,az,gx,gy,gz,acc_mag,gyro_mag,jerk,roll,pitch,tilt_delta",20.0,25.0,uniform_20hz_time_interpolation_to_25hz,adl_sliding_capped,238,297,,,dataset_unit_map,wrist,bits,m/s^2,rad/s,m/s^2,rad/s,1.0,1.0,True,test,non_fall,non_fall,0.0015792044578120112,none,forward,0.6742480993270874
w25_00002565,bits,C:\Users\ADMIN\Desktop\ds-fall\data\raw\Dataset\adl\user39\user39_adl4.csv,C:\Users\ADMIN\Desktop\ds-fall\data\raw\Dataset,user39,user39_adl4,adl4,jumping,jumping,0,none,False,0,50,0.0,2.0,25.0,50,12,"ax,ay,az,gx,gy,gz,acc_mag,gyro_mag,jerk,roll,pitch,tilt_delta",20.0,25.0,uniform_20hz_time_interpolation_to_25hz,adl_sliding_capped,934,1167,,,dataset_unit_map,wrist,bits,m/s^2,rad/s,m/s^2,rad/s,1.0,1.0,True,test,non_fall,non_fall,0.00976039469242096,none,lateral,0.4470926523208618
w25_00002566,bits,C:\Users\ADMIN\Desktop\ds-fall\data\raw\Dataset\adl\user39\user39_adl4.csv,C:\Users\ADMIN\Desktop\ds-fall\data\raw\Dataset,user39,user39_adl4,adl4,jumping,jumping,0,none,False,12,62,0.48,2.48,25.0,50,12,"ax,ay,az,gx,gy,gz,acc_mag,gyro_mag,jerk,roll,pitch,tilt_delta",20.0,25.0,uniform_20hz_time_interpolation_to_25hz,adl_sliding_capped,934,1167,,,dataset_unit_map,wrist,bits,m/s^2,rad/s,m/s^2,rad/s,1.0,1.0,True,test,non_fall,non_fall,0.01552710123360157,none,lateral,0.4547542631626129
w25_00002567,bits,C:\Users\ADMIN\Desktop\ds-fall\data\raw\Dataset\adl\user39\user39_adl4.csv,C:\Users\ADMIN\Desktop\ds-fall\data\raw\Dataset,user39,user39_adl4,adl4,jumping,jumping,0,none,False,24,74,0.96,2.96,25.0,50,12,"ax,ay,az,gx,gy,gz,acc_mag,gyro_mag,jerk,roll,pitch,tilt_delta",20.0,25.0,uniform_20hz_time_interpolation_to_25hz,adl_sliding_capped,934,1167,,,dataset_unit_map,wrist,bits,m/s^2,rad/s,m/s^2,rad/s,1.0,1.0,True,test,non_fall,fall,0.7083519101142883,none,backward,0.7061057090759277
w25_00002568,bits,C:\Users\ADMIN\Desktop\ds-fall\data\raw\Dataset\adl\user39\user39_adl4.csv,C:\Users\ADMIN\Desktop\ds-fall\data\raw\Dataset,user39,user39_adl4,adl4,jumping,jumping,0,none,False,36,86,1.44,3.44,25.0,50,12,"ax,ay,az,gx,gy,gz,acc_mag,gyro_mag,jerk,roll,pitch,tilt_delta",20.0,25.0,uniform_20hz_time_interpolation_to_25hz,adl_sliding_capped,934,1167,,,dataset_unit_map,wrist,bits,m/s^2,rad/s,m/s^2,rad/s,1.0,1.0,True,test,non_fall,fall,0.7656716108322144,none,forward,0.514002799987793
w25_00002569,bits,C:\Users\ADMIN\Desktop\ds-fall\data\raw\Dataset\adl\user39\user39_adl4.csv,C:\Users\ADMIN\Desktop\ds-fall\data\raw\Dataset,user39,user39_adl4,adl4,jumping,jumping,0,none,False,48,98,1.92,3.92,25.0,50,12,"ax,ay,az,gx,gy,gz,acc_mag,gyro_mag,jerk,roll,pitch,tilt_delta",20.0,25.0,uniform_20hz_time_interpolation_to_25hz,adl_sliding_capped,934,1167,,,dataset_unit_map,wrist,bits,m/s^2,rad/s,m/s^2,rad/s,1.0,1.0,True,test,non_fall,fall,0.7273509502410889,none,forward,0.6855140328407288
w25_00002570,bits,C:\Users\ADMIN\Desktop\ds-fall\data\raw\Dataset\adl\user39\user39_adl5.csv,C:\Users\ADMIN\Desktop\ds-fall\data\raw\Dataset,user39,user39_adl5,adl5,climbing_up_slowly,climbing_up_slowly,0,none,False,0,50,0.0,2.0,25.0,50,12,"ax,ay,az,gx,gy,gz,acc_mag,gyro_mag,jerk,roll,pitch,tilt_delta",20.0,25.0,uniform_20hz_time_interpolation_to_25hz,adl_sliding_capped,923,1153,,,dataset_unit_map,wrist,bits,m/s^2,rad/s,m/s^2,rad/s,1.0,1.0,True,test,non_fall,non_fall,0.0001855619775597006,none,forward,0.7767703533172607
w25_00002571,bits,C:\Users\ADMIN\Desktop\ds-fall\data\raw\Dataset\adl\user39\user39_adl5.csv,C:\Users\ADMIN\Desktop\ds-fall\data\raw\Dataset,user39,user39_adl5,adl5,climbing_up_slowly,climbing_up_slowly,0,none,False,12,62,0.48,2.48,25.0,50,12,"ax,ay,az,gx,gy,gz,acc_mag,gyro_mag,jerk,roll,pitch,tilt_delta",20.0,25.0,uniform_20hz_time_interpolation_to_25hz,adl_sliding_capped,923,1153,,,dataset_unit_map,wrist,bits,m/s^2,rad/s,m/s^2,rad/s,1.0,1.0,True,test,non_fall,non_fall,0.0003129027027171105,none,forward,0.8052654266357422
w25_00002572,bits,C:\Users\ADMIN\Desktop\ds-fall\data\raw\Dataset\adl\user39\user39_adl5.csv,C:\Users\ADMIN\Desktop\ds-fall\data\raw\Dataset,user39,user39_adl5,adl5,climbing_up_slowly,climbing_up_slowly,0,none,False,24,74,0.96,2.96,25.0,50,12,"ax,ay,az,gx,gy,gz,acc_mag,gyro_mag,jerk,roll,pitch,tilt_delta",20.0,25.0,uniform_20hz_time_interpolation_to_25hz,adl_sliding_capped,923,1153,,,dataset_unit_map,wrist,bits,m/s^2,rad/s,m/s^2,rad/s,1.0,1.0,True,test,non_fall,non_fall,0.00024469991330988705,none,forward,0.7584026455879211
w25_00002573,bits,C:\Users\ADMIN\Desktop\ds-fall\data\raw\Dataset\adl\user39\user39_adl5.csv,C:\Users\ADMIN\Desktop\ds-fall\data\raw\Dataset,user39,user39_adl5,adl5,climbing_up_slowly,climbing_up_slowly,0,none,False,36,86,1.44,3.44,25.0,50,12,"ax,ay,az,gx,gy,gz,acc_mag,gyro_mag,jerk,roll,pitch,tilt_delta",20.0,25.0,uniform_20hz_time_interpolation_to_25hz,adl_sliding_capped,923,1153,,,dataset_unit_map,wrist,bits,m/s^2,rad/s,m/s^2,rad/s,1.0,1.0,True,test,non_fall,non_fall,0.00017456512432545424,none,forward,0.777096688747406
w25_00002574,bits,C:\Users\ADMIN\Desktop\ds-fall\data\raw\Dataset\adl\user39\user39_adl5.csv,C:\Users\ADMIN\Desktop\ds-fall\data\raw\Dataset,user39,user39_adl5,adl5,climbing_up_slowly,climbing_up_slowly,0,none,False,48,98,1.92,3.92,25.0,50,12,"ax,ay,az,gx,gy,gz,acc_mag,gyro_mag,jerk,roll,pitch,tilt_delta",20.0,25.0,uniform_20hz_time_interpolation_to_25hz,adl_sliding_capped,923,1153,,,dataset_unit_map,wrist,bits,m/s^2,rad/s,m/s^2,rad/s,1.0,1.0,True,test,non_fall,non_fall,7.096767512848601e-05,none,forward,0.7158612012863159
w25_00002575,bits,C:\Users\ADMIN\Desktop\ds-fall\data\raw\Dataset\adl\user39\user39_adl6.csv,C:\Users\ADMIN\Desktop\ds-fall\data\raw\Dataset,user39,user39_adl6,adl6,climbing_down_slowly,climbing_down_slowly,0,none,False,0,50,0.0,2.0,25.0,50,12,"ax,ay,az,gx,gy,gz,acc_mag,gyro_mag,jerk,roll,pitch,tilt_delta",20.0,25.0,uniform_20hz_time_interpolation_to_25hz,adl_sliding_capped,203,253,,,dataset_unit_map,wrist,bits,m/s^2,rad/s,m/s^2,rad/s,1.0,1.0,True,test,non_fall,non_fall,0.002802221802994609,none,backward,0.3791269063949585
w25_00002576,bits,C:\Users\ADMIN\Desktop\ds-fall\data\raw\Dataset\adl\user39\user39_adl6.csv,C:\Users\ADMIN\Desktop\ds-fall\data\raw\Dataset,user39,user39_adl6,adl6,climbing_down_slowly,climbing_down_slowly,0,none,False,12,62,0.48,2.48,25.0,50,12,"ax,ay,az,gx,gy,gz,acc_mag,gyro_mag,jerk,roll,pitch,tilt_delta",20.0,25.0,uniform_20hz_time_interpolation_to_25hz,adl_sliding_capped,203,253,,,dataset_unit_map,wrist,bits,m/s^2,rad/s,m/s^2,rad/s,1.0,1.0,True,test,non_fall,non_fall,0.0023782888893038034,none,forward,0.4230111837387085
w25_00002577,bits,C:\Users\ADMIN\Desktop\ds-fall\data\raw\Dataset\adl\user39\user39_adl6.csv,C:\Users\ADMIN\Desktop\ds-fall\data\raw\Dataset,user39,user39_adl6,adl6,climbing_down_slowly,climbing_down_slowly,0,none,False,24,74,0.96,2.96,25.0,50,12,"ax,ay,az,gx,gy,gz,acc_mag,gyro_mag,jerk,roll,pitch,tilt_delta",20.0,25.0,uniform_20hz_time_interpolation_to_25hz,adl_sliding_capped,203,253,,,dataset_unit_map,wrist,bits,m/s^2,rad/s,m/s^2,rad/s,1.0,1.0,True,test,non_fall,non_fall,0.0019228962482884526,none,forward,0.7731221914291382
w25_00002578,bits,C:\Users\ADMIN\Desktop\ds-fall\data\raw\Dataset\adl\user39\user39_adl6.csv,C:\Users\ADMIN\Desktop\ds-fall\data\raw\Dataset,user39,user39_adl6,adl6,climbing_down_slowly,climbing_down_slowly,0,none,False,36,86,1.44,3.44,25.0,50,12,"ax,ay,az,gx,gy,gz,acc_mag,gyro_mag,jerk,roll,pitch,tilt_delta",20.0,25.0,uniform_20hz_time_interpolation_to_25hz,adl_sliding_capped,203,253,,,dataset_unit_map,wrist,bits,m/s^2,rad/s,m/s^2,rad/s,1.0,1.0,True,test,non_fall,non_fall,0.0010414712596684694,none,forward,0.7440255284309387
w25_00002579,bits,C:\Users\ADMIN\Desktop\ds-fall\data\raw\Dataset\adl\user39\user39_adl6.csv,C:\Users\ADMIN\Desktop\ds-fall\data\raw\Dataset,user39,user39_adl6,adl6,climbing_down_slowly,climbing_down_slowly,0,none,False,48,98,1.92,3.92,25.0,50,12,"ax,ay,az,gx,gy,gz,acc_mag,gyro_mag,jerk,roll,pitch,tilt_delta",20.0,25.0,uniform_20hz_time_interpolation_to_25hz,adl_sliding_capped,203,253,,,dataset_unit_map,wrist,bits,m/s^2,rad/s,m/s^2,rad/s,1.0,1.0,True,test,non_fall,non_fall,0.000325153989251703,none,forward,0.7152636051177979
w25_00002580,bits,C:\Users\ADMIN\Desktop\ds-fall\data\raw\Dataset\adl\user39\user39_adl7.csv,C:\Users\ADMIN\Desktop\ds-fall\data\raw\Dataset,user39,user39_adl7,adl7,climbing_up_normally,climbing_up_normally,0,none,False,0,50,0.0,2.0,25.0,50,12,"ax,ay,az,gx,gy,gz,acc_mag,gyro_mag,jerk,roll,pitch,tilt_delta",20.0,25.0,uniform_20hz_time_interpolation_to_25hz,adl_sliding_capped,843,1053,,,dataset_unit_map,wrist,bits,m/s^2,rad/s,m/s^2,rad/s,1.0,1.0,True,test,non_fall,non_fall,0.0008026589057408273,none,forward,0.9323402047157288
w25_00002581,bits,C:\Users\ADMIN\Desktop\ds-fall\data\raw\Dataset\adl\user39\user39_adl7.csv,C:\Users\ADMIN\Desktop\ds-fall\data\raw\Dataset,user39,user39_adl7,adl7,climbing_up_normally,climbing_up_normally,0,none,False,12,62,0.48,2.48,25.0,50,12,"ax,ay,az,gx,gy,gz,acc_mag,gyro_mag,jerk,roll,pitch,tilt_delta",20.0,25.0,uniform_20hz_time_interpolation_to_25hz,adl_sliding_capped,843,1053,,,dataset_unit_map,wrist,bits,m/s^2,rad/s,m/s^2,rad/s,1.0,1.0,True,test,non_fall,non_fall,0.00039575115079060197,none,forward,0.9222256541252136
w25_00002582,bits,C:\Users\ADMIN\Desktop\ds-fall\data\raw\Dataset\adl\user39\user39_adl7.csv,C:\Users\ADMIN\Desktop\ds-fall\data\raw\Dataset,user39,user39_adl7,adl7,climbing_up_normally,climbing_up_normally,0,none,False,24,74,0.96,2.96,25.0,50,12,"ax,ay,az,gx,gy,gz,acc_mag,gyro_mag,jerk,roll,pitch,tilt_delta",20.0,25.0,uniform_20hz_time_interpolation_to_25hz,adl_sliding_capped,843,1053,,,dataset_unit_map,wrist,bits,m/s^2,rad/s,m/s^2,rad/s,1.0,1.0,True,test,non_fall,non_fall,0.0002775203320197761,none,forward,0.9330907464027405
w25_00002583,bits,C:\Users\ADMIN\Desktop\ds-fall\data\raw\Dataset\adl\user39\user39_adl7.csv,C:\Users\ADMIN\Desktop\ds-fall\data\raw\Dataset,user39,user39_adl7,adl7,climbing_up_normally,climbing_up_normally,0,none,False,36,86,1.44,3.44,25.0,50,12,"ax,ay,az,gx,gy,gz,acc_mag,gyro_mag,jerk,roll,pitch,tilt_delta",20.0,25.0,uniform_20hz_time_interpolation_to_25hz,adl_sliding_capped,843,1053,,,dataset_unit_map,wrist,bits,m/s^2,rad/s,m/s^2,rad/s,1.0,1.0,True,test,non_fall,non_fall,0.000251999736065045,none,forward,0.9298582077026367
w25_00002584,bits,C:\Users\ADMIN\Desktop\ds-fall\data\raw\Dataset\adl\user39\user39_adl7.csv,C:\Users\ADMIN\Desktop\ds-fall\data\raw\Dataset,user39,user39_adl7,adl7,climbing_up_normally,climbing_up_normally,0,none,False,48,98,1.92,3.92,25.0,50,12,"ax,ay,az,gx,gy,gz,acc_mag,gyro_mag,jerk,roll,pitch,tilt_delta",20.0,25.0,uniform_20hz_time_interpolation_to_25hz,adl_sliding_capped,843,1053,,,dataset_unit_map,wrist,bits,m/s^2,rad/s,m/s^2,rad/s,1.0,1.0,True,test,non_fall,non_fall,0.0003033231187146157,none,forward,0.8963003158569336
w25_00002585,bits,C:\Users\ADMIN\Desktop\ds-fall\data\raw\Dataset\adl\user39\user39_adl8.csv,C:\Users\ADMIN\Desktop\ds-fall\data\raw\Dataset,user39,user39_adl8,adl8,climbing_down_normally,climbing_down_normally,0,none,False,0,50,0.0,2.0,25.0,50,12,"ax,ay,az,gx,gy,gz,acc_mag,gyro_mag,jerk,roll,pitch,tilt_delta",20.0,25.0,uniform_20hz_time_interpolation_to_25hz,adl_sliding_capped,783,978,,,dataset_unit_map,wrist,bits,m/s^2,rad/s,m/s^2,rad/s,1.0,1.0,True,test,non_fall,non_fall,0.0023458872456103563,none,forward,0.8239002823829651
w25_00002586,bits,C:\Users\ADMIN\Desktop\ds-fall\data\raw\Dataset\adl\user39\user39_adl8.csv,C:\Users\ADMIN\Desktop\ds-fall\data\raw\Dataset,user39,user39_adl8,adl8,climbing_down_normally,climbing_down_normally,0,none,False,12,62,0.48,2.48,25.0,50,12,"ax,ay,az,gx,gy,gz,acc_mag,gyro_mag,jerk,roll,pitch,tilt_delta",20.0,25.0,uniform_20hz_time_interpolation_to_25hz,adl_sliding_capped,783,978,,,dataset_unit_map,wrist,bits,m/s^2,rad/s,m/s^2,rad/s,1.0,1.0,True,test,non_fall,non_fall,0.0020679207518696785,none,forward,0.8395296335220337
w25_00002587,bits,C:\Users\ADMIN\Desktop\ds-fall\data\raw\Dataset\adl\user39\user39_adl8.csv,C:\Users\ADMIN\Desktop\ds-fall\data\raw\Dataset,user39,user39_adl8,adl8,climbing_down_normally,climbing_down_normally,0,none,False,24,74,0.96,2.96,25.0,50,12,"ax,ay,az,gx,gy,gz,acc_mag,gyro_mag,jerk,roll,pitch,tilt_delta",20.0,25.0,uniform_20hz_time_interpolation_to_25hz,adl_sliding_capped,783,978,,,dataset_unit_map,wrist,bits,m/s^2,rad/s,m/s^2,rad/s,1.0,1.0,True,test,non_fall,non_fall,0.001453080796636641,none,forward,0.9112417101860046
w25_00002588,bits,C:\Users\ADMIN\Desktop\ds-fall\data\raw\Dataset\adl\user39\user39_adl8.csv,C:\Users\ADMIN\Desktop\ds-fall\data\raw\Dataset,user39,user39_adl8,adl8,climbing_down_normally,climbing_down_normally,0,none,False,36,86,1.44,3.44,25.0,50,12,"ax,ay,az,gx,gy,gz,acc_mag,gyro_mag,jerk,roll,pitch,tilt_delta",20.0,25.0,uniform_20hz_time_interpolation_to_25hz,adl_sliding_capped,783,978,,,dataset_unit_map,wrist,bits,m/s^2,rad/s,m/s^2,rad/s,1.0,1.0,True,test,non_fall,non_fall,0.0012898946879431605,none,forward,0.931712806224823
w25_00002589,bits,C:\Users\ADMIN\Desktop\ds-fall\data\raw\Dataset\adl\user39\user39_adl8.csv,C:\Users\ADMIN\Desktop\ds-fall\data\raw\Dataset,user39,user39_adl8,adl8,climbing_down_normally,climbing_down_normally,0,none,False,48,98,1.92,3.92,25.0,50,12,"ax,ay,az,gx,gy,gz,acc_mag,gyro_mag,jerk,roll,pitch,tilt_delta",20.0,25.0,uniform_20hz_time_interpolation_to_25hz,adl_sliding_capped,783,978,,,dataset_unit_map,wrist,bits,m/s^2,rad/s,m/s^2,rad/s,1.0,1.0,True,test,non_fall,non_fall,0.000745327677577734,none,forward,0.9361310005187988
w25_00002590,bits,C:\Users\ADMIN\Desktop\ds-fall\data\raw\Dataset\adl\user39\user39_adl9.csv,C:\Users\ADMIN\Desktop\ds-fall\data\raw\Dataset,user39,user39_adl9,adl9,slowly_sitting_on_chair,slowly_sitting_on_chair,0,none,False,0,50,0.0,2.0,25.0,50,12,"ax,ay,az,gx,gy,gz,acc_mag,gyro_mag,jerk,roll,pitch,tilt_delta",20.0,25.0,uniform_20hz_time_interpolation_to_25hz,adl_sliding_capped,157,196,,,dataset_unit_map,wrist,bits,m/s^2,rad/s,m/s^2,rad/s,1.0,1.0,True,test,non_fall,non_fall,0.002592416713014245,none,forward,0.7590500712394714
w25_00002591,bits,C:\Users\ADMIN\Desktop\ds-fall\data\raw\Dataset\adl\user39\user39_adl9.csv,C:\Users\ADMIN\Desktop\ds-fall\data\raw\Dataset,user39,user39_adl9,adl9,slowly_sitting_on_chair,slowly_sitting_on_chair,0,none,False,12,62,0.48,2.48,25.0,50,12,"ax,ay,az,gx,gy,gz,acc_mag,gyro_mag,jerk,roll,pitch,tilt_delta",20.0,25.0,uniform_20hz_time_interpolation_to_25hz,adl_sliding_capped,157,196,,,dataset_unit_map,wrist,bits,m/s^2,rad/s,m/s^2,rad/s,1.0,1.0,True,test,non_fall,non_fall,0.0026911564636975527,none,forward,0.7547430992126465
w25_00002592,bits,C:\Users\ADMIN\Desktop\ds-fall\data\raw\Dataset\adl\user39\user39_adl9.csv,C:\Users\ADMIN\Desktop\ds-fall\data\raw\Dataset,user39,user39_adl9,adl9,slowly_sitting_on_chair,slowly_sitting_on_chair,0,none,False,24,74,0.96,2.96,25.0,50,12,"ax,ay,az,gx,gy,gz,acc_mag,gyro_mag,jerk,roll,pitch,tilt_delta",20.0,25.0,uniform_20hz_time_interpolation_to_25hz,adl_sliding_capped,157,196,,,dataset_unit_map,wrist,bits,m/s^2,rad/s,m/s^2,rad/s,1.0,1.0,True,test,non_fall,non_fall,0.0027751773595809937,none,forward,0.7642759084701538
w25_00002593,bits,C:\Users\ADMIN\Desktop\ds-fall\data\raw\Dataset\adl\user39\user39_adl9.csv,C:\Users\ADMIN\Desktop\ds-fall\data\raw\Dataset,user39,user39_adl9,adl9,slowly_sitting_on_chair,slowly_sitting_on_chair,0,none,False,36,86,1.44,3.44,25.0,50,12,"ax,ay,az,gx,gy,gz,acc_mag,gyro_mag,jerk,roll,pitch,tilt_delta",20.0,25.0,uniform_20hz_time_interpolation_to_25hz,adl_sliding_capped,157,196,,,dataset_unit_map,wrist,bits,m/s^2,rad/s,m/s^2,rad/s,1.0,1.0,True,test,non_fall,non_fall,0.007883547805249691,none,forward,0.7052846550941467
w25_00002594,bits,C:\Users\ADMIN\Desktop\ds-fall\data\raw\Dataset\adl\user39\user39_adl9.csv,C:\Users\ADMIN\Desktop\ds-fall\data\raw\Dataset,user39,user39_adl9,adl9,slowly_sitting_on_chair,slowly_sitting_on_chair,0,none,False,48,98,1.92,3.92,25.0,50,12,"ax,ay,az,gx,gy,gz,acc_mag,gyro_mag,jerk,roll,pitch,tilt_delta",20.0,25.0,uniform_20hz_time_interpolation_to_25hz,adl_sliding_capped,157,196,,,dataset_unit_map,wrist,bits,m/s^2,rad/s,m/s^2,rad/s,1.0,1.0,True,test,non_fall,non_fall,0.012749760411679745,none,forward,0.735705554485321
w25_00003296,bits,C:\Users\ADMIN\Desktop\ds-fall\data\raw\Dataset\fall\user17\user17_fall1.csv,C:\Users\ADMIN\Desktop\ds-fall\data\raw\Dataset,user17,user17_fall1,fall1,forward_fall_landing_on_knee,forward_fall_landing_on_knee,1,forward,True,116,166,4.64,6.64,25.0,50,12,"ax,ay,az,gx,gy,gz,acc_mag,gyro_mag,jerk,roll,pitch,tilt_delta",20.0,25.0,uniform_20hz_time_interpolation_to_25hz,impact_peak_centered_label_by_activity,180,224,,,dataset_unit_map,wrist,bits,m/s^2,rad/s,m/s^2,rad/s,1.0,1.0,True,test,fall,fall,0.9999971389770508,forward,forward,0.9604849815368652
w25_00003297,bits,C:\Users\ADMIN\Desktop\ds-fall\data\raw\Dataset\fall\user17\user17_fall2.csv,C:\Users\ADMIN\Desktop\ds-fall\data\raw\Dataset,user17,user17_fall2,fall2,right_fall,right_fall,1,lateral,True,38,88,1.52,3.52,25.0,50,12,"ax,ay,az,gx,gy,gz,acc_mag,gyro_mag,jerk,roll,pitch,tilt_delta",20.0,25.0,uniform_20hz_time_interpolation_to_25hz,impact_peak_centered_label_by_activity,479,598,,,dataset_unit_map,wrist,bits,m/s^2,rad/s,m/s^2,rad/s,1.0,1.0,True,test,fall,fall,1.0,lateral,forward,0.6477867364883423
w25_00003298,bits,C:\Users\ADMIN\Desktop\ds-fall\data\raw\Dataset\fall\user17\user17_fall3.csv,C:\Users\ADMIN\Desktop\ds-fall\data\raw\Dataset,user17,user17_fall3,fall3,left_fall,left_fall,1,lateral,True,37,87,1.48,3.48,25.0,50,12,"ax,ay,az,gx,gy,gz,acc_mag,gyro_mag,jerk,roll,pitch,tilt_delta",20.0,25.0,uniform_20hz_time_interpolation_to_25hz,impact_peak_centered_label_by_activity,1145,1431,,,dataset_unit_map,wrist,bits,m/s^2,rad/s,m/s^2,rad/s,1.0,1.0,True,test,fall,fall,0.9998171925544739,lateral,lateral,0.536395251750946
w25_00003299,bits,C:\Users\ADMIN\Desktop\ds-fall\data\raw\Dataset\fall\user17\user17_fall4.csv,C:\Users\ADMIN\Desktop\ds-fall\data\raw\Dataset,user17,user17_fall4,fall4,forward_fall,forward_fall,1,forward,True,59,109,2.36,4.36,25.0,50,12,"ax,ay,az,gx,gy,gz,acc_mag,gyro_mag,jerk,roll,pitch,tilt_delta",20.0,25.0,uniform_20hz_time_interpolation_to_25hz,impact_peak_centered_label_by_activity,391,488,,,dataset_unit_map,wrist,bits,m/s^2,rad/s,m/s^2,rad/s,1.0,1.0,True,test,fall,fall,0.9999998807907104,forward,forward,0.9522081613540649
w25_00003300,bits,C:\Users\ADMIN\Desktop\ds-fall\data\raw\Dataset\fall\user17\user17_fall5.csv,C:\Users\ADMIN\Desktop\ds-fall\data\raw\Dataset,user17,user17_fall5,fall5,seated_on_bed_falling_on_ground,seated_on_bed_falling_on_ground,1,other,False,166,216,6.64,8.64,25.0,50,12,"ax,ay,az,gx,gy,gz,acc_mag,gyro_mag,jerk,roll,pitch,tilt_delta",20.0,25.0,uniform_20hz_time_interpolation_to_25hz,impact_peak_centered_label_by_activity,1233,1541,,,dataset_unit_map,wrist,bits,m/s^2,rad/s,m/s^2,rad/s,1.0,1.0,True,test,fall,fall,0.9726991653442383,none,forward,0.5310304164886475
w25_00003301,bits,C:\Users\ADMIN\Desktop\ds-fall\data\raw\Dataset\fall\user17\user17_fall6.csv,C:\Users\ADMIN\Desktop\ds-fall\data\raw\Dataset,user17,user17_fall6,fall6,forward_fall_body_weight_on_hand,forward_fall_body_weight_on_hand,1,forward,True,135,185,5.4,7.4,25.0,50,12,"ax,ay,az,gx,gy,gz,acc_mag,gyro_mag,jerk,roll,pitch,tilt_delta",20.0,25.0,uniform_20hz_time_interpolation_to_25hz,impact_peak_centered_label_by_activity,702,877,,,dataset_unit_map,wrist,bits,m/s^2,rad/s,m/s^2,rad/s,1.0,1.0,True,test,fall,fall,1.0,forward,forward,0.974138081073761
w25_00003302,bits,C:\Users\ADMIN\Desktop\ds-fall\data\raw\Dataset\fall\user17\user17_fall7.csv,C:\Users\ADMIN\Desktop\ds-fall\data\raw\Dataset,user17,user17_fall7,fall7,backward_fall_from_seated,backward_fall_from_seated,1,backward,True,231,281,9.24,11.24,25.0,50,12,"ax,ay,az,gx,gy,gz,acc_mag,gyro_mag,jerk,roll,pitch,tilt_delta",20.0,25.0,uniform_20hz_time_interpolation_to_25hz,impact_peak_centered_label_by_activity,331,413,,,dataset_unit_map,wrist,bits,m/s^2,rad/s,m/s^2,rad/s,1.0,1.0,True,test,fall,fall,0.9997827410697937,backward,backward,0.728561282157898
w25_00003303,bits,C:\Users\ADMIN\Desktop\ds-fall\data\raw\Dataset\fall\user17\user17_fall8.csv,C:\Users\ADMIN\Desktop\ds-fall\data\raw\Dataset,user17,user17_fall8,fall8,grabbing_while_falling,grabbing_while_falling,1,other,False,119,169,4.76,6.76,25.0,50,12,"ax,ay,az,gx,gy,gz,acc_mag,gyro_mag,jerk,roll,pitch,tilt_delta",20.0,25.0,uniform_20hz_time_interpolation_to_25hz,impact_peak_centered_label_by_activity,1179,1473,,,dataset_unit_map,wrist,bits,m/s^2,rad/s,m/s^2,rad/s,1.0,1.0,True,test,fall,fall,0.9999998807907104,none,forward,0.6119717955589294
w25_00003384,bits,C:\Users\ADMIN\Desktop\ds-fall\data\raw\Dataset\fall\user27\user27_fall1.csv,C:\Users\ADMIN\Desktop\ds-fall\data\raw\Dataset,user27,user27_fall1,fall1,forward_fall_landing_on_knee,forward_fall_landing_on_knee,1,forward,True,120,170,4.8,6.8,25.0,50,12,"ax,ay,az,gx,gy,gz,acc_mag,gyro_mag,jerk,roll,pitch,tilt_delta",20.0,25.0,uniform_20hz_time_interpolation_to_25hz,impact_peak_centered_label_by_activity,177,221,,,dataset_unit_map,wrist,bits,m/s^2,rad/s,m/s^2,rad/s,1.0,1.0,True,test,fall,non_fall,0.0003387923934496939,forward,forward,0.9352679252624512
w25_00003385,bits,C:\Users\ADMIN\Desktop\ds-fall\data\raw\Dataset\fall\user27\user27_fall2.csv,C:\Users\ADMIN\Desktop\ds-fall\data\raw\Dataset,user27,user27_fall2,fall2,right_fall,right_fall,1,lateral,True,229,279,9.16,11.16,25.0,50,12,"ax,ay,az,gx,gy,gz,acc_mag,gyro_mag,jerk,roll,pitch,tilt_delta",20.0,25.0,uniform_20hz_time_interpolation_to_25hz,impact_peak_centered_label_by_activity,756,944,,,dataset_unit_map,wrist,bits,m/s^2,rad/s,m/s^2,rad/s,1.0,1.0,True,test,fall,fall,0.9999971389770508,lateral,forward,0.6288401484489441
w25_00003386,bits,C:\Users\ADMIN\Desktop\ds-fall\data\raw\Dataset\fall\user27\user27_fall3.csv,C:\Users\ADMIN\Desktop\ds-fall\data\raw\Dataset,user27,user27_fall3,fall3,left_fall,left_fall,1,lateral,True,211,261,8.44,10.44,25.0,50,12,"ax,ay,az,gx,gy,gz,acc_mag,gyro_mag,jerk,roll,pitch,tilt_delta",20.0,25.0,uniform_20hz_time_interpolation_to_25hz,impact_peak_centered_label_by_activity,529,661,,,dataset_unit_map,wrist,bits,m/s^2,rad/s,m/s^2,rad/s,1.0,1.0,True,test,fall,fall,0.9999997615814209,lateral,lateral,0.9055191278457642
w25_00003387,bits,C:\Users\ADMIN\Desktop\ds-fall\data\raw\Dataset\fall\user27\user27_fall4.csv,C:\Users\ADMIN\Desktop\ds-fall\data\raw\Dataset,user27,user27_fall4,fall4,forward_fall,forward_fall,1,forward,True,234,284,9.36,11.36,25.0,50,12,"ax,ay,az,gx,gy,gz,acc_mag,gyro_mag,jerk,roll,pitch,tilt_delta",20.0,25.0,uniform_20hz_time_interpolation_to_25hz,impact_peak_centered_label_by_activity,244,304,,,dataset_unit_map,wrist,bits,m/s^2,rad/s,m/s^2,rad/s,1.0,1.0,True,test,fall,fall,0.9999829530715942,forward,lateral,0.525153636932373
w25_00003388,bits,C:\Users\ADMIN\Desktop\ds-fall\data\raw\Dataset\fall\user27\user27_fall5.csv,C:\Users\ADMIN\Desktop\ds-fall\data\raw\Dataset,user27,user27_fall5,fall5,seated_on_bed_falling_on_ground,seated_on_bed_falling_on_ground,1,other,False,210,260,8.4,10.4,25.0,50,12,"ax,ay,az,gx,gy,gz,acc_mag,gyro_mag,jerk,roll,pitch,tilt_delta",20.0,25.0,uniform_20hz_time_interpolation_to_25hz,impact_peak_centered_label_by_activity,241,301,,,dataset_unit_map,wrist,bits,m/s^2,rad/s,m/s^2,rad/s,1.0,1.0,True,test,fall,fall,0.9977275729179382,none,backward,0.7658796906471252
w25_00003389,bits,C:\Users\ADMIN\Desktop\ds-fall\data\raw\Dataset\fall\user27\user27_fall6.csv,C:\Users\ADMIN\Desktop\ds-fall\data\raw\Dataset,user27,user27_fall6,fall6,forward_fall_body_weight_on_hand,forward_fall_body_weight_on_hand,1,forward,True,190,240,7.6,9.6,25.0,50,12,"ax,ay,az,gx,gy,gz,acc_mag,gyro_mag,jerk,roll,pitch,tilt_delta",20.0,25.0,uniform_20hz_time_interpolation_to_25hz,impact_peak_centered_label_by_activity,272,339,,,dataset_unit_map,wrist,bits,m/s^2,rad/s,m/s^2,rad/s,1.0,1.0,True,test,fall,fall,0.999993085861206,forward,forward,0.8578065037727356
w25_00003390,bits,C:\Users\ADMIN\Desktop\ds-fall\data\raw\Dataset\fall\user27\user27_fall7.csv,C:\Users\ADMIN\Desktop\ds-fall\data\raw\Dataset,user27,user27_fall7,fall7,backward_fall_from_seated,backward_fall_from_seated,1,backward,True,236,286,9.44,11.44,25.0,50,12,"ax,ay,az,gx,gy,gz,acc_mag,gyro_mag,jerk,roll,pitch,tilt_delta",20.0,25.0,uniform_20hz_time_interpolation_to_25hz,impact_peak_centered_label_by_activity,241,301,,,dataset_unit_map,wrist,bits,m/s^2,rad/s,m/s^2,rad/s,1.0,1.0,True,test,fall,non_fall,0.009896209463477135,backward,backward,0.704359769821167
w25_00003391,bits,C:\Users\ADMIN\Desktop\ds-fall\data\raw\Dataset\fall\user27\user27_fall8.csv,C:\Users\ADMIN\Desktop\ds-fall\data\raw\Dataset,user27,user27_fall8,fall8,grabbing_while_falling,grabbing_while_falling,1,other,False,199,249,7.96,9.96,25.0,50,12,"ax,ay,az,gx,gy,gz,acc_mag,gyro_mag,jerk,roll,pitch,tilt_delta",20.0,25.0,uniform_20hz_time_interpolation_to_25hz,impact_peak_centered_label_by_activity,496,619,,,dataset_unit_map,wrist,bits,m/s^2,rad/s,m/s^2,rad/s,1.0,1.0,True,test,fall,fall,0.9999874830245972,none,forward,0.6607164740562439
w25_00003400,bits,C:\Users\ADMIN\Desktop\ds-fall\data\raw\Dataset\fall\user29\user29_fall1.csv,C:\Users\ADMIN\Desktop\ds-fall\data\raw\Dataset,user29,user29_fall1,fall1,forward_fall_landing_on_knee,forward_fall_landing_on_knee,1,forward,True,222,272,8.88,10.88,25.0,50,12,"ax,ay,az,gx,gy,gz,acc_mag,gyro_mag,jerk,roll,pitch,tilt_delta",20.0,25.0,uniform_20hz_time_interpolation_to_25hz,impact_peak_centered_label_by_activity,1252,1564,,,dataset_unit_map,wrist,bits,m/s^2,rad/s,m/s^2,rad/s,1.0,1.0,True,test,fall,fall,0.9999831914901733,forward,lateral,0.9487267732620239
w25_00003401,bits,C:\Users\ADMIN\Desktop\ds-fall\data\raw\Dataset\fall\user29\user29_fall2.csv,C:\Users\ADMIN\Desktop\ds-fall\data\raw\Dataset,user29,user29_fall2,fall2,right_fall,right_fall,1,lateral,True,255,305,10.2,12.2,25.0,50,12,"ax,ay,az,gx,gy,gz,acc_mag,gyro_mag,jerk,roll,pitch,tilt_delta",20.0,25.0,uniform_20hz_time_interpolation_to_25hz,impact_peak_centered_label_by_activity,728,909,,,dataset_unit_map,wrist,bits,m/s^2,rad/s,m/s^2,rad/s,1.0,1.0,True,test,fall,fall,0.9856908917427063,lateral,lateral,0.8600101470947266
w25_00003402,bits,C:\Users\ADMIN\Desktop\ds-fall\data\raw\Dataset\fall\user29\user29_fall3.csv,C:\Users\ADMIN\Desktop\ds-fall\data\raw\Dataset,user29,user29_fall3,fall3,left_fall,left_fall,1,lateral,True,187,237,7.48,9.48,25.0,50,12,"ax,ay,az,gx,gy,gz,acc_mag,gyro_mag,jerk,roll,pitch,tilt_delta",20.0,25.0,uniform_20hz_time_interpolation_to_25hz,impact_peak_centered_label_by_activity,727,908,,,dataset_unit_map,wrist,bits,m/s^2,rad/s,m/s^2,rad/s,1.0,1.0,True,test,fall,fall,0.9993535876274109,lateral,forward,0.5501543283462524
w25_00003403,bits,C:\Users\ADMIN\Desktop\ds-fall\data\raw\Dataset\fall\user29\user29_fall4.csv,C:\Users\ADMIN\Desktop\ds-fall\data\raw\Dataset,user29,user29_fall4,fall4,forward_fall,forward_fall,1,forward,True,186,236,7.44,9.44,25.0,50,12,"ax,ay,az,gx,gy,gz,acc_mag,gyro_mag,jerk,roll,pitch,tilt_delta",20.0,25.0,uniform_20hz_time_interpolation_to_25hz,impact_peak_centered_label_by_activity,199,248,,,dataset_unit_map,wrist,bits,m/s^2,rad/s,m/s^2,rad/s,1.0,1.0,True,test,fall,fall,0.9999804496765137,forward,lateral,0.644406259059906
w25_00003404,bits,C:\Users\ADMIN\Desktop\ds-fall\data\raw\Dataset\fall\user29\user29_fall5.csv,C:\Users\ADMIN\Desktop\ds-fall\data\raw\Dataset,user29,user29_fall5,fall5,seated_on_bed_falling_on_ground,seated_on_bed_falling_on_ground,1,other,False,244,294,9.76,11.76,25.0,50,12,"ax,ay,az,gx,gy,gz,acc_mag,gyro_mag,jerk,roll,pitch,tilt_delta",20.0,25.0,uniform_20hz_time_interpolation_to_25hz,impact_peak_centered_label_by_activity,546,682,,,dataset_unit_map,wrist,bits,m/s^2,rad/s,m/s^2,rad/s,1.0,1.0,True,test,fall,fall,0.9999598264694214,none,backward,0.4895488917827606
w25_00003405,bits,C:\Users\ADMIN\Desktop\ds-fall\data\raw\Dataset\fall\user29\user29_fall6.csv,C:\Users\ADMIN\Desktop\ds-fall\data\raw\Dataset,user29,user29_fall6,fall6,forward_fall_body_weight_on_hand,forward_fall_body_weight_on_hand,1,forward,True,211,261,8.44,10.44,25.0,50,12,"ax,ay,az,gx,gy,gz,acc_mag,gyro_mag,jerk,roll,pitch,tilt_delta",20.0,25.0,uniform_20hz_time_interpolation_to_25hz,impact_peak_centered_label_by_activity,577,721,,,dataset_unit_map,wrist,bits,m/s^2,rad/s,m/s^2,rad/s,1.0,1.0,True,test,fall,fall,0.9998730421066284,forward,forward,0.9489214420318604
w25_00003406,bits,C:\Users\ADMIN\Desktop\ds-fall\data\raw\Dataset\fall\user29\user29_fall7.csv,C:\Users\ADMIN\Desktop\ds-fall\data\raw\Dataset,user29,user29_fall7,fall7,backward_fall_from_seated,backward_fall_from_seated,1,backward,True,232,282,9.28,11.28,25.0,50,12,"ax,ay,az,gx,gy,gz,acc_mag,gyro_mag,jerk,roll,pitch,tilt_delta",20.0,25.0,uniform_20hz_time_interpolation_to_25hz,impact_peak_centered_label_by_activity,1305,1631,,,dataset_unit_map,wrist,bits,m/s^2,rad/s,m/s^2,rad/s,1.0,1.0,True,test,fall,non_fall,0.02229982241988182,backward,backward,0.7574177980422974
w25_00003407,bits,C:\Users\ADMIN\Desktop\ds-fall\data\raw\Dataset\fall\user29\user29_fall8.csv,C:\Users\ADMIN\Desktop\ds-fall\data\raw\Dataset,user29,user29_fall8,fall8,grabbing_while_falling,grabbing_while_falling,1,other,False,250,300,10.0,12.0,25.0,50,12,"ax,ay,az,gx,gy,gz,acc_mag,gyro_mag,jerk,roll,pitch,tilt_delta",20.0,25.0,uniform_20hz_time_interpolation_to_25hz,impact_peak_centered_label_by_activity,879,1098,,,dataset_unit_map,wrist,bits,m/s^2,rad/s,m/s^2,rad/s,1.0,1.0,True,test,fall,fall,0.9998829364776611,none,backward,0.6793253421783447
w25_00003424,bits,C:\Users\ADMIN\Desktop\ds-fall\data\raw\Dataset\fall\user31\user31_.fall1.csv,C:\Users\ADMIN\Desktop\ds-fall\data\raw\Dataset,user31,user31_.fall1,fall1,forward_fall_landing_on_knee,forward_fall_landing_on_knee,1,forward,True,133,183,5.32,7.32,25.0,50,12,"ax,ay,az,gx,gy,gz,acc_mag,gyro_mag,jerk,roll,pitch,tilt_delta",20.0,25.0,uniform_20hz_time_interpolation_to_25hz,impact_peak_centered_label_by_activity,181,226,,,dataset_unit_map,wrist,bits,m/s^2,rad/s,m/s^2,rad/s,1.0,1.0,True,test,fall,fall,0.8145099878311157,forward,forward,0.9647672772407532
w25_00003425,bits,C:\Users\ADMIN\Desktop\ds-fall\data\raw\Dataset\fall\user31\user31_.fall3.csv,C:\Users\ADMIN\Desktop\ds-fall\data\raw\Dataset,user31,user31_.fall3,fall3,left_fall,left_fall,1,lateral,True,162,212,6.48,8.48,25.0,50,12,"ax,ay,az,gx,gy,gz,acc_mag,gyro_mag,jerk,roll,pitch,tilt_delta",20.0,25.0,uniform_20hz_time_interpolation_to_25hz,impact_peak_centered_label_by_activity,328,409,,,dataset_unit_map,wrist,bits,m/s^2,rad/s,m/s^2,rad/s,1.0,1.0,True,test,fall,fall,0.8025410771369934,lateral,lateral,0.725451648235321
w25_00003426,bits,C:\Users\ADMIN\Desktop\ds-fall\data\raw\Dataset\fall\user31\user31_.fall4.csv,C:\Users\ADMIN\Desktop\ds-fall\data\raw\Dataset,user31,user31_.fall4,fall4,forward_fall,forward_fall,1,forward,True,207,257,8.28,10.28,25.0,50,12,"ax,ay,az,gx,gy,gz,acc_mag,gyro_mag,jerk,roll,pitch,tilt_delta",20.0,25.0,uniform_20hz_time_interpolation_to_25hz,impact_peak_centered_label_by_activity,379,473,,,dataset_unit_map,wrist,bits,m/s^2,rad/s,m/s^2,rad/s,1.0,1.0,True,test,fall,fall,0.9999617338180542,forward,forward,0.9290063977241516
w25_00003427,bits,C:\Users\ADMIN\Desktop\ds-fall\data\raw\Dataset\fall\user31\user31_.fall6.csv,C:\Users\ADMIN\Desktop\ds-fall\data\raw\Dataset,user31,user31_.fall6,fall6,forward_fall_body_weight_on_hand,forward_fall_body_weight_on_hand,1,forward,True,172,222,6.88,8.88,25.0,50,12,"ax,ay,az,gx,gy,gz,acc_mag,gyro_mag,jerk,roll,pitch,tilt_delta",20.0,25.0,uniform_20hz_time_interpolation_to_25hz,impact_peak_centered_label_by_activity,378,472,,,dataset_unit_map,wrist,bits,m/s^2,rad/s,m/s^2,rad/s,1.0,1.0,True,test,fall,fall,0.9999992847442627,forward,forward,0.9702520370483398
w25_00003428,bits,C:\Users\ADMIN\Desktop\ds-fall\data\raw\Dataset\fall\user31\user31_fall2.csv,C:\Users\ADMIN\Desktop\ds-fall\data\raw\Dataset,user31,user31_fall2,fall2,right_fall,right_fall,1,lateral,True,131,181,5.24,7.24,25.0,50,12,"ax,ay,az,gx,gy,gz,acc_mag,gyro_mag,jerk,roll,pitch,tilt_delta",20.0,25.0,uniform_20hz_time_interpolation_to_25hz,impact_peak_centered_label_by_activity,698,872,,,dataset_unit_map,wrist,bits,m/s^2,rad/s,m/s^2,rad/s,1.0,1.0,True,test,fall,fall,0.9969468712806702,lateral,forward,0.4505860507488251
w25_00003429,bits,C:\Users\ADMIN\Desktop\ds-fall\data\raw\Dataset\fall\user31\user31_fall5.csv,C:\Users\ADMIN\Desktop\ds-fall\data\raw\Dataset,user31,user31_fall5,fall5,seated_on_bed_falling_on_ground,seated_on_bed_falling_on_ground,1,other,False,165,215,6.6,8.6,25.0,50,12,"ax,ay,az,gx,gy,gz,acc_mag,gyro_mag,jerk,roll,pitch,tilt_delta",20.0,25.0,uniform_20hz_time_interpolation_to_25hz,impact_peak_centered_label_by_activity,479,598,,,dataset_unit_map,wrist,bits,m/s^2,rad/s,m/s^2,rad/s,1.0,1.0,True,test,fall,non_fall,0.5085418224334717,none,backward,0.38573288917541504
w25_00003430,bits,C:\Users\ADMIN\Desktop\ds-fall\data\raw\Dataset\fall\user31\user31_fall7.csv,C:\Users\ADMIN\Desktop\ds-fall\data\raw\Dataset,user31,user31_fall7,fall7,backward_fall_from_seated,backward_fall_from_seated,1,backward,True,195,245,7.8,9.8,25.0,50,12,"ax,ay,az,gx,gy,gz,acc_mag,gyro_mag,jerk,roll,pitch,tilt_delta",20.0,25.0,uniform_20hz_time_interpolation_to_25hz,impact_peak_centered_label_by_activity,281,351,,,dataset_unit_map,wrist,bits,m/s^2,rad/s,m/s^2,rad/s,1.0,1.0,True,test,fall,fall,0.9953155517578125,backward,backward,0.9187291264533997
w25_00003431,bits,C:\Users\ADMIN\Desktop\ds-fall\data\raw\Dataset\fall\user31\user31_fall8.csv,C:\Users\ADMIN\Desktop\ds-fall\data\raw\Dataset,user31,user31_fall8,fall8,grabbing_while_falling,grabbing_while_falling,1,other,False,151,201,6.04,8.04,25.0,50,12,"ax,ay,az,gx,gy,gz,acc_mag,gyro_mag,jerk,roll,pitch,tilt_delta",20.0,25.0,uniform_20hz_time_interpolation_to_25hz,impact_peak_centered_label_by_activity,277,346,,,dataset_unit_map,wrist,bits,m/s^2,rad/s,m/s^2,rad/s,1.0,1.0,True,test,fall,fall,0.9999629259109497,none,backward,0.6963316798210144
w25_00003464,bits,C:\Users\ADMIN\Desktop\ds-fall\data\raw\Dataset\fall\user36\user36_fall1.csv,C:\Users\ADMIN\Desktop\ds-fall\data\raw\Dataset,user36,user36_fall1,fall1,forward_fall_landing_on_knee,forward_fall_landing_on_knee,1,forward,True,137,187,5.48,7.48,25.0,50,12,"ax,ay,az,gx,gy,gz,acc_mag,gyro_mag,jerk,roll,pitch,tilt_delta",20.0,25.0,uniform_20hz_time_interpolation_to_25hz,impact_peak_centered_label_by_activity,183,228,,,dataset_unit_map,wrist,bits,m/s^2,rad/s,m/s^2,rad/s,1.0,1.0,True,test,fall,fall,0.9999212026596069,forward,forward,0.8435386419296265
w25_00003465,bits,C:\Users\ADMIN\Desktop\ds-fall\data\raw\Dataset\fall\user36\user36_fall2.csv,C:\Users\ADMIN\Desktop\ds-fall\data\raw\Dataset,user36,user36_fall2,fall2,right_fall,right_fall,1,lateral,True,204,254,8.16,10.16,25.0,50,12,"ax,ay,az,gx,gy,gz,acc_mag,gyro_mag,jerk,roll,pitch,tilt_delta",20.0,25.0,uniform_20hz_time_interpolation_to_25hz,impact_peak_centered_label_by_activity,204,254,,,dataset_unit_map,wrist,bits,m/s^2,rad/s,m/s^2,rad/s,1.0,1.0,True,test,fall,non_fall,0.010840709321200848,lateral,lateral,0.9227524995803833
w25_00003466,bits,C:\Users\ADMIN\Desktop\ds-fall\data\raw\Dataset\fall\user36\user36_fall3.csv,C:\Users\ADMIN\Desktop\ds-fall\data\raw\Dataset,user36,user36_fall3,fall3,left_fall,left_fall,1,lateral,True,190,240,7.6,9.6,25.0,50,12,"ax,ay,az,gx,gy,gz,acc_mag,gyro_mag,jerk,roll,pitch,tilt_delta",20.0,25.0,uniform_20hz_time_interpolation_to_25hz,impact_peak_centered_label_by_activity,364,454,,,dataset_unit_map,wrist,bits,m/s^2,rad/s,m/s^2,rad/s,1.0,1.0,True,test,fall,fall,0.9035230278968811,lateral,lateral,0.9415062665939331
w25_00003467,bits,C:\Users\ADMIN\Desktop\ds-fall\data\raw\Dataset\fall\user36\user36_fall4.csv,C:\Users\ADMIN\Desktop\ds-fall\data\raw\Dataset,user36,user36_fall4,fall4,forward_fall,forward_fall,1,forward,True,92,142,3.68,5.68,25.0,50,12,"ax,ay,az,gx,gy,gz,acc_mag,gyro_mag,jerk,roll,pitch,tilt_delta",20.0,25.0,uniform_20hz_time_interpolation_to_25hz,impact_peak_centered_label_by_activity,222,277,,,dataset_unit_map,wrist,bits,m/s^2,rad/s,m/s^2,rad/s,1.0,1.0,True,test,fall,fall,1.0,forward,forward,0.9350144267082214
w25_00003468,bits,C:\Users\ADMIN\Desktop\ds-fall\data\raw\Dataset\fall\user36\user36_fall5.csv,C:\Users\ADMIN\Desktop\ds-fall\data\raw\Dataset,user36,user36_fall5,fall5,seated_on_bed_falling_on_ground,seated_on_bed_falling_on_ground,1,other,False,165,215,6.6,8.6,25.0,50,12,"ax,ay,az,gx,gy,gz,acc_mag,gyro_mag,jerk,roll,pitch,tilt_delta",20.0,25.0,uniform_20hz_time_interpolation_to_25hz,impact_peak_centered_label_by_activity,1251,1563,,,dataset_unit_map,wrist,bits,m/s^2,rad/s,m/s^2,rad/s,1.0,1.0,True,test,fall,non_fall,0.019823472946882248,none,backward,0.7305374145507812
w25_00003469,bits,C:\Users\ADMIN\Desktop\ds-fall\data\raw\Dataset\fall\user36\user36_fall6.csv,C:\Users\ADMIN\Desktop\ds-fall\data\raw\Dataset,user36,user36_fall6,fall6,forward_fall_body_weight_on_hand,forward_fall_body_weight_on_hand,1,forward,True,136,186,5.44,7.44,25.0,50,12,"ax,ay,az,gx,gy,gz,acc_mag,gyro_mag,jerk,roll,pitch,tilt_delta",20.0,25.0,uniform_20hz_time_interpolation_to_25hz,impact_peak_centered_label_by_activity,244,304,,,dataset_unit_map,wrist,bits,m/s^2,rad/s,m/s^2,rad/s,1.0,1.0,True,test,fall,fall,1.0,forward,forward,0.9407592415809631
w25_00003470,bits,C:\Users\ADMIN\Desktop\ds-fall\data\raw\Dataset\fall\user36\user36_fall7.csv,C:\Users\ADMIN\Desktop\ds-fall\data\raw\Dataset,user36,user36_fall7,fall7,backward_fall_from_seated,backward_fall_from_seated,1,backward,True,145,195,5.8,7.8,25.0,50,12,"ax,ay,az,gx,gy,gz,acc_mag,gyro_mag,jerk,roll,pitch,tilt_delta",20.0,25.0,uniform_20hz_time_interpolation_to_25hz,impact_peak_centered_label_by_activity,518,647,,,dataset_unit_map,wrist,bits,m/s^2,rad/s,m/s^2,rad/s,1.0,1.0,True,test,fall,fall,0.9982219338417053,backward,backward,0.9134176969528198
w25_00003471,bits,C:\Users\ADMIN\Desktop\ds-fall\data\raw\Dataset\fall\user36\user36_fall8.csv,C:\Users\ADMIN\Desktop\ds-fall\data\raw\Dataset,user36,user36_fall8,fall8,grabbing_while_falling,grabbing_while_falling,1,other,False,171,221,6.84,8.84,25.0,50,12,"ax,ay,az,gx,gy,gz,acc_mag,gyro_mag,jerk,roll,pitch,tilt_delta",20.0,25.0,uniform_20hz_time_interpolation_to_25hz,impact_peak_centered_label_by_activity,773,966,,,dataset_unit_map,wrist,bits,m/s^2,rad/s,m/s^2,rad/s,1.0,1.0,True,test,fall,fall,1.0,none,forward,0.8982710838317871
w25_00003488,bits,C:\Users\ADMIN\Desktop\ds-fall\data\raw\Dataset\fall\user39\user39_fall1.csv,C:\Users\ADMIN\Desktop\ds-fall\data\raw\Dataset,user39,user39_fall1,fall1,forward_fall_landing_on_knee,forward_fall_landing_on_knee,1,forward,True,140,190,5.6,7.6,25.0,50,12,"ax,ay,az,gx,gy,gz,acc_mag,gyro_mag,jerk,roll,pitch,tilt_delta",20.0,25.0,uniform_20hz_time_interpolation_to_25hz,impact_peak_centered_label_by_activity,376,469,,,dataset_unit_map,wrist,bits,m/s^2,rad/s,m/s^2,rad/s,1.0,1.0,True,test,fall,fall,0.9999537467956543,forward,forward,0.6849124431610107
w25_00003489,bits,C:\Users\ADMIN\Desktop\ds-fall\data\raw\Dataset\fall\user39\user39_fall2.csv,C:\Users\ADMIN\Desktop\ds-fall\data\raw\Dataset,user39,user39_fall2,fall2,right_fall,right_fall,1,lateral,True,222,272,8.88,10.88,25.0,50,12,"ax,ay,az,gx,gy,gz,acc_mag,gyro_mag,jerk,roll,pitch,tilt_delta",20.0,25.0,uniform_20hz_time_interpolation_to_25hz,impact_peak_centered_label_by_activity,722,902,,,dataset_unit_map,wrist,bits,m/s^2,rad/s,m/s^2,rad/s,1.0,1.0,True,test,fall,fall,0.9999973773956299,lateral,backward,0.7707783579826355
w25_00003490,bits,C:\Users\ADMIN\Desktop\ds-fall\data\raw\Dataset\fall\user39\user39_fall3.csv,C:\Users\ADMIN\Desktop\ds-fall\data\raw\Dataset,user39,user39_fall3,fall3,left_fall,left_fall,1,lateral,True,178,228,7.12,9.12,25.0,50,12,"ax,ay,az,gx,gy,gz,acc_mag,gyro_mag,jerk,roll,pitch,tilt_delta",20.0,25.0,uniform_20hz_time_interpolation_to_25hz,impact_peak_centered_label_by_activity,428,534,,,dataset_unit_map,wrist,bits,m/s^2,rad/s,m/s^2,rad/s,1.0,1.0,True,test,fall,fall,0.9777856469154358,lateral,lateral,0.47148317098617554
w25_00003491,bits,C:\Users\ADMIN\Desktop\ds-fall\data\raw\Dataset\fall\user39\user39_fall4.csv,C:\Users\ADMIN\Desktop\ds-fall\data\raw\Dataset,user39,user39_fall4,fall4,forward_fall,forward_fall,1,forward,True,154,204,6.16,8.16,25.0,50,12,"ax,ay,az,gx,gy,gz,acc_mag,gyro_mag,jerk,roll,pitch,tilt_delta",20.0,25.0,uniform_20hz_time_interpolation_to_25hz,impact_peak_centered_label_by_activity,475,593,,,dataset_unit_map,wrist,bits,m/s^2,rad/s,m/s^2,rad/s,1.0,1.0,True,test,fall,fall,0.999998927116394,forward,forward,0.47252804040908813
w25_00003492,bits,C:\Users\ADMIN\Desktop\ds-fall\data\raw\Dataset\fall\user39\user39_fall5.csv,C:\Users\ADMIN\Desktop\ds-fall\data\raw\Dataset,user39,user39_fall5,fall5,seated_on_bed_falling_on_ground,seated_on_bed_falling_on_ground,1,other,False,175,225,7.0,9.0,25.0,50,12,"ax,ay,az,gx,gy,gz,acc_mag,gyro_mag,jerk,roll,pitch,tilt_delta",20.0,25.0,uniform_20hz_time_interpolation_to_25hz,impact_peak_centered_label_by_activity,343,428,,,dataset_unit_map,wrist,bits,m/s^2,rad/s,m/s^2,rad/s,1.0,1.0,True,test,fall,fall,0.9999874830245972,none,backward,0.5513546466827393
w25_00003493,bits,C:\Users\ADMIN\Desktop\ds-fall\data\raw\Dataset\fall\user39\user39_fall6.csv,C:\Users\ADMIN\Desktop\ds-fall\data\raw\Dataset,user39,user39_fall6,fall6,forward_fall_body_weight_on_hand,forward_fall_body_weight_on_hand,1,forward,True,163,213,6.52,8.52,25.0,50,12,"ax,ay,az,gx,gy,gz,acc_mag,gyro_mag,jerk,roll,pitch,tilt_delta",20.0,25.0,uniform_20hz_time_interpolation_to_25hz,impact_peak_centered_label_by_activity,570,712,,,dataset_unit_map,wrist,bits,m/s^2,rad/s,m/s^2,rad/s,1.0,1.0,True,test,fall,fall,0.9999884366989136,forward,forward,0.9394998550415039
w25_00003494,bits,C:\Users\ADMIN\Desktop\ds-fall\data\raw\Dataset\fall\user39\user39_fall7.csv,C:\Users\ADMIN\Desktop\ds-fall\data\raw\Dataset,user39,user39_fall7,fall7,backward_fall_from_seated,backward_fall_from_seated,1,backward,True,183,233,7.32,9.32,25.0,50,12,"ax,ay,az,gx,gy,gz,acc_mag,gyro_mag,jerk,roll,pitch,tilt_delta",20.0,25.0,uniform_20hz_time_interpolation_to_25hz,impact_peak_centered_label_by_activity,187,233,,,dataset_unit_map,wrist,bits,m/s^2,rad/s,m/s^2,rad/s,1.0,1.0,True,test,fall,non_fall,2.5072406060644425e-05,backward,forward,0.5714747309684753
w25_00003495,bits,C:\Users\ADMIN\Desktop\ds-fall\data\raw\Dataset\fall\user39\user39_fall8.csv,C:\Users\ADMIN\Desktop\ds-fall\data\raw\Dataset,user39,user39_fall8,fall8,grabbing_while_falling,grabbing_while_falling,1,other,False,191,241,7.64,9.64,25.0,50,12,"ax,ay,az,gx,gy,gz,acc_mag,gyro_mag,jerk,roll,pitch,tilt_delta",20.0,25.0,uniform_20hz_time_interpolation_to_25hz,impact_peak_centered_label_by_activity,504,629,,,dataset_unit_map,wrist,bits,m/s^2,rad/s,m/s^2,rad/s,1.0,1.0,True,test,fall,fall,0.9999797344207764,none,forward,0.8784329891204834
