window_id,dataset,source_path,source_folder,subject_id,trial_id,activity_id,activity_name,activity,fall_label,direction_label,direction_supervised,start_idx,end_idx,start_time,end_time,sampling_rate,window_size,stride_size,feature_order,source_hz,target_hz,resampling_method,window_rule,original_length,processed_length,fall_interval_start,fall_interval_end,unit_conversion,sensor_position,dataset_name,acc_unit_before,gyro_unit_before,acc_unit_after,gyro_unit_after,conversion_factor_acc,conversion_factor_gyro,unit_harmonized,split,true_fall,pred_fall,fall_prob,true_direction,pred_direction,direction_confidence
w25_00000595,bits,C:\Users\ADMIN\Desktop\ds-fall\data\raw\Dataset\adl\user17\user17_adl1.csv,C:\Users\ADMIN\Desktop\ds-fall\data\raw\Dataset,user17,user17_adl1,adl1,walking_slowly,walking_slowly,0,none,False,0,50,0.0,2.0,25.0,50,12,"ax,ay,az,gx,gy,gz,acc_mag,gyro_mag,jerk,roll,pitch,tilt_delta",20.0,25.0,uniform_20hz_time_interpolation_to_25hz,adl_sliding_capped,505,631,,,dataset_unit_map,wrist,bits,m/s^2,rad/s,m/s^2,rad/s,1.0,1.0,True,test,non_fall,non_fall,1.2216531786179985e-07,none,forward,0.9493239521980286
w25_00000596,bits,C:\Users\ADMIN\Desktop\ds-fall\data\raw\Dataset\adl\user17\user17_adl1.csv,C:\Users\ADMIN\Desktop\ds-fall\data\raw\Dataset,user17,user17_adl1,adl1,walking_slowly,walking_slowly,0,none,False,12,62,0.48,2.48,25.0,50,12,"ax,ay,az,gx,gy,gz,acc_mag,gyro_mag,jerk,roll,pitch,tilt_delta",20.0,25.0,uniform_20hz_time_interpolation_to_25hz,adl_sliding_capped,505,631,,,dataset_unit_map,wrist,bits,m/s^2,rad/s,m/s^2,rad/s,1.0,1.0,True,test,non_fall,non_fall,1.8718766980896362e-08,none,forward,0.8453740477561951
w25_00000597,bits,C:\Users\ADMIN\Desktop\ds-fall\data\raw\Dataset\adl\user17\user17_adl1.csv,C:\Users\ADMIN\Desktop\ds-fall\data\raw\Dataset,user17,user17_adl1,adl1,walking_slowly,walking_slowly,0,none,False,24,74,0.96,2.96,25.0,50,12,"ax,ay,az,gx,gy,gz,acc_mag,gyro_mag,jerk,roll,pitch,tilt_delta",20.0,25.0,uniform_20hz_time_interpolation_to_25hz,adl_sliding_capped,505,631,,,dataset_unit_map,wrist,bits,m/s^2,rad/s,m/s^2,rad/s,1.0,1.0,True,test,non_fall,non_fall,5.002391390007688e-09,none,backward,0.9206539988517761
w25_00000598,bits,C:\Users\ADMIN\Desktop\ds-fall\data\raw\Dataset\adl\user17\user17_adl1.csv,C:\Users\ADMIN\Desktop\ds-fall\data\raw\Dataset,user17,user17_adl1,adl1,walking_slowly,walking_slowly,0,none,False,36,86,1.44,3.44,25.0,50,12,"ax,ay,az,gx,gy,gz,acc_mag,gyro_mag,jerk,roll,pitch,tilt_delta",20.0,25.0,uniform_20hz_time_interpolation_to_25hz,adl_sliding_capped,505,631,,,dataset_unit_map,wrist,bits,m/s^2,rad/s,m/s^2,rad/s,1.0,1.0,True,test,non_fall,non_fall,6.7823457960969336e-09,none,backward,0.9756365418434143
w25_00000599,bits,C:\Users\ADMIN\Desktop\ds-fall\data\raw\Dataset\adl\user17\user17_adl1.csv,C:\Users\ADMIN\Desktop\ds-fall\data\raw\Dataset,user17,user17_adl1,adl1,walking_slowly,walking_slowly,0,none,False,48,98,1.92,3.92,25.0,50,12,"ax,ay,az,gx,gy,gz,acc_mag,gyro_mag,jerk,roll,pitch,tilt_delta",20.0,25.0,uniform_20hz_time_interpolation_to_25hz,adl_sliding_capped,505,631,,,dataset_unit_map,wrist,bits,m/s^2,rad/s,m/s^2,rad/s,1.0,1.0,True,test,non_fall,non_fall,0.0001566946302773431,none,backward,0.9684348702430725
w25_00000600,bits,C:\Users\ADMIN\Desktop\ds-fall\data\raw\Dataset\adl\user17\user17_adl10.csv,C:\Users\ADMIN\Desktop\ds-fall\data\raw\Dataset,user17,user17_adl10,adl10,rapidly_sitting_on_chair,rapidly_sitting_on_chair,0,none,False,0,50,0.0,2.0,25.0,50,12,"ax,ay,az,gx,gy,gz,acc_mag,gyro_mag,jerk,roll,pitch,tilt_delta",20.0,25.0,uniform_20hz_time_interpolation_to_25hz,adl_sliding_capped,240,299,,,dataset_unit_map,wrist,bits,m/s^2,rad/s,m/s^2,rad/s,1.0,1.0,True,test,non_fall,non_fall,1.4131880732293212e-07,none,backward,0.9457951188087463
w25_00000601,bits,C:\Users\ADMIN\Desktop\ds-fall\data\raw\Dataset\adl\user17\user17_adl10.csv,C:\Users\ADMIN\Desktop\ds-fall\data\raw\Dataset,user17,user17_adl10,adl10,rapidly_sitting_on_chair,rapidly_sitting_on_chair,0,none,False,12,62,0.48,2.48,25.0,50,12,"ax,ay,az,gx,gy,gz,acc_mag,gyro_mag,jerk,roll,pitch,tilt_delta",20.0,25.0,uniform_20hz_time_interpolation_to_25hz,adl_sliding_capped,240,299,,,dataset_unit_map,wrist,bits,m/s^2,rad/s,m/s^2,rad/s,1.0,1.0,True,test,non_fall,non_fall,2.0314944038091198e-07,none,forward,0.576056182384491
w25_00000602,bits,C:\Users\ADMIN\Desktop\ds-fall\data\raw\Dataset\adl\user17\user17_adl10.csv,C:\Users\ADMIN\Desktop\ds-fall\data\raw\Dataset,user17,user17_adl10,adl10,rapidly_sitting_on_chair,rapidly_sitting_on_chair,0,none,False,24,74,0.96,2.96,25.0,50,12,"ax,ay,az,gx,gy,gz,acc_mag,gyro_mag,jerk,roll,pitch,tilt_delta",20.0,25.0,uniform_20hz_time_interpolation_to_25hz,adl_sliding_capped,240,299,,,dataset_unit_map,wrist,bits,m/s^2,rad/s,m/s^2,rad/s,1.0,1.0,True,test,non_fall,non_fall,6.745746645719919e-07,none,backward,0.5116292238235474
w25_00000603,bits,C:\Users\ADMIN\Desktop\ds-fall\data\raw\Dataset\adl\user17\user17_adl10.csv,C:\Users\ADMIN\Desktop\ds-fall\data\raw\Dataset,user17,user17_adl10,adl10,rapidly_sitting_on_chair,rapidly_sitting_on_chair,0,none,False,36,86,1.44,3.44,25.0,50,12,"ax,ay,az,gx,gy,gz,acc_mag,gyro_mag,jerk,roll,pitch,tilt_delta",20.0,25.0,uniform_20hz_time_interpolation_to_25hz,adl_sliding_capped,240,299,,,dataset_unit_map,wrist,bits,m/s^2,rad/s,m/s^2,rad/s,1.0,1.0,True,test,non_fall,non_fall,1.3006271046833717e-06,none,backward,0.6479950547218323
w25_00000604,bits,C:\Users\ADMIN\Desktop\ds-fall\data\raw\Dataset\adl\user17\user17_adl10.csv,C:\Users\ADMIN\Desktop\ds-fall\data\raw\Dataset,user17,user17_adl10,adl10,rapidly_sitting_on_chair,rapidly_sitting_on_chair,0,none,False,48,98,1.92,3.92,25.0,50,12,"ax,ay,az,gx,gy,gz,acc_mag,gyro_mag,jerk,roll,pitch,tilt_delta",20.0,25.0,uniform_20hz_time_interpolation_to_25hz,adl_sliding_capped,240,299,,,dataset_unit_map,wrist,bits,m/s^2,rad/s,m/s^2,rad/s,1.0,1.0,True,test,non_fall,non_fall,1.7159790104415151e-06,none,backward,0.7130501866340637
w25_00000605,bits,C:\Users\ADMIN\Desktop\ds-fall\data\raw\Dataset\adl\user17\user17_adl11.csv,C:\Users\ADMIN\Desktop\ds-fall\data\raw\Dataset,user17,user17_adl11,adl11,nearly_sitting_and_getting_up,nearly_sitting_and_getting_up,0,none,False,0,50,0.0,2.0,25.0,50,12,"ax,ay,az,gx,gy,gz,acc_mag,gyro_mag,jerk,roll,pitch,tilt_delta",20.0,25.0,uniform_20hz_time_interpolation_to_25hz,adl_sliding_capped,233,291,,,dataset_unit_map,wrist,bits,m/s^2,rad/s,m/s^2,rad/s,1.0,1.0,True,test,non_fall,non_fall,3.887579623551574e-06,none,forward,0.9978529214859009
w25_00000606,bits,C:\Users\ADMIN\Desktop\ds-fall\data\raw\Dataset\adl\user17\user17_adl11.csv,C:\Users\ADMIN\Desktop\ds-fall\data\raw\Dataset,user17,user17_adl11,adl11,nearly_sitting_and_getting_up,nearly_sitting_and_getting_up,0,none,False,12,62,0.48,2.48,25.0,50,12,"ax,ay,az,gx,gy,gz,acc_mag,gyro_mag,jerk,roll,pitch,tilt_delta",20.0,25.0,uniform_20hz_time_interpolation_to_25hz,adl_sliding_capped,233,291,,,dataset_unit_map,wrist,bits,m/s^2,rad/s,m/s^2,rad/s,1.0,1.0,True,test,non_fall,non_fall,3.677564791360055e-06,none,forward,0.9976432919502258
w25_00000607,bits,C:\Users\ADMIN\Desktop\ds-fall\data\raw\Dataset\adl\user17\user17_adl11.csv,C:\Users\ADMIN\Desktop\ds-fall\data\raw\Dataset,user17,user17_adl11,adl11,nearly_sitting_and_getting_up,nearly_sitting_and_getting_up,0,none,False,24,74,0.96,2.96,25.0,50,12,"ax,ay,az,gx,gy,gz,acc_mag,gyro_mag,jerk,roll,pitch,tilt_delta",20.0,25.0,uniform_20hz_time_interpolation_to_25hz,adl_sliding_capped,233,291,,,dataset_unit_map,wrist,bits,m/s^2,rad/s,m/s^2,rad/s,1.0,1.0,True,test,non_fall,non_fall,4.969730071024969e-06,none,forward,0.998793363571167
w25_00000608,bits,C:\Users\ADMIN\Desktop\ds-fall\data\raw\Dataset\adl\user17\user17_adl11.csv,C:\Users\ADMIN\Desktop\ds-fall\data\raw\Dataset,user17,user17_adl11,adl11,nearly_sitting_and_getting_up,nearly_sitting_and_getting_up,0,none,False,36,86,1.44,3.44,25.0,50,12,"ax,ay,az,gx,gy,gz,acc_mag,gyro_mag,jerk,roll,pitch,tilt_delta",20.0,25.0,uniform_20hz_time_interpolation_to_25hz,adl_sliding_capped,233,291,,,dataset_unit_map,wrist,bits,m/s^2,rad/s,m/s^2,rad/s,1.0,1.0,True,test,non_fall,non_fall,8.294581675727386e-06,none,forward,0.9989213943481445
w25_00000609,bits,C:\Users\ADMIN\Desktop\ds-fall\data\raw\Dataset\adl\user17\user17_adl11.csv,C:\Users\ADMIN\Desktop\ds-fall\data\raw\Dataset,user17,user17_adl11,adl11,nearly_sitting_and_getting_up,nearly_sitting_and_getting_up,0,none,False,48,98,1.92,3.92,25.0,50,12,"ax,ay,az,gx,gy,gz,acc_mag,gyro_mag,jerk,roll,pitch,tilt_delta",20.0,25.0,uniform_20hz_time_interpolation_to_25hz,adl_sliding_capped,233,291,,,dataset_unit_map,wrist,bits,m/s^2,rad/s,m/s^2,rad/s,1.0,1.0,True,test,non_fall,non_fall,5.191019681660691e-06,none,forward,0.9988948702812195
w25_00000610,bits,C:\Users\ADMIN\Desktop\ds-fall\data\raw\Dataset\adl\user17\user17_adl12.csv,C:\Users\ADMIN\Desktop\ds-fall\data\raw\Dataset,user17,user17_adl12,adl12,swinging_hands,swinging_hands,0,none,False,0,50,0.0,2.0,25.0,50,12,"ax,ay,az,gx,gy,gz,acc_mag,gyro_mag,jerk,roll,pitch,tilt_delta",20.0,25.0,uniform_20hz_time_interpolation_to_25hz,adl_sliding_capped,375,468,,,dataset_unit_map,wrist,bits,m/s^2,rad/s,m/s^2,rad/s,1.0,1.0,True,test,non_fall,non_fall,2.009382842516061e-05,none,forward,0.6764784455299377
w25_00000611,bits,C:\Users\ADMIN\Desktop\ds-fall\data\raw\Dataset\adl\user17\user17_adl12.csv,C:\Users\ADMIN\Desktop\ds-fall\data\raw\Dataset,user17,user17_adl12,adl12,swinging_hands,swinging_hands,0,none,False,12,62,0.48,2.48,25.0,50,12,"ax,ay,az,gx,gy,gz,acc_mag,gyro_mag,jerk,roll,pitch,tilt_delta",20.0,25.0,uniform_20hz_time_interpolation_to_25hz,adl_sliding_capped,375,468,,,dataset_unit_map,wrist,bits,m/s^2,rad/s,m/s^2,rad/s,1.0,1.0,True,test,non_fall,non_fall,1.6323083400493488e-05,none,forward,0.9608685374259949
w25_00000612,bits,C:\Users\ADMIN\Desktop\ds-fall\data\raw\Dataset\adl\user17\user17_adl12.csv,C:\Users\ADMIN\Desktop\ds-fall\data\raw\Dataset,user17,user17_adl12,adl12,swinging_hands,swinging_hands,0,none,False,24,74,0.96,2.96,25.0,50,12,"ax,ay,az,gx,gy,gz,acc_mag,gyro_mag,jerk,roll,pitch,tilt_delta",20.0,25.0,uniform_20hz_time_interpolation_to_25hz,adl_sliding_capped,375,468,,,dataset_unit_map,wrist,bits,m/s^2,rad/s,m/s^2,rad/s,1.0,1.0,True,test,non_fall,non_fall,2.2706586605636403e-05,none,forward,0.9571719169616699
w25_00000613,bits,C:\Users\ADMIN\Desktop\ds-fall\data\raw\Dataset\adl\user17\user17_adl12.csv,C:\Users\ADMIN\Desktop\ds-fall\data\raw\Dataset,user17,user17_adl12,adl12,swinging_hands,swinging_hands,0,none,False,36,86,1.44,3.44,25.0,50,12,"ax,ay,az,gx,gy,gz,acc_mag,gyro_mag,jerk,roll,pitch,tilt_delta",20.0,25.0,uniform_20hz_time_interpolation_to_25hz,adl_sliding_capped,375,468,,,dataset_unit_map,wrist,bits,m/s^2,rad/s,m/s^2,rad/s,1.0,1.0,True,test,non_fall,non_fall,3.39995494869072e-05,none,forward,0.9857014417648315
w25_00000614,bits,C:\Users\ADMIN\Desktop\ds-fall\data\raw\Dataset\adl\user17\user17_adl12.csv,C:\Users\ADMIN\Desktop\ds-fall\data\raw\Dataset,user17,user17_adl12,adl12,swinging_hands,swinging_hands,0,none,False,48,98,1.92,3.92,25.0,50,12,"ax,ay,az,gx,gy,gz,acc_mag,gyro_mag,jerk,roll,pitch,tilt_delta",20.0,25.0,uniform_20hz_time_interpolation_to_25hz,adl_sliding_capped,375,468,,,dataset_unit_map,wrist,bits,m/s^2,rad/s,m/s^2,rad/s,1.0,1.0,True,test,non_fall,non_fall,3.4452939416951267e-06,none,forward,0.8251858353614807
w25_00000615,bits,C:\Users\ADMIN\Desktop\ds-fall\data\raw\Dataset\adl\user17\user17_adl13.csv,C:\Users\ADMIN\Desktop\ds-fall\data\raw\Dataset,user17,user17_adl13,adl13,lying_on_bed,lying_on_bed,0,none,False,0,50,0.0,2.0,25.0,50,12,"ax,ay,az,gx,gy,gz,acc_mag,gyro_mag,jerk,roll,pitch,tilt_delta",20.0,25.0,uniform_20hz_time_interpolation_to_25hz,adl_sliding_capped,495,618,,,dataset_unit_map,wrist,bits,m/s^2,rad/s,m/s^2,rad/s,1.0,1.0,True,test,non_fall,non_fall,5.142672307556495e-06,none,forward,0.9934356212615967
w25_00000616,bits,C:\Users\ADMIN\Desktop\ds-fall\data\raw\Dataset\adl\user17\user17_adl13.csv,C:\Users\ADMIN\Desktop\ds-fall\data\raw\Dataset,user17,user17_adl13,adl13,lying_on_bed,lying_on_bed,0,none,False,12,62,0.48,2.48,25.0,50,12,"ax,ay,az,gx,gy,gz,acc_mag,gyro_mag,jerk,roll,pitch,tilt_delta",20.0,25.0,uniform_20hz_time_interpolation_to_25hz,adl_sliding_capped,495,618,,,dataset_unit_map,wrist,bits,m/s^2,rad/s,m/s^2,rad/s,1.0,1.0,True,test,non_fall,non_fall,7.27488259144593e-06,none,forward,0.9965305924415588
w25_00000617,bits,C:\Users\ADMIN\Desktop\ds-fall\data\raw\Dataset\adl\user17\user17_adl13.csv,C:\Users\ADMIN\Desktop\ds-fall\data\raw\Dataset,user17,user17_adl13,adl13,lying_on_bed,lying_on_bed,0,none,False,24,74,0.96,2.96,25.0,50,12,"ax,ay,az,gx,gy,gz,acc_mag,gyro_mag,jerk,roll,pitch,tilt_delta",20.0,25.0,uniform_20hz_time_interpolation_to_25hz,adl_sliding_capped,495,618,,,dataset_unit_map,wrist,bits,m/s^2,rad/s,m/s^2,rad/s,1.0,1.0,True,test,non_fall,non_fall,2.1405894585768692e-06,none,forward,0.9943861961364746
w25_00000618,bits,C:\Users\ADMIN\Desktop\ds-fall\data\raw\Dataset\adl\user17\user17_adl13.csv,C:\Users\ADMIN\Desktop\ds-fall\data\raw\Dataset,user17,user17_adl13,adl13,lying_on_bed,lying_on_bed,0,none,False,36,86,1.44,3.44,25.0,50,12,"ax,ay,az,gx,gy,gz,acc_mag,gyro_mag,jerk,roll,pitch,tilt_delta",20.0,25.0,uniform_20hz_time_interpolation_to_25hz,adl_sliding_capped,495,618,,,dataset_unit_map,wrist,bits,m/s^2,rad/s,m/s^2,rad/s,1.0,1.0,True,test,non_fall,non_fall,2.333746488147881e-05,none,forward,0.9946934580802917
w25_00000619,bits,C:\Users\ADMIN\Desktop\ds-fall\data\raw\Dataset\adl\user17\user17_adl13.csv,C:\Users\ADMIN\Desktop\ds-fall\data\raw\Dataset,user17,user17_adl13,adl13,lying_on_bed,lying_on_bed,0,none,False,48,98,1.92,3.92,25.0,50,12,"ax,ay,az,gx,gy,gz,acc_mag,gyro_mag,jerk,roll,pitch,tilt_delta",20.0,25.0,uniform_20hz_time_interpolation_to_25hz,adl_sliding_capped,495,618,,,dataset_unit_map,wrist,bits,m/s^2,rad/s,m/s^2,rad/s,1.0,1.0,True,test,non_fall,non_fall,4.656251348933438e-06,none,forward,0.9932678937911987
w25_00000620,bits,C:\Users\ADMIN\Desktop\ds-fall\data\raw\Dataset\adl\user17\user17_adl14.csv,C:\Users\ADMIN\Desktop\ds-fall\data\raw\Dataset,user17,user17_adl14,adl14,lying_on_back_getting_up_slowly,lying_on_back_getting_up_slowly,0,none,False,0,50,0.0,2.0,25.0,50,12,"ax,ay,az,gx,gy,gz,acc_mag,gyro_mag,jerk,roll,pitch,tilt_delta",20.0,25.0,uniform_20hz_time_interpolation_to_25hz,adl_sliding_capped,570,712,,,dataset_unit_map,wrist,bits,m/s^2,rad/s,m/s^2,rad/s,1.0,1.0,True,test,non_fall,non_fall,2.1868384010304e-06,none,forward,0.9970226883888245
w25_00000621,bits,C:\Users\ADMIN\Desktop\ds-fall\data\raw\Dataset\adl\user17\user17_adl14.csv,C:\Users\ADMIN\Desktop\ds-fall\data\raw\Dataset,user17,user17_adl14,adl14,lying_on_back_getting_up_slowly,lying_on_back_getting_up_slowly,0,none,False,12,62,0.48,2.48,25.0,50,12,"ax,ay,az,gx,gy,gz,acc_mag,gyro_mag,jerk,roll,pitch,tilt_delta",20.0,25.0,uniform_20hz_time_interpolation_to_25hz,adl_sliding_capped,570,712,,,dataset_unit_map,wrist,bits,m/s^2,rad/s,m/s^2,rad/s,1.0,1.0,True,test,non_fall,non_fall,3.3349972454743693e-06,none,forward,0.9962205290794373
w25_00000622,bits,C:\Users\ADMIN\Desktop\ds-fall\data\raw\Dataset\adl\user17\user17_adl14.csv,C:\Users\ADMIN\Desktop\ds-fall\data\raw\Dataset,user17,user17_adl14,adl14,lying_on_back_getting_up_slowly,lying_on_back_getting_up_slowly,0,none,False,24,74,0.96,2.96,25.0,50,12,"ax,ay,az,gx,gy,gz,acc_mag,gyro_mag,jerk,roll,pitch,tilt_delta",20.0,25.0,uniform_20hz_time_interpolation_to_25hz,adl_sliding_capped,570,712,,,dataset_unit_map,wrist,bits,m/s^2,rad/s,m/s^2,rad/s,1.0,1.0,True,test,non_fall,non_fall,1.940082074725069e-05,none,forward,0.9900093078613281
w25_00000623,bits,C:\Users\ADMIN\Desktop\ds-fall\data\raw\Dataset\adl\user17\user17_adl14.csv,C:\Users\ADMIN\Desktop\ds-fall\data\raw\Dataset,user17,user17_adl14,adl14,lying_on_back_getting_up_slowly,lying_on_back_getting_up_slowly,0,none,False,36,86,1.44,3.44,25.0,50,12,"ax,ay,az,gx,gy,gz,acc_mag,gyro_mag,jerk,roll,pitch,tilt_delta",20.0,25.0,uniform_20hz_time_interpolation_to_25hz,adl_sliding_capped,570,712,,,dataset_unit_map,wrist,bits,m/s^2,rad/s,m/s^2,rad/s,1.0,1.0,True,test,non_fall,non_fall,4.87969555251766e-06,none,forward,0.9589072465896606
w25_00000624,bits,C:\Users\ADMIN\Desktop\ds-fall\data\raw\Dataset\adl\user17\user17_adl14.csv,C:\Users\ADMIN\Desktop\ds-fall\data\raw\Dataset,user17,user17_adl14,adl14,lying_on_back_getting_up_slowly,lying_on_back_getting_up_slowly,0,none,False,48,98,1.92,3.92,25.0,50,12,"ax,ay,az,gx,gy,gz,acc_mag,gyro_mag,jerk,roll,pitch,tilt_delta",20.0,25.0,uniform_20hz_time_interpolation_to_25hz,adl_sliding_capped,570,712,,,dataset_unit_map,wrist,bits,m/s^2,rad/s,m/s^2,rad/s,1.0,1.0,True,test,non_fall,non_fall,3.846798790618777e-06,none,forward,0.9360169172286987
w25_00000625,bits,C:\Users\ADMIN\Desktop\ds-fall\data\raw\Dataset\adl\user17\user17_adl15.csv,C:\Users\ADMIN\Desktop\ds-fall\data\raw\Dataset,user17,user17_adl15,adl15,lying_on_back_getting_up_normally,lying_on_back_getting_up_normally,0,none,False,0,50,0.0,2.0,25.0,50,12,"ax,ay,az,gx,gy,gz,acc_mag,gyro_mag,jerk,roll,pitch,tilt_delta",20.0,25.0,uniform_20hz_time_interpolation_to_25hz,adl_sliding_capped,429,536,,,dataset_unit_map,wrist,bits,m/s^2,rad/s,m/s^2,rad/s,1.0,1.0,True,test,non_fall,non_fall,6.009366870785016e-07,none,forward,0.9576810598373413
w25_00000626,bits,C:\Users\ADMIN\Desktop\ds-fall\data\raw\Dataset\adl\user17\user17_adl15.csv,C:\Users\ADMIN\Desktop\ds-fall\data\raw\Dataset,user17,user17_adl15,adl15,lying_on_back_getting_up_normally,lying_on_back_getting_up_normally,0,none,False,12,62,0.48,2.48,25.0,50,12,"ax,ay,az,gx,gy,gz,acc_mag,gyro_mag,jerk,roll,pitch,tilt_delta",20.0,25.0,uniform_20hz_time_interpolation_to_25hz,adl_sliding_capped,429,536,,,dataset_unit_map,wrist,bits,m/s^2,rad/s,m/s^2,rad/s,1.0,1.0,True,test,non_fall,non_fall,1.0496494695644287e-07,none,forward,0.5607799887657166
w25_00000627,bits,C:\Users\ADMIN\Desktop\ds-fall\data\raw\Dataset\adl\user17\user17_adl15.csv,C:\Users\ADMIN\Desktop\ds-fall\data\raw\Dataset,user17,user17_adl15,adl15,lying_on_back_getting_up_normally,lying_on_back_getting_up_normally,0,none,False,24,74,0.96,2.96,25.0,50,12,"ax,ay,az,gx,gy,gz,acc_mag,gyro_mag,jerk,roll,pitch,tilt_delta",20.0,25.0,uniform_20hz_time_interpolation_to_25hz,adl_sliding_capped,429,536,,,dataset_unit_map,wrist,bits,m/s^2,rad/s,m/s^2,rad/s,1.0,1.0,True,test,non_fall,non_fall,1.129888005380053e-06,none,backward,0.7277326583862305
w25_00000628,bits,C:\Users\ADMIN\Desktop\ds-fall\data\raw\Dataset\adl\user17\user17_adl15.csv,C:\Users\ADMIN\Desktop\ds-fall\data\raw\Dataset,user17,user17_adl15,adl15,lying_on_back_getting_up_normally,lying_on_back_getting_up_normally,0,none,False,36,86,1.44,3.44,25.0,50,12,"ax,ay,az,gx,gy,gz,acc_mag,gyro_mag,jerk,roll,pitch,tilt_delta",20.0,25.0,uniform_20hz_time_interpolation_to_25hz,adl_sliding_capped,429,536,,,dataset_unit_map,wrist,bits,m/s^2,rad/s,m/s^2,rad/s,1.0,1.0,True,test,non_fall,non_fall,8.742576028453186e-06,none,forward,0.5066115260124207
w25_00000629,bits,C:\Users\ADMIN\Desktop\ds-fall\data\raw\Dataset\adl\user17\user17_adl15.csv,C:\Users\ADMIN\Desktop\ds-fall\data\raw\Dataset,user17,user17_adl15,adl15,lying_on_back_getting_up_normally,lying_on_back_getting_up_normally,0,none,False,48,98,1.92,3.92,25.0,50,12,"ax,ay,az,gx,gy,gz,acc_mag,gyro_mag,jerk,roll,pitch,tilt_delta",20.0,25.0,uniform_20hz_time_interpolation_to_25hz,adl_sliding_capped,429,536,,,dataset_unit_map,wrist,bits,m/s^2,rad/s,m/s^2,rad/s,1.0,1.0,True,test,non_fall,non_fall,5.728855285269674e-06,none,forward,0.741169273853302
w25_00000630,bits,C:\Users\ADMIN\Desktop\ds-fall\data\raw\Dataset\adl\user17\user17_adl16.csv,C:\Users\ADMIN\Desktop\ds-fall\data\raw\Dataset,user17,user17_adl16,adl16,lying_sideways_to_back,lying_sideways_to_back,0,none,False,0,50,0.0,2.0,25.0,50,12,"ax,ay,az,gx,gy,gz,acc_mag,gyro_mag,jerk,roll,pitch,tilt_delta",20.0,25.0,uniform_20hz_time_interpolation_to_25hz,adl_sliding_capped,349,436,,,dataset_unit_map,wrist,bits,m/s^2,rad/s,m/s^2,rad/s,1.0,1.0,True,test,non_fall,non_fall,1.6112329831230454e-05,none,lateral,0.9792366027832031
w25_00000631,bits,C:\Users\ADMIN\Desktop\ds-fall\data\raw\Dataset\adl\user17\user17_adl16.csv,C:\Users\ADMIN\Desktop\ds-fall\data\raw\Dataset,user17,user17_adl16,adl16,lying_sideways_to_back,lying_sideways_to_back,0,none,False,12,62,0.48,2.48,25.0,50,12,"ax,ay,az,gx,gy,gz,acc_mag,gyro_mag,jerk,roll,pitch,tilt_delta",20.0,25.0,uniform_20hz_time_interpolation_to_25hz,adl_sliding_capped,349,436,,,dataset_unit_map,wrist,bits,m/s^2,rad/s,m/s^2,rad/s,1.0,1.0,True,test,non_fall,non_fall,3.1217714422382414e-05,none,lateral,0.9531915783882141
w25_00000632,bits,C:\Users\ADMIN\Desktop\ds-fall\data\raw\Dataset\adl\user17\user17_adl16.csv,C:\Users\ADMIN\Desktop\ds-fall\data\raw\Dataset,user17,user17_adl16,adl16,lying_sideways_to_back,lying_sideways_to_back,0,none,False,24,74,0.96,2.96,25.0,50,12,"ax,ay,az,gx,gy,gz,acc_mag,gyro_mag,jerk,roll,pitch,tilt_delta",20.0,25.0,uniform_20hz_time_interpolation_to_25hz,adl_sliding_capped,349,436,,,dataset_unit_map,wrist,bits,m/s^2,rad/s,m/s^2,rad/s,1.0,1.0,True,test,non_fall,non_fall,2.4176828446798027e-05,none,lateral,0.9544090032577515
w25_00000633,bits,C:\Users\ADMIN\Desktop\ds-fall\data\raw\Dataset\adl\user17\user17_adl16.csv,C:\Users\ADMIN\Desktop\ds-fall\data\raw\Dataset,user17,user17_adl16,adl16,lying_sideways_to_back,lying_sideways_to_back,0,none,False,36,86,1.44,3.44,25.0,50,12,"ax,ay,az,gx,gy,gz,acc_mag,gyro_mag,jerk,roll,pitch,tilt_delta",20.0,25.0,uniform_20hz_time_interpolation_to_25hz,adl_sliding_capped,349,436,,,dataset_unit_map,wrist,bits,m/s^2,rad/s,m/s^2,rad/s,1.0,1.0,True,test,non_fall,non_fall,2.2479451217805035e-05,none,lateral,0.9368314743041992
w25_00000634,bits,C:\Users\ADMIN\Desktop\ds-fall\data\raw\Dataset\adl\user17\user17_adl16.csv,C:\Users\ADMIN\Desktop\ds-fall\data\raw\Dataset,user17,user17_adl16,adl16,lying_sideways_to_back,lying_sideways_to_back,0,none,False,48,98,1.92,3.92,25.0,50,12,"ax,ay,az,gx,gy,gz,acc_mag,gyro_mag,jerk,roll,pitch,tilt_delta",20.0,25.0,uniform_20hz_time_interpolation_to_25hz,adl_sliding_capped,349,436,,,dataset_unit_map,wrist,bits,m/s^2,rad/s,m/s^2,rad/s,1.0,1.0,True,test,non_fall,non_fall,2.3185557438409887e-05,none,lateral,0.9364122152328491
w25_00000635,bits,C:\Users\ADMIN\Desktop\ds-fall\data\raw\Dataset\adl\user17\user17_adl2.csv,C:\Users\ADMIN\Desktop\ds-fall\data\raw\Dataset,user17,user17_adl2,adl2,walking_quickly,walking_quickly,0,none,False,0,50,0.0,2.0,25.0,50,12,"ax,ay,az,gx,gy,gz,acc_mag,gyro_mag,jerk,roll,pitch,tilt_delta",20.0,25.0,uniform_20hz_time_interpolation_to_25hz,adl_sliding_capped,425,531,,,dataset_unit_map,wrist,bits,m/s^2,rad/s,m/s^2,rad/s,1.0,1.0,True,test,non_fall,non_fall,2.2372945807092037e-07,none,forward,0.7579011917114258
w25_00000636,bits,C:\Users\ADMIN\Desktop\ds-fall\data\raw\Dataset\adl\user17\user17_adl2.csv,C:\Users\ADMIN\Desktop\ds-fall\data\raw\Dataset,user17,user17_adl2,adl2,walking_quickly,walking_quickly,0,none,False,12,62,0.48,2.48,25.0,50,12,"ax,ay,az,gx,gy,gz,acc_mag,gyro_mag,jerk,roll,pitch,tilt_delta",20.0,25.0,uniform_20hz_time_interpolation_to_25hz,adl_sliding_capped,425,531,,,dataset_unit_map,wrist,bits,m/s^2,rad/s,m/s^2,rad/s,1.0,1.0,True,test,non_fall,non_fall,5.077846481071902e-07,none,lateral,0.9002257585525513
w25_00000637,bits,C:\Users\ADMIN\Desktop\ds-fall\data\raw\Dataset\adl\user17\user17_adl2.csv,C:\Users\ADMIN\Desktop\ds-fall\data\raw\Dataset,user17,user17_adl2,adl2,walking_quickly,walking_quickly,0,none,False,24,74,0.96,2.96,25.0,50,12,"ax,ay,az,gx,gy,gz,acc_mag,gyro_mag,jerk,roll,pitch,tilt_delta",20.0,25.0,uniform_20hz_time_interpolation_to_25hz,adl_sliding_capped,425,531,,,dataset_unit_map,wrist,bits,m/s^2,rad/s,m/s^2,rad/s,1.0,1.0,True,test,non_fall,non_fall,2.7714247607946163e-07,none,backward,0.46278348565101624
w25_00000638,bits,C:\Users\ADMIN\Desktop\ds-fall\data\raw\Dataset\adl\user17\user17_adl2.csv,C:\Users\ADMIN\Desktop\ds-fall\data\raw\Dataset,user17,user17_adl2,adl2,walking_quickly,walking_quickly,0,none,False,36,86,1.44,3.44,25.0,50,12,"ax,ay,az,gx,gy,gz,acc_mag,gyro_mag,jerk,roll,pitch,tilt_delta",20.0,25.0,uniform_20hz_time_interpolation_to_25hz,adl_sliding_capped,425,531,,,dataset_unit_map,wrist,bits,m/s^2,rad/s,m/s^2,rad/s,1.0,1.0,True,test,non_fall,non_fall,4.074646824392403e-07,none,forward,0.7356714606285095
w25_00000639,bits,C:\Users\ADMIN\Desktop\ds-fall\data\raw\Dataset\adl\user17\user17_adl2.csv,C:\Users\ADMIN\Desktop\ds-fall\data\raw\Dataset,user17,user17_adl2,adl2,walking_quickly,walking_quickly,0,none,False,48,98,1.92,3.92,25.0,50,12,"ax,ay,az,gx,gy,gz,acc_mag,gyro_mag,jerk,roll,pitch,tilt_delta",20.0,25.0,uniform_20hz_time_interpolation_to_25hz,adl_sliding_capped,425,531,,,dataset_unit_map,wrist,bits,m/s^2,rad/s,m/s^2,rad/s,1.0,1.0,True,test,non_fall,non_fall,8.260111599156517e-07,none,forward,0.7893534898757935
w25_00000640,bits,C:\Users\ADMIN\Desktop\ds-fall\data\raw\Dataset\adl\user17\user17_adl3.csv,C:\Users\ADMIN\Desktop\ds-fall\data\raw\Dataset,user17,user17_adl3,adl3,jogging,jogging,0,none,False,0,50,0.0,2.0,25.0,50,12,"ax,ay,az,gx,gy,gz,acc_mag,gyro_mag,jerk,roll,pitch,tilt_delta",20.0,25.0,uniform_20hz_time_interpolation_to_25hz,adl_sliding_capped,1621,2026,,,dataset_unit_map,wrist,bits,m/s^2,rad/s,m/s^2,rad/s,1.0,1.0,True,test,non_fall,non_fall,1.8808945512205355e-09,none,backward,0.9970781803131104
w25_00000641,bits,C:\Users\ADMIN\Desktop\ds-fall\data\raw\Dataset\adl\user17\user17_adl3.csv,C:\Users\ADMIN\Desktop\ds-fall\data\raw\Dataset,user17,user17_adl3,adl3,jogging,jogging,0,none,False,12,62,0.48,2.48,25.0,50,12,"ax,ay,az,gx,gy,gz,acc_mag,gyro_mag,jerk,roll,pitch,tilt_delta",20.0,25.0,uniform_20hz_time_interpolation_to_25hz,adl_sliding_capped,1621,2026,,,dataset_unit_map,wrist,bits,m/s^2,rad/s,m/s^2,rad/s,1.0,1.0,True,test,non_fall,non_fall,2.8085289649482092e-09,none,backward,0.9981443881988525
w25_00000642,bits,C:\Users\ADMIN\Desktop\ds-fall\data\raw\Dataset\adl\user17\user17_adl3.csv,C:\Users\ADMIN\Desktop\ds-fall\data\raw\Dataset,user17,user17_adl3,adl3,jogging,jogging,0,none,False,24,74,0.96,2.96,25.0,50,12,"ax,ay,az,gx,gy,gz,acc_mag,gyro_mag,jerk,roll,pitch,tilt_delta",20.0,25.0,uniform_20hz_time_interpolation_to_25hz,adl_sliding_capped,1621,2026,,,dataset_unit_map,wrist,bits,m/s^2,rad/s,m/s^2,rad/s,1.0,1.0,True,test,non_fall,non_fall,1.4965353045681695e-07,none,lateral,0.9991138577461243
w25_00000643,bits,C:\Users\ADMIN\Desktop\ds-fall\data\raw\Dataset\adl\user17\user17_adl3.csv,C:\Users\ADMIN\Desktop\ds-fall\data\raw\Dataset,user17,user17_adl3,adl3,jogging,jogging,0,none,False,36,86,1.44,3.44,25.0,50,12,"ax,ay,az,gx,gy,gz,acc_mag,gyro_mag,jerk,roll,pitch,tilt_delta",20.0,25.0,uniform_20hz_time_interpolation_to_25hz,adl_sliding_capped,1621,2026,,,dataset_unit_map,wrist,bits,m/s^2,rad/s,m/s^2,rad/s,1.0,1.0,True,test,non_fall,non_fall,2.1246286507903278e-08,none,lateral,0.9999418258666992
w25_00000644,bits,C:\Users\ADMIN\Desktop\ds-fall\data\raw\Dataset\adl\user17\user17_adl3.csv,C:\Users\ADMIN\Desktop\ds-fall\data\raw\Dataset,user17,user17_adl3,adl3,jogging,jogging,0,none,False,48,98,1.92,3.92,25.0,50,12,"ax,ay,az,gx,gy,gz,acc_mag,gyro_mag,jerk,roll,pitch,tilt_delta",20.0,25.0,uniform_20hz_time_interpolation_to_25hz,adl_sliding_capped,1621,2026,,,dataset_unit_map,wrist,bits,m/s^2,rad/s,m/s^2,rad/s,1.0,1.0,True,test,non_fall,non_fall,3.479527421745843e-08,none,lateral,0.9998841285705566
w25_00000645,bits,C:\Users\ADMIN\Desktop\ds-fall\data\raw\Dataset\adl\user17\user17_adl4.csv,C:\Users\ADMIN\Desktop\ds-fall\data\raw\Dataset,user17,user17_adl4,adl4,jumping,jumping,0,none,False,0,50,0.0,2.0,25.0,50,12,"ax,ay,az,gx,gy,gz,acc_mag,gyro_mag,jerk,roll,pitch,tilt_delta",20.0,25.0,uniform_20hz_time_interpolation_to_25hz,adl_sliding_capped,708,884,,,dataset_unit_map,wrist,bits,m/s^2,rad/s,m/s^2,rad/s,1.0,1.0,True,test,non_fall,non_fall,3.246288349245674e-09,none,lateral,0.7541055083274841
w25_00000646,bits,C:\Users\ADMIN\Desktop\ds-fall\data\raw\Dataset\adl\user17\user17_adl4.csv,C:\Users\ADMIN\Desktop\ds-fall\data\raw\Dataset,user17,user17_adl4,adl4,jumping,jumping,0,none,False,12,62,0.48,2.48,25.0,50,12,"ax,ay,az,gx,gy,gz,acc_mag,gyro_mag,jerk,roll,pitch,tilt_delta",20.0,25.0,uniform_20hz_time_interpolation_to_25hz,adl_sliding_capped,708,884,,,dataset_unit_map,wrist,bits,m/s^2,rad/s,m/s^2,rad/s,1.0,1.0,True,test,non_fall,non_fall,8.8674989573434e-10,none,backward,0.9999983310699463
w25_00000647,bits,C:\Users\ADMIN\Desktop\ds-fall\data\raw\Dataset\adl\user17\user17_adl4.csv,C:\Users\ADMIN\Desktop\ds-fall\data\raw\Dataset,user17,user17_adl4,adl4,jumping,jumping,0,none,False,24,74,0.96,2.96,25.0,50,12,"ax,ay,az,gx,gy,gz,acc_mag,gyro_mag,jerk,roll,pitch,tilt_delta",20.0,25.0,uniform_20hz_time_interpolation_to_25hz,adl_sliding_capped,708,884,,,dataset_unit_map,wrist,bits,m/s^2,rad/s,m/s^2,rad/s,1.0,1.0,True,test,non_fall,non_fall,3.973775974941418e-08,none,backward,0.9994770884513855
w25_00000648,bits,C:\Users\ADMIN\Desktop\ds-fall\data\raw\Dataset\adl\user17\user17_adl4.csv,C:\Users\ADMIN\Desktop\ds-fall\data\raw\Dataset,user17,user17_adl4,adl4,jumping,jumping,0,none,False,36,86,1.44,3.44,25.0,50,12,"ax,ay,az,gx,gy,gz,acc_mag,gyro_mag,jerk,roll,pitch,tilt_delta",20.0,25.0,uniform_20hz_time_interpolation_to_25hz,adl_sliding_capped,708,884,,,dataset_unit_map,wrist,bits,m/s^2,rad/s,m/s^2,rad/s,1.0,1.0,True,test,non_fall,non_fall,9.029287895145899e-08,none,backward,0.9999932050704956
w25_00000649,bits,C:\Users\ADMIN\Desktop\ds-fall\data\raw\Dataset\adl\user17\user17_adl4.csv,C:\Users\ADMIN\Desktop\ds-fall\data\raw\Dataset,user17,user17_adl4,adl4,jumping,jumping,0,none,False,48,98,1.92,3.92,25.0,50,12,"ax,ay,az,gx,gy,gz,acc_mag,gyro_mag,jerk,roll,pitch,tilt_delta",20.0,25.0,uniform_20hz_time_interpolation_to_25hz,adl_sliding_capped,708,884,,,dataset_unit_map,wrist,bits,m/s^2,rad/s,m/s^2,rad/s,1.0,1.0,True,test,non_fall,non_fall,2.9395890166483696e-08,none,backward,0.9997058510780334
w25_00000650,bits,C:\Users\ADMIN\Desktop\ds-fall\data\raw\Dataset\adl\user17\user17_adl5.csv,C:\Users\ADMIN\Desktop\ds-fall\data\raw\Dataset,user17,user17_adl5,adl5,climbing_up_slowly,climbing_up_slowly,0,none,False,0,50,0.0,2.0,25.0,50,12,"ax,ay,az,gx,gy,gz,acc_mag,gyro_mag,jerk,roll,pitch,tilt_delta",20.0,25.0,uniform_20hz_time_interpolation_to_25hz,adl_sliding_capped,182,227,,,dataset_unit_map,wrist,bits,m/s^2,rad/s,m/s^2,rad/s,1.0,1.0,True,test,non_fall,non_fall,1.1621746125456411e-06,none,forward,0.9943832159042358
w25_00000651,bits,C:\Users\ADMIN\Desktop\ds-fall\data\raw\Dataset\adl\user17\user17_adl5.csv,C:\Users\ADMIN\Desktop\ds-fall\data\raw\Dataset,user17,user17_adl5,adl5,climbing_up_slowly,climbing_up_slowly,0,none,False,12,62,0.48,2.48,25.0,50,12,"ax,ay,az,gx,gy,gz,acc_mag,gyro_mag,jerk,roll,pitch,tilt_delta",20.0,25.0,uniform_20hz_time_interpolation_to_25hz,adl_sliding_capped,182,227,,,dataset_unit_map,wrist,bits,m/s^2,rad/s,m/s^2,rad/s,1.0,1.0,True,test,non_fall,non_fall,3.0036053999538126e-07,none,forward,0.9949709177017212
w25_00000652,bits,C:\Users\ADMIN\Desktop\ds-fall\data\raw\Dataset\adl\user17\user17_adl5.csv,C:\Users\ADMIN\Desktop\ds-fall\data\raw\Dataset,user17,user17_adl5,adl5,climbing_up_slowly,climbing_up_slowly,0,none,False,24,74,0.96,2.96,25.0,50,12,"ax,ay,az,gx,gy,gz,acc_mag,gyro_mag,jerk,roll,pitch,tilt_delta",20.0,25.0,uniform_20hz_time_interpolation_to_25hz,adl_sliding_capped,182,227,,,dataset_unit_map,wrist,bits,m/s^2,rad/s,m/s^2,rad/s,1.0,1.0,True,test,non_fall,non_fall,9.167874992499492e-08,none,forward,0.993778645992279
w25_00000653,bits,C:\Users\ADMIN\Desktop\ds-fall\data\raw\Dataset\adl\user17\user17_adl5.csv,C:\Users\ADMIN\Desktop\ds-fall\data\raw\Dataset,user17,user17_adl5,adl5,climbing_up_slowly,climbing_up_slowly,0,none,False,36,86,1.44,3.44,25.0,50,12,"ax,ay,az,gx,gy,gz,acc_mag,gyro_mag,jerk,roll,pitch,tilt_delta",20.0,25.0,uniform_20hz_time_interpolation_to_25hz,adl_sliding_capped,182,227,,,dataset_unit_map,wrist,bits,m/s^2,rad/s,m/s^2,rad/s,1.0,1.0,True,test,non_fall,non_fall,8.724708209228993e-07,none,forward,0.9967789053916931
w25_00000654,bits,C:\Users\ADMIN\Desktop\ds-fall\data\raw\Dataset\adl\user17\user17_adl5.csv,C:\Users\ADMIN\Desktop\ds-fall\data\raw\Dataset,user17,user17_adl5,adl5,climbing_up_slowly,climbing_up_slowly,0,none,False,48,98,1.92,3.92,25.0,50,12,"ax,ay,az,gx,gy,gz,acc_mag,gyro_mag,jerk,roll,pitch,tilt_delta",20.0,25.0,uniform_20hz_time_interpolation_to_25hz,adl_sliding_capped,182,227,,,dataset_unit_map,wrist,bits,m/s^2,rad/s,m/s^2,rad/s,1.0,1.0,True,test,non_fall,non_fall,4.062575698071669e-08,none,forward,0.9962297081947327
w25_00000655,bits,C:\Users\ADMIN\Desktop\ds-fall\data\raw\Dataset\adl\user17\user17_adl6.csv,C:\Users\ADMIN\Desktop\ds-fall\data\raw\Dataset,user17,user17_adl6,adl6,climbing_down_slowly,climbing_down_slowly,0,none,False,0,50,0.0,2.0,25.0,50,12,"ax,ay,az,gx,gy,gz,acc_mag,gyro_mag,jerk,roll,pitch,tilt_delta",20.0,25.0,uniform_20hz_time_interpolation_to_25hz,adl_sliding_capped,406,507,,,dataset_unit_map,wrist,bits,m/s^2,rad/s,m/s^2,rad/s,1.0,1.0,True,test,non_fall,non_fall,7.682579905576858e-08,none,forward,0.5406553745269775
w25_00000656,bits,C:\Users\ADMIN\Desktop\ds-fall\data\raw\Dataset\adl\user17\user17_adl6.csv,C:\Users\ADMIN\Desktop\ds-fall\data\raw\Dataset,user17,user17_adl6,adl6,climbing_down_slowly,climbing_down_slowly,0,none,False,12,62,0.48,2.48,25.0,50,12,"ax,ay,az,gx,gy,gz,acc_mag,gyro_mag,jerk,roll,pitch,tilt_delta",20.0,25.0,uniform_20hz_time_interpolation_to_25hz,adl_sliding_capped,406,507,,,dataset_unit_map,wrist,bits,m/s^2,rad/s,m/s^2,rad/s,1.0,1.0,True,test,non_fall,non_fall,1.581006330297896e-07,none,forward,0.8368080258369446
w25_00000657,bits,C:\Users\ADMIN\Desktop\ds-fall\data\raw\Dataset\adl\user17\user17_adl6.csv,C:\Users\ADMIN\Desktop\ds-fall\data\raw\Dataset,user17,user17_adl6,adl6,climbing_down_slowly,climbing_down_slowly,0,none,False,24,74,0.96,2.96,25.0,50,12,"ax,ay,az,gx,gy,gz,acc_mag,gyro_mag,jerk,roll,pitch,tilt_delta",20.0,25.0,uniform_20hz_time_interpolation_to_25hz,adl_sliding_capped,406,507,,,dataset_unit_map,wrist,bits,m/s^2,rad/s,m/s^2,rad/s,1.0,1.0,True,test,non_fall,non_fall,6.193209856064641e-08,none,forward,0.8748814463615417
w25_00000658,bits,C:\Users\ADMIN\Desktop\ds-fall\data\raw\Dataset\adl\user17\user17_adl6.csv,C:\Users\ADMIN\Desktop\ds-fall\data\raw\Dataset,user17,user17_adl6,adl6,climbing_down_slowly,climbing_down_slowly,0,none,False,36,86,1.44,3.44,25.0,50,12,"ax,ay,az,gx,gy,gz,acc_mag,gyro_mag,jerk,roll,pitch,tilt_delta",20.0,25.0,uniform_20hz_time_interpolation_to_25hz,adl_sliding_capped,406,507,,,dataset_unit_map,wrist,bits,m/s^2,rad/s,m/s^2,rad/s,1.0,1.0,True,test,non_fall,non_fall,3.9433629694940464e-07,none,forward,0.7353377938270569
w25_00000659,bits,C:\Users\ADMIN\Desktop\ds-fall\data\raw\Dataset\adl\user17\user17_adl6.csv,C:\Users\ADMIN\Desktop\ds-fall\data\raw\Dataset,user17,user17_adl6,adl6,climbing_down_slowly,climbing_down_slowly,0,none,False,48,98,1.92,3.92,25.0,50,12,"ax,ay,az,gx,gy,gz,acc_mag,gyro_mag,jerk,roll,pitch,tilt_delta",20.0,25.0,uniform_20hz_time_interpolation_to_25hz,adl_sliding_capped,406,507,,,dataset_unit_map,wrist,bits,m/s^2,rad/s,m/s^2,rad/s,1.0,1.0,True,test,non_fall,non_fall,2.091071422682944e-07,none,forward,0.4450863003730774
w25_00000660,bits,C:\Users\ADMIN\Desktop\ds-fall\data\raw\Dataset\adl\user17\user17_adl7.csv,C:\Users\ADMIN\Desktop\ds-fall\data\raw\Dataset,user17,user17_adl7,adl7,climbing_up_normally,climbing_up_normally,0,none,False,0,50,0.0,2.0,25.0,50,12,"ax,ay,az,gx,gy,gz,acc_mag,gyro_mag,jerk,roll,pitch,tilt_delta",20.0,25.0,uniform_20hz_time_interpolation_to_25hz,adl_sliding_capped,213,266,,,dataset_unit_map,wrist,bits,m/s^2,rad/s,m/s^2,rad/s,1.0,1.0,True,test,non_fall,non_fall,0.00010663497232599184,none,lateral,0.9957503080368042
w25_00000661,bits,C:\Users\ADMIN\Desktop\ds-fall\data\raw\Dataset\adl\user17\user17_adl7.csv,C:\Users\ADMIN\Desktop\ds-fall\data\raw\Dataset,user17,user17_adl7,adl7,climbing_up_normally,climbing_up_normally,0,none,False,12,62,0.48,2.48,25.0,50,12,"ax,ay,az,gx,gy,gz,acc_mag,gyro_mag,jerk,roll,pitch,tilt_delta",20.0,25.0,uniform_20hz_time_interpolation_to_25hz,adl_sliding_capped,213,266,,,dataset_unit_map,wrist,bits,m/s^2,rad/s,m/s^2,rad/s,1.0,1.0,True,test,non_fall,non_fall,0.00018839159747585654,none,lateral,0.9964267611503601
w25_00000662,bits,C:\Users\ADMIN\Desktop\ds-fall\data\raw\Dataset\adl\user17\user17_adl7.csv,C:\Users\ADMIN\Desktop\ds-fall\data\raw\Dataset,user17,user17_adl7,adl7,climbing_up_normally,climbing_up_normally,0,none,False,24,74,0.96,2.96,25.0,50,12,"ax,ay,az,gx,gy,gz,acc_mag,gyro_mag,jerk,roll,pitch,tilt_delta",20.0,25.0,uniform_20hz_time_interpolation_to_25hz,adl_sliding_capped,213,266,,,dataset_unit_map,wrist,bits,m/s^2,rad/s,m/s^2,rad/s,1.0,1.0,True,test,non_fall,non_fall,3.8092332488304237e-06,none,backward,0.7151867151260376
w25_00000663,bits,C:\Users\ADMIN\Desktop\ds-fall\data\raw\Dataset\adl\user17\user17_adl7.csv,C:\Users\ADMIN\Desktop\ds-fall\data\raw\Dataset,user17,user17_adl7,adl7,climbing_up_normally,climbing_up_normally,0,none,False,36,86,1.44,3.44,25.0,50,12,"ax,ay,az,gx,gy,gz,acc_mag,gyro_mag,jerk,roll,pitch,tilt_delta",20.0,25.0,uniform_20hz_time_interpolation_to_25hz,adl_sliding_capped,213,266,,,dataset_unit_map,wrist,bits,m/s^2,rad/s,m/s^2,rad/s,1.0,1.0,True,test,non_fall,non_fall,0.008713492192327976,none,lateral,0.9574505090713501
w25_00000664,bits,C:\Users\ADMIN\Desktop\ds-fall\data\raw\Dataset\adl\user17\user17_adl7.csv,C:\Users\ADMIN\Desktop\ds-fall\data\raw\Dataset,user17,user17_adl7,adl7,climbing_up_normally,climbing_up_normally,0,none,False,48,98,1.92,3.92,25.0,50,12,"ax,ay,az,gx,gy,gz,acc_mag,gyro_mag,jerk,roll,pitch,tilt_delta",20.0,25.0,uniform_20hz_time_interpolation_to_25hz,adl_sliding_capped,213,266,,,dataset_unit_map,wrist,bits,m/s^2,rad/s,m/s^2,rad/s,1.0,1.0,True,test,non_fall,non_fall,0.002471532206982374,none,lateral,0.9854797720909119
w25_00000665,bits,C:\Users\ADMIN\Desktop\ds-fall\data\raw\Dataset\adl\user17\user17_adl8.csv,C:\Users\ADMIN\Desktop\ds-fall\data\raw\Dataset,user17,user17_adl8,adl8,climbing_down_normally,climbing_down_normally,0,none,False,0,50,0.0,2.0,25.0,50,12,"ax,ay,az,gx,gy,gz,acc_mag,gyro_mag,jerk,roll,pitch,tilt_delta",20.0,25.0,uniform_20hz_time_interpolation_to_25hz,adl_sliding_capped,261,326,,,dataset_unit_map,wrist,bits,m/s^2,rad/s,m/s^2,rad/s,1.0,1.0,True,test,non_fall,non_fall,2.729524567257613e-06,none,forward,0.778268575668335
w25_00000666,bits,C:\Users\ADMIN\Desktop\ds-fall\data\raw\Dataset\adl\user17\user17_adl8.csv,C:\Users\ADMIN\Desktop\ds-fall\data\raw\Dataset,user17,user17_adl8,adl8,climbing_down_normally,climbing_down_normally,0,none,False,12,62,0.48,2.48,25.0,50,12,"ax,ay,az,gx,gy,gz,acc_mag,gyro_mag,jerk,roll,pitch,tilt_delta",20.0,25.0,uniform_20hz_time_interpolation_to_25hz,adl_sliding_capped,261,326,,,dataset_unit_map,wrist,bits,m/s^2,rad/s,m/s^2,rad/s,1.0,1.0,True,test,non_fall,non_fall,1.1028988637917791e-06,none,forward,0.809730589389801
w25_00000667,bits,C:\Users\ADMIN\Desktop\ds-fall\data\raw\Dataset\adl\user17\user17_adl8.csv,C:\Users\ADMIN\Desktop\ds-fall\data\raw\Dataset,user17,user17_adl8,adl8,climbing_down_normally,climbing_down_normally,0,none,False,24,74,0.96,2.96,25.0,50,12,"ax,ay,az,gx,gy,gz,acc_mag,gyro_mag,jerk,roll,pitch,tilt_delta",20.0,25.0,uniform_20hz_time_interpolation_to_25hz,adl_sliding_capped,261,326,,,dataset_unit_map,wrist,bits,m/s^2,rad/s,m/s^2,rad/s,1.0,1.0,True,test,non_fall,non_fall,2.1456132799357874e-06,none,lateral,0.9591175317764282
w25_00000668,bits,C:\Users\ADMIN\Desktop\ds-fall\data\raw\Dataset\adl\user17\user17_adl8.csv,C:\Users\ADMIN\Desktop\ds-fall\data\raw\Dataset,user17,user17_adl8,adl8,climbing_down_normally,climbing_down_normally,0,none,False,36,86,1.44,3.44,25.0,50,12,"ax,ay,az,gx,gy,gz,acc_mag,gyro_mag,jerk,roll,pitch,tilt_delta",20.0,25.0,uniform_20hz_time_interpolation_to_25hz,adl_sliding_capped,261,326,,,dataset_unit_map,wrist,bits,m/s^2,rad/s,m/s^2,rad/s,1.0,1.0,True,test,non_fall,non_fall,3.481556859696866e-06,none,backward,0.9753004312515259
w25_00000669,bits,C:\Users\ADMIN\Desktop\ds-fall\data\raw\Dataset\adl\user17\user17_adl8.csv,C:\Users\ADMIN\Desktop\ds-fall\data\raw\Dataset,user17,user17_adl8,adl8,climbing_down_normally,climbing_down_normally,0,none,False,48,98,1.92,3.92,25.0,50,12,"ax,ay,az,gx,gy,gz,acc_mag,gyro_mag,jerk,roll,pitch,tilt_delta",20.0,25.0,uniform_20hz_time_interpolation_to_25hz,adl_sliding_capped,261,326,,,dataset_unit_map,wrist,bits,m/s^2,rad/s,m/s^2,rad/s,1.0,1.0,True,test,non_fall,non_fall,6.139063657428778e-07,none,backward,0.8993619680404663
w25_00000670,bits,C:\Users\ADMIN\Desktop\ds-fall\data\raw\Dataset\adl\user17\user17_adl9.csv,C:\Users\ADMIN\Desktop\ds-fall\data\raw\Dataset,user17,user17_adl9,adl9,slowly_sitting_on_chair,slowly_sitting_on_chair,0,none,False,0,50,0.0,2.0,25.0,50,12,"ax,ay,az,gx,gy,gz,acc_mag,gyro_mag,jerk,roll,pitch,tilt_delta",20.0,25.0,uniform_20hz_time_interpolation_to_25hz,adl_sliding_capped,305,381,,,dataset_unit_map,wrist,bits,m/s^2,rad/s,m/s^2,rad/s,1.0,1.0,True,test,non_fall,non_fall,2.074025218234965e-07,none,forward,0.519688069820404
w25_00000671,bits,C:\Users\ADMIN\Desktop\ds-fall\data\raw\Dataset\adl\user17\user17_adl9.csv,C:\Users\ADMIN\Desktop\ds-fall\data\raw\Dataset,user17,user17_adl9,adl9,slowly_sitting_on_chair,slowly_sitting_on_chair,0,none,False,12,62,0.48,2.48,25.0,50,12,"ax,ay,az,gx,gy,gz,acc_mag,gyro_mag,jerk,roll,pitch,tilt_delta",20.0,25.0,uniform_20hz_time_interpolation_to_25hz,adl_sliding_capped,305,381,,,dataset_unit_map,wrist,bits,m/s^2,rad/s,m/s^2,rad/s,1.0,1.0,True,test,non_fall,non_fall,3.958857419661399e-08,none,forward,0.5889730453491211
w25_00000672,bits,C:\Users\ADMIN\Desktop\ds-fall\data\raw\Dataset\adl\user17\user17_adl9.csv,C:\Users\ADMIN\Desktop\ds-fall\data\raw\Dataset,user17,user17_adl9,adl9,slowly_sitting_on_chair,slowly_sitting_on_chair,0,none,False,24,74,0.96,2.96,25.0,50,12,"ax,ay,az,gx,gy,gz,acc_mag,gyro_mag,jerk,roll,pitch,tilt_delta",20.0,25.0,uniform_20hz_time_interpolation_to_25hz,adl_sliding_capped,305,381,,,dataset_unit_map,wrist,bits,m/s^2,rad/s,m/s^2,rad/s,1.0,1.0,True,test,non_fall,non_fall,1.468847017349617e-07,none,forward,0.7186821699142456
w25_00000673,bits,C:\Users\ADMIN\Desktop\ds-fall\data\raw\Dataset\adl\user17\user17_adl9.csv,C:\Users\ADMIN\Desktop\ds-fall\data\raw\Dataset,user17,user17_adl9,adl9,slowly_sitting_on_chair,slowly_sitting_on_chair,0,none,False,36,86,1.44,3.44,25.0,50,12,"ax,ay,az,gx,gy,gz,acc_mag,gyro_mag,jerk,roll,pitch,tilt_delta",20.0,25.0,uniform_20hz_time_interpolation_to_25hz,adl_sliding_capped,305,381,,,dataset_unit_map,wrist,bits,m/s^2,rad/s,m/s^2,rad/s,1.0,1.0,True,test,non_fall,non_fall,2.8711437494166603e-07,none,forward,0.6656564474105835
w25_00000674,bits,C:\Users\ADMIN\Desktop\ds-fall\data\raw\Dataset\adl\user17\user17_adl9.csv,C:\Users\ADMIN\Desktop\ds-fall\data\raw\Dataset,user17,user17_adl9,adl9,slowly_sitting_on_chair,slowly_sitting_on_chair,0,none,False,48,98,1.92,3.92,25.0,50,12,"ax,ay,az,gx,gy,gz,acc_mag,gyro_mag,jerk,roll,pitch,tilt_delta",20.0,25.0,uniform_20hz_time_interpolation_to_25hz,adl_sliding_capped,305,381,,,dataset_unit_map,wrist,bits,m/s^2,rad/s,m/s^2,rad/s,1.0,1.0,True,test,non_fall,non_fall,4.0454946770296374e-07,none,forward,0.7891489267349243
w25_00001475,bits,C:\Users\ADMIN\Desktop\ds-fall\data\raw\Dataset\adl\user27\user27_adl1.csv,C:\Users\ADMIN\Desktop\ds-fall\data\raw\Dataset,user27,user27_adl1,adl1,walking_slowly,walking_slowly,0,none,False,0,50,0.0,2.0,25.0,50,12,"ax,ay,az,gx,gy,gz,acc_mag,gyro_mag,jerk,roll,pitch,tilt_delta",20.0,25.0,uniform_20hz_time_interpolation_to_25hz,adl_sliding_capped,886,1107,,,dataset_unit_map,wrist,bits,m/s^2,rad/s,m/s^2,rad/s,1.0,1.0,True,test,non_fall,non_fall,2.961178097393713e-06,none,forward,0.9893445372581482
w25_00001476,bits,C:\Users\ADMIN\Desktop\ds-fall\data\raw\Dataset\adl\user27\user27_adl1.csv,C:\Users\ADMIN\Desktop\ds-fall\data\raw\Dataset,user27,user27_adl1,adl1,walking_slowly,walking_slowly,0,none,False,12,62,0.48,2.48,25.0,50,12,"ax,ay,az,gx,gy,gz,acc_mag,gyro_mag,jerk,roll,pitch,tilt_delta",20.0,25.0,uniform_20hz_time_interpolation_to_25hz,adl_sliding_capped,886,1107,,,dataset_unit_map,wrist,bits,m/s^2,rad/s,m/s^2,rad/s,1.0,1.0,True,test,non_fall,non_fall,1.3935523384134285e-06,none,backward,0.5827425122261047
w25_00001477,bits,C:\Users\ADMIN\Desktop\ds-fall\data\raw\Dataset\adl\user27\user27_adl1.csv,C:\Users\ADMIN\Desktop\ds-fall\data\raw\Dataset,user27,user27_adl1,adl1,walking_slowly,walking_slowly,0,none,False,24,74,0.96,2.96,25.0,50,12,"ax,ay,az,gx,gy,gz,acc_mag,gyro_mag,jerk,roll,pitch,tilt_delta",20.0,25.0,uniform_20hz_time_interpolation_to_25hz,adl_sliding_capped,886,1107,,,dataset_unit_map,wrist,bits,m/s^2,rad/s,m/s^2,rad/s,1.0,1.0,True,test,non_fall,non_fall,7.114296636245854e-07,none,forward,0.7406806349754333
w25_00001478,bits,C:\Users\ADMIN\Desktop\ds-fall\data\raw\Dataset\adl\user27\user27_adl1.csv,C:\Users\ADMIN\Desktop\ds-fall\data\raw\Dataset,user27,user27_adl1,adl1,walking_slowly,walking_slowly,0,none,False,36,86,1.44,3.44,25.0,50,12,"ax,ay,az,gx,gy,gz,acc_mag,gyro_mag,jerk,roll,pitch,tilt_delta",20.0,25.0,uniform_20hz_time_interpolation_to_25hz,adl_sliding_capped,886,1107,,,dataset_unit_map,wrist,bits,m/s^2,rad/s,m/s^2,rad/s,1.0,1.0,True,test,non_fall,non_fall,6.973054951231461e-07,none,forward,0.8161652088165283
w25_00001479,bits,C:\Users\ADMIN\Desktop\ds-fall\data\raw\Dataset\adl\user27\user27_adl1.csv,C:\Users\ADMIN\Desktop\ds-fall\data\raw\Dataset,user27,user27_adl1,adl1,walking_slowly,walking_slowly,0,none,False,48,98,1.92,3.92,25.0,50,12,"ax,ay,az,gx,gy,gz,acc_mag,gyro_mag,jerk,roll,pitch,tilt_delta",20.0,25.0,uniform_20hz_time_interpolation_to_25hz,adl_sliding_capped,886,1107,,,dataset_unit_map,wrist,bits,m/s^2,rad/s,m/s^2,rad/s,1.0,1.0,True,test,non_fall,non_fall,3.631664071690466e-07,none,forward,0.7822704315185547
w25_00001480,bits,C:\Users\ADMIN\Desktop\ds-fall\data\raw\Dataset\adl\user27\user27_adl10.csv,C:\Users\ADMIN\Desktop\ds-fall\data\raw\Dataset,user27,user27_adl10,adl10,rapidly_sitting_on_chair,rapidly_sitting_on_chair,0,none,False,0,50,0.0,2.0,25.0,50,12,"ax,ay,az,gx,gy,gz,acc_mag,gyro_mag,jerk,roll,pitch,tilt_delta",20.0,25.0,uniform_20hz_time_interpolation_to_25hz,adl_sliding_capped,194,242,,,dataset_unit_map,wrist,bits,m/s^2,rad/s,m/s^2,rad/s,1.0,1.0,True,test,non_fall,non_fall,2.0556149138428736e-06,none,lateral,0.7824729681015015
w25_00001481,bits,C:\Users\ADMIN\Desktop\ds-fall\data\raw\Dataset\adl\user27\user27_adl10.csv,C:\Users\ADMIN\Desktop\ds-fall\data\raw\Dataset,user27,user27_adl10,adl10,rapidly_sitting_on_chair,rapidly_sitting_on_chair,0,none,False,12,62,0.48,2.48,25.0,50,12,"ax,ay,az,gx,gy,gz,acc_mag,gyro_mag,jerk,roll,pitch,tilt_delta",20.0,25.0,uniform_20hz_time_interpolation_to_25hz,adl_sliding_capped,194,242,,,dataset_unit_map,wrist,bits,m/s^2,rad/s,m/s^2,rad/s,1.0,1.0,True,test,non_fall,non_fall,1.3042503042015596e-06,none,lateral,0.6726512312889099
w25_00001482,bits,C:\Users\ADMIN\Desktop\ds-fall\data\raw\Dataset\adl\user27\user27_adl10.csv,C:\Users\ADMIN\Desktop\ds-fall\data\raw\Dataset,user27,user27_adl10,adl10,rapidly_sitting_on_chair,rapidly_sitting_on_chair,0,none,False,24,74,0.96,2.96,25.0,50,12,"ax,ay,az,gx,gy,gz,acc_mag,gyro_mag,jerk,roll,pitch,tilt_delta",20.0,25.0,uniform_20hz_time_interpolation_to_25hz,adl_sliding_capped,194,242,,,dataset_unit_map,wrist,bits,m/s^2,rad/s,m/s^2,rad/s,1.0,1.0,True,test,non_fall,non_fall,1.0219494015473174e-06,none,lateral,0.602662205696106
w25_00001483,bits,C:\Users\ADMIN\Desktop\ds-fall\data\raw\Dataset\adl\user27\user27_adl10.csv,C:\Users\ADMIN\Desktop\ds-fall\data\raw\Dataset,user27,user27_adl10,adl10,rapidly_sitting_on_chair,rapidly_sitting_on_chair,0,none,False,36,86,1.44,3.44,25.0,50,12,"ax,ay,az,gx,gy,gz,acc_mag,gyro_mag,jerk,roll,pitch,tilt_delta",20.0,25.0,uniform_20hz_time_interpolation_to_25hz,adl_sliding_capped,194,242,,,dataset_unit_map,wrist,bits,m/s^2,rad/s,m/s^2,rad/s,1.0,1.0,True,test,non_fall,non_fall,6.27449026069371e-07,none,lateral,0.8557161092758179
w25_00001484,bits,C:\Users\ADMIN\Desktop\ds-fall\data\raw\Dataset\adl\user27\user27_adl10.csv,C:\Users\ADMIN\Desktop\ds-fall\data\raw\Dataset,user27,user27_adl10,adl10,rapidly_sitting_on_chair,rapidly_sitting_on_chair,0,none,False,48,98,1.92,3.92,25.0,50,12,"ax,ay,az,gx,gy,gz,acc_mag,gyro_mag,jerk,roll,pitch,tilt_delta",20.0,25.0,uniform_20hz_time_interpolation_to_25hz,adl_sliding_capped,194,242,,,dataset_unit_map,wrist,bits,m/s^2,rad/s,m/s^2,rad/s,1.0,1.0,True,test,non_fall,non_fall,6.740756361978129e-07,none,lateral,0.9065108895301819
w25_00001485,bits,C:\Users\ADMIN\Desktop\ds-fall\data\raw\Dataset\adl\user27\user27_adl11.csv,C:\Users\ADMIN\Desktop\ds-fall\data\raw\Dataset,user27,user27_adl11,adl11,nearly_sitting_and_getting_up,nearly_sitting_and_getting_up,0,none,False,0,50,0.0,2.0,25.0,50,12,"ax,ay,az,gx,gy,gz,acc_mag,gyro_mag,jerk,roll,pitch,tilt_delta",20.0,25.0,uniform_20hz_time_interpolation_to_25hz,adl_sliding_capped,646,807,,,dataset_unit_map,wrist,bits,m/s^2,rad/s,m/s^2,rad/s,1.0,1.0,True,test,non_fall,non_fall,1.2334647863099235e-06,none,forward,0.9873857498168945
w25_00001486,bits,C:\Users\ADMIN\Desktop\ds-fall\data\raw\Dataset\adl\user27\user27_adl11.csv,C:\Users\ADMIN\Desktop\ds-fall\data\raw\Dataset,user27,user27_adl11,adl11,nearly_sitting_and_getting_up,nearly_sitting_and_getting_up,0,none,False,12,62,0.48,2.48,25.0,50,12,"ax,ay,az,gx,gy,gz,acc_mag,gyro_mag,jerk,roll,pitch,tilt_delta",20.0,25.0,uniform_20hz_time_interpolation_to_25hz,adl_sliding_capped,646,807,,,dataset_unit_map,wrist,bits,m/s^2,rad/s,m/s^2,rad/s,1.0,1.0,True,test,non_fall,non_fall,1.8453570191923063e-06,none,forward,0.972612202167511
w25_00001487,bits,C:\Users\ADMIN\Desktop\ds-fall\data\raw\Dataset\adl\user27\user27_adl11.csv,C:\Users\ADMIN\Desktop\ds-fall\data\raw\Dataset,user27,user27_adl11,adl11,nearly_sitting_and_getting_up,nearly_sitting_and_getting_up,0,none,False,24,74,0.96,2.96,25.0,50,12,"ax,ay,az,gx,gy,gz,acc_mag,gyro_mag,jerk,roll,pitch,tilt_delta",20.0,25.0,uniform_20hz_time_interpolation_to_25hz,adl_sliding_capped,646,807,,,dataset_unit_map,wrist,bits,m/s^2,rad/s,m/s^2,rad/s,1.0,1.0,True,test,non_fall,non_fall,4.2212323592139e-07,none,forward,0.9437901377677917
w25_00001488,bits,C:\Users\ADMIN\Desktop\ds-fall\data\raw\Dataset\adl\user27\user27_adl11.csv,C:\Users\ADMIN\Desktop\ds-fall\data\raw\Dataset,user27,user27_adl11,adl11,nearly_sitting_and_getting_up,nearly_sitting_and_getting_up,0,none,False,36,86,1.44,3.44,25.0,50,12,"ax,ay,az,gx,gy,gz,acc_mag,gyro_mag,jerk,roll,pitch,tilt_delta",20.0,25.0,uniform_20hz_time_interpolation_to_25hz,adl_sliding_capped,646,807,,,dataset_unit_map,wrist,bits,m/s^2,rad/s,m/s^2,rad/s,1.0,1.0,True,test,non_fall,non_fall,2.3237405457621207e-06,none,forward,0.9219261407852173
w25_00001489,bits,C:\Users\ADMIN\Desktop\ds-fall\data\raw\Dataset\adl\user27\user27_adl11.csv,C:\Users\ADMIN\Desktop\ds-fall\data\raw\Dataset,user27,user27_adl11,adl11,nearly_sitting_and_getting_up,nearly_sitting_and_getting_up,0,none,False,48,98,1.92,3.92,25.0,50,12,"ax,ay,az,gx,gy,gz,acc_mag,gyro_mag,jerk,roll,pitch,tilt_delta",20.0,25.0,uniform_20hz_time_interpolation_to_25hz,adl_sliding_capped,646,807,,,dataset_unit_map,wrist,bits,m/s^2,rad/s,m/s^2,rad/s,1.0,1.0,True,test,non_fall,non_fall,0.00015080635785125196,none,forward,0.9947513937950134
w25_00001490,bits,C:\Users\ADMIN\Desktop\ds-fall\data\raw\Dataset\adl\user27\user27_adl12.csv,C:\Users\ADMIN\Desktop\ds-fall\data\raw\Dataset,user27,user27_adl12,adl12,swinging_hands,swinging_hands,0,none,False,0,50,0.0,2.0,25.0,50,12,"ax,ay,az,gx,gy,gz,acc_mag,gyro_mag,jerk,roll,pitch,tilt_delta",20.0,25.0,uniform_20hz_time_interpolation_to_25hz,adl_sliding_capped,474,592,,,dataset_unit_map,wrist,bits,m/s^2,rad/s,m/s^2,rad/s,1.0,1.0,True,test,non_fall,non_fall,4.883349902229384e-06,none,lateral,0.7634345293045044
w25_00001491,bits,C:\Users\ADMIN\Desktop\ds-fall\data\raw\Dataset\adl\user27\user27_adl12.csv,C:\Users\ADMIN\Desktop\ds-fall\data\raw\Dataset,user27,user27_adl12,adl12,swinging_hands,swinging_hands,0,none,False,12,62,0.48,2.48,25.0,50,12,"ax,ay,az,gx,gy,gz,acc_mag,gyro_mag,jerk,roll,pitch,tilt_delta",20.0,25.0,uniform_20hz_time_interpolation_to_25hz,adl_sliding_capped,474,592,,,dataset_unit_map,wrist,bits,m/s^2,rad/s,m/s^2,rad/s,1.0,1.0,True,test,non_fall,non_fall,6.773595373488206e-07,none,lateral,0.596389651298523
w25_00001492,bits,C:\Users\ADMIN\Desktop\ds-fall\data\raw\Dataset\adl\user27\user27_adl12.csv,C:\Users\ADMIN\Desktop\ds-fall\data\raw\Dataset,user27,user27_adl12,adl12,swinging_hands,swinging_hands,0,none,False,24,74,0.96,2.96,25.0,50,12,"ax,ay,az,gx,gy,gz,acc_mag,gyro_mag,jerk,roll,pitch,tilt_delta",20.0,25.0,uniform_20hz_time_interpolation_to_25hz,adl_sliding_capped,474,592,,,dataset_unit_map,wrist,bits,m/s^2,rad/s,m/s^2,rad/s,1.0,1.0,True,test,non_fall,non_fall,2.43380014808281e-07,none,lateral,0.8989068865776062
w25_00001493,bits,C:\Users\ADMIN\Desktop\ds-fall\data\raw\Dataset\adl\user27\user27_adl12.csv,C:\Users\ADMIN\Desktop\ds-fall\data\raw\Dataset,user27,user27_adl12,adl12,swinging_hands,swinging_hands,0,none,False,36,86,1.44,3.44,25.0,50,12,"ax,ay,az,gx,gy,gz,acc_mag,gyro_mag,jerk,roll,pitch,tilt_delta",20.0,25.0,uniform_20hz_time_interpolation_to_25hz,adl_sliding_capped,474,592,,,dataset_unit_map,wrist,bits,m/s^2,rad/s,m/s^2,rad/s,1.0,1.0,True,test,non_fall,non_fall,8.770850854489254e-07,none,forward,0.821418046951294
w25_00001494,bits,C:\Users\ADMIN\Desktop\ds-fall\data\raw\Dataset\adl\user27\user27_adl12.csv,C:\Users\ADMIN\Desktop\ds-fall\data\raw\Dataset,user27,user27_adl12,adl12,swinging_hands,swinging_hands,0,none,False,48,98,1.92,3.92,25.0,50,12,"ax,ay,az,gx,gy,gz,acc_mag,gyro_mag,jerk,roll,pitch,tilt_delta",20.0,25.0,uniform_20hz_time_interpolation_to_25hz,adl_sliding_capped,474,592,,,dataset_unit_map,wrist,bits,m/s^2,rad/s,m/s^2,rad/s,1.0,1.0,True,test,non_fall,non_fall,9.99703388515627e-06,none,lateral,0.9439127445220947
w25_00001495,bits,C:\Users\ADMIN\Desktop\ds-fall\data\raw\Dataset\adl\user27\user27_adl13.csv,C:\Users\ADMIN\Desktop\ds-fall\data\raw\Dataset,user27,user27_adl13,adl13,lying_on_bed,lying_on_bed,0,none,False,0,50,0.0,2.0,25.0,50,12,"ax,ay,az,gx,gy,gz,acc_mag,gyro_mag,jerk,roll,pitch,tilt_delta",20.0,25.0,uniform_20hz_time_interpolation_to_25hz,adl_sliding_capped,845,1056,,,dataset_unit_map,wrist,bits,m/s^2,rad/s,m/s^2,rad/s,1.0,1.0,True,test,non_fall,non_fall,2.1907345626459573e-07,none,forward,0.9998111128807068
w25_00001496,bits,C:\Users\ADMIN\Desktop\ds-fall\data\raw\Dataset\adl\user27\user27_adl13.csv,C:\Users\ADMIN\Desktop\ds-fall\data\raw\Dataset,user27,user27_adl13,adl13,lying_on_bed,lying_on_bed,0,none,False,12,62,0.48,2.48,25.0,50,12,"ax,ay,az,gx,gy,gz,acc_mag,gyro_mag,jerk,roll,pitch,tilt_delta",20.0,25.0,uniform_20hz_time_interpolation_to_25hz,adl_sliding_capped,845,1056,,,dataset_unit_map,wrist,bits,m/s^2,rad/s,m/s^2,rad/s,1.0,1.0,True,test,non_fall,non_fall,3.9774459992258926e-07,none,forward,0.9998008608818054
w25_00001497,bits,C:\Users\ADMIN\Desktop\ds-fall\data\raw\Dataset\adl\user27\user27_adl13.csv,C:\Users\ADMIN\Desktop\ds-fall\data\raw\Dataset,user27,user27_adl13,adl13,lying_on_bed,lying_on_bed,0,none,False,24,74,0.96,2.96,25.0,50,12,"ax,ay,az,gx,gy,gz,acc_mag,gyro_mag,jerk,roll,pitch,tilt_delta",20.0,25.0,uniform_20hz_time_interpolation_to_25hz,adl_sliding_capped,845,1056,,,dataset_unit_map,wrist,bits,m/s^2,rad/s,m/s^2,rad/s,1.0,1.0,True,test,non_fall,non_fall,4.1230981651096954e-07,none,forward,0.99979168176651
w25_00001498,bits,C:\Users\ADMIN\Desktop\ds-fall\data\raw\Dataset\adl\user27\user27_adl13.csv,C:\Users\ADMIN\Desktop\ds-fall\data\raw\Dataset,user27,user27_adl13,adl13,lying_on_bed,lying_on_bed,0,none,False,36,86,1.44,3.44,25.0,50,12,"ax,ay,az,gx,gy,gz,acc_mag,gyro_mag,jerk,roll,pitch,tilt_delta",20.0,25.0,uniform_20hz_time_interpolation_to_25hz,adl_sliding_capped,845,1056,,,dataset_unit_map,wrist,bits,m/s^2,rad/s,m/s^2,rad/s,1.0,1.0,True,test,non_fall,non_fall,3.9504243432020303e-07,none,forward,0.9997557997703552
w25_00001499,bits,C:\Users\ADMIN\Desktop\ds-fall\data\raw\Dataset\adl\user27\user27_adl13.csv,C:\Users\ADMIN\Desktop\ds-fall\data\raw\Dataset,user27,user27_adl13,adl13,lying_on_bed,lying_on_bed,0,none,False,48,98,1.92,3.92,25.0,50,12,"ax,ay,az,gx,gy,gz,acc_mag,gyro_mag,jerk,roll,pitch,tilt_delta",20.0,25.0,uniform_20hz_time_interpolation_to_25hz,adl_sliding_capped,845,1056,,,dataset_unit_map,wrist,bits,m/s^2,rad/s,m/s^2,rad/s,1.0,1.0,True,test,non_fall,non_fall,4.11570454161847e-07,none,forward,0.9997221827507019
w25_00001500,bits,C:\Users\ADMIN\Desktop\ds-fall\data\raw\Dataset\adl\user27\user27_adl14.csv,C:\Users\ADMIN\Desktop\ds-fall\data\raw\Dataset,user27,user27_adl14,adl14,lying_on_back_getting_up_slowly,lying_on_back_getting_up_slowly,0,none,False,0,50,0.0,2.0,25.0,50,12,"ax,ay,az,gx,gy,gz,acc_mag,gyro_mag,jerk,roll,pitch,tilt_delta",20.0,25.0,uniform_20hz_time_interpolation_to_25hz,adl_sliding_capped,591,738,,,dataset_unit_map,wrist,bits,m/s^2,rad/s,m/s^2,rad/s,1.0,1.0,True,test,non_fall,non_fall,4.47905591727249e-07,none,forward,0.9998646974563599
w25_00001501,bits,C:\Users\ADMIN\Desktop\ds-fall\data\raw\Dataset\adl\user27\user27_adl14.csv,C:\Users\ADMIN\Desktop\ds-fall\data\raw\Dataset,user27,user27_adl14,adl14,lying_on_back_getting_up_slowly,lying_on_back_getting_up_slowly,0,none,False,12,62,0.48,2.48,25.0,50,12,"ax,ay,az,gx,gy,gz,acc_mag,gyro_mag,jerk,roll,pitch,tilt_delta",20.0,25.0,uniform_20hz_time_interpolation_to_25hz,adl_sliding_capped,591,738,,,dataset_unit_map,wrist,bits,m/s^2,rad/s,m/s^2,rad/s,1.0,1.0,True,test,non_fall,non_fall,7.985599950188771e-07,none,forward,0.999854326248169
w25_00001502,bits,C:\Users\ADMIN\Desktop\ds-fall\data\raw\Dataset\adl\user27\user27_adl14.csv,C:\Users\ADMIN\Desktop\ds-fall\data\raw\Dataset,user27,user27_adl14,adl14,lying_on_back_getting_up_slowly,lying_on_back_getting_up_slowly,0,none,False,24,74,0.96,2.96,25.0,50,12,"ax,ay,az,gx,gy,gz,acc_mag,gyro_mag,jerk,roll,pitch,tilt_delta",20.0,25.0,uniform_20hz_time_interpolation_to_25hz,adl_sliding_capped,591,738,,,dataset_unit_map,wrist,bits,m/s^2,rad/s,m/s^2,rad/s,1.0,1.0,True,test,non_fall,non_fall,7.695909403082624e-07,none,forward,0.999864935874939
w25_00001503,bits,C:\Users\ADMIN\Desktop\ds-fall\data\raw\Dataset\adl\user27\user27_adl14.csv,C:\Users\ADMIN\Desktop\ds-fall\data\raw\Dataset,user27,user27_adl14,adl14,lying_on_back_getting_up_slowly,lying_on_back_getting_up_slowly,0,none,False,36,86,1.44,3.44,25.0,50,12,"ax,ay,az,gx,gy,gz,acc_mag,gyro_mag,jerk,roll,pitch,tilt_delta",20.0,25.0,uniform_20hz_time_interpolation_to_25hz,adl_sliding_capped,591,738,,,dataset_unit_map,wrist,bits,m/s^2,rad/s,m/s^2,rad/s,1.0,1.0,True,test,non_fall,non_fall,7.259485528265941e-07,none,forward,0.9998589754104614
w25_00001504,bits,C:\Users\ADMIN\Desktop\ds-fall\data\raw\Dataset\adl\user27\user27_adl14.csv,C:\Users\ADMIN\Desktop\ds-fall\data\raw\Dataset,user27,user27_adl14,adl14,lying_on_back_getting_up_slowly,lying_on_back_getting_up_slowly,0,none,False,48,98,1.92,3.92,25.0,50,12,"ax,ay,az,gx,gy,gz,acc_mag,gyro_mag,jerk,roll,pitch,tilt_delta",20.0,25.0,uniform_20hz_time_interpolation_to_25hz,adl_sliding_capped,591,738,,,dataset_unit_map,wrist,bits,m/s^2,rad/s,m/s^2,rad/s,1.0,1.0,True,test,non_fall,non_fall,6.150414719741093e-07,none,forward,0.9998493194580078
w25_00001505,bits,C:\Users\ADMIN\Desktop\ds-fall\data\raw\Dataset\adl\user27\user27_adl15.csv,C:\Users\ADMIN\Desktop\ds-fall\data\raw\Dataset,user27,user27_adl15,adl15,lying_on_back_getting_up_normally,lying_on_back_getting_up_normally,0,none,False,0,50,0.0,2.0,25.0,50,12,"ax,ay,az,gx,gy,gz,acc_mag,gyro_mag,jerk,roll,pitch,tilt_delta",20.0,25.0,uniform_20hz_time_interpolation_to_25hz,adl_sliding_capped,277,346,,,dataset_unit_map,wrist,bits,m/s^2,rad/s,m/s^2,rad/s,1.0,1.0,True,test,non_fall,non_fall,1.5058066082929145e-07,none,forward,0.9990493655204773
w25_00001506,bits,C:\Users\ADMIN\Desktop\ds-fall\data\raw\Dataset\adl\user27\user27_adl15.csv,C:\Users\ADMIN\Desktop\ds-fall\data\raw\Dataset,user27,user27_adl15,adl15,lying_on_back_getting_up_normally,lying_on_back_getting_up_normally,0,none,False,12,62,0.48,2.48,25.0,50,12,"ax,ay,az,gx,gy,gz,acc_mag,gyro_mag,jerk,roll,pitch,tilt_delta",20.0,25.0,uniform_20hz_time_interpolation_to_25hz,adl_sliding_capped,277,346,,,dataset_unit_map,wrist,bits,m/s^2,rad/s,m/s^2,rad/s,1.0,1.0,True,test,non_fall,non_fall,1.718181863452628e-07,none,forward,0.9990251064300537
w25_00001507,bits,C:\Users\ADMIN\Desktop\ds-fall\data\raw\Dataset\adl\user27\user27_adl15.csv,C:\Users\ADMIN\Desktop\ds-fall\data\raw\Dataset,user27,user27_adl15,adl15,lying_on_back_getting_up_normally,lying_on_back_getting_up_normally,0,none,False,24,74,0.96,2.96,25.0,50,12,"ax,ay,az,gx,gy,gz,acc_mag,gyro_mag,jerk,roll,pitch,tilt_delta",20.0,25.0,uniform_20hz_time_interpolation_to_25hz,adl_sliding_capped,277,346,,,dataset_unit_map,wrist,bits,m/s^2,rad/s,m/s^2,rad/s,1.0,1.0,True,test,non_fall,non_fall,1.7536129348627583e-07,none,forward,0.9990031123161316
w25_00001508,bits,C:\Users\ADMIN\Desktop\ds-fall\data\raw\Dataset\adl\user27\user27_adl15.csv,C:\Users\ADMIN\Desktop\ds-fall\data\raw\Dataset,user27,user27_adl15,adl15,lying_on_back_getting_up_normally,lying_on_back_getting_up_normally,0,none,False,36,86,1.44,3.44,25.0,50,12,"ax,ay,az,gx,gy,gz,acc_mag,gyro_mag,jerk,roll,pitch,tilt_delta",20.0,25.0,uniform_20hz_time_interpolation_to_25hz,adl_sliding_capped,277,346,,,dataset_unit_map,wrist,bits,m/s^2,rad/s,m/s^2,rad/s,1.0,1.0,True,test,non_fall,non_fall,1.804484526246597e-07,none,forward,0.9989284873008728
w25_00001509,bits,C:\Users\ADMIN\Desktop\ds-fall\data\raw\Dataset\adl\user27\user27_adl15.csv,C:\Users\ADMIN\Desktop\ds-fall\data\raw\Dataset,user27,user27_adl15,adl15,lying_on_back_getting_up_normally,lying_on_back_getting_up_normally,0,none,False,48,98,1.92,3.92,25.0,50,12,"ax,ay,az,gx,gy,gz,acc_mag,gyro_mag,jerk,roll,pitch,tilt_delta",20.0,25.0,uniform_20hz_time_interpolation_to_25hz,adl_sliding_capped,277,346,,,dataset_unit_map,wrist,bits,m/s^2,rad/s,m/s^2,rad/s,1.0,1.0,True,test,non_fall,non_fall,1.895776335913979e-07,none,forward,0.9989173412322998
w25_00001510,bits,C:\Users\ADMIN\Desktop\ds-fall\data\raw\Dataset\adl\user27\user27_adl16.csv,C:\Users\ADMIN\Desktop\ds-fall\data\raw\Dataset,user27,user27_adl16,adl16,lying_sideways_to_back,lying_sideways_to_back,0,none,False,0,50,0.0,2.0,25.0,50,12,"ax,ay,az,gx,gy,gz,acc_mag,gyro_mag,jerk,roll,pitch,tilt_delta",20.0,25.0,uniform_20hz_time_interpolation_to_25hz,adl_sliding_capped,179,223,,,dataset_unit_map,wrist,bits,m/s^2,rad/s,m/s^2,rad/s,1.0,1.0,True,test,non_fall,non_fall,3.417207835809677e-06,none,lateral,0.8260307312011719
w25_00001511,bits,C:\Users\ADMIN\Desktop\ds-fall\data\raw\Dataset\adl\user27\user27_adl16.csv,C:\Users\ADMIN\Desktop\ds-fall\data\raw\Dataset,user27,user27_adl16,adl16,lying_sideways_to_back,lying_sideways_to_back,0,none,False,12,62,0.48,2.48,25.0,50,12,"ax,ay,az,gx,gy,gz,acc_mag,gyro_mag,jerk,roll,pitch,tilt_delta",20.0,25.0,uniform_20hz_time_interpolation_to_25hz,adl_sliding_capped,179,223,,,dataset_unit_map,wrist,bits,m/s^2,rad/s,m/s^2,rad/s,1.0,1.0,True,test,non_fall,non_fall,3.6397843814484077e-06,none,lateral,0.834560751914978
w25_00001512,bits,C:\Users\ADMIN\Desktop\ds-fall\data\raw\Dataset\adl\user27\user27_adl16.csv,C:\Users\ADMIN\Desktop\ds-fall\data\raw\Dataset,user27,user27_adl16,adl16,lying_sideways_to_back,lying_sideways_to_back,0,none,False,24,74,0.96,2.96,25.0,50,12,"ax,ay,az,gx,gy,gz,acc_mag,gyro_mag,jerk,roll,pitch,tilt_delta",20.0,25.0,uniform_20hz_time_interpolation_to_25hz,adl_sliding_capped,179,223,,,dataset_unit_map,wrist,bits,m/s^2,rad/s,m/s^2,rad/s,1.0,1.0,True,test,non_fall,non_fall,3.3263002023886656e-06,none,lateral,0.8374279737472534
w25_00001513,bits,C:\Users\ADMIN\Desktop\ds-fall\data\raw\Dataset\adl\user27\user27_adl16.csv,C:\Users\ADMIN\Desktop\ds-fall\data\raw\Dataset,user27,user27_adl16,adl16,lying_sideways_to_back,lying_sideways_to_back,0,none,False,36,86,1.44,3.44,25.0,50,12,"ax,ay,az,gx,gy,gz,acc_mag,gyro_mag,jerk,roll,pitch,tilt_delta",20.0,25.0,uniform_20hz_time_interpolation_to_25hz,adl_sliding_capped,179,223,,,dataset_unit_map,wrist,bits,m/s^2,rad/s,m/s^2,rad/s,1.0,1.0,True,test,non_fall,non_fall,3.4343993320362642e-06,none,lateral,0.8465712666511536
w25_00001514,bits,C:\Users\ADMIN\Desktop\ds-fall\data\raw\Dataset\adl\user27\user27_adl16.csv,C:\Users\ADMIN\Desktop\ds-fall\data\raw\Dataset,user27,user27_adl16,adl16,lying_sideways_to_back,lying_sideways_to_back,0,none,False,48,98,1.92,3.92,25.0,50,12,"ax,ay,az,gx,gy,gz,acc_mag,gyro_mag,jerk,roll,pitch,tilt_delta",20.0,25.0,uniform_20hz_time_interpolation_to_25hz,adl_sliding_capped,179,223,,,dataset_unit_map,wrist,bits,m/s^2,rad/s,m/s^2,rad/s,1.0,1.0,True,test,non_fall,non_fall,3.3365208764735144e-06,none,lateral,0.8510153293609619
w25_00001515,bits,C:\Users\ADMIN\Desktop\ds-fall\data\raw\Dataset\adl\user27\user27_adl2.csv,C:\Users\ADMIN\Desktop\ds-fall\data\raw\Dataset,user27,user27_adl2,adl2,walking_quickly,walking_quickly,0,none,False,0,50,0.0,2.0,25.0,50,12,"ax,ay,az,gx,gy,gz,acc_mag,gyro_mag,jerk,roll,pitch,tilt_delta",20.0,25.0,uniform_20hz_time_interpolation_to_25hz,adl_sliding_capped,571,713,,,dataset_unit_map,wrist,bits,m/s^2,rad/s,m/s^2,rad/s,1.0,1.0,True,test,non_fall,non_fall,4.5567003326141275e-06,none,forward,0.9932000041007996
w25_00001516,bits,C:\Users\ADMIN\Desktop\ds-fall\data\raw\Dataset\adl\user27\user27_adl2.csv,C:\Users\ADMIN\Desktop\ds-fall\data\raw\Dataset,user27,user27_adl2,adl2,walking_quickly,walking_quickly,0,none,False,12,62,0.48,2.48,25.0,50,12,"ax,ay,az,gx,gy,gz,acc_mag,gyro_mag,jerk,roll,pitch,tilt_delta",20.0,25.0,uniform_20hz_time_interpolation_to_25hz,adl_sliding_capped,571,713,,,dataset_unit_map,wrist,bits,m/s^2,rad/s,m/s^2,rad/s,1.0,1.0,True,test,non_fall,non_fall,1.5514516462644679e-06,none,forward,0.9929145574569702
w25_00001517,bits,C:\Users\ADMIN\Desktop\ds-fall\data\raw\Dataset\adl\user27\user27_adl2.csv,C:\Users\ADMIN\Desktop\ds-fall\data\raw\Dataset,user27,user27_adl2,adl2,walking_quickly,walking_quickly,0,none,False,24,74,0.96,2.96,25.0,50,12,"ax,ay,az,gx,gy,gz,acc_mag,gyro_mag,jerk,roll,pitch,tilt_delta",20.0,25.0,uniform_20hz_time_interpolation_to_25hz,adl_sliding_capped,571,713,,,dataset_unit_map,wrist,bits,m/s^2,rad/s,m/s^2,rad/s,1.0,1.0,True,test,non_fall,non_fall,5.655219297295844e-07,none,forward,0.9961976408958435
w25_00001518,bits,C:\Users\ADMIN\Desktop\ds-fall\data\raw\Dataset\adl\user27\user27_adl2.csv,C:\Users\ADMIN\Desktop\ds-fall\data\raw\Dataset,user27,user27_adl2,adl2,walking_quickly,walking_quickly,0,none,False,36,86,1.44,3.44,25.0,50,12,"ax,ay,az,gx,gy,gz,acc_mag,gyro_mag,jerk,roll,pitch,tilt_delta",20.0,25.0,uniform_20hz_time_interpolation_to_25hz,adl_sliding_capped,571,713,,,dataset_unit_map,wrist,bits,m/s^2,rad/s,m/s^2,rad/s,1.0,1.0,True,test,non_fall,non_fall,2.898534319228929e-07,none,forward,0.9973114728927612
w25_00001519,bits,C:\Users\ADMIN\Desktop\ds-fall\data\raw\Dataset\adl\user27\user27_adl2.csv,C:\Users\ADMIN\Desktop\ds-fall\data\raw\Dataset,user27,user27_adl2,adl2,walking_quickly,walking_quickly,0,none,False,48,98,1.92,3.92,25.0,50,12,"ax,ay,az,gx,gy,gz,acc_mag,gyro_mag,jerk,roll,pitch,tilt_delta",20.0,25.0,uniform_20hz_time_interpolation_to_25hz,adl_sliding_capped,571,713,,,dataset_unit_map,wrist,bits,m/s^2,rad/s,m/s^2,rad/s,1.0,1.0,True,test,non_fall,non_fall,1.6087945198250964e-07,none,forward,0.992348313331604
w25_00001520,bits,C:\Users\ADMIN\Desktop\ds-fall\data\raw\Dataset\adl\user27\user27_adl3.csv,C:\Users\ADMIN\Desktop\ds-fall\data\raw\Dataset,user27,user27_adl3,adl3,jogging,jogging,0,none,False,0,50,0.0,2.0,25.0,50,12,"ax,ay,az,gx,gy,gz,acc_mag,gyro_mag,jerk,roll,pitch,tilt_delta",20.0,25.0,uniform_20hz_time_interpolation_to_25hz,adl_sliding_capped,339,423,,,dataset_unit_map,wrist,bits,m/s^2,rad/s,m/s^2,rad/s,1.0,1.0,True,test,non_fall,non_fall,1.4310893581281903e-09,none,backward,0.999998927116394
w25_00001521,bits,C:\Users\ADMIN\Desktop\ds-fall\data\raw\Dataset\adl\user27\user27_adl3.csv,C:\Users\ADMIN\Desktop\ds-fall\data\raw\Dataset,user27,user27_adl3,adl3,jogging,jogging,0,none,False,12,62,0.48,2.48,25.0,50,12,"ax,ay,az,gx,gy,gz,acc_mag,gyro_mag,jerk,roll,pitch,tilt_delta",20.0,25.0,uniform_20hz_time_interpolation_to_25hz,adl_sliding_capped,339,423,,,dataset_unit_map,wrist,bits,m/s^2,rad/s,m/s^2,rad/s,1.0,1.0,True,test,non_fall,non_fall,2.0481427664975627e-09,none,backward,0.9999614953994751
w25_00001522,bits,C:\Users\ADMIN\Desktop\ds-fall\data\raw\Dataset\adl\user27\user27_adl3.csv,C:\Users\ADMIN\Desktop\ds-fall\data\raw\Dataset,user27,user27_adl3,adl3,jogging,jogging,0,none,False,24,74,0.96,2.96,25.0,50,12,"ax,ay,az,gx,gy,gz,acc_mag,gyro_mag,jerk,roll,pitch,tilt_delta",20.0,25.0,uniform_20hz_time_interpolation_to_25hz,adl_sliding_capped,339,423,,,dataset_unit_map,wrist,bits,m/s^2,rad/s,m/s^2,rad/s,1.0,1.0,True,test,non_fall,non_fall,1.184762652428617e-07,none,backward,0.9824121594429016
w25_00001523,bits,C:\Users\ADMIN\Desktop\ds-fall\data\raw\Dataset\adl\user27\user27_adl3.csv,C:\Users\ADMIN\Desktop\ds-fall\data\raw\Dataset,user27,user27_adl3,adl3,jogging,jogging,0,none,False,36,86,1.44,3.44,25.0,50,12,"ax,ay,az,gx,gy,gz,acc_mag,gyro_mag,jerk,roll,pitch,tilt_delta",20.0,25.0,uniform_20hz_time_interpolation_to_25hz,adl_sliding_capped,339,423,,,dataset_unit_map,wrist,bits,m/s^2,rad/s,m/s^2,rad/s,1.0,1.0,True,test,non_fall,non_fall,1.0882013157242909e-07,none,backward,0.8905253410339355
w25_00001524,bits,C:\Users\ADMIN\Desktop\ds-fall\data\raw\Dataset\adl\user27\user27_adl3.csv,C:\Users\ADMIN\Desktop\ds-fall\data\raw\Dataset,user27,user27_adl3,adl3,jogging,jogging,0,none,False,48,98,1.92,3.92,25.0,50,12,"ax,ay,az,gx,gy,gz,acc_mag,gyro_mag,jerk,roll,pitch,tilt_delta",20.0,25.0,uniform_20hz_time_interpolation_to_25hz,adl_sliding_capped,339,423,,,dataset_unit_map,wrist,bits,m/s^2,rad/s,m/s^2,rad/s,1.0,1.0,True,test,non_fall,non_fall,1.1865673599231741e-07,none,lateral,0.9981192946434021
w25_00001525,bits,C:\Users\ADMIN\Desktop\ds-fall\data\raw\Dataset\adl\user27\user27_adl4.csv,C:\Users\ADMIN\Desktop\ds-fall\data\raw\Dataset,user27,user27_adl4,adl4,jumping,jumping,0,none,False,0,50,0.0,2.0,25.0,50,12,"ax,ay,az,gx,gy,gz,acc_mag,gyro_mag,jerk,roll,pitch,tilt_delta",20.0,25.0,uniform_20hz_time_interpolation_to_25hz,adl_sliding_capped,1792,2239,,,dataset_unit_map,wrist,bits,m/s^2,rad/s,m/s^2,rad/s,1.0,1.0,True,test,non_fall,non_fall,6.303040208877064e-06,none,lateral,0.9266082048416138
w25_00001526,bits,C:\Users\ADMIN\Desktop\ds-fall\data\raw\Dataset\adl\user27\user27_adl4.csv,C:\Users\ADMIN\Desktop\ds-fall\data\raw\Dataset,user27,user27_adl4,adl4,jumping,jumping,0,none,False,12,62,0.48,2.48,25.0,50,12,"ax,ay,az,gx,gy,gz,acc_mag,gyro_mag,jerk,roll,pitch,tilt_delta",20.0,25.0,uniform_20hz_time_interpolation_to_25hz,adl_sliding_capped,1792,2239,,,dataset_unit_map,wrist,bits,m/s^2,rad/s,m/s^2,rad/s,1.0,1.0,True,test,non_fall,non_fall,6.294709601206705e-05,none,lateral,0.9355710744857788
w25_00001527,bits,C:\Users\ADMIN\Desktop\ds-fall\data\raw\Dataset\adl\user27\user27_adl4.csv,C:\Users\ADMIN\Desktop\ds-fall\data\raw\Dataset,user27,user27_adl4,adl4,jumping,jumping,0,none,False,24,74,0.96,2.96,25.0,50,12,"ax,ay,az,gx,gy,gz,acc_mag,gyro_mag,jerk,roll,pitch,tilt_delta",20.0,25.0,uniform_20hz_time_interpolation_to_25hz,adl_sliding_capped,1792,2239,,,dataset_unit_map,wrist,bits,m/s^2,rad/s,m/s^2,rad/s,1.0,1.0,True,test,non_fall,non_fall,0.00014779334014747292,none,forward,0.7968050241470337
w25_00001528,bits,C:\Users\ADMIN\Desktop\ds-fall\data\raw\Dataset\adl\user27\user27_adl4.csv,C:\Users\ADMIN\Desktop\ds-fall\data\raw\Dataset,user27,user27_adl4,adl4,jumping,jumping,0,none,False,36,86,1.44,3.44,25.0,50,12,"ax,ay,az,gx,gy,gz,acc_mag,gyro_mag,jerk,roll,pitch,tilt_delta",20.0,25.0,uniform_20hz_time_interpolation_to_25hz,adl_sliding_capped,1792,2239,,,dataset_unit_map,wrist,bits,m/s^2,rad/s,m/s^2,rad/s,1.0,1.0,True,test,non_fall,non_fall,0.00017927329463418573,none,forward,0.996057391166687
w25_00001529,bits,C:\Users\ADMIN\Desktop\ds-fall\data\raw\Dataset\adl\user27\user27_adl4.csv,C:\Users\ADMIN\Desktop\ds-fall\data\raw\Dataset,user27,user27_adl4,adl4,jumping,jumping,0,none,False,48,98,1.92,3.92,25.0,50,12,"ax,ay,az,gx,gy,gz,acc_mag,gyro_mag,jerk,roll,pitch,tilt_delta",20.0,25.0,uniform_20hz_time_interpolation_to_25hz,adl_sliding_capped,1792,2239,,,dataset_unit_map,wrist,bits,m/s^2,rad/s,m/s^2,rad/s,1.0,1.0,True,test,non_fall,non_fall,0.0014390101423487067,none,forward,0.6682807207107544
w25_00001530,bits,C:\Users\ADMIN\Desktop\ds-fall\data\raw\Dataset\adl\user27\user27_adl5.csv,C:\Users\ADMIN\Desktop\ds-fall\data\raw\Dataset,user27,user27_adl5,adl5,climbing_up_slowly,climbing_up_slowly,0,none,False,0,50,0.0,2.0,25.0,50,12,"ax,ay,az,gx,gy,gz,acc_mag,gyro_mag,jerk,roll,pitch,tilt_delta",20.0,25.0,uniform_20hz_time_interpolation_to_25hz,adl_sliding_capped,837,1046,,,dataset_unit_map,wrist,bits,m/s^2,rad/s,m/s^2,rad/s,1.0,1.0,True,test,non_fall,non_fall,6.327152277663117e-07,none,forward,0.998984158039093
w25_00001531,bits,C:\Users\ADMIN\Desktop\ds-fall\data\raw\Dataset\adl\user27\user27_adl5.csv,C:\Users\ADMIN\Desktop\ds-fall\data\raw\Dataset,user27,user27_adl5,adl5,climbing_up_slowly,climbing_up_slowly,0,none,False,12,62,0.48,2.48,25.0,50,12,"ax,ay,az,gx,gy,gz,acc_mag,gyro_mag,jerk,roll,pitch,tilt_delta",20.0,25.0,uniform_20hz_time_interpolation_to_25hz,adl_sliding_capped,837,1046,,,dataset_unit_map,wrist,bits,m/s^2,rad/s,m/s^2,rad/s,1.0,1.0,True,test,non_fall,non_fall,3.248716211601277e-07,none,forward,0.9988710284233093
w25_00001532,bits,C:\Users\ADMIN\Desktop\ds-fall\data\raw\Dataset\adl\user27\user27_adl5.csv,C:\Users\ADMIN\Desktop\ds-fall\data\raw\Dataset,user27,user27_adl5,adl5,climbing_up_slowly,climbing_up_slowly,0,none,False,24,74,0.96,2.96,25.0,50,12,"ax,ay,az,gx,gy,gz,acc_mag,gyro_mag,jerk,roll,pitch,tilt_delta",20.0,25.0,uniform_20hz_time_interpolation_to_25hz,adl_sliding_capped,837,1046,,,dataset_unit_map,wrist,bits,m/s^2,rad/s,m/s^2,rad/s,1.0,1.0,True,test,non_fall,non_fall,4.2314661641285056e-07,none,forward,0.9988080263137817
w25_00001533,bits,C:\Users\ADMIN\Desktop\ds-fall\data\raw\Dataset\adl\user27\user27_adl5.csv,C:\Users\ADMIN\Desktop\ds-fall\data\raw\Dataset,user27,user27_adl5,adl5,climbing_up_slowly,climbing_up_slowly,0,none,False,36,86,1.44,3.44,25.0,50,12,"ax,ay,az,gx,gy,gz,acc_mag,gyro_mag,jerk,roll,pitch,tilt_delta",20.0,25.0,uniform_20hz_time_interpolation_to_25hz,adl_sliding_capped,837,1046,,,dataset_unit_map,wrist,bits,m/s^2,rad/s,m/s^2,rad/s,1.0,1.0,True,test,non_fall,non_fall,3.684146747673367e-07,none,forward,0.998794436454773
w25_00001534,bits,C:\Users\ADMIN\Desktop\ds-fall\data\raw\Dataset\adl\user27\user27_adl5.csv,C:\Users\ADMIN\Desktop\ds-fall\data\raw\Dataset,user27,user27_adl5,adl5,climbing_up_slowly,climbing_up_slowly,0,none,False,48,98,1.92,3.92,25.0,50,12,"ax,ay,az,gx,gy,gz,acc_mag,gyro_mag,jerk,roll,pitch,tilt_delta",20.0,25.0,uniform_20hz_time_interpolation_to_25hz,adl_sliding_capped,837,1046,,,dataset_unit_map,wrist,bits,m/s^2,rad/s,m/s^2,rad/s,1.0,1.0,True,test,non_fall,non_fall,3.3310897151750396e-07,none,forward,0.9992766976356506
w25_00001535,bits,C:\Users\ADMIN\Desktop\ds-fall\data\raw\Dataset\adl\user27\user27_adl6.csv,C:\Users\ADMIN\Desktop\ds-fall\data\raw\Dataset,user27,user27_adl6,adl6,climbing_down_slowly,climbing_down_slowly,0,none,False,0,50,0.0,2.0,25.0,50,12,"ax,ay,az,gx,gy,gz,acc_mag,gyro_mag,jerk,roll,pitch,tilt_delta",20.0,25.0,uniform_20hz_time_interpolation_to_25hz,adl_sliding_capped,1076,1344,,,dataset_unit_map,wrist,bits,m/s^2,rad/s,m/s^2,rad/s,1.0,1.0,True,test,non_fall,non_fall,3.9401527374138823e-07,none,forward,0.9753100872039795
w25_00001536,bits,C:\Users\ADMIN\Desktop\ds-fall\data\raw\Dataset\adl\user27\user27_adl6.csv,C:\Users\ADMIN\Desktop\ds-fall\data\raw\Dataset,user27,user27_adl6,adl6,climbing_down_slowly,climbing_down_slowly,0,none,False,12,62,0.48,2.48,25.0,50,12,"ax,ay,az,gx,gy,gz,acc_mag,gyro_mag,jerk,roll,pitch,tilt_delta",20.0,25.0,uniform_20hz_time_interpolation_to_25hz,adl_sliding_capped,1076,1344,,,dataset_unit_map,wrist,bits,m/s^2,rad/s,m/s^2,rad/s,1.0,1.0,True,test,non_fall,non_fall,1.9757388614038973e-08,none,forward,0.9558833837509155
w25_00001537,bits,C:\Users\ADMIN\Desktop\ds-fall\data\raw\Dataset\adl\user27\user27_adl6.csv,C:\Users\ADMIN\Desktop\ds-fall\data\raw\Dataset,user27,user27_adl6,adl6,climbing_down_slowly,climbing_down_slowly,0,none,False,24,74,0.96,2.96,25.0,50,12,"ax,ay,az,gx,gy,gz,acc_mag,gyro_mag,jerk,roll,pitch,tilt_delta",20.0,25.0,uniform_20hz_time_interpolation_to_25hz,adl_sliding_capped,1076,1344,,,dataset_unit_map,wrist,bits,m/s^2,rad/s,m/s^2,rad/s,1.0,1.0,True,test,non_fall,non_fall,4.037090217678951e-09,none,lateral,0.9253867864608765
w25_00001538,bits,C:\Users\ADMIN\Desktop\ds-fall\data\raw\Dataset\adl\user27\user27_adl6.csv,C:\Users\ADMIN\Desktop\ds-fall\data\raw\Dataset,user27,user27_adl6,adl6,climbing_down_slowly,climbing_down_slowly,0,none,False,36,86,1.44,3.44,25.0,50,12,"ax,ay,az,gx,gy,gz,acc_mag,gyro_mag,jerk,roll,pitch,tilt_delta",20.0,25.0,uniform_20hz_time_interpolation_to_25hz,adl_sliding_capped,1076,1344,,,dataset_unit_map,wrist,bits,m/s^2,rad/s,m/s^2,rad/s,1.0,1.0,True,test,non_fall,non_fall,7.146119855860888e-07,none,lateral,0.998784601688385
w25_00001539,bits,C:\Users\ADMIN\Desktop\ds-fall\data\raw\Dataset\adl\user27\user27_adl6.csv,C:\Users\ADMIN\Desktop\ds-fall\data\raw\Dataset,user27,user27_adl6,adl6,climbing_down_slowly,climbing_down_slowly,0,none,False,48,98,1.92,3.92,25.0,50,12,"ax,ay,az,gx,gy,gz,acc_mag,gyro_mag,jerk,roll,pitch,tilt_delta",20.0,25.0,uniform_20hz_time_interpolation_to_25hz,adl_sliding_capped,1076,1344,,,dataset_unit_map,wrist,bits,m/s^2,rad/s,m/s^2,rad/s,1.0,1.0,True,test,non_fall,non_fall,8.307786629302427e-06,none,lateral,0.7139545679092407
w25_00001540,bits,C:\Users\ADMIN\Desktop\ds-fall\data\raw\Dataset\adl\user27\user27_adl7.csv,C:\Users\ADMIN\Desktop\ds-fall\data\raw\Dataset,user27,user27_adl7,adl7,climbing_up_normally,climbing_up_normally,0,none,False,0,50,0.0,2.0,25.0,50,12,"ax,ay,az,gx,gy,gz,acc_mag,gyro_mag,jerk,roll,pitch,tilt_delta",20.0,25.0,uniform_20hz_time_interpolation_to_25hz,adl_sliding_capped,776,969,,,dataset_unit_map,wrist,bits,m/s^2,rad/s,m/s^2,rad/s,1.0,1.0,True,test,non_fall,non_fall,6.45287968836783e-07,none,lateral,0.9999772310256958
w25_00001541,bits,C:\Users\ADMIN\Desktop\ds-fall\data\raw\Dataset\adl\user27\user27_adl7.csv,C:\Users\ADMIN\Desktop\ds-fall\data\raw\Dataset,user27,user27_adl7,adl7,climbing_up_normally,climbing_up_normally,0,none,False,12,62,0.48,2.48,25.0,50,12,"ax,ay,az,gx,gy,gz,acc_mag,gyro_mag,jerk,roll,pitch,tilt_delta",20.0,25.0,uniform_20hz_time_interpolation_to_25hz,adl_sliding_capped,776,969,,,dataset_unit_map,wrist,bits,m/s^2,rad/s,m/s^2,rad/s,1.0,1.0,True,test,non_fall,non_fall,0.00040667987195774913,none,lateral,0.9999774694442749
w25_00001542,bits,C:\Users\ADMIN\Desktop\ds-fall\data\raw\Dataset\adl\user27\user27_adl7.csv,C:\Users\ADMIN\Desktop\ds-fall\data\raw\Dataset,user27,user27_adl7,adl7,climbing_up_normally,climbing_up_normally,0,none,False,24,74,0.96,2.96,25.0,50,12,"ax,ay,az,gx,gy,gz,acc_mag,gyro_mag,jerk,roll,pitch,tilt_delta",20.0,25.0,uniform_20hz_time_interpolation_to_25hz,adl_sliding_capped,776,969,,,dataset_unit_map,wrist,bits,m/s^2,rad/s,m/s^2,rad/s,1.0,1.0,True,test,non_fall,non_fall,6.472403038060293e-05,none,lateral,0.9999731779098511
w25_00001543,bits,C:\Users\ADMIN\Desktop\ds-fall\data\raw\Dataset\adl\user27\user27_adl7.csv,C:\Users\ADMIN\Desktop\ds-fall\data\raw\Dataset,user27,user27_adl7,adl7,climbing_up_normally,climbing_up_normally,0,none,False,36,86,1.44,3.44,25.0,50,12,"ax,ay,az,gx,gy,gz,acc_mag,gyro_mag,jerk,roll,pitch,tilt_delta",20.0,25.0,uniform_20hz_time_interpolation_to_25hz,adl_sliding_capped,776,969,,,dataset_unit_map,wrist,bits,m/s^2,rad/s,m/s^2,rad/s,1.0,1.0,True,test,non_fall,non_fall,1.4464692867477424e-05,none,lateral,0.9996353387832642
w25_00001544,bits,C:\Users\ADMIN\Desktop\ds-fall\data\raw\Dataset\adl\user27\user27_adl7.csv,C:\Users\ADMIN\Desktop\ds-fall\data\raw\Dataset,user27,user27_adl7,adl7,climbing_up_normally,climbing_up_normally,0,none,False,48,98,1.92,3.92,25.0,50,12,"ax,ay,az,gx,gy,gz,acc_mag,gyro_mag,jerk,roll,pitch,tilt_delta",20.0,25.0,uniform_20hz_time_interpolation_to_25hz,adl_sliding_capped,776,969,,,dataset_unit_map,wrist,bits,m/s^2,rad/s,m/s^2,rad/s,1.0,1.0,True,test,non_fall,non_fall,1.3616703142815823e-07,none,backward,0.9983709454536438
w25_00001545,bits,C:\Users\ADMIN\Desktop\ds-fall\data\raw\Dataset\adl\user27\user27_adl8.csv,C:\Users\ADMIN\Desktop\ds-fall\data\raw\Dataset,user27,user27_adl8,adl8,climbing_down_normally,climbing_down_normally,0,none,False,0,50,0.0,2.0,25.0,50,12,"ax,ay,az,gx,gy,gz,acc_mag,gyro_mag,jerk,roll,pitch,tilt_delta",20.0,25.0,uniform_20hz_time_interpolation_to_25hz,adl_sliding_capped,813,1016,,,dataset_unit_map,wrist,bits,m/s^2,rad/s,m/s^2,rad/s,1.0,1.0,True,test,non_fall,non_fall,1.7953693713934626e-06,none,lateral,0.9854632616043091
w25_00001546,bits,C:\Users\ADMIN\Desktop\ds-fall\data\raw\Dataset\adl\user27\user27_adl8.csv,C:\Users\ADMIN\Desktop\ds-fall\data\raw\Dataset,user27,user27_adl8,adl8,climbing_down_normally,climbing_down_normally,0,none,False,12,62,0.48,2.48,25.0,50,12,"ax,ay,az,gx,gy,gz,acc_mag,gyro_mag,jerk,roll,pitch,tilt_delta",20.0,25.0,uniform_20hz_time_interpolation_to_25hz,adl_sliding_capped,813,1016,,,dataset_unit_map,wrist,bits,m/s^2,rad/s,m/s^2,rad/s,1.0,1.0,True,test,non_fall,non_fall,1.017956378746021e-06,none,lateral,0.9891396164894104
w25_00001547,bits,C:\Users\ADMIN\Desktop\ds-fall\data\raw\Dataset\adl\user27\user27_adl8.csv,C:\Users\ADMIN\Desktop\ds-fall\data\raw\Dataset,user27,user27_adl8,adl8,climbing_down_normally,climbing_down_normally,0,none,False,24,74,0.96,2.96,25.0,50,12,"ax,ay,az,gx,gy,gz,acc_mag,gyro_mag,jerk,roll,pitch,tilt_delta",20.0,25.0,uniform_20hz_time_interpolation_to_25hz,adl_sliding_capped,813,1016,,,dataset_unit_map,wrist,bits,m/s^2,rad/s,m/s^2,rad/s,1.0,1.0,True,test,non_fall,non_fall,1.7700227772365906e-06,none,lateral,0.9957204461097717
w25_00001548,bits,C:\Users\ADMIN\Desktop\ds-fall\data\raw\Dataset\adl\user27\user27_adl8.csv,C:\Users\ADMIN\Desktop\ds-fall\data\raw\Dataset,user27,user27_adl8,adl8,climbing_down_normally,climbing_down_normally,0,none,False,36,86,1.44,3.44,25.0,50,12,"ax,ay,az,gx,gy,gz,acc_mag,gyro_mag,jerk,roll,pitch,tilt_delta",20.0,25.0,uniform_20hz_time_interpolation_to_25hz,adl_sliding_capped,813,1016,,,dataset_unit_map,wrist,bits,m/s^2,rad/s,m/s^2,rad/s,1.0,1.0,True,test,non_fall,non_fall,2.172044872850165e-07,none,backward,0.9393382668495178
w25_00001549,bits,C:\Users\ADMIN\Desktop\ds-fall\data\raw\Dataset\adl\user27\user27_adl8.csv,C:\Users\ADMIN\Desktop\ds-fall\data\raw\Dataset,user27,user27_adl8,adl8,climbing_down_normally,climbing_down_normally,0,none,False,48,98,1.92,3.92,25.0,50,12,"ax,ay,az,gx,gy,gz,acc_mag,gyro_mag,jerk,roll,pitch,tilt_delta",20.0,25.0,uniform_20hz_time_interpolation_to_25hz,adl_sliding_capped,813,1016,,,dataset_unit_map,wrist,bits,m/s^2,rad/s,m/s^2,rad/s,1.0,1.0,True,test,non_fall,non_fall,6.602238755704093e-08,none,backward,0.9746418595314026
w25_00001550,bits,C:\Users\ADMIN\Desktop\ds-fall\data\raw\Dataset\adl\user27\user27_adl9.csv,C:\Users\ADMIN\Desktop\ds-fall\data\raw\Dataset,user27,user27_adl9,adl9,slowly_sitting_on_chair,slowly_sitting_on_chair,0,none,False,0,50,0.0,2.0,25.0,50,12,"ax,ay,az,gx,gy,gz,acc_mag,gyro_mag,jerk,roll,pitch,tilt_delta",20.0,25.0,uniform_20hz_time_interpolation_to_25hz,adl_sliding_capped,289,361,,,dataset_unit_map,wrist,bits,m/s^2,rad/s,m/s^2,rad/s,1.0,1.0,True,test,non_fall,non_fall,4.493508853897765e-08,none,backward,0.9999816417694092
w25_00001551,bits,C:\Users\ADMIN\Desktop\ds-fall\data\raw\Dataset\adl\user27\user27_adl9.csv,C:\Users\ADMIN\Desktop\ds-fall\data\raw\Dataset,user27,user27_adl9,adl9,slowly_sitting_on_chair,slowly_sitting_on_chair,0,none,False,12,62,0.48,2.48,25.0,50,12,"ax,ay,az,gx,gy,gz,acc_mag,gyro_mag,jerk,roll,pitch,tilt_delta",20.0,25.0,uniform_20hz_time_interpolation_to_25hz,adl_sliding_capped,289,361,,,dataset_unit_map,wrist,bits,m/s^2,rad/s,m/s^2,rad/s,1.0,1.0,True,test,non_fall,non_fall,7.823668113360327e-08,none,backward,0.9999778270721436
w25_00001552,bits,C:\Users\ADMIN\Desktop\ds-fall\data\raw\Dataset\adl\user27\user27_adl9.csv,C:\Users\ADMIN\Desktop\ds-fall\data\raw\Dataset,user27,user27_adl9,adl9,slowly_sitting_on_chair,slowly_sitting_on_chair,0,none,False,24,74,0.96,2.96,25.0,50,12,"ax,ay,az,gx,gy,gz,acc_mag,gyro_mag,jerk,roll,pitch,tilt_delta",20.0,25.0,uniform_20hz_time_interpolation_to_25hz,adl_sliding_capped,289,361,,,dataset_unit_map,wrist,bits,m/s^2,rad/s,m/s^2,rad/s,1.0,1.0,True,test,non_fall,non_fall,7.199118812195593e-08,none,backward,0.9931991696357727
w25_00001553,bits,C:\Users\ADMIN\Desktop\ds-fall\data\raw\Dataset\adl\user27\user27_adl9.csv,C:\Users\ADMIN\Desktop\ds-fall\data\raw\Dataset,user27,user27_adl9,adl9,slowly_sitting_on_chair,slowly_sitting_on_chair,0,none,False,36,86,1.44,3.44,25.0,50,12,"ax,ay,az,gx,gy,gz,acc_mag,gyro_mag,jerk,roll,pitch,tilt_delta",20.0,25.0,uniform_20hz_time_interpolation_to_25hz,adl_sliding_capped,289,361,,,dataset_unit_map,wrist,bits,m/s^2,rad/s,m/s^2,rad/s,1.0,1.0,True,test,non_fall,non_fall,5.375943601393374e-08,none,forward,0.44972842931747437
w25_00001554,bits,C:\Users\ADMIN\Desktop\ds-fall\data\raw\Dataset\adl\user27\user27_adl9.csv,C:\Users\ADMIN\Desktop\ds-fall\data\raw\Dataset,user27,user27_adl9,adl9,slowly_sitting_on_chair,slowly_sitting_on_chair,0,none,False,48,98,1.92,3.92,25.0,50,12,"ax,ay,az,gx,gy,gz,acc_mag,gyro_mag,jerk,roll,pitch,tilt_delta",20.0,25.0,uniform_20hz_time_interpolation_to_25hz,adl_sliding_capped,289,361,,,dataset_unit_map,wrist,bits,m/s^2,rad/s,m/s^2,rad/s,1.0,1.0,True,test,non_fall,non_fall,3.519133073837111e-08,none,forward,0.6721092462539673
w25_00001635,bits,C:\Users\ADMIN\Desktop\ds-fall\data\raw\Dataset\adl\user29\user29_adl1.csv,C:\Users\ADMIN\Desktop\ds-fall\data\raw\Dataset,user29,user29_adl1,adl1,walking_slowly,walking_slowly,0,none,False,0,50,0.0,2.0,25.0,50,12,"ax,ay,az,gx,gy,gz,acc_mag,gyro_mag,jerk,roll,pitch,tilt_delta",20.0,25.0,uniform_20hz_time_interpolation_to_25hz,adl_sliding_capped,340,424,,,dataset_unit_map,wrist,bits,m/s^2,rad/s,m/s^2,rad/s,1.0,1.0,True,test,non_fall,non_fall,8.345198239112506e-07,none,forward,0.997412383556366
w25_00001636,bits,C:\Users\ADMIN\Desktop\ds-fall\data\raw\Dataset\adl\user29\user29_adl1.csv,C:\Users\ADMIN\Desktop\ds-fall\data\raw\Dataset,user29,user29_adl1,adl1,walking_slowly,walking_slowly,0,none,False,12,62,0.48,2.48,25.0,50,12,"ax,ay,az,gx,gy,gz,acc_mag,gyro_mag,jerk,roll,pitch,tilt_delta",20.0,25.0,uniform_20hz_time_interpolation_to_25hz,adl_sliding_capped,340,424,,,dataset_unit_map,wrist,bits,m/s^2,rad/s,m/s^2,rad/s,1.0,1.0,True,test,non_fall,non_fall,5.230642727838131e-07,none,forward,0.6254685521125793
w25_00001637,bits,C:\Users\ADMIN\Desktop\ds-fall\data\raw\Dataset\adl\user29\user29_adl1.csv,C:\Users\ADMIN\Desktop\ds-fall\data\raw\Dataset,user29,user29_adl1,adl1,walking_slowly,walking_slowly,0,none,False,24,74,0.96,2.96,25.0,50,12,"ax,ay,az,gx,gy,gz,acc_mag,gyro_mag,jerk,roll,pitch,tilt_delta",20.0,25.0,uniform_20hz_time_interpolation_to_25hz,adl_sliding_capped,340,424,,,dataset_unit_map,wrist,bits,m/s^2,rad/s,m/s^2,rad/s,1.0,1.0,True,test,non_fall,non_fall,3.48040799735827e-07,none,forward,0.8234167098999023
w25_00001638,bits,C:\Users\ADMIN\Desktop\ds-fall\data\raw\Dataset\adl\user29\user29_adl1.csv,C:\Users\ADMIN\Desktop\ds-fall\data\raw\Dataset,user29,user29_adl1,adl1,walking_slowly,walking_slowly,0,none,False,36,86,1.44,3.44,25.0,50,12,"ax,ay,az,gx,gy,gz,acc_mag,gyro_mag,jerk,roll,pitch,tilt_delta",20.0,25.0,uniform_20hz_time_interpolation_to_25hz,adl_sliding_capped,340,424,,,dataset_unit_map,wrist,bits,m/s^2,rad/s,m/s^2,rad/s,1.0,1.0,True,test,non_fall,non_fall,1.2693111557382508e-06,none,lateral,0.6942327618598938
w25_00001639,bits,C:\Users\ADMIN\Desktop\ds-fall\data\raw\Dataset\adl\user29\user29_adl1.csv,C:\Users\ADMIN\Desktop\ds-fall\data\raw\Dataset,user29,user29_adl1,adl1,walking_slowly,walking_slowly,0,none,False,48,98,1.92,3.92,25.0,50,12,"ax,ay,az,gx,gy,gz,acc_mag,gyro_mag,jerk,roll,pitch,tilt_delta",20.0,25.0,uniform_20hz_time_interpolation_to_25hz,adl_sliding_capped,340,424,,,dataset_unit_map,wrist,bits,m/s^2,rad/s,m/s^2,rad/s,1.0,1.0,True,test,non_fall,non_fall,6.573302925971802e-06,none,forward,0.5871337056159973
w25_00001640,bits,C:\Users\ADMIN\Desktop\ds-fall\data\raw\Dataset\adl\user29\user29_adl10.csv,C:\Users\ADMIN\Desktop\ds-fall\data\raw\Dataset,user29,user29_adl10,adl10,rapidly_sitting_on_chair,rapidly_sitting_on_chair,0,none,False,0,50,0.0,2.0,25.0,50,12,"ax,ay,az,gx,gy,gz,acc_mag,gyro_mag,jerk,roll,pitch,tilt_delta",20.0,25.0,uniform_20hz_time_interpolation_to_25hz,adl_sliding_capped,547,683,,,dataset_unit_map,wrist,bits,m/s^2,rad/s,m/s^2,rad/s,1.0,1.0,True,test,non_fall,non_fall,1.1065717444580514e-05,none,lateral,0.7093783617019653
w25_00001641,bits,C:\Users\ADMIN\Desktop\ds-fall\data\raw\Dataset\adl\user29\user29_adl10.csv,C:\Users\ADMIN\Desktop\ds-fall\data\raw\Dataset,user29,user29_adl10,adl10,rapidly_sitting_on_chair,rapidly_sitting_on_chair,0,none,False,12,62,0.48,2.48,25.0,50,12,"ax,ay,az,gx,gy,gz,acc_mag,gyro_mag,jerk,roll,pitch,tilt_delta",20.0,25.0,uniform_20hz_time_interpolation_to_25hz,adl_sliding_capped,547,683,,,dataset_unit_map,wrist,bits,m/s^2,rad/s,m/s^2,rad/s,1.0,1.0,True,test,non_fall,non_fall,3.6293895391281694e-06,none,lateral,0.766037106513977
w25_00001642,bits,C:\Users\ADMIN\Desktop\ds-fall\data\raw\Dataset\adl\user29\user29_adl10.csv,C:\Users\ADMIN\Desktop\ds-fall\data\raw\Dataset,user29,user29_adl10,adl10,rapidly_sitting_on_chair,rapidly_sitting_on_chair,0,none,False,24,74,0.96,2.96,25.0,50,12,"ax,ay,az,gx,gy,gz,acc_mag,gyro_mag,jerk,roll,pitch,tilt_delta",20.0,25.0,uniform_20hz_time_interpolation_to_25hz,adl_sliding_capped,547,683,,,dataset_unit_map,wrist,bits,m/s^2,rad/s,m/s^2,rad/s,1.0,1.0,True,test,non_fall,non_fall,1.7294324834438157e-06,none,lateral,0.9594295024871826
w25_00001643,bits,C:\Users\ADMIN\Desktop\ds-fall\data\raw\Dataset\adl\user29\user29_adl10.csv,C:\Users\ADMIN\Desktop\ds-fall\data\raw\Dataset,user29,user29_adl10,adl10,rapidly_sitting_on_chair,rapidly_sitting_on_chair,0,none,False,36,86,1.44,3.44,25.0,50,12,"ax,ay,az,gx,gy,gz,acc_mag,gyro_mag,jerk,roll,pitch,tilt_delta",20.0,25.0,uniform_20hz_time_interpolation_to_25hz,adl_sliding_capped,547,683,,,dataset_unit_map,wrist,bits,m/s^2,rad/s,m/s^2,rad/s,1.0,1.0,True,test,non_fall,non_fall,3.0416658773901872e-06,none,lateral,0.9840081930160522
w25_00001644,bits,C:\Users\ADMIN\Desktop\ds-fall\data\raw\Dataset\adl\user29\user29_adl10.csv,C:\Users\ADMIN\Desktop\ds-fall\data\raw\Dataset,user29,user29_adl10,adl10,rapidly_sitting_on_chair,rapidly_sitting_on_chair,0,none,False,48,98,1.92,3.92,25.0,50,12,"ax,ay,az,gx,gy,gz,acc_mag,gyro_mag,jerk,roll,pitch,tilt_delta",20.0,25.0,uniform_20hz_time_interpolation_to_25hz,adl_sliding_capped,547,683,,,dataset_unit_map,wrist,bits,m/s^2,rad/s,m/s^2,rad/s,1.0,1.0,True,test,non_fall,non_fall,7.596878731419565e-06,none,lateral,0.9381383657455444
w25_00001645,bits,C:\Users\ADMIN\Desktop\ds-fall\data\raw\Dataset\adl\user29\user29_adl11.csv,C:\Users\ADMIN\Desktop\ds-fall\data\raw\Dataset,user29,user29_adl11,adl11,nearly_sitting_and_getting_up,nearly_sitting_and_getting_up,0,none,False,0,50,0.0,2.0,25.0,50,12,"ax,ay,az,gx,gy,gz,acc_mag,gyro_mag,jerk,roll,pitch,tilt_delta",20.0,25.0,uniform_20hz_time_interpolation_to_25hz,adl_sliding_capped,300,374,,,dataset_unit_map,wrist,bits,m/s^2,rad/s,m/s^2,rad/s,1.0,1.0,True,test,non_fall,non_fall,3.780818857990198e-08,none,backward,0.9683216214179993
w25_00001646,bits,C:\Users\ADMIN\Desktop\ds-fall\data\raw\Dataset\adl\user29\user29_adl11.csv,C:\Users\ADMIN\Desktop\ds-fall\data\raw\Dataset,user29,user29_adl11,adl11,nearly_sitting_and_getting_up,nearly_sitting_and_getting_up,0,none,False,12,62,0.48,2.48,25.0,50,12,"ax,ay,az,gx,gy,gz,acc_mag,gyro_mag,jerk,roll,pitch,tilt_delta",20.0,25.0,uniform_20hz_time_interpolation_to_25hz,adl_sliding_capped,300,374,,,dataset_unit_map,wrist,bits,m/s^2,rad/s,m/s^2,rad/s,1.0,1.0,True,test,non_fall,non_fall,1.854470532691721e-08,none,backward,0.9994348883628845
w25_00001647,bits,C:\Users\ADMIN\Desktop\ds-fall\data\raw\Dataset\adl\user29\user29_adl11.csv,C:\Users\ADMIN\Desktop\ds-fall\data\raw\Dataset,user29,user29_adl11,adl11,nearly_sitting_and_getting_up,nearly_sitting_and_getting_up,0,none,False,24,74,0.96,2.96,25.0,50,12,"ax,ay,az,gx,gy,gz,acc_mag,gyro_mag,jerk,roll,pitch,tilt_delta",20.0,25.0,uniform_20hz_time_interpolation_to_25hz,adl_sliding_capped,300,374,,,dataset_unit_map,wrist,bits,m/s^2,rad/s,m/s^2,rad/s,1.0,1.0,True,test,non_fall,non_fall,2.974646751141563e-09,none,backward,0.9991346001625061
w25_00001648,bits,C:\Users\ADMIN\Desktop\ds-fall\data\raw\Dataset\adl\user29\user29_adl11.csv,C:\Users\ADMIN\Desktop\ds-fall\data\raw\Dataset,user29,user29_adl11,adl11,nearly_sitting_and_getting_up,nearly_sitting_and_getting_up,0,none,False,36,86,1.44,3.44,25.0,50,12,"ax,ay,az,gx,gy,gz,acc_mag,gyro_mag,jerk,roll,pitch,tilt_delta",20.0,25.0,uniform_20hz_time_interpolation_to_25hz,adl_sliding_capped,300,374,,,dataset_unit_map,wrist,bits,m/s^2,rad/s,m/s^2,rad/s,1.0,1.0,True,test,non_fall,non_fall,1.330253018849703e-09,none,backward,0.9997623562812805
w25_00001649,bits,C:\Users\ADMIN\Desktop\ds-fall\data\raw\Dataset\adl\user29\user29_adl11.csv,C:\Users\ADMIN\Desktop\ds-fall\data\raw\Dataset,user29,user29_adl11,adl11,nearly_sitting_and_getting_up,nearly_sitting_and_getting_up,0,none,False,48,98,1.92,3.92,25.0,50,12,"ax,ay,az,gx,gy,gz,acc_mag,gyro_mag,jerk,roll,pitch,tilt_delta",20.0,25.0,uniform_20hz_time_interpolation_to_25hz,adl_sliding_capped,300,374,,,dataset_unit_map,wrist,bits,m/s^2,rad/s,m/s^2,rad/s,1.0,1.0,True,test,non_fall,non_fall,3.159074779546245e-09,none,backward,0.9981877207756042
w25_00001650,bits,C:\Users\ADMIN\Desktop\ds-fall\data\raw\Dataset\adl\user29\user29_adl12.csv,C:\Users\ADMIN\Desktop\ds-fall\data\raw\Dataset,user29,user29_adl12,adl12,swinging_hands,swinging_hands,0,none,False,0,50,0.0,2.0,25.0,50,12,"ax,ay,az,gx,gy,gz,acc_mag,gyro_mag,jerk,roll,pitch,tilt_delta",20.0,25.0,uniform_20hz_time_interpolation_to_25hz,adl_sliding_capped,617,771,,,dataset_unit_map,wrist,bits,m/s^2,rad/s,m/s^2,rad/s,1.0,1.0,True,test,non_fall,non_fall,4.82831232773151e-08,none,backward,0.9914664030075073
w25_00001651,bits,C:\Users\ADMIN\Desktop\ds-fall\data\raw\Dataset\adl\user29\user29_adl12.csv,C:\Users\ADMIN\Desktop\ds-fall\data\raw\Dataset,user29,user29_adl12,adl12,swinging_hands,swinging_hands,0,none,False,12,62,0.48,2.48,25.0,50,12,"ax,ay,az,gx,gy,gz,acc_mag,gyro_mag,jerk,roll,pitch,tilt_delta",20.0,25.0,uniform_20hz_time_interpolation_to_25hz,adl_sliding_capped,617,771,,,dataset_unit_map,wrist,bits,m/s^2,rad/s,m/s^2,rad/s,1.0,1.0,True,test,non_fall,non_fall,9.844063697528327e-08,none,lateral,0.9836498498916626
w25_00001652,bits,C:\Users\ADMIN\Desktop\ds-fall\data\raw\Dataset\adl\user29\user29_adl12.csv,C:\Users\ADMIN\Desktop\ds-fall\data\raw\Dataset,user29,user29_adl12,adl12,swinging_hands,swinging_hands,0,none,False,24,74,0.96,2.96,25.0,50,12,"ax,ay,az,gx,gy,gz,acc_mag,gyro_mag,jerk,roll,pitch,tilt_delta",20.0,25.0,uniform_20hz_time_interpolation_to_25hz,adl_sliding_capped,617,771,,,dataset_unit_map,wrist,bits,m/s^2,rad/s,m/s^2,rad/s,1.0,1.0,True,test,non_fall,non_fall,1.421317961103341e-07,none,lateral,0.9999899864196777
w25_00001653,bits,C:\Users\ADMIN\Desktop\ds-fall\data\raw\Dataset\adl\user29\user29_adl12.csv,C:\Users\ADMIN\Desktop\ds-fall\data\raw\Dataset,user29,user29_adl12,adl12,swinging_hands,swinging_hands,0,none,False,36,86,1.44,3.44,25.0,50,12,"ax,ay,az,gx,gy,gz,acc_mag,gyro_mag,jerk,roll,pitch,tilt_delta",20.0,25.0,uniform_20hz_time_interpolation_to_25hz,adl_sliding_capped,617,771,,,dataset_unit_map,wrist,bits,m/s^2,rad/s,m/s^2,rad/s,1.0,1.0,True,test,non_fall,non_fall,9.68942913459614e-07,none,lateral,0.999970555305481
w25_00001654,bits,C:\Users\ADMIN\Desktop\ds-fall\data\raw\Dataset\adl\user29\user29_adl12.csv,C:\Users\ADMIN\Desktop\ds-fall\data\raw\Dataset,user29,user29_adl12,adl12,swinging_hands,swinging_hands,0,none,False,48,98,1.92,3.92,25.0,50,12,"ax,ay,az,gx,gy,gz,acc_mag,gyro_mag,jerk,roll,pitch,tilt_delta",20.0,25.0,uniform_20hz_time_interpolation_to_25hz,adl_sliding_capped,617,771,,,dataset_unit_map,wrist,bits,m/s^2,rad/s,m/s^2,rad/s,1.0,1.0,True,test,non_fall,non_fall,3.98437396142981e-06,none,lateral,0.9999856948852539
w25_00001655,bits,C:\Users\ADMIN\Desktop\ds-fall\data\raw\Dataset\adl\user29\user29_adl13.csv,C:\Users\ADMIN\Desktop\ds-fall\data\raw\Dataset,user29,user29_adl13,adl13,lying_on_bed,lying_on_bed,0,none,False,0,50,0.0,2.0,25.0,50,12,"ax,ay,az,gx,gy,gz,acc_mag,gyro_mag,jerk,roll,pitch,tilt_delta",20.0,25.0,uniform_20hz_time_interpolation_to_25hz,adl_sliding_capped,304,379,,,dataset_unit_map,wrist,bits,m/s^2,rad/s,m/s^2,rad/s,1.0,1.0,True,test,non_fall,non_fall,1.154186747953645e-06,none,forward,0.9990622401237488
w25_00001656,bits,C:\Users\ADMIN\Desktop\ds-fall\data\raw\Dataset\adl\user29\user29_adl13.csv,C:\Users\ADMIN\Desktop\ds-fall\data\raw\Dataset,user29,user29_adl13,adl13,lying_on_bed,lying_on_bed,0,none,False,12,62,0.48,2.48,25.0,50,12,"ax,ay,az,gx,gy,gz,acc_mag,gyro_mag,jerk,roll,pitch,tilt_delta",20.0,25.0,uniform_20hz_time_interpolation_to_25hz,adl_sliding_capped,304,379,,,dataset_unit_map,wrist,bits,m/s^2,rad/s,m/s^2,rad/s,1.0,1.0,True,test,non_fall,non_fall,2.0448026134545216e-06,none,forward,0.9989857077598572
w25_00001657,bits,C:\Users\ADMIN\Desktop\ds-fall\data\raw\Dataset\adl\user29\user29_adl13.csv,C:\Users\ADMIN\Desktop\ds-fall\data\raw\Dataset,user29,user29_adl13,adl13,lying_on_bed,lying_on_bed,0,none,False,24,74,0.96,2.96,25.0,50,12,"ax,ay,az,gx,gy,gz,acc_mag,gyro_mag,jerk,roll,pitch,tilt_delta",20.0,25.0,uniform_20hz_time_interpolation_to_25hz,adl_sliding_capped,304,379,,,dataset_unit_map,wrist,bits,m/s^2,rad/s,m/s^2,rad/s,1.0,1.0,True,test,non_fall,non_fall,2.187693553423742e-06,none,forward,0.9990973472595215
w25_00001658,bits,C:\Users\ADMIN\Desktop\ds-fall\data\raw\Dataset\adl\user29\user29_adl13.csv,C:\Users\ADMIN\Desktop\ds-fall\data\raw\Dataset,user29,user29_adl13,adl13,lying_on_bed,lying_on_bed,0,none,False,36,86,1.44,3.44,25.0,50,12,"ax,ay,az,gx,gy,gz,acc_mag,gyro_mag,jerk,roll,pitch,tilt_delta",20.0,25.0,uniform_20hz_time_interpolation_to_25hz,adl_sliding_capped,304,379,,,dataset_unit_map,wrist,bits,m/s^2,rad/s,m/s^2,rad/s,1.0,1.0,True,test,non_fall,non_fall,2.0109805518586654e-06,none,forward,0.9990480542182922
w25_00001659,bits,C:\Users\ADMIN\Desktop\ds-fall\data\raw\Dataset\adl\user29\user29_adl13.csv,C:\Users\ADMIN\Desktop\ds-fall\data\raw\Dataset,user29,user29_adl13,adl13,lying_on_bed,lying_on_bed,0,none,False,48,98,1.92,3.92,25.0,50,12,"ax,ay,az,gx,gy,gz,acc_mag,gyro_mag,jerk,roll,pitch,tilt_delta",20.0,25.0,uniform_20hz_time_interpolation_to_25hz,adl_sliding_capped,304,379,,,dataset_unit_map,wrist,bits,m/s^2,rad/s,m/s^2,rad/s,1.0,1.0,True,test,non_fall,non_fall,1.7950577557712677e-06,none,forward,0.9991365075111389
w25_00001660,bits,C:\Users\ADMIN\Desktop\ds-fall\data\raw\Dataset\adl\user29\user29_adl14.csv,C:\Users\ADMIN\Desktop\ds-fall\data\raw\Dataset,user29,user29_adl14,adl14,lying_on_back_getting_up_slowly,lying_on_back_getting_up_slowly,0,none,False,0,50,0.0,2.0,25.0,50,12,"ax,ay,az,gx,gy,gz,acc_mag,gyro_mag,jerk,roll,pitch,tilt_delta",20.0,25.0,uniform_20hz_time_interpolation_to_25hz,adl_sliding_capped,225,281,,,dataset_unit_map,wrist,bits,m/s^2,rad/s,m/s^2,rad/s,1.0,1.0,True,test,non_fall,non_fall,1.8287607872480294e-06,none,forward,0.9978433847427368
w25_00001661,bits,C:\Users\ADMIN\Desktop\ds-fall\data\raw\Dataset\adl\user29\user29_adl14.csv,C:\Users\ADMIN\Desktop\ds-fall\data\raw\Dataset,user29,user29_adl14,adl14,lying_on_back_getting_up_slowly,lying_on_back_getting_up_slowly,0,none,False,12,62,0.48,2.48,25.0,50,12,"ax,ay,az,gx,gy,gz,acc_mag,gyro_mag,jerk,roll,pitch,tilt_delta",20.0,25.0,uniform_20hz_time_interpolation_to_25hz,adl_sliding_capped,225,281,,,dataset_unit_map,wrist,bits,m/s^2,rad/s,m/s^2,rad/s,1.0,1.0,True,test,non_fall,non_fall,3.208043381164316e-06,none,forward,0.9979971051216125
w25_00001662,bits,C:\Users\ADMIN\Desktop\ds-fall\data\raw\Dataset\adl\user29\user29_adl14.csv,C:\Users\ADMIN\Desktop\ds-fall\data\raw\Dataset,user29,user29_adl14,adl14,lying_on_back_getting_up_slowly,lying_on_back_getting_up_slowly,0,none,False,24,74,0.96,2.96,25.0,50,12,"ax,ay,az,gx,gy,gz,acc_mag,gyro_mag,jerk,roll,pitch,tilt_delta",20.0,25.0,uniform_20hz_time_interpolation_to_25hz,adl_sliding_capped,225,281,,,dataset_unit_map,wrist,bits,m/s^2,rad/s,m/s^2,rad/s,1.0,1.0,True,test,non_fall,non_fall,2.925147782661952e-06,none,forward,0.9977747797966003
w25_00001663,bits,C:\Users\ADMIN\Desktop\ds-fall\data\raw\Dataset\adl\user29\user29_adl14.csv,C:\Users\ADMIN\Desktop\ds-fall\data\raw\Dataset,user29,user29_adl14,adl14,lying_on_back_getting_up_slowly,lying_on_back_getting_up_slowly,0,none,False,36,86,1.44,3.44,25.0,50,12,"ax,ay,az,gx,gy,gz,acc_mag,gyro_mag,jerk,roll,pitch,tilt_delta",20.0,25.0,uniform_20hz_time_interpolation_to_25hz,adl_sliding_capped,225,281,,,dataset_unit_map,wrist,bits,m/s^2,rad/s,m/s^2,rad/s,1.0,1.0,True,test,non_fall,non_fall,2.8457693588279653e-06,none,forward,0.997713565826416
w25_00001664,bits,C:\Users\ADMIN\Desktop\ds-fall\data\raw\Dataset\adl\user29\user29_adl14.csv,C:\Users\ADMIN\Desktop\ds-fall\data\raw\Dataset,user29,user29_adl14,adl14,lying_on_back_getting_up_slowly,lying_on_back_getting_up_slowly,0,none,False,48,98,1.92,3.92,25.0,50,12,"ax,ay,az,gx,gy,gz,acc_mag,gyro_mag,jerk,roll,pitch,tilt_delta",20.0,25.0,uniform_20hz_time_interpolation_to_25hz,adl_sliding_capped,225,281,,,dataset_unit_map,wrist,bits,m/s^2,rad/s,m/s^2,rad/s,1.0,1.0,True,test,non_fall,non_fall,2.94334768113913e-06,none,forward,0.9978508949279785
w25_00001665,bits,C:\Users\ADMIN\Desktop\ds-fall\data\raw\Dataset\adl\user29\user29_adl15.csv,C:\Users\ADMIN\Desktop\ds-fall\data\raw\Dataset,user29,user29_adl15,adl15,lying_on_back_getting_up_normally,lying_on_back_getting_up_normally,0,none,False,0,50,0.0,2.0,25.0,50,12,"ax,ay,az,gx,gy,gz,acc_mag,gyro_mag,jerk,roll,pitch,tilt_delta",20.0,25.0,uniform_20hz_time_interpolation_to_25hz,adl_sliding_capped,342,427,,,dataset_unit_map,wrist,bits,m/s^2,rad/s,m/s^2,rad/s,1.0,1.0,True,test,non_fall,non_fall,1.822705030463112e-06,none,forward,0.9983933568000793
w25_00001666,bits,C:\Users\ADMIN\Desktop\ds-fall\data\raw\Dataset\adl\user29\user29_adl15.csv,C:\Users\ADMIN\Desktop\ds-fall\data\raw\Dataset,user29,user29_adl15,adl15,lying_on_back_getting_up_normally,lying_on_back_getting_up_normally,0,none,False,12,62,0.48,2.48,25.0,50,12,"ax,ay,az,gx,gy,gz,acc_mag,gyro_mag,jerk,roll,pitch,tilt_delta",20.0,25.0,uniform_20hz_time_interpolation_to_25hz,adl_sliding_capped,342,427,,,dataset_unit_map,wrist,bits,m/s^2,rad/s,m/s^2,rad/s,1.0,1.0,True,test,non_fall,non_fall,3.7094885101396358e-06,none,forward,0.9983867406845093
w25_00001667,bits,C:\Users\ADMIN\Desktop\ds-fall\data\raw\Dataset\adl\user29\user29_adl15.csv,C:\Users\ADMIN\Desktop\ds-fall\data\raw\Dataset,user29,user29_adl15,adl15,lying_on_back_getting_up_normally,lying_on_back_getting_up_normally,0,none,False,24,74,0.96,2.96,25.0,50,12,"ax,ay,az,gx,gy,gz,acc_mag,gyro_mag,jerk,roll,pitch,tilt_delta",20.0,25.0,uniform_20hz_time_interpolation_to_25hz,adl_sliding_capped,342,427,,,dataset_unit_map,wrist,bits,m/s^2,rad/s,m/s^2,rad/s,1.0,1.0,True,test,non_fall,non_fall,3.552794851202634e-06,none,forward,0.9985144734382629
w25_00001668,bits,C:\Users\ADMIN\Desktop\ds-fall\data\raw\Dataset\adl\user29\user29_adl15.csv,C:\Users\ADMIN\Desktop\ds-fall\data\raw\Dataset,user29,user29_adl15,adl15,lying_on_back_getting_up_normally,lying_on_back_getting_up_normally,0,none,False,36,86,1.44,3.44,25.0,50,12,"ax,ay,az,gx,gy,gz,acc_mag,gyro_mag,jerk,roll,pitch,tilt_delta",20.0,25.0,uniform_20hz_time_interpolation_to_25hz,adl_sliding_capped,342,427,,,dataset_unit_map,wrist,bits,m/s^2,rad/s,m/s^2,rad/s,1.0,1.0,True,test,non_fall,non_fall,3.445612719588098e-06,none,forward,0.9984515905380249
w25_00001669,bits,C:\Users\ADMIN\Desktop\ds-fall\data\raw\Dataset\adl\user29\user29_adl15.csv,C:\Users\ADMIN\Desktop\ds-fall\data\raw\Dataset,user29,user29_adl15,adl15,lying_on_back_getting_up_normally,lying_on_back_getting_up_normally,0,none,False,48,98,1.92,3.92,25.0,50,12,"ax,ay,az,gx,gy,gz,acc_mag,gyro_mag,jerk,roll,pitch,tilt_delta",20.0,25.0,uniform_20hz_time_interpolation_to_25hz,adl_sliding_capped,342,427,,,dataset_unit_map,wrist,bits,m/s^2,rad/s,m/s^2,rad/s,1.0,1.0,True,test,non_fall,non_fall,3.5108348583889892e-06,none,forward,0.9983909130096436
w25_00001670,bits,C:\Users\ADMIN\Desktop\ds-fall\data\raw\Dataset\adl\user29\user29_adl16.csv,C:\Users\ADMIN\Desktop\ds-fall\data\raw\Dataset,user29,user29_adl16,adl16,lying_sideways_to_back,lying_sideways_to_back,0,none,False,0,50,0.0,2.0,25.0,50,12,"ax,ay,az,gx,gy,gz,acc_mag,gyro_mag,jerk,roll,pitch,tilt_delta",20.0,25.0,uniform_20hz_time_interpolation_to_25hz,adl_sliding_capped,568,709,,,dataset_unit_map,wrist,bits,m/s^2,rad/s,m/s^2,rad/s,1.0,1.0,True,test,non_fall,non_fall,2.4711262085475028e-05,none,lateral,0.944463312625885
w25_00001671,bits,C:\Users\ADMIN\Desktop\ds-fall\data\raw\Dataset\adl\user29\user29_adl16.csv,C:\Users\ADMIN\Desktop\ds-fall\data\raw\Dataset,user29,user29_adl16,adl16,lying_sideways_to_back,lying_sideways_to_back,0,none,False,12,62,0.48,2.48,25.0,50,12,"ax,ay,az,gx,gy,gz,acc_mag,gyro_mag,jerk,roll,pitch,tilt_delta",20.0,25.0,uniform_20hz_time_interpolation_to_25hz,adl_sliding_capped,568,709,,,dataset_unit_map,wrist,bits,m/s^2,rad/s,m/s^2,rad/s,1.0,1.0,True,test,non_fall,non_fall,2.1322144675650634e-05,none,lateral,0.9497189521789551
w25_00001672,bits,C:\Users\ADMIN\Desktop\ds-fall\data\raw\Dataset\adl\user29\user29_adl16.csv,C:\Users\ADMIN\Desktop\ds-fall\data\raw\Dataset,user29,user29_adl16,adl16,lying_sideways_to_back,lying_sideways_to_back,0,none,False,24,74,0.96,2.96,25.0,50,12,"ax,ay,az,gx,gy,gz,acc_mag,gyro_mag,jerk,roll,pitch,tilt_delta",20.0,25.0,uniform_20hz_time_interpolation_to_25hz,adl_sliding_capped,568,709,,,dataset_unit_map,wrist,bits,m/s^2,rad/s,m/s^2,rad/s,1.0,1.0,True,test,non_fall,non_fall,2.2689746401738375e-05,none,lateral,0.9424143433570862
w25_00001673,bits,C:\Users\ADMIN\Desktop\ds-fall\data\raw\Dataset\adl\user29\user29_adl16.csv,C:\Users\ADMIN\Desktop\ds-fall\data\raw\Dataset,user29,user29_adl16,adl16,lying_sideways_to_back,lying_sideways_to_back,0,none,False,36,86,1.44,3.44,25.0,50,12,"ax,ay,az,gx,gy,gz,acc_mag,gyro_mag,jerk,roll,pitch,tilt_delta",20.0,25.0,uniform_20hz_time_interpolation_to_25hz,adl_sliding_capped,568,709,,,dataset_unit_map,wrist,bits,m/s^2,rad/s,m/s^2,rad/s,1.0,1.0,True,test,non_fall,non_fall,2.146066071873065e-05,none,lateral,0.9466496706008911
w25_00001674,bits,C:\Users\ADMIN\Desktop\ds-fall\data\raw\Dataset\adl\user29\user29_adl16.csv,C:\Users\ADMIN\Desktop\ds-fall\data\raw\Dataset,user29,user29_adl16,adl16,lying_sideways_to_back,lying_sideways_to_back,0,none,False,48,98,1.92,3.92,25.0,50,12,"ax,ay,az,gx,gy,gz,acc_mag,gyro_mag,jerk,roll,pitch,tilt_delta",20.0,25.0,uniform_20hz_time_interpolation_to_25hz,adl_sliding_capped,568,709,,,dataset_unit_map,wrist,bits,m/s^2,rad/s,m/s^2,rad/s,1.0,1.0,True,test,non_fall,non_fall,2.1745043341070414e-05,none,lateral,0.9401777386665344
w25_00001675,bits,C:\Users\ADMIN\Desktop\ds-fall\data\raw\Dataset\adl\user29\user29_adl2.csv,C:\Users\ADMIN\Desktop\ds-fall\data\raw\Dataset,user29,user29_adl2,adl2,walking_quickly,walking_quickly,0,none,False,0,50,0.0,2.0,25.0,50,12,"ax,ay,az,gx,gy,gz,acc_mag,gyro_mag,jerk,roll,pitch,tilt_delta",20.0,25.0,uniform_20hz_time_interpolation_to_25hz,adl_sliding_capped,831,1038,,,dataset_unit_map,wrist,bits,m/s^2,rad/s,m/s^2,rad/s,1.0,1.0,True,test,non_fall,non_fall,1.386845269735204e-06,none,forward,0.7868058085441589
w25_00001676,bits,C:\Users\ADMIN\Desktop\ds-fall\data\raw\Dataset\adl\user29\user29_adl2.csv,C:\Users\ADMIN\Desktop\ds-fall\data\raw\Dataset,user29,user29_adl2,adl2,walking_quickly,walking_quickly,0,none,False,12,62,0.48,2.48,25.0,50,12,"ax,ay,az,gx,gy,gz,acc_mag,gyro_mag,jerk,roll,pitch,tilt_delta",20.0,25.0,uniform_20hz_time_interpolation_to_25hz,adl_sliding_capped,831,1038,,,dataset_unit_map,wrist,bits,m/s^2,rad/s,m/s^2,rad/s,1.0,1.0,True,test,non_fall,non_fall,2.137774117727531e-06,none,forward,0.7891916036605835
w25_00001677,bits,C:\Users\ADMIN\Desktop\ds-fall\data\raw\Dataset\adl\user29\user29_adl2.csv,C:\Users\ADMIN\Desktop\ds-fall\data\raw\Dataset,user29,user29_adl2,adl2,walking_quickly,walking_quickly,0,none,False,24,74,0.96,2.96,25.0,50,12,"ax,ay,az,gx,gy,gz,acc_mag,gyro_mag,jerk,roll,pitch,tilt_delta",20.0,25.0,uniform_20hz_time_interpolation_to_25hz,adl_sliding_capped,831,1038,,,dataset_unit_map,wrist,bits,m/s^2,rad/s,m/s^2,rad/s,1.0,1.0,True,test,non_fall,non_fall,1.4304890783023438e-06,none,forward,0.9975587129592896
w25_00001678,bits,C:\Users\ADMIN\Desktop\ds-fall\data\raw\Dataset\adl\user29\user29_adl2.csv,C:\Users\ADMIN\Desktop\ds-fall\data\raw\Dataset,user29,user29_adl2,adl2,walking_quickly,walking_quickly,0,none,False,36,86,1.44,3.44,25.0,50,12,"ax,ay,az,gx,gy,gz,acc_mag,gyro_mag,jerk,roll,pitch,tilt_delta",20.0,25.0,uniform_20hz_time_interpolation_to_25hz,adl_sliding_capped,831,1038,,,dataset_unit_map,wrist,bits,m/s^2,rad/s,m/s^2,rad/s,1.0,1.0,True,test,non_fall,non_fall,1.7135669168055756e-06,none,forward,0.7525823712348938
w25_00001679,bits,C:\Users\ADMIN\Desktop\ds-fall\data\raw\Dataset\adl\user29\user29_adl2.csv,C:\Users\ADMIN\Desktop\ds-fall\data\raw\Dataset,user29,user29_adl2,adl2,walking_quickly,walking_quickly,0,none,False,48,98,1.92,3.92,25.0,50,12,"ax,ay,az,gx,gy,gz,acc_mag,gyro_mag,jerk,roll,pitch,tilt_delta",20.0,25.0,uniform_20hz_time_interpolation_to_25hz,adl_sliding_capped,831,1038,,,dataset_unit_map,wrist,bits,m/s^2,rad/s,m/s^2,rad/s,1.0,1.0,True,test,non_fall,non_fall,8.912668363336707e-07,none,forward,0.8101688623428345
w25_00001680,bits,C:\Users\ADMIN\Desktop\ds-fall\data\raw\Dataset\adl\user29\user29_adl3.csv,C:\Users\ADMIN\Desktop\ds-fall\data\raw\Dataset,user29,user29_adl3,adl3,jogging,jogging,0,none,False,0,50,0.0,2.0,25.0,50,12,"ax,ay,az,gx,gy,gz,acc_mag,gyro_mag,jerk,roll,pitch,tilt_delta",20.0,25.0,uniform_20hz_time_interpolation_to_25hz,adl_sliding_capped,1351,1688,,,dataset_unit_map,wrist,bits,m/s^2,rad/s,m/s^2,rad/s,1.0,1.0,True,test,non_fall,non_fall,1.1807120245066471e-05,none,forward,0.9899389743804932
w25_00001681,bits,C:\Users\ADMIN\Desktop\ds-fall\data\raw\Dataset\adl\user29\user29_adl3.csv,C:\Users\ADMIN\Desktop\ds-fall\data\raw\Dataset,user29,user29_adl3,adl3,jogging,jogging,0,none,False,12,62,0.48,2.48,25.0,50,12,"ax,ay,az,gx,gy,gz,acc_mag,gyro_mag,jerk,roll,pitch,tilt_delta",20.0,25.0,uniform_20hz_time_interpolation_to_25hz,adl_sliding_capped,1351,1688,,,dataset_unit_map,wrist,bits,m/s^2,rad/s,m/s^2,rad/s,1.0,1.0,True,test,non_fall,non_fall,8.3902104961453e-06,none,lateral,0.9985396862030029
w25_00001682,bits,C:\Users\ADMIN\Desktop\ds-fall\data\raw\Dataset\adl\user29\user29_adl3.csv,C:\Users\ADMIN\Desktop\ds-fall\data\raw\Dataset,user29,user29_adl3,adl3,jogging,jogging,0,none,False,24,74,0.96,2.96,25.0,50,12,"ax,ay,az,gx,gy,gz,acc_mag,gyro_mag,jerk,roll,pitch,tilt_delta",20.0,25.0,uniform_20hz_time_interpolation_to_25hz,adl_sliding_capped,1351,1688,,,dataset_unit_map,wrist,bits,m/s^2,rad/s,m/s^2,rad/s,1.0,1.0,True,test,non_fall,non_fall,4.169567546341568e-05,none,lateral,0.9999998807907104
w25_00001683,bits,C:\Users\ADMIN\Desktop\ds-fall\data\raw\Dataset\adl\user29\user29_adl3.csv,C:\Users\ADMIN\Desktop\ds-fall\data\raw\Dataset,user29,user29_adl3,adl3,jogging,jogging,0,none,False,36,86,1.44,3.44,25.0,50,12,"ax,ay,az,gx,gy,gz,acc_mag,gyro_mag,jerk,roll,pitch,tilt_delta",20.0,25.0,uniform_20hz_time_interpolation_to_25hz,adl_sliding_capped,1351,1688,,,dataset_unit_map,wrist,bits,m/s^2,rad/s,m/s^2,rad/s,1.0,1.0,True,test,non_fall,non_fall,1.1857794106617803e-06,none,lateral,0.9999995231628418
w25_00001684,bits,C:\Users\ADMIN\Desktop\ds-fall\data\raw\Dataset\adl\user29\user29_adl3.csv,C:\Users\ADMIN\Desktop\ds-fall\data\raw\Dataset,user29,user29_adl3,adl3,jogging,jogging,0,none,False,48,98,1.92,3.92,25.0,50,12,"ax,ay,az,gx,gy,gz,acc_mag,gyro_mag,jerk,roll,pitch,tilt_delta",20.0,25.0,uniform_20hz_time_interpolation_to_25hz,adl_sliding_capped,1351,1688,,,dataset_unit_map,wrist,bits,m/s^2,rad/s,m/s^2,rad/s,1.0,1.0,True,test,non_fall,non_fall,7.269554771482944e-05,none,lateral,0.999998927116394
w25_00001685,bits,C:\Users\ADMIN\Desktop\ds-fall\data\raw\Dataset\adl\user29\user29_adl4.csv,C:\Users\ADMIN\Desktop\ds-fall\data\raw\Dataset,user29,user29_adl4,adl4,jumping,jumping,0,none,False,0,50,0.0,2.0,25.0,50,12,"ax,ay,az,gx,gy,gz,acc_mag,gyro_mag,jerk,roll,pitch,tilt_delta",20.0,25.0,uniform_20hz_time_interpolation_to_25hz,adl_sliding_capped,1147,1433,,,dataset_unit_map,wrist,bits,m/s^2,rad/s,m/s^2,rad/s,1.0,1.0,True,test,non_fall,non_fall,2.9560796974692494e-06,none,forward,0.8604750037193298
w25_00001686,bits,C:\Users\ADMIN\Desktop\ds-fall\data\raw\Dataset\adl\user29\user29_adl4.csv,C:\Users\ADMIN\Desktop\ds-fall\data\raw\Dataset,user29,user29_adl4,adl4,jumping,jumping,0,none,False,12,62,0.48,2.48,25.0,50,12,"ax,ay,az,gx,gy,gz,acc_mag,gyro_mag,jerk,roll,pitch,tilt_delta",20.0,25.0,uniform_20hz_time_interpolation_to_25hz,adl_sliding_capped,1147,1433,,,dataset_unit_map,wrist,bits,m/s^2,rad/s,m/s^2,rad/s,1.0,1.0,True,test,non_fall,non_fall,8.030136814340949e-05,none,lateral,0.9576568007469177
w25_00001687,bits,C:\Users\ADMIN\Desktop\ds-fall\data\raw\Dataset\adl\user29\user29_adl4.csv,C:\Users\ADMIN\Desktop\ds-fall\data\raw\Dataset,user29,user29_adl4,adl4,jumping,jumping,0,none,False,24,74,0.96,2.96,25.0,50,12,"ax,ay,az,gx,gy,gz,acc_mag,gyro_mag,jerk,roll,pitch,tilt_delta",20.0,25.0,uniform_20hz_time_interpolation_to_25hz,adl_sliding_capped,1147,1433,,,dataset_unit_map,wrist,bits,m/s^2,rad/s,m/s^2,rad/s,1.0,1.0,True,test,non_fall,non_fall,3.244695108151063e-05,none,lateral,0.9605039358139038
w25_00001688,bits,C:\Users\ADMIN\Desktop\ds-fall\data\raw\Dataset\adl\user29\user29_adl4.csv,C:\Users\ADMIN\Desktop\ds-fall\data\raw\Dataset,user29,user29_adl4,adl4,jumping,jumping,0,none,False,36,86,1.44,3.44,25.0,50,12,"ax,ay,az,gx,gy,gz,acc_mag,gyro_mag,jerk,roll,pitch,tilt_delta",20.0,25.0,uniform_20hz_time_interpolation_to_25hz,adl_sliding_capped,1147,1433,,,dataset_unit_map,wrist,bits,m/s^2,rad/s,m/s^2,rad/s,1.0,1.0,True,test,non_fall,non_fall,0.011435043066740036,none,lateral,0.9994496703147888
w25_00001689,bits,C:\Users\ADMIN\Desktop\ds-fall\data\raw\Dataset\adl\user29\user29_adl4.csv,C:\Users\ADMIN\Desktop\ds-fall\data\raw\Dataset,user29,user29_adl4,adl4,jumping,jumping,0,none,False,48,98,1.92,3.92,25.0,50,12,"ax,ay,az,gx,gy,gz,acc_mag,gyro_mag,jerk,roll,pitch,tilt_delta",20.0,25.0,uniform_20hz_time_interpolation_to_25hz,adl_sliding_capped,1147,1433,,,dataset_unit_map,wrist,bits,m/s^2,rad/s,m/s^2,rad/s,1.0,1.0,True,test,non_fall,fall,0.8832003474235535,none,lateral,0.9993656277656555
w25_00001690,bits,C:\Users\ADMIN\Desktop\ds-fall\data\raw\Dataset\adl\user29\user29_adl5.csv,C:\Users\ADMIN\Desktop\ds-fall\data\raw\Dataset,user29,user29_adl5,adl5,climbing_up_slowly,climbing_up_slowly,0,none,False,0,50,0.0,2.0,25.0,50,12,"ax,ay,az,gx,gy,gz,acc_mag,gyro_mag,jerk,roll,pitch,tilt_delta",20.0,25.0,uniform_20hz_time_interpolation_to_25hz,adl_sliding_capped,182,227,,,dataset_unit_map,wrist,bits,m/s^2,rad/s,m/s^2,rad/s,1.0,1.0,True,test,non_fall,non_fall,4.342775810073363e-06,none,forward,0.9825473427772522
w25_00001691,bits,C:\Users\ADMIN\Desktop\ds-fall\data\raw\Dataset\adl\user29\user29_adl5.csv,C:\Users\ADMIN\Desktop\ds-fall\data\raw\Dataset,user29,user29_adl5,adl5,climbing_up_slowly,climbing_up_slowly,0,none,False,12,62,0.48,2.48,25.0,50,12,"ax,ay,az,gx,gy,gz,acc_mag,gyro_mag,jerk,roll,pitch,tilt_delta",20.0,25.0,uniform_20hz_time_interpolation_to_25hz,adl_sliding_capped,182,227,,,dataset_unit_map,wrist,bits,m/s^2,rad/s,m/s^2,rad/s,1.0,1.0,True,test,non_fall,non_fall,3.4535935355961556e-06,none,lateral,0.7029293775558472
w25_00001692,bits,C:\Users\ADMIN\Desktop\ds-fall\data\raw\Dataset\adl\user29\user29_adl5.csv,C:\Users\ADMIN\Desktop\ds-fall\data\raw\Dataset,user29,user29_adl5,adl5,climbing_up_slowly,climbing_up_slowly,0,none,False,24,74,0.96,2.96,25.0,50,12,"ax,ay,az,gx,gy,gz,acc_mag,gyro_mag,jerk,roll,pitch,tilt_delta",20.0,25.0,uniform_20hz_time_interpolation_to_25hz,adl_sliding_capped,182,227,,,dataset_unit_map,wrist,bits,m/s^2,rad/s,m/s^2,rad/s,1.0,1.0,True,test,non_fall,non_fall,0.0014704775530844927,none,forward,0.9980575442314148
w25_00001693,bits,C:\Users\ADMIN\Desktop\ds-fall\data\raw\Dataset\adl\user29\user29_adl5.csv,C:\Users\ADMIN\Desktop\ds-fall\data\raw\Dataset,user29,user29_adl5,adl5,climbing_up_slowly,climbing_up_slowly,0,none,False,36,86,1.44,3.44,25.0,50,12,"ax,ay,az,gx,gy,gz,acc_mag,gyro_mag,jerk,roll,pitch,tilt_delta",20.0,25.0,uniform_20hz_time_interpolation_to_25hz,adl_sliding_capped,182,227,,,dataset_unit_map,wrist,bits,m/s^2,rad/s,m/s^2,rad/s,1.0,1.0,True,test,non_fall,non_fall,0.0001310925290454179,none,forward,0.8714362382888794
w25_00001694,bits,C:\Users\ADMIN\Desktop\ds-fall\data\raw\Dataset\adl\user29\user29_adl5.csv,C:\Users\ADMIN\Desktop\ds-fall\data\raw\Dataset,user29,user29_adl5,adl5,climbing_up_slowly,climbing_up_slowly,0,none,False,48,98,1.92,3.92,25.0,50,12,"ax,ay,az,gx,gy,gz,acc_mag,gyro_mag,jerk,roll,pitch,tilt_delta",20.0,25.0,uniform_20hz_time_interpolation_to_25hz,adl_sliding_capped,182,227,,,dataset_unit_map,wrist,bits,m/s^2,rad/s,m/s^2,rad/s,1.0,1.0,True,test,non_fall,non_fall,4.593726316670654e-06,none,lateral,0.7119099497795105
w25_00001695,bits,C:\Users\ADMIN\Desktop\ds-fall\data\raw\Dataset\adl\user29\user29_adl6.csv,C:\Users\ADMIN\Desktop\ds-fall\data\raw\Dataset,user29,user29_adl6,adl6,climbing_down_slowly,climbing_down_slowly,0,none,False,0,50,0.0,2.0,25.0,50,12,"ax,ay,az,gx,gy,gz,acc_mag,gyro_mag,jerk,roll,pitch,tilt_delta",20.0,25.0,uniform_20hz_time_interpolation_to_25hz,adl_sliding_capped,818,1022,,,dataset_unit_map,wrist,bits,m/s^2,rad/s,m/s^2,rad/s,1.0,1.0,True,test,non_fall,non_fall,0.00022809745860286057,none,lateral,0.7556954622268677
w25_00001696,bits,C:\Users\ADMIN\Desktop\ds-fall\data\raw\Dataset\adl\user29\user29_adl6.csv,C:\Users\ADMIN\Desktop\ds-fall\data\raw\Dataset,user29,user29_adl6,adl6,climbing_down_slowly,climbing_down_slowly,0,none,False,12,62,0.48,2.48,25.0,50,12,"ax,ay,az,gx,gy,gz,acc_mag,gyro_mag,jerk,roll,pitch,tilt_delta",20.0,25.0,uniform_20hz_time_interpolation_to_25hz,adl_sliding_capped,818,1022,,,dataset_unit_map,wrist,bits,m/s^2,rad/s,m/s^2,rad/s,1.0,1.0,True,test,non_fall,non_fall,4.354652901383815e-06,none,lateral,0.5339093208312988
w25_00001697,bits,C:\Users\ADMIN\Desktop\ds-fall\data\raw\Dataset\adl\user29\user29_adl6.csv,C:\Users\ADMIN\Desktop\ds-fall\data\raw\Dataset,user29,user29_adl6,adl6,climbing_down_slowly,climbing_down_slowly,0,none,False,24,74,0.96,2.96,25.0,50,12,"ax,ay,az,gx,gy,gz,acc_mag,gyro_mag,jerk,roll,pitch,tilt_delta",20.0,25.0,uniform_20hz_time_interpolation_to_25hz,adl_sliding_capped,818,1022,,,dataset_unit_map,wrist,bits,m/s^2,rad/s,m/s^2,rad/s,1.0,1.0,True,test,non_fall,non_fall,7.359729806921678e-06,none,forward,0.6454095244407654
w25_00001698,bits,C:\Users\ADMIN\Desktop\ds-fall\data\raw\Dataset\adl\user29\user29_adl6.csv,C:\Users\ADMIN\Desktop\ds-fall\data\raw\Dataset,user29,user29_adl6,adl6,climbing_down_slowly,climbing_down_slowly,0,none,False,36,86,1.44,3.44,25.0,50,12,"ax,ay,az,gx,gy,gz,acc_mag,gyro_mag,jerk,roll,pitch,tilt_delta",20.0,25.0,uniform_20hz_time_interpolation_to_25hz,adl_sliding_capped,818,1022,,,dataset_unit_map,wrist,bits,m/s^2,rad/s,m/s^2,rad/s,1.0,1.0,True,test,non_fall,non_fall,7.19731815479463e-06,none,forward,0.750706672668457
w25_00001699,bits,C:\Users\ADMIN\Desktop\ds-fall\data\raw\Dataset\adl\user29\user29_adl6.csv,C:\Users\ADMIN\Desktop\ds-fall\data\raw\Dataset,user29,user29_adl6,adl6,climbing_down_slowly,climbing_down_slowly,0,none,False,48,98,1.92,3.92,25.0,50,12,"ax,ay,az,gx,gy,gz,acc_mag,gyro_mag,jerk,roll,pitch,tilt_delta",20.0,25.0,uniform_20hz_time_interpolation_to_25hz,adl_sliding_capped,818,1022,,,dataset_unit_map,wrist,bits,m/s^2,rad/s,m/s^2,rad/s,1.0,1.0,True,test,non_fall,non_fall,6.046353746569366e-07,none,lateral,0.5994425415992737
w25_00001700,bits,C:\Users\ADMIN\Desktop\ds-fall\data\raw\Dataset\adl\user29\user29_adl7.csv,C:\Users\ADMIN\Desktop\ds-fall\data\raw\Dataset,user29,user29_adl7,adl7,climbing_up_normally,climbing_up_normally,0,none,False,0,50,0.0,2.0,25.0,50,12,"ax,ay,az,gx,gy,gz,acc_mag,gyro_mag,jerk,roll,pitch,tilt_delta",20.0,25.0,uniform_20hz_time_interpolation_to_25hz,adl_sliding_capped,809,1011,,,dataset_unit_map,wrist,bits,m/s^2,rad/s,m/s^2,rad/s,1.0,1.0,True,test,non_fall,non_fall,7.580512715321674e-07,none,forward,0.9979963898658752
w25_00001701,bits,C:\Users\ADMIN\Desktop\ds-fall\data\raw\Dataset\adl\user29\user29_adl7.csv,C:\Users\ADMIN\Desktop\ds-fall\data\raw\Dataset,user29,user29_adl7,adl7,climbing_up_normally,climbing_up_normally,0,none,False,12,62,0.48,2.48,25.0,50,12,"ax,ay,az,gx,gy,gz,acc_mag,gyro_mag,jerk,roll,pitch,tilt_delta",20.0,25.0,uniform_20hz_time_interpolation_to_25hz,adl_sliding_capped,809,1011,,,dataset_unit_map,wrist,bits,m/s^2,rad/s,m/s^2,rad/s,1.0,1.0,True,test,non_fall,non_fall,4.483800069010613e-07,none,forward,0.998428225517273
w25_00001702,bits,C:\Users\ADMIN\Desktop\ds-fall\data\raw\Dataset\adl\user29\user29_adl7.csv,C:\Users\ADMIN\Desktop\ds-fall\data\raw\Dataset,user29,user29_adl7,adl7,climbing_up_normally,climbing_up_normally,0,none,False,24,74,0.96,2.96,25.0,50,12,"ax,ay,az,gx,gy,gz,acc_mag,gyro_mag,jerk,roll,pitch,tilt_delta",20.0,25.0,uniform_20hz_time_interpolation_to_25hz,adl_sliding_capped,809,1011,,,dataset_unit_map,wrist,bits,m/s^2,rad/s,m/s^2,rad/s,1.0,1.0,True,test,non_fall,non_fall,3.900001956935739e-07,none,forward,0.9994780421257019
w25_00001703,bits,C:\Users\ADMIN\Desktop\ds-fall\data\raw\Dataset\adl\user29\user29_adl7.csv,C:\Users\ADMIN\Desktop\ds-fall\data\raw\Dataset,user29,user29_adl7,adl7,climbing_up_normally,climbing_up_normally,0,none,False,36,86,1.44,3.44,25.0,50,12,"ax,ay,az,gx,gy,gz,acc_mag,gyro_mag,jerk,roll,pitch,tilt_delta",20.0,25.0,uniform_20hz_time_interpolation_to_25hz,adl_sliding_capped,809,1011,,,dataset_unit_map,wrist,bits,m/s^2,rad/s,m/s^2,rad/s,1.0,1.0,True,test,non_fall,non_fall,3.54217178255567e-07,none,forward,0.999288022518158
w25_00001704,bits,C:\Users\ADMIN\Desktop\ds-fall\data\raw\Dataset\adl\user29\user29_adl7.csv,C:\Users\ADMIN\Desktop\ds-fall\data\raw\Dataset,user29,user29_adl7,adl7,climbing_up_normally,climbing_up_normally,0,none,False,48,98,1.92,3.92,25.0,50,12,"ax,ay,az,gx,gy,gz,acc_mag,gyro_mag,jerk,roll,pitch,tilt_delta",20.0,25.0,uniform_20hz_time_interpolation_to_25hz,adl_sliding_capped,809,1011,,,dataset_unit_map,wrist,bits,m/s^2,rad/s,m/s^2,rad/s,1.0,1.0,True,test,non_fall,non_fall,6.156805625323614e-07,none,forward,0.9992524981498718
w25_00001705,bits,C:\Users\ADMIN\Desktop\ds-fall\data\raw\Dataset\adl\user29\user29_adl8.csv,C:\Users\ADMIN\Desktop\ds-fall\data\raw\Dataset,user29,user29_adl8,adl8,climbing_down_normally,climbing_down_normally,0,none,False,0,50,0.0,2.0,25.0,50,12,"ax,ay,az,gx,gy,gz,acc_mag,gyro_mag,jerk,roll,pitch,tilt_delta",20.0,25.0,uniform_20hz_time_interpolation_to_25hz,adl_sliding_capped,330,412,,,dataset_unit_map,wrist,bits,m/s^2,rad/s,m/s^2,rad/s,1.0,1.0,True,test,non_fall,non_fall,3.5056265915045515e-05,none,lateral,0.9962266683578491
w25_00001706,bits,C:\Users\ADMIN\Desktop\ds-fall\data\raw\Dataset\adl\user29\user29_adl8.csv,C:\Users\ADMIN\Desktop\ds-fall\data\raw\Dataset,user29,user29_adl8,adl8,climbing_down_normally,climbing_down_normally,0,none,False,12,62,0.48,2.48,25.0,50,12,"ax,ay,az,gx,gy,gz,acc_mag,gyro_mag,jerk,roll,pitch,tilt_delta",20.0,25.0,uniform_20hz_time_interpolation_to_25hz,adl_sliding_capped,330,412,,,dataset_unit_map,wrist,bits,m/s^2,rad/s,m/s^2,rad/s,1.0,1.0,True,test,non_fall,non_fall,6.086967187002301e-05,none,lateral,0.7121354937553406
w25_00001707,bits,C:\Users\ADMIN\Desktop\ds-fall\data\raw\Dataset\adl\user29\user29_adl8.csv,C:\Users\ADMIN\Desktop\ds-fall\data\raw\Dataset,user29,user29_adl8,adl8,climbing_down_normally,climbing_down_normally,0,none,False,24,74,0.96,2.96,25.0,50,12,"ax,ay,az,gx,gy,gz,acc_mag,gyro_mag,jerk,roll,pitch,tilt_delta",20.0,25.0,uniform_20hz_time_interpolation_to_25hz,adl_sliding_capped,330,412,,,dataset_unit_map,wrist,bits,m/s^2,rad/s,m/s^2,rad/s,1.0,1.0,True,test,non_fall,non_fall,7.863771315896884e-05,none,forward,0.9891659617424011
w25_00001708,bits,C:\Users\ADMIN\Desktop\ds-fall\data\raw\Dataset\adl\user29\user29_adl8.csv,C:\Users\ADMIN\Desktop\ds-fall\data\raw\Dataset,user29,user29_adl8,adl8,climbing_down_normally,climbing_down_normally,0,none,False,36,86,1.44,3.44,25.0,50,12,"ax,ay,az,gx,gy,gz,acc_mag,gyro_mag,jerk,roll,pitch,tilt_delta",20.0,25.0,uniform_20hz_time_interpolation_to_25hz,adl_sliding_capped,330,412,,,dataset_unit_map,wrist,bits,m/s^2,rad/s,m/s^2,rad/s,1.0,1.0,True,test,non_fall,non_fall,0.00010927939729299396,none,forward,0.9498370289802551
w25_00001709,bits,C:\Users\ADMIN\Desktop\ds-fall\data\raw\Dataset\adl\user29\user29_adl8.csv,C:\Users\ADMIN\Desktop\ds-fall\data\raw\Dataset,user29,user29_adl8,adl8,climbing_down_normally,climbing_down_normally,0,none,False,48,98,1.92,3.92,25.0,50,12,"ax,ay,az,gx,gy,gz,acc_mag,gyro_mag,jerk,roll,pitch,tilt_delta",20.0,25.0,uniform_20hz_time_interpolation_to_25hz,adl_sliding_capped,330,412,,,dataset_unit_map,wrist,bits,m/s^2,rad/s,m/s^2,rad/s,1.0,1.0,True,test,non_fall,non_fall,0.0008911924087442458,none,lateral,0.5359351634979248
w25_00001710,bits,C:\Users\ADMIN\Desktop\ds-fall\data\raw\Dataset\adl\user29\user29_adl9.csv,C:\Users\ADMIN\Desktop\ds-fall\data\raw\Dataset,user29,user29_adl9,adl9,slowly_sitting_on_chair,slowly_sitting_on_chair,0,none,False,0,50,0.0,2.0,25.0,50,12,"ax,ay,az,gx,gy,gz,acc_mag,gyro_mag,jerk,roll,pitch,tilt_delta",20.0,25.0,uniform_20hz_time_interpolation_to_25hz,adl_sliding_capped,569,711,,,dataset_unit_map,wrist,bits,m/s^2,rad/s,m/s^2,rad/s,1.0,1.0,True,test,non_fall,non_fall,8.100988634396344e-05,none,forward,0.7459713816642761
w25_00001711,bits,C:\Users\ADMIN\Desktop\ds-fall\data\raw\Dataset\adl\user29\user29_adl9.csv,C:\Users\ADMIN\Desktop\ds-fall\data\raw\Dataset,user29,user29_adl9,adl9,slowly_sitting_on_chair,slowly_sitting_on_chair,0,none,False,12,62,0.48,2.48,25.0,50,12,"ax,ay,az,gx,gy,gz,acc_mag,gyro_mag,jerk,roll,pitch,tilt_delta",20.0,25.0,uniform_20hz_time_interpolation_to_25hz,adl_sliding_capped,569,711,,,dataset_unit_map,wrist,bits,m/s^2,rad/s,m/s^2,rad/s,1.0,1.0,True,test,non_fall,non_fall,9.901184967020527e-05,none,forward,0.6939219236373901
w25_00001712,bits,C:\Users\ADMIN\Desktop\ds-fall\data\raw\Dataset\adl\user29\user29_adl9.csv,C:\Users\ADMIN\Desktop\ds-fall\data\raw\Dataset,user29,user29_adl9,adl9,slowly_sitting_on_chair,slowly_sitting_on_chair,0,none,False,24,74,0.96,2.96,25.0,50,12,"ax,ay,az,gx,gy,gz,acc_mag,gyro_mag,jerk,roll,pitch,tilt_delta",20.0,25.0,uniform_20hz_time_interpolation_to_25hz,adl_sliding_capped,569,711,,,dataset_unit_map,wrist,bits,m/s^2,rad/s,m/s^2,rad/s,1.0,1.0,True,test,non_fall,non_fall,4.221008566673845e-05,none,forward,0.885895848274231
w25_00001713,bits,C:\Users\ADMIN\Desktop\ds-fall\data\raw\Dataset\adl\user29\user29_adl9.csv,C:\Users\ADMIN\Desktop\ds-fall\data\raw\Dataset,user29,user29_adl9,adl9,slowly_sitting_on_chair,slowly_sitting_on_chair,0,none,False,36,86,1.44,3.44,25.0,50,12,"ax,ay,az,gx,gy,gz,acc_mag,gyro_mag,jerk,roll,pitch,tilt_delta",20.0,25.0,uniform_20hz_time_interpolation_to_25hz,adl_sliding_capped,569,711,,,dataset_unit_map,wrist,bits,m/s^2,rad/s,m/s^2,rad/s,1.0,1.0,True,test,non_fall,non_fall,4.4504980905912817e-05,none,forward,0.9870665669441223
w25_00001714,bits,C:\Users\ADMIN\Desktop\ds-fall\data\raw\Dataset\adl\user29\user29_adl9.csv,C:\Users\ADMIN\Desktop\ds-fall\data\raw\Dataset,user29,user29_adl9,adl9,slowly_sitting_on_chair,slowly_sitting_on_chair,0,none,False,48,98,1.92,3.92,25.0,50,12,"ax,ay,az,gx,gy,gz,acc_mag,gyro_mag,jerk,roll,pitch,tilt_delta",20.0,25.0,uniform_20hz_time_interpolation_to_25hz,adl_sliding_capped,569,711,,,dataset_unit_map,wrist,bits,m/s^2,rad/s,m/s^2,rad/s,1.0,1.0,True,test,non_fall,non_fall,0.00013875594595447183,none,forward,0.9769038558006287
w25_00001875,bits,C:\Users\ADMIN\Desktop\ds-fall\data\raw\Dataset\adl\user31\user31_adl1.csv,C:\Users\ADMIN\Desktop\ds-fall\data\raw\Dataset,user31,user31_adl1,adl1,walking_slowly,walking_slowly,0,none,False,0,50,0.0,2.0,25.0,50,12,"ax,ay,az,gx,gy,gz,acc_mag,gyro_mag,jerk,roll,pitch,tilt_delta",20.0,25.0,uniform_20hz_time_interpolation_to_25hz,adl_sliding_capped,747,933,,,dataset_unit_map,wrist,bits,m/s^2,rad/s,m/s^2,rad/s,1.0,1.0,True,test,non_fall,non_fall,1.3244592992123216e-05,none,lateral,0.892956554889679
w25_00001876,bits,C:\Users\ADMIN\Desktop\ds-fall\data\raw\Dataset\adl\user31\user31_adl1.csv,C:\Users\ADMIN\Desktop\ds-fall\data\raw\Dataset,user31,user31_adl1,adl1,walking_slowly,walking_slowly,0,none,False,12,62,0.48,2.48,25.0,50,12,"ax,ay,az,gx,gy,gz,acc_mag,gyro_mag,jerk,roll,pitch,tilt_delta",20.0,25.0,uniform_20hz_time_interpolation_to_25hz,adl_sliding_capped,747,933,,,dataset_unit_map,wrist,bits,m/s^2,rad/s,m/s^2,rad/s,1.0,1.0,True,test,non_fall,non_fall,6.2986537159304135e-06,none,lateral,0.9095584154129028
w25_00001877,bits,C:\Users\ADMIN\Desktop\ds-fall\data\raw\Dataset\adl\user31\user31_adl1.csv,C:\Users\ADMIN\Desktop\ds-fall\data\raw\Dataset,user31,user31_adl1,adl1,walking_slowly,walking_slowly,0,none,False,24,74,0.96,2.96,25.0,50,12,"ax,ay,az,gx,gy,gz,acc_mag,gyro_mag,jerk,roll,pitch,tilt_delta",20.0,25.0,uniform_20hz_time_interpolation_to_25hz,adl_sliding_capped,747,933,,,dataset_unit_map,wrist,bits,m/s^2,rad/s,m/s^2,rad/s,1.0,1.0,True,test,non_fall,non_fall,1.932977056640084e-06,none,lateral,0.9201895594596863
w25_00001878,bits,C:\Users\ADMIN\Desktop\ds-fall\data\raw\Dataset\adl\user31\user31_adl1.csv,C:\Users\ADMIN\Desktop\ds-fall\data\raw\Dataset,user31,user31_adl1,adl1,walking_slowly,walking_slowly,0,none,False,36,86,1.44,3.44,25.0,50,12,"ax,ay,az,gx,gy,gz,acc_mag,gyro_mag,jerk,roll,pitch,tilt_delta",20.0,25.0,uniform_20hz_time_interpolation_to_25hz,adl_sliding_capped,747,933,,,dataset_unit_map,wrist,bits,m/s^2,rad/s,m/s^2,rad/s,1.0,1.0,True,test,non_fall,non_fall,5.229553607932758e-06,none,lateral,0.8579416871070862
w25_00001879,bits,C:\Users\ADMIN\Desktop\ds-fall\data\raw\Dataset\adl\user31\user31_adl1.csv,C:\Users\ADMIN\Desktop\ds-fall\data\raw\Dataset,user31,user31_adl1,adl1,walking_slowly,walking_slowly,0,none,False,48,98,1.92,3.92,25.0,50,12,"ax,ay,az,gx,gy,gz,acc_mag,gyro_mag,jerk,roll,pitch,tilt_delta",20.0,25.0,uniform_20hz_time_interpolation_to_25hz,adl_sliding_capped,747,933,,,dataset_unit_map,wrist,bits,m/s^2,rad/s,m/s^2,rad/s,1.0,1.0,True,test,non_fall,non_fall,2.950615680674673e-06,none,lateral,0.8799468278884888
w25_00001880,bits,C:\Users\ADMIN\Desktop\ds-fall\data\raw\Dataset\adl\user31\user31_adl10.csv,C:\Users\ADMIN\Desktop\ds-fall\data\raw\Dataset,user31,user31_adl10,adl10,rapidly_sitting_on_chair,rapidly_sitting_on_chair,0,none,False,0,50,0.0,2.0,25.0,50,12,"ax,ay,az,gx,gy,gz,acc_mag,gyro_mag,jerk,roll,pitch,tilt_delta",20.0,25.0,uniform_20hz_time_interpolation_to_25hz,adl_sliding_capped,477,596,,,dataset_unit_map,wrist,bits,m/s^2,rad/s,m/s^2,rad/s,1.0,1.0,True,test,non_fall,non_fall,4.279559561837232e-06,none,lateral,0.9461487531661987
w25_00001881,bits,C:\Users\ADMIN\Desktop\ds-fall\data\raw\Dataset\adl\user31\user31_adl10.csv,C:\Users\ADMIN\Desktop\ds-fall\data\raw\Dataset,user31,user31_adl10,adl10,rapidly_sitting_on_chair,rapidly_sitting_on_chair,0,none,False,12,62,0.48,2.48,25.0,50,12,"ax,ay,az,gx,gy,gz,acc_mag,gyro_mag,jerk,roll,pitch,tilt_delta",20.0,25.0,uniform_20hz_time_interpolation_to_25hz,adl_sliding_capped,477,596,,,dataset_unit_map,wrist,bits,m/s^2,rad/s,m/s^2,rad/s,1.0,1.0,True,test,non_fall,non_fall,4.194617304165149e-06,none,lateral,0.9397560358047485
w25_00001882,bits,C:\Users\ADMIN\Desktop\ds-fall\data\raw\Dataset\adl\user31\user31_adl10.csv,C:\Users\ADMIN\Desktop\ds-fall\data\raw\Dataset,user31,user31_adl10,adl10,rapidly_sitting_on_chair,rapidly_sitting_on_chair,0,none,False,24,74,0.96,2.96,25.0,50,12,"ax,ay,az,gx,gy,gz,acc_mag,gyro_mag,jerk,roll,pitch,tilt_delta",20.0,25.0,uniform_20hz_time_interpolation_to_25hz,adl_sliding_capped,477,596,,,dataset_unit_map,wrist,bits,m/s^2,rad/s,m/s^2,rad/s,1.0,1.0,True,test,non_fall,non_fall,3.7706358853029087e-06,none,lateral,0.9173328280448914
w25_00001883,bits,C:\Users\ADMIN\Desktop\ds-fall\data\raw\Dataset\adl\user31\user31_adl10.csv,C:\Users\ADMIN\Desktop\ds-fall\data\raw\Dataset,user31,user31_adl10,adl10,rapidly_sitting_on_chair,rapidly_sitting_on_chair,0,none,False,36,86,1.44,3.44,25.0,50,12,"ax,ay,az,gx,gy,gz,acc_mag,gyro_mag,jerk,roll,pitch,tilt_delta",20.0,25.0,uniform_20hz_time_interpolation_to_25hz,adl_sliding_capped,477,596,,,dataset_unit_map,wrist,bits,m/s^2,rad/s,m/s^2,rad/s,1.0,1.0,True,test,non_fall,non_fall,3.2256125450658146e-06,none,lateral,0.9282524585723877
w25_00001884,bits,C:\Users\ADMIN\Desktop\ds-fall\data\raw\Dataset\adl\user31\user31_adl10.csv,C:\Users\ADMIN\Desktop\ds-fall\data\raw\Dataset,user31,user31_adl10,adl10,rapidly_sitting_on_chair,rapidly_sitting_on_chair,0,none,False,48,98,1.92,3.92,25.0,50,12,"ax,ay,az,gx,gy,gz,acc_mag,gyro_mag,jerk,roll,pitch,tilt_delta",20.0,25.0,uniform_20hz_time_interpolation_to_25hz,adl_sliding_capped,477,596,,,dataset_unit_map,wrist,bits,m/s^2,rad/s,m/s^2,rad/s,1.0,1.0,True,test,non_fall,non_fall,2.810245177897741e-06,none,lateral,0.7662323117256165
w25_00001885,bits,C:\Users\ADMIN\Desktop\ds-fall\data\raw\Dataset\adl\user31\user31_adl11.csv,C:\Users\ADMIN\Desktop\ds-fall\data\raw\Dataset,user31,user31_adl11,adl11,nearly_sitting_and_getting_up,nearly_sitting_and_getting_up,0,none,False,0,50,0.0,2.0,25.0,50,12,"ax,ay,az,gx,gy,gz,acc_mag,gyro_mag,jerk,roll,pitch,tilt_delta",20.0,25.0,uniform_20hz_time_interpolation_to_25hz,adl_sliding_capped,334,417,,,dataset_unit_map,wrist,bits,m/s^2,rad/s,m/s^2,rad/s,1.0,1.0,True,test,non_fall,non_fall,8.916864317143336e-05,none,forward,0.8082209825515747
w25_00001886,bits,C:\Users\ADMIN\Desktop\ds-fall\data\raw\Dataset\adl\user31\user31_adl11.csv,C:\Users\ADMIN\Desktop\ds-fall\data\raw\Dataset,user31,user31_adl11,adl11,nearly_sitting_and_getting_up,nearly_sitting_and_getting_up,0,none,False,12,62,0.48,2.48,25.0,50,12,"ax,ay,az,gx,gy,gz,acc_mag,gyro_mag,jerk,roll,pitch,tilt_delta",20.0,25.0,uniform_20hz_time_interpolation_to_25hz,adl_sliding_capped,334,417,,,dataset_unit_map,wrist,bits,m/s^2,rad/s,m/s^2,rad/s,1.0,1.0,True,test,non_fall,non_fall,0.00010571627353783697,none,forward,0.6291086673736572
w25_00001887,bits,C:\Users\ADMIN\Desktop\ds-fall\data\raw\Dataset\adl\user31\user31_adl11.csv,C:\Users\ADMIN\Desktop\ds-fall\data\raw\Dataset,user31,user31_adl11,adl11,nearly_sitting_and_getting_up,nearly_sitting_and_getting_up,0,none,False,24,74,0.96,2.96,25.0,50,12,"ax,ay,az,gx,gy,gz,acc_mag,gyro_mag,jerk,roll,pitch,tilt_delta",20.0,25.0,uniform_20hz_time_interpolation_to_25hz,adl_sliding_capped,334,417,,,dataset_unit_map,wrist,bits,m/s^2,rad/s,m/s^2,rad/s,1.0,1.0,True,test,non_fall,non_fall,4.4529049773700535e-05,none,forward,0.73110032081604
w25_00001888,bits,C:\Users\ADMIN\Desktop\ds-fall\data\raw\Dataset\adl\user31\user31_adl11.csv,C:\Users\ADMIN\Desktop\ds-fall\data\raw\Dataset,user31,user31_adl11,adl11,nearly_sitting_and_getting_up,nearly_sitting_and_getting_up,0,none,False,36,86,1.44,3.44,25.0,50,12,"ax,ay,az,gx,gy,gz,acc_mag,gyro_mag,jerk,roll,pitch,tilt_delta",20.0,25.0,uniform_20hz_time_interpolation_to_25hz,adl_sliding_capped,334,417,,,dataset_unit_map,wrist,bits,m/s^2,rad/s,m/s^2,rad/s,1.0,1.0,True,test,non_fall,non_fall,1.9533913473424036e-06,none,forward,0.8967821598052979
w25_00001889,bits,C:\Users\ADMIN\Desktop\ds-fall\data\raw\Dataset\adl\user31\user31_adl11.csv,C:\Users\ADMIN\Desktop\ds-fall\data\raw\Dataset,user31,user31_adl11,adl11,nearly_sitting_and_getting_up,nearly_sitting_and_getting_up,0,none,False,48,98,1.92,3.92,25.0,50,12,"ax,ay,az,gx,gy,gz,acc_mag,gyro_mag,jerk,roll,pitch,tilt_delta",20.0,25.0,uniform_20hz_time_interpolation_to_25hz,adl_sliding_capped,334,417,,,dataset_unit_map,wrist,bits,m/s^2,rad/s,m/s^2,rad/s,1.0,1.0,True,test,non_fall,non_fall,1.6489198628732993e-07,none,lateral,0.737523078918457
w25_00001890,bits,C:\Users\ADMIN\Desktop\ds-fall\data\raw\Dataset\adl\user31\user31_adl12.csv,C:\Users\ADMIN\Desktop\ds-fall\data\raw\Dataset,user31,user31_adl12,adl12,swinging_hands,swinging_hands,0,none,False,0,50,0.0,2.0,25.0,50,12,"ax,ay,az,gx,gy,gz,acc_mag,gyro_mag,jerk,roll,pitch,tilt_delta",20.0,25.0,uniform_20hz_time_interpolation_to_25hz,adl_sliding_capped,281,351,,,dataset_unit_map,wrist,bits,m/s^2,rad/s,m/s^2,rad/s,1.0,1.0,True,test,non_fall,non_fall,1.4215798955774517e-06,none,lateral,0.908625602722168
w25_00001891,bits,C:\Users\ADMIN\Desktop\ds-fall\data\raw\Dataset\adl\user31\user31_adl12.csv,C:\Users\ADMIN\Desktop\ds-fall\data\raw\Dataset,user31,user31_adl12,adl12,swinging_hands,swinging_hands,0,none,False,12,62,0.48,2.48,25.0,50,12,"ax,ay,az,gx,gy,gz,acc_mag,gyro_mag,jerk,roll,pitch,tilt_delta",20.0,25.0,uniform_20hz_time_interpolation_to_25hz,adl_sliding_capped,281,351,,,dataset_unit_map,wrist,bits,m/s^2,rad/s,m/s^2,rad/s,1.0,1.0,True,test,non_fall,non_fall,1.296980644838186e-05,none,lateral,0.77847820520401
w25_00001892,bits,C:\Users\ADMIN\Desktop\ds-fall\data\raw\Dataset\adl\user31\user31_adl12.csv,C:\Users\ADMIN\Desktop\ds-fall\data\raw\Dataset,user31,user31_adl12,adl12,swinging_hands,swinging_hands,0,none,False,24,74,0.96,2.96,25.0,50,12,"ax,ay,az,gx,gy,gz,acc_mag,gyro_mag,jerk,roll,pitch,tilt_delta",20.0,25.0,uniform_20hz_time_interpolation_to_25hz,adl_sliding_capped,281,351,,,dataset_unit_map,wrist,bits,m/s^2,rad/s,m/s^2,rad/s,1.0,1.0,True,test,non_fall,non_fall,1.7390283346685464e-06,none,lateral,0.8324413299560547
w25_00001893,bits,C:\Users\ADMIN\Desktop\ds-fall\data\raw\Dataset\adl\user31\user31_adl12.csv,C:\Users\ADMIN\Desktop\ds-fall\data\raw\Dataset,user31,user31_adl12,adl12,swinging_hands,swinging_hands,0,none,False,36,86,1.44,3.44,25.0,50,12,"ax,ay,az,gx,gy,gz,acc_mag,gyro_mag,jerk,roll,pitch,tilt_delta",20.0,25.0,uniform_20hz_time_interpolation_to_25hz,adl_sliding_capped,281,351,,,dataset_unit_map,wrist,bits,m/s^2,rad/s,m/s^2,rad/s,1.0,1.0,True,test,non_fall,non_fall,1.8694220216275426e-06,none,lateral,0.967767059803009
w25_00001894,bits,C:\Users\ADMIN\Desktop\ds-fall\data\raw\Dataset\adl\user31\user31_adl12.csv,C:\Users\ADMIN\Desktop\ds-fall\data\raw\Dataset,user31,user31_adl12,adl12,swinging_hands,swinging_hands,0,none,False,48,98,1.92,3.92,25.0,50,12,"ax,ay,az,gx,gy,gz,acc_mag,gyro_mag,jerk,roll,pitch,tilt_delta",20.0,25.0,uniform_20hz_time_interpolation_to_25hz,adl_sliding_capped,281,351,,,dataset_unit_map,wrist,bits,m/s^2,rad/s,m/s^2,rad/s,1.0,1.0,True,test,non_fall,non_fall,3.293061126896646e-06,none,lateral,0.9787063002586365
w25_00001895,bits,C:\Users\ADMIN\Desktop\ds-fall\data\raw\Dataset\adl\user31\user31_adl13.csv,C:\Users\ADMIN\Desktop\ds-fall\data\raw\Dataset,user31,user31_adl13,adl13,lying_on_bed,lying_on_bed,0,none,False,0,50,0.0,2.0,25.0,50,12,"ax,ay,az,gx,gy,gz,acc_mag,gyro_mag,jerk,roll,pitch,tilt_delta",20.0,25.0,uniform_20hz_time_interpolation_to_25hz,adl_sliding_capped,224,279,,,dataset_unit_map,wrist,bits,m/s^2,rad/s,m/s^2,rad/s,1.0,1.0,True,test,non_fall,non_fall,1.5614160986388015e-07,none,forward,0.9976739287376404
w25_00001896,bits,C:\Users\ADMIN\Desktop\ds-fall\data\raw\Dataset\adl\user31\user31_adl13.csv,C:\Users\ADMIN\Desktop\ds-fall\data\raw\Dataset,user31,user31_adl13,adl13,lying_on_bed,lying_on_bed,0,none,False,12,62,0.48,2.48,25.0,50,12,"ax,ay,az,gx,gy,gz,acc_mag,gyro_mag,jerk,roll,pitch,tilt_delta",20.0,25.0,uniform_20hz_time_interpolation_to_25hz,adl_sliding_capped,224,279,,,dataset_unit_map,wrist,bits,m/s^2,rad/s,m/s^2,rad/s,1.0,1.0,True,test,non_fall,non_fall,1.9680082630202378e-07,none,forward,0.9976061582565308
w25_00001897,bits,C:\Users\ADMIN\Desktop\ds-fall\data\raw\Dataset\adl\user31\user31_adl13.csv,C:\Users\ADMIN\Desktop\ds-fall\data\raw\Dataset,user31,user31_adl13,adl13,lying_on_bed,lying_on_bed,0,none,False,24,74,0.96,2.96,25.0,50,12,"ax,ay,az,gx,gy,gz,acc_mag,gyro_mag,jerk,roll,pitch,tilt_delta",20.0,25.0,uniform_20hz_time_interpolation_to_25hz,adl_sliding_capped,224,279,,,dataset_unit_map,wrist,bits,m/s^2,rad/s,m/s^2,rad/s,1.0,1.0,True,test,non_fall,non_fall,2.0193890293285222e-07,none,forward,0.9975941777229309
w25_00001898,bits,C:\Users\ADMIN\Desktop\ds-fall\data\raw\Dataset\adl\user31\user31_adl13.csv,C:\Users\ADMIN\Desktop\ds-fall\data\raw\Dataset,user31,user31_adl13,adl13,lying_on_bed,lying_on_bed,0,none,False,36,86,1.44,3.44,25.0,50,12,"ax,ay,az,gx,gy,gz,acc_mag,gyro_mag,jerk,roll,pitch,tilt_delta",20.0,25.0,uniform_20hz_time_interpolation_to_25hz,adl_sliding_capped,224,279,,,dataset_unit_map,wrist,bits,m/s^2,rad/s,m/s^2,rad/s,1.0,1.0,True,test,non_fall,non_fall,2.0897874719594256e-07,none,forward,0.9975990653038025
w25_00001899,bits,C:\Users\ADMIN\Desktop\ds-fall\data\raw\Dataset\adl\user31\user31_adl13.csv,C:\Users\ADMIN\Desktop\ds-fall\data\raw\Dataset,user31,user31_adl13,adl13,lying_on_bed,lying_on_bed,0,none,False,48,98,1.92,3.92,25.0,50,12,"ax,ay,az,gx,gy,gz,acc_mag,gyro_mag,jerk,roll,pitch,tilt_delta",20.0,25.0,uniform_20hz_time_interpolation_to_25hz,adl_sliding_capped,224,279,,,dataset_unit_map,wrist,bits,m/s^2,rad/s,m/s^2,rad/s,1.0,1.0,True,test,non_fall,non_fall,2.0735366490498564e-07,none,forward,0.9976084232330322
w25_00001900,bits,C:\Users\ADMIN\Desktop\ds-fall\data\raw\Dataset\adl\user31\user31_adl14.csv,C:\Users\ADMIN\Desktop\ds-fall\data\raw\Dataset,user31,user31_adl14,adl14,lying_on_back_getting_up_slowly,lying_on_back_getting_up_slowly,0,none,False,0,50,0.0,2.0,25.0,50,12,"ax,ay,az,gx,gy,gz,acc_mag,gyro_mag,jerk,roll,pitch,tilt_delta",20.0,25.0,uniform_20hz_time_interpolation_to_25hz,adl_sliding_capped,328,409,,,dataset_unit_map,wrist,bits,m/s^2,rad/s,m/s^2,rad/s,1.0,1.0,True,test,non_fall,non_fall,7.877318353166629e-08,none,forward,0.9954642653465271
w25_00001901,bits,C:\Users\ADMIN\Desktop\ds-fall\data\raw\Dataset\adl\user31\user31_adl14.csv,C:\Users\ADMIN\Desktop\ds-fall\data\raw\Dataset,user31,user31_adl14,adl14,lying_on_back_getting_up_slowly,lying_on_back_getting_up_slowly,0,none,False,12,62,0.48,2.48,25.0,50,12,"ax,ay,az,gx,gy,gz,acc_mag,gyro_mag,jerk,roll,pitch,tilt_delta",20.0,25.0,uniform_20hz_time_interpolation_to_25hz,adl_sliding_capped,328,409,,,dataset_unit_map,wrist,bits,m/s^2,rad/s,m/s^2,rad/s,1.0,1.0,True,test,non_fall,non_fall,2.5811883119786216e-07,none,forward,0.9952758550643921
w25_00001902,bits,C:\Users\ADMIN\Desktop\ds-fall\data\raw\Dataset\adl\user31\user31_adl14.csv,C:\Users\ADMIN\Desktop\ds-fall\data\raw\Dataset,user31,user31_adl14,adl14,lying_on_back_getting_up_slowly,lying_on_back_getting_up_slowly,0,none,False,24,74,0.96,2.96,25.0,50,12,"ax,ay,az,gx,gy,gz,acc_mag,gyro_mag,jerk,roll,pitch,tilt_delta",20.0,25.0,uniform_20hz_time_interpolation_to_25hz,adl_sliding_capped,328,409,,,dataset_unit_map,wrist,bits,m/s^2,rad/s,m/s^2,rad/s,1.0,1.0,True,test,non_fall,non_fall,2.4800399955893226e-07,none,forward,0.9952646493911743
w25_00001903,bits,C:\Users\ADMIN\Desktop\ds-fall\data\raw\Dataset\adl\user31\user31_adl14.csv,C:\Users\ADMIN\Desktop\ds-fall\data\raw\Dataset,user31,user31_adl14,adl14,lying_on_back_getting_up_slowly,lying_on_back_getting_up_slowly,0,none,False,36,86,1.44,3.44,25.0,50,12,"ax,ay,az,gx,gy,gz,acc_mag,gyro_mag,jerk,roll,pitch,tilt_delta",20.0,25.0,uniform_20hz_time_interpolation_to_25hz,adl_sliding_capped,328,409,,,dataset_unit_map,wrist,bits,m/s^2,rad/s,m/s^2,rad/s,1.0,1.0,True,test,non_fall,non_fall,2.4321528258042235e-07,none,forward,0.9953460097312927
w25_00001904,bits,C:\Users\ADMIN\Desktop\ds-fall\data\raw\Dataset\adl\user31\user31_adl14.csv,C:\Users\ADMIN\Desktop\ds-fall\data\raw\Dataset,user31,user31_adl14,adl14,lying_on_back_getting_up_slowly,lying_on_back_getting_up_slowly,0,none,False,48,98,1.92,3.92,25.0,50,12,"ax,ay,az,gx,gy,gz,acc_mag,gyro_mag,jerk,roll,pitch,tilt_delta",20.0,25.0,uniform_20hz_time_interpolation_to_25hz,adl_sliding_capped,328,409,,,dataset_unit_map,wrist,bits,m/s^2,rad/s,m/s^2,rad/s,1.0,1.0,True,test,non_fall,non_fall,2.3438978757894802e-07,none,forward,0.9954713582992554
w25_00001905,bits,C:\Users\ADMIN\Desktop\ds-fall\data\raw\Dataset\adl\user31\user31_adl15.csv,C:\Users\ADMIN\Desktop\ds-fall\data\raw\Dataset,user31,user31_adl15,adl15,lying_on_back_getting_up_normally,lying_on_back_getting_up_normally,0,none,False,0,50,0.0,2.0,25.0,50,12,"ax,ay,az,gx,gy,gz,acc_mag,gyro_mag,jerk,roll,pitch,tilt_delta",20.0,25.0,uniform_20hz_time_interpolation_to_25hz,adl_sliding_capped,256,319,,,dataset_unit_map,wrist,bits,m/s^2,rad/s,m/s^2,rad/s,1.0,1.0,True,test,non_fall,non_fall,1.2956424200183392e-07,none,forward,0.9974467754364014
w25_00001906,bits,C:\Users\ADMIN\Desktop\ds-fall\data\raw\Dataset\adl\user31\user31_adl15.csv,C:\Users\ADMIN\Desktop\ds-fall\data\raw\Dataset,user31,user31_adl15,adl15,lying_on_back_getting_up_normally,lying_on_back_getting_up_normally,0,none,False,12,62,0.48,2.48,25.0,50,12,"ax,ay,az,gx,gy,gz,acc_mag,gyro_mag,jerk,roll,pitch,tilt_delta",20.0,25.0,uniform_20hz_time_interpolation_to_25hz,adl_sliding_capped,256,319,,,dataset_unit_map,wrist,bits,m/s^2,rad/s,m/s^2,rad/s,1.0,1.0,True,test,non_fall,non_fall,1.8461740580733021e-07,none,forward,0.9974437952041626
w25_00001907,bits,C:\Users\ADMIN\Desktop\ds-fall\data\raw\Dataset\adl\user31\user31_adl15.csv,C:\Users\ADMIN\Desktop\ds-fall\data\raw\Dataset,user31,user31_adl15,adl15,lying_on_back_getting_up_normally,lying_on_back_getting_up_normally,0,none,False,24,74,0.96,2.96,25.0,50,12,"ax,ay,az,gx,gy,gz,acc_mag,gyro_mag,jerk,roll,pitch,tilt_delta",20.0,25.0,uniform_20hz_time_interpolation_to_25hz,adl_sliding_capped,256,319,,,dataset_unit_map,wrist,bits,m/s^2,rad/s,m/s^2,rad/s,1.0,1.0,True,test,non_fall,non_fall,1.7979843391913164e-07,none,forward,0.9974212646484375
w25_00001908,bits,C:\Users\ADMIN\Desktop\ds-fall\data\raw\Dataset\adl\user31\user31_adl15.csv,C:\Users\ADMIN\Desktop\ds-fall\data\raw\Dataset,user31,user31_adl15,adl15,lying_on_back_getting_up_normally,lying_on_back_getting_up_normally,0,none,False,36,86,1.44,3.44,25.0,50,12,"ax,ay,az,gx,gy,gz,acc_mag,gyro_mag,jerk,roll,pitch,tilt_delta",20.0,25.0,uniform_20hz_time_interpolation_to_25hz,adl_sliding_capped,256,319,,,dataset_unit_map,wrist,bits,m/s^2,rad/s,m/s^2,rad/s,1.0,1.0,True,test,non_fall,non_fall,1.8899005738148844e-07,none,forward,0.9973885416984558
w25_00001909,bits,C:\Users\ADMIN\Desktop\ds-fall\data\raw\Dataset\adl\user31\user31_adl15.csv,C:\Users\ADMIN\Desktop\ds-fall\data\raw\Dataset,user31,user31_adl15,adl15,lying_on_back_getting_up_normally,lying_on_back_getting_up_normally,0,none,False,48,98,1.92,3.92,25.0,50,12,"ax,ay,az,gx,gy,gz,acc_mag,gyro_mag,jerk,roll,pitch,tilt_delta",20.0,25.0,uniform_20hz_time_interpolation_to_25hz,adl_sliding_capped,256,319,,,dataset_unit_map,wrist,bits,m/s^2,rad/s,m/s^2,rad/s,1.0,1.0,True,test,non_fall,non_fall,1.7675556307494844e-07,none,forward,0.9973471164703369
w25_00001910,bits,C:\Users\ADMIN\Desktop\ds-fall\data\raw\Dataset\adl\user31\user31_adl16.csv,C:\Users\ADMIN\Desktop\ds-fall\data\raw\Dataset,user31,user31_adl16,adl16,lying_sideways_to_back,lying_sideways_to_back,0,none,False,0,50,0.0,2.0,25.0,50,12,"ax,ay,az,gx,gy,gz,acc_mag,gyro_mag,jerk,roll,pitch,tilt_delta",20.0,25.0,uniform_20hz_time_interpolation_to_25hz,adl_sliding_capped,570,712,,,dataset_unit_map,wrist,bits,m/s^2,rad/s,m/s^2,rad/s,1.0,1.0,True,test,non_fall,non_fall,1.3672909062734107e-06,none,forward,0.6241208910942078
w25_00001911,bits,C:\Users\ADMIN\Desktop\ds-fall\data\raw\Dataset\adl\user31\user31_adl16.csv,C:\Users\ADMIN\Desktop\ds-fall\data\raw\Dataset,user31,user31_adl16,adl16,lying_sideways_to_back,lying_sideways_to_back,0,none,False,12,62,0.48,2.48,25.0,50,12,"ax,ay,az,gx,gy,gz,acc_mag,gyro_mag,jerk,roll,pitch,tilt_delta",20.0,25.0,uniform_20hz_time_interpolation_to_25hz,adl_sliding_capped,570,712,,,dataset_unit_map,wrist,bits,m/s^2,rad/s,m/s^2,rad/s,1.0,1.0,True,test,non_fall,non_fall,3.093790155617171e-06,none,forward,0.6226189136505127
w25_00001912,bits,C:\Users\ADMIN\Desktop\ds-fall\data\raw\Dataset\adl\user31\user31_adl16.csv,C:\Users\ADMIN\Desktop\ds-fall\data\raw\Dataset,user31,user31_adl16,adl16,lying_sideways_to_back,lying_sideways_to_back,0,none,False,24,74,0.96,2.96,25.0,50,12,"ax,ay,az,gx,gy,gz,acc_mag,gyro_mag,jerk,roll,pitch,tilt_delta",20.0,25.0,uniform_20hz_time_interpolation_to_25hz,adl_sliding_capped,570,712,,,dataset_unit_map,wrist,bits,m/s^2,rad/s,m/s^2,rad/s,1.0,1.0,True,test,non_fall,non_fall,2.8329370707069756e-06,none,forward,0.6286588907241821
w25_00001913,bits,C:\Users\ADMIN\Desktop\ds-fall\data\raw\Dataset\adl\user31\user31_adl16.csv,C:\Users\ADMIN\Desktop\ds-fall\data\raw\Dataset,user31,user31_adl16,adl16,lying_sideways_to_back,lying_sideways_to_back,0,none,False,36,86,1.44,3.44,25.0,50,12,"ax,ay,az,gx,gy,gz,acc_mag,gyro_mag,jerk,roll,pitch,tilt_delta",20.0,25.0,uniform_20hz_time_interpolation_to_25hz,adl_sliding_capped,570,712,,,dataset_unit_map,wrist,bits,m/s^2,rad/s,m/s^2,rad/s,1.0,1.0,True,test,non_fall,non_fall,2.9723455554631073e-06,none,forward,0.6401272416114807
w25_00001914,bits,C:\Users\ADMIN\Desktop\ds-fall\data\raw\Dataset\adl\user31\user31_adl16.csv,C:\Users\ADMIN\Desktop\ds-fall\data\raw\Dataset,user31,user31_adl16,adl16,lying_sideways_to_back,lying_sideways_to_back,0,none,False,48,98,1.92,3.92,25.0,50,12,"ax,ay,az,gx,gy,gz,acc_mag,gyro_mag,jerk,roll,pitch,tilt_delta",20.0,25.0,uniform_20hz_time_interpolation_to_25hz,adl_sliding_capped,570,712,,,dataset_unit_map,wrist,bits,m/s^2,rad/s,m/s^2,rad/s,1.0,1.0,True,test,non_fall,non_fall,2.9000382255617296e-06,none,forward,0.6404961943626404
w25_00001915,bits,C:\Users\ADMIN\Desktop\ds-fall\data\raw\Dataset\adl\user31\user31_adl2.csv,C:\Users\ADMIN\Desktop\ds-fall\data\raw\Dataset,user31,user31_adl2,adl2,walking_quickly,walking_quickly,0,none,False,0,50,0.0,2.0,25.0,50,12,"ax,ay,az,gx,gy,gz,acc_mag,gyro_mag,jerk,roll,pitch,tilt_delta",20.0,25.0,uniform_20hz_time_interpolation_to_25hz,adl_sliding_capped,425,531,,,dataset_unit_map,wrist,bits,m/s^2,rad/s,m/s^2,rad/s,1.0,1.0,True,test,non_fall,non_fall,4.250789515936049e-06,none,lateral,0.928244411945343
w25_00001916,bits,C:\Users\ADMIN\Desktop\ds-fall\data\raw\Dataset\adl\user31\user31_adl2.csv,C:\Users\ADMIN\Desktop\ds-fall\data\raw\Dataset,user31,user31_adl2,adl2,walking_quickly,walking_quickly,0,none,False,12,62,0.48,2.48,25.0,50,12,"ax,ay,az,gx,gy,gz,acc_mag,gyro_mag,jerk,roll,pitch,tilt_delta",20.0,25.0,uniform_20hz_time_interpolation_to_25hz,adl_sliding_capped,425,531,,,dataset_unit_map,wrist,bits,m/s^2,rad/s,m/s^2,rad/s,1.0,1.0,True,test,non_fall,non_fall,3.761190328077646e-06,none,lateral,0.9857491254806519
w25_00001917,bits,C:\Users\ADMIN\Desktop\ds-fall\data\raw\Dataset\adl\user31\user31_adl2.csv,C:\Users\ADMIN\Desktop\ds-fall\data\raw\Dataset,user31,user31_adl2,adl2,walking_quickly,walking_quickly,0,none,False,24,74,0.96,2.96,25.0,50,12,"ax,ay,az,gx,gy,gz,acc_mag,gyro_mag,jerk,roll,pitch,tilt_delta",20.0,25.0,uniform_20hz_time_interpolation_to_25hz,adl_sliding_capped,425,531,,,dataset_unit_map,wrist,bits,m/s^2,rad/s,m/s^2,rad/s,1.0,1.0,True,test,non_fall,non_fall,7.885126251494512e-06,none,lateral,0.9691237211227417
w25_00001918,bits,C:\Users\ADMIN\Desktop\ds-fall\data\raw\Dataset\adl\user31\user31_adl2.csv,C:\Users\ADMIN\Desktop\ds-fall\data\raw\Dataset,user31,user31_adl2,adl2,walking_quickly,walking_quickly,0,none,False,36,86,1.44,3.44,25.0,50,12,"ax,ay,az,gx,gy,gz,acc_mag,gyro_mag,jerk,roll,pitch,tilt_delta",20.0,25.0,uniform_20hz_time_interpolation_to_25hz,adl_sliding_capped,425,531,,,dataset_unit_map,wrist,bits,m/s^2,rad/s,m/s^2,rad/s,1.0,1.0,True,test,non_fall,non_fall,7.020777047728188e-06,none,lateral,0.7317066192626953
w25_00001919,bits,C:\Users\ADMIN\Desktop\ds-fall\data\raw\Dataset\adl\user31\user31_adl2.csv,C:\Users\ADMIN\Desktop\ds-fall\data\raw\Dataset,user31,user31_adl2,adl2,walking_quickly,walking_quickly,0,none,False,48,98,1.92,3.92,25.0,50,12,"ax,ay,az,gx,gy,gz,acc_mag,gyro_mag,jerk,roll,pitch,tilt_delta",20.0,25.0,uniform_20hz_time_interpolation_to_25hz,adl_sliding_capped,425,531,,,dataset_unit_map,wrist,bits,m/s^2,rad/s,m/s^2,rad/s,1.0,1.0,True,test,non_fall,non_fall,1.0638851790645276e-06,none,lateral,0.9492204189300537
w25_00001920,bits,C:\Users\ADMIN\Desktop\ds-fall\data\raw\Dataset\adl\user31\user31_adl3.csv,C:\Users\ADMIN\Desktop\ds-fall\data\raw\Dataset,user31,user31_adl3,adl3,jogging,jogging,0,none,False,0,50,0.0,2.0,25.0,50,12,"ax,ay,az,gx,gy,gz,acc_mag,gyro_mag,jerk,roll,pitch,tilt_delta",20.0,25.0,uniform_20hz_time_interpolation_to_25hz,adl_sliding_capped,173,216,,,dataset_unit_map,wrist,bits,m/s^2,rad/s,m/s^2,rad/s,1.0,1.0,True,test,non_fall,non_fall,2.149959527741885e-06,none,forward,0.5447034239768982
w25_00001921,bits,C:\Users\ADMIN\Desktop\ds-fall\data\raw\Dataset\adl\user31\user31_adl3.csv,C:\Users\ADMIN\Desktop\ds-fall\data\raw\Dataset,user31,user31_adl3,adl3,jogging,jogging,0,none,False,12,62,0.48,2.48,25.0,50,12,"ax,ay,az,gx,gy,gz,acc_mag,gyro_mag,jerk,roll,pitch,tilt_delta",20.0,25.0,uniform_20hz_time_interpolation_to_25hz,adl_sliding_capped,173,216,,,dataset_unit_map,wrist,bits,m/s^2,rad/s,m/s^2,rad/s,1.0,1.0,True,test,non_fall,non_fall,1.4475334637609194e-06,none,lateral,0.6685143709182739
w25_00001922,bits,C:\Users\ADMIN\Desktop\ds-fall\data\raw\Dataset\adl\user31\user31_adl3.csv,C:\Users\ADMIN\Desktop\ds-fall\data\raw\Dataset,user31,user31_adl3,adl3,jogging,jogging,0,none,False,24,74,0.96,2.96,25.0,50,12,"ax,ay,az,gx,gy,gz,acc_mag,gyro_mag,jerk,roll,pitch,tilt_delta",20.0,25.0,uniform_20hz_time_interpolation_to_25hz,adl_sliding_capped,173,216,,,dataset_unit_map,wrist,bits,m/s^2,rad/s,m/s^2,rad/s,1.0,1.0,True,test,non_fall,non_fall,7.857604487071512e-07,none,lateral,0.6847825646400452
w25_00001923,bits,C:\Users\ADMIN\Desktop\ds-fall\data\raw\Dataset\adl\user31\user31_adl3.csv,C:\Users\ADMIN\Desktop\ds-fall\data\raw\Dataset,user31,user31_adl3,adl3,jogging,jogging,0,none,False,36,86,1.44,3.44,25.0,50,12,"ax,ay,az,gx,gy,gz,acc_mag,gyro_mag,jerk,roll,pitch,tilt_delta",20.0,25.0,uniform_20hz_time_interpolation_to_25hz,adl_sliding_capped,173,216,,,dataset_unit_map,wrist,bits,m/s^2,rad/s,m/s^2,rad/s,1.0,1.0,True,test,non_fall,non_fall,4.219099309921148e-07,none,lateral,0.7917261719703674
w25_00001924,bits,C:\Users\ADMIN\Desktop\ds-fall\data\raw\Dataset\adl\user31\user31_adl3.csv,C:\Users\ADMIN\Desktop\ds-fall\data\raw\Dataset,user31,user31_adl3,adl3,jogging,jogging,0,none,False,48,98,1.92,3.92,25.0,50,12,"ax,ay,az,gx,gy,gz,acc_mag,gyro_mag,jerk,roll,pitch,tilt_delta",20.0,25.0,uniform_20hz_time_interpolation_to_25hz,adl_sliding_capped,173,216,,,dataset_unit_map,wrist,bits,m/s^2,rad/s,m/s^2,rad/s,1.0,1.0,True,test,non_fall,non_fall,1.0700350685510784e-06,none,forward,0.97235107421875
w25_00001925,bits,C:\Users\ADMIN\Desktop\ds-fall\data\raw\Dataset\adl\user31\user31_adl4.csv,C:\Users\ADMIN\Desktop\ds-fall\data\raw\Dataset,user31,user31_adl4,adl4,jumping,jumping,0,none,False,0,50,0.0,2.0,25.0,50,12,"ax,ay,az,gx,gy,gz,acc_mag,gyro_mag,jerk,roll,pitch,tilt_delta",20.0,25.0,uniform_20hz_time_interpolation_to_25hz,adl_sliding_capped,789,986,,,dataset_unit_map,wrist,bits,m/s^2,rad/s,m/s^2,rad/s,1.0,1.0,True,test,non_fall,non_fall,7.635126166860573e-06,none,forward,0.5379220247268677
w25_00001926,bits,C:\Users\ADMIN\Desktop\ds-fall\data\raw\Dataset\adl\user31\user31_adl4.csv,C:\Users\ADMIN\Desktop\ds-fall\data\raw\Dataset,user31,user31_adl4,adl4,jumping,jumping,0,none,False,12,62,0.48,2.48,25.0,50,12,"ax,ay,az,gx,gy,gz,acc_mag,gyro_mag,jerk,roll,pitch,tilt_delta",20.0,25.0,uniform_20hz_time_interpolation_to_25hz,adl_sliding_capped,789,986,,,dataset_unit_map,wrist,bits,m/s^2,rad/s,m/s^2,rad/s,1.0,1.0,True,test,non_fall,non_fall,1.4910392565070651e-07,none,forward,0.9887797832489014
w25_00001927,bits,C:\Users\ADMIN\Desktop\ds-fall\data\raw\Dataset\adl\user31\user31_adl4.csv,C:\Users\ADMIN\Desktop\ds-fall\data\raw\Dataset,user31,user31_adl4,adl4,jumping,jumping,0,none,False,24,74,0.96,2.96,25.0,50,12,"ax,ay,az,gx,gy,gz,acc_mag,gyro_mag,jerk,roll,pitch,tilt_delta",20.0,25.0,uniform_20hz_time_interpolation_to_25hz,adl_sliding_capped,789,986,,,dataset_unit_map,wrist,bits,m/s^2,rad/s,m/s^2,rad/s,1.0,1.0,True,test,non_fall,non_fall,4.875546437688172e-07,none,forward,0.9955244064331055
w25_00001928,bits,C:\Users\ADMIN\Desktop\ds-fall\data\raw\Dataset\adl\user31\user31_adl4.csv,C:\Users\ADMIN\Desktop\ds-fall\data\raw\Dataset,user31,user31_adl4,adl4,jumping,jumping,0,none,False,36,86,1.44,3.44,25.0,50,12,"ax,ay,az,gx,gy,gz,acc_mag,gyro_mag,jerk,roll,pitch,tilt_delta",20.0,25.0,uniform_20hz_time_interpolation_to_25hz,adl_sliding_capped,789,986,,,dataset_unit_map,wrist,bits,m/s^2,rad/s,m/s^2,rad/s,1.0,1.0,True,test,non_fall,non_fall,6.88401391446547e-10,none,backward,0.6485693454742432
w25_00001929,bits,C:\Users\ADMIN\Desktop\ds-fall\data\raw\Dataset\adl\user31\user31_adl4.csv,C:\Users\ADMIN\Desktop\ds-fall\data\raw\Dataset,user31,user31_adl4,adl4,jumping,jumping,0,none,False,48,98,1.92,3.92,25.0,50,12,"ax,ay,az,gx,gy,gz,acc_mag,gyro_mag,jerk,roll,pitch,tilt_delta",20.0,25.0,uniform_20hz_time_interpolation_to_25hz,adl_sliding_capped,789,986,,,dataset_unit_map,wrist,bits,m/s^2,rad/s,m/s^2,rad/s,1.0,1.0,True,test,non_fall,non_fall,2.0124561572743005e-08,none,backward,0.8826726078987122
w25_00001930,bits,C:\Users\ADMIN\Desktop\ds-fall\data\raw\Dataset\adl\user31\user31_adl5.csv,C:\Users\ADMIN\Desktop\ds-fall\data\raw\Dataset,user31,user31_adl5,adl5,climbing_up_slowly,climbing_up_slowly,0,none,False,0,50,0.0,2.0,25.0,50,12,"ax,ay,az,gx,gy,gz,acc_mag,gyro_mag,jerk,roll,pitch,tilt_delta",20.0,25.0,uniform_20hz_time_interpolation_to_25hz,adl_sliding_capped,961,1201,,,dataset_unit_map,wrist,bits,m/s^2,rad/s,m/s^2,rad/s,1.0,1.0,True,test,non_fall,non_fall,4.107841050426941e-06,none,forward,0.9983481168746948
w25_00001931,bits,C:\Users\ADMIN\Desktop\ds-fall\data\raw\Dataset\adl\user31\user31_adl5.csv,C:\Users\ADMIN\Desktop\ds-fall\data\raw\Dataset,user31,user31_adl5,adl5,climbing_up_slowly,climbing_up_slowly,0,none,False,12,62,0.48,2.48,25.0,50,12,"ax,ay,az,gx,gy,gz,acc_mag,gyro_mag,jerk,roll,pitch,tilt_delta",20.0,25.0,uniform_20hz_time_interpolation_to_25hz,adl_sliding_capped,961,1201,,,dataset_unit_map,wrist,bits,m/s^2,rad/s,m/s^2,rad/s,1.0,1.0,True,test,non_fall,non_fall,9.258988029614557e-07,none,forward,0.9980090260505676
w25_00001932,bits,C:\Users\ADMIN\Desktop\ds-fall\data\raw\Dataset\adl\user31\user31_adl5.csv,C:\Users\ADMIN\Desktop\ds-fall\data\raw\Dataset,user31,user31_adl5,adl5,climbing_up_slowly,climbing_up_slowly,0,none,False,24,74,0.96,2.96,25.0,50,12,"ax,ay,az,gx,gy,gz,acc_mag,gyro_mag,jerk,roll,pitch,tilt_delta",20.0,25.0,uniform_20hz_time_interpolation_to_25hz,adl_sliding_capped,961,1201,,,dataset_unit_map,wrist,bits,m/s^2,rad/s,m/s^2,rad/s,1.0,1.0,True,test,non_fall,non_fall,1.2962138953298563e-06,none,forward,0.9969028830528259
w25_00001933,bits,C:\Users\ADMIN\Desktop\ds-fall\data\raw\Dataset\adl\user31\user31_adl5.csv,C:\Users\ADMIN\Desktop\ds-fall\data\raw\Dataset,user31,user31_adl5,adl5,climbing_up_slowly,climbing_up_slowly,0,none,False,36,86,1.44,3.44,25.0,50,12,"ax,ay,az,gx,gy,gz,acc_mag,gyro_mag,jerk,roll,pitch,tilt_delta",20.0,25.0,uniform_20hz_time_interpolation_to_25hz,adl_sliding_capped,961,1201,,,dataset_unit_map,wrist,bits,m/s^2,rad/s,m/s^2,rad/s,1.0,1.0,True,test,non_fall,non_fall,3.605210281421023e-07,none,forward,0.9938832521438599
w25_00001934,bits,C:\Users\ADMIN\Desktop\ds-fall\data\raw\Dataset\adl\user31\user31_adl5.csv,C:\Users\ADMIN\Desktop\ds-fall\data\raw\Dataset,user31,user31_adl5,adl5,climbing_up_slowly,climbing_up_slowly,0,none,False,48,98,1.92,3.92,25.0,50,12,"ax,ay,az,gx,gy,gz,acc_mag,gyro_mag,jerk,roll,pitch,tilt_delta",20.0,25.0,uniform_20hz_time_interpolation_to_25hz,adl_sliding_capped,961,1201,,,dataset_unit_map,wrist,bits,m/s^2,rad/s,m/s^2,rad/s,1.0,1.0,True,test,non_fall,non_fall,1.765095476002898e-06,none,forward,0.9977580904960632
w25_00001935,bits,C:\Users\ADMIN\Desktop\ds-fall\data\raw\Dataset\adl\user31\user31_adl6.csv,C:\Users\ADMIN\Desktop\ds-fall\data\raw\Dataset,user31,user31_adl6,adl6,climbing_down_slowly,climbing_down_slowly,0,none,False,0,50,0.0,2.0,25.0,50,12,"ax,ay,az,gx,gy,gz,acc_mag,gyro_mag,jerk,roll,pitch,tilt_delta",20.0,25.0,uniform_20hz_time_interpolation_to_25hz,adl_sliding_capped,830,1037,,,dataset_unit_map,wrist,bits,m/s^2,rad/s,m/s^2,rad/s,1.0,1.0,True,test,non_fall,non_fall,1.7790140418583178e-06,none,forward,0.6627720594406128
w25_00001936,bits,C:\Users\ADMIN\Desktop\ds-fall\data\raw\Dataset\adl\user31\user31_adl6.csv,C:\Users\ADMIN\Desktop\ds-fall\data\raw\Dataset,user31,user31_adl6,adl6,climbing_down_slowly,climbing_down_slowly,0,none,False,12,62,0.48,2.48,25.0,50,12,"ax,ay,az,gx,gy,gz,acc_mag,gyro_mag,jerk,roll,pitch,tilt_delta",20.0,25.0,uniform_20hz_time_interpolation_to_25hz,adl_sliding_capped,830,1037,,,dataset_unit_map,wrist,bits,m/s^2,rad/s,m/s^2,rad/s,1.0,1.0,True,test,non_fall,non_fall,1.6429639799753204e-06,none,lateral,0.5564083456993103
w25_00001937,bits,C:\Users\ADMIN\Desktop\ds-fall\data\raw\Dataset\adl\user31\user31_adl6.csv,C:\Users\ADMIN\Desktop\ds-fall\data\raw\Dataset,user31,user31_adl6,adl6,climbing_down_slowly,climbing_down_slowly,0,none,False,24,74,0.96,2.96,25.0,50,12,"ax,ay,az,gx,gy,gz,acc_mag,gyro_mag,jerk,roll,pitch,tilt_delta",20.0,25.0,uniform_20hz_time_interpolation_to_25hz,adl_sliding_capped,830,1037,,,dataset_unit_map,wrist,bits,m/s^2,rad/s,m/s^2,rad/s,1.0,1.0,True,test,non_fall,non_fall,5.228442887528217e-07,none,forward,0.6975353360176086
w25_00001938,bits,C:\Users\ADMIN\Desktop\ds-fall\data\raw\Dataset\adl\user31\user31_adl6.csv,C:\Users\ADMIN\Desktop\ds-fall\data\raw\Dataset,user31,user31_adl6,adl6,climbing_down_slowly,climbing_down_slowly,0,none,False,36,86,1.44,3.44,25.0,50,12,"ax,ay,az,gx,gy,gz,acc_mag,gyro_mag,jerk,roll,pitch,tilt_delta",20.0,25.0,uniform_20hz_time_interpolation_to_25hz,adl_sliding_capped,830,1037,,,dataset_unit_map,wrist,bits,m/s^2,rad/s,m/s^2,rad/s,1.0,1.0,True,test,non_fall,non_fall,4.876392836195009e-07,none,lateral,0.8144569993019104
w25_00001939,bits,C:\Users\ADMIN\Desktop\ds-fall\data\raw\Dataset\adl\user31\user31_adl6.csv,C:\Users\ADMIN\Desktop\ds-fall\data\raw\Dataset,user31,user31_adl6,adl6,climbing_down_slowly,climbing_down_slowly,0,none,False,48,98,1.92,3.92,25.0,50,12,"ax,ay,az,gx,gy,gz,acc_mag,gyro_mag,jerk,roll,pitch,tilt_delta",20.0,25.0,uniform_20hz_time_interpolation_to_25hz,adl_sliding_capped,830,1037,,,dataset_unit_map,wrist,bits,m/s^2,rad/s,m/s^2,rad/s,1.0,1.0,True,test,non_fall,non_fall,9.647258593759034e-06,none,lateral,0.7840014696121216
w25_00001940,bits,C:\Users\ADMIN\Desktop\ds-fall\data\raw\Dataset\adl\user31\user31_adl7.csv,C:\Users\ADMIN\Desktop\ds-fall\data\raw\Dataset,user31,user31_adl7,adl7,climbing_up_normally,climbing_up_normally,0,none,False,0,50,0.0,2.0,25.0,50,12,"ax,ay,az,gx,gy,gz,acc_mag,gyro_mag,jerk,roll,pitch,tilt_delta",20.0,25.0,uniform_20hz_time_interpolation_to_25hz,adl_sliding_capped,1025,1281,,,dataset_unit_map,wrist,bits,m/s^2,rad/s,m/s^2,rad/s,1.0,1.0,True,test,non_fall,non_fall,9.781679182196967e-07,none,forward,0.9988158941268921
w25_00001941,bits,C:\Users\ADMIN\Desktop\ds-fall\data\raw\Dataset\adl\user31\user31_adl7.csv,C:\Users\ADMIN\Desktop\ds-fall\data\raw\Dataset,user31,user31_adl7,adl7,climbing_up_normally,climbing_up_normally,0,none,False,12,62,0.48,2.48,25.0,50,12,"ax,ay,az,gx,gy,gz,acc_mag,gyro_mag,jerk,roll,pitch,tilt_delta",20.0,25.0,uniform_20hz_time_interpolation_to_25hz,adl_sliding_capped,1025,1281,,,dataset_unit_map,wrist,bits,m/s^2,rad/s,m/s^2,rad/s,1.0,1.0,True,test,non_fall,non_fall,7.027624633337837e-07,none,forward,0.9987605810165405
w25_00001942,bits,C:\Users\ADMIN\Desktop\ds-fall\data\raw\Dataset\adl\user31\user31_adl7.csv,C:\Users\ADMIN\Desktop\ds-fall\data\raw\Dataset,user31,user31_adl7,adl7,climbing_up_normally,climbing_up_normally,0,none,False,24,74,0.96,2.96,25.0,50,12,"ax,ay,az,gx,gy,gz,acc_mag,gyro_mag,jerk,roll,pitch,tilt_delta",20.0,25.0,uniform_20hz_time_interpolation_to_25hz,adl_sliding_capped,1025,1281,,,dataset_unit_map,wrist,bits,m/s^2,rad/s,m/s^2,rad/s,1.0,1.0,True,test,non_fall,non_fall,1.3703325976166525e-06,none,forward,0.9989749193191528
w25_00001943,bits,C:\Users\ADMIN\Desktop\ds-fall\data\raw\Dataset\adl\user31\user31_adl7.csv,C:\Users\ADMIN\Desktop\ds-fall\data\raw\Dataset,user31,user31_adl7,adl7,climbing_up_normally,climbing_up_normally,0,none,False,36,86,1.44,3.44,25.0,50,12,"ax,ay,az,gx,gy,gz,acc_mag,gyro_mag,jerk,roll,pitch,tilt_delta",20.0,25.0,uniform_20hz_time_interpolation_to_25hz,adl_sliding_capped,1025,1281,,,dataset_unit_map,wrist,bits,m/s^2,rad/s,m/s^2,rad/s,1.0,1.0,True,test,non_fall,non_fall,2.261686859128531e-06,none,forward,0.9986435770988464
w25_00001944,bits,C:\Users\ADMIN\Desktop\ds-fall\data\raw\Dataset\adl\user31\user31_adl7.csv,C:\Users\ADMIN\Desktop\ds-fall\data\raw\Dataset,user31,user31_adl7,adl7,climbing_up_normally,climbing_up_normally,0,none,False,48,98,1.92,3.92,25.0,50,12,"ax,ay,az,gx,gy,gz,acc_mag,gyro_mag,jerk,roll,pitch,tilt_delta",20.0,25.0,uniform_20hz_time_interpolation_to_25hz,adl_sliding_capped,1025,1281,,,dataset_unit_map,wrist,bits,m/s^2,rad/s,m/s^2,rad/s,1.0,1.0,True,test,non_fall,non_fall,2.3009035885479534e-06,none,forward,0.9988046884536743
w25_00001945,bits,C:\Users\ADMIN\Desktop\ds-fall\data\raw\Dataset\adl\user31\user31_adl8.csv,C:\Users\ADMIN\Desktop\ds-fall\data\raw\Dataset,user31,user31_adl8,adl8,climbing_down_normally,climbing_down_normally,0,none,False,0,50,0.0,2.0,25.0,50,12,"ax,ay,az,gx,gy,gz,acc_mag,gyro_mag,jerk,roll,pitch,tilt_delta",20.0,25.0,uniform_20hz_time_interpolation_to_25hz,adl_sliding_capped,297,371,,,dataset_unit_map,wrist,bits,m/s^2,rad/s,m/s^2,rad/s,1.0,1.0,True,test,non_fall,non_fall,5.433326805359684e-06,none,lateral,0.8450027704238892
w25_00001946,bits,C:\Users\ADMIN\Desktop\ds-fall\data\raw\Dataset\adl\user31\user31_adl8.csv,C:\Users\ADMIN\Desktop\ds-fall\data\raw\Dataset,user31,user31_adl8,adl8,climbing_down_normally,climbing_down_normally,0,none,False,12,62,0.48,2.48,25.0,50,12,"ax,ay,az,gx,gy,gz,acc_mag,gyro_mag,jerk,roll,pitch,tilt_delta",20.0,25.0,uniform_20hz_time_interpolation_to_25hz,adl_sliding_capped,297,371,,,dataset_unit_map,wrist,bits,m/s^2,rad/s,m/s^2,rad/s,1.0,1.0,True,test,non_fall,non_fall,1.5392504337796709e-06,none,lateral,0.9397181272506714
w25_00001947,bits,C:\Users\ADMIN\Desktop\ds-fall\data\raw\Dataset\adl\user31\user31_adl8.csv,C:\Users\ADMIN\Desktop\ds-fall\data\raw\Dataset,user31,user31_adl8,adl8,climbing_down_normally,climbing_down_normally,0,none,False,24,74,0.96,2.96,25.0,50,12,"ax,ay,az,gx,gy,gz,acc_mag,gyro_mag,jerk,roll,pitch,tilt_delta",20.0,25.0,uniform_20hz_time_interpolation_to_25hz,adl_sliding_capped,297,371,,,dataset_unit_map,wrist,bits,m/s^2,rad/s,m/s^2,rad/s,1.0,1.0,True,test,non_fall,non_fall,1.7291686162934639e-06,none,lateral,0.8923994898796082
w25_00001948,bits,C:\Users\ADMIN\Desktop\ds-fall\data\raw\Dataset\adl\user31\user31_adl8.csv,C:\Users\ADMIN\Desktop\ds-fall\data\raw\Dataset,user31,user31_adl8,adl8,climbing_down_normally,climbing_down_normally,0,none,False,36,86,1.44,3.44,25.0,50,12,"ax,ay,az,gx,gy,gz,acc_mag,gyro_mag,jerk,roll,pitch,tilt_delta",20.0,25.0,uniform_20hz_time_interpolation_to_25hz,adl_sliding_capped,297,371,,,dataset_unit_map,wrist,bits,m/s^2,rad/s,m/s^2,rad/s,1.0,1.0,True,test,non_fall,non_fall,1.7944296359928558e-06,none,lateral,0.9458564519882202
w25_00001949,bits,C:\Users\ADMIN\Desktop\ds-fall\data\raw\Dataset\adl\user31\user31_adl8.csv,C:\Users\ADMIN\Desktop\ds-fall\data\raw\Dataset,user31,user31_adl8,adl8,climbing_down_normally,climbing_down_normally,0,none,False,48,98,1.92,3.92,25.0,50,12,"ax,ay,az,gx,gy,gz,acc_mag,gyro_mag,jerk,roll,pitch,tilt_delta",20.0,25.0,uniform_20hz_time_interpolation_to_25hz,adl_sliding_capped,297,371,,,dataset_unit_map,wrist,bits,m/s^2,rad/s,m/s^2,rad/s,1.0,1.0,True,test,non_fall,non_fall,1.4891465980326757e-06,none,lateral,0.8930023908615112
w25_00001950,bits,C:\Users\ADMIN\Desktop\ds-fall\data\raw\Dataset\adl\user31\user31_adl9.csv,C:\Users\ADMIN\Desktop\ds-fall\data\raw\Dataset,user31,user31_adl9,adl9,slowly_sitting_on_chair,slowly_sitting_on_chair,0,none,False,0,50,0.0,2.0,25.0,50,12,"ax,ay,az,gx,gy,gz,acc_mag,gyro_mag,jerk,roll,pitch,tilt_delta",20.0,25.0,uniform_20hz_time_interpolation_to_25hz,adl_sliding_capped,694,867,,,dataset_unit_map,wrist,bits,m/s^2,rad/s,m/s^2,rad/s,1.0,1.0,True,test,non_fall,non_fall,3.2815648864925606e-06,none,lateral,0.832493782043457
w25_00001951,bits,C:\Users\ADMIN\Desktop\ds-fall\data\raw\Dataset\adl\user31\user31_adl9.csv,C:\Users\ADMIN\Desktop\ds-fall\data\raw\Dataset,user31,user31_adl9,adl9,slowly_sitting_on_chair,slowly_sitting_on_chair,0,none,False,12,62,0.48,2.48,25.0,50,12,"ax,ay,az,gx,gy,gz,acc_mag,gyro_mag,jerk,roll,pitch,tilt_delta",20.0,25.0,uniform_20hz_time_interpolation_to_25hz,adl_sliding_capped,694,867,,,dataset_unit_map,wrist,bits,m/s^2,rad/s,m/s^2,rad/s,1.0,1.0,True,test,non_fall,non_fall,5.095420874567935e-06,none,lateral,0.9532690048217773
w25_00001952,bits,C:\Users\ADMIN\Desktop\ds-fall\data\raw\Dataset\adl\user31\user31_adl9.csv,C:\Users\ADMIN\Desktop\ds-fall\data\raw\Dataset,user31,user31_adl9,adl9,slowly_sitting_on_chair,slowly_sitting_on_chair,0,none,False,24,74,0.96,2.96,25.0,50,12,"ax,ay,az,gx,gy,gz,acc_mag,gyro_mag,jerk,roll,pitch,tilt_delta",20.0,25.0,uniform_20hz_time_interpolation_to_25hz,adl_sliding_capped,694,867,,,dataset_unit_map,wrist,bits,m/s^2,rad/s,m/s^2,rad/s,1.0,1.0,True,test,non_fall,non_fall,2.756037474682671e-06,none,lateral,0.9687432050704956
w25_00001953,bits,C:\Users\ADMIN\Desktop\ds-fall\data\raw\Dataset\adl\user31\user31_adl9.csv,C:\Users\ADMIN\Desktop\ds-fall\data\raw\Dataset,user31,user31_adl9,adl9,slowly_sitting_on_chair,slowly_sitting_on_chair,0,none,False,36,86,1.44,3.44,25.0,50,12,"ax,ay,az,gx,gy,gz,acc_mag,gyro_mag,jerk,roll,pitch,tilt_delta",20.0,25.0,uniform_20hz_time_interpolation_to_25hz,adl_sliding_capped,694,867,,,dataset_unit_map,wrist,bits,m/s^2,rad/s,m/s^2,rad/s,1.0,1.0,True,test,non_fall,non_fall,5.007772415410727e-06,none,lateral,0.8966256380081177
w25_00001954,bits,C:\Users\ADMIN\Desktop\ds-fall\data\raw\Dataset\adl\user31\user31_adl9.csv,C:\Users\ADMIN\Desktop\ds-fall\data\raw\Dataset,user31,user31_adl9,adl9,slowly_sitting_on_chair,slowly_sitting_on_chair,0,none,False,48,98,1.92,3.92,25.0,50,12,"ax,ay,az,gx,gy,gz,acc_mag,gyro_mag,jerk,roll,pitch,tilt_delta",20.0,25.0,uniform_20hz_time_interpolation_to_25hz,adl_sliding_capped,694,867,,,dataset_unit_map,wrist,bits,m/s^2,rad/s,m/s^2,rad/s,1.0,1.0,True,test,non_fall,non_fall,4.1455823520664126e-06,none,lateral,0.8052970767021179
w25_00002275,bits,C:\Users\ADMIN\Desktop\ds-fall\data\raw\Dataset\adl\user36\user36_adl1.csv,C:\Users\ADMIN\Desktop\ds-fall\data\raw\Dataset,user36,user36_adl1,adl1,walking_slowly,walking_slowly,0,none,False,0,50,0.0,2.0,25.0,50,12,"ax,ay,az,gx,gy,gz,acc_mag,gyro_mag,jerk,roll,pitch,tilt_delta",20.0,25.0,uniform_20hz_time_interpolation_to_25hz,adl_sliding_capped,229,286,,,dataset_unit_map,wrist,bits,m/s^2,rad/s,m/s^2,rad/s,1.0,1.0,True,test,non_fall,non_fall,4.804794002666313e-07,none,lateral,0.9963723421096802
w25_00002276,bits,C:\Users\ADMIN\Desktop\ds-fall\data\raw\Dataset\adl\user36\user36_adl1.csv,C:\Users\ADMIN\Desktop\ds-fall\data\raw\Dataset,user36,user36_adl1,adl1,walking_slowly,walking_slowly,0,none,False,12,62,0.48,2.48,25.0,50,12,"ax,ay,az,gx,gy,gz,acc_mag,gyro_mag,jerk,roll,pitch,tilt_delta",20.0,25.0,uniform_20hz_time_interpolation_to_25hz,adl_sliding_capped,229,286,,,dataset_unit_map,wrist,bits,m/s^2,rad/s,m/s^2,rad/s,1.0,1.0,True,test,non_fall,non_fall,6.223895616130903e-05,none,lateral,0.9940016865730286
w25_00002277,bits,C:\Users\ADMIN\Desktop\ds-fall\data\raw\Dataset\adl\user36\user36_adl1.csv,C:\Users\ADMIN\Desktop\ds-fall\data\raw\Dataset,user36,user36_adl1,adl1,walking_slowly,walking_slowly,0,none,False,24,74,0.96,2.96,25.0,50,12,"ax,ay,az,gx,gy,gz,acc_mag,gyro_mag,jerk,roll,pitch,tilt_delta",20.0,25.0,uniform_20hz_time_interpolation_to_25hz,adl_sliding_capped,229,286,,,dataset_unit_map,wrist,bits,m/s^2,rad/s,m/s^2,rad/s,1.0,1.0,True,test,non_fall,non_fall,9.18604782782495e-05,none,lateral,0.5344469547271729
w25_00002278,bits,C:\Users\ADMIN\Desktop\ds-fall\data\raw\Dataset\adl\user36\user36_adl1.csv,C:\Users\ADMIN\Desktop\ds-fall\data\raw\Dataset,user36,user36_adl1,adl1,walking_slowly,walking_slowly,0,none,False,36,86,1.44,3.44,25.0,50,12,"ax,ay,az,gx,gy,gz,acc_mag,gyro_mag,jerk,roll,pitch,tilt_delta",20.0,25.0,uniform_20hz_time_interpolation_to_25hz,adl_sliding_capped,229,286,,,dataset_unit_map,wrist,bits,m/s^2,rad/s,m/s^2,rad/s,1.0,1.0,True,test,non_fall,non_fall,3.205863686162047e-05,none,forward,0.995812714099884
w25_00002279,bits,C:\Users\ADMIN\Desktop\ds-fall\data\raw\Dataset\adl\user36\user36_adl1.csv,C:\Users\ADMIN\Desktop\ds-fall\data\raw\Dataset,user36,user36_adl1,adl1,walking_slowly,walking_slowly,0,none,False,48,98,1.92,3.92,25.0,50,12,"ax,ay,az,gx,gy,gz,acc_mag,gyro_mag,jerk,roll,pitch,tilt_delta",20.0,25.0,uniform_20hz_time_interpolation_to_25hz,adl_sliding_capped,229,286,,,dataset_unit_map,wrist,bits,m/s^2,rad/s,m/s^2,rad/s,1.0,1.0,True,test,non_fall,non_fall,4.953824827680364e-05,none,forward,0.9463030099868774
w25_00002280,bits,C:\Users\ADMIN\Desktop\ds-fall\data\raw\Dataset\adl\user36\user36_adl10.csv,C:\Users\ADMIN\Desktop\ds-fall\data\raw\Dataset,user36,user36_adl10,adl10,rapidly_sitting_on_chair,rapidly_sitting_on_chair,0,none,False,0,50,0.0,2.0,25.0,50,12,"ax,ay,az,gx,gy,gz,acc_mag,gyro_mag,jerk,roll,pitch,tilt_delta",20.0,25.0,uniform_20hz_time_interpolation_to_25hz,adl_sliding_capped,278,347,,,dataset_unit_map,wrist,bits,m/s^2,rad/s,m/s^2,rad/s,1.0,1.0,True,test,non_fall,non_fall,2.8461115562095074e-06,none,lateral,0.6869458556175232
w25_00002281,bits,C:\Users\ADMIN\Desktop\ds-fall\data\raw\Dataset\adl\user36\user36_adl10.csv,C:\Users\ADMIN\Desktop\ds-fall\data\raw\Dataset,user36,user36_adl10,adl10,rapidly_sitting_on_chair,rapidly_sitting_on_chair,0,none,False,12,62,0.48,2.48,25.0,50,12,"ax,ay,az,gx,gy,gz,acc_mag,gyro_mag,jerk,roll,pitch,tilt_delta",20.0,25.0,uniform_20hz_time_interpolation_to_25hz,adl_sliding_capped,278,347,,,dataset_unit_map,wrist,bits,m/s^2,rad/s,m/s^2,rad/s,1.0,1.0,True,test,non_fall,non_fall,7.752418241580017e-06,none,lateral,0.7376894354820251
w25_00002282,bits,C:\Users\ADMIN\Desktop\ds-fall\data\raw\Dataset\adl\user36\user36_adl10.csv,C:\Users\ADMIN\Desktop\ds-fall\data\raw\Dataset,user36,user36_adl10,adl10,rapidly_sitting_on_chair,rapidly_sitting_on_chair,0,none,False,24,74,0.96,2.96,25.0,50,12,"ax,ay,az,gx,gy,gz,acc_mag,gyro_mag,jerk,roll,pitch,tilt_delta",20.0,25.0,uniform_20hz_time_interpolation_to_25hz,adl_sliding_capped,278,347,,,dataset_unit_map,wrist,bits,m/s^2,rad/s,m/s^2,rad/s,1.0,1.0,True,test,non_fall,non_fall,1.5132794715100317e-06,none,lateral,0.770070493221283
w25_00002283,bits,C:\Users\ADMIN\Desktop\ds-fall\data\raw\Dataset\adl\user36\user36_adl10.csv,C:\Users\ADMIN\Desktop\ds-fall\data\raw\Dataset,user36,user36_adl10,adl10,rapidly_sitting_on_chair,rapidly_sitting_on_chair,0,none,False,36,86,1.44,3.44,25.0,50,12,"ax,ay,az,gx,gy,gz,acc_mag,gyro_mag,jerk,roll,pitch,tilt_delta",20.0,25.0,uniform_20hz_time_interpolation_to_25hz,adl_sliding_capped,278,347,,,dataset_unit_map,wrist,bits,m/s^2,rad/s,m/s^2,rad/s,1.0,1.0,True,test,non_fall,non_fall,4.338437520345906e-06,none,forward,0.5031353235244751
w25_00002284,bits,C:\Users\ADMIN\Desktop\ds-fall\data\raw\Dataset\adl\user36\user36_adl10.csv,C:\Users\ADMIN\Desktop\ds-fall\data\raw\Dataset,user36,user36_adl10,adl10,rapidly_sitting_on_chair,rapidly_sitting_on_chair,0,none,False,48,98,1.92,3.92,25.0,50,12,"ax,ay,az,gx,gy,gz,acc_mag,gyro_mag,jerk,roll,pitch,tilt_delta",20.0,25.0,uniform_20hz_time_interpolation_to_25hz,adl_sliding_capped,278,347,,,dataset_unit_map,wrist,bits,m/s^2,rad/s,m/s^2,rad/s,1.0,1.0,True,test,non_fall,non_fall,6.9773309405718464e-06,none,forward,0.8123471736907959
w25_00002285,bits,C:\Users\ADMIN\Desktop\ds-fall\data\raw\Dataset\adl\user36\user36_adl11.csv,C:\Users\ADMIN\Desktop\ds-fall\data\raw\Dataset,user36,user36_adl11,adl11,nearly_sitting_and_getting_up,nearly_sitting_and_getting_up,0,none,False,0,50,0.0,2.0,25.0,50,12,"ax,ay,az,gx,gy,gz,acc_mag,gyro_mag,jerk,roll,pitch,tilt_delta",20.0,25.0,uniform_20hz_time_interpolation_to_25hz,adl_sliding_capped,570,712,,,dataset_unit_map,wrist,bits,m/s^2,rad/s,m/s^2,rad/s,1.0,1.0,True,test,non_fall,non_fall,5.218082037572458e-07,none,backward,0.9998853206634521
w25_00002286,bits,C:\Users\ADMIN\Desktop\ds-fall\data\raw\Dataset\adl\user36\user36_adl11.csv,C:\Users\ADMIN\Desktop\ds-fall\data\raw\Dataset,user36,user36_adl11,adl11,nearly_sitting_and_getting_up,nearly_sitting_and_getting_up,0,none,False,12,62,0.48,2.48,25.0,50,12,"ax,ay,az,gx,gy,gz,acc_mag,gyro_mag,jerk,roll,pitch,tilt_delta",20.0,25.0,uniform_20hz_time_interpolation_to_25hz,adl_sliding_capped,570,712,,,dataset_unit_map,wrist,bits,m/s^2,rad/s,m/s^2,rad/s,1.0,1.0,True,test,non_fall,non_fall,2.3764874867993058e-07,none,backward,0.9992949962615967
w25_00002287,bits,C:\Users\ADMIN\Desktop\ds-fall\data\raw\Dataset\adl\user36\user36_adl11.csv,C:\Users\ADMIN\Desktop\ds-fall\data\raw\Dataset,user36,user36_adl11,adl11,nearly_sitting_and_getting_up,nearly_sitting_and_getting_up,0,none,False,24,74,0.96,2.96,25.0,50,12,"ax,ay,az,gx,gy,gz,acc_mag,gyro_mag,jerk,roll,pitch,tilt_delta",20.0,25.0,uniform_20hz_time_interpolation_to_25hz,adl_sliding_capped,570,712,,,dataset_unit_map,wrist,bits,m/s^2,rad/s,m/s^2,rad/s,1.0,1.0,True,test,non_fall,non_fall,4.357750924555148e-07,none,backward,0.9891574382781982
w25_00002288,bits,C:\Users\ADMIN\Desktop\ds-fall\data\raw\Dataset\adl\user36\user36_adl11.csv,C:\Users\ADMIN\Desktop\ds-fall\data\raw\Dataset,user36,user36_adl11,adl11,nearly_sitting_and_getting_up,nearly_sitting_and_getting_up,0,none,False,36,86,1.44,3.44,25.0,50,12,"ax,ay,az,gx,gy,gz,acc_mag,gyro_mag,jerk,roll,pitch,tilt_delta",20.0,25.0,uniform_20hz_time_interpolation_to_25hz,adl_sliding_capped,570,712,,,dataset_unit_map,wrist,bits,m/s^2,rad/s,m/s^2,rad/s,1.0,1.0,True,test,non_fall,non_fall,2.5786887363210553e-06,none,backward,0.9161916971206665
w25_00002289,bits,C:\Users\ADMIN\Desktop\ds-fall\data\raw\Dataset\adl\user36\user36_adl11.csv,C:\Users\ADMIN\Desktop\ds-fall\data\raw\Dataset,user36,user36_adl11,adl11,nearly_sitting_and_getting_up,nearly_sitting_and_getting_up,0,none,False,48,98,1.92,3.92,25.0,50,12,"ax,ay,az,gx,gy,gz,acc_mag,gyro_mag,jerk,roll,pitch,tilt_delta",20.0,25.0,uniform_20hz_time_interpolation_to_25hz,adl_sliding_capped,570,712,,,dataset_unit_map,wrist,bits,m/s^2,rad/s,m/s^2,rad/s,1.0,1.0,True,test,non_fall,non_fall,1.9587002952903276e-06,none,forward,0.6342588067054749
w25_00002290,bits,C:\Users\ADMIN\Desktop\ds-fall\data\raw\Dataset\adl\user36\user36_adl12.csv,C:\Users\ADMIN\Desktop\ds-fall\data\raw\Dataset,user36,user36_adl12,adl12,swinging_hands,swinging_hands,0,none,False,0,50,0.0,2.0,25.0,50,12,"ax,ay,az,gx,gy,gz,acc_mag,gyro_mag,jerk,roll,pitch,tilt_delta",20.0,25.0,uniform_20hz_time_interpolation_to_25hz,adl_sliding_capped,481,601,,,dataset_unit_map,wrist,bits,m/s^2,rad/s,m/s^2,rad/s,1.0,1.0,True,test,non_fall,non_fall,1.3524427799893601e-07,none,backward,0.6776484847068787
w25_00002291,bits,C:\Users\ADMIN\Desktop\ds-fall\data\raw\Dataset\adl\user36\user36_adl12.csv,C:\Users\ADMIN\Desktop\ds-fall\data\raw\Dataset,user36,user36_adl12,adl12,swinging_hands,swinging_hands,0,none,False,12,62,0.48,2.48,25.0,50,12,"ax,ay,az,gx,gy,gz,acc_mag,gyro_mag,jerk,roll,pitch,tilt_delta",20.0,25.0,uniform_20hz_time_interpolation_to_25hz,adl_sliding_capped,481,601,,,dataset_unit_map,wrist,bits,m/s^2,rad/s,m/s^2,rad/s,1.0,1.0,True,test,non_fall,non_fall,4.664246660013305e-07,none,lateral,0.9999891519546509
w25_00002292,bits,C:\Users\ADMIN\Desktop\ds-fall\data\raw\Dataset\adl\user36\user36_adl12.csv,C:\Users\ADMIN\Desktop\ds-fall\data\raw\Dataset,user36,user36_adl12,adl12,swinging_hands,swinging_hands,0,none,False,24,74,0.96,2.96,25.0,50,12,"ax,ay,az,gx,gy,gz,acc_mag,gyro_mag,jerk,roll,pitch,tilt_delta",20.0,25.0,uniform_20hz_time_interpolation_to_25hz,adl_sliding_capped,481,601,,,dataset_unit_map,wrist,bits,m/s^2,rad/s,m/s^2,rad/s,1.0,1.0,True,test,non_fall,non_fall,1.631685449865472e-06,none,lateral,0.9999997615814209
w25_00002293,bits,C:\Users\ADMIN\Desktop\ds-fall\data\raw\Dataset\adl\user36\user36_adl12.csv,C:\Users\ADMIN\Desktop\ds-fall\data\raw\Dataset,user36,user36_adl12,adl12,swinging_hands,swinging_hands,0,none,False,36,86,1.44,3.44,25.0,50,12,"ax,ay,az,gx,gy,gz,acc_mag,gyro_mag,jerk,roll,pitch,tilt_delta",20.0,25.0,uniform_20hz_time_interpolation_to_25hz,adl_sliding_capped,481,601,,,dataset_unit_map,wrist,bits,m/s^2,rad/s,m/s^2,rad/s,1.0,1.0,True,test,non_fall,non_fall,1.0600948371575214e-05,none,lateral,0.9999934434890747
w25_00002294,bits,C:\Users\ADMIN\Desktop\ds-fall\data\raw\Dataset\adl\user36\user36_adl12.csv,C:\Users\ADMIN\Desktop\ds-fall\data\raw\Dataset,user36,user36_adl12,adl12,swinging_hands,swinging_hands,0,none,False,48,98,1.92,3.92,25.0,50,12,"ax,ay,az,gx,gy,gz,acc_mag,gyro_mag,jerk,roll,pitch,tilt_delta",20.0,25.0,uniform_20hz_time_interpolation_to_25hz,adl_sliding_capped,481,601,,,dataset_unit_map,wrist,bits,m/s^2,rad/s,m/s^2,rad/s,1.0,1.0,True,test,non_fall,non_fall,4.2675466715991206e-07,none,lateral,0.9995885491371155
w25_00002295,bits,C:\Users\ADMIN\Desktop\ds-fall\data\raw\Dataset\adl\user36\user36_adl13.csv,C:\Users\ADMIN\Desktop\ds-fall\data\raw\Dataset,user36,user36_adl13,adl13,lying_on_bed,lying_on_bed,0,none,False,0,50,0.0,2.0,25.0,50,12,"ax,ay,az,gx,gy,gz,acc_mag,gyro_mag,jerk,roll,pitch,tilt_delta",20.0,25.0,uniform_20hz_time_interpolation_to_25hz,adl_sliding_capped,250,312,,,dataset_unit_map,wrist,bits,m/s^2,rad/s,m/s^2,rad/s,1.0,1.0,True,test,non_fall,non_fall,7.139076956264034e-07,none,backward,0.7518122792243958
w25_00002296,bits,C:\Users\ADMIN\Desktop\ds-fall\data\raw\Dataset\adl\user36\user36_adl13.csv,C:\Users\ADMIN\Desktop\ds-fall\data\raw\Dataset,user36,user36_adl13,adl13,lying_on_bed,lying_on_bed,0,none,False,12,62,0.48,2.48,25.0,50,12,"ax,ay,az,gx,gy,gz,acc_mag,gyro_mag,jerk,roll,pitch,tilt_delta",20.0,25.0,uniform_20hz_time_interpolation_to_25hz,adl_sliding_capped,250,312,,,dataset_unit_map,wrist,bits,m/s^2,rad/s,m/s^2,rad/s,1.0,1.0,True,test,non_fall,non_fall,2.4623741978757607e-07,none,backward,0.7359412908554077
w25_00002297,bits,C:\Users\ADMIN\Desktop\ds-fall\data\raw\Dataset\adl\user36\user36_adl13.csv,C:\Users\ADMIN\Desktop\ds-fall\data\raw\Dataset,user36,user36_adl13,adl13,lying_on_bed,lying_on_bed,0,none,False,24,74,0.96,2.96,25.0,50,12,"ax,ay,az,gx,gy,gz,acc_mag,gyro_mag,jerk,roll,pitch,tilt_delta",20.0,25.0,uniform_20hz_time_interpolation_to_25hz,adl_sliding_capped,250,312,,,dataset_unit_map,wrist,bits,m/s^2,rad/s,m/s^2,rad/s,1.0,1.0,True,test,non_fall,non_fall,2.532890341910843e-08,none,backward,0.6915067434310913
w25_00002298,bits,C:\Users\ADMIN\Desktop\ds-fall\data\raw\Dataset\adl\user36\user36_adl13.csv,C:\Users\ADMIN\Desktop\ds-fall\data\raw\Dataset,user36,user36_adl13,adl13,lying_on_bed,lying_on_bed,0,none,False,36,86,1.44,3.44,25.0,50,12,"ax,ay,az,gx,gy,gz,acc_mag,gyro_mag,jerk,roll,pitch,tilt_delta",20.0,25.0,uniform_20hz_time_interpolation_to_25hz,adl_sliding_capped,250,312,,,dataset_unit_map,wrist,bits,m/s^2,rad/s,m/s^2,rad/s,1.0,1.0,True,test,non_fall,non_fall,2.2120389076007996e-08,none,backward,0.6814576387405396
w25_00002299,bits,C:\Users\ADMIN\Desktop\ds-fall\data\raw\Dataset\adl\user36\user36_adl13.csv,C:\Users\ADMIN\Desktop\ds-fall\data\raw\Dataset,user36,user36_adl13,adl13,lying_on_bed,lying_on_bed,0,none,False,48,98,1.92,3.92,25.0,50,12,"ax,ay,az,gx,gy,gz,acc_mag,gyro_mag,jerk,roll,pitch,tilt_delta",20.0,25.0,uniform_20hz_time_interpolation_to_25hz,adl_sliding_capped,250,312,,,dataset_unit_map,wrist,bits,m/s^2,rad/s,m/s^2,rad/s,1.0,1.0,True,test,non_fall,non_fall,2.8415547248528128e-08,none,backward,0.6260940432548523
w25_00002300,bits,C:\Users\ADMIN\Desktop\ds-fall\data\raw\Dataset\adl\user36\user36_adl14.csv,C:\Users\ADMIN\Desktop\ds-fall\data\raw\Dataset,user36,user36_adl14,adl14,lying_on_back_getting_up_slowly,lying_on_back_getting_up_slowly,0,none,False,0,50,0.0,2.0,25.0,50,12,"ax,ay,az,gx,gy,gz,acc_mag,gyro_mag,jerk,roll,pitch,tilt_delta",20.0,25.0,uniform_20hz_time_interpolation_to_25hz,adl_sliding_capped,718,897,,,dataset_unit_map,wrist,bits,m/s^2,rad/s,m/s^2,rad/s,1.0,1.0,True,test,non_fall,non_fall,7.921490130513575e-09,none,backward,0.5538762211799622
w25_00002301,bits,C:\Users\ADMIN\Desktop\ds-fall\data\raw\Dataset\adl\user36\user36_adl14.csv,C:\Users\ADMIN\Desktop\ds-fall\data\raw\Dataset,user36,user36_adl14,adl14,lying_on_back_getting_up_slowly,lying_on_back_getting_up_slowly,0,none,False,12,62,0.48,2.48,25.0,50,12,"ax,ay,az,gx,gy,gz,acc_mag,gyro_mag,jerk,roll,pitch,tilt_delta",20.0,25.0,uniform_20hz_time_interpolation_to_25hz,adl_sliding_capped,718,897,,,dataset_unit_map,wrist,bits,m/s^2,rad/s,m/s^2,rad/s,1.0,1.0,True,test,non_fall,non_fall,8.807444551450772e-09,none,backward,0.5618446469306946
w25_00002302,bits,C:\Users\ADMIN\Desktop\ds-fall\data\raw\Dataset\adl\user36\user36_adl14.csv,C:\Users\ADMIN\Desktop\ds-fall\data\raw\Dataset,user36,user36_adl14,adl14,lying_on_back_getting_up_slowly,lying_on_back_getting_up_slowly,0,none,False,24,74,0.96,2.96,25.0,50,12,"ax,ay,az,gx,gy,gz,acc_mag,gyro_mag,jerk,roll,pitch,tilt_delta",20.0,25.0,uniform_20hz_time_interpolation_to_25hz,adl_sliding_capped,718,897,,,dataset_unit_map,wrist,bits,m/s^2,rad/s,m/s^2,rad/s,1.0,1.0,True,test,non_fall,non_fall,9.005410639417732e-09,none,backward,0.5397877097129822
w25_00002303,bits,C:\Users\ADMIN\Desktop\ds-fall\data\raw\Dataset\adl\user36\user36_adl14.csv,C:\Users\ADMIN\Desktop\ds-fall\data\raw\Dataset,user36,user36_adl14,adl14,lying_on_back_getting_up_slowly,lying_on_back_getting_up_slowly,0,none,False,36,86,1.44,3.44,25.0,50,12,"ax,ay,az,gx,gy,gz,acc_mag,gyro_mag,jerk,roll,pitch,tilt_delta",20.0,25.0,uniform_20hz_time_interpolation_to_25hz,adl_sliding_capped,718,897,,,dataset_unit_map,wrist,bits,m/s^2,rad/s,m/s^2,rad/s,1.0,1.0,True,test,non_fall,non_fall,9.276293511106815e-09,none,backward,0.5236028432846069
w25_00002304,bits,C:\Users\ADMIN\Desktop\ds-fall\data\raw\Dataset\adl\user36\user36_adl14.csv,C:\Users\ADMIN\Desktop\ds-fall\data\raw\Dataset,user36,user36_adl14,adl14,lying_on_back_getting_up_slowly,lying_on_back_getting_up_slowly,0,none,False,48,98,1.92,3.92,25.0,50,12,"ax,ay,az,gx,gy,gz,acc_mag,gyro_mag,jerk,roll,pitch,tilt_delta",20.0,25.0,uniform_20hz_time_interpolation_to_25hz,adl_sliding_capped,718,897,,,dataset_unit_map,wrist,bits,m/s^2,rad/s,m/s^2,rad/s,1.0,1.0,True,test,non_fall,non_fall,7.795466494542325e-09,none,backward,0.5021277070045471
w25_00002305,bits,C:\Users\ADMIN\Desktop\ds-fall\data\raw\Dataset\adl\user36\user36_adl15.csv,C:\Users\ADMIN\Desktop\ds-fall\data\raw\Dataset,user36,user36_adl15,adl15,lying_on_back_getting_up_normally,lying_on_back_getting_up_normally,0,none,False,0,50,0.0,2.0,25.0,50,12,"ax,ay,az,gx,gy,gz,acc_mag,gyro_mag,jerk,roll,pitch,tilt_delta",20.0,25.0,uniform_20hz_time_interpolation_to_25hz,adl_sliding_capped,570,712,,,dataset_unit_map,wrist,bits,m/s^2,rad/s,m/s^2,rad/s,1.0,1.0,True,test,non_fall,non_fall,1.860152951849159e-05,none,lateral,0.9920201897621155
w25_00002306,bits,C:\Users\ADMIN\Desktop\ds-fall\data\raw\Dataset\adl\user36\user36_adl15.csv,C:\Users\ADMIN\Desktop\ds-fall\data\raw\Dataset,user36,user36_adl15,adl15,lying_on_back_getting_up_normally,lying_on_back_getting_up_normally,0,none,False,12,62,0.48,2.48,25.0,50,12,"ax,ay,az,gx,gy,gz,acc_mag,gyro_mag,jerk,roll,pitch,tilt_delta",20.0,25.0,uniform_20hz_time_interpolation_to_25hz,adl_sliding_capped,570,712,,,dataset_unit_map,wrist,bits,m/s^2,rad/s,m/s^2,rad/s,1.0,1.0,True,test,non_fall,non_fall,2.3564885850646533e-05,none,lateral,0.9891207218170166
w25_00002307,bits,C:\Users\ADMIN\Desktop\ds-fall\data\raw\Dataset\adl\user36\user36_adl15.csv,C:\Users\ADMIN\Desktop\ds-fall\data\raw\Dataset,user36,user36_adl15,adl15,lying_on_back_getting_up_normally,lying_on_back_getting_up_normally,0,none,False,24,74,0.96,2.96,25.0,50,12,"ax,ay,az,gx,gy,gz,acc_mag,gyro_mag,jerk,roll,pitch,tilt_delta",20.0,25.0,uniform_20hz_time_interpolation_to_25hz,adl_sliding_capped,570,712,,,dataset_unit_map,wrist,bits,m/s^2,rad/s,m/s^2,rad/s,1.0,1.0,True,test,non_fall,non_fall,2.3605418391525745e-05,none,lateral,0.9885486364364624
w25_00002308,bits,C:\Users\ADMIN\Desktop\ds-fall\data\raw\Dataset\adl\user36\user36_adl15.csv,C:\Users\ADMIN\Desktop\ds-fall\data\raw\Dataset,user36,user36_adl15,adl15,lying_on_back_getting_up_normally,lying_on_back_getting_up_normally,0,none,False,36,86,1.44,3.44,25.0,50,12,"ax,ay,az,gx,gy,gz,acc_mag,gyro_mag,jerk,roll,pitch,tilt_delta",20.0,25.0,uniform_20hz_time_interpolation_to_25hz,adl_sliding_capped,570,712,,,dataset_unit_map,wrist,bits,m/s^2,rad/s,m/s^2,rad/s,1.0,1.0,True,test,non_fall,non_fall,1.8185852241003886e-05,none,lateral,0.9917422533035278
w25_00002309,bits,C:\Users\ADMIN\Desktop\ds-fall\data\raw\Dataset\adl\user36\user36_adl15.csv,C:\Users\ADMIN\Desktop\ds-fall\data\raw\Dataset,user36,user36_adl15,adl15,lying_on_back_getting_up_normally,lying_on_back_getting_up_normally,0,none,False,48,98,1.92,3.92,25.0,50,12,"ax,ay,az,gx,gy,gz,acc_mag,gyro_mag,jerk,roll,pitch,tilt_delta",20.0,25.0,uniform_20hz_time_interpolation_to_25hz,adl_sliding_capped,570,712,,,dataset_unit_map,wrist,bits,m/s^2,rad/s,m/s^2,rad/s,1.0,1.0,True,test,non_fall,non_fall,2.6845515094464645e-05,none,lateral,0.9895890951156616
w25_00002310,bits,C:\Users\ADMIN\Desktop\ds-fall\data\raw\Dataset\adl\user36\user36_adl16.csv,C:\Users\ADMIN\Desktop\ds-fall\data\raw\Dataset,user36,user36_adl16,adl16,lying_sideways_to_back,lying_sideways_to_back,0,none,False,0,50,0.0,2.0,25.0,50,12,"ax,ay,az,gx,gy,gz,acc_mag,gyro_mag,jerk,roll,pitch,tilt_delta",20.0,25.0,uniform_20hz_time_interpolation_to_25hz,adl_sliding_capped,251,313,,,dataset_unit_map,wrist,bits,m/s^2,rad/s,m/s^2,rad/s,1.0,1.0,True,test,non_fall,non_fall,1.4366911216256995e-08,none,backward,1.0
w25_00002311,bits,C:\Users\ADMIN\Desktop\ds-fall\data\raw\Dataset\adl\user36\user36_adl16.csv,C:\Users\ADMIN\Desktop\ds-fall\data\raw\Dataset,user36,user36_adl16,adl16,lying_sideways_to_back,lying_sideways_to_back,0,none,False,12,62,0.48,2.48,25.0,50,12,"ax,ay,az,gx,gy,gz,acc_mag,gyro_mag,jerk,roll,pitch,tilt_delta",20.0,25.0,uniform_20hz_time_interpolation_to_25hz,adl_sliding_capped,251,313,,,dataset_unit_map,wrist,bits,m/s^2,rad/s,m/s^2,rad/s,1.0,1.0,True,test,non_fall,non_fall,1.4191463115764691e-08,none,backward,1.0
w25_00002312,bits,C:\Users\ADMIN\Desktop\ds-fall\data\raw\Dataset\adl\user36\user36_adl16.csv,C:\Users\ADMIN\Desktop\ds-fall\data\raw\Dataset,user36,user36_adl16,adl16,lying_sideways_to_back,lying_sideways_to_back,0,none,False,24,74,0.96,2.96,25.0,50,12,"ax,ay,az,gx,gy,gz,acc_mag,gyro_mag,jerk,roll,pitch,tilt_delta",20.0,25.0,uniform_20hz_time_interpolation_to_25hz,adl_sliding_capped,251,313,,,dataset_unit_map,wrist,bits,m/s^2,rad/s,m/s^2,rad/s,1.0,1.0,True,test,non_fall,non_fall,1.3448692826045772e-08,none,backward,1.0
w25_00002313,bits,C:\Users\ADMIN\Desktop\ds-fall\data\raw\Dataset\adl\user36\user36_adl16.csv,C:\Users\ADMIN\Desktop\ds-fall\data\raw\Dataset,user36,user36_adl16,adl16,lying_sideways_to_back,lying_sideways_to_back,0,none,False,36,86,1.44,3.44,25.0,50,12,"ax,ay,az,gx,gy,gz,acc_mag,gyro_mag,jerk,roll,pitch,tilt_delta",20.0,25.0,uniform_20hz_time_interpolation_to_25hz,adl_sliding_capped,251,313,,,dataset_unit_map,wrist,bits,m/s^2,rad/s,m/s^2,rad/s,1.0,1.0,True,test,non_fall,non_fall,1.3937588860812866e-08,none,backward,1.0
w25_00002314,bits,C:\Users\ADMIN\Desktop\ds-fall\data\raw\Dataset\adl\user36\user36_adl16.csv,C:\Users\ADMIN\Desktop\ds-fall\data\raw\Dataset,user36,user36_adl16,adl16,lying_sideways_to_back,lying_sideways_to_back,0,none,False,48,98,1.92,3.92,25.0,50,12,"ax,ay,az,gx,gy,gz,acc_mag,gyro_mag,jerk,roll,pitch,tilt_delta",20.0,25.0,uniform_20hz_time_interpolation_to_25hz,adl_sliding_capped,251,313,,,dataset_unit_map,wrist,bits,m/s^2,rad/s,m/s^2,rad/s,1.0,1.0,True,test,non_fall,non_fall,1.4309589957406388e-08,none,backward,1.0
w25_00002315,bits,C:\Users\ADMIN\Desktop\ds-fall\data\raw\Dataset\adl\user36\user36_adl2.csv,C:\Users\ADMIN\Desktop\ds-fall\data\raw\Dataset,user36,user36_adl2,adl2,walking_quickly,walking_quickly,0,none,False,0,50,0.0,2.0,25.0,50,12,"ax,ay,az,gx,gy,gz,acc_mag,gyro_mag,jerk,roll,pitch,tilt_delta",20.0,25.0,uniform_20hz_time_interpolation_to_25hz,adl_sliding_capped,217,271,,,dataset_unit_map,wrist,bits,m/s^2,rad/s,m/s^2,rad/s,1.0,1.0,True,test,non_fall,non_fall,2.4593612124590436e-06,none,forward,0.9957495927810669
w25_00002316,bits,C:\Users\ADMIN\Desktop\ds-fall\data\raw\Dataset\adl\user36\user36_adl2.csv,C:\Users\ADMIN\Desktop\ds-fall\data\raw\Dataset,user36,user36_adl2,adl2,walking_quickly,walking_quickly,0,none,False,12,62,0.48,2.48,25.0,50,12,"ax,ay,az,gx,gy,gz,acc_mag,gyro_mag,jerk,roll,pitch,tilt_delta",20.0,25.0,uniform_20hz_time_interpolation_to_25hz,adl_sliding_capped,217,271,,,dataset_unit_map,wrist,bits,m/s^2,rad/s,m/s^2,rad/s,1.0,1.0,True,test,non_fall,non_fall,1.9794882177848194e-08,none,forward,0.9952528476715088
w25_00002317,bits,C:\Users\ADMIN\Desktop\ds-fall\data\raw\Dataset\adl\user36\user36_adl2.csv,C:\Users\ADMIN\Desktop\ds-fall\data\raw\Dataset,user36,user36_adl2,adl2,walking_quickly,walking_quickly,0,none,False,24,74,0.96,2.96,25.0,50,12,"ax,ay,az,gx,gy,gz,acc_mag,gyro_mag,jerk,roll,pitch,tilt_delta",20.0,25.0,uniform_20hz_time_interpolation_to_25hz,adl_sliding_capped,217,271,,,dataset_unit_map,wrist,bits,m/s^2,rad/s,m/s^2,rad/s,1.0,1.0,True,test,non_fall,non_fall,8.289118724746913e-09,none,forward,0.9707741737365723
w25_00002318,bits,C:\Users\ADMIN\Desktop\ds-fall\data\raw\Dataset\adl\user36\user36_adl2.csv,C:\Users\ADMIN\Desktop\ds-fall\data\raw\Dataset,user36,user36_adl2,adl2,walking_quickly,walking_quickly,0,none,False,36,86,1.44,3.44,25.0,50,12,"ax,ay,az,gx,gy,gz,acc_mag,gyro_mag,jerk,roll,pitch,tilt_delta",20.0,25.0,uniform_20hz_time_interpolation_to_25hz,adl_sliding_capped,217,271,,,dataset_unit_map,wrist,bits,m/s^2,rad/s,m/s^2,rad/s,1.0,1.0,True,test,non_fall,non_fall,7.624694653429742e-09,none,backward,0.8387599587440491
w25_00002319,bits,C:\Users\ADMIN\Desktop\ds-fall\data\raw\Dataset\adl\user36\user36_adl2.csv,C:\Users\ADMIN\Desktop\ds-fall\data\raw\Dataset,user36,user36_adl2,adl2,walking_quickly,walking_quickly,0,none,False,48,98,1.92,3.92,25.0,50,12,"ax,ay,az,gx,gy,gz,acc_mag,gyro_mag,jerk,roll,pitch,tilt_delta",20.0,25.0,uniform_20hz_time_interpolation_to_25hz,adl_sliding_capped,217,271,,,dataset_unit_map,wrist,bits,m/s^2,rad/s,m/s^2,rad/s,1.0,1.0,True,test,non_fall,non_fall,7.401322221767259e-09,none,backward,0.9592549800872803
w25_00002320,bits,C:\Users\ADMIN\Desktop\ds-fall\data\raw\Dataset\adl\user36\user36_adl3.csv,C:\Users\ADMIN\Desktop\ds-fall\data\raw\Dataset,user36,user36_adl3,adl3,jogging,jogging,0,none,False,0,50,0.0,2.0,25.0,50,12,"ax,ay,az,gx,gy,gz,acc_mag,gyro_mag,jerk,roll,pitch,tilt_delta",20.0,25.0,uniform_20hz_time_interpolation_to_25hz,adl_sliding_capped,3913,4891,,,dataset_unit_map,wrist,bits,m/s^2,rad/s,m/s^2,rad/s,1.0,1.0,True,test,non_fall,non_fall,0.00025920296320691705,none,lateral,0.9998959302902222
w25_00002321,bits,C:\Users\ADMIN\Desktop\ds-fall\data\raw\Dataset\adl\user36\user36_adl3.csv,C:\Users\ADMIN\Desktop\ds-fall\data\raw\Dataset,user36,user36_adl3,adl3,jogging,jogging,0,none,False,12,62,0.48,2.48,25.0,50,12,"ax,ay,az,gx,gy,gz,acc_mag,gyro_mag,jerk,roll,pitch,tilt_delta",20.0,25.0,uniform_20hz_time_interpolation_to_25hz,adl_sliding_capped,3913,4891,,,dataset_unit_map,wrist,bits,m/s^2,rad/s,m/s^2,rad/s,1.0,1.0,True,test,non_fall,non_fall,6.19922863043243e-11,none,lateral,0.9990298748016357
w25_00002322,bits,C:\Users\ADMIN\Desktop\ds-fall\data\raw\Dataset\adl\user36\user36_adl3.csv,C:\Users\ADMIN\Desktop\ds-fall\data\raw\Dataset,user36,user36_adl3,adl3,jogging,jogging,0,none,False,24,74,0.96,2.96,25.0,50,12,"ax,ay,az,gx,gy,gz,acc_mag,gyro_mag,jerk,roll,pitch,tilt_delta",20.0,25.0,uniform_20hz_time_interpolation_to_25hz,adl_sliding_capped,3913,4891,,,dataset_unit_map,wrist,bits,m/s^2,rad/s,m/s^2,rad/s,1.0,1.0,True,test,non_fall,non_fall,6.127262586197446e-11,none,backward,0.9033626317977905
w25_00002323,bits,C:\Users\ADMIN\Desktop\ds-fall\data\raw\Dataset\adl\user36\user36_adl3.csv,C:\Users\ADMIN\Desktop\ds-fall\data\raw\Dataset,user36,user36_adl3,adl3,jogging,jogging,0,none,False,36,86,1.44,3.44,25.0,50,12,"ax,ay,az,gx,gy,gz,acc_mag,gyro_mag,jerk,roll,pitch,tilt_delta",20.0,25.0,uniform_20hz_time_interpolation_to_25hz,adl_sliding_capped,3913,4891,,,dataset_unit_map,wrist,bits,m/s^2,rad/s,m/s^2,rad/s,1.0,1.0,True,test,non_fall,non_fall,3.552995453404151e-09,none,backward,0.9982524514198303
w25_00002324,bits,C:\Users\ADMIN\Desktop\ds-fall\data\raw\Dataset\adl\user36\user36_adl3.csv,C:\Users\ADMIN\Desktop\ds-fall\data\raw\Dataset,user36,user36_adl3,adl3,jogging,jogging,0,none,False,48,98,1.92,3.92,25.0,50,12,"ax,ay,az,gx,gy,gz,acc_mag,gyro_mag,jerk,roll,pitch,tilt_delta",20.0,25.0,uniform_20hz_time_interpolation_to_25hz,adl_sliding_capped,3913,4891,,,dataset_unit_map,wrist,bits,m/s^2,rad/s,m/s^2,rad/s,1.0,1.0,True,test,non_fall,non_fall,1.9889421665197915e-08,none,lateral,0.9948605895042419
w25_00002325,bits,C:\Users\ADMIN\Desktop\ds-fall\data\raw\Dataset\adl\user36\user36_adl4.csv,C:\Users\ADMIN\Desktop\ds-fall\data\raw\Dataset,user36,user36_adl4,adl4,jumping,jumping,0,none,False,0,50,0.0,2.0,25.0,50,12,"ax,ay,az,gx,gy,gz,acc_mag,gyro_mag,jerk,roll,pitch,tilt_delta",20.0,25.0,uniform_20hz_time_interpolation_to_25hz,adl_sliding_capped,1266,1582,,,dataset_unit_map,wrist,bits,m/s^2,rad/s,m/s^2,rad/s,1.0,1.0,True,test,non_fall,non_fall,1.8723408601317715e-08,none,backward,0.9800239205360413
w25_00002326,bits,C:\Users\ADMIN\Desktop\ds-fall\data\raw\Dataset\adl\user36\user36_adl4.csv,C:\Users\ADMIN\Desktop\ds-fall\data\raw\Dataset,user36,user36_adl4,adl4,jumping,jumping,0,none,False,12,62,0.48,2.48,25.0,50,12,"ax,ay,az,gx,gy,gz,acc_mag,gyro_mag,jerk,roll,pitch,tilt_delta",20.0,25.0,uniform_20hz_time_interpolation_to_25hz,adl_sliding_capped,1266,1582,,,dataset_unit_map,wrist,bits,m/s^2,rad/s,m/s^2,rad/s,1.0,1.0,True,test,non_fall,non_fall,1.098116708675434e-09,none,backward,0.9999622106552124
w25_00002327,bits,C:\Users\ADMIN\Desktop\ds-fall\data\raw\Dataset\adl\user36\user36_adl4.csv,C:\Users\ADMIN\Desktop\ds-fall\data\raw\Dataset,user36,user36_adl4,adl4,jumping,jumping,0,none,False,24,74,0.96,2.96,25.0,50,12,"ax,ay,az,gx,gy,gz,acc_mag,gyro_mag,jerk,roll,pitch,tilt_delta",20.0,25.0,uniform_20hz_time_interpolation_to_25hz,adl_sliding_capped,1266,1582,,,dataset_unit_map,wrist,bits,m/s^2,rad/s,m/s^2,rad/s,1.0,1.0,True,test,non_fall,non_fall,3.3513575914412286e-08,none,backward,0.9706282615661621
w25_00002328,bits,C:\Users\ADMIN\Desktop\ds-fall\data\raw\Dataset\adl\user36\user36_adl4.csv,C:\Users\ADMIN\Desktop\ds-fall\data\raw\Dataset,user36,user36_adl4,adl4,jumping,jumping,0,none,False,36,86,1.44,3.44,25.0,50,12,"ax,ay,az,gx,gy,gz,acc_mag,gyro_mag,jerk,roll,pitch,tilt_delta",20.0,25.0,uniform_20hz_time_interpolation_to_25hz,adl_sliding_capped,1266,1582,,,dataset_unit_map,wrist,bits,m/s^2,rad/s,m/s^2,rad/s,1.0,1.0,True,test,non_fall,non_fall,2.1540479338000296e-06,none,lateral,0.6150262951850891
w25_00002329,bits,C:\Users\ADMIN\Desktop\ds-fall\data\raw\Dataset\adl\user36\user36_adl4.csv,C:\Users\ADMIN\Desktop\ds-fall\data\raw\Dataset,user36,user36_adl4,adl4,jumping,jumping,0,none,False,48,98,1.92,3.92,25.0,50,12,"ax,ay,az,gx,gy,gz,acc_mag,gyro_mag,jerk,roll,pitch,tilt_delta",20.0,25.0,uniform_20hz_time_interpolation_to_25hz,adl_sliding_capped,1266,1582,,,dataset_unit_map,wrist,bits,m/s^2,rad/s,m/s^2,rad/s,1.0,1.0,True,test,non_fall,non_fall,6.477035867646919e-07,none,lateral,0.995140552520752
w25_00002330,bits,C:\Users\ADMIN\Desktop\ds-fall\data\raw\Dataset\adl\user36\user36_adl5.csv,C:\Users\ADMIN\Desktop\ds-fall\data\raw\Dataset,user36,user36_adl5,adl5,climbing_up_slowly,climbing_up_slowly,0,none,False,0,50,0.0,2.0,25.0,50,12,"ax,ay,az,gx,gy,gz,acc_mag,gyro_mag,jerk,roll,pitch,tilt_delta",20.0,25.0,uniform_20hz_time_interpolation_to_25hz,adl_sliding_capped,209,261,,,dataset_unit_map,wrist,bits,m/s^2,rad/s,m/s^2,rad/s,1.0,1.0,True,test,non_fall,non_fall,1.8706725768424803e-07,none,backward,0.9307101368904114
w25_00002331,bits,C:\Users\ADMIN\Desktop\ds-fall\data\raw\Dataset\adl\user36\user36_adl5.csv,C:\Users\ADMIN\Desktop\ds-fall\data\raw\Dataset,user36,user36_adl5,adl5,climbing_up_slowly,climbing_up_slowly,0,none,False,12,62,0.48,2.48,25.0,50,12,"ax,ay,az,gx,gy,gz,acc_mag,gyro_mag,jerk,roll,pitch,tilt_delta",20.0,25.0,uniform_20hz_time_interpolation_to_25hz,adl_sliding_capped,209,261,,,dataset_unit_map,wrist,bits,m/s^2,rad/s,m/s^2,rad/s,1.0,1.0,True,test,non_fall,non_fall,6.52631655384539e-08,none,backward,0.9277441501617432
w25_00002332,bits,C:\Users\ADMIN\Desktop\ds-fall\data\raw\Dataset\adl\user36\user36_adl5.csv,C:\Users\ADMIN\Desktop\ds-fall\data\raw\Dataset,user36,user36_adl5,adl5,climbing_up_slowly,climbing_up_slowly,0,none,False,24,74,0.96,2.96,25.0,50,12,"ax,ay,az,gx,gy,gz,acc_mag,gyro_mag,jerk,roll,pitch,tilt_delta",20.0,25.0,uniform_20hz_time_interpolation_to_25hz,adl_sliding_capped,209,261,,,dataset_unit_map,wrist,bits,m/s^2,rad/s,m/s^2,rad/s,1.0,1.0,True,test,non_fall,non_fall,7.658264422616412e-08,none,backward,0.5110402703285217
w25_00002333,bits,C:\Users\ADMIN\Desktop\ds-fall\data\raw\Dataset\adl\user36\user36_adl5.csv,C:\Users\ADMIN\Desktop\ds-fall\data\raw\Dataset,user36,user36_adl5,adl5,climbing_up_slowly,climbing_up_slowly,0,none,False,36,86,1.44,3.44,25.0,50,12,"ax,ay,az,gx,gy,gz,acc_mag,gyro_mag,jerk,roll,pitch,tilt_delta",20.0,25.0,uniform_20hz_time_interpolation_to_25hz,adl_sliding_capped,209,261,,,dataset_unit_map,wrist,bits,m/s^2,rad/s,m/s^2,rad/s,1.0,1.0,True,test,non_fall,non_fall,2.4248714680652483e-07,none,lateral,0.6771376132965088
w25_00002334,bits,C:\Users\ADMIN\Desktop\ds-fall\data\raw\Dataset\adl\user36\user36_adl5.csv,C:\Users\ADMIN\Desktop\ds-fall\data\raw\Dataset,user36,user36_adl5,adl5,climbing_up_slowly,climbing_up_slowly,0,none,False,48,98,1.92,3.92,25.0,50,12,"ax,ay,az,gx,gy,gz,acc_mag,gyro_mag,jerk,roll,pitch,tilt_delta",20.0,25.0,uniform_20hz_time_interpolation_to_25hz,adl_sliding_capped,209,261,,,dataset_unit_map,wrist,bits,m/s^2,rad/s,m/s^2,rad/s,1.0,1.0,True,test,non_fall,non_fall,6.844701374575379e-07,none,forward,0.9355924725532532
w25_00002335,bits,C:\Users\ADMIN\Desktop\ds-fall\data\raw\Dataset\adl\user36\user36_adl6.csv,C:\Users\ADMIN\Desktop\ds-fall\data\raw\Dataset,user36,user36_adl6,adl6,climbing_down_slowly,climbing_down_slowly,0,none,False,0,50,0.0,2.0,25.0,50,12,"ax,ay,az,gx,gy,gz,acc_mag,gyro_mag,jerk,roll,pitch,tilt_delta",20.0,25.0,uniform_20hz_time_interpolation_to_25hz,adl_sliding_capped,173,216,,,dataset_unit_map,wrist,bits,m/s^2,rad/s,m/s^2,rad/s,1.0,1.0,True,test,non_fall,non_fall,7.598797679975178e-08,none,forward,0.9834279417991638
w25_00002336,bits,C:\Users\ADMIN\Desktop\ds-fall\data\raw\Dataset\adl\user36\user36_adl6.csv,C:\Users\ADMIN\Desktop\ds-fall\data\raw\Dataset,user36,user36_adl6,adl6,climbing_down_slowly,climbing_down_slowly,0,none,False,12,62,0.48,2.48,25.0,50,12,"ax,ay,az,gx,gy,gz,acc_mag,gyro_mag,jerk,roll,pitch,tilt_delta",20.0,25.0,uniform_20hz_time_interpolation_to_25hz,adl_sliding_capped,173,216,,,dataset_unit_map,wrist,bits,m/s^2,rad/s,m/s^2,rad/s,1.0,1.0,True,test,non_fall,non_fall,3.394202110484912e-07,none,forward,0.991107165813446
w25_00002337,bits,C:\Users\ADMIN\Desktop\ds-fall\data\raw\Dataset\adl\user36\user36_adl6.csv,C:\Users\ADMIN\Desktop\ds-fall\data\raw\Dataset,user36,user36_adl6,adl6,climbing_down_slowly,climbing_down_slowly,0,none,False,24,74,0.96,2.96,25.0,50,12,"ax,ay,az,gx,gy,gz,acc_mag,gyro_mag,jerk,roll,pitch,tilt_delta",20.0,25.0,uniform_20hz_time_interpolation_to_25hz,adl_sliding_capped,173,216,,,dataset_unit_map,wrist,bits,m/s^2,rad/s,m/s^2,rad/s,1.0,1.0,True,test,non_fall,non_fall,2.873357334465254e-05,none,forward,0.9978739023208618
w25_00002338,bits,C:\Users\ADMIN\Desktop\ds-fall\data\raw\Dataset\adl\user36\user36_adl6.csv,C:\Users\ADMIN\Desktop\ds-fall\data\raw\Dataset,user36,user36_adl6,adl6,climbing_down_slowly,climbing_down_slowly,0,none,False,36,86,1.44,3.44,25.0,50,12,"ax,ay,az,gx,gy,gz,acc_mag,gyro_mag,jerk,roll,pitch,tilt_delta",20.0,25.0,uniform_20hz_time_interpolation_to_25hz,adl_sliding_capped,173,216,,,dataset_unit_map,wrist,bits,m/s^2,rad/s,m/s^2,rad/s,1.0,1.0,True,test,non_fall,non_fall,2.390786448813742e-06,none,forward,0.999603807926178
w25_00002339,bits,C:\Users\ADMIN\Desktop\ds-fall\data\raw\Dataset\adl\user36\user36_adl6.csv,C:\Users\ADMIN\Desktop\ds-fall\data\raw\Dataset,user36,user36_adl6,adl6,climbing_down_slowly,climbing_down_slowly,0,none,False,48,98,1.92,3.92,25.0,50,12,"ax,ay,az,gx,gy,gz,acc_mag,gyro_mag,jerk,roll,pitch,tilt_delta",20.0,25.0,uniform_20hz_time_interpolation_to_25hz,adl_sliding_capped,173,216,,,dataset_unit_map,wrist,bits,m/s^2,rad/s,m/s^2,rad/s,1.0,1.0,True,test,non_fall,non_fall,8.621956658316776e-05,none,forward,0.8050864338874817
w25_00002340,bits,C:\Users\ADMIN\Desktop\ds-fall\data\raw\Dataset\adl\user36\user36_adl7.csv,C:\Users\ADMIN\Desktop\ds-fall\data\raw\Dataset,user36,user36_adl7,adl7,climbing_up_normally,climbing_up_normally,0,none,False,0,50,0.0,2.0,25.0,50,12,"ax,ay,az,gx,gy,gz,acc_mag,gyro_mag,jerk,roll,pitch,tilt_delta",20.0,25.0,uniform_20hz_time_interpolation_to_25hz,adl_sliding_capped,776,969,,,dataset_unit_map,wrist,bits,m/s^2,rad/s,m/s^2,rad/s,1.0,1.0,True,test,non_fall,non_fall,2.233367837334299e-07,none,forward,0.8406870365142822
w25_00002341,bits,C:\Users\ADMIN\Desktop\ds-fall\data\raw\Dataset\adl\user36\user36_adl7.csv,C:\Users\ADMIN\Desktop\ds-fall\data\raw\Dataset,user36,user36_adl7,adl7,climbing_up_normally,climbing_up_normally,0,none,False,12,62,0.48,2.48,25.0,50,12,"ax,ay,az,gx,gy,gz,acc_mag,gyro_mag,jerk,roll,pitch,tilt_delta",20.0,25.0,uniform_20hz_time_interpolation_to_25hz,adl_sliding_capped,776,969,,,dataset_unit_map,wrist,bits,m/s^2,rad/s,m/s^2,rad/s,1.0,1.0,True,test,non_fall,non_fall,1.3894783705836744e-06,none,forward,0.7447070479393005
w25_00002342,bits,C:\Users\ADMIN\Desktop\ds-fall\data\raw\Dataset\adl\user36\user36_adl7.csv,C:\Users\ADMIN\Desktop\ds-fall\data\raw\Dataset,user36,user36_adl7,adl7,climbing_up_normally,climbing_up_normally,0,none,False,24,74,0.96,2.96,25.0,50,12,"ax,ay,az,gx,gy,gz,acc_mag,gyro_mag,jerk,roll,pitch,tilt_delta",20.0,25.0,uniform_20hz_time_interpolation_to_25hz,adl_sliding_capped,776,969,,,dataset_unit_map,wrist,bits,m/s^2,rad/s,m/s^2,rad/s,1.0,1.0,True,test,non_fall,non_fall,1.6817397181512206e-06,none,forward,0.8287991881370544
w25_00002343,bits,C:\Users\ADMIN\Desktop\ds-fall\data\raw\Dataset\adl\user36\user36_adl7.csv,C:\Users\ADMIN\Desktop\ds-fall\data\raw\Dataset,user36,user36_adl7,adl7,climbing_up_normally,climbing_up_normally,0,none,False,36,86,1.44,3.44,25.0,50,12,"ax,ay,az,gx,gy,gz,acc_mag,gyro_mag,jerk,roll,pitch,tilt_delta",20.0,25.0,uniform_20hz_time_interpolation_to_25hz,adl_sliding_capped,776,969,,,dataset_unit_map,wrist,bits,m/s^2,rad/s,m/s^2,rad/s,1.0,1.0,True,test,non_fall,non_fall,9.8331872777635e-07,none,forward,0.7840768694877625
w25_00002344,bits,C:\Users\ADMIN\Desktop\ds-fall\data\raw\Dataset\adl\user36\user36_adl7.csv,C:\Users\ADMIN\Desktop\ds-fall\data\raw\Dataset,user36,user36_adl7,adl7,climbing_up_normally,climbing_up_normally,0,none,False,48,98,1.92,3.92,25.0,50,12,"ax,ay,az,gx,gy,gz,acc_mag,gyro_mag,jerk,roll,pitch,tilt_delta",20.0,25.0,uniform_20hz_time_interpolation_to_25hz,adl_sliding_capped,776,969,,,dataset_unit_map,wrist,bits,m/s^2,rad/s,m/s^2,rad/s,1.0,1.0,True,test,non_fall,non_fall,7.444627385666536e-07,none,backward,0.5431607961654663
w25_00002345,bits,C:\Users\ADMIN\Desktop\ds-fall\data\raw\Dataset\adl\user36\user36_adl8.csv,C:\Users\ADMIN\Desktop\ds-fall\data\raw\Dataset,user36,user36_adl8,adl8,climbing_down_normally,climbing_down_normally,0,none,False,0,50,0.0,2.0,25.0,50,12,"ax,ay,az,gx,gy,gz,acc_mag,gyro_mag,jerk,roll,pitch,tilt_delta",20.0,25.0,uniform_20hz_time_interpolation_to_25hz,adl_sliding_capped,165,206,,,dataset_unit_map,wrist,bits,m/s^2,rad/s,m/s^2,rad/s,1.0,1.0,True,test,non_fall,non_fall,1.105693854697165e-06,none,forward,0.9940885305404663
w25_00002346,bits,C:\Users\ADMIN\Desktop\ds-fall\data\raw\Dataset\adl\user36\user36_adl8.csv,C:\Users\ADMIN\Desktop\ds-fall\data\raw\Dataset,user36,user36_adl8,adl8,climbing_down_normally,climbing_down_normally,0,none,False,12,62,0.48,2.48,25.0,50,12,"ax,ay,az,gx,gy,gz,acc_mag,gyro_mag,jerk,roll,pitch,tilt_delta",20.0,25.0,uniform_20hz_time_interpolation_to_25hz,adl_sliding_capped,165,206,,,dataset_unit_map,wrist,bits,m/s^2,rad/s,m/s^2,rad/s,1.0,1.0,True,test,non_fall,non_fall,4.433654794411268e-07,none,forward,0.983271062374115
w25_00002347,bits,C:\Users\ADMIN\Desktop\ds-fall\data\raw\Dataset\adl\user36\user36_adl8.csv,C:\Users\ADMIN\Desktop\ds-fall\data\raw\Dataset,user36,user36_adl8,adl8,climbing_down_normally,climbing_down_normally,0,none,False,24,74,0.96,2.96,25.0,50,12,"ax,ay,az,gx,gy,gz,acc_mag,gyro_mag,jerk,roll,pitch,tilt_delta",20.0,25.0,uniform_20hz_time_interpolation_to_25hz,adl_sliding_capped,165,206,,,dataset_unit_map,wrist,bits,m/s^2,rad/s,m/s^2,rad/s,1.0,1.0,True,test,non_fall,non_fall,4.1965390096265764e-07,none,forward,0.9586310982704163
w25_00002348,bits,C:\Users\ADMIN\Desktop\ds-fall\data\raw\Dataset\adl\user36\user36_adl8.csv,C:\Users\ADMIN\Desktop\ds-fall\data\raw\Dataset,user36,user36_adl8,adl8,climbing_down_normally,climbing_down_normally,0,none,False,36,86,1.44,3.44,25.0,50,12,"ax,ay,az,gx,gy,gz,acc_mag,gyro_mag,jerk,roll,pitch,tilt_delta",20.0,25.0,uniform_20hz_time_interpolation_to_25hz,adl_sliding_capped,165,206,,,dataset_unit_map,wrist,bits,m/s^2,rad/s,m/s^2,rad/s,1.0,1.0,True,test,non_fall,non_fall,8.108585802801827e-07,none,forward,0.880321204662323
w25_00002349,bits,C:\Users\ADMIN\Desktop\ds-fall\data\raw\Dataset\adl\user36\user36_adl8.csv,C:\Users\ADMIN\Desktop\ds-fall\data\raw\Dataset,user36,user36_adl8,adl8,climbing_down_normally,climbing_down_normally,0,none,False,48,98,1.92,3.92,25.0,50,12,"ax,ay,az,gx,gy,gz,acc_mag,gyro_mag,jerk,roll,pitch,tilt_delta",20.0,25.0,uniform_20hz_time_interpolation_to_25hz,adl_sliding_capped,165,206,,,dataset_unit_map,wrist,bits,m/s^2,rad/s,m/s^2,rad/s,1.0,1.0,True,test,non_fall,non_fall,5.268565814731119e-07,none,lateral,0.6770583391189575
w25_00002350,bits,C:\Users\ADMIN\Desktop\ds-fall\data\raw\Dataset\adl\user36\user36_adl9.csv,C:\Users\ADMIN\Desktop\ds-fall\data\raw\Dataset,user36,user36_adl9,adl9,slowly_sitting_on_chair,slowly_sitting_on_chair,0,none,False,0,50,0.0,2.0,25.0,50,12,"ax,ay,az,gx,gy,gz,acc_mag,gyro_mag,jerk,roll,pitch,tilt_delta",20.0,25.0,uniform_20hz_time_interpolation_to_25hz,adl_sliding_capped,178,222,,,dataset_unit_map,wrist,bits,m/s^2,rad/s,m/s^2,rad/s,1.0,1.0,True,test,non_fall,non_fall,0.0037722457200288773,none,lateral,0.6775295734405518
w25_00002351,bits,C:\Users\ADMIN\Desktop\ds-fall\data\raw\Dataset\adl\user36\user36_adl9.csv,C:\Users\ADMIN\Desktop\ds-fall\data\raw\Dataset,user36,user36_adl9,adl9,slowly_sitting_on_chair,slowly_sitting_on_chair,0,none,False,12,62,0.48,2.48,25.0,50,12,"ax,ay,az,gx,gy,gz,acc_mag,gyro_mag,jerk,roll,pitch,tilt_delta",20.0,25.0,uniform_20hz_time_interpolation_to_25hz,adl_sliding_capped,178,222,,,dataset_unit_map,wrist,bits,m/s^2,rad/s,m/s^2,rad/s,1.0,1.0,True,test,non_fall,non_fall,3.7176693012952455e-07,none,lateral,0.9717637896537781
w25_00002352,bits,C:\Users\ADMIN\Desktop\ds-fall\data\raw\Dataset\adl\user36\user36_adl9.csv,C:\Users\ADMIN\Desktop\ds-fall\data\raw\Dataset,user36,user36_adl9,adl9,slowly_sitting_on_chair,slowly_sitting_on_chair,0,none,False,24,74,0.96,2.96,25.0,50,12,"ax,ay,az,gx,gy,gz,acc_mag,gyro_mag,jerk,roll,pitch,tilt_delta",20.0,25.0,uniform_20hz_time_interpolation_to_25hz,adl_sliding_capped,178,222,,,dataset_unit_map,wrist,bits,m/s^2,rad/s,m/s^2,rad/s,1.0,1.0,True,test,non_fall,non_fall,5.8288014770369045e-06,none,lateral,0.934772789478302
w25_00002353,bits,C:\Users\ADMIN\Desktop\ds-fall\data\raw\Dataset\adl\user36\user36_adl9.csv,C:\Users\ADMIN\Desktop\ds-fall\data\raw\Dataset,user36,user36_adl9,adl9,slowly_sitting_on_chair,slowly_sitting_on_chair,0,none,False,36,86,1.44,3.44,25.0,50,12,"ax,ay,az,gx,gy,gz,acc_mag,gyro_mag,jerk,roll,pitch,tilt_delta",20.0,25.0,uniform_20hz_time_interpolation_to_25hz,adl_sliding_capped,178,222,,,dataset_unit_map,wrist,bits,m/s^2,rad/s,m/s^2,rad/s,1.0,1.0,True,test,non_fall,non_fall,8.257045919890516e-06,none,forward,0.8953511118888855
w25_00002354,bits,C:\Users\ADMIN\Desktop\ds-fall\data\raw\Dataset\adl\user36\user36_adl9.csv,C:\Users\ADMIN\Desktop\ds-fall\data\raw\Dataset,user36,user36_adl9,adl9,slowly_sitting_on_chair,slowly_sitting_on_chair,0,none,False,48,98,1.92,3.92,25.0,50,12,"ax,ay,az,gx,gy,gz,acc_mag,gyro_mag,jerk,roll,pitch,tilt_delta",20.0,25.0,uniform_20hz_time_interpolation_to_25hz,adl_sliding_capped,178,222,,,dataset_unit_map,wrist,bits,m/s^2,rad/s,m/s^2,rad/s,1.0,1.0,True,test,non_fall,non_fall,5.187265514905448e-07,none,forward,0.8774856925010681
w25_00002515,bits,C:\Users\ADMIN\Desktop\ds-fall\data\raw\Dataset\adl\user39\user39_adl1.csv,C:\Users\ADMIN\Desktop\ds-fall\data\raw\Dataset,user39,user39_adl1,adl1,walking_slowly,walking_slowly,0,none,False,0,50,0.0,2.0,25.0,50,12,"ax,ay,az,gx,gy,gz,acc_mag,gyro_mag,jerk,roll,pitch,tilt_delta",20.0,25.0,uniform_20hz_time_interpolation_to_25hz,adl_sliding_capped,154,192,,,dataset_unit_map,wrist,bits,m/s^2,rad/s,m/s^2,rad/s,1.0,1.0,True,test,non_fall,non_fall,1.2809573490812909e-06,none,forward,0.9988794922828674
w25_00002516,bits,C:\Users\ADMIN\Desktop\ds-fall\data\raw\Dataset\adl\user39\user39_adl1.csv,C:\Users\ADMIN\Desktop\ds-fall\data\raw\Dataset,user39,user39_adl1,adl1,walking_slowly,walking_slowly,0,none,False,12,62,0.48,2.48,25.0,50,12,"ax,ay,az,gx,gy,gz,acc_mag,gyro_mag,jerk,roll,pitch,tilt_delta",20.0,25.0,uniform_20hz_time_interpolation_to_25hz,adl_sliding_capped,154,192,,,dataset_unit_map,wrist,bits,m/s^2,rad/s,m/s^2,rad/s,1.0,1.0,True,test,non_fall,non_fall,1.0434629302835674e-06,none,forward,0.9992063641548157
w25_00002517,bits,C:\Users\ADMIN\Desktop\ds-fall\data\raw\Dataset\adl\user39\user39_adl1.csv,C:\Users\ADMIN\Desktop\ds-fall\data\raw\Dataset,user39,user39_adl1,adl1,walking_slowly,walking_slowly,0,none,False,24,74,0.96,2.96,25.0,50,12,"ax,ay,az,gx,gy,gz,acc_mag,gyro_mag,jerk,roll,pitch,tilt_delta",20.0,25.0,uniform_20hz_time_interpolation_to_25hz,adl_sliding_capped,154,192,,,dataset_unit_map,wrist,bits,m/s^2,rad/s,m/s^2,rad/s,1.0,1.0,True,test,non_fall,non_fall,8.719276820556843e-07,none,forward,0.9996522665023804
w25_00002518,bits,C:\Users\ADMIN\Desktop\ds-fall\data\raw\Dataset\adl\user39\user39_adl1.csv,C:\Users\ADMIN\Desktop\ds-fall\data\raw\Dataset,user39,user39_adl1,adl1,walking_slowly,walking_slowly,0,none,False,36,86,1.44,3.44,25.0,50,12,"ax,ay,az,gx,gy,gz,acc_mag,gyro_mag,jerk,roll,pitch,tilt_delta",20.0,25.0,uniform_20hz_time_interpolation_to_25hz,adl_sliding_capped,154,192,,,dataset_unit_map,wrist,bits,m/s^2,rad/s,m/s^2,rad/s,1.0,1.0,True,test,non_fall,non_fall,4.584784107919404e-07,none,forward,0.9911503791809082
w25_00002519,bits,C:\Users\ADMIN\Desktop\ds-fall\data\raw\Dataset\adl\user39\user39_adl1.csv,C:\Users\ADMIN\Desktop\ds-fall\data\raw\Dataset,user39,user39_adl1,adl1,walking_slowly,walking_slowly,0,none,False,48,98,1.92,3.92,25.0,50,12,"ax,ay,az,gx,gy,gz,acc_mag,gyro_mag,jerk,roll,pitch,tilt_delta",20.0,25.0,uniform_20hz_time_interpolation_to_25hz,adl_sliding_capped,154,192,,,dataset_unit_map,wrist,bits,m/s^2,rad/s,m/s^2,rad/s,1.0,1.0,True,test,non_fall,non_fall,9.253465549363682e-08,none,forward,0.9741252064704895
w25_00002520,bits,C:\Users\ADMIN\Desktop\ds-fall\data\raw\Dataset\adl\user39\user39_adl10.csv,C:\Users\ADMIN\Desktop\ds-fall\data\raw\Dataset,user39,user39_adl10,adl10,rapidly_sitting_on_chair,rapidly_sitting_on_chair,0,none,False,0,50,0.0,2.0,25.0,50,12,"ax,ay,az,gx,gy,gz,acc_mag,gyro_mag,jerk,roll,pitch,tilt_delta",20.0,25.0,uniform_20hz_time_interpolation_to_25hz,adl_sliding_capped,329,411,,,dataset_unit_map,wrist,bits,m/s^2,rad/s,m/s^2,rad/s,1.0,1.0,True,test,non_fall,non_fall,2.9814102617820026e-06,none,lateral,0.9864962697029114
w25_00002521,bits,C:\Users\ADMIN\Desktop\ds-fall\data\raw\Dataset\adl\user39\user39_adl10.csv,C:\Users\ADMIN\Desktop\ds-fall\data\raw\Dataset,user39,user39_adl10,adl10,rapidly_sitting_on_chair,rapidly_sitting_on_chair,0,none,False,12,62,0.48,2.48,25.0,50,12,"ax,ay,az,gx,gy,gz,acc_mag,gyro_mag,jerk,roll,pitch,tilt_delta",20.0,25.0,uniform_20hz_time_interpolation_to_25hz,adl_sliding_capped,329,411,,,dataset_unit_map,wrist,bits,m/s^2,rad/s,m/s^2,rad/s,1.0,1.0,True,test,non_fall,non_fall,1.5614379663020372e-05,none,lateral,0.9869869351387024
w25_00002522,bits,C:\Users\ADMIN\Desktop\ds-fall\data\raw\Dataset\adl\user39\user39_adl10.csv,C:\Users\ADMIN\Desktop\ds-fall\data\raw\Dataset,user39,user39_adl10,adl10,rapidly_sitting_on_chair,rapidly_sitting_on_chair,0,none,False,24,74,0.96,2.96,25.0,50,12,"ax,ay,az,gx,gy,gz,acc_mag,gyro_mag,jerk,roll,pitch,tilt_delta",20.0,25.0,uniform_20hz_time_interpolation_to_25hz,adl_sliding_capped,329,411,,,dataset_unit_map,wrist,bits,m/s^2,rad/s,m/s^2,rad/s,1.0,1.0,True,test,non_fall,non_fall,4.4351098040351644e-05,none,lateral,0.9892300963401794
w25_00002523,bits,C:\Users\ADMIN\Desktop\ds-fall\data\raw\Dataset\adl\user39\user39_adl10.csv,C:\Users\ADMIN\Desktop\ds-fall\data\raw\Dataset,user39,user39_adl10,adl10,rapidly_sitting_on_chair,rapidly_sitting_on_chair,0,none,False,36,86,1.44,3.44,25.0,50,12,"ax,ay,az,gx,gy,gz,acc_mag,gyro_mag,jerk,roll,pitch,tilt_delta",20.0,25.0,uniform_20hz_time_interpolation_to_25hz,adl_sliding_capped,329,411,,,dataset_unit_map,wrist,bits,m/s^2,rad/s,m/s^2,rad/s,1.0,1.0,True,test,non_fall,non_fall,3.269244189141318e-05,none,lateral,0.990165650844574
w25_00002524,bits,C:\Users\ADMIN\Desktop\ds-fall\data\raw\Dataset\adl\user39\user39_adl10.csv,C:\Users\ADMIN\Desktop\ds-fall\data\raw\Dataset,user39,user39_adl10,adl10,rapidly_sitting_on_chair,rapidly_sitting_on_chair,0,none,False,48,98,1.92,3.92,25.0,50,12,"ax,ay,az,gx,gy,gz,acc_mag,gyro_mag,jerk,roll,pitch,tilt_delta",20.0,25.0,uniform_20hz_time_interpolation_to_25hz,adl_sliding_capped,329,411,,,dataset_unit_map,wrist,bits,m/s^2,rad/s,m/s^2,rad/s,1.0,1.0,True,test,non_fall,non_fall,3.486526111373678e-05,none,lateral,0.9876064658164978
w25_00002525,bits,C:\Users\ADMIN\Desktop\ds-fall\data\raw\Dataset\adl\user39\user39_adl11.csv,C:\Users\ADMIN\Desktop\ds-fall\data\raw\Dataset,user39,user39_adl11,adl11,nearly_sitting_and_getting_up,nearly_sitting_and_getting_up,0,none,False,0,50,0.0,2.0,25.0,50,12,"ax,ay,az,gx,gy,gz,acc_mag,gyro_mag,jerk,roll,pitch,tilt_delta",20.0,25.0,uniform_20hz_time_interpolation_to_25hz,adl_sliding_capped,349,436,,,dataset_unit_map,wrist,bits,m/s^2,rad/s,m/s^2,rad/s,1.0,1.0,True,test,non_fall,non_fall,3.3606668239372084e-06,none,lateral,0.6306509971618652
w25_00002526,bits,C:\Users\ADMIN\Desktop\ds-fall\data\raw\Dataset\adl\user39\user39_adl11.csv,C:\Users\ADMIN\Desktop\ds-fall\data\raw\Dataset,user39,user39_adl11,adl11,nearly_sitting_and_getting_up,nearly_sitting_and_getting_up,0,none,False,12,62,0.48,2.48,25.0,50,12,"ax,ay,az,gx,gy,gz,acc_mag,gyro_mag,jerk,roll,pitch,tilt_delta",20.0,25.0,uniform_20hz_time_interpolation_to_25hz,adl_sliding_capped,349,436,,,dataset_unit_map,wrist,bits,m/s^2,rad/s,m/s^2,rad/s,1.0,1.0,True,test,non_fall,non_fall,1.671823611104628e-06,none,forward,0.7706131339073181
w25_00002527,bits,C:\Users\ADMIN\Desktop\ds-fall\data\raw\Dataset\adl\user39\user39_adl11.csv,C:\Users\ADMIN\Desktop\ds-fall\data\raw\Dataset,user39,user39_adl11,adl11,nearly_sitting_and_getting_up,nearly_sitting_and_getting_up,0,none,False,24,74,0.96,2.96,25.0,50,12,"ax,ay,az,gx,gy,gz,acc_mag,gyro_mag,jerk,roll,pitch,tilt_delta",20.0,25.0,uniform_20hz_time_interpolation_to_25hz,adl_sliding_capped,349,436,,,dataset_unit_map,wrist,bits,m/s^2,rad/s,m/s^2,rad/s,1.0,1.0,True,test,non_fall,non_fall,9.232897468791634e-07,none,forward,0.519531786441803
w25_00002528,bits,C:\Users\ADMIN\Desktop\ds-fall\data\raw\Dataset\adl\user39\user39_adl11.csv,C:\Users\ADMIN\Desktop\ds-fall\data\raw\Dataset,user39,user39_adl11,adl11,nearly_sitting_and_getting_up,nearly_sitting_and_getting_up,0,none,False,36,86,1.44,3.44,25.0,50,12,"ax,ay,az,gx,gy,gz,acc_mag,gyro_mag,jerk,roll,pitch,tilt_delta",20.0,25.0,uniform_20hz_time_interpolation_to_25hz,adl_sliding_capped,349,436,,,dataset_unit_map,wrist,bits,m/s^2,rad/s,m/s^2,rad/s,1.0,1.0,True,test,non_fall,non_fall,1.863443515048857e-07,none,backward,0.7766842246055603
w25_00002529,bits,C:\Users\ADMIN\Desktop\ds-fall\data\raw\Dataset\adl\user39\user39_adl11.csv,C:\Users\ADMIN\Desktop\ds-fall\data\raw\Dataset,user39,user39_adl11,adl11,nearly_sitting_and_getting_up,nearly_sitting_and_getting_up,0,none,False,48,98,1.92,3.92,25.0,50,12,"ax,ay,az,gx,gy,gz,acc_mag,gyro_mag,jerk,roll,pitch,tilt_delta",20.0,25.0,uniform_20hz_time_interpolation_to_25hz,adl_sliding_capped,349,436,,,dataset_unit_map,wrist,bits,m/s^2,rad/s,m/s^2,rad/s,1.0,1.0,True,test,non_fall,non_fall,2.1015507556398916e-08,none,backward,0.93410325050354
w25_00002530,bits,C:\Users\ADMIN\Desktop\ds-fall\data\raw\Dataset\adl\user39\user39_adl12.csv,C:\Users\ADMIN\Desktop\ds-fall\data\raw\Dataset,user39,user39_adl12,adl12,swinging_hands,swinging_hands,0,none,False,0,50,0.0,2.0,25.0,50,12,"ax,ay,az,gx,gy,gz,acc_mag,gyro_mag,jerk,roll,pitch,tilt_delta",20.0,25.0,uniform_20hz_time_interpolation_to_25hz,adl_sliding_capped,381,476,,,dataset_unit_map,wrist,bits,m/s^2,rad/s,m/s^2,rad/s,1.0,1.0,True,test,non_fall,non_fall,3.461943151705782e-06,none,forward,0.9735541343688965
w25_00002531,bits,C:\Users\ADMIN\Desktop\ds-fall\data\raw\Dataset\adl\user39\user39_adl12.csv,C:\Users\ADMIN\Desktop\ds-fall\data\raw\Dataset,user39,user39_adl12,adl12,swinging_hands,swinging_hands,0,none,False,12,62,0.48,2.48,25.0,50,12,"ax,ay,az,gx,gy,gz,acc_mag,gyro_mag,jerk,roll,pitch,tilt_delta",20.0,25.0,uniform_20hz_time_interpolation_to_25hz,adl_sliding_capped,381,476,,,dataset_unit_map,wrist,bits,m/s^2,rad/s,m/s^2,rad/s,1.0,1.0,True,test,non_fall,non_fall,2.8554151754178747e-07,none,forward,0.9804621934890747
w25_00002532,bits,C:\Users\ADMIN\Desktop\ds-fall\data\raw\Dataset\adl\user39\user39_adl12.csv,C:\Users\ADMIN\Desktop\ds-fall\data\raw\Dataset,user39,user39_adl12,adl12,swinging_hands,swinging_hands,0,none,False,24,74,0.96,2.96,25.0,50,12,"ax,ay,az,gx,gy,gz,acc_mag,gyro_mag,jerk,roll,pitch,tilt_delta",20.0,25.0,uniform_20hz_time_interpolation_to_25hz,adl_sliding_capped,381,476,,,dataset_unit_map,wrist,bits,m/s^2,rad/s,m/s^2,rad/s,1.0,1.0,True,test,non_fall,non_fall,9.20600413678585e-08,none,forward,0.9988435506820679
w25_00002533,bits,C:\Users\ADMIN\Desktop\ds-fall\data\raw\Dataset\adl\user39\user39_adl12.csv,C:\Users\ADMIN\Desktop\ds-fall\data\raw\Dataset,user39,user39_adl12,adl12,swinging_hands,swinging_hands,0,none,False,36,86,1.44,3.44,25.0,50,12,"ax,ay,az,gx,gy,gz,acc_mag,gyro_mag,jerk,roll,pitch,tilt_delta",20.0,25.0,uniform_20hz_time_interpolation_to_25hz,adl_sliding_capped,381,476,,,dataset_unit_map,wrist,bits,m/s^2,rad/s,m/s^2,rad/s,1.0,1.0,True,test,non_fall,non_fall,1.1157318624555046e-07,none,backward,0.6011269688606262
w25_00002534,bits,C:\Users\ADMIN\Desktop\ds-fall\data\raw\Dataset\adl\user39\user39_adl12.csv,C:\Users\ADMIN\Desktop\ds-fall\data\raw\Dataset,user39,user39_adl12,adl12,swinging_hands,swinging_hands,0,none,False,48,98,1.92,3.92,25.0,50,12,"ax,ay,az,gx,gy,gz,acc_mag,gyro_mag,jerk,roll,pitch,tilt_delta",20.0,25.0,uniform_20hz_time_interpolation_to_25hz,adl_sliding_capped,381,476,,,dataset_unit_map,wrist,bits,m/s^2,rad/s,m/s^2,rad/s,1.0,1.0,True,test,non_fall,non_fall,8.742794221916483e-08,none,backward,0.5155720114707947
w25_00002535,bits,C:\Users\ADMIN\Desktop\ds-fall\data\raw\Dataset\adl\user39\user39_adl13.csv,C:\Users\ADMIN\Desktop\ds-fall\data\raw\Dataset,user39,user39_adl13,adl13,lying_on_bed,lying_on_bed,0,none,False,0,50,0.0,2.0,25.0,50,12,"ax,ay,az,gx,gy,gz,acc_mag,gyro_mag,jerk,roll,pitch,tilt_delta",20.0,25.0,uniform_20hz_time_interpolation_to_25hz,adl_sliding_capped,845,1056,,,dataset_unit_map,wrist,bits,m/s^2,rad/s,m/s^2,rad/s,1.0,1.0,True,test,non_fall,non_fall,1.0266959407090326e-06,none,forward,0.9991387128829956
w25_00002536,bits,C:\Users\ADMIN\Desktop\ds-fall\data\raw\Dataset\adl\user39\user39_adl13.csv,C:\Users\ADMIN\Desktop\ds-fall\data\raw\Dataset,user39,user39_adl13,adl13,lying_on_bed,lying_on_bed,0,none,False,12,62,0.48,2.48,25.0,50,12,"ax,ay,az,gx,gy,gz,acc_mag,gyro_mag,jerk,roll,pitch,tilt_delta",20.0,25.0,uniform_20hz_time_interpolation_to_25hz,adl_sliding_capped,845,1056,,,dataset_unit_map,wrist,bits,m/s^2,rad/s,m/s^2,rad/s,1.0,1.0,True,test,non_fall,non_fall,5.6728463277977426e-06,none,forward,0.9991127848625183
w25_00002537,bits,C:\Users\ADMIN\Desktop\ds-fall\data\raw\Dataset\adl\user39\user39_adl13.csv,C:\Users\ADMIN\Desktop\ds-fall\data\raw\Dataset,user39,user39_adl13,adl13,lying_on_bed,lying_on_bed,0,none,False,24,74,0.96,2.96,25.0,50,12,"ax,ay,az,gx,gy,gz,acc_mag,gyro_mag,jerk,roll,pitch,tilt_delta",20.0,25.0,uniform_20hz_time_interpolation_to_25hz,adl_sliding_capped,845,1056,,,dataset_unit_map,wrist,bits,m/s^2,rad/s,m/s^2,rad/s,1.0,1.0,True,test,non_fall,non_fall,5.565628725889837e-06,none,forward,0.9990733861923218
w25_00002538,bits,C:\Users\ADMIN\Desktop\ds-fall\data\raw\Dataset\adl\user39\user39_adl13.csv,C:\Users\ADMIN\Desktop\ds-fall\data\raw\Dataset,user39,user39_adl13,adl13,lying_on_bed,lying_on_bed,0,none,False,36,86,1.44,3.44,25.0,50,12,"ax,ay,az,gx,gy,gz,acc_mag,gyro_mag,jerk,roll,pitch,tilt_delta",20.0,25.0,uniform_20hz_time_interpolation_to_25hz,adl_sliding_capped,845,1056,,,dataset_unit_map,wrist,bits,m/s^2,rad/s,m/s^2,rad/s,1.0,1.0,True,test,non_fall,non_fall,5.828195753565524e-06,none,forward,0.9990825653076172
w25_00002539,bits,C:\Users\ADMIN\Desktop\ds-fall\data\raw\Dataset\adl\user39\user39_adl13.csv,C:\Users\ADMIN\Desktop\ds-fall\data\raw\Dataset,user39,user39_adl13,adl13,lying_on_bed,lying_on_bed,0,none,False,48,98,1.92,3.92,25.0,50,12,"ax,ay,az,gx,gy,gz,acc_mag,gyro_mag,jerk,roll,pitch,tilt_delta",20.0,25.0,uniform_20hz_time_interpolation_to_25hz,adl_sliding_capped,845,1056,,,dataset_unit_map,wrist,bits,m/s^2,rad/s,m/s^2,rad/s,1.0,1.0,True,test,non_fall,non_fall,6.184749963722425e-06,none,forward,0.9990923404693604
w25_00002540,bits,C:\Users\ADMIN\Desktop\ds-fall\data\raw\Dataset\adl\user39\user39_adl14.csv,C:\Users\ADMIN\Desktop\ds-fall\data\raw\Dataset,user39,user39_adl14,adl14,lying_on_back_getting_up_slowly,lying_on_back_getting_up_slowly,0,none,False,0,50,0.0,2.0,25.0,50,12,"ax,ay,az,gx,gy,gz,acc_mag,gyro_mag,jerk,roll,pitch,tilt_delta",20.0,25.0,uniform_20hz_time_interpolation_to_25hz,adl_sliding_capped,355,443,,,dataset_unit_map,wrist,bits,m/s^2,rad/s,m/s^2,rad/s,1.0,1.0,True,test,non_fall,non_fall,3.0415906167036155e-06,none,forward,0.997883141040802
w25_00002541,bits,C:\Users\ADMIN\Desktop\ds-fall\data\raw\Dataset\adl\user39\user39_adl14.csv,C:\Users\ADMIN\Desktop\ds-fall\data\raw\Dataset,user39,user39_adl14,adl14,lying_on_back_getting_up_slowly,lying_on_back_getting_up_slowly,0,none,False,12,62,0.48,2.48,25.0,50,12,"ax,ay,az,gx,gy,gz,acc_mag,gyro_mag,jerk,roll,pitch,tilt_delta",20.0,25.0,uniform_20hz_time_interpolation_to_25hz,adl_sliding_capped,355,443,,,dataset_unit_map,wrist,bits,m/s^2,rad/s,m/s^2,rad/s,1.0,1.0,True,test,non_fall,non_fall,3.7874772260693135e-06,none,forward,0.9954705238342285
w25_00002542,bits,C:\Users\ADMIN\Desktop\ds-fall\data\raw\Dataset\adl\user39\user39_adl14.csv,C:\Users\ADMIN\Desktop\ds-fall\data\raw\Dataset,user39,user39_adl14,adl14,lying_on_back_getting_up_slowly,lying_on_back_getting_up_slowly,0,none,False,24,74,0.96,2.96,25.0,50,12,"ax,ay,az,gx,gy,gz,acc_mag,gyro_mag,jerk,roll,pitch,tilt_delta",20.0,25.0,uniform_20hz_time_interpolation_to_25hz,adl_sliding_capped,355,443,,,dataset_unit_map,wrist,bits,m/s^2,rad/s,m/s^2,rad/s,1.0,1.0,True,test,non_fall,non_fall,2.4224475509981858e-06,none,forward,0.995937705039978
w25_00002543,bits,C:\Users\ADMIN\Desktop\ds-fall\data\raw\Dataset\adl\user39\user39_adl14.csv,C:\Users\ADMIN\Desktop\ds-fall\data\raw\Dataset,user39,user39_adl14,adl14,lying_on_back_getting_up_slowly,lying_on_back_getting_up_slowly,0,none,False,36,86,1.44,3.44,25.0,50,12,"ax,ay,az,gx,gy,gz,acc_mag,gyro_mag,jerk,roll,pitch,tilt_delta",20.0,25.0,uniform_20hz_time_interpolation_to_25hz,adl_sliding_capped,355,443,,,dataset_unit_map,wrist,bits,m/s^2,rad/s,m/s^2,rad/s,1.0,1.0,True,test,non_fall,non_fall,5.4195620577957015e-06,none,forward,0.9943602681159973
w25_00002544,bits,C:\Users\ADMIN\Desktop\ds-fall\data\raw\Dataset\adl\user39\user39_adl14.csv,C:\Users\ADMIN\Desktop\ds-fall\data\raw\Dataset,user39,user39_adl14,adl14,lying_on_back_getting_up_slowly,lying_on_back_getting_up_slowly,0,none,False,48,98,1.92,3.92,25.0,50,12,"ax,ay,az,gx,gy,gz,acc_mag,gyro_mag,jerk,roll,pitch,tilt_delta",20.0,25.0,uniform_20hz_time_interpolation_to_25hz,adl_sliding_capped,355,443,,,dataset_unit_map,wrist,bits,m/s^2,rad/s,m/s^2,rad/s,1.0,1.0,True,test,non_fall,non_fall,2.328179107280448e-06,none,forward,0.9806951284408569
w25_00002545,bits,C:\Users\ADMIN\Desktop\ds-fall\data\raw\Dataset\adl\user39\user39_adl15.csv,C:\Users\ADMIN\Desktop\ds-fall\data\raw\Dataset,user39,user39_adl15,adl15,lying_on_back_getting_up_normally,lying_on_back_getting_up_normally,0,none,False,0,50,0.0,2.0,25.0,50,12,"ax,ay,az,gx,gy,gz,acc_mag,gyro_mag,jerk,roll,pitch,tilt_delta",20.0,25.0,uniform_20hz_time_interpolation_to_25hz,adl_sliding_capped,202,252,,,dataset_unit_map,wrist,bits,m/s^2,rad/s,m/s^2,rad/s,1.0,1.0,True,test,non_fall,non_fall,5.345550562196877e-07,none,forward,0.842356264591217
w25_00002546,bits,C:\Users\ADMIN\Desktop\ds-fall\data\raw\Dataset\adl\user39\user39_adl15.csv,C:\Users\ADMIN\Desktop\ds-fall\data\raw\Dataset,user39,user39_adl15,adl15,lying_on_back_getting_up_normally,lying_on_back_getting_up_normally,0,none,False,12,62,0.48,2.48,25.0,50,12,"ax,ay,az,gx,gy,gz,acc_mag,gyro_mag,jerk,roll,pitch,tilt_delta",20.0,25.0,uniform_20hz_time_interpolation_to_25hz,adl_sliding_capped,202,252,,,dataset_unit_map,wrist,bits,m/s^2,rad/s,m/s^2,rad/s,1.0,1.0,True,test,non_fall,non_fall,7.207032126643753e-07,none,forward,0.608070433139801
w25_00002547,bits,C:\Users\ADMIN\Desktop\ds-fall\data\raw\Dataset\adl\user39\user39_adl15.csv,C:\Users\ADMIN\Desktop\ds-fall\data\raw\Dataset,user39,user39_adl15,adl15,lying_on_back_getting_up_normally,lying_on_back_getting_up_normally,0,none,False,24,74,0.96,2.96,25.0,50,12,"ax,ay,az,gx,gy,gz,acc_mag,gyro_mag,jerk,roll,pitch,tilt_delta",20.0,25.0,uniform_20hz_time_interpolation_to_25hz,adl_sliding_capped,202,252,,,dataset_unit_map,wrist,bits,m/s^2,rad/s,m/s^2,rad/s,1.0,1.0,True,test,non_fall,non_fall,2.7124265216116328e-06,none,backward,0.6360852122306824
w25_00002548,bits,C:\Users\ADMIN\Desktop\ds-fall\data\raw\Dataset\adl\user39\user39_adl15.csv,C:\Users\ADMIN\Desktop\ds-fall\data\raw\Dataset,user39,user39_adl15,adl15,lying_on_back_getting_up_normally,lying_on_back_getting_up_normally,0,none,False,36,86,1.44,3.44,25.0,50,12,"ax,ay,az,gx,gy,gz,acc_mag,gyro_mag,jerk,roll,pitch,tilt_delta",20.0,25.0,uniform_20hz_time_interpolation_to_25hz,adl_sliding_capped,202,252,,,dataset_unit_map,wrist,bits,m/s^2,rad/s,m/s^2,rad/s,1.0,1.0,True,test,non_fall,non_fall,3.0409407827391988e-06,none,forward,0.5569937229156494
w25_00002549,bits,C:\Users\ADMIN\Desktop\ds-fall\data\raw\Dataset\adl\user39\user39_adl15.csv,C:\Users\ADMIN\Desktop\ds-fall\data\raw\Dataset,user39,user39_adl15,adl15,lying_on_back_getting_up_normally,lying_on_back_getting_up_normally,0,none,False,48,98,1.92,3.92,25.0,50,12,"ax,ay,az,gx,gy,gz,acc_mag,gyro_mag,jerk,roll,pitch,tilt_delta",20.0,25.0,uniform_20hz_time_interpolation_to_25hz,adl_sliding_capped,202,252,,,dataset_unit_map,wrist,bits,m/s^2,rad/s,m/s^2,rad/s,1.0,1.0,True,test,non_fall,non_fall,5.48569744296401e-07,none,backward,0.8202880620956421
w25_00002550,bits,C:\Users\ADMIN\Desktop\ds-fall\data\raw\Dataset\adl\user39\user39_adl16.csv,C:\Users\ADMIN\Desktop\ds-fall\data\raw\Dataset,user39,user39_adl16,adl16,lying_sideways_to_back,lying_sideways_to_back,0,none,False,0,50,0.0,2.0,25.0,50,12,"ax,ay,az,gx,gy,gz,acc_mag,gyro_mag,jerk,roll,pitch,tilt_delta",20.0,25.0,uniform_20hz_time_interpolation_to_25hz,adl_sliding_capped,255,318,,,dataset_unit_map,wrist,bits,m/s^2,rad/s,m/s^2,rad/s,1.0,1.0,True,test,non_fall,non_fall,6.499596452158585e-07,none,forward,0.7833627462387085
w25_00002551,bits,C:\Users\ADMIN\Desktop\ds-fall\data\raw\Dataset\adl\user39\user39_adl16.csv,C:\Users\ADMIN\Desktop\ds-fall\data\raw\Dataset,user39,user39_adl16,adl16,lying_sideways_to_back,lying_sideways_to_back,0,none,False,12,62,0.48,2.48,25.0,50,12,"ax,ay,az,gx,gy,gz,acc_mag,gyro_mag,jerk,roll,pitch,tilt_delta",20.0,25.0,uniform_20hz_time_interpolation_to_25hz,adl_sliding_capped,255,318,,,dataset_unit_map,wrist,bits,m/s^2,rad/s,m/s^2,rad/s,1.0,1.0,True,test,non_fall,non_fall,1.542044969937706e-06,none,forward,0.7716606259346008
w25_00002552,bits,C:\Users\ADMIN\Desktop\ds-fall\data\raw\Dataset\adl\user39\user39_adl16.csv,C:\Users\ADMIN\Desktop\ds-fall\data\raw\Dataset,user39,user39_adl16,adl16,lying_sideways_to_back,lying_sideways_to_back,0,none,False,24,74,0.96,2.96,25.0,50,12,"ax,ay,az,gx,gy,gz,acc_mag,gyro_mag,jerk,roll,pitch,tilt_delta",20.0,25.0,uniform_20hz_time_interpolation_to_25hz,adl_sliding_capped,255,318,,,dataset_unit_map,wrist,bits,m/s^2,rad/s,m/s^2,rad/s,1.0,1.0,True,test,non_fall,non_fall,1.5009046592240338e-06,none,forward,0.7751842737197876
w25_00002553,bits,C:\Users\ADMIN\Desktop\ds-fall\data\raw\Dataset\adl\user39\user39_adl16.csv,C:\Users\ADMIN\Desktop\ds-fall\data\raw\Dataset,user39,user39_adl16,adl16,lying_sideways_to_back,lying_sideways_to_back,0,none,False,36,86,1.44,3.44,25.0,50,12,"ax,ay,az,gx,gy,gz,acc_mag,gyro_mag,jerk,roll,pitch,tilt_delta",20.0,25.0,uniform_20hz_time_interpolation_to_25hz,adl_sliding_capped,255,318,,,dataset_unit_map,wrist,bits,m/s^2,rad/s,m/s^2,rad/s,1.0,1.0,True,test,non_fall,non_fall,1.7066796544895624e-06,none,forward,0.7878329157829285
w25_00002554,bits,C:\Users\ADMIN\Desktop\ds-fall\data\raw\Dataset\adl\user39\user39_adl16.csv,C:\Users\ADMIN\Desktop\ds-fall\data\raw\Dataset,user39,user39_adl16,adl16,lying_sideways_to_back,lying_sideways_to_back,0,none,False,48,98,1.92,3.92,25.0,50,12,"ax,ay,az,gx,gy,gz,acc_mag,gyro_mag,jerk,roll,pitch,tilt_delta",20.0,25.0,uniform_20hz_time_interpolation_to_25hz,adl_sliding_capped,255,318,,,dataset_unit_map,wrist,bits,m/s^2,rad/s,m/s^2,rad/s,1.0,1.0,True,test,non_fall,non_fall,1.493648028372263e-06,none,forward,0.77652508020401
w25_00002555,bits,C:\Users\ADMIN\Desktop\ds-fall\data\raw\Dataset\adl\user39\user39_adl2.csv,C:\Users\ADMIN\Desktop\ds-fall\data\raw\Dataset,user39,user39_adl2,adl2,walking_quickly,walking_quickly,0,none,False,0,50,0.0,2.0,25.0,50,12,"ax,ay,az,gx,gy,gz,acc_mag,gyro_mag,jerk,roll,pitch,tilt_delta",20.0,25.0,uniform_20hz_time_interpolation_to_25hz,adl_sliding_capped,1075,1343,,,dataset_unit_map,wrist,bits,m/s^2,rad/s,m/s^2,rad/s,1.0,1.0,True,test,non_fall,non_fall,1.9062421188209555e-06,none,lateral,0.6836420893669128
w25_00002556,bits,C:\Users\ADMIN\Desktop\ds-fall\data\raw\Dataset\adl\user39\user39_adl2.csv,C:\Users\ADMIN\Desktop\ds-fall\data\raw\Dataset,user39,user39_adl2,adl2,walking_quickly,walking_quickly,0,none,False,12,62,0.48,2.48,25.0,50,12,"ax,ay,az,gx,gy,gz,acc_mag,gyro_mag,jerk,roll,pitch,tilt_delta",20.0,25.0,uniform_20hz_time_interpolation_to_25hz,adl_sliding_capped,1075,1343,,,dataset_unit_map,wrist,bits,m/s^2,rad/s,m/s^2,rad/s,1.0,1.0,True,test,non_fall,non_fall,6.483698484771594e-07,none,lateral,0.717837393283844
w25_00002557,bits,C:\Users\ADMIN\Desktop\ds-fall\data\raw\Dataset\adl\user39\user39_adl2.csv,C:\Users\ADMIN\Desktop\ds-fall\data\raw\Dataset,user39,user39_adl2,adl2,walking_quickly,walking_quickly,0,none,False,24,74,0.96,2.96,25.0,50,12,"ax,ay,az,gx,gy,gz,acc_mag,gyro_mag,jerk,roll,pitch,tilt_delta",20.0,25.0,uniform_20hz_time_interpolation_to_25hz,adl_sliding_capped,1075,1343,,,dataset_unit_map,wrist,bits,m/s^2,rad/s,m/s^2,rad/s,1.0,1.0,True,test,non_fall,non_fall,1.0686073892429704e-06,none,forward,0.5203168392181396
w25_00002558,bits,C:\Users\ADMIN\Desktop\ds-fall\data\raw\Dataset\adl\user39\user39_adl2.csv,C:\Users\ADMIN\Desktop\ds-fall\data\raw\Dataset,user39,user39_adl2,adl2,walking_quickly,walking_quickly,0,none,False,36,86,1.44,3.44,25.0,50,12,"ax,ay,az,gx,gy,gz,acc_mag,gyro_mag,jerk,roll,pitch,tilt_delta",20.0,25.0,uniform_20hz_time_interpolation_to_25hz,adl_sliding_capped,1075,1343,,,dataset_unit_map,wrist,bits,m/s^2,rad/s,m/s^2,rad/s,1.0,1.0,True,test,non_fall,non_fall,1.1514425750647206e-06,none,forward,0.9303233027458191
w25_00002559,bits,C:\Users\ADMIN\Desktop\ds-fall\data\raw\Dataset\adl\user39\user39_adl2.csv,C:\Users\ADMIN\Desktop\ds-fall\data\raw\Dataset,user39,user39_adl2,adl2,walking_quickly,walking_quickly,0,none,False,48,98,1.92,3.92,25.0,50,12,"ax,ay,az,gx,gy,gz,acc_mag,gyro_mag,jerk,roll,pitch,tilt_delta",20.0,25.0,uniform_20hz_time_interpolation_to_25hz,adl_sliding_capped,1075,1343,,,dataset_unit_map,wrist,bits,m/s^2,rad/s,m/s^2,rad/s,1.0,1.0,True,test,non_fall,non_fall,2.8128945928074245e-07,none,forward,0.519268274307251
w25_00002560,bits,C:\Users\ADMIN\Desktop\ds-fall\data\raw\Dataset\adl\user39\user39_adl3.csv,C:\Users\ADMIN\Desktop\ds-fall\data\raw\Dataset,user39,user39_adl3,adl3,jogging,jogging,0,none,False,0,50,0.0,2.0,25.0,50,12,"ax,ay,az,gx,gy,gz,acc_mag,gyro_mag,jerk,roll,pitch,tilt_delta",20.0,25.0,uniform_20hz_time_interpolation_to_25hz,adl_sliding_capped,238,297,,,dataset_unit_map,wrist,bits,m/s^2,rad/s,m/s^2,rad/s,1.0,1.0,True,test,non_fall,non_fall,8.491394510201644e-06,none,lateral,0.9773679971694946
w25_00002561,bits,C:\Users\ADMIN\Desktop\ds-fall\data\raw\Dataset\adl\user39\user39_adl3.csv,C:\Users\ADMIN\Desktop\ds-fall\data\raw\Dataset,user39,user39_adl3,adl3,jogging,jogging,0,none,False,12,62,0.48,2.48,25.0,50,12,"ax,ay,az,gx,gy,gz,acc_mag,gyro_mag,jerk,roll,pitch,tilt_delta",20.0,25.0,uniform_20hz_time_interpolation_to_25hz,adl_sliding_capped,238,297,,,dataset_unit_map,wrist,bits,m/s^2,rad/s,m/s^2,rad/s,1.0,1.0,True,test,non_fall,non_fall,1.4210513654688839e-05,none,lateral,0.588716447353363
w25_00002562,bits,C:\Users\ADMIN\Desktop\ds-fall\data\raw\Dataset\adl\user39\user39_adl3.csv,C:\Users\ADMIN\Desktop\ds-fall\data\raw\Dataset,user39,user39_adl3,adl3,jogging,jogging,0,none,False,24,74,0.96,2.96,25.0,50,12,"ax,ay,az,gx,gy,gz,acc_mag,gyro_mag,jerk,roll,pitch,tilt_delta",20.0,25.0,uniform_20hz_time_interpolation_to_25hz,adl_sliding_capped,238,297,,,dataset_unit_map,wrist,bits,m/s^2,rad/s,m/s^2,rad/s,1.0,1.0,True,test,non_fall,non_fall,2.361374072279432e-06,none,forward,0.922502338886261
w25_00002563,bits,C:\Users\ADMIN\Desktop\ds-fall\data\raw\Dataset\adl\user39\user39_adl3.csv,C:\Users\ADMIN\Desktop\ds-fall\data\raw\Dataset,user39,user39_adl3,adl3,jogging,jogging,0,none,False,36,86,1.44,3.44,25.0,50,12,"ax,ay,az,gx,gy,gz,acc_mag,gyro_mag,jerk,roll,pitch,tilt_delta",20.0,25.0,uniform_20hz_time_interpolation_to_25hz,adl_sliding_capped,238,297,,,dataset_unit_map,wrist,bits,m/s^2,rad/s,m/s^2,rad/s,1.0,1.0,True,test,non_fall,non_fall,2.935677912319079e-06,none,forward,0.9869584441184998
w25_00002564,bits,C:\Users\ADMIN\Desktop\ds-fall\data\raw\Dataset\adl\user39\user39_adl3.csv,C:\Users\ADMIN\Desktop\ds-fall\data\raw\Dataset,user39,user39_adl3,adl3,jogging,jogging,0,none,False,48,98,1.92,3.92,25.0,50,12,"ax,ay,az,gx,gy,gz,acc_mag,gyro_mag,jerk,roll,pitch,tilt_delta",20.0,25.0,uniform_20hz_time_interpolation_to_25hz,adl_sliding_capped,238,297,,,dataset_unit_map,wrist,bits,m/s^2,rad/s,m/s^2,rad/s,1.0,1.0,True,test,non_fall,non_fall,3.1325073450716445e-06,none,forward,0.979620635509491
w25_00002565,bits,C:\Users\ADMIN\Desktop\ds-fall\data\raw\Dataset\adl\user39\user39_adl4.csv,C:\Users\ADMIN\Desktop\ds-fall\data\raw\Dataset,user39,user39_adl4,adl4,jumping,jumping,0,none,False,0,50,0.0,2.0,25.0,50,12,"ax,ay,az,gx,gy,gz,acc_mag,gyro_mag,jerk,roll,pitch,tilt_delta",20.0,25.0,uniform_20hz_time_interpolation_to_25hz,adl_sliding_capped,934,1167,,,dataset_unit_map,wrist,bits,m/s^2,rad/s,m/s^2,rad/s,1.0,1.0,True,test,non_fall,non_fall,2.131703240593197e-06,none,lateral,0.9999703168869019
w25_00002566,bits,C:\Users\ADMIN\Desktop\ds-fall\data\raw\Dataset\adl\user39\user39_adl4.csv,C:\Users\ADMIN\Desktop\ds-fall\data\raw\Dataset,user39,user39_adl4,adl4,jumping,jumping,0,none,False,12,62,0.48,2.48,25.0,50,12,"ax,ay,az,gx,gy,gz,acc_mag,gyro_mag,jerk,roll,pitch,tilt_delta",20.0,25.0,uniform_20hz_time_interpolation_to_25hz,adl_sliding_capped,934,1167,,,dataset_unit_map,wrist,bits,m/s^2,rad/s,m/s^2,rad/s,1.0,1.0,True,test,non_fall,non_fall,0.0002988617343362421,none,lateral,0.9999567270278931
w25_00002567,bits,C:\Users\ADMIN\Desktop\ds-fall\data\raw\Dataset\adl\user39\user39_adl4.csv,C:\Users\ADMIN\Desktop\ds-fall\data\raw\Dataset,user39,user39_adl4,adl4,jumping,jumping,0,none,False,24,74,0.96,2.96,25.0,50,12,"ax,ay,az,gx,gy,gz,acc_mag,gyro_mag,jerk,roll,pitch,tilt_delta",20.0,25.0,uniform_20hz_time_interpolation_to_25hz,adl_sliding_capped,934,1167,,,dataset_unit_map,wrist,bits,m/s^2,rad/s,m/s^2,rad/s,1.0,1.0,True,test,non_fall,non_fall,0.0007462412468157709,none,lateral,0.999967098236084
w25_00002568,bits,C:\Users\ADMIN\Desktop\ds-fall\data\raw\Dataset\adl\user39\user39_adl4.csv,C:\Users\ADMIN\Desktop\ds-fall\data\raw\Dataset,user39,user39_adl4,adl4,jumping,jumping,0,none,False,36,86,1.44,3.44,25.0,50,12,"ax,ay,az,gx,gy,gz,acc_mag,gyro_mag,jerk,roll,pitch,tilt_delta",20.0,25.0,uniform_20hz_time_interpolation_to_25hz,adl_sliding_capped,934,1167,,,dataset_unit_map,wrist,bits,m/s^2,rad/s,m/s^2,rad/s,1.0,1.0,True,test,non_fall,non_fall,0.0003605546662583947,none,lateral,0.9933342933654785
w25_00002569,bits,C:\Users\ADMIN\Desktop\ds-fall\data\raw\Dataset\adl\user39\user39_adl4.csv,C:\Users\ADMIN\Desktop\ds-fall\data\raw\Dataset,user39,user39_adl4,adl4,jumping,jumping,0,none,False,48,98,1.92,3.92,25.0,50,12,"ax,ay,az,gx,gy,gz,acc_mag,gyro_mag,jerk,roll,pitch,tilt_delta",20.0,25.0,uniform_20hz_time_interpolation_to_25hz,adl_sliding_capped,934,1167,,,dataset_unit_map,wrist,bits,m/s^2,rad/s,m/s^2,rad/s,1.0,1.0,True,test,non_fall,non_fall,0.1307227462530136,none,lateral,0.8056564927101135
w25_00002570,bits,C:\Users\ADMIN\Desktop\ds-fall\data\raw\Dataset\adl\user39\user39_adl5.csv,C:\Users\ADMIN\Desktop\ds-fall\data\raw\Dataset,user39,user39_adl5,adl5,climbing_up_slowly,climbing_up_slowly,0,none,False,0,50,0.0,2.0,25.0,50,12,"ax,ay,az,gx,gy,gz,acc_mag,gyro_mag,jerk,roll,pitch,tilt_delta",20.0,25.0,uniform_20hz_time_interpolation_to_25hz,adl_sliding_capped,923,1153,,,dataset_unit_map,wrist,bits,m/s^2,rad/s,m/s^2,rad/s,1.0,1.0,True,test,non_fall,non_fall,2.828558649525803e-07,none,forward,0.9961636066436768
w25_00002571,bits,C:\Users\ADMIN\Desktop\ds-fall\data\raw\Dataset\adl\user39\user39_adl5.csv,C:\Users\ADMIN\Desktop\ds-fall\data\raw\Dataset,user39,user39_adl5,adl5,climbing_up_slowly,climbing_up_slowly,0,none,False,12,62,0.48,2.48,25.0,50,12,"ax,ay,az,gx,gy,gz,acc_mag,gyro_mag,jerk,roll,pitch,tilt_delta",20.0,25.0,uniform_20hz_time_interpolation_to_25hz,adl_sliding_capped,923,1153,,,dataset_unit_map,wrist,bits,m/s^2,rad/s,m/s^2,rad/s,1.0,1.0,True,test,non_fall,non_fall,4.1130442696157843e-07,none,forward,0.997474730014801
w25_00002572,bits,C:\Users\ADMIN\Desktop\ds-fall\data\raw\Dataset\adl\user39\user39_adl5.csv,C:\Users\ADMIN\Desktop\ds-fall\data\raw\Dataset,user39,user39_adl5,adl5,climbing_up_slowly,climbing_up_slowly,0,none,False,24,74,0.96,2.96,25.0,50,12,"ax,ay,az,gx,gy,gz,acc_mag,gyro_mag,jerk,roll,pitch,tilt_delta",20.0,25.0,uniform_20hz_time_interpolation_to_25hz,adl_sliding_capped,923,1153,,,dataset_unit_map,wrist,bits,m/s^2,rad/s,m/s^2,rad/s,1.0,1.0,True,test,non_fall,non_fall,1.8018981506884302e-07,none,forward,0.9744241237640381
w25_00002573,bits,C:\Users\ADMIN\Desktop\ds-fall\data\raw\Dataset\adl\user39\user39_adl5.csv,C:\Users\ADMIN\Desktop\ds-fall\data\raw\Dataset,user39,user39_adl5,adl5,climbing_up_slowly,climbing_up_slowly,0,none,False,36,86,1.44,3.44,25.0,50,12,"ax,ay,az,gx,gy,gz,acc_mag,gyro_mag,jerk,roll,pitch,tilt_delta",20.0,25.0,uniform_20hz_time_interpolation_to_25hz,adl_sliding_capped,923,1153,,,dataset_unit_map,wrist,bits,m/s^2,rad/s,m/s^2,rad/s,1.0,1.0,True,test,non_fall,non_fall,7.732554081485432e-07,none,forward,0.928677499294281
w25_00002574,bits,C:\Users\ADMIN\Desktop\ds-fall\data\raw\Dataset\adl\user39\user39_adl5.csv,C:\Users\ADMIN\Desktop\ds-fall\data\raw\Dataset,user39,user39_adl5,adl5,climbing_up_slowly,climbing_up_slowly,0,none,False,48,98,1.92,3.92,25.0,50,12,"ax,ay,az,gx,gy,gz,acc_mag,gyro_mag,jerk,roll,pitch,tilt_delta",20.0,25.0,uniform_20hz_time_interpolation_to_25hz,adl_sliding_capped,923,1153,,,dataset_unit_map,wrist,bits,m/s^2,rad/s,m/s^2,rad/s,1.0,1.0,True,test,non_fall,non_fall,1.0693480362533592e-05,none,forward,0.9641551971435547
w25_00002575,bits,C:\Users\ADMIN\Desktop\ds-fall\data\raw\Dataset\adl\user39\user39_adl6.csv,C:\Users\ADMIN\Desktop\ds-fall\data\raw\Dataset,user39,user39_adl6,adl6,climbing_down_slowly,climbing_down_slowly,0,none,False,0,50,0.0,2.0,25.0,50,12,"ax,ay,az,gx,gy,gz,acc_mag,gyro_mag,jerk,roll,pitch,tilt_delta",20.0,25.0,uniform_20hz_time_interpolation_to_25hz,adl_sliding_capped,203,253,,,dataset_unit_map,wrist,bits,m/s^2,rad/s,m/s^2,rad/s,1.0,1.0,True,test,non_fall,non_fall,7.575514246127568e-06,none,forward,0.9354490041732788
w25_00002576,bits,C:\Users\ADMIN\Desktop\ds-fall\data\raw\Dataset\adl\user39\user39_adl6.csv,C:\Users\ADMIN\Desktop\ds-fall\data\raw\Dataset,user39,user39_adl6,adl6,climbing_down_slowly,climbing_down_slowly,0,none,False,12,62,0.48,2.48,25.0,50,12,"ax,ay,az,gx,gy,gz,acc_mag,gyro_mag,jerk,roll,pitch,tilt_delta",20.0,25.0,uniform_20hz_time_interpolation_to_25hz,adl_sliding_capped,203,253,,,dataset_unit_map,wrist,bits,m/s^2,rad/s,m/s^2,rad/s,1.0,1.0,True,test,non_fall,non_fall,6.799413768021623e-06,none,forward,0.7264071702957153
w25_00002577,bits,C:\Users\ADMIN\Desktop\ds-fall\data\raw\Dataset\adl\user39\user39_adl6.csv,C:\Users\ADMIN\Desktop\ds-fall\data\raw\Dataset,user39,user39_adl6,adl6,climbing_down_slowly,climbing_down_slowly,0,none,False,24,74,0.96,2.96,25.0,50,12,"ax,ay,az,gx,gy,gz,acc_mag,gyro_mag,jerk,roll,pitch,tilt_delta",20.0,25.0,uniform_20hz_time_interpolation_to_25hz,adl_sliding_capped,203,253,,,dataset_unit_map,wrist,bits,m/s^2,rad/s,m/s^2,rad/s,1.0,1.0,True,test,non_fall,non_fall,3.930892944481457e-06,none,backward,0.613266110420227
w25_00002578,bits,C:\Users\ADMIN\Desktop\ds-fall\data\raw\Dataset\adl\user39\user39_adl6.csv,C:\Users\ADMIN\Desktop\ds-fall\data\raw\Dataset,user39,user39_adl6,adl6,climbing_down_slowly,climbing_down_slowly,0,none,False,36,86,1.44,3.44,25.0,50,12,"ax,ay,az,gx,gy,gz,acc_mag,gyro_mag,jerk,roll,pitch,tilt_delta",20.0,25.0,uniform_20hz_time_interpolation_to_25hz,adl_sliding_capped,203,253,,,dataset_unit_map,wrist,bits,m/s^2,rad/s,m/s^2,rad/s,1.0,1.0,True,test,non_fall,non_fall,5.534071192414558e-07,none,lateral,0.9997389912605286
w25_00002579,bits,C:\Users\ADMIN\Desktop\ds-fall\data\raw\Dataset\adl\user39\user39_adl6.csv,C:\Users\ADMIN\Desktop\ds-fall\data\raw\Dataset,user39,user39_adl6,adl6,climbing_down_slowly,climbing_down_slowly,0,none,False,48,98,1.92,3.92,25.0,50,12,"ax,ay,az,gx,gy,gz,acc_mag,gyro_mag,jerk,roll,pitch,tilt_delta",20.0,25.0,uniform_20hz_time_interpolation_to_25hz,adl_sliding_capped,203,253,,,dataset_unit_map,wrist,bits,m/s^2,rad/s,m/s^2,rad/s,1.0,1.0,True,test,non_fall,non_fall,3.301622086837597e-08,none,lateral,0.9990924596786499
w25_00002580,bits,C:\Users\ADMIN\Desktop\ds-fall\data\raw\Dataset\adl\user39\user39_adl7.csv,C:\Users\ADMIN\Desktop\ds-fall\data\raw\Dataset,user39,user39_adl7,adl7,climbing_up_normally,climbing_up_normally,0,none,False,0,50,0.0,2.0,25.0,50,12,"ax,ay,az,gx,gy,gz,acc_mag,gyro_mag,jerk,roll,pitch,tilt_delta",20.0,25.0,uniform_20hz_time_interpolation_to_25hz,adl_sliding_capped,843,1053,,,dataset_unit_map,wrist,bits,m/s^2,rad/s,m/s^2,rad/s,1.0,1.0,True,test,non_fall,non_fall,2.309866795258131e-05,none,forward,0.5039077401161194
w25_00002581,bits,C:\Users\ADMIN\Desktop\ds-fall\data\raw\Dataset\adl\user39\user39_adl7.csv,C:\Users\ADMIN\Desktop\ds-fall\data\raw\Dataset,user39,user39_adl7,adl7,climbing_up_normally,climbing_up_normally,0,none,False,12,62,0.48,2.48,25.0,50,12,"ax,ay,az,gx,gy,gz,acc_mag,gyro_mag,jerk,roll,pitch,tilt_delta",20.0,25.0,uniform_20hz_time_interpolation_to_25hz,adl_sliding_capped,843,1053,,,dataset_unit_map,wrist,bits,m/s^2,rad/s,m/s^2,rad/s,1.0,1.0,True,test,non_fall,non_fall,4.962781986250775e-06,none,forward,0.871832549571991
w25_00002582,bits,C:\Users\ADMIN\Desktop\ds-fall\data\raw\Dataset\adl\user39\user39_adl7.csv,C:\Users\ADMIN\Desktop\ds-fall\data\raw\Dataset,user39,user39_adl7,adl7,climbing_up_normally,climbing_up_normally,0,none,False,24,74,0.96,2.96,25.0,50,12,"ax,ay,az,gx,gy,gz,acc_mag,gyro_mag,jerk,roll,pitch,tilt_delta",20.0,25.0,uniform_20hz_time_interpolation_to_25hz,adl_sliding_capped,843,1053,,,dataset_unit_map,wrist,bits,m/s^2,rad/s,m/s^2,rad/s,1.0,1.0,True,test,non_fall,non_fall,1.0305640898877755e-05,none,forward,0.979871928691864
w25_00002583,bits,C:\Users\ADMIN\Desktop\ds-fall\data\raw\Dataset\adl\user39\user39_adl7.csv,C:\Users\ADMIN\Desktop\ds-fall\data\raw\Dataset,user39,user39_adl7,adl7,climbing_up_normally,climbing_up_normally,0,none,False,36,86,1.44,3.44,25.0,50,12,"ax,ay,az,gx,gy,gz,acc_mag,gyro_mag,jerk,roll,pitch,tilt_delta",20.0,25.0,uniform_20hz_time_interpolation_to_25hz,adl_sliding_capped,843,1053,,,dataset_unit_map,wrist,bits,m/s^2,rad/s,m/s^2,rad/s,1.0,1.0,True,test,non_fall,non_fall,0.00010368163202656433,none,forward,0.9877646565437317
w25_00002584,bits,C:\Users\ADMIN\Desktop\ds-fall\data\raw\Dataset\adl\user39\user39_adl7.csv,C:\Users\ADMIN\Desktop\ds-fall\data\raw\Dataset,user39,user39_adl7,adl7,climbing_up_normally,climbing_up_normally,0,none,False,48,98,1.92,3.92,25.0,50,12,"ax,ay,az,gx,gy,gz,acc_mag,gyro_mag,jerk,roll,pitch,tilt_delta",20.0,25.0,uniform_20hz_time_interpolation_to_25hz,adl_sliding_capped,843,1053,,,dataset_unit_map,wrist,bits,m/s^2,rad/s,m/s^2,rad/s,1.0,1.0,True,test,non_fall,non_fall,0.00023681310995016247,none,forward,0.9087765216827393
w25_00002585,bits,C:\Users\ADMIN\Desktop\ds-fall\data\raw\Dataset\adl\user39\user39_adl8.csv,C:\Users\ADMIN\Desktop\ds-fall\data\raw\Dataset,user39,user39_adl8,adl8,climbing_down_normally,climbing_down_normally,0,none,False,0,50,0.0,2.0,25.0,50,12,"ax,ay,az,gx,gy,gz,acc_mag,gyro_mag,jerk,roll,pitch,tilt_delta",20.0,25.0,uniform_20hz_time_interpolation_to_25hz,adl_sliding_capped,783,978,,,dataset_unit_map,wrist,bits,m/s^2,rad/s,m/s^2,rad/s,1.0,1.0,True,test,non_fall,non_fall,6.706645308440784e-06,none,lateral,0.9292742609977722
w25_00002586,bits,C:\Users\ADMIN\Desktop\ds-fall\data\raw\Dataset\adl\user39\user39_adl8.csv,C:\Users\ADMIN\Desktop\ds-fall\data\raw\Dataset,user39,user39_adl8,adl8,climbing_down_normally,climbing_down_normally,0,none,False,12,62,0.48,2.48,25.0,50,12,"ax,ay,az,gx,gy,gz,acc_mag,gyro_mag,jerk,roll,pitch,tilt_delta",20.0,25.0,uniform_20hz_time_interpolation_to_25hz,adl_sliding_capped,783,978,,,dataset_unit_map,wrist,bits,m/s^2,rad/s,m/s^2,rad/s,1.0,1.0,True,test,non_fall,non_fall,5.454608071886469e-06,none,lateral,0.8487503528594971
w25_00002587,bits,C:\Users\ADMIN\Desktop\ds-fall\data\raw\Dataset\adl\user39\user39_adl8.csv,C:\Users\ADMIN\Desktop\ds-fall\data\raw\Dataset,user39,user39_adl8,adl8,climbing_down_normally,climbing_down_normally,0,none,False,24,74,0.96,2.96,25.0,50,12,"ax,ay,az,gx,gy,gz,acc_mag,gyro_mag,jerk,roll,pitch,tilt_delta",20.0,25.0,uniform_20hz_time_interpolation_to_25hz,adl_sliding_capped,783,978,,,dataset_unit_map,wrist,bits,m/s^2,rad/s,m/s^2,rad/s,1.0,1.0,True,test,non_fall,non_fall,1.2824598343286198e-05,none,lateral,0.7243901491165161
w25_00002588,bits,C:\Users\ADMIN\Desktop\ds-fall\data\raw\Dataset\adl\user39\user39_adl8.csv,C:\Users\ADMIN\Desktop\ds-fall\data\raw\Dataset,user39,user39_adl8,adl8,climbing_down_normally,climbing_down_normally,0,none,False,36,86,1.44,3.44,25.0,50,12,"ax,ay,az,gx,gy,gz,acc_mag,gyro_mag,jerk,roll,pitch,tilt_delta",20.0,25.0,uniform_20hz_time_interpolation_to_25hz,adl_sliding_capped,783,978,,,dataset_unit_map,wrist,bits,m/s^2,rad/s,m/s^2,rad/s,1.0,1.0,True,test,non_fall,non_fall,3.468578142928891e-05,none,forward,0.9453641176223755
w25_00002589,bits,C:\Users\ADMIN\Desktop\ds-fall\data\raw\Dataset\adl\user39\user39_adl8.csv,C:\Users\ADMIN\Desktop\ds-fall\data\raw\Dataset,user39,user39_adl8,adl8,climbing_down_normally,climbing_down_normally,0,none,False,48,98,1.92,3.92,25.0,50,12,"ax,ay,az,gx,gy,gz,acc_mag,gyro_mag,jerk,roll,pitch,tilt_delta",20.0,25.0,uniform_20hz_time_interpolation_to_25hz,adl_sliding_capped,783,978,,,dataset_unit_map,wrist,bits,m/s^2,rad/s,m/s^2,rad/s,1.0,1.0,True,test,non_fall,non_fall,5.5991845329117496e-06,none,forward,0.9986091256141663
w25_00002590,bits,C:\Users\ADMIN\Desktop\ds-fall\data\raw\Dataset\adl\user39\user39_adl9.csv,C:\Users\ADMIN\Desktop\ds-fall\data\raw\Dataset,user39,user39_adl9,adl9,slowly_sitting_on_chair,slowly_sitting_on_chair,0,none,False,0,50,0.0,2.0,25.0,50,12,"ax,ay,az,gx,gy,gz,acc_mag,gyro_mag,jerk,roll,pitch,tilt_delta",20.0,25.0,uniform_20hz_time_interpolation_to_25hz,adl_sliding_capped,157,196,,,dataset_unit_map,wrist,bits,m/s^2,rad/s,m/s^2,rad/s,1.0,1.0,True,test,non_fall,non_fall,8.072183845797554e-06,none,lateral,0.9814184904098511
w25_00002591,bits,C:\Users\ADMIN\Desktop\ds-fall\data\raw\Dataset\adl\user39\user39_adl9.csv,C:\Users\ADMIN\Desktop\ds-fall\data\raw\Dataset,user39,user39_adl9,adl9,slowly_sitting_on_chair,slowly_sitting_on_chair,0,none,False,12,62,0.48,2.48,25.0,50,12,"ax,ay,az,gx,gy,gz,acc_mag,gyro_mag,jerk,roll,pitch,tilt_delta",20.0,25.0,uniform_20hz_time_interpolation_to_25hz,adl_sliding_capped,157,196,,,dataset_unit_map,wrist,bits,m/s^2,rad/s,m/s^2,rad/s,1.0,1.0,True,test,non_fall,non_fall,2.831000165315345e-05,none,lateral,0.9837175607681274
w25_00002592,bits,C:\Users\ADMIN\Desktop\ds-fall\data\raw\Dataset\adl\user39\user39_adl9.csv,C:\Users\ADMIN\Desktop\ds-fall\data\raw\Dataset,user39,user39_adl9,adl9,slowly_sitting_on_chair,slowly_sitting_on_chair,0,none,False,24,74,0.96,2.96,25.0,50,12,"ax,ay,az,gx,gy,gz,acc_mag,gyro_mag,jerk,roll,pitch,tilt_delta",20.0,25.0,uniform_20hz_time_interpolation_to_25hz,adl_sliding_capped,157,196,,,dataset_unit_map,wrist,bits,m/s^2,rad/s,m/s^2,rad/s,1.0,1.0,True,test,non_fall,non_fall,2.748031147348229e-05,none,lateral,0.9730449914932251
w25_00002593,bits,C:\Users\ADMIN\Desktop\ds-fall\data\raw\Dataset\adl\user39\user39_adl9.csv,C:\Users\ADMIN\Desktop\ds-fall\data\raw\Dataset,user39,user39_adl9,adl9,slowly_sitting_on_chair,slowly_sitting_on_chair,0,none,False,36,86,1.44,3.44,25.0,50,12,"ax,ay,az,gx,gy,gz,acc_mag,gyro_mag,jerk,roll,pitch,tilt_delta",20.0,25.0,uniform_20hz_time_interpolation_to_25hz,adl_sliding_capped,157,196,,,dataset_unit_map,wrist,bits,m/s^2,rad/s,m/s^2,rad/s,1.0,1.0,True,test,non_fall,non_fall,4.977696153218858e-05,none,lateral,0.9864415526390076
w25_00002594,bits,C:\Users\ADMIN\Desktop\ds-fall\data\raw\Dataset\adl\user39\user39_adl9.csv,C:\Users\ADMIN\Desktop\ds-fall\data\raw\Dataset,user39,user39_adl9,adl9,slowly_sitting_on_chair,slowly_sitting_on_chair,0,none,False,48,98,1.92,3.92,25.0,50,12,"ax,ay,az,gx,gy,gz,acc_mag,gyro_mag,jerk,roll,pitch,tilt_delta",20.0,25.0,uniform_20hz_time_interpolation_to_25hz,adl_sliding_capped,157,196,,,dataset_unit_map,wrist,bits,m/s^2,rad/s,m/s^2,rad/s,1.0,1.0,True,test,non_fall,non_fall,0.002083450322970748,none,lateral,0.9447224140167236
w25_00003296,bits,C:\Users\ADMIN\Desktop\ds-fall\data\raw\Dataset\fall\user17\user17_fall1.csv,C:\Users\ADMIN\Desktop\ds-fall\data\raw\Dataset,user17,user17_fall1,fall1,forward_fall_landing_on_knee,forward_fall_landing_on_knee,1,forward,True,116,166,4.64,6.64,25.0,50,12,"ax,ay,az,gx,gy,gz,acc_mag,gyro_mag,jerk,roll,pitch,tilt_delta",20.0,25.0,uniform_20hz_time_interpolation_to_25hz,impact_peak_centered_label_by_activity,180,224,,,dataset_unit_map,wrist,bits,m/s^2,rad/s,m/s^2,rad/s,1.0,1.0,True,test,fall,fall,1.0,forward,forward,0.9999934434890747
w25_00003297,bits,C:\Users\ADMIN\Desktop\ds-fall\data\raw\Dataset\fall\user17\user17_fall2.csv,C:\Users\ADMIN\Desktop\ds-fall\data\raw\Dataset,user17,user17_fall2,fall2,right_fall,right_fall,1,lateral,True,38,88,1.52,3.52,25.0,50,12,"ax,ay,az,gx,gy,gz,acc_mag,gyro_mag,jerk,roll,pitch,tilt_delta",20.0,25.0,uniform_20hz_time_interpolation_to_25hz,impact_peak_centered_label_by_activity,479,598,,,dataset_unit_map,wrist,bits,m/s^2,rad/s,m/s^2,rad/s,1.0,1.0,True,test,fall,fall,1.0,lateral,forward,0.999909520149231
w25_00003298,bits,C:\Users\ADMIN\Desktop\ds-fall\data\raw\Dataset\fall\user17\user17_fall3.csv,C:\Users\ADMIN\Desktop\ds-fall\data\raw\Dataset,user17,user17_fall3,fall3,left_fall,left_fall,1,lateral,True,37,87,1.48,3.48,25.0,50,12,"ax,ay,az,gx,gy,gz,acc_mag,gyro_mag,jerk,roll,pitch,tilt_delta",20.0,25.0,uniform_20hz_time_interpolation_to_25hz,impact_peak_centered_label_by_activity,1145,1431,,,dataset_unit_map,wrist,bits,m/s^2,rad/s,m/s^2,rad/s,1.0,1.0,True,test,fall,fall,0.9999997615814209,lateral,lateral,0.9999984502792358
w25_00003299,bits,C:\Users\ADMIN\Desktop\ds-fall\data\raw\Dataset\fall\user17\user17_fall4.csv,C:\Users\ADMIN\Desktop\ds-fall\data\raw\Dataset,user17,user17_fall4,fall4,forward_fall,forward_fall,1,forward,True,59,109,2.36,4.36,25.0,50,12,"ax,ay,az,gx,gy,gz,acc_mag,gyro_mag,jerk,roll,pitch,tilt_delta",20.0,25.0,uniform_20hz_time_interpolation_to_25hz,impact_peak_centered_label_by_activity,391,488,,,dataset_unit_map,wrist,bits,m/s^2,rad/s,m/s^2,rad/s,1.0,1.0,True,test,fall,fall,1.0,forward,forward,0.9985806941986084
w25_00003300,bits,C:\Users\ADMIN\Desktop\ds-fall\data\raw\Dataset\fall\user17\user17_fall5.csv,C:\Users\ADMIN\Desktop\ds-fall\data\raw\Dataset,user17,user17_fall5,fall5,seated_on_bed_falling_on_ground,seated_on_bed_falling_on_ground,1,other,False,166,216,6.64,8.64,25.0,50,12,"ax,ay,az,gx,gy,gz,acc_mag,gyro_mag,jerk,roll,pitch,tilt_delta",20.0,25.0,uniform_20hz_time_interpolation_to_25hz,impact_peak_centered_label_by_activity,1233,1541,,,dataset_unit_map,wrist,bits,m/s^2,rad/s,m/s^2,rad/s,1.0,1.0,True,test,fall,non_fall,0.012848666869103909,none,lateral,0.9987032413482666
w25_00003301,bits,C:\Users\ADMIN\Desktop\ds-fall\data\raw\Dataset\fall\user17\user17_fall6.csv,C:\Users\ADMIN\Desktop\ds-fall\data\raw\Dataset,user17,user17_fall6,fall6,forward_fall_body_weight_on_hand,forward_fall_body_weight_on_hand,1,forward,True,135,185,5.4,7.4,25.0,50,12,"ax,ay,az,gx,gy,gz,acc_mag,gyro_mag,jerk,roll,pitch,tilt_delta",20.0,25.0,uniform_20hz_time_interpolation_to_25hz,impact_peak_centered_label_by_activity,702,877,,,dataset_unit_map,wrist,bits,m/s^2,rad/s,m/s^2,rad/s,1.0,1.0,True,test,fall,fall,1.0,forward,forward,1.0
w25_00003302,bits,C:\Users\ADMIN\Desktop\ds-fall\data\raw\Dataset\fall\user17\user17_fall7.csv,C:\Users\ADMIN\Desktop\ds-fall\data\raw\Dataset,user17,user17_fall7,fall7,backward_fall_from_seated,backward_fall_from_seated,1,backward,True,231,281,9.24,11.24,25.0,50,12,"ax,ay,az,gx,gy,gz,acc_mag,gyro_mag,jerk,roll,pitch,tilt_delta",20.0,25.0,uniform_20hz_time_interpolation_to_25hz,impact_peak_centered_label_by_activity,331,413,,,dataset_unit_map,wrist,bits,m/s^2,rad/s,m/s^2,rad/s,1.0,1.0,True,test,fall,fall,0.9996782541275024,backward,lateral,0.7779799699783325
w25_00003303,bits,C:\Users\ADMIN\Desktop\ds-fall\data\raw\Dataset\fall\user17\user17_fall8.csv,C:\Users\ADMIN\Desktop\ds-fall\data\raw\Dataset,user17,user17_fall8,fall8,grabbing_while_falling,grabbing_while_falling,1,other,False,119,169,4.76,6.76,25.0,50,12,"ax,ay,az,gx,gy,gz,acc_mag,gyro_mag,jerk,roll,pitch,tilt_delta",20.0,25.0,uniform_20hz_time_interpolation_to_25hz,impact_peak_centered_label_by_activity,1179,1473,,,dataset_unit_map,wrist,bits,m/s^2,rad/s,m/s^2,rad/s,1.0,1.0,True,test,fall,fall,1.0,none,lateral,0.9592989683151245
w25_00003384,bits,C:\Users\ADMIN\Desktop\ds-fall\data\raw\Dataset\fall\user27\user27_fall1.csv,C:\Users\ADMIN\Desktop\ds-fall\data\raw\Dataset,user27,user27_fall1,fall1,forward_fall_landing_on_knee,forward_fall_landing_on_knee,1,forward,True,120,170,4.8,6.8,25.0,50,12,"ax,ay,az,gx,gy,gz,acc_mag,gyro_mag,jerk,roll,pitch,tilt_delta",20.0,25.0,uniform_20hz_time_interpolation_to_25hz,impact_peak_centered_label_by_activity,177,221,,,dataset_unit_map,wrist,bits,m/s^2,rad/s,m/s^2,rad/s,1.0,1.0,True,test,fall,non_fall,1.8017414049609215e-06,forward,forward,0.9273237586021423
w25_00003385,bits,C:\Users\ADMIN\Desktop\ds-fall\data\raw\Dataset\fall\user27\user27_fall2.csv,C:\Users\ADMIN\Desktop\ds-fall\data\raw\Dataset,user27,user27_fall2,fall2,right_fall,right_fall,1,lateral,True,229,279,9.16,11.16,25.0,50,12,"ax,ay,az,gx,gy,gz,acc_mag,gyro_mag,jerk,roll,pitch,tilt_delta",20.0,25.0,uniform_20hz_time_interpolation_to_25hz,impact_peak_centered_label_by_activity,756,944,,,dataset_unit_map,wrist,bits,m/s^2,rad/s,m/s^2,rad/s,1.0,1.0,True,test,fall,fall,1.0,lateral,forward,0.9732988476753235
w25_00003386,bits,C:\Users\ADMIN\Desktop\ds-fall\data\raw\Dataset\fall\user27\user27_fall3.csv,C:\Users\ADMIN\Desktop\ds-fall\data\raw\Dataset,user27,user27_fall3,fall3,left_fall,left_fall,1,lateral,True,211,261,8.44,10.44,25.0,50,12,"ax,ay,az,gx,gy,gz,acc_mag,gyro_mag,jerk,roll,pitch,tilt_delta",20.0,25.0,uniform_20hz_time_interpolation_to_25hz,impact_peak_centered_label_by_activity,529,661,,,dataset_unit_map,wrist,bits,m/s^2,rad/s,m/s^2,rad/s,1.0,1.0,True,test,fall,fall,1.0,lateral,forward,0.9920504689216614
w25_00003387,bits,C:\Users\ADMIN\Desktop\ds-fall\data\raw\Dataset\fall\user27\user27_fall4.csv,C:\Users\ADMIN\Desktop\ds-fall\data\raw\Dataset,user27,user27_fall4,fall4,forward_fall,forward_fall,1,forward,True,234,284,9.36,11.36,25.0,50,12,"ax,ay,az,gx,gy,gz,acc_mag,gyro_mag,jerk,roll,pitch,tilt_delta",20.0,25.0,uniform_20hz_time_interpolation_to_25hz,impact_peak_centered_label_by_activity,244,304,,,dataset_unit_map,wrist,bits,m/s^2,rad/s,m/s^2,rad/s,1.0,1.0,True,test,fall,fall,1.0,forward,forward,0.7570987343788147
w25_00003388,bits,C:\Users\ADMIN\Desktop\ds-fall\data\raw\Dataset\fall\user27\user27_fall5.csv,C:\Users\ADMIN\Desktop\ds-fall\data\raw\Dataset,user27,user27_fall5,fall5,seated_on_bed_falling_on_ground,seated_on_bed_falling_on_ground,1,other,False,210,260,8.4,10.4,25.0,50,12,"ax,ay,az,gx,gy,gz,acc_mag,gyro_mag,jerk,roll,pitch,tilt_delta",20.0,25.0,uniform_20hz_time_interpolation_to_25hz,impact_peak_centered_label_by_activity,241,301,,,dataset_unit_map,wrist,bits,m/s^2,rad/s,m/s^2,rad/s,1.0,1.0,True,test,fall,non_fall,0.003245489438995719,none,lateral,0.8609265089035034
w25_00003389,bits,C:\Users\ADMIN\Desktop\ds-fall\data\raw\Dataset\fall\user27\user27_fall6.csv,C:\Users\ADMIN\Desktop\ds-fall\data\raw\Dataset,user27,user27_fall6,fall6,forward_fall_body_weight_on_hand,forward_fall_body_weight_on_hand,1,forward,True,190,240,7.6,9.6,25.0,50,12,"ax,ay,az,gx,gy,gz,acc_mag,gyro_mag,jerk,roll,pitch,tilt_delta",20.0,25.0,uniform_20hz_time_interpolation_to_25hz,impact_peak_centered_label_by_activity,272,339,,,dataset_unit_map,wrist,bits,m/s^2,rad/s,m/s^2,rad/s,1.0,1.0,True,test,fall,fall,1.0,forward,forward,1.0
w25_00003390,bits,C:\Users\ADMIN\Desktop\ds-fall\data\raw\Dataset\fall\user27\user27_fall7.csv,C:\Users\ADMIN\Desktop\ds-fall\data\raw\Dataset,user27,user27_fall7,fall7,backward_fall_from_seated,backward_fall_from_seated,1,backward,True,236,286,9.44,11.44,25.0,50,12,"ax,ay,az,gx,gy,gz,acc_mag,gyro_mag,jerk,roll,pitch,tilt_delta",20.0,25.0,uniform_20hz_time_interpolation_to_25hz,impact_peak_centered_label_by_activity,241,301,,,dataset_unit_map,wrist,bits,m/s^2,rad/s,m/s^2,rad/s,1.0,1.0,True,test,fall,fall,0.9999998807907104,backward,backward,0.9999984502792358
w25_00003391,bits,C:\Users\ADMIN\Desktop\ds-fall\data\raw\Dataset\fall\user27\user27_fall8.csv,C:\Users\ADMIN\Desktop\ds-fall\data\raw\Dataset,user27,user27_fall8,fall8,grabbing_while_falling,grabbing_while_falling,1,other,False,199,249,7.96,9.96,25.0,50,12,"ax,ay,az,gx,gy,gz,acc_mag,gyro_mag,jerk,roll,pitch,tilt_delta",20.0,25.0,uniform_20hz_time_interpolation_to_25hz,impact_peak_centered_label_by_activity,496,619,,,dataset_unit_map,wrist,bits,m/s^2,rad/s,m/s^2,rad/s,1.0,1.0,True,test,fall,fall,0.9999628067016602,none,forward,0.9999998807907104
w25_00003400,bits,C:\Users\ADMIN\Desktop\ds-fall\data\raw\Dataset\fall\user29\user29_fall1.csv,C:\Users\ADMIN\Desktop\ds-fall\data\raw\Dataset,user29,user29_fall1,fall1,forward_fall_landing_on_knee,forward_fall_landing_on_knee,1,forward,True,222,272,8.88,10.88,25.0,50,12,"ax,ay,az,gx,gy,gz,acc_mag,gyro_mag,jerk,roll,pitch,tilt_delta",20.0,25.0,uniform_20hz_time_interpolation_to_25hz,impact_peak_centered_label_by_activity,1252,1564,,,dataset_unit_map,wrist,bits,m/s^2,rad/s,m/s^2,rad/s,1.0,1.0,True,test,fall,fall,0.9999979734420776,forward,forward,1.0
w25_00003401,bits,C:\Users\ADMIN\Desktop\ds-fall\data\raw\Dataset\fall\user29\user29_fall2.csv,C:\Users\ADMIN\Desktop\ds-fall\data\raw\Dataset,user29,user29_fall2,fall2,right_fall,right_fall,1,lateral,True,255,305,10.2,12.2,25.0,50,12,"ax,ay,az,gx,gy,gz,acc_mag,gyro_mag,jerk,roll,pitch,tilt_delta",20.0,25.0,uniform_20hz_time_interpolation_to_25hz,impact_peak_centered_label_by_activity,728,909,,,dataset_unit_map,wrist,bits,m/s^2,rad/s,m/s^2,rad/s,1.0,1.0,True,test,fall,fall,1.0,lateral,lateral,0.9999181032180786
w25_00003402,bits,C:\Users\ADMIN\Desktop\ds-fall\data\raw\Dataset\fall\user29\user29_fall3.csv,C:\Users\ADMIN\Desktop\ds-fall\data\raw\Dataset,user29,user29_fall3,fall3,left_fall,left_fall,1,lateral,True,187,237,7.48,9.48,25.0,50,12,"ax,ay,az,gx,gy,gz,acc_mag,gyro_mag,jerk,roll,pitch,tilt_delta",20.0,25.0,uniform_20hz_time_interpolation_to_25hz,impact_peak_centered_label_by_activity,727,908,,,dataset_unit_map,wrist,bits,m/s^2,rad/s,m/s^2,rad/s,1.0,1.0,True,test,fall,fall,1.0,lateral,forward,0.9569569230079651
w25_00003403,bits,C:\Users\ADMIN\Desktop\ds-fall\data\raw\Dataset\fall\user29\user29_fall4.csv,C:\Users\ADMIN\Desktop\ds-fall\data\raw\Dataset,user29,user29_fall4,fall4,forward_fall,forward_fall,1,forward,True,186,236,7.44,9.44,25.0,50,12,"ax,ay,az,gx,gy,gz,acc_mag,gyro_mag,jerk,roll,pitch,tilt_delta",20.0,25.0,uniform_20hz_time_interpolation_to_25hz,impact_peak_centered_label_by_activity,199,248,,,dataset_unit_map,wrist,bits,m/s^2,rad/s,m/s^2,rad/s,1.0,1.0,True,test,fall,fall,1.0,forward,forward,0.9801893830299377
w25_00003404,bits,C:\Users\ADMIN\Desktop\ds-fall\data\raw\Dataset\fall\user29\user29_fall5.csv,C:\Users\ADMIN\Desktop\ds-fall\data\raw\Dataset,user29,user29_fall5,fall5,seated_on_bed_falling_on_ground,seated_on_bed_falling_on_ground,1,other,False,244,294,9.76,11.76,25.0,50,12,"ax,ay,az,gx,gy,gz,acc_mag,gyro_mag,jerk,roll,pitch,tilt_delta",20.0,25.0,uniform_20hz_time_interpolation_to_25hz,impact_peak_centered_label_by_activity,546,682,,,dataset_unit_map,wrist,bits,m/s^2,rad/s,m/s^2,rad/s,1.0,1.0,True,test,fall,fall,1.0,none,lateral,0.9999998807907104
w25_00003405,bits,C:\Users\ADMIN\Desktop\ds-fall\data\raw\Dataset\fall\user29\user29_fall6.csv,C:\Users\ADMIN\Desktop\ds-fall\data\raw\Dataset,user29,user29_fall6,fall6,forward_fall_body_weight_on_hand,forward_fall_body_weight_on_hand,1,forward,True,211,261,8.44,10.44,25.0,50,12,"ax,ay,az,gx,gy,gz,acc_mag,gyro_mag,jerk,roll,pitch,tilt_delta",20.0,25.0,uniform_20hz_time_interpolation_to_25hz,impact_peak_centered_label_by_activity,577,721,,,dataset_unit_map,wrist,bits,m/s^2,rad/s,m/s^2,rad/s,1.0,1.0,True,test,fall,fall,1.0,forward,forward,1.0
w25_00003406,bits,C:\Users\ADMIN\Desktop\ds-fall\data\raw\Dataset\fall\user29\user29_fall7.csv,C:\Users\ADMIN\Desktop\ds-fall\data\raw\Dataset,user29,user29_fall7,fall7,backward_fall_from_seated,backward_fall_from_seated,1,backward,True,232,282,9.28,11.28,25.0,50,12,"ax,ay,az,gx,gy,gz,acc_mag,gyro_mag,jerk,roll,pitch,tilt_delta",20.0,25.0,uniform_20hz_time_interpolation_to_25hz,impact_peak_centered_label_by_activity,1305,1631,,,dataset_unit_map,wrist,bits,m/s^2,rad/s,m/s^2,rad/s,1.0,1.0,True,test,fall,non_fall,0.012441577389836311,backward,backward,0.9940798282623291
w25_00003407,bits,C:\Users\ADMIN\Desktop\ds-fall\data\raw\Dataset\fall\user29\user29_fall8.csv,C:\Users\ADMIN\Desktop\ds-fall\data\raw\Dataset,user29,user29_fall8,fall8,grabbing_while_falling,grabbing_while_falling,1,other,False,250,300,10.0,12.0,25.0,50,12,"ax,ay,az,gx,gy,gz,acc_mag,gyro_mag,jerk,roll,pitch,tilt_delta",20.0,25.0,uniform_20hz_time_interpolation_to_25hz,impact_peak_centered_label_by_activity,879,1098,,,dataset_unit_map,wrist,bits,m/s^2,rad/s,m/s^2,rad/s,1.0,1.0,True,test,fall,fall,0.9999996423721313,none,backward,0.8224284052848816
w25_00003424,bits,C:\Users\ADMIN\Desktop\ds-fall\data\raw\Dataset\fall\user31\user31_.fall1.csv,C:\Users\ADMIN\Desktop\ds-fall\data\raw\Dataset,user31,user31_.fall1,fall1,forward_fall_landing_on_knee,forward_fall_landing_on_knee,1,forward,True,133,183,5.32,7.32,25.0,50,12,"ax,ay,az,gx,gy,gz,acc_mag,gyro_mag,jerk,roll,pitch,tilt_delta",20.0,25.0,uniform_20hz_time_interpolation_to_25hz,impact_peak_centered_label_by_activity,181,226,,,dataset_unit_map,wrist,bits,m/s^2,rad/s,m/s^2,rad/s,1.0,1.0,True,test,fall,non_fall,0.0001379274035571143,forward,forward,0.9680724143981934
w25_00003425,bits,C:\Users\ADMIN\Desktop\ds-fall\data\raw\Dataset\fall\user31\user31_.fall3.csv,C:\Users\ADMIN\Desktop\ds-fall\data\raw\Dataset,user31,user31_.fall3,fall3,left_fall,left_fall,1,lateral,True,162,212,6.48,8.48,25.0,50,12,"ax,ay,az,gx,gy,gz,acc_mag,gyro_mag,jerk,roll,pitch,tilt_delta",20.0,25.0,uniform_20hz_time_interpolation_to_25hz,impact_peak_centered_label_by_activity,328,409,,,dataset_unit_map,wrist,bits,m/s^2,rad/s,m/s^2,rad/s,1.0,1.0,True,test,fall,fall,0.9999998807907104,lateral,forward,0.9960579872131348
w25_00003426,bits,C:\Users\ADMIN\Desktop\ds-fall\data\raw\Dataset\fall\user31\user31_.fall4.csv,C:\Users\ADMIN\Desktop\ds-fall\data\raw\Dataset,user31,user31_.fall4,fall4,forward_fall,forward_fall,1,forward,True,207,257,8.28,10.28,25.0,50,12,"ax,ay,az,gx,gy,gz,acc_mag,gyro_mag,jerk,roll,pitch,tilt_delta",20.0,25.0,uniform_20hz_time_interpolation_to_25hz,impact_peak_centered_label_by_activity,379,473,,,dataset_unit_map,wrist,bits,m/s^2,rad/s,m/s^2,rad/s,1.0,1.0,True,test,fall,fall,1.0,forward,forward,1.0
w25_00003427,bits,C:\Users\ADMIN\Desktop\ds-fall\data\raw\Dataset\fall\user31\user31_.fall6.csv,C:\Users\ADMIN\Desktop\ds-fall\data\raw\Dataset,user31,user31_.fall6,fall6,forward_fall_body_weight_on_hand,forward_fall_body_weight_on_hand,1,forward,True,172,222,6.88,8.88,25.0,50,12,"ax,ay,az,gx,gy,gz,acc_mag,gyro_mag,jerk,roll,pitch,tilt_delta",20.0,25.0,uniform_20hz_time_interpolation_to_25hz,impact_peak_centered_label_by_activity,378,472,,,dataset_unit_map,wrist,bits,m/s^2,rad/s,m/s^2,rad/s,1.0,1.0,True,test,fall,fall,1.0,forward,forward,1.0
w25_00003428,bits,C:\Users\ADMIN\Desktop\ds-fall\data\raw\Dataset\fall\user31\user31_fall2.csv,C:\Users\ADMIN\Desktop\ds-fall\data\raw\Dataset,user31,user31_fall2,fall2,right_fall,right_fall,1,lateral,True,131,181,5.24,7.24,25.0,50,12,"ax,ay,az,gx,gy,gz,acc_mag,gyro_mag,jerk,roll,pitch,tilt_delta",20.0,25.0,uniform_20hz_time_interpolation_to_25hz,impact_peak_centered_label_by_activity,698,872,,,dataset_unit_map,wrist,bits,m/s^2,rad/s,m/s^2,rad/s,1.0,1.0,True,test,fall,fall,0.9733354449272156,lateral,lateral,0.6943124532699585
w25_00003429,bits,C:\Users\ADMIN\Desktop\ds-fall\data\raw\Dataset\fall\user31\user31_fall5.csv,C:\Users\ADMIN\Desktop\ds-fall\data\raw\Dataset,user31,user31_fall5,fall5,seated_on_bed_falling_on_ground,seated_on_bed_falling_on_ground,1,other,False,165,215,6.6,8.6,25.0,50,12,"ax,ay,az,gx,gy,gz,acc_mag,gyro_mag,jerk,roll,pitch,tilt_delta",20.0,25.0,uniform_20hz_time_interpolation_to_25hz,impact_peak_centered_label_by_activity,479,598,,,dataset_unit_map,wrist,bits,m/s^2,rad/s,m/s^2,rad/s,1.0,1.0,True,test,fall,non_fall,0.00021303375251591206,none,backward,0.9999886751174927
w25_00003430,bits,C:\Users\ADMIN\Desktop\ds-fall\data\raw\Dataset\fall\user31\user31_fall7.csv,C:\Users\ADMIN\Desktop\ds-fall\data\raw\Dataset,user31,user31_fall7,fall7,backward_fall_from_seated,backward_fall_from_seated,1,backward,True,195,245,7.8,9.8,25.0,50,12,"ax,ay,az,gx,gy,gz,acc_mag,gyro_mag,jerk,roll,pitch,tilt_delta",20.0,25.0,uniform_20hz_time_interpolation_to_25hz,impact_peak_centered_label_by_activity,281,351,,,dataset_unit_map,wrist,bits,m/s^2,rad/s,m/s^2,rad/s,1.0,1.0,True,test,fall,fall,1.0,backward,backward,0.9999997615814209
w25_00003431,bits,C:\Users\ADMIN\Desktop\ds-fall\data\raw\Dataset\fall\user31\user31_fall8.csv,C:\Users\ADMIN\Desktop\ds-fall\data\raw\Dataset,user31,user31_fall8,fall8,grabbing_while_falling,grabbing_while_falling,1,other,False,151,201,6.04,8.04,25.0,50,12,"ax,ay,az,gx,gy,gz,acc_mag,gyro_mag,jerk,roll,pitch,tilt_delta",20.0,25.0,uniform_20hz_time_interpolation_to_25hz,impact_peak_centered_label_by_activity,277,346,,,dataset_unit_map,wrist,bits,m/s^2,rad/s,m/s^2,rad/s,1.0,1.0,True,test,fall,fall,1.0,none,backward,0.9531252980232239
w25_00003464,bits,C:\Users\ADMIN\Desktop\ds-fall\data\raw\Dataset\fall\user36\user36_fall1.csv,C:\Users\ADMIN\Desktop\ds-fall\data\raw\Dataset,user36,user36_fall1,fall1,forward_fall_landing_on_knee,forward_fall_landing_on_knee,1,forward,True,137,187,5.48,7.48,25.0,50,12,"ax,ay,az,gx,gy,gz,acc_mag,gyro_mag,jerk,roll,pitch,tilt_delta",20.0,25.0,uniform_20hz_time_interpolation_to_25hz,impact_peak_centered_label_by_activity,183,228,,,dataset_unit_map,wrist,bits,m/s^2,rad/s,m/s^2,rad/s,1.0,1.0,True,test,fall,fall,1.0,forward,forward,1.0
w25_00003465,bits,C:\Users\ADMIN\Desktop\ds-fall\data\raw\Dataset\fall\user36\user36_fall2.csv,C:\Users\ADMIN\Desktop\ds-fall\data\raw\Dataset,user36,user36_fall2,fall2,right_fall,right_fall,1,lateral,True,204,254,8.16,10.16,25.0,50,12,"ax,ay,az,gx,gy,gz,acc_mag,gyro_mag,jerk,roll,pitch,tilt_delta",20.0,25.0,uniform_20hz_time_interpolation_to_25hz,impact_peak_centered_label_by_activity,204,254,,,dataset_unit_map,wrist,bits,m/s^2,rad/s,m/s^2,rad/s,1.0,1.0,True,test,fall,non_fall,4.018956133222673e-06,lateral,forward,0.819180428981781
w25_00003466,bits,C:\Users\ADMIN\Desktop\ds-fall\data\raw\Dataset\fall\user36\user36_fall3.csv,C:\Users\ADMIN\Desktop\ds-fall\data\raw\Dataset,user36,user36_fall3,fall3,left_fall,left_fall,1,lateral,True,190,240,7.6,9.6,25.0,50,12,"ax,ay,az,gx,gy,gz,acc_mag,gyro_mag,jerk,roll,pitch,tilt_delta",20.0,25.0,uniform_20hz_time_interpolation_to_25hz,impact_peak_centered_label_by_activity,364,454,,,dataset_unit_map,wrist,bits,m/s^2,rad/s,m/s^2,rad/s,1.0,1.0,True,test,fall,non_fall,0.009906059131026268,lateral,lateral,0.9999991655349731
w25_00003467,bits,C:\Users\ADMIN\Desktop\ds-fall\data\raw\Dataset\fall\user36\user36_fall4.csv,C:\Users\ADMIN\Desktop\ds-fall\data\raw\Dataset,user36,user36_fall4,fall4,forward_fall,forward_fall,1,forward,True,92,142,3.68,5.68,25.0,50,12,"ax,ay,az,gx,gy,gz,acc_mag,gyro_mag,jerk,roll,pitch,tilt_delta",20.0,25.0,uniform_20hz_time_interpolation_to_25hz,impact_peak_centered_label_by_activity,222,277,,,dataset_unit_map,wrist,bits,m/s^2,rad/s,m/s^2,rad/s,1.0,1.0,True,test,fall,fall,1.0,forward,forward,1.0
w25_00003468,bits,C:\Users\ADMIN\Desktop\ds-fall\data\raw\Dataset\fall\user36\user36_fall5.csv,C:\Users\ADMIN\Desktop\ds-fall\data\raw\Dataset,user36,user36_fall5,fall5,seated_on_bed_falling_on_ground,seated_on_bed_falling_on_ground,1,other,False,165,215,6.6,8.6,25.0,50,12,"ax,ay,az,gx,gy,gz,acc_mag,gyro_mag,jerk,roll,pitch,tilt_delta",20.0,25.0,uniform_20hz_time_interpolation_to_25hz,impact_peak_centered_label_by_activity,1251,1563,,,dataset_unit_map,wrist,bits,m/s^2,rad/s,m/s^2,rad/s,1.0,1.0,True,test,fall,fall,0.9745665788650513,none,lateral,0.999914288520813
w25_00003469,bits,C:\Users\ADMIN\Desktop\ds-fall\data\raw\Dataset\fall\user36\user36_fall6.csv,C:\Users\ADMIN\Desktop\ds-fall\data\raw\Dataset,user36,user36_fall6,fall6,forward_fall_body_weight_on_hand,forward_fall_body_weight_on_hand,1,forward,True,136,186,5.44,7.44,25.0,50,12,"ax,ay,az,gx,gy,gz,acc_mag,gyro_mag,jerk,roll,pitch,tilt_delta",20.0,25.0,uniform_20hz_time_interpolation_to_25hz,impact_peak_centered_label_by_activity,244,304,,,dataset_unit_map,wrist,bits,m/s^2,rad/s,m/s^2,rad/s,1.0,1.0,True,test,fall,fall,1.0,forward,forward,1.0
w25_00003470,bits,C:\Users\ADMIN\Desktop\ds-fall\data\raw\Dataset\fall\user36\user36_fall7.csv,C:\Users\ADMIN\Desktop\ds-fall\data\raw\Dataset,user36,user36_fall7,fall7,backward_fall_from_seated,backward_fall_from_seated,1,backward,True,145,195,5.8,7.8,25.0,50,12,"ax,ay,az,gx,gy,gz,acc_mag,gyro_mag,jerk,roll,pitch,tilt_delta",20.0,25.0,uniform_20hz_time_interpolation_to_25hz,impact_peak_centered_label_by_activity,518,647,,,dataset_unit_map,wrist,bits,m/s^2,rad/s,m/s^2,rad/s,1.0,1.0,True,test,fall,fall,0.9999988079071045,backward,backward,1.0
w25_00003471,bits,C:\Users\ADMIN\Desktop\ds-fall\data\raw\Dataset\fall\user36\user36_fall8.csv,C:\Users\ADMIN\Desktop\ds-fall\data\raw\Dataset,user36,user36_fall8,fall8,grabbing_while_falling,grabbing_while_falling,1,other,False,171,221,6.84,8.84,25.0,50,12,"ax,ay,az,gx,gy,gz,acc_mag,gyro_mag,jerk,roll,pitch,tilt_delta",20.0,25.0,uniform_20hz_time_interpolation_to_25hz,impact_peak_centered_label_by_activity,773,966,,,dataset_unit_map,wrist,bits,m/s^2,rad/s,m/s^2,rad/s,1.0,1.0,True,test,fall,fall,1.0,none,forward,1.0
w25_00003488,bits,C:\Users\ADMIN\Desktop\ds-fall\data\raw\Dataset\fall\user39\user39_fall1.csv,C:\Users\ADMIN\Desktop\ds-fall\data\raw\Dataset,user39,user39_fall1,fall1,forward_fall_landing_on_knee,forward_fall_landing_on_knee,1,forward,True,140,190,5.6,7.6,25.0,50,12,"ax,ay,az,gx,gy,gz,acc_mag,gyro_mag,jerk,roll,pitch,tilt_delta",20.0,25.0,uniform_20hz_time_interpolation_to_25hz,impact_peak_centered_label_by_activity,376,469,,,dataset_unit_map,wrist,bits,m/s^2,rad/s,m/s^2,rad/s,1.0,1.0,True,test,fall,fall,1.0,forward,forward,1.0
w25_00003489,bits,C:\Users\ADMIN\Desktop\ds-fall\data\raw\Dataset\fall\user39\user39_fall2.csv,C:\Users\ADMIN\Desktop\ds-fall\data\raw\Dataset,user39,user39_fall2,fall2,right_fall,right_fall,1,lateral,True,222,272,8.88,10.88,25.0,50,12,"ax,ay,az,gx,gy,gz,acc_mag,gyro_mag,jerk,roll,pitch,tilt_delta",20.0,25.0,uniform_20hz_time_interpolation_to_25hz,impact_peak_centered_label_by_activity,722,902,,,dataset_unit_map,wrist,bits,m/s^2,rad/s,m/s^2,rad/s,1.0,1.0,True,test,fall,fall,1.0,lateral,lateral,0.9990352392196655
w25_00003490,bits,C:\Users\ADMIN\Desktop\ds-fall\data\raw\Dataset\fall\user39\user39_fall3.csv,C:\Users\ADMIN\Desktop\ds-fall\data\raw\Dataset,user39,user39_fall3,fall3,left_fall,left_fall,1,lateral,True,178,228,7.12,9.12,25.0,50,12,"ax,ay,az,gx,gy,gz,acc_mag,gyro_mag,jerk,roll,pitch,tilt_delta",20.0,25.0,uniform_20hz_time_interpolation_to_25hz,impact_peak_centered_label_by_activity,428,534,,,dataset_unit_map,wrist,bits,m/s^2,rad/s,m/s^2,rad/s,1.0,1.0,True,test,fall,fall,0.9999879598617554,lateral,lateral,0.9991722106933594
w25_00003491,bits,C:\Users\ADMIN\Desktop\ds-fall\data\raw\Dataset\fall\user39\user39_fall4.csv,C:\Users\ADMIN\Desktop\ds-fall\data\raw\Dataset,user39,user39_fall4,fall4,forward_fall,forward_fall,1,forward,True,154,204,6.16,8.16,25.0,50,12,"ax,ay,az,gx,gy,gz,acc_mag,gyro_mag,jerk,roll,pitch,tilt_delta",20.0,25.0,uniform_20hz_time_interpolation_to_25hz,impact_peak_centered_label_by_activity,475,593,,,dataset_unit_map,wrist,bits,m/s^2,rad/s,m/s^2,rad/s,1.0,1.0,True,test,fall,fall,1.0,forward,forward,0.9999923706054688
w25_00003492,bits,C:\Users\ADMIN\Desktop\ds-fall\data\raw\Dataset\fall\user39\user39_fall5.csv,C:\Users\ADMIN\Desktop\ds-fall\data\raw\Dataset,user39,user39_fall5,fall5,seated_on_bed_falling_on_ground,seated_on_bed_falling_on_ground,1,other,False,175,225,7.0,9.0,25.0,50,12,"ax,ay,az,gx,gy,gz,acc_mag,gyro_mag,jerk,roll,pitch,tilt_delta",20.0,25.0,uniform_20hz_time_interpolation_to_25hz,impact_peak_centered_label_by_activity,343,428,,,dataset_unit_map,wrist,bits,m/s^2,rad/s,m/s^2,rad/s,1.0,1.0,True,test,fall,fall,1.0,none,lateral,0.9954290390014648
w25_00003493,bits,C:\Users\ADMIN\Desktop\ds-fall\data\raw\Dataset\fall\user39\user39_fall6.csv,C:\Users\ADMIN\Desktop\ds-fall\data\raw\Dataset,user39,user39_fall6,fall6,forward_fall_body_weight_on_hand,forward_fall_body_weight_on_hand,1,forward,True,163,213,6.52,8.52,25.0,50,12,"ax,ay,az,gx,gy,gz,acc_mag,gyro_mag,jerk,roll,pitch,tilt_delta",20.0,25.0,uniform_20hz_time_interpolation_to_25hz,impact_peak_centered_label_by_activity,570,712,,,dataset_unit_map,wrist,bits,m/s^2,rad/s,m/s^2,rad/s,1.0,1.0,True,test,fall,fall,1.0,forward,forward,1.0
w25_00003494,bits,C:\Users\ADMIN\Desktop\ds-fall\data\raw\Dataset\fall\user39\user39_fall7.csv,C:\Users\ADMIN\Desktop\ds-fall\data\raw\Dataset,user39,user39_fall7,fall7,backward_fall_from_seated,backward_fall_from_seated,1,backward,True,183,233,7.32,9.32,25.0,50,12,"ax,ay,az,gx,gy,gz,acc_mag,gyro_mag,jerk,roll,pitch,tilt_delta",20.0,25.0,uniform_20hz_time_interpolation_to_25hz,impact_peak_centered_label_by_activity,187,233,,,dataset_unit_map,wrist,bits,m/s^2,rad/s,m/s^2,rad/s,1.0,1.0,True,test,fall,non_fall,2.5763672084622158e-08,backward,backward,0.9846158623695374
w25_00003495,bits,C:\Users\ADMIN\Desktop\ds-fall\data\raw\Dataset\fall\user39\user39_fall8.csv,C:\Users\ADMIN\Desktop\ds-fall\data\raw\Dataset,user39,user39_fall8,fall8,grabbing_while_falling,grabbing_while_falling,1,other,False,191,241,7.64,9.64,25.0,50,12,"ax,ay,az,gx,gy,gz,acc_mag,gyro_mag,jerk,roll,pitch,tilt_delta",20.0,25.0,uniform_20hz_time_interpolation_to_25hz,impact_peak_centered_label_by_activity,504,629,,,dataset_unit_map,wrist,bits,m/s^2,rad/s,m/s^2,rad/s,1.0,1.0,True,test,fall,fall,1.0,none,forward,1.0
w25_00003575,weda,C:\Users\ADMIN\Desktop\ds-fall\data\raw\WEDA-FALL-main\dataset\25Hz\D01\U04_R01_accel.csv,C:\Users\ADMIN\Desktop\ds-fall\data\raw\WEDA-FALL-main\dataset\25Hz,U04,D01_R01,D01,walking,walking,0,none,False,0,50,0.006,1.966,25.0,50,12,"ax,ay,az,gx,gy,gz,acc_mag,gyro_mag,jerk,roll,pitch,tilt_delta",25.0,25.0,raw_25hz_time_aligned_to_uniform_25hz,adl_sliding_capped,491,496,,,dataset_unit_map,wrist,weda,m/s^2,rad/s,m/s^2,rad/s,1.0,1.0,True,test,non_fall,non_fall,0.004100308753550053,none,forward,0.9998956918716431
w25_00003576,weda,C:\Users\ADMIN\Desktop\ds-fall\data\raw\WEDA-FALL-main\dataset\25Hz\D01\U04_R01_accel.csv,C:\Users\ADMIN\Desktop\ds-fall\data\raw\WEDA-FALL-main\dataset\25Hz,U04,D01_R01,D01,walking,walking,0,none,False,12,62,0.486,2.4459999999999997,25.0,50,12,"ax,ay,az,gx,gy,gz,acc_mag,gyro_mag,jerk,roll,pitch,tilt_delta",25.0,25.0,raw_25hz_time_aligned_to_uniform_25hz,adl_sliding_capped,491,496,,,dataset_unit_map,wrist,weda,m/s^2,rad/s,m/s^2,rad/s,1.0,1.0,True,test,non_fall,non_fall,0.0020728192757815123,none,forward,0.99962317943573
w25_00003577,weda,C:\Users\ADMIN\Desktop\ds-fall\data\raw\WEDA-FALL-main\dataset\25Hz\D01\U04_R01_accel.csv,C:\Users\ADMIN\Desktop\ds-fall\data\raw\WEDA-FALL-main\dataset\25Hz,U04,D01_R01,D01,walking,walking,0,none,False,24,74,0.966,2.9259999999999997,25.0,50,12,"ax,ay,az,gx,gy,gz,acc_mag,gyro_mag,jerk,roll,pitch,tilt_delta",25.0,25.0,raw_25hz_time_aligned_to_uniform_25hz,adl_sliding_capped,491,496,,,dataset_unit_map,wrist,weda,m/s^2,rad/s,m/s^2,rad/s,1.0,1.0,True,test,non_fall,non_fall,0.004983740858733654,none,forward,0.9961289167404175
w25_00003578,weda,C:\Users\ADMIN\Desktop\ds-fall\data\raw\WEDA-FALL-main\dataset\25Hz\D01\U04_R01_accel.csv,C:\Users\ADMIN\Desktop\ds-fall\data\raw\WEDA-FALL-main\dataset\25Hz,U04,D01_R01,D01,walking,walking,0,none,False,36,86,1.446,3.4059999999999997,25.0,50,12,"ax,ay,az,gx,gy,gz,acc_mag,gyro_mag,jerk,roll,pitch,tilt_delta",25.0,25.0,raw_25hz_time_aligned_to_uniform_25hz,adl_sliding_capped,491,496,,,dataset_unit_map,wrist,weda,m/s^2,rad/s,m/s^2,rad/s,1.0,1.0,True,test,non_fall,non_fall,1.413908307767997e-06,none,forward,0.6634299755096436
w25_00003579,weda,C:\Users\ADMIN\Desktop\ds-fall\data\raw\WEDA-FALL-main\dataset\25Hz\D01\U04_R01_accel.csv,C:\Users\ADMIN\Desktop\ds-fall\data\raw\WEDA-FALL-main\dataset\25Hz,U04,D01_R01,D01,walking,walking,0,none,False,48,98,1.926,3.8859999999999997,25.0,50,12,"ax,ay,az,gx,gy,gz,acc_mag,gyro_mag,jerk,roll,pitch,tilt_delta",25.0,25.0,raw_25hz_time_aligned_to_uniform_25hz,adl_sliding_capped,491,496,,,dataset_unit_map,wrist,weda,m/s^2,rad/s,m/s^2,rad/s,1.0,1.0,True,test,non_fall,non_fall,1.6344140476576285e-06,none,forward,0.47791463136672974
w25_00003645,weda,C:\Users\ADMIN\Desktop\ds-fall\data\raw\WEDA-FALL-main\dataset\25Hz\D01\U24_R01_accel.csv,C:\Users\ADMIN\Desktop\ds-fall\data\raw\WEDA-FALL-main\dataset\25Hz,U24,D01_R01,D01,walking,walking,0,none,False,0,50,0.002,1.962,25.0,50,12,"ax,ay,az,gx,gy,gz,acc_mag,gyro_mag,jerk,roll,pitch,tilt_delta",25.0,25.0,raw_25hz_time_aligned_to_uniform_25hz,adl_sliding_capped,610,615,,,dataset_unit_map,wrist,weda,m/s^2,rad/s,m/s^2,rad/s,1.0,1.0,True,test,non_fall,non_fall,1.2290308859519428e-06,none,forward,0.6343711018562317
w25_00003646,weda,C:\Users\ADMIN\Desktop\ds-fall\data\raw\WEDA-FALL-main\dataset\25Hz\D01\U24_R01_accel.csv,C:\Users\ADMIN\Desktop\ds-fall\data\raw\WEDA-FALL-main\dataset\25Hz,U24,D01_R01,D01,walking,walking,0,none,False,12,62,0.482,2.4419999999999997,25.0,50,12,"ax,ay,az,gx,gy,gz,acc_mag,gyro_mag,jerk,roll,pitch,tilt_delta",25.0,25.0,raw_25hz_time_aligned_to_uniform_25hz,adl_sliding_capped,610,615,,,dataset_unit_map,wrist,weda,m/s^2,rad/s,m/s^2,rad/s,1.0,1.0,True,test,non_fall,non_fall,1.8808583490681485e-07,none,lateral,0.7166378498077393
w25_00003647,weda,C:\Users\ADMIN\Desktop\ds-fall\data\raw\WEDA-FALL-main\dataset\25Hz\D01\U24_R01_accel.csv,C:\Users\ADMIN\Desktop\ds-fall\data\raw\WEDA-FALL-main\dataset\25Hz,U24,D01_R01,D01,walking,walking,0,none,False,24,74,0.962,2.9219999999999997,25.0,50,12,"ax,ay,az,gx,gy,gz,acc_mag,gyro_mag,jerk,roll,pitch,tilt_delta",25.0,25.0,raw_25hz_time_aligned_to_uniform_25hz,adl_sliding_capped,610,615,,,dataset_unit_map,wrist,weda,m/s^2,rad/s,m/s^2,rad/s,1.0,1.0,True,test,non_fall,non_fall,1.0699341146391816e-06,none,lateral,0.8493779897689819
w25_00003648,weda,C:\Users\ADMIN\Desktop\ds-fall\data\raw\WEDA-FALL-main\dataset\25Hz\D01\U24_R01_accel.csv,C:\Users\ADMIN\Desktop\ds-fall\data\raw\WEDA-FALL-main\dataset\25Hz,U24,D01_R01,D01,walking,walking,0,none,False,36,86,1.442,3.4019999999999997,25.0,50,12,"ax,ay,az,gx,gy,gz,acc_mag,gyro_mag,jerk,roll,pitch,tilt_delta",25.0,25.0,raw_25hz_time_aligned_to_uniform_25hz,adl_sliding_capped,610,615,,,dataset_unit_map,wrist,weda,m/s^2,rad/s,m/s^2,rad/s,1.0,1.0,True,test,non_fall,non_fall,1.7959738443096285e-06,none,lateral,0.6189765334129333
w25_00003649,weda,C:\Users\ADMIN\Desktop\ds-fall\data\raw\WEDA-FALL-main\dataset\25Hz\D01\U24_R01_accel.csv,C:\Users\ADMIN\Desktop\ds-fall\data\raw\WEDA-FALL-main\dataset\25Hz,U24,D01_R01,D01,walking,walking,0,none,False,48,98,1.922,3.8819999999999997,25.0,50,12,"ax,ay,az,gx,gy,gz,acc_mag,gyro_mag,jerk,roll,pitch,tilt_delta",25.0,25.0,raw_25hz_time_aligned_to_uniform_25hz,adl_sliding_capped,610,615,,,dataset_unit_map,wrist,weda,m/s^2,rad/s,m/s^2,rad/s,1.0,1.0,True,test,non_fall,non_fall,9.488051546213683e-06,none,lateral,0.6787753701210022
w25_00003650,weda,C:\Users\ADMIN\Desktop\ds-fall\data\raw\WEDA-FALL-main\dataset\25Hz\D01\U25_R01_accel.csv,C:\Users\ADMIN\Desktop\ds-fall\data\raw\WEDA-FALL-main\dataset\25Hz,U25,D01_R01,D01,walking,walking,0,none,False,0,50,0.002,1.962,25.0,50,12,"ax,ay,az,gx,gy,gz,acc_mag,gyro_mag,jerk,roll,pitch,tilt_delta",25.0,25.0,raw_25hz_time_aligned_to_uniform_25hz,adl_sliding_capped,456,461,,,dataset_unit_map,wrist,weda,m/s^2,rad/s,m/s^2,rad/s,1.0,1.0,True,test,non_fall,non_fall,7.306981046895089e-07,none,forward,0.9992495179176331
w25_00003651,weda,C:\Users\ADMIN\Desktop\ds-fall\data\raw\WEDA-FALL-main\dataset\25Hz\D01\U25_R01_accel.csv,C:\Users\ADMIN\Desktop\ds-fall\data\raw\WEDA-FALL-main\dataset\25Hz,U25,D01_R01,D01,walking,walking,0,none,False,12,62,0.482,2.4419999999999997,25.0,50,12,"ax,ay,az,gx,gy,gz,acc_mag,gyro_mag,jerk,roll,pitch,tilt_delta",25.0,25.0,raw_25hz_time_aligned_to_uniform_25hz,adl_sliding_capped,456,461,,,dataset_unit_map,wrist,weda,m/s^2,rad/s,m/s^2,rad/s,1.0,1.0,True,test,non_fall,non_fall,9.98210543912137e-06,none,forward,0.9987609386444092
w25_00003652,weda,C:\Users\ADMIN\Desktop\ds-fall\data\raw\WEDA-FALL-main\dataset\25Hz\D01\U25_R01_accel.csv,C:\Users\ADMIN\Desktop\ds-fall\data\raw\WEDA-FALL-main\dataset\25Hz,U25,D01_R01,D01,walking,walking,0,none,False,24,74,0.962,2.9219999999999997,25.0,50,12,"ax,ay,az,gx,gy,gz,acc_mag,gyro_mag,jerk,roll,pitch,tilt_delta",25.0,25.0,raw_25hz_time_aligned_to_uniform_25hz,adl_sliding_capped,456,461,,,dataset_unit_map,wrist,weda,m/s^2,rad/s,m/s^2,rad/s,1.0,1.0,True,test,non_fall,non_fall,9.261352715839166e-06,none,forward,0.9983110427856445
w25_00003653,weda,C:\Users\ADMIN\Desktop\ds-fall\data\raw\WEDA-FALL-main\dataset\25Hz\D01\U25_R01_accel.csv,C:\Users\ADMIN\Desktop\ds-fall\data\raw\WEDA-FALL-main\dataset\25Hz,U25,D01_R01,D01,walking,walking,0,none,False,36,86,1.442,3.4019999999999997,25.0,50,12,"ax,ay,az,gx,gy,gz,acc_mag,gyro_mag,jerk,roll,pitch,tilt_delta",25.0,25.0,raw_25hz_time_aligned_to_uniform_25hz,adl_sliding_capped,456,461,,,dataset_unit_map,wrist,weda,m/s^2,rad/s,m/s^2,rad/s,1.0,1.0,True,test,non_fall,non_fall,7.487169568776153e-07,none,forward,0.9985718727111816
w25_00003654,weda,C:\Users\ADMIN\Desktop\ds-fall\data\raw\WEDA-FALL-main\dataset\25Hz\D01\U25_R01_accel.csv,C:\Users\ADMIN\Desktop\ds-fall\data\raw\WEDA-FALL-main\dataset\25Hz,U25,D01_R01,D01,walking,walking,0,none,False,48,98,1.922,3.8819999999999997,25.0,50,12,"ax,ay,az,gx,gy,gz,acc_mag,gyro_mag,jerk,roll,pitch,tilt_delta",25.0,25.0,raw_25hz_time_aligned_to_uniform_25hz,adl_sliding_capped,456,461,,,dataset_unit_map,wrist,weda,m/s^2,rad/s,m/s^2,rad/s,1.0,1.0,True,test,non_fall,non_fall,6.118746682659548e-07,none,forward,0.9988034963607788
w25_00003700,weda,C:\Users\ADMIN\Desktop\ds-fall\data\raw\WEDA-FALL-main\dataset\25Hz\D02\U04_R01_accel.csv,C:\Users\ADMIN\Desktop\ds-fall\data\raw\WEDA-FALL-main\dataset\25Hz,U04,D02_R01,D02,jogging,jogging,0,none,False,0,50,0.001,1.9609999999999999,25.0,50,12,"ax,ay,az,gx,gy,gz,acc_mag,gyro_mag,jerk,roll,pitch,tilt_delta",25.0,25.0,raw_25hz_time_aligned_to_uniform_25hz,adl_sliding_capped,376,378,,,dataset_unit_map,wrist,weda,m/s^2,rad/s,m/s^2,rad/s,1.0,1.0,True,test,non_fall,non_fall,6.723090336890891e-05,none,lateral,0.9999992847442627
w25_00003701,weda,C:\Users\ADMIN\Desktop\ds-fall\data\raw\WEDA-FALL-main\dataset\25Hz\D02\U04_R01_accel.csv,C:\Users\ADMIN\Desktop\ds-fall\data\raw\WEDA-FALL-main\dataset\25Hz,U04,D02_R01,D02,jogging,jogging,0,none,False,12,62,0.481,2.441,25.0,50,12,"ax,ay,az,gx,gy,gz,acc_mag,gyro_mag,jerk,roll,pitch,tilt_delta",25.0,25.0,raw_25hz_time_aligned_to_uniform_25hz,adl_sliding_capped,376,378,,,dataset_unit_map,wrist,weda,m/s^2,rad/s,m/s^2,rad/s,1.0,1.0,True,test,non_fall,non_fall,2.2473268472822383e-06,none,lateral,0.9997120499610901
w25_00003702,weda,C:\Users\ADMIN\Desktop\ds-fall\data\raw\WEDA-FALL-main\dataset\25Hz\D02\U04_R01_accel.csv,C:\Users\ADMIN\Desktop\ds-fall\data\raw\WEDA-FALL-main\dataset\25Hz,U04,D02_R01,D02,jogging,jogging,0,none,False,24,74,0.961,2.921,25.0,50,12,"ax,ay,az,gx,gy,gz,acc_mag,gyro_mag,jerk,roll,pitch,tilt_delta",25.0,25.0,raw_25hz_time_aligned_to_uniform_25hz,adl_sliding_capped,376,378,,,dataset_unit_map,wrist,weda,m/s^2,rad/s,m/s^2,rad/s,1.0,1.0,True,test,non_fall,non_fall,1.6491333099111216e-06,none,lateral,0.9999974966049194
w25_00003703,weda,C:\Users\ADMIN\Desktop\ds-fall\data\raw\WEDA-FALL-main\dataset\25Hz\D02\U04_R01_accel.csv,C:\Users\ADMIN\Desktop\ds-fall\data\raw\WEDA-FALL-main\dataset\25Hz,U04,D02_R01,D02,jogging,jogging,0,none,False,36,86,1.4409999999999998,3.401,25.0,50,12,"ax,ay,az,gx,gy,gz,acc_mag,gyro_mag,jerk,roll,pitch,tilt_delta",25.0,25.0,raw_25hz_time_aligned_to_uniform_25hz,adl_sliding_capped,376,378,,,dataset_unit_map,wrist,weda,m/s^2,rad/s,m/s^2,rad/s,1.0,1.0,True,test,non_fall,non_fall,4.994236860511592e-06,none,lateral,0.9101982116699219
w25_00003704,weda,C:\Users\ADMIN\Desktop\ds-fall\data\raw\WEDA-FALL-main\dataset\25Hz\D02\U04_R01_accel.csv,C:\Users\ADMIN\Desktop\ds-fall\data\raw\WEDA-FALL-main\dataset\25Hz,U04,D02_R01,D02,jogging,jogging,0,none,False,48,98,1.9209999999999998,3.881,25.0,50,12,"ax,ay,az,gx,gy,gz,acc_mag,gyro_mag,jerk,roll,pitch,tilt_delta",25.0,25.0,raw_25hz_time_aligned_to_uniform_25hz,adl_sliding_capped,376,378,,,dataset_unit_map,wrist,weda,m/s^2,rad/s,m/s^2,rad/s,1.0,1.0,True,test,non_fall,non_fall,4.16841430705972e-05,none,backward,0.6495949029922485
w25_00003770,weda,C:\Users\ADMIN\Desktop\ds-fall\data\raw\WEDA-FALL-main\dataset\25Hz\D03\U04_R01_accel.csv,C:\Users\ADMIN\Desktop\ds-fall\data\raw\WEDA-FALL-main\dataset\25Hz,U04,D03_R01,D03,stairs,stairs,0,none,False,0,50,0.002,1.962,25.0,50,12,"ax,ay,az,gx,gy,gz,acc_mag,gyro_mag,jerk,roll,pitch,tilt_delta",25.0,25.0,raw_25hz_time_aligned_to_uniform_25hz,adl_sliding_capped,639,646,,,dataset_unit_map,wrist,weda,m/s^2,rad/s,m/s^2,rad/s,1.0,1.0,True,test,non_fall,non_fall,2.3234981199493632e-05,none,lateral,0.4589187502861023
w25_00003771,weda,C:\Users\ADMIN\Desktop\ds-fall\data\raw\WEDA-FALL-main\dataset\25Hz\D03\U04_R01_accel.csv,C:\Users\ADMIN\Desktop\ds-fall\data\raw\WEDA-FALL-main\dataset\25Hz,U04,D03_R01,D03,stairs,stairs,0,none,False,12,62,0.482,2.4419999999999997,25.0,50,12,"ax,ay,az,gx,gy,gz,acc_mag,gyro_mag,jerk,roll,pitch,tilt_delta",25.0,25.0,raw_25hz_time_aligned_to_uniform_25hz,adl_sliding_capped,639,646,,,dataset_unit_map,wrist,weda,m/s^2,rad/s,m/s^2,rad/s,1.0,1.0,True,test,non_fall,non_fall,1.2385671652737074e-05,none,lateral,0.8805880546569824
w25_00003772,weda,C:\Users\ADMIN\Desktop\ds-fall\data\raw\WEDA-FALL-main\dataset\25Hz\D03\U04_R01_accel.csv,C:\Users\ADMIN\Desktop\ds-fall\data\raw\WEDA-FALL-main\dataset\25Hz,U04,D03_R01,D03,stairs,stairs,0,none,False,24,74,0.962,2.9219999999999997,25.0,50,12,"ax,ay,az,gx,gy,gz,acc_mag,gyro_mag,jerk,roll,pitch,tilt_delta",25.0,25.0,raw_25hz_time_aligned_to_uniform_25hz,adl_sliding_capped,639,646,,,dataset_unit_map,wrist,weda,m/s^2,rad/s,m/s^2,rad/s,1.0,1.0,True,test,non_fall,non_fall,4.5675542992285045e-07,none,lateral,0.8421815037727356
w25_00003773,weda,C:\Users\ADMIN\Desktop\ds-fall\data\raw\WEDA-FALL-main\dataset\25Hz\D03\U04_R01_accel.csv,C:\Users\ADMIN\Desktop\ds-fall\data\raw\WEDA-FALL-main\dataset\25Hz,U04,D03_R01,D03,stairs,stairs,0,none,False,36,86,1.442,3.4019999999999997,25.0,50,12,"ax,ay,az,gx,gy,gz,acc_mag,gyro_mag,jerk,roll,pitch,tilt_delta",25.0,25.0,raw_25hz_time_aligned_to_uniform_25hz,adl_sliding_capped,639,646,,,dataset_unit_map,wrist,weda,m/s^2,rad/s,m/s^2,rad/s,1.0,1.0,True,test,non_fall,non_fall,8.677286018610175e-07,none,lateral,0.7415074110031128
w25_00003774,weda,C:\Users\ADMIN\Desktop\ds-fall\data\raw\WEDA-FALL-main\dataset\25Hz\D03\U04_R01_accel.csv,C:\Users\ADMIN\Desktop\ds-fall\data\raw\WEDA-FALL-main\dataset\25Hz,U04,D03_R01,D03,stairs,stairs,0,none,False,48,98,1.922,3.8819999999999997,25.0,50,12,"ax,ay,az,gx,gy,gz,acc_mag,gyro_mag,jerk,roll,pitch,tilt_delta",25.0,25.0,raw_25hz_time_aligned_to_uniform_25hz,adl_sliding_capped,639,646,,,dataset_unit_map,wrist,weda,m/s^2,rad/s,m/s^2,rad/s,1.0,1.0,True,test,non_fall,non_fall,3.001125890023104e-07,none,forward,0.46099159121513367
w25_00003830,weda,C:\Users\ADMIN\Desktop\ds-fall\data\raw\WEDA-FALL-main\dataset\25Hz\D03\U24_R01_accel.csv,C:\Users\ADMIN\Desktop\ds-fall\data\raw\WEDA-FALL-main\dataset\25Hz,U24,D03_R01,D03,stairs,stairs,0,none,False,0,50,0.002,1.962,25.0,50,12,"ax,ay,az,gx,gy,gz,acc_mag,gyro_mag,jerk,roll,pitch,tilt_delta",25.0,25.0,raw_25hz_time_aligned_to_uniform_25hz,adl_sliding_capped,998,1008,,,dataset_unit_map,wrist,weda,m/s^2,rad/s,m/s^2,rad/s,1.0,1.0,True,test,non_fall,non_fall,1.0928668103815653e-07,none,forward,0.9309491515159607
w25_00003831,weda,C:\Users\ADMIN\Desktop\ds-fall\data\raw\WEDA-FALL-main\dataset\25Hz\D03\U24_R01_accel.csv,C:\Users\ADMIN\Desktop\ds-fall\data\raw\WEDA-FALL-main\dataset\25Hz,U24,D03_R01,D03,stairs,stairs,0,none,False,12,62,0.482,2.4419999999999997,25.0,50,12,"ax,ay,az,gx,gy,gz,acc_mag,gyro_mag,jerk,roll,pitch,tilt_delta",25.0,25.0,raw_25hz_time_aligned_to_uniform_25hz,adl_sliding_capped,998,1008,,,dataset_unit_map,wrist,weda,m/s^2,rad/s,m/s^2,rad/s,1.0,1.0,True,test,non_fall,non_fall,1.802994020749793e-08,none,forward,0.9503380060195923
w25_00003832,weda,C:\Users\ADMIN\Desktop\ds-fall\data\raw\WEDA-FALL-main\dataset\25Hz\D03\U24_R01_accel.csv,C:\Users\ADMIN\Desktop\ds-fall\data\raw\WEDA-FALL-main\dataset\25Hz,U24,D03_R01,D03,stairs,stairs,0,none,False,24,74,0.962,2.9219999999999997,25.0,50,12,"ax,ay,az,gx,gy,gz,acc_mag,gyro_mag,jerk,roll,pitch,tilt_delta",25.0,25.0,raw_25hz_time_aligned_to_uniform_25hz,adl_sliding_capped,998,1008,,,dataset_unit_map,wrist,weda,m/s^2,rad/s,m/s^2,rad/s,1.0,1.0,True,test,non_fall,non_fall,7.927887679670675e-08,none,forward,0.9646812677383423
w25_00003833,weda,C:\Users\ADMIN\Desktop\ds-fall\data\raw\WEDA-FALL-main\dataset\25Hz\D03\U24_R01_accel.csv,C:\Users\ADMIN\Desktop\ds-fall\data\raw\WEDA-FALL-main\dataset\25Hz,U24,D03_R01,D03,stairs,stairs,0,none,False,36,86,1.442,3.4019999999999997,25.0,50,12,"ax,ay,az,gx,gy,gz,acc_mag,gyro_mag,jerk,roll,pitch,tilt_delta",25.0,25.0,raw_25hz_time_aligned_to_uniform_25hz,adl_sliding_capped,998,1008,,,dataset_unit_map,wrist,weda,m/s^2,rad/s,m/s^2,rad/s,1.0,1.0,True,test,non_fall,non_fall,7.031010085256639e-08,none,forward,0.9728378653526306
w25_00003834,weda,C:\Users\ADMIN\Desktop\ds-fall\data\raw\WEDA-FALL-main\dataset\25Hz\D03\U24_R01_accel.csv,C:\Users\ADMIN\Desktop\ds-fall\data\raw\WEDA-FALL-main\dataset\25Hz,U24,D03_R01,D03,stairs,stairs,0,none,False,48,98,1.922,3.8819999999999997,25.0,50,12,"ax,ay,az,gx,gy,gz,acc_mag,gyro_mag,jerk,roll,pitch,tilt_delta",25.0,25.0,raw_25hz_time_aligned_to_uniform_25hz,adl_sliding_capped,998,1008,,,dataset_unit_map,wrist,weda,m/s^2,rad/s,m/s^2,rad/s,1.0,1.0,True,test,non_fall,non_fall,2.3050495201459853e-07,none,forward,0.9482260942459106
w25_00003880,weda,C:\Users\ADMIN\Desktop\ds-fall\data\raw\WEDA-FALL-main\dataset\25Hz\D04\U04_R01_accel.csv,C:\Users\ADMIN\Desktop\ds-fall\data\raw\WEDA-FALL-main\dataset\25Hz,U04,D04_R01,D04,sit_wait_stand,sit_wait_stand,0,none,False,0,50,0.002,1.962,25.0,50,12,"ax,ay,az,gx,gy,gz,acc_mag,gyro_mag,jerk,roll,pitch,tilt_delta",25.0,25.0,raw_25hz_time_aligned_to_uniform_25hz,adl_sliding_capped,285,286,,,dataset_unit_map,wrist,weda,m/s^2,rad/s,m/s^2,rad/s,1.0,1.0,True,test,non_fall,non_fall,2.3867314666858874e-06,none,lateral,0.6288471221923828
w25_00003881,weda,C:\Users\ADMIN\Desktop\ds-fall\data\raw\WEDA-FALL-main\dataset\25Hz\D04\U04_R01_accel.csv,C:\Users\ADMIN\Desktop\ds-fall\data\raw\WEDA-FALL-main\dataset\25Hz,U04,D04_R01,D04,sit_wait_stand,sit_wait_stand,0,none,False,12,62,0.482,2.4419999999999997,25.0,50,12,"ax,ay,az,gx,gy,gz,acc_mag,gyro_mag,jerk,roll,pitch,tilt_delta",25.0,25.0,raw_25hz_time_aligned_to_uniform_25hz,adl_sliding_capped,285,286,,,dataset_unit_map,wrist,weda,m/s^2,rad/s,m/s^2,rad/s,1.0,1.0,True,test,non_fall,non_fall,2.514614152460126e-06,none,forward,0.7658575773239136
w25_00003882,weda,C:\Users\ADMIN\Desktop\ds-fall\data\raw\WEDA-FALL-main\dataset\25Hz\D04\U04_R01_accel.csv,C:\Users\ADMIN\Desktop\ds-fall\data\raw\WEDA-FALL-main\dataset\25Hz,U04,D04_R01,D04,sit_wait_stand,sit_wait_stand,0,none,False,24,74,0.962,2.9219999999999997,25.0,50,12,"ax,ay,az,gx,gy,gz,acc_mag,gyro_mag,jerk,roll,pitch,tilt_delta",25.0,25.0,raw_25hz_time_aligned_to_uniform_25hz,adl_sliding_capped,285,286,,,dataset_unit_map,wrist,weda,m/s^2,rad/s,m/s^2,rad/s,1.0,1.0,True,test,non_fall,non_fall,1.7784983583624125e-06,none,forward,0.5170560479164124
w25_00003883,weda,C:\Users\ADMIN\Desktop\ds-fall\data\raw\WEDA-FALL-main\dataset\25Hz\D04\U04_R01_accel.csv,C:\Users\ADMIN\Desktop\ds-fall\data\raw\WEDA-FALL-main\dataset\25Hz,U04,D04_R01,D04,sit_wait_stand,sit_wait_stand,0,none,False,36,86,1.442,3.4019999999999997,25.0,50,12,"ax,ay,az,gx,gy,gz,acc_mag,gyro_mag,jerk,roll,pitch,tilt_delta",25.0,25.0,raw_25hz_time_aligned_to_uniform_25hz,adl_sliding_capped,285,286,,,dataset_unit_map,wrist,weda,m/s^2,rad/s,m/s^2,rad/s,1.0,1.0,True,test,non_fall,non_fall,1.7714581872496638e-06,none,backward,0.6836405396461487
w25_00003884,weda,C:\Users\ADMIN\Desktop\ds-fall\data\raw\WEDA-FALL-main\dataset\25Hz\D04\U04_R01_accel.csv,C:\Users\ADMIN\Desktop\ds-fall\data\raw\WEDA-FALL-main\dataset\25Hz,U04,D04_R01,D04,sit_wait_stand,sit_wait_stand,0,none,False,48,98,1.922,3.8819999999999997,25.0,50,12,"ax,ay,az,gx,gy,gz,acc_mag,gyro_mag,jerk,roll,pitch,tilt_delta",25.0,25.0,raw_25hz_time_aligned_to_uniform_25hz,adl_sliding_capped,285,286,,,dataset_unit_map,wrist,weda,m/s^2,rad/s,m/s^2,rad/s,1.0,1.0,True,test,non_fall,non_fall,1.158540818835263e-08,none,backward,0.9988846182823181
w25_00003950,weda,C:\Users\ADMIN\Desktop\ds-fall\data\raw\WEDA-FALL-main\dataset\25Hz\D04\U24_R01_accel.csv,C:\Users\ADMIN\Desktop\ds-fall\data\raw\WEDA-FALL-main\dataset\25Hz,U24,D04_R01,D04,sit_wait_stand,sit_wait_stand,0,none,False,0,50,0.002,1.962,25.0,50,12,"ax,ay,az,gx,gy,gz,acc_mag,gyro_mag,jerk,roll,pitch,tilt_delta",25.0,25.0,raw_25hz_time_aligned_to_uniform_25hz,adl_sliding_capped,160,161,,,dataset_unit_map,wrist,weda,m/s^2,rad/s,m/s^2,rad/s,1.0,1.0,True,test,non_fall,non_fall,1.1506050441312254e-06,none,forward,0.9960095882415771
w25_00003951,weda,C:\Users\ADMIN\Desktop\ds-fall\data\raw\WEDA-FALL-main\dataset\25Hz\D04\U24_R01_accel.csv,C:\Users\ADMIN\Desktop\ds-fall\data\raw\WEDA-FALL-main\dataset\25Hz,U24,D04_R01,D04,sit_wait_stand,sit_wait_stand,0,none,False,12,62,0.482,2.4419999999999997,25.0,50,12,"ax,ay,az,gx,gy,gz,acc_mag,gyro_mag,jerk,roll,pitch,tilt_delta",25.0,25.0,raw_25hz_time_aligned_to_uniform_25hz,adl_sliding_capped,160,161,,,dataset_unit_map,wrist,weda,m/s^2,rad/s,m/s^2,rad/s,1.0,1.0,True,test,non_fall,non_fall,1.954500112333335e-05,none,forward,0.9908865690231323
w25_00003952,weda,C:\Users\ADMIN\Desktop\ds-fall\data\raw\WEDA-FALL-main\dataset\25Hz\D04\U24_R01_accel.csv,C:\Users\ADMIN\Desktop\ds-fall\data\raw\WEDA-FALL-main\dataset\25Hz,U24,D04_R01,D04,sit_wait_stand,sit_wait_stand,0,none,False,24,74,0.962,2.9219999999999997,25.0,50,12,"ax,ay,az,gx,gy,gz,acc_mag,gyro_mag,jerk,roll,pitch,tilt_delta",25.0,25.0,raw_25hz_time_aligned_to_uniform_25hz,adl_sliding_capped,160,161,,,dataset_unit_map,wrist,weda,m/s^2,rad/s,m/s^2,rad/s,1.0,1.0,True,test,non_fall,non_fall,1.629124926694203e-05,none,forward,0.9951085448265076
w25_00003953,weda,C:\Users\ADMIN\Desktop\ds-fall\data\raw\WEDA-FALL-main\dataset\25Hz\D04\U24_R01_accel.csv,C:\Users\ADMIN\Desktop\ds-fall\data\raw\WEDA-FALL-main\dataset\25Hz,U24,D04_R01,D04,sit_wait_stand,sit_wait_stand,0,none,False,36,86,1.442,3.4019999999999997,25.0,50,12,"ax,ay,az,gx,gy,gz,acc_mag,gyro_mag,jerk,roll,pitch,tilt_delta",25.0,25.0,raw_25hz_time_aligned_to_uniform_25hz,adl_sliding_capped,160,161,,,dataset_unit_map,wrist,weda,m/s^2,rad/s,m/s^2,rad/s,1.0,1.0,True,test,non_fall,non_fall,4.003848880529404e-05,none,forward,0.9998360872268677
w25_00003954,weda,C:\Users\ADMIN\Desktop\ds-fall\data\raw\WEDA-FALL-main\dataset\25Hz\D04\U24_R01_accel.csv,C:\Users\ADMIN\Desktop\ds-fall\data\raw\WEDA-FALL-main\dataset\25Hz,U24,D04_R01,D04,sit_wait_stand,sit_wait_stand,0,none,False,48,98,1.922,3.8819999999999997,25.0,50,12,"ax,ay,az,gx,gy,gz,acc_mag,gyro_mag,jerk,roll,pitch,tilt_delta",25.0,25.0,raw_25hz_time_aligned_to_uniform_25hz,adl_sliding_capped,160,161,,,dataset_unit_map,wrist,weda,m/s^2,rad/s,m/s^2,rad/s,1.0,1.0,True,test,non_fall,non_fall,3.376583845238201e-05,none,forward,0.9999570846557617
w25_00003955,weda,C:\Users\ADMIN\Desktop\ds-fall\data\raw\WEDA-FALL-main\dataset\25Hz\D04\U25_R01_accel.csv,C:\Users\ADMIN\Desktop\ds-fall\data\raw\WEDA-FALL-main\dataset\25Hz,U25,D04_R01,D04,sit_wait_stand,sit_wait_stand,0,none,False,0,50,0.001,1.9609999999999999,25.0,50,12,"ax,ay,az,gx,gy,gz,acc_mag,gyro_mag,jerk,roll,pitch,tilt_delta",25.0,25.0,raw_25hz_time_aligned_to_uniform_25hz,adl_sliding_capped,266,269,,,dataset_unit_map,wrist,weda,m/s^2,rad/s,m/s^2,rad/s,1.0,1.0,True,test,non_fall,non_fall,9.595260962669272e-06,none,forward,0.9989161491394043
w25_00003956,weda,C:\Users\ADMIN\Desktop\ds-fall\data\raw\WEDA-FALL-main\dataset\25Hz\D04\U25_R01_accel.csv,C:\Users\ADMIN\Desktop\ds-fall\data\raw\WEDA-FALL-main\dataset\25Hz,U25,D04_R01,D04,sit_wait_stand,sit_wait_stand,0,none,False,12,62,0.481,2.441,25.0,50,12,"ax,ay,az,gx,gy,gz,acc_mag,gyro_mag,jerk,roll,pitch,tilt_delta",25.0,25.0,raw_25hz_time_aligned_to_uniform_25hz,adl_sliding_capped,266,269,,,dataset_unit_map,wrist,weda,m/s^2,rad/s,m/s^2,rad/s,1.0,1.0,True,test,non_fall,non_fall,8.011971658561379e-06,none,forward,0.9909635782241821
w25_00003957,weda,C:\Users\ADMIN\Desktop\ds-fall\data\raw\WEDA-FALL-main\dataset\25Hz\D04\U25_R01_accel.csv,C:\Users\ADMIN\Desktop\ds-fall\data\raw\WEDA-FALL-main\dataset\25Hz,U25,D04_R01,D04,sit_wait_stand,sit_wait_stand,0,none,False,24,74,0.961,2.921,25.0,50,12,"ax,ay,az,gx,gy,gz,acc_mag,gyro_mag,jerk,roll,pitch,tilt_delta",25.0,25.0,raw_25hz_time_aligned_to_uniform_25hz,adl_sliding_capped,266,269,,,dataset_unit_map,wrist,weda,m/s^2,rad/s,m/s^2,rad/s,1.0,1.0,True,test,non_fall,non_fall,7.826280068456981e-08,none,forward,0.6286587715148926
w25_00003958,weda,C:\Users\ADMIN\Desktop\ds-fall\data\raw\WEDA-FALL-main\dataset\25Hz\D04\U25_R01_accel.csv,C:\Users\ADMIN\Desktop\ds-fall\data\raw\WEDA-FALL-main\dataset\25Hz,U25,D04_R01,D04,sit_wait_stand,sit_wait_stand,0,none,False,36,86,1.4409999999999998,3.401,25.0,50,12,"ax,ay,az,gx,gy,gz,acc_mag,gyro_mag,jerk,roll,pitch,tilt_delta",25.0,25.0,raw_25hz_time_aligned_to_uniform_25hz,adl_sliding_capped,266,269,,,dataset_unit_map,wrist,weda,m/s^2,rad/s,m/s^2,rad/s,1.0,1.0,True,test,non_fall,non_fall,1.3048307323515473e-07,none,backward,0.7019709348678589
w25_00003959,weda,C:\Users\ADMIN\Desktop\ds-fall\data\raw\WEDA-FALL-main\dataset\25Hz\D04\U25_R01_accel.csv,C:\Users\ADMIN\Desktop\ds-fall\data\raw\WEDA-FALL-main\dataset\25Hz,U25,D04_R01,D04,sit_wait_stand,sit_wait_stand,0,none,False,48,98,1.9209999999999998,3.881,25.0,50,12,"ax,ay,az,gx,gy,gz,acc_mag,gyro_mag,jerk,roll,pitch,tilt_delta",25.0,25.0,raw_25hz_time_aligned_to_uniform_25hz,adl_sliding_capped,266,269,,,dataset_unit_map,wrist,weda,m/s^2,rad/s,m/s^2,rad/s,1.0,1.0,True,test,non_fall,non_fall,7.624611697565342e-08,none,backward,0.9522791504859924
w25_00004020,weda,C:\Users\ADMIN\Desktop\ds-fall\data\raw\WEDA-FALL-main\dataset\25Hz\D05\U04_R01_accel.csv,C:\Users\ADMIN\Desktop\ds-fall\data\raw\WEDA-FALL-main\dataset\25Hz,U04,D05_R01,D05,collapse_into_chair,collapse_into_chair,0,none,False,0,50,0.008,1.968,25.0,50,12,"ax,ay,az,gx,gy,gz,acc_mag,gyro_mag,jerk,roll,pitch,tilt_delta",25.0,25.0,raw_25hz_time_aligned_to_uniform_25hz,adl_sliding_capped,199,200,,,dataset_unit_map,wrist,weda,m/s^2,rad/s,m/s^2,rad/s,1.0,1.0,True,test,non_fall,non_fall,8.455382385363919e-07,none,backward,0.9682599306106567
w25_00004021,weda,C:\Users\ADMIN\Desktop\ds-fall\data\raw\WEDA-FALL-main\dataset\25Hz\D05\U04_R01_accel.csv,C:\Users\ADMIN\Desktop\ds-fall\data\raw\WEDA-FALL-main\dataset\25Hz,U04,D05_R01,D05,collapse_into_chair,collapse_into_chair,0,none,False,12,62,0.488,2.448,25.0,50,12,"ax,ay,az,gx,gy,gz,acc_mag,gyro_mag,jerk,roll,pitch,tilt_delta",25.0,25.0,raw_25hz_time_aligned_to_uniform_25hz,adl_sliding_capped,199,200,,,dataset_unit_map,wrist,weda,m/s^2,rad/s,m/s^2,rad/s,1.0,1.0,True,test,non_fall,non_fall,3.890607160883519e-07,none,backward,0.6188758015632629
w25_00004022,weda,C:\Users\ADMIN\Desktop\ds-fall\data\raw\WEDA-FALL-main\dataset\25Hz\D05\U04_R01_accel.csv,C:\Users\ADMIN\Desktop\ds-fall\data\raw\WEDA-FALL-main\dataset\25Hz,U04,D05_R01,D05,collapse_into_chair,collapse_into_chair,0,none,False,24,74,0.968,2.928,25.0,50,12,"ax,ay,az,gx,gy,gz,acc_mag,gyro_mag,jerk,roll,pitch,tilt_delta",25.0,25.0,raw_25hz_time_aligned_to_uniform_25hz,adl_sliding_capped,199,200,,,dataset_unit_map,wrist,weda,m/s^2,rad/s,m/s^2,rad/s,1.0,1.0,True,test,non_fall,non_fall,1.0597020718705608e-06,none,forward,0.9793325662612915
w25_00004023,weda,C:\Users\ADMIN\Desktop\ds-fall\data\raw\WEDA-FALL-main\dataset\25Hz\D05\U04_R01_accel.csv,C:\Users\ADMIN\Desktop\ds-fall\data\raw\WEDA-FALL-main\dataset\25Hz,U04,D05_R01,D05,collapse_into_chair,collapse_into_chair,0,none,False,36,86,1.448,3.408,25.0,50,12,"ax,ay,az,gx,gy,gz,acc_mag,gyro_mag,jerk,roll,pitch,tilt_delta",25.0,25.0,raw_25hz_time_aligned_to_uniform_25hz,adl_sliding_capped,199,200,,,dataset_unit_map,wrist,weda,m/s^2,rad/s,m/s^2,rad/s,1.0,1.0,True,test,non_fall,non_fall,4.8706851885071956e-06,none,forward,0.9915432929992676
w25_00004024,weda,C:\Users\ADMIN\Desktop\ds-fall\data\raw\WEDA-FALL-main\dataset\25Hz\D05\U04_R01_accel.csv,C:\Users\ADMIN\Desktop\ds-fall\data\raw\WEDA-FALL-main\dataset\25Hz,U04,D05_R01,D05,collapse_into_chair,collapse_into_chair,0,none,False,48,98,1.928,3.888,25.0,50,12,"ax,ay,az,gx,gy,gz,acc_mag,gyro_mag,jerk,roll,pitch,tilt_delta",25.0,25.0,raw_25hz_time_aligned_to_uniform_25hz,adl_sliding_capped,199,200,,,dataset_unit_map,wrist,weda,m/s^2,rad/s,m/s^2,rad/s,1.0,1.0,True,test,non_fall,non_fall,5.462393346533645e-07,none,forward,0.95355623960495
w25_00004025,weda,C:\Users\ADMIN\Desktop\ds-fall\data\raw\WEDA-FALL-main\dataset\25Hz\D05\U04_R01_accel.csv,C:\Users\ADMIN\Desktop\ds-fall\data\raw\WEDA-FALL-main\dataset\25Hz,U04,D05_R01,D05,collapse_into_chair,collapse_into_chair,0,none,False,60,110,2.408,4.368,25.0,50,12,"ax,ay,az,gx,gy,gz,acc_mag,gyro_mag,jerk,roll,pitch,tilt_delta",25.0,25.0,raw_25hz_time_aligned_to_uniform_25hz,adl_sliding_capped,199,200,,,dataset_unit_map,wrist,weda,m/s^2,rad/s,m/s^2,rad/s,1.0,1.0,True,test,non_fall,non_fall,1.2407305405304214e-07,none,backward,0.9089604616165161
w25_00004026,weda,C:\Users\ADMIN\Desktop\ds-fall\data\raw\WEDA-FALL-main\dataset\25Hz\D05\U04_R01_accel.csv,C:\Users\ADMIN\Desktop\ds-fall\data\raw\WEDA-FALL-main\dataset\25Hz,U04,D05_R01,D05,collapse_into_chair,collapse_into_chair,0,none,False,72,122,2.888,4.848,25.0,50,12,"ax,ay,az,gx,gy,gz,acc_mag,gyro_mag,jerk,roll,pitch,tilt_delta",25.0,25.0,raw_25hz_time_aligned_to_uniform_25hz,adl_sliding_capped,199,200,,,dataset_unit_map,wrist,weda,m/s^2,rad/s,m/s^2,rad/s,1.0,1.0,True,test,non_fall,non_fall,6.193045010149945e-08,none,backward,0.8534680008888245
w25_00004027,weda,C:\Users\ADMIN\Desktop\ds-fall\data\raw\WEDA-FALL-main\dataset\25Hz\D05\U04_R01_accel.csv,C:\Users\ADMIN\Desktop\ds-fall\data\raw\WEDA-FALL-main\dataset\25Hz,U04,D05_R01,D05,collapse_into_chair,collapse_into_chair,0,none,False,84,134,3.368,5.328,25.0,50,12,"ax,ay,az,gx,gy,gz,acc_mag,gyro_mag,jerk,roll,pitch,tilt_delta",25.0,25.0,raw_25hz_time_aligned_to_uniform_25hz,adl_sliding_capped,199,200,,,dataset_unit_map,wrist,weda,m/s^2,rad/s,m/s^2,rad/s,1.0,1.0,True,test,non_fall,non_fall,1.0777925751881412e-07,none,backward,0.7953844666481018
w25_00004028,weda,C:\Users\ADMIN\Desktop\ds-fall\data\raw\WEDA-FALL-main\dataset\25Hz\D05\U04_R01_accel.csv,C:\Users\ADMIN\Desktop\ds-fall\data\raw\WEDA-FALL-main\dataset\25Hz,U04,D05_R01,D05,collapse_into_chair,collapse_into_chair,0,none,False,96,146,3.848,5.808,25.0,50,12,"ax,ay,az,gx,gy,gz,acc_mag,gyro_mag,jerk,roll,pitch,tilt_delta",25.0,25.0,raw_25hz_time_aligned_to_uniform_25hz,adl_sliding_capped,199,200,,,dataset_unit_map,wrist,weda,m/s^2,rad/s,m/s^2,rad/s,1.0,1.0,True,test,non_fall,non_fall,7.451823336168673e-08,none,forward,0.996360719203949
w25_00004029,weda,C:\Users\ADMIN\Desktop\ds-fall\data\raw\WEDA-FALL-main\dataset\25Hz\D05\U04_R01_accel.csv,C:\Users\ADMIN\Desktop\ds-fall\data\raw\WEDA-FALL-main\dataset\25Hz,U04,D05_R01,D05,collapse_into_chair,collapse_into_chair,0,none,False,108,158,4.328,6.288,25.0,50,12,"ax,ay,az,gx,gy,gz,acc_mag,gyro_mag,jerk,roll,pitch,tilt_delta",25.0,25.0,raw_25hz_time_aligned_to_uniform_25hz,adl_sliding_capped,199,200,,,dataset_unit_map,wrist,weda,m/s^2,rad/s,m/s^2,rad/s,1.0,1.0,True,test,non_fall,non_fall,3.1309782571042888e-06,none,forward,0.9966173768043518
w25_00004145,weda,C:\Users\ADMIN\Desktop\ds-fall\data\raw\WEDA-FALL-main\dataset\25Hz\D06\U04_R01_accel.csv,C:\Users\ADMIN\Desktop\ds-fall\data\raw\WEDA-FALL-main\dataset\25Hz,U04,D06_R01,D06,crouch_tie_shoes_stand,crouch_tie_shoes_stand,0,none,False,0,50,0.002,1.962,25.0,50,12,"ax,ay,az,gx,gy,gz,acc_mag,gyro_mag,jerk,roll,pitch,tilt_delta",25.0,25.0,raw_25hz_time_aligned_to_uniform_25hz,adl_sliding_capped,239,241,,,dataset_unit_map,wrist,weda,m/s^2,rad/s,m/s^2,rad/s,1.0,1.0,True,test,non_fall,non_fall,1.0169667348236544e-06,none,lateral,0.9914611577987671
w25_00004146,weda,C:\Users\ADMIN\Desktop\ds-fall\data\raw\WEDA-FALL-main\dataset\25Hz\D06\U04_R01_accel.csv,C:\Users\ADMIN\Desktop\ds-fall\data\raw\WEDA-FALL-main\dataset\25Hz,U04,D06_R01,D06,crouch_tie_shoes_stand,crouch_tie_shoes_stand,0,none,False,12,62,0.482,2.4419999999999997,25.0,50,12,"ax,ay,az,gx,gy,gz,acc_mag,gyro_mag,jerk,roll,pitch,tilt_delta",25.0,25.0,raw_25hz_time_aligned_to_uniform_25hz,adl_sliding_capped,239,241,,,dataset_unit_map,wrist,weda,m/s^2,rad/s,m/s^2,rad/s,1.0,1.0,True,test,non_fall,non_fall,0.0003080228343605995,none,lateral,0.9998993873596191
w25_00004147,weda,C:\Users\ADMIN\Desktop\ds-fall\data\raw\WEDA-FALL-main\dataset\25Hz\D06\U04_R01_accel.csv,C:\Users\ADMIN\Desktop\ds-fall\data\raw\WEDA-FALL-main\dataset\25Hz,U04,D06_R01,D06,crouch_tie_shoes_stand,crouch_tie_shoes_stand,0,none,False,24,74,0.962,2.9219999999999997,25.0,50,12,"ax,ay,az,gx,gy,gz,acc_mag,gyro_mag,jerk,roll,pitch,tilt_delta",25.0,25.0,raw_25hz_time_aligned_to_uniform_25hz,adl_sliding_capped,239,241,,,dataset_unit_map,wrist,weda,m/s^2,rad/s,m/s^2,rad/s,1.0,1.0,True,test,non_fall,non_fall,0.0015778749948367476,none,lateral,0.8632168173789978
w25_00004148,weda,C:\Users\ADMIN\Desktop\ds-fall\data\raw\WEDA-FALL-main\dataset\25Hz\D06\U04_R01_accel.csv,C:\Users\ADMIN\Desktop\ds-fall\data\raw\WEDA-FALL-main\dataset\25Hz,U04,D06_R01,D06,crouch_tie_shoes_stand,crouch_tie_shoes_stand,0,none,False,36,86,1.442,3.4019999999999997,25.0,50,12,"ax,ay,az,gx,gy,gz,acc_mag,gyro_mag,jerk,roll,pitch,tilt_delta",25.0,25.0,raw_25hz_time_aligned_to_uniform_25hz,adl_sliding_capped,239,241,,,dataset_unit_map,wrist,weda,m/s^2,rad/s,m/s^2,rad/s,1.0,1.0,True,test,non_fall,non_fall,0.05567988008260727,none,backward,0.9999997615814209
w25_00004149,weda,C:\Users\ADMIN\Desktop\ds-fall\data\raw\WEDA-FALL-main\dataset\25Hz\D06\U04_R01_accel.csv,C:\Users\ADMIN\Desktop\ds-fall\data\raw\WEDA-FALL-main\dataset\25Hz,U04,D06_R01,D06,crouch_tie_shoes_stand,crouch_tie_shoes_stand,0,none,False,48,98,1.922,3.8819999999999997,25.0,50,12,"ax,ay,az,gx,gy,gz,acc_mag,gyro_mag,jerk,roll,pitch,tilt_delta",25.0,25.0,raw_25hz_time_aligned_to_uniform_25hz,adl_sliding_capped,239,241,,,dataset_unit_map,wrist,weda,m/s^2,rad/s,m/s^2,rad/s,1.0,1.0,True,test,non_fall,non_fall,0.013130930252373219,none,backward,0.9999996423721313
w25_00004230,weda,C:\Users\ADMIN\Desktop\ds-fall\data\raw\WEDA-FALL-main\dataset\25Hz\D07\U04_R01_accel.csv,C:\Users\ADMIN\Desktop\ds-fall\data\raw\WEDA-FALL-main\dataset\25Hz,U04,D07_R01,D07,stumble_walking,stumble_walking,0,none,False,0,50,0.002,1.962,25.0,50,12,"ax,ay,az,gx,gy,gz,acc_mag,gyro_mag,jerk,roll,pitch,tilt_delta",25.0,25.0,raw_25hz_time_aligned_to_uniform_25hz,adl_sliding_capped,215,216,,,dataset_unit_map,wrist,weda,m/s^2,rad/s,m/s^2,rad/s,1.0,1.0,True,test,non_fall,non_fall,2.2210788301890716e-06,none,forward,0.5046754479408264
w25_00004231,weda,C:\Users\ADMIN\Desktop\ds-fall\data\raw\WEDA-FALL-main\dataset\25Hz\D07\U04_R01_accel.csv,C:\Users\ADMIN\Desktop\ds-fall\data\raw\WEDA-FALL-main\dataset\25Hz,U04,D07_R01,D07,stumble_walking,stumble_walking,0,none,False,12,62,0.482,2.4419999999999997,25.0,50,12,"ax,ay,az,gx,gy,gz,acc_mag,gyro_mag,jerk,roll,pitch,tilt_delta",25.0,25.0,raw_25hz_time_aligned_to_uniform_25hz,adl_sliding_capped,215,216,,,dataset_unit_map,wrist,weda,m/s^2,rad/s,m/s^2,rad/s,1.0,1.0,True,test,non_fall,non_fall,4.776250079885358e-06,none,forward,0.9540949463844299
w25_00004232,weda,C:\Users\ADMIN\Desktop\ds-fall\data\raw\WEDA-FALL-main\dataset\25Hz\D07\U04_R01_accel.csv,C:\Users\ADMIN\Desktop\ds-fall\data\raw\WEDA-FALL-main\dataset\25Hz,U04,D07_R01,D07,stumble_walking,stumble_walking,0,none,False,24,74,0.962,2.9219999999999997,25.0,50,12,"ax,ay,az,gx,gy,gz,acc_mag,gyro_mag,jerk,roll,pitch,tilt_delta",25.0,25.0,raw_25hz_time_aligned_to_uniform_25hz,adl_sliding_capped,215,216,,,dataset_unit_map,wrist,weda,m/s^2,rad/s,m/s^2,rad/s,1.0,1.0,True,test,non_fall,non_fall,2.0351742477942025e-06,none,lateral,0.5353603363037109
w25_00004233,weda,C:\Users\ADMIN\Desktop\ds-fall\data\raw\WEDA-FALL-main\dataset\25Hz\D07\U04_R01_accel.csv,C:\Users\ADMIN\Desktop\ds-fall\data\raw\WEDA-FALL-main\dataset\25Hz,U04,D07_R01,D07,stumble_walking,stumble_walking,0,none,False,36,86,1.442,3.4019999999999997,25.0,50,12,"ax,ay,az,gx,gy,gz,acc_mag,gyro_mag,jerk,roll,pitch,tilt_delta",25.0,25.0,raw_25hz_time_aligned_to_uniform_25hz,adl_sliding_capped,215,216,,,dataset_unit_map,wrist,weda,m/s^2,rad/s,m/s^2,rad/s,1.0,1.0,True,test,non_fall,non_fall,8.785962108959211e-07,none,forward,0.669242262840271
w25_00004234,weda,C:\Users\ADMIN\Desktop\ds-fall\data\raw\WEDA-FALL-main\dataset\25Hz\D07\U04_R01_accel.csv,C:\Users\ADMIN\Desktop\ds-fall\data\raw\WEDA-FALL-main\dataset\25Hz,U04,D07_R01,D07,stumble_walking,stumble_walking,0,none,False,48,98,1.922,3.8819999999999997,25.0,50,12,"ax,ay,az,gx,gy,gz,acc_mag,gyro_mag,jerk,roll,pitch,tilt_delta",25.0,25.0,raw_25hz_time_aligned_to_uniform_25hz,adl_sliding_capped,215,216,,,dataset_unit_map,wrist,weda,m/s^2,rad/s,m/s^2,rad/s,1.0,1.0,True,test,non_fall,non_fall,1.035838934626554e-07,none,forward,0.5147746205329895
w25_00004235,weda,C:\Users\ADMIN\Desktop\ds-fall\data\raw\WEDA-FALL-main\dataset\25Hz\D07\U04_R01_accel.csv,C:\Users\ADMIN\Desktop\ds-fall\data\raw\WEDA-FALL-main\dataset\25Hz,U04,D07_R01,D07,stumble_walking,stumble_walking,0,none,False,60,110,2.4019999999999997,4.362,25.0,50,12,"ax,ay,az,gx,gy,gz,acc_mag,gyro_mag,jerk,roll,pitch,tilt_delta",25.0,25.0,raw_25hz_time_aligned_to_uniform_25hz,adl_sliding_capped,215,216,,,dataset_unit_map,wrist,weda,m/s^2,rad/s,m/s^2,rad/s,1.0,1.0,True,test,non_fall,non_fall,8.049064348369939e-08,none,backward,0.5508155822753906
w25_00004236,weda,C:\Users\ADMIN\Desktop\ds-fall\data\raw\WEDA-FALL-main\dataset\25Hz\D07\U04_R01_accel.csv,C:\Users\ADMIN\Desktop\ds-fall\data\raw\WEDA-FALL-main\dataset\25Hz,U04,D07_R01,D07,stumble_walking,stumble_walking,0,none,False,72,122,2.8819999999999997,4.842,25.0,50,12,"ax,ay,az,gx,gy,gz,acc_mag,gyro_mag,jerk,roll,pitch,tilt_delta",25.0,25.0,raw_25hz_time_aligned_to_uniform_25hz,adl_sliding_capped,215,216,,,dataset_unit_map,wrist,weda,m/s^2,rad/s,m/s^2,rad/s,1.0,1.0,True,test,non_fall,non_fall,1.3231589036877267e-05,none,backward,0.786582350730896
w25_00004237,weda,C:\Users\ADMIN\Desktop\ds-fall\data\raw\WEDA-FALL-main\dataset\25Hz\D07\U04_R01_accel.csv,C:\Users\ADMIN\Desktop\ds-fall\data\raw\WEDA-FALL-main\dataset\25Hz,U04,D07_R01,D07,stumble_walking,stumble_walking,0,none,False,84,134,3.3619999999999997,5.322,25.0,50,12,"ax,ay,az,gx,gy,gz,acc_mag,gyro_mag,jerk,roll,pitch,tilt_delta",25.0,25.0,raw_25hz_time_aligned_to_uniform_25hz,adl_sliding_capped,215,216,,,dataset_unit_map,wrist,weda,m/s^2,rad/s,m/s^2,rad/s,1.0,1.0,True,test,non_fall,non_fall,1.0649256410033558e-06,none,lateral,0.9731849431991577
w25_00004238,weda,C:\Users\ADMIN\Desktop\ds-fall\data\raw\WEDA-FALL-main\dataset\25Hz\D07\U04_R01_accel.csv,C:\Users\ADMIN\Desktop\ds-fall\data\raw\WEDA-FALL-main\dataset\25Hz,U04,D07_R01,D07,stumble_walking,stumble_walking,0,none,False,96,146,3.8419999999999996,5.802,25.0,50,12,"ax,ay,az,gx,gy,gz,acc_mag,gyro_mag,jerk,roll,pitch,tilt_delta",25.0,25.0,raw_25hz_time_aligned_to_uniform_25hz,adl_sliding_capped,215,216,,,dataset_unit_map,wrist,weda,m/s^2,rad/s,m/s^2,rad/s,1.0,1.0,True,test,non_fall,non_fall,1.6214011111514992e-06,none,lateral,0.997197151184082
w25_00004239,weda,C:\Users\ADMIN\Desktop\ds-fall\data\raw\WEDA-FALL-main\dataset\25Hz\D07\U04_R01_accel.csv,C:\Users\ADMIN\Desktop\ds-fall\data\raw\WEDA-FALL-main\dataset\25Hz,U04,D07_R01,D07,stumble_walking,stumble_walking,0,none,False,108,158,4.322,6.282,25.0,50,12,"ax,ay,az,gx,gy,gz,acc_mag,gyro_mag,jerk,roll,pitch,tilt_delta",25.0,25.0,raw_25hz_time_aligned_to_uniform_25hz,adl_sliding_capped,215,216,,,dataset_unit_map,wrist,weda,m/s^2,rad/s,m/s^2,rad/s,1.0,1.0,True,test,non_fall,non_fall,4.857515250478173e-06,none,lateral,0.9986286163330078
w25_00004370,weda,C:\Users\ADMIN\Desktop\ds-fall\data\raw\WEDA-FALL-main\dataset\25Hz\D08\U04_R01_accel.csv,C:\Users\ADMIN\Desktop\ds-fall\data\raw\WEDA-FALL-main\dataset\25Hz,U04,D08_R01,D08,gentle_jump,gentle_jump,0,none,False,0,50,0.001,1.9609999999999999,25.0,50,12,"ax,ay,az,gx,gy,gz,acc_mag,gyro_mag,jerk,roll,pitch,tilt_delta",25.0,25.0,raw_25hz_time_aligned_to_uniform_25hz,adl_sliding_capped,123,123,,,dataset_unit_map,wrist,weda,m/s^2,rad/s,m/s^2,rad/s,1.0,1.0,True,test,non_fall,non_fall,5.51499288121704e-05,none,backward,0.9993911981582642
w25_00004371,weda,C:\Users\ADMIN\Desktop\ds-fall\data\raw\WEDA-FALL-main\dataset\25Hz\D08\U04_R01_accel.csv,C:\Users\ADMIN\Desktop\ds-fall\data\raw\WEDA-FALL-main\dataset\25Hz,U04,D08_R01,D08,gentle_jump,gentle_jump,0,none,False,12,62,0.481,2.441,25.0,50,12,"ax,ay,az,gx,gy,gz,acc_mag,gyro_mag,jerk,roll,pitch,tilt_delta",25.0,25.0,raw_25hz_time_aligned_to_uniform_25hz,adl_sliding_capped,123,123,,,dataset_unit_map,wrist,weda,m/s^2,rad/s,m/s^2,rad/s,1.0,1.0,True,test,non_fall,non_fall,0.022935912013053894,none,backward,0.99997878074646
w25_00004372,weda,C:\Users\ADMIN\Desktop\ds-fall\data\raw\WEDA-FALL-main\dataset\25Hz\D08\U04_R01_accel.csv,C:\Users\ADMIN\Desktop\ds-fall\data\raw\WEDA-FALL-main\dataset\25Hz,U04,D08_R01,D08,gentle_jump,gentle_jump,0,none,False,24,74,0.961,2.921,25.0,50,12,"ax,ay,az,gx,gy,gz,acc_mag,gyro_mag,jerk,roll,pitch,tilt_delta",25.0,25.0,raw_25hz_time_aligned_to_uniform_25hz,adl_sliding_capped,123,123,,,dataset_unit_map,wrist,weda,m/s^2,rad/s,m/s^2,rad/s,1.0,1.0,True,test,non_fall,fall,1.0,none,backward,0.9981631636619568
w25_00004373,weda,C:\Users\ADMIN\Desktop\ds-fall\data\raw\WEDA-FALL-main\dataset\25Hz\D08\U04_R01_accel.csv,C:\Users\ADMIN\Desktop\ds-fall\data\raw\WEDA-FALL-main\dataset\25Hz,U04,D08_R01,D08,gentle_jump,gentle_jump,0,none,False,36,86,1.4409999999999998,3.401,25.0,50,12,"ax,ay,az,gx,gy,gz,acc_mag,gyro_mag,jerk,roll,pitch,tilt_delta",25.0,25.0,raw_25hz_time_aligned_to_uniform_25hz,adl_sliding_capped,123,123,,,dataset_unit_map,wrist,weda,m/s^2,rad/s,m/s^2,rad/s,1.0,1.0,True,test,non_fall,fall,1.0,none,backward,0.9999818801879883
w25_00004374,weda,C:\Users\ADMIN\Desktop\ds-fall\data\raw\WEDA-FALL-main\dataset\25Hz\D08\U04_R01_accel.csv,C:\Users\ADMIN\Desktop\ds-fall\data\raw\WEDA-FALL-main\dataset\25Hz,U04,D08_R01,D08,gentle_jump,gentle_jump,0,none,False,48,98,1.9209999999999998,3.881,25.0,50,12,"ax,ay,az,gx,gy,gz,acc_mag,gyro_mag,jerk,roll,pitch,tilt_delta",25.0,25.0,raw_25hz_time_aligned_to_uniform_25hz,adl_sliding_capped,123,123,,,dataset_unit_map,wrist,weda,m/s^2,rad/s,m/s^2,rad/s,1.0,1.0,True,test,non_fall,fall,1.0,none,backward,0.9999585151672363
w25_00004375,weda,C:\Users\ADMIN\Desktop\ds-fall\data\raw\WEDA-FALL-main\dataset\25Hz\D08\U04_R01_accel.csv,C:\Users\ADMIN\Desktop\ds-fall\data\raw\WEDA-FALL-main\dataset\25Hz,U04,D08_R01,D08,gentle_jump,gentle_jump,0,none,False,60,110,2.401,4.361000000000001,25.0,50,12,"ax,ay,az,gx,gy,gz,acc_mag,gyro_mag,jerk,roll,pitch,tilt_delta",25.0,25.0,raw_25hz_time_aligned_to_uniform_25hz,adl_sliding_capped,123,123,,,dataset_unit_map,wrist,weda,m/s^2,rad/s,m/s^2,rad/s,1.0,1.0,True,test,non_fall,non_fall,2.1576644940068945e-05,none,backward,0.999914288520813
w25_00004376,weda,C:\Users\ADMIN\Desktop\ds-fall\data\raw\WEDA-FALL-main\dataset\25Hz\D08\U04_R01_accel.csv,C:\Users\ADMIN\Desktop\ds-fall\data\raw\WEDA-FALL-main\dataset\25Hz,U04,D08_R01,D08,gentle_jump,gentle_jump,0,none,False,72,122,2.881,4.841,25.0,50,12,"ax,ay,az,gx,gy,gz,acc_mag,gyro_mag,jerk,roll,pitch,tilt_delta",25.0,25.0,raw_25hz_time_aligned_to_uniform_25hz,adl_sliding_capped,123,123,,,dataset_unit_map,wrist,weda,m/s^2,rad/s,m/s^2,rad/s,1.0,1.0,True,test,non_fall,non_fall,2.2442147837864468e-06,none,backward,0.9998798370361328
w25_00004377,weda,C:\Users\ADMIN\Desktop\ds-fall\data\raw\WEDA-FALL-main\dataset\25Hz\D08\U04_R02_accel.csv,C:\Users\ADMIN\Desktop\ds-fall\data\raw\WEDA-FALL-main\dataset\25Hz,U04,D08_R02,D08,gentle_jump,gentle_jump,0,none,False,0,50,0.001,1.9609999999999999,25.0,50,12,"ax,ay,az,gx,gy,gz,acc_mag,gyro_mag,jerk,roll,pitch,tilt_delta",25.0,25.0,raw_25hz_time_aligned_to_uniform_25hz,adl_sliding_capped,101,101,,,dataset_unit_map,wrist,weda,m/s^2,rad/s,m/s^2,rad/s,1.0,1.0,True,test,non_fall,fall,0.999958872795105,none,backward,0.9694252014160156
w25_00004378,weda,C:\Users\ADMIN\Desktop\ds-fall\data\raw\WEDA-FALL-main\dataset\25Hz\D08\U04_R02_accel.csv,C:\Users\ADMIN\Desktop\ds-fall\data\raw\WEDA-FALL-main\dataset\25Hz,U04,D08_R02,D08,gentle_jump,gentle_jump,0,none,False,12,62,0.481,2.441,25.0,50,12,"ax,ay,az,gx,gy,gz,acc_mag,gyro_mag,jerk,roll,pitch,tilt_delta",25.0,25.0,raw_25hz_time_aligned_to_uniform_25hz,adl_sliding_capped,101,101,,,dataset_unit_map,wrist,weda,m/s^2,rad/s,m/s^2,rad/s,1.0,1.0,True,test,non_fall,fall,0.9977232813835144,none,backward,0.9999929666519165
w25_00004379,weda,C:\Users\ADMIN\Desktop\ds-fall\data\raw\WEDA-FALL-main\dataset\25Hz\D08\U04_R02_accel.csv,C:\Users\ADMIN\Desktop\ds-fall\data\raw\WEDA-FALL-main\dataset\25Hz,U04,D08_R02,D08,gentle_jump,gentle_jump,0,none,False,24,74,0.961,2.921,25.0,50,12,"ax,ay,az,gx,gy,gz,acc_mag,gyro_mag,jerk,roll,pitch,tilt_delta",25.0,25.0,raw_25hz_time_aligned_to_uniform_25hz,adl_sliding_capped,101,101,,,dataset_unit_map,wrist,weda,m/s^2,rad/s,m/s^2,rad/s,1.0,1.0,True,test,non_fall,fall,0.9993653893470764,none,backward,0.999984860420227
w25_00004510,weda,C:\Users\ADMIN\Desktop\ds-fall\data\raw\WEDA-FALL-main\dataset\25Hz\D09\U04_R01_accel.csv,C:\Users\ADMIN\Desktop\ds-fall\data\raw\WEDA-FALL-main\dataset\25Hz,U04,D09_R01,D09,hit_table_with_hand,hit_table_with_hand,0,none,False,0,50,0.002,1.962,25.0,50,12,"ax,ay,az,gx,gy,gz,acc_mag,gyro_mag,jerk,roll,pitch,tilt_delta",25.0,25.0,raw_25hz_time_aligned_to_uniform_25hz,adl_sliding_capped,124,124,,,dataset_unit_map,wrist,weda,m/s^2,rad/s,m/s^2,rad/s,1.0,1.0,True,test,non_fall,non_fall,1.6156981530457415e-07,none,backward,0.9993641972541809
w25_00004511,weda,C:\Users\ADMIN\Desktop\ds-fall\data\raw\WEDA-FALL-main\dataset\25Hz\D09\U04_R01_accel.csv,C:\Users\ADMIN\Desktop\ds-fall\data\raw\WEDA-FALL-main\dataset\25Hz,U04,D09_R01,D09,hit_table_with_hand,hit_table_with_hand,0,none,False,12,62,0.482,2.4419999999999997,25.0,50,12,"ax,ay,az,gx,gy,gz,acc_mag,gyro_mag,jerk,roll,pitch,tilt_delta",25.0,25.0,raw_25hz_time_aligned_to_uniform_25hz,adl_sliding_capped,124,124,,,dataset_unit_map,wrist,weda,m/s^2,rad/s,m/s^2,rad/s,1.0,1.0,True,test,non_fall,non_fall,1.6942893310556428e-08,none,backward,0.9991164803504944
w25_00004512,weda,C:\Users\ADMIN\Desktop\ds-fall\data\raw\WEDA-FALL-main\dataset\25Hz\D09\U04_R01_accel.csv,C:\Users\ADMIN\Desktop\ds-fall\data\raw\WEDA-FALL-main\dataset\25Hz,U04,D09_R01,D09,hit_table_with_hand,hit_table_with_hand,0,none,False,24,74,0.962,2.9219999999999997,25.0,50,12,"ax,ay,az,gx,gy,gz,acc_mag,gyro_mag,jerk,roll,pitch,tilt_delta",25.0,25.0,raw_25hz_time_aligned_to_uniform_25hz,adl_sliding_capped,124,124,,,dataset_unit_map,wrist,weda,m/s^2,rad/s,m/s^2,rad/s,1.0,1.0,True,test,non_fall,non_fall,1.1029009101548581e-06,none,lateral,0.9348069429397583
w25_00004513,weda,C:\Users\ADMIN\Desktop\ds-fall\data\raw\WEDA-FALL-main\dataset\25Hz\D09\U04_R01_accel.csv,C:\Users\ADMIN\Desktop\ds-fall\data\raw\WEDA-FALL-main\dataset\25Hz,U04,D09_R01,D09,hit_table_with_hand,hit_table_with_hand,0,none,False,36,86,1.442,3.4019999999999997,25.0,50,12,"ax,ay,az,gx,gy,gz,acc_mag,gyro_mag,jerk,roll,pitch,tilt_delta",25.0,25.0,raw_25hz_time_aligned_to_uniform_25hz,adl_sliding_capped,124,124,,,dataset_unit_map,wrist,weda,m/s^2,rad/s,m/s^2,rad/s,1.0,1.0,True,test,non_fall,non_fall,1.4576581634173635e-05,none,lateral,0.9899865984916687
w25_00004514,weda,C:\Users\ADMIN\Desktop\ds-fall\data\raw\WEDA-FALL-main\dataset\25Hz\D09\U04_R01_accel.csv,C:\Users\ADMIN\Desktop\ds-fall\data\raw\WEDA-FALL-main\dataset\25Hz,U04,D09_R01,D09,hit_table_with_hand,hit_table_with_hand,0,none,False,48,98,1.922,3.8819999999999997,25.0,50,12,"ax,ay,az,gx,gy,gz,acc_mag,gyro_mag,jerk,roll,pitch,tilt_delta",25.0,25.0,raw_25hz_time_aligned_to_uniform_25hz,adl_sliding_capped,124,124,,,dataset_unit_map,wrist,weda,m/s^2,rad/s,m/s^2,rad/s,1.0,1.0,True,test,non_fall,non_fall,0.002601196989417076,none,lateral,0.9998935461044312
w25_00004515,weda,C:\Users\ADMIN\Desktop\ds-fall\data\raw\WEDA-FALL-main\dataset\25Hz\D09\U04_R01_accel.csv,C:\Users\ADMIN\Desktop\ds-fall\data\raw\WEDA-FALL-main\dataset\25Hz,U04,D09_R01,D09,hit_table_with_hand,hit_table_with_hand,0,none,False,60,110,2.4019999999999997,4.362,25.0,50,12,"ax,ay,az,gx,gy,gz,acc_mag,gyro_mag,jerk,roll,pitch,tilt_delta",25.0,25.0,raw_25hz_time_aligned_to_uniform_25hz,adl_sliding_capped,124,124,,,dataset_unit_map,wrist,weda,m/s^2,rad/s,m/s^2,rad/s,1.0,1.0,True,test,non_fall,non_fall,0.15055356919765472,none,lateral,0.9973612427711487
w25_00004516,weda,C:\Users\ADMIN\Desktop\ds-fall\data\raw\WEDA-FALL-main\dataset\25Hz\D09\U04_R01_accel.csv,C:\Users\ADMIN\Desktop\ds-fall\data\raw\WEDA-FALL-main\dataset\25Hz,U04,D09_R01,D09,hit_table_with_hand,hit_table_with_hand,0,none,False,72,122,2.8819999999999997,4.842,25.0,50,12,"ax,ay,az,gx,gy,gz,acc_mag,gyro_mag,jerk,roll,pitch,tilt_delta",25.0,25.0,raw_25hz_time_aligned_to_uniform_25hz,adl_sliding_capped,124,124,,,dataset_unit_map,wrist,weda,m/s^2,rad/s,m/s^2,rad/s,1.0,1.0,True,test,non_fall,non_fall,5.668368248734623e-05,none,forward,0.9976149797439575
w25_00004517,weda,C:\Users\ADMIN\Desktop\ds-fall\data\raw\WEDA-FALL-main\dataset\25Hz\D09\U04_R02_accel.csv,C:\Users\ADMIN\Desktop\ds-fall\data\raw\WEDA-FALL-main\dataset\25Hz,U04,D09_R02,D09,hit_table_with_hand,hit_table_with_hand,0,none,False,0,50,0.002,1.962,25.0,50,12,"ax,ay,az,gx,gy,gz,acc_mag,gyro_mag,jerk,roll,pitch,tilt_delta",25.0,25.0,raw_25hz_time_aligned_to_uniform_25hz,adl_sliding_capped,81,82,,,dataset_unit_map,wrist,weda,m/s^2,rad/s,m/s^2,rad/s,1.0,1.0,True,test,non_fall,fall,0.9948977828025818,none,lateral,0.9953988194465637
w25_00004518,weda,C:\Users\ADMIN\Desktop\ds-fall\data\raw\WEDA-FALL-main\dataset\25Hz\D09\U04_R02_accel.csv,C:\Users\ADMIN\Desktop\ds-fall\data\raw\WEDA-FALL-main\dataset\25Hz,U04,D09_R02,D09,hit_table_with_hand,hit_table_with_hand,0,none,False,12,62,0.482,2.4419999999999997,25.0,50,12,"ax,ay,az,gx,gy,gz,acc_mag,gyro_mag,jerk,roll,pitch,tilt_delta",25.0,25.0,raw_25hz_time_aligned_to_uniform_25hz,adl_sliding_capped,81,82,,,dataset_unit_map,wrist,weda,m/s^2,rad/s,m/s^2,rad/s,1.0,1.0,True,test,non_fall,fall,0.9992474317550659,none,backward,0.9870713353157043
w25_00004519,weda,C:\Users\ADMIN\Desktop\ds-fall\data\raw\WEDA-FALL-main\dataset\25Hz\D09\U04_R02_accel.csv,C:\Users\ADMIN\Desktop\ds-fall\data\raw\WEDA-FALL-main\dataset\25Hz,U04,D09_R02,D09,hit_table_with_hand,hit_table_with_hand,0,none,False,24,74,0.962,2.9219999999999997,25.0,50,12,"ax,ay,az,gx,gy,gz,acc_mag,gyro_mag,jerk,roll,pitch,tilt_delta",25.0,25.0,raw_25hz_time_aligned_to_uniform_25hz,adl_sliding_capped,81,82,,,dataset_unit_map,wrist,weda,m/s^2,rad/s,m/s^2,rad/s,1.0,1.0,True,test,non_fall,fall,0.9998992681503296,none,forward,0.7151171565055847
w25_00004650,weda,C:\Users\ADMIN\Desktop\ds-fall\data\raw\WEDA-FALL-main\dataset\25Hz\D09\U24_R01_accel.csv,C:\Users\ADMIN\Desktop\ds-fall\data\raw\WEDA-FALL-main\dataset\25Hz,U24,D09_R01,D09,hit_table_with_hand,hit_table_with_hand,0,none,False,0,50,0.002,1.962,25.0,50,12,"ax,ay,az,gx,gy,gz,acc_mag,gyro_mag,jerk,roll,pitch,tilt_delta",25.0,25.0,raw_25hz_time_aligned_to_uniform_25hz,adl_sliding_capped,118,119,,,dataset_unit_map,wrist,weda,m/s^2,rad/s,m/s^2,rad/s,1.0,1.0,True,test,non_fall,non_fall,7.529006893491896e-07,none,forward,0.9801264405250549
w25_00004651,weda,C:\Users\ADMIN\Desktop\ds-fall\data\raw\WEDA-FALL-main\dataset\25Hz\D09\U24_R01_accel.csv,C:\Users\ADMIN\Desktop\ds-fall\data\raw\WEDA-FALL-main\dataset\25Hz,U24,D09_R01,D09,hit_table_with_hand,hit_table_with_hand,0,none,False,12,62,0.482,2.4419999999999997,25.0,50,12,"ax,ay,az,gx,gy,gz,acc_mag,gyro_mag,jerk,roll,pitch,tilt_delta",25.0,25.0,raw_25hz_time_aligned_to_uniform_25hz,adl_sliding_capped,118,119,,,dataset_unit_map,wrist,weda,m/s^2,rad/s,m/s^2,rad/s,1.0,1.0,True,test,non_fall,non_fall,2.6824448013940128e-06,none,lateral,0.9935484528541565
w25_00004652,weda,C:\Users\ADMIN\Desktop\ds-fall\data\raw\WEDA-FALL-main\dataset\25Hz\D09\U24_R01_accel.csv,C:\Users\ADMIN\Desktop\ds-fall\data\raw\WEDA-FALL-main\dataset\25Hz,U24,D09_R01,D09,hit_table_with_hand,hit_table_with_hand,0,none,False,24,74,0.962,2.9219999999999997,25.0,50,12,"ax,ay,az,gx,gy,gz,acc_mag,gyro_mag,jerk,roll,pitch,tilt_delta",25.0,25.0,raw_25hz_time_aligned_to_uniform_25hz,adl_sliding_capped,118,119,,,dataset_unit_map,wrist,weda,m/s^2,rad/s,m/s^2,rad/s,1.0,1.0,True,test,non_fall,non_fall,3.1163162930170074e-05,none,forward,0.902978241443634
w25_00004653,weda,C:\Users\ADMIN\Desktop\ds-fall\data\raw\WEDA-FALL-main\dataset\25Hz\D09\U24_R01_accel.csv,C:\Users\ADMIN\Desktop\ds-fall\data\raw\WEDA-FALL-main\dataset\25Hz,U24,D09_R01,D09,hit_table_with_hand,hit_table_with_hand,0,none,False,36,86,1.442,3.4019999999999997,25.0,50,12,"ax,ay,az,gx,gy,gz,acc_mag,gyro_mag,jerk,roll,pitch,tilt_delta",25.0,25.0,raw_25hz_time_aligned_to_uniform_25hz,adl_sliding_capped,118,119,,,dataset_unit_map,wrist,weda,m/s^2,rad/s,m/s^2,rad/s,1.0,1.0,True,test,non_fall,non_fall,3.5005319659831e-05,none,forward,0.9836145043373108
w25_00004654,weda,C:\Users\ADMIN\Desktop\ds-fall\data\raw\WEDA-FALL-main\dataset\25Hz\D09\U24_R01_accel.csv,C:\Users\ADMIN\Desktop\ds-fall\data\raw\WEDA-FALL-main\dataset\25Hz,U24,D09_R01,D09,hit_table_with_hand,hit_table_with_hand,0,none,False,48,98,1.922,3.8819999999999997,25.0,50,12,"ax,ay,az,gx,gy,gz,acc_mag,gyro_mag,jerk,roll,pitch,tilt_delta",25.0,25.0,raw_25hz_time_aligned_to_uniform_25hz,adl_sliding_capped,118,119,,,dataset_unit_map,wrist,weda,m/s^2,rad/s,m/s^2,rad/s,1.0,1.0,True,test,non_fall,non_fall,6.161157944006845e-05,none,forward,0.9954090714454651
w25_00004655,weda,C:\Users\ADMIN\Desktop\ds-fall\data\raw\WEDA-FALL-main\dataset\25Hz\D09\U24_R01_accel.csv,C:\Users\ADMIN\Desktop\ds-fall\data\raw\WEDA-FALL-main\dataset\25Hz,U24,D09_R01,D09,hit_table_with_hand,hit_table_with_hand,0,none,False,60,110,2.4019999999999997,4.362,25.0,50,12,"ax,ay,az,gx,gy,gz,acc_mag,gyro_mag,jerk,roll,pitch,tilt_delta",25.0,25.0,raw_25hz_time_aligned_to_uniform_25hz,adl_sliding_capped,118,119,,,dataset_unit_map,wrist,weda,m/s^2,rad/s,m/s^2,rad/s,1.0,1.0,True,test,non_fall,non_fall,1.2903765167493475e-08,none,lateral,0.7668779492378235
w25_00004656,weda,C:\Users\ADMIN\Desktop\ds-fall\data\raw\WEDA-FALL-main\dataset\25Hz\D09\U24_R02_accel.csv,C:\Users\ADMIN\Desktop\ds-fall\data\raw\WEDA-FALL-main\dataset\25Hz,U24,D09_R02,D09,hit_table_with_hand,hit_table_with_hand,0,none,False,0,50,0.007,1.9669999999999999,25.0,50,12,"ax,ay,az,gx,gy,gz,acc_mag,gyro_mag,jerk,roll,pitch,tilt_delta",25.0,25.0,raw_25hz_time_aligned_to_uniform_25hz,adl_sliding_capped,138,138,,,dataset_unit_map,wrist,weda,m/s^2,rad/s,m/s^2,rad/s,1.0,1.0,True,test,non_fall,non_fall,3.3591895771678537e-06,none,forward,0.9931220412254333
w25_00004657,weda,C:\Users\ADMIN\Desktop\ds-fall\data\raw\WEDA-FALL-main\dataset\25Hz\D09\U24_R02_accel.csv,C:\Users\ADMIN\Desktop\ds-fall\data\raw\WEDA-FALL-main\dataset\25Hz,U24,D09_R02,D09,hit_table_with_hand,hit_table_with_hand,0,none,False,12,62,0.487,2.447,25.0,50,12,"ax,ay,az,gx,gy,gz,acc_mag,gyro_mag,jerk,roll,pitch,tilt_delta",25.0,25.0,raw_25hz_time_aligned_to_uniform_25hz,adl_sliding_capped,138,138,,,dataset_unit_map,wrist,weda,m/s^2,rad/s,m/s^2,rad/s,1.0,1.0,True,test,non_fall,non_fall,2.0280737089706236e-08,none,backward,0.9999912977218628
w25_00004658,weda,C:\Users\ADMIN\Desktop\ds-fall\data\raw\WEDA-FALL-main\dataset\25Hz\D09\U24_R02_accel.csv,C:\Users\ADMIN\Desktop\ds-fall\data\raw\WEDA-FALL-main\dataset\25Hz,U24,D09_R02,D09,hit_table_with_hand,hit_table_with_hand,0,none,False,24,74,0.967,2.927,25.0,50,12,"ax,ay,az,gx,gy,gz,acc_mag,gyro_mag,jerk,roll,pitch,tilt_delta",25.0,25.0,raw_25hz_time_aligned_to_uniform_25hz,adl_sliding_capped,138,138,,,dataset_unit_map,wrist,weda,m/s^2,rad/s,m/s^2,rad/s,1.0,1.0,True,test,non_fall,non_fall,1.1169924363230166e-07,none,forward,0.8637410402297974
w25_00004659,weda,C:\Users\ADMIN\Desktop\ds-fall\data\raw\WEDA-FALL-main\dataset\25Hz\D09\U24_R02_accel.csv,C:\Users\ADMIN\Desktop\ds-fall\data\raw\WEDA-FALL-main\dataset\25Hz,U24,D09_R02,D09,hit_table_with_hand,hit_table_with_hand,0,none,False,36,86,1.4469999999999998,3.407,25.0,50,12,"ax,ay,az,gx,gy,gz,acc_mag,gyro_mag,jerk,roll,pitch,tilt_delta",25.0,25.0,raw_25hz_time_aligned_to_uniform_25hz,adl_sliding_capped,138,138,,,dataset_unit_map,wrist,weda,m/s^2,rad/s,m/s^2,rad/s,1.0,1.0,True,test,non_fall,non_fall,9.901572894932542e-08,none,forward,0.8440631031990051
w25_00004660,weda,C:\Users\ADMIN\Desktop\ds-fall\data\raw\WEDA-FALL-main\dataset\25Hz\D09\U25_R01_accel.csv,C:\Users\ADMIN\Desktop\ds-fall\data\raw\WEDA-FALL-main\dataset\25Hz,U25,D09_R01,D09,hit_table_with_hand,hit_table_with_hand,0,none,False,0,50,0.078,2.038,25.0,50,12,"ax,ay,az,gx,gy,gz,acc_mag,gyro_mag,jerk,roll,pitch,tilt_delta",25.0,25.0,raw_25hz_time_aligned_to_uniform_25hz,adl_sliding_capped,124,123,,,dataset_unit_map,wrist,weda,m/s^2,rad/s,m/s^2,rad/s,1.0,1.0,True,test,non_fall,non_fall,8.46157718115137e-07,none,backward,0.9996029734611511
w25_00004661,weda,C:\Users\ADMIN\Desktop\ds-fall\data\raw\WEDA-FALL-main\dataset\25Hz\D09\U25_R01_accel.csv,C:\Users\ADMIN\Desktop\ds-fall\data\raw\WEDA-FALL-main\dataset\25Hz,U25,D09_R01,D09,hit_table_with_hand,hit_table_with_hand,0,none,False,12,62,0.5579999999999999,2.5179999999999993,25.0,50,12,"ax,ay,az,gx,gy,gz,acc_mag,gyro_mag,jerk,roll,pitch,tilt_delta",25.0,25.0,raw_25hz_time_aligned_to_uniform_25hz,adl_sliding_capped,124,123,,,dataset_unit_map,wrist,weda,m/s^2,rad/s,m/s^2,rad/s,1.0,1.0,True,test,non_fall,non_fall,9.514187127024343e-07,none,forward,0.9104043841362
w25_00004662,weda,C:\Users\ADMIN\Desktop\ds-fall\data\raw\WEDA-FALL-main\dataset\25Hz\D09\U25_R01_accel.csv,C:\Users\ADMIN\Desktop\ds-fall\data\raw\WEDA-FALL-main\dataset\25Hz,U25,D09_R01,D09,hit_table_with_hand,hit_table_with_hand,0,none,False,24,74,1.0379999999999998,2.9979999999999993,25.0,50,12,"ax,ay,az,gx,gy,gz,acc_mag,gyro_mag,jerk,roll,pitch,tilt_delta",25.0,25.0,raw_25hz_time_aligned_to_uniform_25hz,adl_sliding_capped,124,123,,,dataset_unit_map,wrist,weda,m/s^2,rad/s,m/s^2,rad/s,1.0,1.0,True,test,non_fall,non_fall,5.948198236183089e-07,none,backward,0.677631676197052
w25_00004663,weda,C:\Users\ADMIN\Desktop\ds-fall\data\raw\WEDA-FALL-main\dataset\25Hz\D09\U25_R01_accel.csv,C:\Users\ADMIN\Desktop\ds-fall\data\raw\WEDA-FALL-main\dataset\25Hz,U25,D09_R01,D09,hit_table_with_hand,hit_table_with_hand,0,none,False,36,86,1.5179999999999998,3.4779999999999993,25.0,50,12,"ax,ay,az,gx,gy,gz,acc_mag,gyro_mag,jerk,roll,pitch,tilt_delta",25.0,25.0,raw_25hz_time_aligned_to_uniform_25hz,adl_sliding_capped,124,123,,,dataset_unit_map,wrist,weda,m/s^2,rad/s,m/s^2,rad/s,1.0,1.0,True,test,non_fall,non_fall,5.6714889069553465e-06,none,forward,0.9997627139091492
w25_00004664,weda,C:\Users\ADMIN\Desktop\ds-fall\data\raw\WEDA-FALL-main\dataset\25Hz\D09\U25_R01_accel.csv,C:\Users\ADMIN\Desktop\ds-fall\data\raw\WEDA-FALL-main\dataset\25Hz,U25,D09_R01,D09,hit_table_with_hand,hit_table_with_hand,0,none,False,48,98,1.9979999999999998,3.9579999999999993,25.0,50,12,"ax,ay,az,gx,gy,gz,acc_mag,gyro_mag,jerk,roll,pitch,tilt_delta",25.0,25.0,raw_25hz_time_aligned_to_uniform_25hz,adl_sliding_capped,124,123,,,dataset_unit_map,wrist,weda,m/s^2,rad/s,m/s^2,rad/s,1.0,1.0,True,test,non_fall,non_fall,4.547144385469437e-07,none,forward,0.999813973903656
w25_00004665,weda,C:\Users\ADMIN\Desktop\ds-fall\data\raw\WEDA-FALL-main\dataset\25Hz\D09\U25_R01_accel.csv,C:\Users\ADMIN\Desktop\ds-fall\data\raw\WEDA-FALL-main\dataset\25Hz,U25,D09_R01,D09,hit_table_with_hand,hit_table_with_hand,0,none,False,60,110,2.4779999999999993,4.438,25.0,50,12,"ax,ay,az,gx,gy,gz,acc_mag,gyro_mag,jerk,roll,pitch,tilt_delta",25.0,25.0,raw_25hz_time_aligned_to_uniform_25hz,adl_sliding_capped,124,123,,,dataset_unit_map,wrist,weda,m/s^2,rad/s,m/s^2,rad/s,1.0,1.0,True,test,non_fall,non_fall,3.3546243685123045e-06,none,forward,0.9999052286148071
w25_00004666,weda,C:\Users\ADMIN\Desktop\ds-fall\data\raw\WEDA-FALL-main\dataset\25Hz\D09\U25_R01_accel.csv,C:\Users\ADMIN\Desktop\ds-fall\data\raw\WEDA-FALL-main\dataset\25Hz,U25,D09_R01,D09,hit_table_with_hand,hit_table_with_hand,0,none,False,72,122,2.9579999999999993,4.917999999999999,25.0,50,12,"ax,ay,az,gx,gy,gz,acc_mag,gyro_mag,jerk,roll,pitch,tilt_delta",25.0,25.0,raw_25hz_time_aligned_to_uniform_25hz,adl_sliding_capped,124,123,,,dataset_unit_map,wrist,weda,m/s^2,rad/s,m/s^2,rad/s,1.0,1.0,True,test,non_fall,non_fall,7.996742169780191e-06,none,forward,0.9982359409332275
w25_00004667,weda,C:\Users\ADMIN\Desktop\ds-fall\data\raw\WEDA-FALL-main\dataset\25Hz\D09\U25_R02_accel.csv,C:\Users\ADMIN\Desktop\ds-fall\data\raw\WEDA-FALL-main\dataset\25Hz,U25,D09_R02,D09,hit_table_with_hand,hit_table_with_hand,0,none,False,0,50,0.001,1.9609999999999999,25.0,50,12,"ax,ay,az,gx,gy,gz,acc_mag,gyro_mag,jerk,roll,pitch,tilt_delta",25.0,25.0,raw_25hz_time_aligned_to_uniform_25hz,adl_sliding_capped,104,104,,,dataset_unit_map,wrist,weda,m/s^2,rad/s,m/s^2,rad/s,1.0,1.0,True,test,non_fall,non_fall,1.0873485933871052e-07,none,forward,0.932181179523468
w25_00004668,weda,C:\Users\ADMIN\Desktop\ds-fall\data\raw\WEDA-FALL-main\dataset\25Hz\D09\U25_R02_accel.csv,C:\Users\ADMIN\Desktop\ds-fall\data\raw\WEDA-FALL-main\dataset\25Hz,U25,D09_R02,D09,hit_table_with_hand,hit_table_with_hand,0,none,False,12,62,0.481,2.441,25.0,50,12,"ax,ay,az,gx,gy,gz,acc_mag,gyro_mag,jerk,roll,pitch,tilt_delta",25.0,25.0,raw_25hz_time_aligned_to_uniform_25hz,adl_sliding_capped,104,104,,,dataset_unit_map,wrist,weda,m/s^2,rad/s,m/s^2,rad/s,1.0,1.0,True,test,non_fall,non_fall,1.0857777255068868e-07,none,forward,0.9738357067108154
w25_00004669,weda,C:\Users\ADMIN\Desktop\ds-fall\data\raw\WEDA-FALL-main\dataset\25Hz\D09\U25_R02_accel.csv,C:\Users\ADMIN\Desktop\ds-fall\data\raw\WEDA-FALL-main\dataset\25Hz,U25,D09_R02,D09,hit_table_with_hand,hit_table_with_hand,0,none,False,24,74,0.961,2.921,25.0,50,12,"ax,ay,az,gx,gy,gz,acc_mag,gyro_mag,jerk,roll,pitch,tilt_delta",25.0,25.0,raw_25hz_time_aligned_to_uniform_25hz,adl_sliding_capped,104,104,,,dataset_unit_map,wrist,weda,m/s^2,rad/s,m/s^2,rad/s,1.0,1.0,True,test,non_fall,non_fall,1.5473513315100718e-07,none,backward,0.9998540878295898
w25_00004760,weda,C:\Users\ADMIN\Desktop\ds-fall\data\raw\WEDA-FALL-main\dataset\25Hz\D10\U04_R01_accel.csv,C:\Users\ADMIN\Desktop\ds-fall\data\raw\WEDA-FALL-main\dataset\25Hz,U04,D10_R01,D10,clapping_hands,clapping_hands,0,none,False,0,50,0.002,1.962,25.0,50,12,"ax,ay,az,gx,gy,gz,acc_mag,gyro_mag,jerk,roll,pitch,tilt_delta",25.0,25.0,raw_25hz_time_aligned_to_uniform_25hz,adl_sliding_capped,252,253,,,dataset_unit_map,wrist,weda,m/s^2,rad/s,m/s^2,rad/s,1.0,1.0,True,test,non_fall,fall,0.9999997615814209,none,forward,0.9999498128890991
w25_00004761,weda,C:\Users\ADMIN\Desktop\ds-fall\data\raw\WEDA-FALL-main\dataset\25Hz\D10\U04_R01_accel.csv,C:\Users\ADMIN\Desktop\ds-fall\data\raw\WEDA-FALL-main\dataset\25Hz,U04,D10_R01,D10,clapping_hands,clapping_hands,0,none,False,12,62,0.482,2.4419999999999997,25.0,50,12,"ax,ay,az,gx,gy,gz,acc_mag,gyro_mag,jerk,roll,pitch,tilt_delta",25.0,25.0,raw_25hz_time_aligned_to_uniform_25hz,adl_sliding_capped,252,253,,,dataset_unit_map,wrist,weda,m/s^2,rad/s,m/s^2,rad/s,1.0,1.0,True,test,non_fall,fall,1.0,none,forward,0.9803805947303772
w25_00004762,weda,C:\Users\ADMIN\Desktop\ds-fall\data\raw\WEDA-FALL-main\dataset\25Hz\D10\U04_R01_accel.csv,C:\Users\ADMIN\Desktop\ds-fall\data\raw\WEDA-FALL-main\dataset\25Hz,U04,D10_R01,D10,clapping_hands,clapping_hands,0,none,False,24,74,0.962,2.9219999999999997,25.0,50,12,"ax,ay,az,gx,gy,gz,acc_mag,gyro_mag,jerk,roll,pitch,tilt_delta",25.0,25.0,raw_25hz_time_aligned_to_uniform_25hz,adl_sliding_capped,252,253,,,dataset_unit_map,wrist,weda,m/s^2,rad/s,m/s^2,rad/s,1.0,1.0,True,test,non_fall,fall,1.0,none,forward,0.9905135631561279
w25_00004763,weda,C:\Users\ADMIN\Desktop\ds-fall\data\raw\WEDA-FALL-main\dataset\25Hz\D10\U04_R01_accel.csv,C:\Users\ADMIN\Desktop\ds-fall\data\raw\WEDA-FALL-main\dataset\25Hz,U04,D10_R01,D10,clapping_hands,clapping_hands,0,none,False,36,86,1.442,3.4019999999999997,25.0,50,12,"ax,ay,az,gx,gy,gz,acc_mag,gyro_mag,jerk,roll,pitch,tilt_delta",25.0,25.0,raw_25hz_time_aligned_to_uniform_25hz,adl_sliding_capped,252,253,,,dataset_unit_map,wrist,weda,m/s^2,rad/s,m/s^2,rad/s,1.0,1.0,True,test,non_fall,fall,1.0,none,lateral,0.5746432542800903
w25_00004764,weda,C:\Users\ADMIN\Desktop\ds-fall\data\raw\WEDA-FALL-main\dataset\25Hz\D10\U04_R01_accel.csv,C:\Users\ADMIN\Desktop\ds-fall\data\raw\WEDA-FALL-main\dataset\25Hz,U04,D10_R01,D10,clapping_hands,clapping_hands,0,none,False,48,98,1.922,3.8819999999999997,25.0,50,12,"ax,ay,az,gx,gy,gz,acc_mag,gyro_mag,jerk,roll,pitch,tilt_delta",25.0,25.0,raw_25hz_time_aligned_to_uniform_25hz,adl_sliding_capped,252,253,,,dataset_unit_map,wrist,weda,m/s^2,rad/s,m/s^2,rad/s,1.0,1.0,True,test,non_fall,fall,0.998205304145813,none,lateral,0.9648211002349854
w25_00004765,weda,C:\Users\ADMIN\Desktop\ds-fall\data\raw\WEDA-FALL-main\dataset\25Hz\D10\U04_R01_accel.csv,C:\Users\ADMIN\Desktop\ds-fall\data\raw\WEDA-FALL-main\dataset\25Hz,U04,D10_R01,D10,clapping_hands,clapping_hands,0,none,False,60,110,2.4019999999999997,4.362,25.0,50,12,"ax,ay,az,gx,gy,gz,acc_mag,gyro_mag,jerk,roll,pitch,tilt_delta",25.0,25.0,raw_25hz_time_aligned_to_uniform_25hz,adl_sliding_capped,252,253,,,dataset_unit_map,wrist,weda,m/s^2,rad/s,m/s^2,rad/s,1.0,1.0,True,test,non_fall,non_fall,0.02723407931625843,none,backward,0.7859576940536499
w25_00004766,weda,C:\Users\ADMIN\Desktop\ds-fall\data\raw\WEDA-FALL-main\dataset\25Hz\D10\U04_R01_accel.csv,C:\Users\ADMIN\Desktop\ds-fall\data\raw\WEDA-FALL-main\dataset\25Hz,U04,D10_R01,D10,clapping_hands,clapping_hands,0,none,False,72,122,2.8819999999999997,4.842,25.0,50,12,"ax,ay,az,gx,gy,gz,acc_mag,gyro_mag,jerk,roll,pitch,tilt_delta",25.0,25.0,raw_25hz_time_aligned_to_uniform_25hz,adl_sliding_capped,252,253,,,dataset_unit_map,wrist,weda,m/s^2,rad/s,m/s^2,rad/s,1.0,1.0,True,test,non_fall,non_fall,0.0031937318854033947,none,backward,0.9878591895103455
w25_00004767,weda,C:\Users\ADMIN\Desktop\ds-fall\data\raw\WEDA-FALL-main\dataset\25Hz\D10\U04_R01_accel.csv,C:\Users\ADMIN\Desktop\ds-fall\data\raw\WEDA-FALL-main\dataset\25Hz,U04,D10_R01,D10,clapping_hands,clapping_hands,0,none,False,84,134,3.3619999999999997,5.322,25.0,50,12,"ax,ay,az,gx,gy,gz,acc_mag,gyro_mag,jerk,roll,pitch,tilt_delta",25.0,25.0,raw_25hz_time_aligned_to_uniform_25hz,adl_sliding_capped,252,253,,,dataset_unit_map,wrist,weda,m/s^2,rad/s,m/s^2,rad/s,1.0,1.0,True,test,non_fall,non_fall,0.0003503133193589747,none,backward,0.9999164342880249
w25_00004768,weda,C:\Users\ADMIN\Desktop\ds-fall\data\raw\WEDA-FALL-main\dataset\25Hz\D10\U04_R01_accel.csv,C:\Users\ADMIN\Desktop\ds-fall\data\raw\WEDA-FALL-main\dataset\25Hz,U04,D10_R01,D10,clapping_hands,clapping_hands,0,none,False,96,146,3.8419999999999996,5.802,25.0,50,12,"ax,ay,az,gx,gy,gz,acc_mag,gyro_mag,jerk,roll,pitch,tilt_delta",25.0,25.0,raw_25hz_time_aligned_to_uniform_25hz,adl_sliding_capped,252,253,,,dataset_unit_map,wrist,weda,m/s^2,rad/s,m/s^2,rad/s,1.0,1.0,True,test,non_fall,non_fall,9.61316345637897e-07,none,backward,0.9999817609786987
w25_00004769,weda,C:\Users\ADMIN\Desktop\ds-fall\data\raw\WEDA-FALL-main\dataset\25Hz\D10\U04_R01_accel.csv,C:\Users\ADMIN\Desktop\ds-fall\data\raw\WEDA-FALL-main\dataset\25Hz,U04,D10_R01,D10,clapping_hands,clapping_hands,0,none,False,108,158,4.322,6.282,25.0,50,12,"ax,ay,az,gx,gy,gz,acc_mag,gyro_mag,jerk,roll,pitch,tilt_delta",25.0,25.0,raw_25hz_time_aligned_to_uniform_25hz,adl_sliding_capped,252,253,,,dataset_unit_map,wrist,weda,m/s^2,rad/s,m/s^2,rad/s,1.0,1.0,True,test,non_fall,non_fall,4.781417572985447e-08,none,backward,0.9984081387519836
w25_00004900,weda,C:\Users\ADMIN\Desktop\ds-fall\data\raw\WEDA-FALL-main\dataset\25Hz\D10\U24_R01_accel.csv,C:\Users\ADMIN\Desktop\ds-fall\data\raw\WEDA-FALL-main\dataset\25Hz,U24,D10_R01,D10,clapping_hands,clapping_hands,0,none,False,0,50,0.002,1.962,25.0,50,12,"ax,ay,az,gx,gy,gz,acc_mag,gyro_mag,jerk,roll,pitch,tilt_delta",25.0,25.0,raw_25hz_time_aligned_to_uniform_25hz,adl_sliding_capped,243,246,,,dataset_unit_map,wrist,weda,m/s^2,rad/s,m/s^2,rad/s,1.0,1.0,True,test,non_fall,non_fall,4.3581582787055595e-08,none,backward,0.9675382375717163
w25_00004901,weda,C:\Users\ADMIN\Desktop\ds-fall\data\raw\WEDA-FALL-main\dataset\25Hz\D10\U24_R01_accel.csv,C:\Users\ADMIN\Desktop\ds-fall\data\raw\WEDA-FALL-main\dataset\25Hz,U24,D10_R01,D10,clapping_hands,clapping_hands,0,none,False,12,62,0.482,2.4419999999999997,25.0,50,12,"ax,ay,az,gx,gy,gz,acc_mag,gyro_mag,jerk,roll,pitch,tilt_delta",25.0,25.0,raw_25hz_time_aligned_to_uniform_25hz,adl_sliding_capped,243,246,,,dataset_unit_map,wrist,weda,m/s^2,rad/s,m/s^2,rad/s,1.0,1.0,True,test,non_fall,non_fall,3.178436145390151e-07,none,backward,0.8543667793273926
w25_00004902,weda,C:\Users\ADMIN\Desktop\ds-fall\data\raw\WEDA-FALL-main\dataset\25Hz\D10\U24_R01_accel.csv,C:\Users\ADMIN\Desktop\ds-fall\data\raw\WEDA-FALL-main\dataset\25Hz,U24,D10_R01,D10,clapping_hands,clapping_hands,0,none,False,24,74,0.962,2.9219999999999997,25.0,50,12,"ax,ay,az,gx,gy,gz,acc_mag,gyro_mag,jerk,roll,pitch,tilt_delta",25.0,25.0,raw_25hz_time_aligned_to_uniform_25hz,adl_sliding_capped,243,246,,,dataset_unit_map,wrist,weda,m/s^2,rad/s,m/s^2,rad/s,1.0,1.0,True,test,non_fall,non_fall,4.327436187168132e-08,none,backward,0.99599289894104
w25_00004903,weda,C:\Users\ADMIN\Desktop\ds-fall\data\raw\WEDA-FALL-main\dataset\25Hz\D10\U24_R01_accel.csv,C:\Users\ADMIN\Desktop\ds-fall\data\raw\WEDA-FALL-main\dataset\25Hz,U24,D10_R01,D10,clapping_hands,clapping_hands,0,none,False,36,86,1.442,3.4019999999999997,25.0,50,12,"ax,ay,az,gx,gy,gz,acc_mag,gyro_mag,jerk,roll,pitch,tilt_delta",25.0,25.0,raw_25hz_time_aligned_to_uniform_25hz,adl_sliding_capped,243,246,,,dataset_unit_map,wrist,weda,m/s^2,rad/s,m/s^2,rad/s,1.0,1.0,True,test,non_fall,non_fall,2.3583211827826744e-08,none,backward,0.998933732509613
w25_00004904,weda,C:\Users\ADMIN\Desktop\ds-fall\data\raw\WEDA-FALL-main\dataset\25Hz\D10\U24_R01_accel.csv,C:\Users\ADMIN\Desktop\ds-fall\data\raw\WEDA-FALL-main\dataset\25Hz,U24,D10_R01,D10,clapping_hands,clapping_hands,0,none,False,48,98,1.922,3.8819999999999997,25.0,50,12,"ax,ay,az,gx,gy,gz,acc_mag,gyro_mag,jerk,roll,pitch,tilt_delta",25.0,25.0,raw_25hz_time_aligned_to_uniform_25hz,adl_sliding_capped,243,246,,,dataset_unit_map,wrist,weda,m/s^2,rad/s,m/s^2,rad/s,1.0,1.0,True,test,non_fall,non_fall,8.644234128496464e-08,none,backward,0.9998233914375305
w25_00004905,weda,C:\Users\ADMIN\Desktop\ds-fall\data\raw\WEDA-FALL-main\dataset\25Hz\D10\U24_R01_accel.csv,C:\Users\ADMIN\Desktop\ds-fall\data\raw\WEDA-FALL-main\dataset\25Hz,U24,D10_R01,D10,clapping_hands,clapping_hands,0,none,False,60,110,2.4019999999999997,4.362,25.0,50,12,"ax,ay,az,gx,gy,gz,acc_mag,gyro_mag,jerk,roll,pitch,tilt_delta",25.0,25.0,raw_25hz_time_aligned_to_uniform_25hz,adl_sliding_capped,243,246,,,dataset_unit_map,wrist,weda,m/s^2,rad/s,m/s^2,rad/s,1.0,1.0,True,test,non_fall,non_fall,1.823609818707439e-09,none,backward,0.9999722242355347
w25_00004906,weda,C:\Users\ADMIN\Desktop\ds-fall\data\raw\WEDA-FALL-main\dataset\25Hz\D10\U24_R01_accel.csv,C:\Users\ADMIN\Desktop\ds-fall\data\raw\WEDA-FALL-main\dataset\25Hz,U24,D10_R01,D10,clapping_hands,clapping_hands,0,none,False,72,122,2.8819999999999997,4.842,25.0,50,12,"ax,ay,az,gx,gy,gz,acc_mag,gyro_mag,jerk,roll,pitch,tilt_delta",25.0,25.0,raw_25hz_time_aligned_to_uniform_25hz,adl_sliding_capped,243,246,,,dataset_unit_map,wrist,weda,m/s^2,rad/s,m/s^2,rad/s,1.0,1.0,True,test,non_fall,non_fall,1.1089403173514256e-08,none,backward,0.9999868869781494
w25_00004907,weda,C:\Users\ADMIN\Desktop\ds-fall\data\raw\WEDA-FALL-main\dataset\25Hz\D10\U24_R01_accel.csv,C:\Users\ADMIN\Desktop\ds-fall\data\raw\WEDA-FALL-main\dataset\25Hz,U24,D10_R01,D10,clapping_hands,clapping_hands,0,none,False,84,134,3.3619999999999997,5.322,25.0,50,12,"ax,ay,az,gx,gy,gz,acc_mag,gyro_mag,jerk,roll,pitch,tilt_delta",25.0,25.0,raw_25hz_time_aligned_to_uniform_25hz,adl_sliding_capped,243,246,,,dataset_unit_map,wrist,weda,m/s^2,rad/s,m/s^2,rad/s,1.0,1.0,True,test,non_fall,non_fall,2.1166441044329076e-08,none,backward,0.9999101161956787
w25_00004908,weda,C:\Users\ADMIN\Desktop\ds-fall\data\raw\WEDA-FALL-main\dataset\25Hz\D10\U24_R01_accel.csv,C:\Users\ADMIN\Desktop\ds-fall\data\raw\WEDA-FALL-main\dataset\25Hz,U24,D10_R01,D10,clapping_hands,clapping_hands,0,none,False,96,146,3.8419999999999996,5.802,25.0,50,12,"ax,ay,az,gx,gy,gz,acc_mag,gyro_mag,jerk,roll,pitch,tilt_delta",25.0,25.0,raw_25hz_time_aligned_to_uniform_25hz,adl_sliding_capped,243,246,,,dataset_unit_map,wrist,weda,m/s^2,rad/s,m/s^2,rad/s,1.0,1.0,True,test,non_fall,non_fall,5.729247831709472e-08,none,backward,0.9999499320983887
w25_00004909,weda,C:\Users\ADMIN\Desktop\ds-fall\data\raw\WEDA-FALL-main\dataset\25Hz\D10\U24_R01_accel.csv,C:\Users\ADMIN\Desktop\ds-fall\data\raw\WEDA-FALL-main\dataset\25Hz,U24,D10_R01,D10,clapping_hands,clapping_hands,0,none,False,108,158,4.322,6.282,25.0,50,12,"ax,ay,az,gx,gy,gz,acc_mag,gyro_mag,jerk,roll,pitch,tilt_delta",25.0,25.0,raw_25hz_time_aligned_to_uniform_25hz,adl_sliding_capped,243,246,,,dataset_unit_map,wrist,weda,m/s^2,rad/s,m/s^2,rad/s,1.0,1.0,True,test,non_fall,non_fall,7.023541748196749e-09,none,backward,0.9993577599525452
w25_00004910,weda,C:\Users\ADMIN\Desktop\ds-fall\data\raw\WEDA-FALL-main\dataset\25Hz\D10\U25_R01_accel.csv,C:\Users\ADMIN\Desktop\ds-fall\data\raw\WEDA-FALL-main\dataset\25Hz,U25,D10_R01,D10,clapping_hands,clapping_hands,0,none,False,0,50,0.001,1.9609999999999999,25.0,50,12,"ax,ay,az,gx,gy,gz,acc_mag,gyro_mag,jerk,roll,pitch,tilt_delta",25.0,25.0,raw_25hz_time_aligned_to_uniform_25hz,adl_sliding_capped,264,267,,,dataset_unit_map,wrist,weda,m/s^2,rad/s,m/s^2,rad/s,1.0,1.0,True,test,non_fall,non_fall,2.2205811092135264e-06,none,forward,0.6674368977546692
w25_00004911,weda,C:\Users\ADMIN\Desktop\ds-fall\data\raw\WEDA-FALL-main\dataset\25Hz\D10\U25_R01_accel.csv,C:\Users\ADMIN\Desktop\ds-fall\data\raw\WEDA-FALL-main\dataset\25Hz,U25,D10_R01,D10,clapping_hands,clapping_hands,0,none,False,12,62,0.481,2.441,25.0,50,12,"ax,ay,az,gx,gy,gz,acc_mag,gyro_mag,jerk,roll,pitch,tilt_delta",25.0,25.0,raw_25hz_time_aligned_to_uniform_25hz,adl_sliding_capped,264,267,,,dataset_unit_map,wrist,weda,m/s^2,rad/s,m/s^2,rad/s,1.0,1.0,True,test,non_fall,non_fall,4.1908865568984766e-06,none,backward,0.9275448322296143
w25_00004912,weda,C:\Users\ADMIN\Desktop\ds-fall\data\raw\WEDA-FALL-main\dataset\25Hz\D10\U25_R01_accel.csv,C:\Users\ADMIN\Desktop\ds-fall\data\raw\WEDA-FALL-main\dataset\25Hz,U25,D10_R01,D10,clapping_hands,clapping_hands,0,none,False,24,74,0.961,2.921,25.0,50,12,"ax,ay,az,gx,gy,gz,acc_mag,gyro_mag,jerk,roll,pitch,tilt_delta",25.0,25.0,raw_25hz_time_aligned_to_uniform_25hz,adl_sliding_capped,264,267,,,dataset_unit_map,wrist,weda,m/s^2,rad/s,m/s^2,rad/s,1.0,1.0,True,test,non_fall,non_fall,2.4151589173015964e-08,none,backward,0.9697848558425903
w25_00004913,weda,C:\Users\ADMIN\Desktop\ds-fall\data\raw\WEDA-FALL-main\dataset\25Hz\D10\U25_R01_accel.csv,C:\Users\ADMIN\Desktop\ds-fall\data\raw\WEDA-FALL-main\dataset\25Hz,U25,D10_R01,D10,clapping_hands,clapping_hands,0,none,False,36,86,1.4409999999999998,3.401,25.0,50,12,"ax,ay,az,gx,gy,gz,acc_mag,gyro_mag,jerk,roll,pitch,tilt_delta",25.0,25.0,raw_25hz_time_aligned_to_uniform_25hz,adl_sliding_capped,264,267,,,dataset_unit_map,wrist,weda,m/s^2,rad/s,m/s^2,rad/s,1.0,1.0,True,test,non_fall,non_fall,3.336713305657213e-08,none,backward,0.9595303535461426
w25_00004914,weda,C:\Users\ADMIN\Desktop\ds-fall\data\raw\WEDA-FALL-main\dataset\25Hz\D10\U25_R01_accel.csv,C:\Users\ADMIN\Desktop\ds-fall\data\raw\WEDA-FALL-main\dataset\25Hz,U25,D10_R01,D10,clapping_hands,clapping_hands,0,none,False,48,98,1.9209999999999998,3.881,25.0,50,12,"ax,ay,az,gx,gy,gz,acc_mag,gyro_mag,jerk,roll,pitch,tilt_delta",25.0,25.0,raw_25hz_time_aligned_to_uniform_25hz,adl_sliding_capped,264,267,,,dataset_unit_map,wrist,weda,m/s^2,rad/s,m/s^2,rad/s,1.0,1.0,True,test,non_fall,non_fall,2.6427400268147494e-09,none,backward,0.9872958064079285
w25_00004915,weda,C:\Users\ADMIN\Desktop\ds-fall\data\raw\WEDA-FALL-main\dataset\25Hz\D10\U25_R01_accel.csv,C:\Users\ADMIN\Desktop\ds-fall\data\raw\WEDA-FALL-main\dataset\25Hz,U25,D10_R01,D10,clapping_hands,clapping_hands,0,none,False,60,110,2.401,4.361000000000001,25.0,50,12,"ax,ay,az,gx,gy,gz,acc_mag,gyro_mag,jerk,roll,pitch,tilt_delta",25.0,25.0,raw_25hz_time_aligned_to_uniform_25hz,adl_sliding_capped,264,267,,,dataset_unit_map,wrist,weda,m/s^2,rad/s,m/s^2,rad/s,1.0,1.0,True,test,non_fall,non_fall,1.6929769808271544e-09,none,backward,0.9759849309921265
w25_00004916,weda,C:\Users\ADMIN\Desktop\ds-fall\data\raw\WEDA-FALL-main\dataset\25Hz\D10\U25_R01_accel.csv,C:\Users\ADMIN\Desktop\ds-fall\data\raw\WEDA-FALL-main\dataset\25Hz,U25,D10_R01,D10,clapping_hands,clapping_hands,0,none,False,72,122,2.881,4.841,25.0,50,12,"ax,ay,az,gx,gy,gz,acc_mag,gyro_mag,jerk,roll,pitch,tilt_delta",25.0,25.0,raw_25hz_time_aligned_to_uniform_25hz,adl_sliding_capped,264,267,,,dataset_unit_map,wrist,weda,m/s^2,rad/s,m/s^2,rad/s,1.0,1.0,True,test,non_fall,non_fall,7.0673094043627316e-09,none,backward,0.9724869132041931
w25_00004917,weda,C:\Users\ADMIN\Desktop\ds-fall\data\raw\WEDA-FALL-main\dataset\25Hz\D10\U25_R01_accel.csv,C:\Users\ADMIN\Desktop\ds-fall\data\raw\WEDA-FALL-main\dataset\25Hz,U25,D10_R01,D10,clapping_hands,clapping_hands,0,none,False,84,134,3.3609999999999998,5.321000000000001,25.0,50,12,"ax,ay,az,gx,gy,gz,acc_mag,gyro_mag,jerk,roll,pitch,tilt_delta",25.0,25.0,raw_25hz_time_aligned_to_uniform_25hz,adl_sliding_capped,264,267,,,dataset_unit_map,wrist,weda,m/s^2,rad/s,m/s^2,rad/s,1.0,1.0,True,test,non_fall,non_fall,1.4866569308935595e-08,none,backward,0.9124487638473511
w25_00004918,weda,C:\Users\ADMIN\Desktop\ds-fall\data\raw\WEDA-FALL-main\dataset\25Hz\D10\U25_R01_accel.csv,C:\Users\ADMIN\Desktop\ds-fall\data\raw\WEDA-FALL-main\dataset\25Hz,U25,D10_R01,D10,clapping_hands,clapping_hands,0,none,False,96,146,3.8409999999999997,5.801,25.0,50,12,"ax,ay,az,gx,gy,gz,acc_mag,gyro_mag,jerk,roll,pitch,tilt_delta",25.0,25.0,raw_25hz_time_aligned_to_uniform_25hz,adl_sliding_capped,264,267,,,dataset_unit_map,wrist,weda,m/s^2,rad/s,m/s^2,rad/s,1.0,1.0,True,test,non_fall,non_fall,5.221513887931906e-09,none,backward,0.961499810218811
w25_00004919,weda,C:\Users\ADMIN\Desktop\ds-fall\data\raw\WEDA-FALL-main\dataset\25Hz\D10\U25_R01_accel.csv,C:\Users\ADMIN\Desktop\ds-fall\data\raw\WEDA-FALL-main\dataset\25Hz,U25,D10_R01,D10,clapping_hands,clapping_hands,0,none,False,108,158,4.321000000000001,6.281000000000001,25.0,50,12,"ax,ay,az,gx,gy,gz,acc_mag,gyro_mag,jerk,roll,pitch,tilt_delta",25.0,25.0,raw_25hz_time_aligned_to_uniform_25hz,adl_sliding_capped,264,267,,,dataset_unit_map,wrist,weda,m/s^2,rad/s,m/s^2,rad/s,1.0,1.0,True,test,non_fall,non_fall,5.788702850395566e-09,none,backward,0.9627488851547241
w25_00004995,weda,C:\Users\ADMIN\Desktop\ds-fall\data\raw\WEDA-FALL-main\dataset\25Hz\D11\U04_R01_accel.csv,C:\Users\ADMIN\Desktop\ds-fall\data\raw\WEDA-FALL-main\dataset\25Hz,U04,D11_R01,D11,open_close_door,open_close_door,0,none,False,0,50,0.006,1.966,25.0,50,12,"ax,ay,az,gx,gy,gz,acc_mag,gyro_mag,jerk,roll,pitch,tilt_delta",25.0,25.0,raw_25hz_time_aligned_to_uniform_25hz,adl_sliding_capped,274,276,,,dataset_unit_map,wrist,weda,m/s^2,rad/s,m/s^2,rad/s,1.0,1.0,True,test,non_fall,non_fall,9.087248326977715e-05,none,backward,0.9880781769752502
w25_00004996,weda,C:\Users\ADMIN\Desktop\ds-fall\data\raw\WEDA-FALL-main\dataset\25Hz\D11\U04_R01_accel.csv,C:\Users\ADMIN\Desktop\ds-fall\data\raw\WEDA-FALL-main\dataset\25Hz,U04,D11_R01,D11,open_close_door,open_close_door,0,none,False,12,62,0.486,2.4459999999999997,25.0,50,12,"ax,ay,az,gx,gy,gz,acc_mag,gyro_mag,jerk,roll,pitch,tilt_delta",25.0,25.0,raw_25hz_time_aligned_to_uniform_25hz,adl_sliding_capped,274,276,,,dataset_unit_map,wrist,weda,m/s^2,rad/s,m/s^2,rad/s,1.0,1.0,True,test,non_fall,non_fall,0.00013575538469012827,none,backward,0.9854940176010132
w25_00004997,weda,C:\Users\ADMIN\Desktop\ds-fall\data\raw\WEDA-FALL-main\dataset\25Hz\D11\U04_R01_accel.csv,C:\Users\ADMIN\Desktop\ds-fall\data\raw\WEDA-FALL-main\dataset\25Hz,U04,D11_R01,D11,open_close_door,open_close_door,0,none,False,24,74,0.966,2.9259999999999997,25.0,50,12,"ax,ay,az,gx,gy,gz,acc_mag,gyro_mag,jerk,roll,pitch,tilt_delta",25.0,25.0,raw_25hz_time_aligned_to_uniform_25hz,adl_sliding_capped,274,276,,,dataset_unit_map,wrist,weda,m/s^2,rad/s,m/s^2,rad/s,1.0,1.0,True,test,non_fall,non_fall,3.295324191299187e-08,none,backward,0.9998071789741516
w25_00004998,weda,C:\Users\ADMIN\Desktop\ds-fall\data\raw\WEDA-FALL-main\dataset\25Hz\D11\U04_R01_accel.csv,C:\Users\ADMIN\Desktop\ds-fall\data\raw\WEDA-FALL-main\dataset\25Hz,U04,D11_R01,D11,open_close_door,open_close_door,0,none,False,36,86,1.446,3.4059999999999997,25.0,50,12,"ax,ay,az,gx,gy,gz,acc_mag,gyro_mag,jerk,roll,pitch,tilt_delta",25.0,25.0,raw_25hz_time_aligned_to_uniform_25hz,adl_sliding_capped,274,276,,,dataset_unit_map,wrist,weda,m/s^2,rad/s,m/s^2,rad/s,1.0,1.0,True,test,non_fall,non_fall,6.957807219265533e-09,none,backward,0.9995065927505493
w25_00004999,weda,C:\Users\ADMIN\Desktop\ds-fall\data\raw\WEDA-FALL-main\dataset\25Hz\D11\U04_R01_accel.csv,C:\Users\ADMIN\Desktop\ds-fall\data\raw\WEDA-FALL-main\dataset\25Hz,U04,D11_R01,D11,open_close_door,open_close_door,0,none,False,48,98,1.926,3.8859999999999997,25.0,50,12,"ax,ay,az,gx,gy,gz,acc_mag,gyro_mag,jerk,roll,pitch,tilt_delta",25.0,25.0,raw_25hz_time_aligned_to_uniform_25hz,adl_sliding_capped,274,276,,,dataset_unit_map,wrist,weda,m/s^2,rad/s,m/s^2,rad/s,1.0,1.0,True,test,non_fall,non_fall,1.3841189172580926e-07,none,forward,0.8540406823158264
w25_00005065,weda,C:\Users\ADMIN\Desktop\ds-fall\data\raw\WEDA-FALL-main\dataset\25Hz\D11\U24_R01_accel.csv,C:\Users\ADMIN\Desktop\ds-fall\data\raw\WEDA-FALL-main\dataset\25Hz,U24,D11_R01,D11,open_close_door,open_close_door,0,none,False,0,50,0.002,1.962,25.0,50,12,"ax,ay,az,gx,gy,gz,acc_mag,gyro_mag,jerk,roll,pitch,tilt_delta",25.0,25.0,raw_25hz_time_aligned_to_uniform_25hz,adl_sliding_capped,166,166,,,dataset_unit_map,wrist,weda,m/s^2,rad/s,m/s^2,rad/s,1.0,1.0,True,test,non_fall,non_fall,1.8409521089779446e-06,none,backward,0.9876742959022522
w25_00005066,weda,C:\Users\ADMIN\Desktop\ds-fall\data\raw\WEDA-FALL-main\dataset\25Hz\D11\U24_R01_accel.csv,C:\Users\ADMIN\Desktop\ds-fall\data\raw\WEDA-FALL-main\dataset\25Hz,U24,D11_R01,D11,open_close_door,open_close_door,0,none,False,12,62,0.482,2.4419999999999997,25.0,50,12,"ax,ay,az,gx,gy,gz,acc_mag,gyro_mag,jerk,roll,pitch,tilt_delta",25.0,25.0,raw_25hz_time_aligned_to_uniform_25hz,adl_sliding_capped,166,166,,,dataset_unit_map,wrist,weda,m/s^2,rad/s,m/s^2,rad/s,1.0,1.0,True,test,non_fall,non_fall,2.5250485577998916e-06,none,backward,0.9935048818588257
w25_00005067,weda,C:\Users\ADMIN\Desktop\ds-fall\data\raw\WEDA-FALL-main\dataset\25Hz\D11\U24_R01_accel.csv,C:\Users\ADMIN\Desktop\ds-fall\data\raw\WEDA-FALL-main\dataset\25Hz,U24,D11_R01,D11,open_close_door,open_close_door,0,none,False,24,74,0.962,2.9219999999999997,25.0,50,12,"ax,ay,az,gx,gy,gz,acc_mag,gyro_mag,jerk,roll,pitch,tilt_delta",25.0,25.0,raw_25hz_time_aligned_to_uniform_25hz,adl_sliding_capped,166,166,,,dataset_unit_map,wrist,weda,m/s^2,rad/s,m/s^2,rad/s,1.0,1.0,True,test,non_fall,non_fall,7.725295290583745e-06,none,backward,0.9577661156654358
w25_00005068,weda,C:\Users\ADMIN\Desktop\ds-fall\data\raw\WEDA-FALL-main\dataset\25Hz\D11\U24_R01_accel.csv,C:\Users\ADMIN\Desktop\ds-fall\data\raw\WEDA-FALL-main\dataset\25Hz,U24,D11_R01,D11,open_close_door,open_close_door,0,none,False,36,86,1.442,3.4019999999999997,25.0,50,12,"ax,ay,az,gx,gy,gz,acc_mag,gyro_mag,jerk,roll,pitch,tilt_delta",25.0,25.0,raw_25hz_time_aligned_to_uniform_25hz,adl_sliding_capped,166,166,,,dataset_unit_map,wrist,weda,m/s^2,rad/s,m/s^2,rad/s,1.0,1.0,True,test,non_fall,non_fall,2.5528695459797746e-06,none,forward,0.6986488699913025
w25_00005069,weda,C:\Users\ADMIN\Desktop\ds-fall\data\raw\WEDA-FALL-main\dataset\25Hz\D11\U24_R01_accel.csv,C:\Users\ADMIN\Desktop\ds-fall\data\raw\WEDA-FALL-main\dataset\25Hz,U24,D11_R01,D11,open_close_door,open_close_door,0,none,False,48,98,1.922,3.8819999999999997,25.0,50,12,"ax,ay,az,gx,gy,gz,acc_mag,gyro_mag,jerk,roll,pitch,tilt_delta",25.0,25.0,raw_25hz_time_aligned_to_uniform_25hz,adl_sliding_capped,166,166,,,dataset_unit_map,wrist,weda,m/s^2,rad/s,m/s^2,rad/s,1.0,1.0,True,test,non_fall,non_fall,0.0031765804160386324,none,lateral,0.9920752048492432
w25_00005070,weda,C:\Users\ADMIN\Desktop\ds-fall\data\raw\WEDA-FALL-main\dataset\25Hz\D11\U25_R01_accel.csv,C:\Users\ADMIN\Desktop\ds-fall\data\raw\WEDA-FALL-main\dataset\25Hz,U25,D11_R01,D11,open_close_door,open_close_door,0,none,False,0,50,0.002,1.962,25.0,50,12,"ax,ay,az,gx,gy,gz,acc_mag,gyro_mag,jerk,roll,pitch,tilt_delta",25.0,25.0,raw_25hz_time_aligned_to_uniform_25hz,adl_sliding_capped,247,249,,,dataset_unit_map,wrist,weda,m/s^2,rad/s,m/s^2,rad/s,1.0,1.0,True,test,non_fall,non_fall,7.413171374537342e-07,none,backward,0.9540590643882751
w25_00005071,weda,C:\Users\ADMIN\Desktop\ds-fall\data\raw\WEDA-FALL-main\dataset\25Hz\D11\U25_R01_accel.csv,C:\Users\ADMIN\Desktop\ds-fall\data\raw\WEDA-FALL-main\dataset\25Hz,U25,D11_R01,D11,open_close_door,open_close_door,0,none,False,12,62,0.482,2.4419999999999997,25.0,50,12,"ax,ay,az,gx,gy,gz,acc_mag,gyro_mag,jerk,roll,pitch,tilt_delta",25.0,25.0,raw_25hz_time_aligned_to_uniform_25hz,adl_sliding_capped,247,249,,,dataset_unit_map,wrist,weda,m/s^2,rad/s,m/s^2,rad/s,1.0,1.0,True,test,non_fall,non_fall,0.41408881545066833,none,lateral,0.9999951124191284
w25_00005072,weda,C:\Users\ADMIN\Desktop\ds-fall\data\raw\WEDA-FALL-main\dataset\25Hz\D11\U25_R01_accel.csv,C:\Users\ADMIN\Desktop\ds-fall\data\raw\WEDA-FALL-main\dataset\25Hz,U25,D11_R01,D11,open_close_door,open_close_door,0,none,False,24,74,0.962,2.9219999999999997,25.0,50,12,"ax,ay,az,gx,gy,gz,acc_mag,gyro_mag,jerk,roll,pitch,tilt_delta",25.0,25.0,raw_25hz_time_aligned_to_uniform_25hz,adl_sliding_capped,247,249,,,dataset_unit_map,wrist,weda,m/s^2,rad/s,m/s^2,rad/s,1.0,1.0,True,test,non_fall,non_fall,0.4383664131164551,none,lateral,0.8632990717887878
w25_00005073,weda,C:\Users\ADMIN\Desktop\ds-fall\data\raw\WEDA-FALL-main\dataset\25Hz\D11\U25_R01_accel.csv,C:\Users\ADMIN\Desktop\ds-fall\data\raw\WEDA-FALL-main\dataset\25Hz,U25,D11_R01,D11,open_close_door,open_close_door,0,none,False,36,86,1.442,3.4019999999999997,25.0,50,12,"ax,ay,az,gx,gy,gz,acc_mag,gyro_mag,jerk,roll,pitch,tilt_delta",25.0,25.0,raw_25hz_time_aligned_to_uniform_25hz,adl_sliding_capped,247,249,,,dataset_unit_map,wrist,weda,m/s^2,rad/s,m/s^2,rad/s,1.0,1.0,True,test,non_fall,non_fall,0.0009067130158655345,none,lateral,0.9257513880729675
w25_00005074,weda,C:\Users\ADMIN\Desktop\ds-fall\data\raw\WEDA-FALL-main\dataset\25Hz\D11\U25_R01_accel.csv,C:\Users\ADMIN\Desktop\ds-fall\data\raw\WEDA-FALL-main\dataset\25Hz,U25,D11_R01,D11,open_close_door,open_close_door,0,none,False,48,98,1.922,3.8819999999999997,25.0,50,12,"ax,ay,az,gx,gy,gz,acc_mag,gyro_mag,jerk,roll,pitch,tilt_delta",25.0,25.0,raw_25hz_time_aligned_to_uniform_25hz,adl_sliding_capped,247,249,,,dataset_unit_map,wrist,weda,m/s^2,rad/s,m/s^2,rad/s,1.0,1.0,True,test,non_fall,non_fall,0.0036686761304736137,none,lateral,0.8358895182609558
w25_00005114,weda,C:\Users\ADMIN\Desktop\ds-fall\data\raw\WEDA-FALL-main\dataset\25Hz\F01\U04_R01_accel.csv,C:\Users\ADMIN\Desktop\ds-fall\data\raw\WEDA-FALL-main\dataset\25Hz,U04,F01_R01,F01,fall_forward_walking_slip,fall_forward_walking_slip,1,forward,True,108,158,4.336,6.296,25.0,50,12,"ax,ay,az,gx,gy,gz,acc_mag,gyro_mag,jerk,roll,pitch,tilt_delta",25.0,25.0,raw_25hz_time_aligned_to_uniform_25hz,fall_interval_peak_acc_centered,414,418,4.3,7.3,dataset_unit_map,wrist,weda,m/s^2,rad/s,m/s^2,rad/s,1.0,1.0,True,test,fall,fall,1.0,forward,lateral,0.8179745674133301
w25_00005115,weda,C:\Users\ADMIN\Desktop\ds-fall\data\raw\WEDA-FALL-main\dataset\25Hz\F01\U04_R02_accel.csv,C:\Users\ADMIN\Desktop\ds-fall\data\raw\WEDA-FALL-main\dataset\25Hz,U04,F01_R02,F01,fall_forward_walking_slip,fall_forward_walking_slip,1,forward,True,98,148,3.9219999999999997,5.882,25.0,50,12,"ax,ay,az,gx,gy,gz,acc_mag,gyro_mag,jerk,roll,pitch,tilt_delta",25.0,25.0,raw_25hz_time_aligned_to_uniform_25hz,fall_interval_peak_acc_centered,405,409,3.7,6.7,dataset_unit_map,wrist,weda,m/s^2,rad/s,m/s^2,rad/s,1.0,1.0,True,test,fall,fall,1.0,forward,forward,0.9971845746040344
w25_00005116,weda,C:\Users\ADMIN\Desktop\ds-fall\data\raw\WEDA-FALL-main\dataset\25Hz\F01\U04_R03_accel.csv,C:\Users\ADMIN\Desktop\ds-fall\data\raw\WEDA-FALL-main\dataset\25Hz,U04,F01_R03,F01,fall_forward_walking_slip,fall_forward_walking_slip,1,forward,True,127,177,5.082,7.042,25.0,50,12,"ax,ay,az,gx,gy,gz,acc_mag,gyro_mag,jerk,roll,pitch,tilt_delta",25.0,25.0,raw_25hz_time_aligned_to_uniform_25hz,fall_interval_peak_acc_centered,264,266,5.0,8.0,dataset_unit_map,wrist,weda,m/s^2,rad/s,m/s^2,rad/s,1.0,1.0,True,test,fall,fall,1.0,forward,lateral,0.7803175449371338
w25_00005156,weda,C:\Users\ADMIN\Desktop\ds-fall\data\raw\WEDA-FALL-main\dataset\25Hz\F02\U04_R01_accel.csv,C:\Users\ADMIN\Desktop\ds-fall\data\raw\WEDA-FALL-main\dataset\25Hz,U04,F02_R01,F02,lateral_fall_walking_slip,lateral_fall_walking_slip,1,lateral,True,100,150,4.002,5.962,25.0,50,12,"ax,ay,az,gx,gy,gz,acc_mag,gyro_mag,jerk,roll,pitch,tilt_delta",25.0,25.0,raw_25hz_time_aligned_to_uniform_25hz,fall_interval_peak_acc_centered,271,273,4.0,7.0,dataset_unit_map,wrist,weda,m/s^2,rad/s,m/s^2,rad/s,1.0,1.0,True,test,fall,fall,1.0,lateral,lateral,0.9998780488967896
w25_00005157,weda,C:\Users\ADMIN\Desktop\ds-fall\data\raw\WEDA-FALL-main\dataset\25Hz\F02\U04_R02_accel.csv,C:\Users\ADMIN\Desktop\ds-fall\data\raw\WEDA-FALL-main\dataset\25Hz,U04,F02_R02,F02,lateral_fall_walking_slip,lateral_fall_walking_slip,1,lateral,True,98,148,3.9219999999999997,5.882,25.0,50,12,"ax,ay,az,gx,gy,gz,acc_mag,gyro_mag,jerk,roll,pitch,tilt_delta",25.0,25.0,raw_25hz_time_aligned_to_uniform_25hz,fall_interval_peak_acc_centered,333,335,4.0,7.0,dataset_unit_map,wrist,weda,m/s^2,rad/s,m/s^2,rad/s,1.0,1.0,True,test,fall,fall,1.0,lateral,lateral,0.9999227523803711
w25_00005158,weda,C:\Users\ADMIN\Desktop\ds-fall\data\raw\WEDA-FALL-main\dataset\25Hz\F02\U04_R03_accel.csv,C:\Users\ADMIN\Desktop\ds-fall\data\raw\WEDA-FALL-main\dataset\25Hz,U04,F02_R03,F02,lateral_fall_walking_slip,lateral_fall_walking_slip,1,lateral,True,97,147,3.883,5.843,25.0,50,12,"ax,ay,az,gx,gy,gz,acc_mag,gyro_mag,jerk,roll,pitch,tilt_delta",25.0,25.0,raw_25hz_time_aligned_to_uniform_25hz,fall_interval_peak_acc_centered,252,254,4.0,7.0,dataset_unit_map,wrist,weda,m/s^2,rad/s,m/s^2,rad/s,1.0,1.0,True,test,fall,fall,1.0,lateral,lateral,0.9989963173866272
w25_00005198,weda,C:\Users\ADMIN\Desktop\ds-fall\data\raw\WEDA-FALL-main\dataset\25Hz\F03\U04_R01_accel.csv,C:\Users\ADMIN\Desktop\ds-fall\data\raw\WEDA-FALL-main\dataset\25Hz,U04,F03_R01,F03,fall_backward_walking_slip,fall_backward_walking_slip,1,backward,True,127,177,5.082,7.042,25.0,50,12,"ax,ay,az,gx,gy,gz,acc_mag,gyro_mag,jerk,roll,pitch,tilt_delta",25.0,25.0,raw_25hz_time_aligned_to_uniform_25hz,fall_interval_peak_acc_centered,283,285,5.0,8.0,dataset_unit_map,wrist,weda,m/s^2,rad/s,m/s^2,rad/s,1.0,1.0,True,test,fall,fall,0.999997615814209,backward,backward,0.9958794116973877
w25_00005199,weda,C:\Users\ADMIN\Desktop\ds-fall\data\raw\WEDA-FALL-main\dataset\25Hz\F03\U04_R02_accel.csv,C:\Users\ADMIN\Desktop\ds-fall\data\raw\WEDA-FALL-main\dataset\25Hz,U04,F03_R02,F03,fall_backward_walking_slip,fall_backward_walking_slip,1,backward,True,93,143,3.7270000000000003,5.686999999999999,25.0,50,12,"ax,ay,az,gx,gy,gz,acc_mag,gyro_mag,jerk,roll,pitch,tilt_delta",25.0,25.0,raw_25hz_time_aligned_to_uniform_25hz,fall_interval_peak_acc_centered,217,219,4.0,7.0,dataset_unit_map,wrist,weda,m/s^2,rad/s,m/s^2,rad/s,1.0,1.0,True,test,fall,fall,1.0,backward,backward,0.9996127486228943
w25_00005200,weda,C:\Users\ADMIN\Desktop\ds-fall\data\raw\WEDA-FALL-main\dataset\25Hz\F03\U04_R03_accel.csv,C:\Users\ADMIN\Desktop\ds-fall\data\raw\WEDA-FALL-main\dataset\25Hz,U04,F03_R03,F03,fall_backward_walking_slip,fall_backward_walking_slip,1,backward,True,104,154,4.162,6.122,25.0,50,12,"ax,ay,az,gx,gy,gz,acc_mag,gyro_mag,jerk,roll,pitch,tilt_delta",25.0,25.0,raw_25hz_time_aligned_to_uniform_25hz,fall_interval_peak_acc_centered,234,236,4.0,7.0,dataset_unit_map,wrist,weda,m/s^2,rad/s,m/s^2,rad/s,1.0,1.0,True,test,fall,fall,1.0,backward,backward,0.9999994039535522
w25_00005240,weda,C:\Users\ADMIN\Desktop\ds-fall\data\raw\WEDA-FALL-main\dataset\25Hz\F04\U04_R01_accel.csv,C:\Users\ADMIN\Desktop\ds-fall\data\raw\WEDA-FALL-main\dataset\25Hz,U04,F04_R01,F04,fall_forward_walking_trip,fall_forward_walking_trip,1,forward,True,85,135,3.403,5.363,25.0,50,12,"ax,ay,az,gx,gy,gz,acc_mag,gyro_mag,jerk,roll,pitch,tilt_delta",25.0,25.0,raw_25hz_time_aligned_to_uniform_25hz,fall_interval_peak_acc_centered,237,238,3.0,6.0,dataset_unit_map,wrist,weda,m/s^2,rad/s,m/s^2,rad/s,1.0,1.0,True,test,fall,fall,0.9999998807907104,forward,forward,0.6600335240364075
w25_00005241,weda,C:\Users\ADMIN\Desktop\ds-fall\data\raw\WEDA-FALL-main\dataset\25Hz\F04\U04_R02_accel.csv,C:\Users\ADMIN\Desktop\ds-fall\data\raw\WEDA-FALL-main\dataset\25Hz,U04,F04_R02,F04,fall_forward_walking_trip,fall_forward_walking_trip,1,forward,True,85,135,3.4019999999999997,5.362,25.0,50,12,"ax,ay,az,gx,gy,gz,acc_mag,gyro_mag,jerk,roll,pitch,tilt_delta",25.0,25.0,raw_25hz_time_aligned_to_uniform_25hz,fall_interval_peak_acc_centered,237,238,3.2,6.2,dataset_unit_map,wrist,weda,m/s^2,rad/s,m/s^2,rad/s,1.0,1.0,True,test,fall,fall,1.0,forward,forward,0.9999996423721313
w25_00005242,weda,C:\Users\ADMIN\Desktop\ds-fall\data\raw\WEDA-FALL-main\dataset\25Hz\F04\U04_R03_accel.csv,C:\Users\ADMIN\Desktop\ds-fall\data\raw\WEDA-FALL-main\dataset\25Hz,U04,F04_R03,F04,fall_forward_walking_trip,fall_forward_walking_trip,1,forward,True,91,141,3.642,5.602,25.0,50,12,"ax,ay,az,gx,gy,gz,acc_mag,gyro_mag,jerk,roll,pitch,tilt_delta",25.0,25.0,raw_25hz_time_aligned_to_uniform_25hz,fall_interval_peak_acc_centered,225,226,3.6,6.6,dataset_unit_map,wrist,weda,m/s^2,rad/s,m/s^2,rad/s,1.0,1.0,True,test,fall,fall,1.0,forward,lateral,0.9524540901184082
w25_00005282,weda,C:\Users\ADMIN\Desktop\ds-fall\data\raw\WEDA-FALL-main\dataset\25Hz\F05\U04_R01_accel.csv,C:\Users\ADMIN\Desktop\ds-fall\data\raw\WEDA-FALL-main\dataset\25Hz,U04,F05_R01,F05,fall_backward_trying_to_sit,fall_backward_trying_to_sit,1,backward,True,63,113,2.521,4.481000000000001,25.0,50,12,"ax,ay,az,gx,gy,gz,acc_mag,gyro_mag,jerk,roll,pitch,tilt_delta",25.0,25.0,raw_25hz_time_aligned_to_uniform_25hz,fall_interval_peak_acc_centered,163,164,2.5,5.5,dataset_unit_map,wrist,weda,m/s^2,rad/s,m/s^2,rad/s,1.0,1.0,True,test,fall,fall,0.999984860420227,backward,forward,0.5026753544807434
w25_00005283,weda,C:\Users\ADMIN\Desktop\ds-fall\data\raw\WEDA-FALL-main\dataset\25Hz\F05\U04_R02_accel.csv,C:\Users\ADMIN\Desktop\ds-fall\data\raw\WEDA-FALL-main\dataset\25Hz,U04,F05_R02,F05,fall_backward_trying_to_sit,fall_backward_trying_to_sit,1,backward,True,66,116,2.7159999999999997,4.675999999999999,25.0,50,12,"ax,ay,az,gx,gy,gz,acc_mag,gyro_mag,jerk,roll,pitch,tilt_delta",25.0,25.0,raw_25hz_time_aligned_to_uniform_25hz,fall_interval_peak_acc_centered,191,191,2.8,5.8,dataset_unit_map,wrist,weda,m/s^2,rad/s,m/s^2,rad/s,1.0,1.0,True,test,fall,fall,0.9999213218688965,backward,backward,0.9999722242355347
w25_00005284,weda,C:\Users\ADMIN\Desktop\ds-fall\data\raw\WEDA-FALL-main\dataset\25Hz\F05\U04_R03_accel.csv,C:\Users\ADMIN\Desktop\ds-fall\data\raw\WEDA-FALL-main\dataset\25Hz,U04,F05_R03,F05,fall_backward_trying_to_sit,fall_backward_trying_to_sit,1,backward,True,93,143,3.722,5.6819999999999995,25.0,50,12,"ax,ay,az,gx,gy,gz,acc_mag,gyro_mag,jerk,roll,pitch,tilt_delta",25.0,25.0,raw_25hz_time_aligned_to_uniform_25hz,fall_interval_peak_acc_centered,225,225,3.6,6.6,dataset_unit_map,wrist,weda,m/s^2,rad/s,m/s^2,rad/s,1.0,1.0,True,test,fall,non_fall,0.00011152294609928504,backward,lateral,0.9999797344207764
w25_00005324,weda,C:\Users\ADMIN\Desktop\ds-fall\data\raw\WEDA-FALL-main\dataset\25Hz\F06\U04_R01_accel.csv,C:\Users\ADMIN\Desktop\ds-fall\data\raw\WEDA-FALL-main\dataset\25Hz,U04,F06_R01,F06,fall_forward_sitting,fall_forward_sitting,1,forward,True,75,125,3.002,4.962,25.0,50,12,"ax,ay,az,gx,gy,gz,acc_mag,gyro_mag,jerk,roll,pitch,tilt_delta",25.0,25.0,raw_25hz_time_aligned_to_uniform_25hz,fall_interval_peak_acc_centered,227,229,3.0,6.0,dataset_unit_map,wrist,weda,m/s^2,rad/s,m/s^2,rad/s,1.0,1.0,True,test,fall,non_fall,0.1590547263622284,forward,forward,0.9999887943267822
w25_00005325,weda,C:\Users\ADMIN\Desktop\ds-fall\data\raw\WEDA-FALL-main\dataset\25Hz\F06\U04_R02_accel.csv,C:\Users\ADMIN\Desktop\ds-fall\data\raw\WEDA-FALL-main\dataset\25Hz,U04,F06_R02,F06,fall_forward_sitting,fall_forward_sitting,1,forward,True,89,139,3.562,5.522,25.0,50,12,"ax,ay,az,gx,gy,gz,acc_mag,gyro_mag,jerk,roll,pitch,tilt_delta",25.0,25.0,raw_25hz_time_aligned_to_uniform_25hz,fall_interval_peak_acc_centered,214,216,3.5,6.5,dataset_unit_map,wrist,weda,m/s^2,rad/s,m/s^2,rad/s,1.0,1.0,True,test,fall,non_fall,0.791925311088562,forward,forward,0.8501599431037903
w25_00005326,weda,C:\Users\ADMIN\Desktop\ds-fall\data\raw\WEDA-FALL-main\dataset\25Hz\F06\U04_R03_accel.csv,C:\Users\ADMIN\Desktop\ds-fall\data\raw\WEDA-FALL-main\dataset\25Hz,U04,F06_R03,F06,fall_forward_sitting,fall_forward_sitting,1,forward,True,41,91,1.6420000000000001,3.602,25.0,50,12,"ax,ay,az,gx,gy,gz,acc_mag,gyro_mag,jerk,roll,pitch,tilt_delta",25.0,25.0,raw_25hz_time_aligned_to_uniform_25hz,fall_interval_peak_acc_centered,193,194,1.8,4.8,dataset_unit_map,wrist,weda,m/s^2,rad/s,m/s^2,rad/s,1.0,1.0,True,test,fall,fall,0.9654451608657837,forward,backward,0.8581374883651733
w25_00005366,weda,C:\Users\ADMIN\Desktop\ds-fall\data\raw\WEDA-FALL-main\dataset\25Hz\F07\U04_R01_accel.csv,C:\Users\ADMIN\Desktop\ds-fall\data\raw\WEDA-FALL-main\dataset\25Hz,U04,F07_R01,F07,fall_backward_sitting,fall_backward_sitting,1,backward,True,50,100,2.002,3.9619999999999997,25.0,50,12,"ax,ay,az,gx,gy,gz,acc_mag,gyro_mag,jerk,roll,pitch,tilt_delta",25.0,25.0,raw_25hz_time_aligned_to_uniform_25hz,fall_interval_peak_acc_centered,192,193,2.0,5.0,dataset_unit_map,wrist,weda,m/s^2,rad/s,m/s^2,rad/s,1.0,1.0,True,test,fall,fall,1.0,backward,backward,0.7745294570922852
w25_00005367,weda,C:\Users\ADMIN\Desktop\ds-fall\data\raw\WEDA-FALL-main\dataset\25Hz\F07\U04_R02_accel.csv,C:\Users\ADMIN\Desktop\ds-fall\data\raw\WEDA-FALL-main\dataset\25Hz,U04,F07_R02,F07,fall_backward_sitting,fall_backward_sitting,1,backward,True,55,105,2.2070000000000003,4.167,25.0,50,12,"ax,ay,az,gx,gy,gz,acc_mag,gyro_mag,jerk,roll,pitch,tilt_delta",25.0,25.0,raw_25hz_time_aligned_to_uniform_25hz,fall_interval_peak_acc_centered,207,209,1.8,4.8,dataset_unit_map,wrist,weda,m/s^2,rad/s,m/s^2,rad/s,1.0,1.0,True,test,fall,fall,0.9999717473983765,backward,backward,0.9999998807907104
w25_00005368,weda,C:\Users\ADMIN\Desktop\ds-fall\data\raw\WEDA-FALL-main\dataset\25Hz\F07\U04_R03_accel.csv,C:\Users\ADMIN\Desktop\ds-fall\data\raw\WEDA-FALL-main\dataset\25Hz,U04,F07_R03,F07,fall_backward_sitting,fall_backward_sitting,1,backward,True,90,140,3.602,5.562,25.0,50,12,"ax,ay,az,gx,gy,gz,acc_mag,gyro_mag,jerk,roll,pitch,tilt_delta",25.0,25.0,raw_25hz_time_aligned_to_uniform_25hz,fall_interval_peak_acc_centered,222,224,3.5,6.5,dataset_unit_map,wrist,weda,m/s^2,rad/s,m/s^2,rad/s,1.0,1.0,True,test,fall,fall,0.9999996423721313,backward,backward,0.9999614953994751
w25_00005411,weda,C:\Users\ADMIN\Desktop\ds-fall\data\raw\WEDA-FALL-main\dataset\25Hz\F08\U04_R01_accel.csv,C:\Users\ADMIN\Desktop\ds-fall\data\raw\WEDA-FALL-main\dataset\25Hz,U04,F08_R01,F08,lateral_fall_sitting,lateral_fall_sitting,1,lateral,True,71,121,2.8419999999999996,4.802,25.0,50,12,"ax,ay,az,gx,gy,gz,acc_mag,gyro_mag,jerk,roll,pitch,tilt_delta",25.0,25.0,raw_25hz_time_aligned_to_uniform_25hz,fall_interval_peak_acc_centered,190,194,2.1,6.8,dataset_unit_map,wrist,weda,m/s^2,rad/s,m/s^2,rad/s,1.0,1.0,True,test,fall,fall,1.0,lateral,lateral,0.9713404774665833
w25_00005412,weda,C:\Users\ADMIN\Desktop\ds-fall\data\raw\WEDA-FALL-main\dataset\25Hz\F08\U04_R02_accel.csv,C:\Users\ADMIN\Desktop\ds-fall\data\raw\WEDA-FALL-main\dataset\25Hz,U04,F08_R02,F08,lateral_fall_sitting,lateral_fall_sitting,1,lateral,True,93,143,3.722,5.6819999999999995,25.0,50,12,"ax,ay,az,gx,gy,gz,acc_mag,gyro_mag,jerk,roll,pitch,tilt_delta",25.0,25.0,raw_25hz_time_aligned_to_uniform_25hz,fall_interval_peak_acc_centered,200,202,3.4,6.4,dataset_unit_map,wrist,weda,m/s^2,rad/s,m/s^2,rad/s,1.0,1.0,True,test,fall,fall,1.0,lateral,backward,1.0
w25_00005413,weda,C:\Users\ADMIN\Desktop\ds-fall\data\raw\WEDA-FALL-main\dataset\25Hz\F08\U04_R03_accel.csv,C:\Users\ADMIN\Desktop\ds-fall\data\raw\WEDA-FALL-main\dataset\25Hz,U04,F08_R03,F08,lateral_fall_sitting,lateral_fall_sitting,1,lateral,True,63,113,2.522,4.482,25.0,50,12,"ax,ay,az,gx,gy,gz,acc_mag,gyro_mag,jerk,roll,pitch,tilt_delta",25.0,25.0,raw_25hz_time_aligned_to_uniform_25hz,fall_interval_peak_acc_centered,148,148,2.0,5.0,dataset_unit_map,wrist,weda,m/s^2,rad/s,m/s^2,rad/s,1.0,1.0,True,test,fall,fall,0.9990812540054321,lateral,forward,0.5812900066375732
w25_00005414,weda,C:\Users\ADMIN\Desktop\ds-fall\data\raw\WEDA-FALL-main\dataset\25Hz\F08\U04_R04_accel.csv,C:\Users\ADMIN\Desktop\ds-fall\data\raw\WEDA-FALL-main\dataset\25Hz,U04,F08_R04,F08,lateral_fall_sitting,lateral_fall_sitting,1,lateral,True,76,126,3.042,5.002,25.0,50,12,"ax,ay,az,gx,gy,gz,acc_mag,gyro_mag,jerk,roll,pitch,tilt_delta",25.0,25.0,raw_25hz_time_aligned_to_uniform_25hz,fall_interval_peak_acc_centered,168,168,2.2,5.2,dataset_unit_map,wrist,weda,m/s^2,rad/s,m/s^2,rad/s,1.0,1.0,True,test,fall,fall,1.0,lateral,forward,0.9989444613456726
