dataset,source_path,subject_id,trial_id,activity_id,source_hz,target_hz,raw_samples,processed_samples,duration_seconds,effective_fs_before,effective_fs_after,resampling_method,timestamp_irregular,duplicate_timestamps,fall_interval_start,fall_interval_end
weda,C:\Users\ADMIN\Desktop\ds-fall\data\raw\WEDA-FALL-main\dataset\25Hz\D01\U01_R01_accel.csv,U01,R01,D01,25.0,25.0,479,484,19.32,24.727761976059682,25.0,raw_25hz_time_aligned_to_uniform_25hz,True,0,,
weda,C:\Users\ADMIN\Desktop\ds-fall\data\raw\WEDA-FALL-main\dataset\25Hz\D01\U01_R02_accel.csv,U01,R02,D01,25.0,25.0,473,478,19.080000000000002,24.749233283359313,24.999999999999996,raw_25hz_time_aligned_to_uniform_25hz,True,0,,
weda,C:\Users\ADMIN\Desktop\ds-fall\data\raw\WEDA-FALL-main\dataset\25Hz\D01\U01_R03_accel.csv,U01,R03,D01,25.0,25.0,455,458,18.28,24.805355366884832,25.0,raw_25hz_time_aligned_to_uniform_25hz,True,0,,
weda,C:\Users\ADMIN\Desktop\ds-fall\data\raw\WEDA-FALL-main\dataset\25Hz\D01\U02_R01_accel.csv,U02,R01,D01,25.0,25.0,679,686,27.400000000000002,24.72016744255947,24.999999999999996,raw_25hz_time_aligned_to_uniform_25hz,True,0,,
weda,C:\Users\ADMIN\Desktop\ds-fall\data\raw\WEDA-FALL-main\dataset\25Hz\D01\U02_R02_accel.csv,U02,R02,D01,25.0,25.0,704,711,28.400000000000002,24.733927799231203,24.999999999999996,raw_25hz_time_aligned_to_uniform_25hz,True,0,,
weda,C:\Users\ADMIN\Desktop\ds-fall\data\raw\WEDA-FALL-main\dataset\25Hz\D01\U02_R03_accel.csv,U02,R03,D01,25.0,25.0,654,661,26.400000000000002,24.719398940262753,24.999999999999996,raw_25hz_time_aligned_to_uniform_25hz,True,0,,
weda,C:\Users\ADMIN\Desktop\ds-fall\data\raw\WEDA-FALL-main\dataset\25Hz\D01\U03_R01_accel.csv,U03,R01,D01,25.0,25.0,393,396,15.8,24.7537257870125,25.0,raw_25hz_time_aligned_to_uniform_25hz,True,0,,
weda,C:\Users\ADMIN\Desktop\ds-fall\data\raw\WEDA-FALL-main\dataset\25Hz\D01\U03_R02_accel.csv,U03,R02,D01,25.0,25.0,328,331,13.200000000000001,24.695091675078455,24.999999999999996,raw_25hz_time_aligned_to_uniform_25hz,True,0,,
weda,C:\Users\ADMIN\Desktop\ds-fall\data\raw\WEDA-FALL-main\dataset\25Hz\D01\U03_R03_accel.csv,U03,R03,D01,25.0,25.0,333,336,13.4,24.72999015965999,25.0,raw_25hz_time_aligned_to_uniform_25hz,True,0,,
weda,C:\Users\ADMIN\Desktop\ds-fall\data\raw\WEDA-FALL-main\dataset\25Hz\D01\U04_R01_accel.csv,U04,R01,D01,25.0,25.0,491,496,19.8,24.73186121448954,25.0,raw_25hz_time_aligned_to_uniform_25hz,True,0,,
weda,C:\Users\ADMIN\Desktop\ds-fall\data\raw\WEDA-FALL-main\dataset\25Hz\D01\U04_R02_accel.csv,U04,R02,D01,25.0,25.0,504,508,20.28,24.747246612410944,25.0,raw_25hz_time_aligned_to_uniform_25hz,True,0,,
weda,C:\Users\ADMIN\Desktop\ds-fall\data\raw\WEDA-FALL-main\dataset\25Hz\D01\U04_R03_accel.csv,U04,R03,D01,25.0,25.0,456,461,18.400000000000002,24.72788544868155,24.999999999999996,raw_25hz_time_aligned_to_uniform_25hz,True,0,,
weda,C:\Users\ADMIN\Desktop\ds-fall\data\raw\WEDA-FALL-main\dataset\25Hz\D01\U05_R01_accel.csv,U05,R01,D01,25.0,25.0,469,473,18.88,24.771079305093146,25.0,raw_25hz_time_aligned_to_uniform_25hz,True,0,,
weda,C:\Users\ADMIN\Desktop\ds-fall\data\raw\WEDA-FALL-main\dataset\25Hz\D01\U05_R02_accel.csv,U05,R02,D01,25.0,25.0,481,486,19.400000000000002,24.75208741322556,24.999999999999996,raw_25hz_time_aligned_to_uniform_25hz,True,0,,
weda,C:\Users\ADMIN\Desktop\ds-fall\data\raw\WEDA-FALL-main\dataset\25Hz\D01\U05_R03_accel.csv,U05,R03,D01,25.0,25.0,600,605,24.16,24.76178793180754,25.0,raw_25hz_time_aligned_to_uniform_25hz,True,0,,
weda,C:\Users\ADMIN\Desktop\ds-fall\data\raw\WEDA-FALL-main\dataset\25Hz\D01\U06_R01_accel.csv,U06,R01,D01,25.0,25.0,359,371,14.8,24.48997531711663,25.0,raw_25hz_time_aligned_to_uniform_25hz,True,0,,
weda,C:\Users\ADMIN\Desktop\ds-fall\data\raw\WEDA-FALL-main\dataset\25Hz\D01\U06_R02_accel.csv,U06,R02,D01,25.0,25.0,351,354,14.120000000000001,25.128027848857748,25.0,raw_25hz_time_aligned_to_uniform_25hz,True,0,,
weda,C:\Users\ADMIN\Desktop\ds-fall\data\raw\WEDA-FALL-main\dataset\25Hz\D01\U06_R03_accel.csv,U06,R03,D01,25.0,25.0,410,413,16.48,24.80892915318411,25.0,raw_25hz_time_aligned_to_uniform_25hz,True,0,,
weda,C:\Users\ADMIN\Desktop\ds-fall\data\raw\WEDA-FALL-main\dataset\25Hz\D01\U07_R01_accel.csv,U07,R01,D01,25.0,25.0,425,429,17.12,24.72447448689133,25.0,raw_25hz_time_aligned_to_uniform_25hz,True,0,,
weda,C:\Users\ADMIN\Desktop\ds-fall\data\raw\WEDA-FALL-main\dataset\25Hz\D01\U07_R02_accel.csv,U07,R02,D01,25.0,25.0,496,500,19.96,24.843423298919,25.0,raw_25hz_time_aligned_to_uniform_25hz,True,0,,
weda,C:\Users\ADMIN\Desktop\ds-fall\data\raw\WEDA-FALL-main\dataset\25Hz\D01\U07_R03_accel.csv,U07,R03,D01,25.0,25.0,443,456,18.2,24.51885594522617,25.0,raw_25hz_time_aligned_to_uniform_25hz,True,0,,
weda,C:\Users\ADMIN\Desktop\ds-fall\data\raw\WEDA-FALL-main\dataset\25Hz\D01\U08_R01_accel.csv,U08,R01,D01,25.0,25.0,745,753,30.080000000000002,24.714324114251816,25.0,raw_25hz_time_aligned_to_uniform_25hz,True,0,,
weda,C:\Users\ADMIN\Desktop\ds-fall\data\raw\WEDA-FALL-main\dataset\25Hz\D01\U08_R02_accel.csv,U08,R02,D01,25.0,25.0,750,757,30.240000000000002,24.747405311691708,25.0,raw_25hz_time_aligned_to_uniform_25hz,True,0,,
weda,C:\Users\ADMIN\Desktop\ds-fall\data\raw\WEDA-FALL-main\dataset\25Hz\D01\U08_R03_accel.csv,U08,R03,D01,25.0,25.0,652,659,26.32,24.726526891522333,25.0,raw_25hz_time_aligned_to_uniform_25hz,True,0,,
weda,C:\Users\ADMIN\Desktop\ds-fall\data\raw\WEDA-FALL-main\dataset\25Hz\D01\U09_R01_accel.csv,U09,R01,D01,25.0,25.0,412,416,16.6,24.70546027449526,24.999999999999996,raw_25hz_time_aligned_to_uniform_25hz,True,0,,
weda,C:\Users\ADMIN\Desktop\ds-fall\data\raw\WEDA-FALL-main\dataset\25Hz\D01\U09_R02_accel.csv,U09,R02,D01,25.0,25.0,388,391,15.6,24.777514667159878,25.0,raw_25hz_time_aligned_to_uniform_25hz,True,0,,
weda,C:\Users\ADMIN\Desktop\ds-fall\data\raw\WEDA-FALL-main\dataset\25Hz\D01\U09_R03_accel.csv,U09,R03,D01,25.0,25.0,361,364,14.52,24.758439928348672,25.0,raw_25hz_time_aligned_to_uniform_25hz,True,0,,
weda,C:\Users\ADMIN\Desktop\ds-fall\data\raw\WEDA-FALL-main\dataset\25Hz\D01\U10_R01_accel.csv,U10,R01,D01,25.0,25.0,412,416,16.6,24.712142643265246,24.999999999999996,raw_25hz_time_aligned_to_uniform_25hz,True,0,,
weda,C:\Users\ADMIN\Desktop\ds-fall\data\raw\WEDA-FALL-main\dataset\25Hz\D01\U10_R02_accel.csv,U10,R02,D01,25.0,25.0,437,441,17.6,24.779307097973053,24.999999999999996,raw_25hz_time_aligned_to_uniform_25hz,True,0,,
weda,C:\Users\ADMIN\Desktop\ds-fall\data\raw\WEDA-FALL-main\dataset\25Hz\D01\U10_R03_accel.csv,U10,R03,D01,25.0,25.0,511,516,20.6,24.7284722067072,25.0,raw_25hz_time_aligned_to_uniform_25hz,True,0,,
weda,C:\Users\ADMIN\Desktop\ds-fall\data\raw\WEDA-FALL-main\dataset\25Hz\D01\U11_R01_accel.csv,U11,R01,D01,25.0,25.0,610,617,24.64,24.70939103994272,25.0,raw_25hz_time_aligned_to_uniform_25hz,True,0,,
weda,C:\Users\ADMIN\Desktop\ds-fall\data\raw\WEDA-FALL-main\dataset\25Hz\D01\U11_R02_accel.csv,U11,R02,D01,25.0,25.0,499,503,20.080000000000002,24.7650305833209,24.999999999999996,raw_25hz_time_aligned_to_uniform_25hz,True,0,,
weda,C:\Users\ADMIN\Desktop\ds-fall\data\raw\WEDA-FALL-main\dataset\25Hz\D01\U11_R03_accel.csv,U11,R03,D01,25.0,25.0,474,479,19.12,24.720394705709307,25.0,raw_25hz_time_aligned_to_uniform_25hz,True,0,,
weda,C:\Users\ADMIN\Desktop\ds-fall\data\raw\WEDA-FALL-main\dataset\25Hz\D01\U12_R01_accel.csv,U12,R01,D01,25.0,25.0,377,381,15.200000000000001,24.74530899427291,25.0,raw_25hz_time_aligned_to_uniform_25hz,True,0,,
weda,C:\Users\ADMIN\Desktop\ds-fall\data\raw\WEDA-FALL-main\dataset\25Hz\D01\U12_R02_accel.csv,U12,R02,D01,25.0,25.0,338,341,13.6,24.771216243159657,25.0,raw_25hz_time_aligned_to_uniform_25hz,True,0,,
weda,C:\Users\ADMIN\Desktop\ds-fall\data\raw\WEDA-FALL-main\dataset\25Hz\D01\U12_R03_accel.csv,U12,R03,D01,25.0,25.0,311,314,12.52,24.726808803725504,25.0,raw_25hz_time_aligned_to_uniform_25hz,True,0,,
weda,C:\Users\ADMIN\Desktop\ds-fall\data\raw\WEDA-FALL-main\dataset\25Hz\D01\U13_R01_accel.csv,U13,R01,D01,25.0,25.0,322,322,12.84,24.897269398402244,25.0,raw_25hz_time_aligned_to_uniform_25hz,True,0,,
weda,C:\Users\ADMIN\Desktop\ds-fall\data\raw\WEDA-FALL-main\dataset\25Hz\D01\U13_R02_accel.csv,U13,R02,D01,25.0,25.0,341,343,13.68,24.809369218328072,25.0,raw_25hz_time_aligned_to_uniform_25hz,True,0,,
weda,C:\Users\ADMIN\Desktop\ds-fall\data\raw\WEDA-FALL-main\dataset\25Hz\D01\U13_R03_accel.csv,U13,R03,D01,25.0,25.0,323,326,13.0,24.768625189452624,25.0,raw_25hz_time_aligned_to_uniform_25hz,True,0,,
weda,C:\Users\ADMIN\Desktop\ds-fall\data\raw\WEDA-FALL-main\dataset\25Hz\D01\U14_R01_accel.csv,U14,R01,D01,25.0,25.0,438,443,17.68,24.695885569176887,25.0,raw_25hz_time_aligned_to_uniform_25hz,True,0,,
weda,C:\Users\ADMIN\Desktop\ds-fall\data\raw\WEDA-FALL-main\dataset\25Hz\D01\U14_R02_accel.csv,U14,R02,D01,25.0,25.0,467,471,18.8,24.729368593832213,25.0,raw_25hz_time_aligned_to_uniform_25hz,True,0,,
weda,C:\Users\ADMIN\Desktop\ds-fall\data\raw\WEDA-FALL-main\dataset\25Hz\D01\U14_R03_accel.csv,U14,R03,D01,25.0,25.0,464,468,18.68,24.758034329714988,25.0,raw_25hz_time_aligned_to_uniform_25hz,True,0,,
weda,C:\Users\ADMIN\Desktop\ds-fall\data\raw\WEDA-FALL-main\dataset\25Hz\D01\U21_R01_accel.csv,U21,R01,D01,25.0,25.0,555,561,22.400000000000002,24.741759861004994,24.999999999999996,raw_25hz_time_aligned_to_uniform_25hz,True,0,,
weda,C:\Users\ADMIN\Desktop\ds-fall\data\raw\WEDA-FALL-main\dataset\25Hz\D01\U21_R02_accel.csv,U21,R02,D01,25.0,25.0,592,603,24.080000000000002,24.60223792158498,24.999999999999996,raw_25hz_time_aligned_to_uniform_25hz,True,0,,
weda,C:\Users\ADMIN\Desktop\ds-fall\data\raw\WEDA-FALL-main\dataset\25Hz\D01\U22_R01_accel.csv,U22,R01,D01,25.0,25.0,504,509,20.32,24.746630890474478,25.0,raw_25hz_time_aligned_to_uniform_25hz,True,0,,
weda,C:\Users\ADMIN\Desktop\ds-fall\data\raw\WEDA-FALL-main\dataset\25Hz\D01\U22_R02_accel.csv,U22,R02,D01,25.0,25.0,587,593,23.68,24.747355589046613,25.0,raw_25hz_time_aligned_to_uniform_25hz,True,0,,
weda,C:\Users\ADMIN\Desktop\ds-fall\data\raw\WEDA-FALL-main\dataset\25Hz\D01\U23_R01_accel.csv,U23,R01,D01,25.0,25.0,430,434,17.32,24.748334761491694,25.0,raw_25hz_time_aligned_to_uniform_25hz,True,0,,
weda,C:\Users\ADMIN\Desktop\ds-fall\data\raw\WEDA-FALL-main\dataset\25Hz\D01\U23_R02_accel.csv,U23,R02,D01,25.0,25.0,691,698,27.88,24.732069535767337,25.0,raw_25hz_time_aligned_to_uniform_25hz,True,0,,
weda,C:\Users\ADMIN\Desktop\ds-fall\data\raw\WEDA-FALL-main\dataset\25Hz\D01\U24_R01_accel.csv,U24,R01,D01,25.0,25.0,610,615,24.560000000000002,24.754086056196506,24.999999999999996,raw_25hz_time_aligned_to_uniform_25hz,True,0,,
weda,C:\Users\ADMIN\Desktop\ds-fall\data\raw\WEDA-FALL-main\dataset\25Hz\D01\U24_R02_accel.csv,U24,R02,D01,25.0,25.0,459,463,18.48,24.73803788508706,25.0,raw_25hz_time_aligned_to_uniform_25hz,True,0,,
weda,C:\Users\ADMIN\Desktop\ds-fall\data\raw\WEDA-FALL-main\dataset\25Hz\D01\U24_R03_accel.csv,U24,R03,D01,25.0,25.0,541,546,21.799999999999997,24.736037366831347,25.000000000000004,raw_25hz_time_aligned_to_uniform_25hz,True,0,,
weda,C:\Users\ADMIN\Desktop\ds-fall\data\raw\WEDA-FALL-main\dataset\25Hz\D01\U25_R01_accel.csv,U25,R01,D01,25.0,25.0,456,461,18.400000000000002,24.727682028881958,24.999999999999996,raw_25hz_time_aligned_to_uniform_25hz,True,0,,
weda,C:\Users\ADMIN\Desktop\ds-fall\data\raw\WEDA-FALL-main\dataset\25Hz\D01\U25_R02_accel.csv,U25,R02,D01,25.0,25.0,558,563,22.48,24.759408009554114,25.0,raw_25hz_time_aligned_to_uniform_25hz,True,0,,
weda,C:\Users\ADMIN\Desktop\ds-fall\data\raw\WEDA-FALL-main\dataset\25Hz\D01\U26_R01_accel.csv,U26,R01,D01,25.0,25.0,444,449,17.92,24.70168402907138,24.999999999999996,raw_25hz_time_aligned_to_uniform_25hz,True,0,,
weda,C:\Users\ADMIN\Desktop\ds-fall\data\raw\WEDA-FALL-main\dataset\25Hz\D01\U26_R02_accel.csv,U26,R02,D01,25.0,25.0,365,368,14.68,24.753485667007965,25.0,raw_25hz_time_aligned_to_uniform_25hz,True,0,,
weda,C:\Users\ADMIN\Desktop\ds-fall\data\raw\WEDA-FALL-main\dataset\25Hz\D01\U27_R01_accel.csv,U27,R01,D01,25.0,25.0,517,521,20.8,24.77196402799813,25.0,raw_25hz_time_aligned_to_uniform_25hz,True,0,,
weda,C:\Users\ADMIN\Desktop\ds-fall\data\raw\WEDA-FALL-main\dataset\25Hz\D01\U27_R02_accel.csv,U27,R02,D01,25.0,25.0,511,515,20.56,24.77231342840834,25.0,raw_25hz_time_aligned_to_uniform_25hz,True,0,,
weda,C:\Users\ADMIN\Desktop\ds-fall\data\raw\WEDA-FALL-main\dataset\25Hz\D01\U28_R01_accel.csv,U28,R01,D01,25.0,25.0,420,423,16.88,24.751167082409168,25.0,raw_25hz_time_aligned_to_uniform_25hz,True,0,,
weda,C:\Users\ADMIN\Desktop\ds-fall\data\raw\WEDA-FALL-main\dataset\25Hz\D01\U28_R02_accel.csv,U28,R02,D01,25.0,25.0,446,452,18.04,24.670887442217193,25.0,raw_25hz_time_aligned_to_uniform_25hz,True,0,,
weda,C:\Users\ADMIN\Desktop\ds-fall\data\raw\WEDA-FALL-main\dataset\25Hz\D01\U28_R03_accel.csv,U28,R03,D01,25.0,25.0,504,508,20.28,24.775889018309513,25.0,raw_25hz_time_aligned_to_uniform_25hz,True,0,,
weda,C:\Users\ADMIN\Desktop\ds-fall\data\raw\WEDA-FALL-main\dataset\25Hz\D01\U29_R01_accel.csv,U29,R01,D01,25.0,25.0,339,341,13.6,24.828296279336517,25.0,raw_25hz_time_aligned_to_uniform_25hz,True,0,,
weda,C:\Users\ADMIN\Desktop\ds-fall\data\raw\WEDA-FALL-main\dataset\25Hz\D01\U29_R02_accel.csv,U29,R02,D01,25.0,25.0,247,248,9.880000000000003,24.800907604378164,24.999999999999993,raw_25hz_time_aligned_to_uniform_25hz,True,0,,
weda,C:\Users\ADMIN\Desktop\ds-fall\data\raw\WEDA-FALL-main\dataset\25Hz\D01\U29_R03_accel.csv,U29,R03,D01,25.0,25.0,279,280,11.16,24.823645166228665,25.0,raw_25hz_time_aligned_to_uniform_25hz,True,0,,
weda,C:\Users\ADMIN\Desktop\ds-fall\data\raw\WEDA-FALL-main\dataset\25Hz\D01\U30_R01_accel.csv,U30,R01,D01,25.0,25.0,353,355,14.16,24.791351967661328,25.0,raw_25hz_time_aligned_to_uniform_25hz,True,0,,
weda,C:\Users\ADMIN\Desktop\ds-fall\data\raw\WEDA-FALL-main\dataset\25Hz\D01\U30_R02_accel.csv,U30,R02,D01,25.0,25.0,286,288,11.48,24.78692865126463,25.0,raw_25hz_time_aligned_to_uniform_25hz,True,0,,
weda,C:\Users\ADMIN\Desktop\ds-fall\data\raw\WEDA-FALL-main\dataset\25Hz\D01\U30_R03_accel.csv,U30,R03,D01,25.0,25.0,276,279,11.120000000000001,24.669216730073025,24.999999999999996,raw_25hz_time_aligned_to_uniform_25hz,True,0,,
weda,C:\Users\ADMIN\Desktop\ds-fall\data\raw\WEDA-FALL-main\dataset\25Hz\D01\U31_R01_accel.csv,U31,R01,D01,25.0,25.0,382,385,15.36,24.779158031773523,25.0,raw_25hz_time_aligned_to_uniform_25hz,True,0,,
weda,C:\Users\ADMIN\Desktop\ds-fall\data\raw\WEDA-FALL-main\dataset\25Hz\D01\U31_R02_accel.csv,U31,R02,D01,25.0,25.0,296,298,11.88,24.775343808401722,25.0,raw_25hz_time_aligned_to_uniform_25hz,True,0,,
weda,C:\Users\ADMIN\Desktop\ds-fall\data\raw\WEDA-FALL-main\dataset\25Hz\D02\U01_R01_accel.csv,U01,R01,D02,25.0,25.0,410,413,16.48,24.76911941718446,25.0,raw_25hz_time_aligned_to_uniform_25hz,True,0,,
weda,C:\Users\ADMIN\Desktop\ds-fall\data\raw\WEDA-FALL-main\dataset\25Hz\D02\U01_R02_accel.csv,U01,R02,D02,25.0,25.0,473,475,18.96,24.870904255885677,25.0,raw_25hz_time_aligned_to_uniform_25hz,True,0,,
weda,C:\Users\ADMIN\Desktop\ds-fall\data\raw\WEDA-FALL-main\dataset\25Hz\D02\U01_R03_accel.csv,U01,R03,D02,25.0,25.0,457,461,18.400000000000002,24.739590615281536,24.999999999999996,raw_25hz_time_aligned_to_uniform_25hz,True,0,,
weda,C:\Users\ADMIN\Desktop\ds-fall\data\raw\WEDA-FALL-main\dataset\25Hz\D02\U02_R01_accel.csv,U02,R01,D02,25.0,25.0,426,430,17.16,24.73662901089952,25.0,raw_25hz_time_aligned_to_uniform_25hz,True,0,,
weda,C:\Users\ADMIN\Desktop\ds-fall\data\raw\WEDA-FALL-main\dataset\25Hz\D02\U02_R02_accel.csv,U02,R02,D02,25.0,25.0,528,530,21.159999999999997,24.797148042283823,25.000000000000004,raw_25hz_time_aligned_to_uniform_25hz,True,0,,
weda,C:\Users\ADMIN\Desktop\ds-fall\data\raw\WEDA-FALL-main\dataset\25Hz\D02\U02_R03_accel.csv,U02,R03,D02,25.0,25.0,405,408,16.28,24.777675932446904,25.0,raw_25hz_time_aligned_to_uniform_25hz,True,0,,
weda,C:\Users\ADMIN\Desktop\ds-fall\data\raw\WEDA-FALL-main\dataset\25Hz\D02\U03_R01_accel.csv,U03,R01,D02,25.0,25.0,318,321,12.8,24.742429123571014,25.0,raw_25hz_time_aligned_to_uniform_25hz,True,0,,
weda,C:\Users\ADMIN\Desktop\ds-fall\data\raw\WEDA-FALL-main\dataset\25Hz\D02\U03_R02_accel.csv,U03,R02,D02,25.0,25.0,308,311,12.4,24.73114048831806,25.0,raw_25hz_time_aligned_to_uniform_25hz,True,0,,
weda,C:\Users\ADMIN\Desktop\ds-fall\data\raw\WEDA-FALL-main\dataset\25Hz\D02\U03_R03_accel.csv,U03,R03,D02,25.0,25.0,385,388,15.48,24.793654887799846,25.0,raw_25hz_time_aligned_to_uniform_25hz,True,0,,
weda,C:\Users\ADMIN\Desktop\ds-fall\data\raw\WEDA-FALL-main\dataset\25Hz\D02\U04_R01_accel.csv,U04,R01,D02,25.0,25.0,376,378,15.08,24.844308996952428,25.0,raw_25hz_time_aligned_to_uniform_25hz,True,0,,
weda,C:\Users\ADMIN\Desktop\ds-fall\data\raw\WEDA-FALL-main\dataset\25Hz\D02\U04_R02_accel.csv,U04,R02,D02,25.0,25.0,379,383,15.280000000000001,24.759609913294852,24.999999999999996,raw_25hz_time_aligned_to_uniform_25hz,True,0,,
weda,C:\Users\ADMIN\Desktop\ds-fall\data\raw\WEDA-FALL-main\dataset\25Hz\D02\U04_R03_accel.csv,U04,R03,D02,25.0,25.0,357,360,14.36,24.77728297080156,25.0,raw_25hz_time_aligned_to_uniform_25hz,True,0,,
weda,C:\Users\ADMIN\Desktop\ds-fall\data\raw\WEDA-FALL-main\dataset\25Hz\D02\U05_R01_accel.csv,U05,R01,D02,25.0,25.0,553,559,22.32,24.72564434346181,25.0,raw_25hz_time_aligned_to_uniform_25hz,True,0,,
weda,C:\Users\ADMIN\Desktop\ds-fall\data\raw\WEDA-FALL-main\dataset\25Hz\D02\U05_R02_accel.csv,U05,R02,D02,25.0,25.0,489,494,19.72,24.67774543542837,25.0,raw_25hz_time_aligned_to_uniform_25hz,True,0,,
weda,C:\Users\ADMIN\Desktop\ds-fall\data\raw\WEDA-FALL-main\dataset\25Hz\D02\U05_R03_accel.csv,U05,R03,D02,25.0,25.0,487,491,19.6,24.761177064756055,24.999999999999996,raw_25hz_time_aligned_to_uniform_25hz,True,0,,
weda,C:\Users\ADMIN\Desktop\ds-fall\data\raw\WEDA-FALL-main\dataset\25Hz\D02\U06_R01_accel.csv,U06,R01,D02,25.0,25.0,423,425,16.96,24.851304743767056,25.0,raw_25hz_time_aligned_to_uniform_25hz,True,0,,
weda,C:\Users\ADMIN\Desktop\ds-fall\data\raw\WEDA-FALL-main\dataset\25Hz\D02\U06_R02_accel.csv,U06,R02,D02,25.0,25.0,436,441,17.6,24.714504857678538,24.999999999999996,raw_25hz_time_aligned_to_uniform_25hz,True,0,,
weda,C:\Users\ADMIN\Desktop\ds-fall\data\raw\WEDA-FALL-main\dataset\25Hz\D02\U06_R03_accel.csv,U06,R03,D02,25.0,25.0,424,428,17.080000000000002,24.727443820031777,24.999999999999996,raw_25hz_time_aligned_to_uniform_25hz,True,0,,
weda,C:\Users\ADMIN\Desktop\ds-fall\data\raw\WEDA-FALL-main\dataset\25Hz\D02\U07_R01_accel.csv,U07,R01,D02,25.0,25.0,400,404,16.12,24.69900711657919,25.0,raw_25hz_time_aligned_to_uniform_25hz,True,0,,
weda,C:\Users\ADMIN\Desktop\ds-fall\data\raw\WEDA-FALL-main\dataset\25Hz\D02\U07_R02_accel.csv,U07,R02,D02,25.0,25.0,504,508,20.28,24.78259980470054,25.0,raw_25hz_time_aligned_to_uniform_25hz,True,0,,
weda,C:\Users\ADMIN\Desktop\ds-fall\data\raw\WEDA-FALL-main\dataset\25Hz\D02\U07_R03_accel.csv,U07,R03,D02,25.0,25.0,491,496,19.8,24.755848937846448,25.0,raw_25hz_time_aligned_to_uniform_25hz,True,0,,
weda,C:\Users\ADMIN\Desktop\ds-fall\data\raw\WEDA-FALL-main\dataset\25Hz\D02\U08_R01_accel.csv,U08,R01,D02,25.0,25.0,627,633,25.28,24.74601766233052,25.0,raw_25hz_time_aligned_to_uniform_25hz,True,0,,
weda,C:\Users\ADMIN\Desktop\ds-fall\data\raw\WEDA-FALL-main\dataset\25Hz\D02\U08_R02_accel.csv,U08,R02,D02,25.0,25.0,700,708,28.28,24.70139235539269,25.0,raw_25hz_time_aligned_to_uniform_25hz,True,0,,
weda,C:\Users\ADMIN\Desktop\ds-fall\data\raw\WEDA-FALL-main\dataset\25Hz\D02\U08_R03_accel.csv,U08,R03,D02,25.0,25.0,644,650,25.96,24.752379675804107,25.0,raw_25hz_time_aligned_to_uniform_25hz,True,0,,
weda,C:\Users\ADMIN\Desktop\ds-fall\data\raw\WEDA-FALL-main\dataset\25Hz\D02\U09_R01_accel.csv,U09,R01,D02,25.0,25.0,449,452,18.04,24.78013285748847,25.0,raw_25hz_time_aligned_to_uniform_25hz,True,0,,
weda,C:\Users\ADMIN\Desktop\ds-fall\data\raw\WEDA-FALL-main\dataset\25Hz\D02\U09_R02_accel.csv,U09,R02,D02,25.0,25.0,405,409,16.32,24.71628334714274,25.0,raw_25hz_time_aligned_to_uniform_25hz,True,0,,
weda,C:\Users\ADMIN\Desktop\ds-fall\data\raw\WEDA-FALL-main\dataset\25Hz\D02\U09_R03_accel.csv,U09,R03,D02,25.0,25.0,422,426,17.0,24.76106457074429,25.0,raw_25hz_time_aligned_to_uniform_25hz,True,0,,
weda,C:\Users\ADMIN\Desktop\ds-fall\data\raw\WEDA-FALL-main\dataset\25Hz\D02\U10_R01_accel.csv,U10,R01,D02,25.0,25.0,501,506,20.2,24.755782854044217,25.0,raw_25hz_time_aligned_to_uniform_25hz,True,0,,
weda,C:\Users\ADMIN\Desktop\ds-fall\data\raw\WEDA-FALL-main\dataset\25Hz\D02\U10_R02_accel.csv,U10,R02,D02,25.0,25.0,487,491,19.6,24.758023690521448,24.999999999999996,raw_25hz_time_aligned_to_uniform_25hz,True,0,,
weda,C:\Users\ADMIN\Desktop\ds-fall\data\raw\WEDA-FALL-main\dataset\25Hz\D02\U10_R03_accel.csv,U10,R03,D02,25.0,25.0,496,501,20.0,24.71354765601634,25.0,raw_25hz_time_aligned_to_uniform_25hz,True,0,,
weda,C:\Users\ADMIN\Desktop\ds-fall\data\raw\WEDA-FALL-main\dataset\25Hz\D02\U11_R01_accel.csv,U11,R01,D02,25.0,25.0,429,434,17.32,24.69919959465674,25.0,raw_25hz_time_aligned_to_uniform_25hz,True,0,,
weda,C:\Users\ADMIN\Desktop\ds-fall\data\raw\WEDA-FALL-main\dataset\25Hz\D02\U11_R02_accel.csv,U11,R02,D02,25.0,25.0,550,556,22.2,24.72193472567202,25.0,raw_25hz_time_aligned_to_uniform_25hz,True,0,,
weda,C:\Users\ADMIN\Desktop\ds-fall\data\raw\WEDA-FALL-main\dataset\25Hz\D02\U11_R03_accel.csv,U11,R03,D02,25.0,25.0,497,502,20.04,24.759644463421658,25.0,raw_25hz_time_aligned_to_uniform_25hz,True,0,,
weda,C:\Users\ADMIN\Desktop\ds-fall\data\raw\WEDA-FALL-main\dataset\25Hz\D02\U12_R01_accel.csv,U12,R01,D02,25.0,25.0,338,341,13.6,24.736668290375732,25.0,raw_25hz_time_aligned_to_uniform_25hz,True,0,,
weda,C:\Users\ADMIN\Desktop\ds-fall\data\raw\WEDA-FALL-main\dataset\25Hz\D02\U12_R02_accel.csv,U12,R02,D02,25.0,25.0,335,338,13.48,24.776858778636424,25.0,raw_25hz_time_aligned_to_uniform_25hz,True,0,,
weda,C:\Users\ADMIN\Desktop\ds-fall\data\raw\WEDA-FALL-main\dataset\25Hz\D02\U12_R03_accel.csv,U12,R03,D02,25.0,25.0,336,338,13.48,24.795531067107984,25.0,raw_25hz_time_aligned_to_uniform_25hz,True,0,,
weda,C:\Users\ADMIN\Desktop\ds-fall\data\raw\WEDA-FALL-main\dataset\25Hz\D02\U13_R01_accel.csv,U13,R01,D02,25.0,25.0,348,350,13.96,24.819646150914703,25.0,raw_25hz_time_aligned_to_uniform_25hz,True,0,,
weda,C:\Users\ADMIN\Desktop\ds-fall\data\raw\WEDA-FALL-main\dataset\25Hz\D02\U13_R02_accel.csv,U13,R02,D02,25.0,25.0,383,386,15.4,24.78025429255031,25.0,raw_25hz_time_aligned_to_uniform_25hz,True,0,,
weda,C:\Users\ADMIN\Desktop\ds-fall\data\raw\WEDA-FALL-main\dataset\25Hz\D02\U13_R03_accel.csv,U13,R03,D02,25.0,25.0,365,368,14.68,24.75516911957753,25.0,raw_25hz_time_aligned_to_uniform_25hz,True,0,,
weda,C:\Users\ADMIN\Desktop\ds-fall\data\raw\WEDA-FALL-main\dataset\25Hz\D02\U14_R01_accel.csv,U14,R01,D02,25.0,25.0,495,499,19.92,24.751360328324353,24.999999999999996,raw_25hz_time_aligned_to_uniform_25hz,True,0,,
weda,C:\Users\ADMIN\Desktop\ds-fall\data\raw\WEDA-FALL-main\dataset\25Hz\D02\U14_R02_accel.csv,U14,R02,D02,25.0,25.0,508,514,20.52,24.70519442549459,25.0,raw_25hz_time_aligned_to_uniform_25hz,True,0,,
weda,C:\Users\ADMIN\Desktop\ds-fall\data\raw\WEDA-FALL-main\dataset\25Hz\D02\U14_R03_accel.csv,U14,R03,D02,25.0,25.0,491,496,19.8,24.73872879532434,25.0,raw_25hz_time_aligned_to_uniform_25hz,True,0,,
weda,C:\Users\ADMIN\Desktop\ds-fall\data\raw\WEDA-FALL-main\dataset\25Hz\D03\U01_R01_accel.csv,U01,R01,D03,25.0,25.0,639,645,25.76,24.76725902994326,25.0,raw_25hz_time_aligned_to_uniform_25hz,True,0,,
weda,C:\Users\ADMIN\Desktop\ds-fall\data\raw\WEDA-FALL-main\dataset\25Hz\D03\U01_R02_accel.csv,U01,R02,D03,25.0,25.0,738,745,29.76,24.750230941823105,25.0,raw_25hz_time_aligned_to_uniform_25hz,True,0,,
weda,C:\Users\ADMIN\Desktop\ds-fall\data\raw\WEDA-FALL-main\dataset\25Hz\D03\U01_R03_accel.csv,U01,R03,D03,25.0,25.0,732,739,29.52,24.721003841786818,25.0,raw_25hz_time_aligned_to_uniform_25hz,True,0,,
weda,C:\Users\ADMIN\Desktop\ds-fall\data\raw\WEDA-FALL-main\dataset\25Hz\D03\U02_R01_accel.csv,U02,R01,D03,25.0,25.0,775,782,31.240000000000002,24.762453438589418,25.0,raw_25hz_time_aligned_to_uniform_25hz,True,0,,
weda,C:\Users\ADMIN\Desktop\ds-fall\data\raw\WEDA-FALL-main\dataset\25Hz\D03\U02_R02_accel.csv,U02,R02,D03,25.0,25.0,965,976,39.0,24.708449121977182,25.0,raw_25hz_time_aligned_to_uniform_25hz,True,0,,
weda,C:\Users\ADMIN\Desktop\ds-fall\data\raw\WEDA-FALL-main\dataset\25Hz\D03\U02_R03_accel.csv,U02,R03,D03,25.0,25.0,741,748,29.88,24.746267498364215,25.0,raw_25hz_time_aligned_to_uniform_25hz,True,0,,
weda,C:\Users\ADMIN\Desktop\ds-fall\data\raw\WEDA-FALL-main\dataset\25Hz\D03\U03_R01_accel.csv,U03,R01,D03,25.0,25.0,645,651,26.0,24.736407468456655,25.0,raw_25hz_time_aligned_to_uniform_25hz,True,0,,
weda,C:\Users\ADMIN\Desktop\ds-fall\data\raw\WEDA-FALL-main\dataset\25Hz\D03\U03_R02_accel.csv,U03,R02,D03,25.0,25.0,577,583,23.28,24.712015487381457,25.0,raw_25hz_time_aligned_to_uniform_25hz,True,0,,
weda,C:\Users\ADMIN\Desktop\ds-fall\data\raw\WEDA-FALL-main\dataset\25Hz\D03\U03_R03_accel.csv,U03,R03,D03,25.0,25.0,553,559,22.32,24.700753988301884,25.0,raw_25hz_time_aligned_to_uniform_25hz,True,0,,
weda,C:\Users\ADMIN\Desktop\ds-fall\data\raw\WEDA-FALL-main\dataset\25Hz\D03\U04_R01_accel.csv,U04,R01,D03,25.0,25.0,639,646,25.8,24.696136910890875,25.0,raw_25hz_time_aligned_to_uniform_25hz,True,0,,
weda,C:\Users\ADMIN\Desktop\ds-fall\data\raw\WEDA-FALL-main\dataset\25Hz\D03\U04_R02_accel.csv,U04,R02,D03,25.0,25.0,610,616,24.6,24.70889537719087,25.0,raw_25hz_time_aligned_to_uniform_25hz,True,0,,
weda,C:\Users\ADMIN\Desktop\ds-fall\data\raw\WEDA-FALL-main\dataset\25Hz\D03\U04_R03_accel.csv,U04,R03,D03,25.0,25.0,676,684,27.32,24.6785013349134,25.0,raw_25hz_time_aligned_to_uniform_25hz,True,0,,
weda,C:\Users\ADMIN\Desktop\ds-fall\data\raw\WEDA-FALL-main\dataset\25Hz\D03\U05_R01_accel.csv,U05,R01,D03,25.0,25.0,649,655,26.16,24.746993130468773,25.0,raw_25hz_time_aligned_to_uniform_25hz,True,0,,
weda,C:\Users\ADMIN\Desktop\ds-fall\data\raw\WEDA-FALL-main\dataset\25Hz\D03\U05_R02_accel.csv,U05,R02,D03,25.0,25.0,649,656,26.2,24.700770029029336,25.0,raw_25hz_time_aligned_to_uniform_25hz,True,0,,
weda,C:\Users\ADMIN\Desktop\ds-fall\data\raw\WEDA-FALL-main\dataset\25Hz\D03\U05_R03_accel.csv,U05,R03,D03,25.0,25.0,666,673,26.88,24.71890050179686,25.0,raw_25hz_time_aligned_to_uniform_25hz,True,0,,
weda,C:\Users\ADMIN\Desktop\ds-fall\data\raw\WEDA-FALL-main\dataset\25Hz\D03\U06_R01_accel.csv,U06,R01,D03,25.0,25.0,738,745,29.76,24.748153820544577,25.0,raw_25hz_time_aligned_to_uniform_25hz,True,0,,
weda,C:\Users\ADMIN\Desktop\ds-fall\data\raw\WEDA-FALL-main\dataset\25Hz\D03\U06_R02_accel.csv,U06,R02,D03,25.0,25.0,745,753,30.080000000000002,24.721714679708374,25.0,raw_25hz_time_aligned_to_uniform_25hz,True,0,,
weda,C:\Users\ADMIN\Desktop\ds-fall\data\raw\WEDA-FALL-main\dataset\25Hz\D03\U06_R03_accel.csv,U06,R03,D03,25.0,25.0,772,780,31.16,24.725584994549596,25.0,raw_25hz_time_aligned_to_uniform_25hz,True,0,,
weda,C:\Users\ADMIN\Desktop\ds-fall\data\raw\WEDA-FALL-main\dataset\25Hz\D03\U07_R01_accel.csv,U07,R01,D03,25.0,25.0,837,847,33.84,24.694276193644555,24.999999999999996,raw_25hz_time_aligned_to_uniform_25hz,True,0,,
weda,C:\Users\ADMIN\Desktop\ds-fall\data\raw\WEDA-FALL-main\dataset\25Hz\D03\U07_R02_accel.csv,U07,R02,D03,25.0,25.0,896,905,36.160000000000004,24.721367100628516,24.999999999999996,raw_25hz_time_aligned_to_uniform_25hz,True,0,,
weda,C:\Users\ADMIN\Desktop\ds-fall\data\raw\WEDA-FALL-main\dataset\25Hz\D03\U07_R03_accel.csv,U07,R03,D03,25.0,25.0,857,866,34.6,24.73452291000824,25.0,raw_25hz_time_aligned_to_uniform_25hz,True,0,,
weda,C:\Users\ADMIN\Desktop\ds-fall\data\raw\WEDA-FALL-main\dataset\25Hz\D03\U08_R01_accel.csv,U08,R01,D03,25.0,25.0,892,901,36.0,24.72699016669365,25.0,raw_25hz_time_aligned_to_uniform_25hz,True,0,,
weda,C:\Users\ADMIN\Desktop\ds-fall\data\raw\WEDA-FALL-main\dataset\25Hz\D03\U08_R02_accel.csv,U08,R02,D03,25.0,25.0,889,898,35.88,24.733309270968174,24.999999999999996,raw_25hz_time_aligned_to_uniform_25hz,True,0,,
weda,C:\Users\ADMIN\Desktop\ds-fall\data\raw\WEDA-FALL-main\dataset\25Hz\D03\U08_R03_accel.csv,U08,R03,D03,25.0,25.0,885,893,35.68,24.747694720718627,25.0,raw_25hz_time_aligned_to_uniform_25hz,True,0,,
weda,C:\Users\ADMIN\Desktop\ds-fall\data\raw\WEDA-FALL-main\dataset\25Hz\D03\U09_R01_accel.csv,U09,R01,D03,25.0,25.0,625,630,25.16,24.75846726509645,25.0,raw_25hz_time_aligned_to_uniform_25hz,True,0,,
weda,C:\Users\ADMIN\Desktop\ds-fall\data\raw\WEDA-FALL-main\dataset\25Hz\D03\U09_R02_accel.csv,U09,R02,D03,25.0,25.0,620,626,25.0,24.7313120337591,25.0,raw_25hz_time_aligned_to_uniform_25hz,True,0,,
weda,C:\Users\ADMIN\Desktop\ds-fall\data\raw\WEDA-FALL-main\dataset\25Hz\D03\U09_R03_accel.csv,U09,R03,D03,25.0,25.0,649,657,26.240000000000002,24.670678672956708,24.999999999999996,raw_25hz_time_aligned_to_uniform_25hz,True,0,,
weda,C:\Users\ADMIN\Desktop\ds-fall\data\raw\WEDA-FALL-main\dataset\25Hz\D03\U10_R01_accel.csv,U10,R01,D03,25.0,25.0,899,908,36.28,24.731819500964896,25.0,raw_25hz_time_aligned_to_uniform_25hz,True,0,,
weda,C:\Users\ADMIN\Desktop\ds-fall\data\raw\WEDA-FALL-main\dataset\25Hz\D03\U10_R02_accel.csv,U10,R02,D03,25.0,25.0,889,898,35.88,24.73847697266496,24.999999999999996,raw_25hz_time_aligned_to_uniform_25hz,True,0,,
weda,C:\Users\ADMIN\Desktop\ds-fall\data\raw\WEDA-FALL-main\dataset\25Hz\D03\U10_R03_accel.csv,U10,R03,D03,25.0,25.0,891,900,35.96,24.75123727237024,25.0,raw_25hz_time_aligned_to_uniform_25hz,True,0,,
weda,C:\Users\ADMIN\Desktop\ds-fall\data\raw\WEDA-FALL-main\dataset\25Hz\D03\U11_R01_accel.csv,U11,R01,D03,25.0,25.0,718,725,28.96,24.725843161597354,25.0,raw_25hz_time_aligned_to_uniform_25hz,True,0,,
weda,C:\Users\ADMIN\Desktop\ds-fall\data\raw\WEDA-FALL-main\dataset\25Hz\D03\U11_R02_accel.csv,U11,R02,D03,25.0,25.0,820,828,33.08,24.73685005925325,25.0,raw_25hz_time_aligned_to_uniform_25hz,True,0,,
weda,C:\Users\ADMIN\Desktop\ds-fall\data\raw\WEDA-FALL-main\dataset\25Hz\D03\U11_R03_accel.csv,U11,R03,D03,25.0,25.0,765,773,30.88,24.720919178097486,25.0,raw_25hz_time_aligned_to_uniform_25hz,True,0,,
weda,C:\Users\ADMIN\Desktop\ds-fall\data\raw\WEDA-FALL-main\dataset\25Hz\D03\U12_R01_accel.csv,U12,R01,D03,25.0,25.0,565,571,22.8,24.72599741709768,25.0,raw_25hz_time_aligned_to_uniform_25hz,True,0,,
weda,C:\Users\ADMIN\Desktop\ds-fall\data\raw\WEDA-FALL-main\dataset\25Hz\D03\U12_R02_accel.csv,U12,R02,D03,25.0,25.0,538,544,21.72,24.71294795365396,25.0,raw_25hz_time_aligned_to_uniform_25hz,True,0,,
weda,C:\Users\ADMIN\Desktop\ds-fall\data\raw\WEDA-FALL-main\dataset\25Hz\D03\U12_R03_accel.csv,U12,R03,D03,25.0,25.0,652,658,26.28,24.771218212577487,25.0,raw_25hz_time_aligned_to_uniform_25hz,True,0,,
weda,C:\Users\ADMIN\Desktop\ds-fall\data\raw\WEDA-FALL-main\dataset\25Hz\D03\U13_R01_accel.csv,U13,R01,D03,25.0,25.0,657,664,26.52,24.7146175304834,25.0,raw_25hz_time_aligned_to_uniform_25hz,True,0,,
weda,C:\Users\ADMIN\Desktop\ds-fall\data\raw\WEDA-FALL-main\dataset\25Hz\D03\U13_R02_accel.csv,U13,R02,D03,25.0,25.0,676,683,27.28,24.7444944214351,25.0,raw_25hz_time_aligned_to_uniform_25hz,True,0,,
weda,C:\Users\ADMIN\Desktop\ds-fall\data\raw\WEDA-FALL-main\dataset\25Hz\D03\U13_R03_accel.csv,U13,R03,D03,25.0,25.0,674,680,27.16,24.760399495525824,25.0,raw_25hz_time_aligned_to_uniform_25hz,True,0,,
weda,C:\Users\ADMIN\Desktop\ds-fall\data\raw\WEDA-FALL-main\dataset\25Hz\D03\U14_R01_accel.csv,U14,R01,D03,25.0,25.0,658,665,26.560000000000002,24.738968457947728,24.999999999999996,raw_25hz_time_aligned_to_uniform_25hz,True,0,,
weda,C:\Users\ADMIN\Desktop\ds-fall\data\raw\WEDA-FALL-main\dataset\25Hz\D03\U14_R02_accel.csv,U14,R02,D03,25.0,25.0,630,636,25.400000000000002,24.759393107239454,24.999999999999996,raw_25hz_time_aligned_to_uniform_25hz,True,0,,
weda,C:\Users\ADMIN\Desktop\ds-fall\data\raw\WEDA-FALL-main\dataset\25Hz\D03\U14_R03_accel.csv,U14,R03,D03,25.0,25.0,637,643,25.68,24.744195681927977,25.0,raw_25hz_time_aligned_to_uniform_25hz,True,0,,
weda,C:\Users\ADMIN\Desktop\ds-fall\data\raw\WEDA-FALL-main\dataset\25Hz\D03\U23_R01_accel.csv,U23,R01,D03,25.0,25.0,690,696,27.8,24.758790520574472,25.0,raw_25hz_time_aligned_to_uniform_25hz,True,0,,
weda,C:\Users\ADMIN\Desktop\ds-fall\data\raw\WEDA-FALL-main\dataset\25Hz\D03\U23_R02_accel.csv,U23,R02,D03,25.0,25.0,635,641,25.599999999999994,24.75595474293838,25.000000000000007,raw_25hz_time_aligned_to_uniform_25hz,True,0,,
weda,C:\Users\ADMIN\Desktop\ds-fall\data\raw\WEDA-FALL-main\dataset\25Hz\D03\U24_R01_accel.csv,U24,R01,D03,25.0,25.0,998,1008,40.28,24.73270347589383,25.0,raw_25hz_time_aligned_to_uniform_25hz,True,0,,
weda,C:\Users\ADMIN\Desktop\ds-fall\data\raw\WEDA-FALL-main\dataset\25Hz\D03\U26_R01_accel.csv,U26,R01,D03,25.0,25.0,363,366,14.6,24.723407783817912,25.0,raw_25hz_time_aligned_to_uniform_25hz,True,0,,
weda,C:\Users\ADMIN\Desktop\ds-fall\data\raw\WEDA-FALL-main\dataset\25Hz\D03\U26_R02_accel.csv,U26,R02,D03,25.0,25.0,351,353,14.08,24.79193390325542,25.0,raw_25hz_time_aligned_to_uniform_25hz,True,0,,
weda,C:\Users\ADMIN\Desktop\ds-fall\data\raw\WEDA-FALL-main\dataset\25Hz\D03\U27_R01_accel.csv,U27,R01,D03,25.0,25.0,790,798,31.88,24.73897249063876,25.0,raw_25hz_time_aligned_to_uniform_25hz,True,0,,
weda,C:\Users\ADMIN\Desktop\ds-fall\data\raw\WEDA-FALL-main\dataset\25Hz\D03\U28_R01_accel.csv,U28,R01,D03,25.0,25.0,632,639,25.52,24.716988522856358,25.0,raw_25hz_time_aligned_to_uniform_25hz,True,0,,
weda,C:\Users\ADMIN\Desktop\ds-fall\data\raw\WEDA-FALL-main\dataset\25Hz\D03\U29_R01_accel.csv,U29,R01,D03,25.0,25.0,652,659,26.32,24.725588075958385,25.0,raw_25hz_time_aligned_to_uniform_25hz,True,0,,
weda,C:\Users\ADMIN\Desktop\ds-fall\data\raw\WEDA-FALL-main\dataset\25Hz\D03\U30_R01_accel.csv,U30,R01,D03,25.0,25.0,461,467,18.64,24.702947022522423,25.0,raw_25hz_time_aligned_to_uniform_25hz,True,0,,
weda,C:\Users\ADMIN\Desktop\ds-fall\data\raw\WEDA-FALL-main\dataset\25Hz\D03\U31_R01_accel.csv,U31,R01,D03,25.0,25.0,921,931,37.2,24.70362600126687,24.999999999999996,raw_25hz_time_aligned_to_uniform_25hz,True,0,,
weda,C:\Users\ADMIN\Desktop\ds-fall\data\raw\WEDA-FALL-main\dataset\25Hz\D04\U01_R01_accel.csv,U01,R01,D04,25.0,25.0,355,357,14.24,24.800336397467305,25.0,raw_25hz_time_aligned_to_uniform_25hz,True,0,,
weda,C:\Users\ADMIN\Desktop\ds-fall\data\raw\WEDA-FALL-main\dataset\25Hz\D04\U01_R02_accel.csv,U01,R02,D04,25.0,25.0,348,351,14.0,24.765372090561,25.0,raw_25hz_time_aligned_to_uniform_25hz,True,0,,
weda,C:\Users\ADMIN\Desktop\ds-fall\data\raw\WEDA-FALL-main\dataset\25Hz\D04\U01_R03_accel.csv,U01,R03,D04,25.0,25.0,329,331,13.200000000000001,24.784645609792957,24.999999999999996,raw_25hz_time_aligned_to_uniform_25hz,True,0,,
weda,C:\Users\ADMIN\Desktop\ds-fall\data\raw\WEDA-FALL-main\dataset\25Hz\D04\U02_R01_accel.csv,U02,R01,D04,25.0,25.0,290,292,11.64,24.79550136003293,25.0,raw_25hz_time_aligned_to_uniform_25hz,True,0,,
weda,C:\Users\ADMIN\Desktop\ds-fall\data\raw\WEDA-FALL-main\dataset\25Hz\D04\U02_R02_accel.csv,U02,R02,D04,25.0,25.0,316,318,12.68,24.800220792286034,25.0,raw_25hz_time_aligned_to_uniform_25hz,True,0,,
weda,C:\Users\ADMIN\Desktop\ds-fall\data\raw\WEDA-FALL-main\dataset\25Hz\D04\U02_R03_accel.csv,U02,R03,D04,25.0,25.0,336,339,13.52,24.72416040477906,25.0,raw_25hz_time_aligned_to_uniform_25hz,True,0,,
weda,C:\Users\ADMIN\Desktop\ds-fall\data\raw\WEDA-FALL-main\dataset\25Hz\D04\U03_R01_accel.csv,U03,R01,D04,25.0,25.0,286,289,11.52,24.698874098931,25.0,raw_25hz_time_aligned_to_uniform_25hz,True,0,,
weda,C:\Users\ADMIN\Desktop\ds-fall\data\raw\WEDA-FALL-main\dataset\25Hz\D04\U03_R02_accel.csv,U03,R02,D04,25.0,25.0,282,283,11.28,24.854059791261278,25.0,raw_25hz_time_aligned_to_uniform_25hz,True,0,,
weda,C:\Users\ADMIN\Desktop\ds-fall\data\raw\WEDA-FALL-main\dataset\25Hz\D04\U03_R03_accel.csv,U03,R03,D04,25.0,25.0,219,221,8.8,24.678821472450736,24.999999999999996,raw_25hz_time_aligned_to_uniform_25hz,True,0,,
weda,C:\Users\ADMIN\Desktop\ds-fall\data\raw\WEDA-FALL-main\dataset\25Hz\D04\U04_R01_accel.csv,U04,R01,D04,25.0,25.0,285,286,11.4,24.86648090196502,25.0,raw_25hz_time_aligned_to_uniform_25hz,True,0,,
weda,C:\Users\ADMIN\Desktop\ds-fall\data\raw\WEDA-FALL-main\dataset\25Hz\D04\U04_R02_accel.csv,U04,R02,D04,25.0,25.0,205,206,8.2,24.84169839569369,25.000000000000004,raw_25hz_time_aligned_to_uniform_25hz,True,0,,
weda,C:\Users\ADMIN\Desktop\ds-fall\data\raw\WEDA-FALL-main\dataset\25Hz\D04\U04_R03_accel.csv,U04,R03,D04,25.0,25.0,207,208,8.28,24.867217167616182,25.000000000000004,raw_25hz_time_aligned_to_uniform_25hz,True,0,,
weda,C:\Users\ADMIN\Desktop\ds-fall\data\raw\WEDA-FALL-main\dataset\25Hz\D04\U05_R01_accel.csv,U05,R01,D04,25.0,25.0,474,478,19.080000000000002,24.780616011219415,24.999999999999996,raw_25hz_time_aligned_to_uniform_25hz,True,0,,
weda,C:\Users\ADMIN\Desktop\ds-fall\data\raw\WEDA-FALL-main\dataset\25Hz\D04\U05_R02_accel.csv,U05,R02,D04,25.0,25.0,486,491,19.6,24.70708260142505,24.999999999999996,raw_25hz_time_aligned_to_uniform_25hz,True,0,,
weda,C:\Users\ADMIN\Desktop\ds-fall\data\raw\WEDA-FALL-main\dataset\25Hz\D04\U05_R03_accel.csv,U05,R03,D04,25.0,25.0,499,503,20.080000000000002,24.781272899919223,24.999999999999996,raw_25hz_time_aligned_to_uniform_25hz,True,0,,
weda,C:\Users\ADMIN\Desktop\ds-fall\data\raw\WEDA-FALL-main\dataset\25Hz\D04\U06_R01_accel.csv,U06,R01,D04,25.0,25.0,358,362,14.44,24.700755232917736,25.0,raw_25hz_time_aligned_to_uniform_25hz,True,0,,
weda,C:\Users\ADMIN\Desktop\ds-fall\data\raw\WEDA-FALL-main\dataset\25Hz\D04\U06_R02_accel.csv,U06,R02,D04,25.0,25.0,427,430,17.16,24.78401258751338,25.0,raw_25hz_time_aligned_to_uniform_25hz,True,0,,
weda,C:\Users\ADMIN\Desktop\ds-fall\data\raw\WEDA-FALL-main\dataset\25Hz\D04\U06_R03_accel.csv,U06,R03,D04,25.0,25.0,419,424,16.92,24.712855617322212,24.999999999999996,raw_25hz_time_aligned_to_uniform_25hz,True,0,,
weda,C:\Users\ADMIN\Desktop\ds-fall\data\raw\WEDA-FALL-main\dataset\25Hz\D04\U07_R01_accel.csv,U07,R01,D04,25.0,25.0,365,369,14.72,24.70392641571548,25.0,raw_25hz_time_aligned_to_uniform_25hz,True,0,,
weda,C:\Users\ADMIN\Desktop\ds-fall\data\raw\WEDA-FALL-main\dataset\25Hz\D04\U07_R02_accel.csv,U07,R02,D04,25.0,25.0,336,348,13.88,24.41218992834133,25.0,raw_25hz_time_aligned_to_uniform_25hz,True,0,,
weda,C:\Users\ADMIN\Desktop\ds-fall\data\raw\WEDA-FALL-main\dataset\25Hz\D04\U07_R03_accel.csv,U07,R03,D04,25.0,25.0,327,330,13.16,24.730694650649525,25.0,raw_25hz_time_aligned_to_uniform_25hz,True,0,,
weda,C:\Users\ADMIN\Desktop\ds-fall\data\raw\WEDA-FALL-main\dataset\25Hz\D04\U08_R01_accel.csv,U08,R01,D04,25.0,25.0,395,399,15.92,24.767702797822587,25.0,raw_25hz_time_aligned_to_uniform_25hz,True,0,,
weda,C:\Users\ADMIN\Desktop\ds-fall\data\raw\WEDA-FALL-main\dataset\25Hz\D04\U08_R02_accel.csv,U08,R02,D04,25.0,25.0,268,271,10.8,24.653740452975185,25.0,raw_25hz_time_aligned_to_uniform_25hz,True,0,,
weda,C:\Users\ADMIN\Desktop\ds-fall\data\raw\WEDA-FALL-main\dataset\25Hz\D04\U08_R03_accel.csv,U08,R03,D04,25.0,25.0,353,356,14.199999999999998,24.757350940456718,25.000000000000004,raw_25hz_time_aligned_to_uniform_25hz,True,0,,
weda,C:\Users\ADMIN\Desktop\ds-fall\data\raw\WEDA-FALL-main\dataset\25Hz\D04\U09_R01_accel.csv,U09,R01,D04,25.0,25.0,363,366,14.6,24.74368303988924,25.0,raw_25hz_time_aligned_to_uniform_25hz,True,0,,
weda,C:\Users\ADMIN\Desktop\ds-fall\data\raw\WEDA-FALL-main\dataset\25Hz\D04\U09_R02_accel.csv,U09,R02,D04,25.0,25.0,333,335,13.36,24.771500647458396,25.0,raw_25hz_time_aligned_to_uniform_25hz,True,0,,
weda,C:\Users\ADMIN\Desktop\ds-fall\data\raw\WEDA-FALL-main\dataset\25Hz\D04\U09_R03_accel.csv,U09,R03,D04,25.0,25.0,321,323,12.88,24.786986831913246,25.0,raw_25hz_time_aligned_to_uniform_25hz,True,0,,
weda,C:\Users\ADMIN\Desktop\ds-fall\data\raw\WEDA-FALL-main\dataset\25Hz\D04\U10_R01_accel.csv,U10,R01,D04,25.0,25.0,304,306,12.200000000000001,24.80151955772231,24.999999999999996,raw_25hz_time_aligned_to_uniform_25hz,True,0,,
weda,C:\Users\ADMIN\Desktop\ds-fall\data\raw\WEDA-FALL-main\dataset\25Hz\D04\U10_R02_accel.csv,U10,R02,D04,25.0,25.0,245,246,9.8,24.87257900101937,24.999999999999996,raw_25hz_time_aligned_to_uniform_25hz,True,0,,
weda,C:\Users\ADMIN\Desktop\ds-fall\data\raw\WEDA-FALL-main\dataset\25Hz\D04\U10_R03_accel.csv,U10,R03,D04,25.0,25.0,230,231,9.200000000000001,24.815785352144296,24.999999999999996,raw_25hz_time_aligned_to_uniform_25hz,True,0,,
weda,C:\Users\ADMIN\Desktop\ds-fall\data\raw\WEDA-FALL-main\dataset\25Hz\D04\U11_R01_accel.csv,U11,R01,D04,25.0,25.0,362,366,14.6,24.679546831945537,25.0,raw_25hz_time_aligned_to_uniform_25hz,True,0,,
weda,C:\Users\ADMIN\Desktop\ds-fall\data\raw\WEDA-FALL-main\dataset\25Hz\D04\U11_R02_accel.csv,U11,R02,D04,25.0,25.0,346,348,13.88,24.789827441273033,25.0,raw_25hz_time_aligned_to_uniform_25hz,True,0,,
weda,C:\Users\ADMIN\Desktop\ds-fall\data\raw\WEDA-FALL-main\dataset\25Hz\D04\U11_R03_accel.csv,U11,R03,D04,25.0,25.0,321,323,12.879999999999997,24.80427873808232,25.000000000000007,raw_25hz_time_aligned_to_uniform_25hz,True,0,,
weda,C:\Users\ADMIN\Desktop\ds-fall\data\raw\WEDA-FALL-main\dataset\25Hz\D04\U12_R01_accel.csv,U12,R01,D04,25.0,25.0,314,315,12.56,24.842258813972236,25.0,raw_25hz_time_aligned_to_uniform_25hz,True,0,,
weda,C:\Users\ADMIN\Desktop\ds-fall\data\raw\WEDA-FALL-main\dataset\25Hz\D04\U12_R02_accel.csv,U12,R02,D04,25.0,25.0,399,403,16.080000000000002,24.710531098943353,24.999999999999996,raw_25hz_time_aligned_to_uniform_25hz,True,0,,
weda,C:\Users\ADMIN\Desktop\ds-fall\data\raw\WEDA-FALL-main\dataset\25Hz\D04\U12_R03_accel.csv,U12,R03,D04,25.0,25.0,224,226,9.0,24.786508517028842,25.0,raw_25hz_time_aligned_to_uniform_25hz,True,0,,
weda,C:\Users\ADMIN\Desktop\ds-fall\data\raw\WEDA-FALL-main\dataset\25Hz\D04\U13_R01_accel.csv,U13,R01,D04,25.0,25.0,254,256,10.200000000000001,24.786911181387556,24.999999999999996,raw_25hz_time_aligned_to_uniform_25hz,True,0,,
weda,C:\Users\ADMIN\Desktop\ds-fall\data\raw\WEDA-FALL-main\dataset\25Hz\D04\U13_R02_accel.csv,U13,R02,D04,25.0,25.0,232,233,9.28,24.875084489901983,25.0,raw_25hz_time_aligned_to_uniform_25hz,True,0,,
weda,C:\Users\ADMIN\Desktop\ds-fall\data\raw\WEDA-FALL-main\dataset\25Hz\D04\U13_R03_accel.csv,U13,R03,D04,25.0,25.0,269,271,10.8,24.779252476071008,25.0,raw_25hz_time_aligned_to_uniform_25hz,True,0,,
weda,C:\Users\ADMIN\Desktop\ds-fall\data\raw\WEDA-FALL-main\dataset\25Hz\D04\U14_R01_accel.csv,U14,R01,D04,25.0,25.0,291,292,11.64,24.8372732208982,25.0,raw_25hz_time_aligned_to_uniform_25hz,True,0,,
weda,C:\Users\ADMIN\Desktop\ds-fall\data\raw\WEDA-FALL-main\dataset\25Hz\D04\U14_R02_accel.csv,U14,R02,D04,25.0,25.0,274,276,11.0,24.804652212769312,25.0,raw_25hz_time_aligned_to_uniform_25hz,True,0,,
weda,C:\Users\ADMIN\Desktop\ds-fall\data\raw\WEDA-FALL-main\dataset\25Hz\D04\U14_R03_accel.csv,U14,R03,D04,25.0,25.0,302,303,12.08,24.868839973812022,25.0,raw_25hz_time_aligned_to_uniform_25hz,True,0,,
weda,C:\Users\ADMIN\Desktop\ds-fall\data\raw\WEDA-FALL-main\dataset\25Hz\D04\U21_R01_accel.csv,U21,R01,D04,25.0,25.0,380,384,15.32,24.717497053726664,25.0,raw_25hz_time_aligned_to_uniform_25hz,True,0,,
weda,C:\Users\ADMIN\Desktop\ds-fall\data\raw\WEDA-FALL-main\dataset\25Hz\D04\U21_R02_accel.csv,U21,R02,D04,25.0,25.0,318,321,12.8,24.77081233797461,25.0,raw_25hz_time_aligned_to_uniform_25hz,True,0,,
weda,C:\Users\ADMIN\Desktop\ds-fall\data\raw\WEDA-FALL-main\dataset\25Hz\D04\U22_R01_accel.csv,U22,R01,D04,25.0,25.0,442,446,17.8,24.721809588612665,25.0,raw_25hz_time_aligned_to_uniform_25hz,True,0,,
weda,C:\Users\ADMIN\Desktop\ds-fall\data\raw\WEDA-FALL-main\dataset\25Hz\D04\U22_R02_accel.csv,U22,R02,D04,25.0,25.0,319,320,12.76,24.84180923365362,25.0,raw_25hz_time_aligned_to_uniform_25hz,True,0,,
weda,C:\Users\ADMIN\Desktop\ds-fall\data\raw\WEDA-FALL-main\dataset\25Hz\D04\U23_R01_accel.csv,U23,R01,D04,25.0,25.0,247,248,9.88,24.868596936585604,24.999999999999996,raw_25hz_time_aligned_to_uniform_25hz,True,0,,
weda,C:\Users\ADMIN\Desktop\ds-fall\data\raw\WEDA-FALL-main\dataset\25Hz\D04\U23_R02_accel.csv,U23,R02,D04,25.0,25.0,231,233,9.28,24.71258221287937,25.0,raw_25hz_time_aligned_to_uniform_25hz,True,0,,
weda,C:\Users\ADMIN\Desktop\ds-fall\data\raw\WEDA-FALL-main\dataset\25Hz\D04\U24_R01_accel.csv,U24,R01,D04,25.0,25.0,160,161,6.4,24.805013933000104,25.0,raw_25hz_time_aligned_to_uniform_25hz,True,0,,
weda,C:\Users\ADMIN\Desktop\ds-fall\data\raw\WEDA-FALL-main\dataset\25Hz\D04\U24_R02_accel.csv,U24,R02,D04,25.0,25.0,170,170,6.76,24.85294332637918,25.0,raw_25hz_time_aligned_to_uniform_25hz,True,0,,
weda,C:\Users\ADMIN\Desktop\ds-fall\data\raw\WEDA-FALL-main\dataset\25Hz\D04\U24_R03_accel.csv,U24,R03,D04,25.0,25.0,190,191,7.6000000000000005,24.827588884584422,25.0,raw_25hz_time_aligned_to_uniform_25hz,True,0,,
weda,C:\Users\ADMIN\Desktop\ds-fall\data\raw\WEDA-FALL-main\dataset\25Hz\D04\U25_R01_accel.csv,U25,R01,D04,25.0,25.0,266,269,10.72,24.748349245653998,25.0,raw_25hz_time_aligned_to_uniform_25hz,True,0,,
weda,C:\Users\ADMIN\Desktop\ds-fall\data\raw\WEDA-FALL-main\dataset\25Hz\D04\U25_R02_accel.csv,U25,R02,D04,25.0,25.0,321,324,12.92,24.731444070051403,25.0,raw_25hz_time_aligned_to_uniform_25hz,True,0,,
weda,C:\Users\ADMIN\Desktop\ds-fall\data\raw\WEDA-FALL-main\dataset\25Hz\D04\U26_R01_accel.csv,U26,R01,D04,25.0,25.0,229,230,9.16,24.769182573780004,25.0,raw_25hz_time_aligned_to_uniform_25hz,True,0,,
weda,C:\Users\ADMIN\Desktop\ds-fall\data\raw\WEDA-FALL-main\dataset\25Hz\D04\U26_R02_accel.csv,U26,R02,D04,25.0,25.0,238,241,9.6,24.665100082104132,25.0,raw_25hz_time_aligned_to_uniform_25hz,True,0,,
weda,C:\Users\ADMIN\Desktop\ds-fall\data\raw\WEDA-FALL-main\dataset\25Hz\D04\U26_R03_accel.csv,U26,R03,D04,25.0,25.0,173,175,6.96,24.65067309793313,25.0,raw_25hz_time_aligned_to_uniform_25hz,True,0,,
weda,C:\Users\ADMIN\Desktop\ds-fall\data\raw\WEDA-FALL-main\dataset\25Hz\D04\U27_R01_accel.csv,U27,R01,D04,25.0,25.0,229,231,9.200000000000001,24.716933870738274,24.999999999999996,raw_25hz_time_aligned_to_uniform_25hz,True,0,,
weda,C:\Users\ADMIN\Desktop\ds-fall\data\raw\WEDA-FALL-main\dataset\25Hz\D04\U27_R02_accel.csv,U27,R02,D04,25.0,25.0,188,188,7.48,24.87529990115865,25.0,raw_25hz_time_aligned_to_uniform_25hz,True,0,,
weda,C:\Users\ADMIN\Desktop\ds-fall\data\raw\WEDA-FALL-main\dataset\25Hz\D04\U27_R03_accel.csv,U27,R03,D04,25.0,25.0,234,235,9.36,24.811003030337666,25.0,raw_25hz_time_aligned_to_uniform_25hz,True,0,,
weda,C:\Users\ADMIN\Desktop\ds-fall\data\raw\WEDA-FALL-main\dataset\25Hz\D04\U28_R01_accel.csv,U28,R01,D04,25.0,25.0,185,186,7.4,24.746150337169944,25.0,raw_25hz_time_aligned_to_uniform_25hz,True,0,,
weda,C:\Users\ADMIN\Desktop\ds-fall\data\raw\WEDA-FALL-main\dataset\25Hz\D04\U28_R02_accel.csv,U28,R02,D04,25.0,25.0,217,218,8.68,24.803353127639014,25.0,raw_25hz_time_aligned_to_uniform_25hz,True,0,,
weda,C:\Users\ADMIN\Desktop\ds-fall\data\raw\WEDA-FALL-main\dataset\25Hz\D04\U28_R03_accel.csv,U28,R03,D04,25.0,25.0,187,189,7.5200000000000005,24.694636654093124,25.0,raw_25hz_time_aligned_to_uniform_25hz,True,0,,
weda,C:\Users\ADMIN\Desktop\ds-fall\data\raw\WEDA-FALL-main\dataset\25Hz\D04\U29_R01_accel.csv,U29,R01,D04,25.0,25.0,201,201,8.0,24.855548841809888,25.0,raw_25hz_time_aligned_to_uniform_25hz,True,0,,
weda,C:\Users\ADMIN\Desktop\ds-fall\data\raw\WEDA-FALL-main\dataset\25Hz\D04\U29_R02_accel.csv,U29,R02,D04,25.0,25.0,190,201,8.0,24.159134693549248,25.0,raw_25hz_time_aligned_to_uniform_25hz,True,0,,
weda,C:\Users\ADMIN\Desktop\ds-fall\data\raw\WEDA-FALL-main\dataset\25Hz\D04\U29_R03_accel.csv,U29,R03,D04,25.0,25.0,131,131,5.2,24.96878924400728,25.0,raw_25hz_time_aligned_to_uniform_25hz,True,0,,
weda,C:\Users\ADMIN\Desktop\ds-fall\data\raw\WEDA-FALL-main\dataset\25Hz\D04\U30_R01_accel.csv,U30,R01,D04,25.0,25.0,159,158,6.28,25.03367011396753,25.0,raw_25hz_time_aligned_to_uniform_25hz,True,0,,
weda,C:\Users\ADMIN\Desktop\ds-fall\data\raw\WEDA-FALL-main\dataset\25Hz\D04\U30_R02_accel.csv,U30,R02,D04,25.0,25.0,121,121,4.8,24.96359907899016,25.0,raw_25hz_time_aligned_to_uniform_25hz,True,0,,
weda,C:\Users\ADMIN\Desktop\ds-fall\data\raw\WEDA-FALL-main\dataset\25Hz\D04\U30_R03_accel.csv,U30,R03,D04,25.0,25.0,113,112,4.44,25.016753537600763,24.999999999999996,raw_25hz_time_aligned_to_uniform_25hz,True,0,,
weda,C:\Users\ADMIN\Desktop\ds-fall\data\raw\WEDA-FALL-main\dataset\25Hz\D04\U31_R01_accel.csv,U31,R01,D04,25.0,25.0,187,188,7.48,24.88655320625113,25.0,raw_25hz_time_aligned_to_uniform_25hz,True,0,,
weda,C:\Users\ADMIN\Desktop\ds-fall\data\raw\WEDA-FALL-main\dataset\25Hz\D04\U31_R02_accel.csv,U31,R02,D04,25.0,25.0,235,236,9.4,24.85923750567804,25.0,raw_25hz_time_aligned_to_uniform_25hz,True,0,,
weda,C:\Users\ADMIN\Desktop\ds-fall\data\raw\WEDA-FALL-main\dataset\25Hz\D04\U31_R03_accel.csv,U31,R03,D04,25.0,25.0,172,173,6.88,24.813731345658226,25.0,raw_25hz_time_aligned_to_uniform_25hz,True,0,,
weda,C:\Users\ADMIN\Desktop\ds-fall\data\raw\WEDA-FALL-main\dataset\25Hz\D05\U01_R01_accel.csv,U01,R01,D05,25.0,25.0,276,278,11.08,24.73583141366386,25.0,raw_25hz_time_aligned_to_uniform_25hz,True,0,,
weda,C:\Users\ADMIN\Desktop\ds-fall\data\raw\WEDA-FALL-main\dataset\25Hz\D05\U01_R02_accel.csv,U01,R02,D05,25.0,25.0,286,288,11.48,24.7353076444143,25.0,raw_25hz_time_aligned_to_uniform_25hz,True,0,,
weda,C:\Users\ADMIN\Desktop\ds-fall\data\raw\WEDA-FALL-main\dataset\25Hz\D05\U01_R03_accel.csv,U01,R03,D05,25.0,25.0,267,268,10.68,24.819244722503772,25.0,raw_25hz_time_aligned_to_uniform_25hz,True,0,,
weda,C:\Users\ADMIN\Desktop\ds-fall\data\raw\WEDA-FALL-main\dataset\25Hz\D05\U02_R01_accel.csv,U02,R01,D05,25.0,25.0,274,276,11.0,24.728262695553422,25.0,raw_25hz_time_aligned_to_uniform_25hz,True,0,,
weda,C:\Users\ADMIN\Desktop\ds-fall\data\raw\WEDA-FALL-main\dataset\25Hz\D05\U02_R02_accel.csv,U02,R02,D05,25.0,25.0,289,290,11.56,24.85866068882983,25.0,raw_25hz_time_aligned_to_uniform_25hz,True,0,,
weda,C:\Users\ADMIN\Desktop\ds-fall\data\raw\WEDA-FALL-main\dataset\25Hz\D05\U02_R03_accel.csv,U02,R03,D05,25.0,25.0,247,249,9.92,24.746037466838427,25.0,raw_25hz_time_aligned_to_uniform_25hz,True,0,,
weda,C:\Users\ADMIN\Desktop\ds-fall\data\raw\WEDA-FALL-main\dataset\25Hz\D05\U03_R01_accel.csv,U03,R01,D05,25.0,25.0,163,163,6.48,24.93078571066556,25.0,raw_25hz_time_aligned_to_uniform_25hz,True,0,,
weda,C:\Users\ADMIN\Desktop\ds-fall\data\raw\WEDA-FALL-main\dataset\25Hz\D05\U03_R02_accel.csv,U03,R02,D05,25.0,25.0,193,194,7.72,24.809413527876504,25.0,raw_25hz_time_aligned_to_uniform_25hz,True,0,,
weda,C:\Users\ADMIN\Desktop\ds-fall\data\raw\WEDA-FALL-main\dataset\25Hz\D05\U03_R03_accel.csv,U03,R03,D05,25.0,25.0,188,188,7.48,24.98830772162492,25.0,raw_25hz_time_aligned_to_uniform_25hz,True,0,,
weda,C:\Users\ADMIN\Desktop\ds-fall\data\raw\WEDA-FALL-main\dataset\25Hz\D05\U04_R01_accel.csv,U04,R01,D05,25.0,25.0,199,200,7.96,24.756192530342712,25.0,raw_25hz_time_aligned_to_uniform_25hz,True,0,,
weda,C:\Users\ADMIN\Desktop\ds-fall\data\raw\WEDA-FALL-main\dataset\25Hz\D05\U04_R02_accel.csv,U04,R02,D05,25.0,25.0,188,188,7.48,24.893504168507953,25.0,raw_25hz_time_aligned_to_uniform_25hz,True,0,,
weda,C:\Users\ADMIN\Desktop\ds-fall\data\raw\WEDA-FALL-main\dataset\25Hz\D05\U04_R03_accel.csv,U04,R03,D05,25.0,25.0,180,181,7.2,24.82148587971816,25.0,raw_25hz_time_aligned_to_uniform_25hz,True,0,,
weda,C:\Users\ADMIN\Desktop\ds-fall\data\raw\WEDA-FALL-main\dataset\25Hz\D05\U05_R01_accel.csv,U05,R01,D05,25.0,25.0,387,391,15.6,24.759769378603462,25.0,raw_25hz_time_aligned_to_uniform_25hz,True,0,,
weda,C:\Users\ADMIN\Desktop\ds-fall\data\raw\WEDA-FALL-main\dataset\25Hz\D05\U05_R02_accel.csv,U05,R02,D05,25.0,25.0,353,357,14.24,24.702629934458216,25.0,raw_25hz_time_aligned_to_uniform_25hz,True,0,,
weda,C:\Users\ADMIN\Desktop\ds-fall\data\raw\WEDA-FALL-main\dataset\25Hz\D05\U05_R03_accel.csv,U05,R03,D05,25.0,25.0,333,337,13.44,24.67484874471169,25.0,raw_25hz_time_aligned_to_uniform_25hz,True,0,,
weda,C:\Users\ADMIN\Desktop\ds-fall\data\raw\WEDA-FALL-main\dataset\25Hz\D05\U06_R01_accel.csv,U06,R01,D05,25.0,25.0,291,294,11.72,24.726095679437982,25.0,raw_25hz_time_aligned_to_uniform_25hz,True,0,,
weda,C:\Users\ADMIN\Desktop\ds-fall\data\raw\WEDA-FALL-main\dataset\25Hz\D05\U06_R02_accel.csv,U06,R02,D05,25.0,25.0,244,246,9.8,24.78327409766608,24.999999999999996,raw_25hz_time_aligned_to_uniform_25hz,True,0,,
weda,C:\Users\ADMIN\Desktop\ds-fall\data\raw\WEDA-FALL-main\dataset\25Hz\D05\U06_R03_accel.csv,U06,R03,D05,25.0,25.0,308,311,12.4,24.753074017250825,25.0,raw_25hz_time_aligned_to_uniform_25hz,True,0,,
weda,C:\Users\ADMIN\Desktop\ds-fall\data\raw\WEDA-FALL-main\dataset\25Hz\D05\U07_R01_accel.csv,U07,R01,D05,25.0,25.0,227,228,9.08,24.877810768528462,25.0,raw_25hz_time_aligned_to_uniform_25hz,True,0,,
weda,C:\Users\ADMIN\Desktop\ds-fall\data\raw\WEDA-FALL-main\dataset\25Hz\D05\U07_R02_accel.csv,U07,R02,D05,25.0,25.0,217,218,8.68,24.786285620380056,25.0,raw_25hz_time_aligned_to_uniform_25hz,True,0,,
weda,C:\Users\ADMIN\Desktop\ds-fall\data\raw\WEDA-FALL-main\dataset\25Hz\D05\U07_R03_accel.csv,U07,R03,D05,25.0,25.0,241,243,9.68,24.7320692497939,25.0,raw_25hz_time_aligned_to_uniform_25hz,True,0,,
weda,C:\Users\ADMIN\Desktop\ds-fall\data\raw\WEDA-FALL-main\dataset\25Hz\D05\U08_R01_accel.csv,U08,R01,D05,25.0,25.0,454,458,18.28,24.777793138212278,25.0,raw_25hz_time_aligned_to_uniform_25hz,True,0,,
weda,C:\Users\ADMIN\Desktop\ds-fall\data\raw\WEDA-FALL-main\dataset\25Hz\D05\U08_R02_accel.csv,U08,R02,D05,25.0,25.0,249,250,9.96,24.85592639490806,24.999999999999996,raw_25hz_time_aligned_to_uniform_25hz,True,0,,
weda,C:\Users\ADMIN\Desktop\ds-fall\data\raw\WEDA-FALL-main\dataset\25Hz\D05\U08_R03_accel.csv,U08,R03,D05,25.0,25.0,289,291,11.6,24.793389164744188,25.0,raw_25hz_time_aligned_to_uniform_25hz,True,0,,
weda,C:\Users\ADMIN\Desktop\ds-fall\data\raw\WEDA-FALL-main\dataset\25Hz\D05\U09_R01_accel.csv,U09,R01,D05,25.0,25.0,210,211,8.4,24.823352101179232,25.0,raw_25hz_time_aligned_to_uniform_25hz,True,0,,
weda,C:\Users\ADMIN\Desktop\ds-fall\data\raw\WEDA-FALL-main\dataset\25Hz\D05\U09_R02_accel.csv,U09,R02,D05,25.0,25.0,212,213,8.48,24.824989791186503,25.0,raw_25hz_time_aligned_to_uniform_25hz,True,0,,
weda,C:\Users\ADMIN\Desktop\ds-fall\data\raw\WEDA-FALL-main\dataset\25Hz\D05\U09_R03_accel.csv,U09,R03,D05,25.0,25.0,202,203,8.08,24.796447453617553,25.0,raw_25hz_time_aligned_to_uniform_25hz,True,0,,
weda,C:\Users\ADMIN\Desktop\ds-fall\data\raw\WEDA-FALL-main\dataset\25Hz\D05\U10_R01_accel.csv,U10,R01,D05,25.0,25.0,222,224,8.92,24.685842020592695,25.0,raw_25hz_time_aligned_to_uniform_25hz,True,0,,
weda,C:\Users\ADMIN\Desktop\ds-fall\data\raw\WEDA-FALL-main\dataset\25Hz\D05\U10_R02_accel.csv,U10,R02,D05,25.0,25.0,226,228,9.08,24.77204743429185,25.0,raw_25hz_time_aligned_to_uniform_25hz,True,0,,
weda,C:\Users\ADMIN\Desktop\ds-fall\data\raw\WEDA-FALL-main\dataset\25Hz\D05\U10_R03_accel.csv,U10,R03,D05,25.0,25.0,217,219,8.72,24.747938971340538,24.999999999999996,raw_25hz_time_aligned_to_uniform_25hz,True,0,,
weda,C:\Users\ADMIN\Desktop\ds-fall\data\raw\WEDA-FALL-main\dataset\25Hz\D05\U11_R01_accel.csv,U11,R01,D05,25.0,25.0,202,204,8.120000000000001,24.81221524442803,24.999999999999996,raw_25hz_time_aligned_to_uniform_25hz,True,0,,
weda,C:\Users\ADMIN\Desktop\ds-fall\data\raw\WEDA-FALL-main\dataset\25Hz\D05\U11_R02_accel.csv,U11,R02,D05,25.0,25.0,207,208,8.28,24.786429061419433,25.000000000000004,raw_25hz_time_aligned_to_uniform_25hz,True,0,,
weda,C:\Users\ADMIN\Desktop\ds-fall\data\raw\WEDA-FALL-main\dataset\25Hz\D05\U11_R03_accel.csv,U11,R03,D05,25.0,25.0,237,238,9.48,24.859129645862375,25.0,raw_25hz_time_aligned_to_uniform_25hz,True,0,,
weda,C:\Users\ADMIN\Desktop\ds-fall\data\raw\WEDA-FALL-main\dataset\25Hz\D05\U12_R01_accel.csv,U12,R01,D05,25.0,25.0,210,212,8.44,24.73227899580832,25.0,raw_25hz_time_aligned_to_uniform_25hz,True,0,,
weda,C:\Users\ADMIN\Desktop\ds-fall\data\raw\WEDA-FALL-main\dataset\25Hz\D05\U12_R02_accel.csv,U12,R02,D05,25.0,25.0,264,266,10.6,24.759932435605794,25.0,raw_25hz_time_aligned_to_uniform_25hz,True,0,,
weda,C:\Users\ADMIN\Desktop\ds-fall\data\raw\WEDA-FALL-main\dataset\25Hz\D05\U12_R03_accel.csv,U12,R03,D05,25.0,25.0,225,226,9.0,24.857136263771608,25.0,raw_25hz_time_aligned_to_uniform_25hz,True,0,,
weda,C:\Users\ADMIN\Desktop\ds-fall\data\raw\WEDA-FALL-main\dataset\25Hz\D05\U13_R01_accel.csv,U13,R01,D05,25.0,25.0,224,225,8.96,24.855407229401067,24.999999999999996,raw_25hz_time_aligned_to_uniform_25hz,True,0,,
weda,C:\Users\ADMIN\Desktop\ds-fall\data\raw\WEDA-FALL-main\dataset\25Hz\D05\U13_R02_accel.csv,U13,R02,D05,25.0,25.0,209,211,8.4,24.70082958177334,25.0,raw_25hz_time_aligned_to_uniform_25hz,True,0,,
weda,C:\Users\ADMIN\Desktop\ds-fall\data\raw\WEDA-FALL-main\dataset\25Hz\D05\U13_R03_accel.csv,U13,R03,D05,25.0,25.0,210,211,8.4,24.80125647994808,25.0,raw_25hz_time_aligned_to_uniform_25hz,True,0,,
weda,C:\Users\ADMIN\Desktop\ds-fall\data\raw\WEDA-FALL-main\dataset\25Hz\D05\U14_R01_accel.csv,U14,R01,D05,25.0,25.0,249,251,10.0,24.717197450128747,25.0,raw_25hz_time_aligned_to_uniform_25hz,True,0,,
weda,C:\Users\ADMIN\Desktop\ds-fall\data\raw\WEDA-FALL-main\dataset\25Hz\D05\U14_R02_accel.csv,U14,R02,D05,25.0,25.0,308,311,12.4,24.738114423851734,25.0,raw_25hz_time_aligned_to_uniform_25hz,True,0,,
weda,C:\Users\ADMIN\Desktop\ds-fall\data\raw\WEDA-FALL-main\dataset\25Hz\D05\U14_R03_accel.csv,U14,R03,D05,25.0,25.0,247,248,9.88,24.817177909165366,24.999999999999996,raw_25hz_time_aligned_to_uniform_25hz,True,0,,
weda,C:\Users\ADMIN\Desktop\ds-fall\data\raw\WEDA-FALL-main\dataset\25Hz\D06\U01_R01_accel.csv,U01,R01,D06,25.0,25.0,484,488,19.48,24.767325736868884,25.0,raw_25hz_time_aligned_to_uniform_25hz,True,0,,
weda,C:\Users\ADMIN\Desktop\ds-fall\data\raw\WEDA-FALL-main\dataset\25Hz\D06\U01_R02_accel.csv,U01,R02,D06,25.0,25.0,583,589,23.52,24.738587273916927,25.0,raw_25hz_time_aligned_to_uniform_25hz,True,0,,
weda,C:\Users\ADMIN\Desktop\ds-fall\data\raw\WEDA-FALL-main\dataset\25Hz\D06\U01_R03_accel.csv,U01,R03,D06,25.0,25.0,573,579,23.12,24.72604757792996,25.0,raw_25hz_time_aligned_to_uniform_25hz,True,0,,
weda,C:\Users\ADMIN\Desktop\ds-fall\data\raw\WEDA-FALL-main\dataset\25Hz\D06\U02_R01_accel.csv,U02,R01,D06,25.0,25.0,573,578,23.080000000000002,24.746372263282353,24.999999999999996,raw_25hz_time_aligned_to_uniform_25hz,True,0,,
weda,C:\Users\ADMIN\Desktop\ds-fall\data\raw\WEDA-FALL-main\dataset\25Hz\D06\U02_R02_accel.csv,U02,R02,D06,25.0,25.0,487,492,19.64,24.739119945725555,25.0,raw_25hz_time_aligned_to_uniform_25hz,True,0,,
weda,C:\Users\ADMIN\Desktop\ds-fall\data\raw\WEDA-FALL-main\dataset\25Hz\D06\U02_R03_accel.csv,U02,R03,D06,25.0,25.0,477,480,19.16,24.80071101538545,25.0,raw_25hz_time_aligned_to_uniform_25hz,True,0,,
weda,C:\Users\ADMIN\Desktop\ds-fall\data\raw\WEDA-FALL-main\dataset\25Hz\D06\U03_R01_accel.csv,U03,R01,D06,25.0,25.0,327,330,13.159999999999998,24.769562000060986,25.000000000000004,raw_25hz_time_aligned_to_uniform_25hz,True,0,,
weda,C:\Users\ADMIN\Desktop\ds-fall\data\raw\WEDA-FALL-main\dataset\25Hz\D06\U03_R02_accel.csv,U03,R02,D06,25.0,25.0,328,331,13.200000000000001,24.710952155820625,24.999999999999996,raw_25hz_time_aligned_to_uniform_25hz,True,0,,
weda,C:\Users\ADMIN\Desktop\ds-fall\data\raw\WEDA-FALL-main\dataset\25Hz\D06\U03_R03_accel.csv,U03,R03,D06,25.0,25.0,330,332,13.24,24.784363841054713,25.0,raw_25hz_time_aligned_to_uniform_25hz,True,0,,
weda,C:\Users\ADMIN\Desktop\ds-fall\data\raw\WEDA-FALL-main\dataset\25Hz\D06\U04_R01_accel.csv,U04,R01,D06,25.0,25.0,239,241,9.6,24.723427797236184,25.0,raw_25hz_time_aligned_to_uniform_25hz,True,0,,
weda,C:\Users\ADMIN\Desktop\ds-fall\data\raw\WEDA-FALL-main\dataset\25Hz\D06\U04_R02_accel.csv,U04,R02,D06,25.0,25.0,254,254,10.120000000000001,24.87588385185247,24.999999999999996,raw_25hz_time_aligned_to_uniform_25hz,True,0,,
weda,C:\Users\ADMIN\Desktop\ds-fall\data\raw\WEDA-FALL-main\dataset\25Hz\D06\U04_R03_accel.csv,U04,R03,D06,25.0,25.0,242,243,9.68,24.800618033687755,25.0,raw_25hz_time_aligned_to_uniform_25hz,True,0,,
weda,C:\Users\ADMIN\Desktop\ds-fall\data\raw\WEDA-FALL-main\dataset\25Hz\D06\U05_R01_accel.csv,U05,R01,D06,25.0,25.0,518,522,20.84,24.762315996299712,25.0,raw_25hz_time_aligned_to_uniform_25hz,True,0,,
weda,C:\Users\ADMIN\Desktop\ds-fall\data\raw\WEDA-FALL-main\dataset\25Hz\D06\U05_R02_accel.csv,U05,R02,D06,25.0,25.0,600,607,24.240000000000002,24.701034330166912,24.999999999999996,raw_25hz_time_aligned_to_uniform_25hz,True,0,,
weda,C:\Users\ADMIN\Desktop\ds-fall\data\raw\WEDA-FALL-main\dataset\25Hz\D06\U05_R03_accel.csv,U05,R03,D06,25.0,25.0,583,589,23.52,24.780298547172528,25.0,raw_25hz_time_aligned_to_uniform_25hz,True,0,,
weda,C:\Users\ADMIN\Desktop\ds-fall\data\raw\WEDA-FALL-main\dataset\25Hz\D06\U06_R01_accel.csv,U06,R01,D06,25.0,25.0,282,283,11.28,24.869458253308007,25.0,raw_25hz_time_aligned_to_uniform_25hz,True,0,,
weda,C:\Users\ADMIN\Desktop\ds-fall\data\raw\WEDA-FALL-main\dataset\25Hz\D06\U06_R02_accel.csv,U06,R02,D06,25.0,25.0,299,301,12.0,24.78479648316553,25.0,raw_25hz_time_aligned_to_uniform_25hz,True,0,,
weda,C:\Users\ADMIN\Desktop\ds-fall\data\raw\WEDA-FALL-main\dataset\25Hz\D06\U06_R03_accel.csv,U06,R03,D06,25.0,25.0,323,325,12.959999999999997,24.78544489203563,25.000000000000004,raw_25hz_time_aligned_to_uniform_25hz,True,0,,
weda,C:\Users\ADMIN\Desktop\ds-fall\data\raw\WEDA-FALL-main\dataset\25Hz\D06\U07_R01_accel.csv,U07,R01,D06,25.0,25.0,296,299,11.92,24.733801613493632,25.0,raw_25hz_time_aligned_to_uniform_25hz,True,0,,
weda,C:\Users\ADMIN\Desktop\ds-fall\data\raw\WEDA-FALL-main\dataset\25Hz\D06\U07_R02_accel.csv,U07,R02,D06,25.0,25.0,332,336,13.4,24.676182741980817,25.0,raw_25hz_time_aligned_to_uniform_25hz,True,0,,
weda,C:\Users\ADMIN\Desktop\ds-fall\data\raw\WEDA-FALL-main\dataset\25Hz\D06\U07_R03_accel.csv,U07,R03,D06,25.0,25.0,386,389,15.52,24.78673751160145,25.0,raw_25hz_time_aligned_to_uniform_25hz,True,0,,
weda,C:\Users\ADMIN\Desktop\ds-fall\data\raw\WEDA-FALL-main\dataset\25Hz\D06\U08_R01_accel.csv,U08,R01,D06,25.0,25.0,420,423,16.88,24.813455281172356,25.0,raw_25hz_time_aligned_to_uniform_25hz,True,0,,
weda,C:\Users\ADMIN\Desktop\ds-fall\data\raw\WEDA-FALL-main\dataset\25Hz\D06\U08_R02_accel.csv,U08,R02,D06,25.0,25.0,269,271,10.8,24.733519101417585,25.0,raw_25hz_time_aligned_to_uniform_25hz,True,0,,
weda,C:\Users\ADMIN\Desktop\ds-fall\data\raw\WEDA-FALL-main\dataset\25Hz\D06\U08_R03_accel.csv,U08,R03,D06,25.0,25.0,445,448,17.88,24.801698830786208,25.0,raw_25hz_time_aligned_to_uniform_25hz,True,0,,
weda,C:\Users\ADMIN\Desktop\ds-fall\data\raw\WEDA-FALL-main\dataset\25Hz\D06\U09_R01_accel.csv,U09,R01,D06,25.0,25.0,423,425,16.96,24.849841094294234,25.0,raw_25hz_time_aligned_to_uniform_25hz,True,0,,
weda,C:\Users\ADMIN\Desktop\ds-fall\data\raw\WEDA-FALL-main\dataset\25Hz\D06\U09_R02_accel.csv,U09,R02,D06,25.0,25.0,377,380,15.16,24.75801683217299,25.0,raw_25hz_time_aligned_to_uniform_25hz,True,0,,
weda,C:\Users\ADMIN\Desktop\ds-fall\data\raw\WEDA-FALL-main\dataset\25Hz\D06\U09_R03_accel.csv,U09,R03,D06,25.0,25.0,316,319,12.72,24.74178223193166,25.0,raw_25hz_time_aligned_to_uniform_25hz,True,0,,
weda,C:\Users\ADMIN\Desktop\ds-fall\data\raw\WEDA-FALL-main\dataset\25Hz\D06\U10_R01_accel.csv,U10,R01,D06,25.0,25.0,291,293,11.68,24.7852659942903,25.0,raw_25hz_time_aligned_to_uniform_25hz,True,0,,
weda,C:\Users\ADMIN\Desktop\ds-fall\data\raw\WEDA-FALL-main\dataset\25Hz\D06\U10_R02_accel.csv,U10,R02,D06,25.0,25.0,289,291,11.6,24.808338542251,25.0,raw_25hz_time_aligned_to_uniform_25hz,True,0,,
weda,C:\Users\ADMIN\Desktop\ds-fall\data\raw\WEDA-FALL-main\dataset\25Hz\D06\U10_R03_accel.csv,U10,R03,D06,25.0,25.0,314,316,12.6,24.760703185589406,25.0,raw_25hz_time_aligned_to_uniform_25hz,True,0,,
weda,C:\Users\ADMIN\Desktop\ds-fall\data\raw\WEDA-FALL-main\dataset\25Hz\D06\U11_R01_accel.csv,U11,R01,D06,25.0,25.0,330,333,13.280000000000001,24.75581548025916,24.999999999999996,raw_25hz_time_aligned_to_uniform_25hz,True,0,,
weda,C:\Users\ADMIN\Desktop\ds-fall\data\raw\WEDA-FALL-main\dataset\25Hz\D06\U11_R02_accel.csv,U11,R02,D06,25.0,25.0,338,341,13.6,24.745750299538656,25.0,raw_25hz_time_aligned_to_uniform_25hz,True,0,,
weda,C:\Users\ADMIN\Desktop\ds-fall\data\raw\WEDA-FALL-main\dataset\25Hz\D06\U11_R03_accel.csv,U11,R03,D06,25.0,25.0,284,286,11.4,24.80715306579068,25.0,raw_25hz_time_aligned_to_uniform_25hz,True,0,,
weda,C:\Users\ADMIN\Desktop\ds-fall\data\raw\WEDA-FALL-main\dataset\25Hz\D06\U12_R01_accel.csv,U12,R01,D06,25.0,25.0,291,293,11.68,24.7852659942903,25.0,raw_25hz_time_aligned_to_uniform_25hz,True,0,,
weda,C:\Users\ADMIN\Desktop\ds-fall\data\raw\WEDA-FALL-main\dataset\25Hz\D06\U12_R02_accel.csv,U12,R02,D06,25.0,25.0,244,245,9.76,24.79845114566914,25.0,raw_25hz_time_aligned_to_uniform_25hz,True,0,,
weda,C:\Users\ADMIN\Desktop\ds-fall\data\raw\WEDA-FALL-main\dataset\25Hz\D06\U12_R03_accel.csv,U12,R03,D06,25.0,25.0,208,207,8.24,24.99698432162228,25.0,raw_25hz_time_aligned_to_uniform_25hz,True,0,,
weda,C:\Users\ADMIN\Desktop\ds-fall\data\raw\WEDA-FALL-main\dataset\25Hz\D06\U13_R01_accel.csv,U13,R01,D06,25.0,25.0,375,378,15.08,24.778058485109966,25.0,raw_25hz_time_aligned_to_uniform_25hz,True,0,,
weda,C:\Users\ADMIN\Desktop\ds-fall\data\raw\WEDA-FALL-main\dataset\25Hz\D06\U13_R02_accel.csv,U13,R02,D06,25.0,25.0,360,363,14.48,24.811083195412678,25.0,raw_25hz_time_aligned_to_uniform_25hz,True,0,,
weda,C:\Users\ADMIN\Desktop\ds-fall\data\raw\WEDA-FALL-main\dataset\25Hz\D06\U13_R03_accel.csv,U13,R03,D06,25.0,25.0,415,419,16.72,24.737832772820727,25.0,raw_25hz_time_aligned_to_uniform_25hz,True,0,,
weda,C:\Users\ADMIN\Desktop\ds-fall\data\raw\WEDA-FALL-main\dataset\25Hz\D06\U14_R01_accel.csv,U14,R01,D06,25.0,25.0,328,322,12.84,25.17691345663557,25.0,raw_25hz_time_aligned_to_uniform_25hz,True,0,,
weda,C:\Users\ADMIN\Desktop\ds-fall\data\raw\WEDA-FALL-main\dataset\25Hz\D06\U14_R02_accel.csv,U14,R02,D06,25.0,25.0,289,291,11.6,24.79979407061742,25.0,raw_25hz_time_aligned_to_uniform_25hz,True,0,,
weda,C:\Users\ADMIN\Desktop\ds-fall\data\raw\WEDA-FALL-main\dataset\25Hz\D06\U14_R03_accel.csv,U14,R03,D06,25.0,25.0,344,346,13.8,24.811927658229955,25.0,raw_25hz_time_aligned_to_uniform_25hz,True,0,,
weda,C:\Users\ADMIN\Desktop\ds-fall\data\raw\WEDA-FALL-main\dataset\25Hz\D07\U01_R01_accel.csv,U01,R01,D07,25.0,25.0,227,228,9.08,24.79157793726504,25.0,raw_25hz_time_aligned_to_uniform_25hz,True,0,,
weda,C:\Users\ADMIN\Desktop\ds-fall\data\raw\WEDA-FALL-main\dataset\25Hz\D07\U01_R02_accel.csv,U01,R02,D07,25.0,25.0,274,276,11.0,24.855729839120905,25.0,raw_25hz_time_aligned_to_uniform_25hz,True,0,,
weda,C:\Users\ADMIN\Desktop\ds-fall\data\raw\WEDA-FALL-main\dataset\25Hz\D07\U01_R03_accel.csv,U01,R03,D07,25.0,25.0,276,279,11.120000000000001,24.683604294859734,24.999999999999996,raw_25hz_time_aligned_to_uniform_25hz,True,0,,
weda,C:\Users\ADMIN\Desktop\ds-fall\data\raw\WEDA-FALL-main\dataset\25Hz\D07\U02_R01_accel.csv,U02,R01,D07,25.0,25.0,249,251,10.0,24.765334714078218,25.0,raw_25hz_time_aligned_to_uniform_25hz,True,0,,
weda,C:\Users\ADMIN\Desktop\ds-fall\data\raw\WEDA-FALL-main\dataset\25Hz\D07\U02_R02_accel.csv,U02,R02,D07,25.0,25.0,214,215,8.56,24.812163558116836,25.0,raw_25hz_time_aligned_to_uniform_25hz,True,0,,
weda,C:\Users\ADMIN\Desktop\ds-fall\data\raw\WEDA-FALL-main\dataset\25Hz\D07\U02_R03_accel.csv,U02,R03,D07,25.0,25.0,259,260,10.36,24.83395922518135,25.0,raw_25hz_time_aligned_to_uniform_25hz,True,0,,
weda,C:\Users\ADMIN\Desktop\ds-fall\data\raw\WEDA-FALL-main\dataset\25Hz\D07\U03_R01_accel.csv,U03,R01,D07,25.0,25.0,170,171,6.8,24.821917130906932,25.0,raw_25hz_time_aligned_to_uniform_25hz,True,0,,
weda,C:\Users\ADMIN\Desktop\ds-fall\data\raw\WEDA-FALL-main\dataset\25Hz\D07\U03_R02_accel.csv,U03,R02,D07,25.0,25.0,161,161,6.4,24.94354212297172,25.0,raw_25hz_time_aligned_to_uniform_25hz,True,0,,
weda,C:\Users\ADMIN\Desktop\ds-fall\data\raw\WEDA-FALL-main\dataset\25Hz\D07\U03_R03_accel.csv,U03,R03,D07,25.0,25.0,165,165,6.5600000000000005,24.91454628883278,24.999999999999996,raw_25hz_time_aligned_to_uniform_25hz,True,0,,
weda,C:\Users\ADMIN\Desktop\ds-fall\data\raw\WEDA-FALL-main\dataset\25Hz\D07\U04_R01_accel.csv,U04,R01,D07,25.0,25.0,215,216,8.6,24.85049137698423,25.0,raw_25hz_time_aligned_to_uniform_25hz,True,0,,
weda,C:\Users\ADMIN\Desktop\ds-fall\data\raw\WEDA-FALL-main\dataset\25Hz\D07\U04_R02_accel.csv,U04,R02,D07,25.0,25.0,192,194,7.72,24.72012000241211,25.0,raw_25hz_time_aligned_to_uniform_25hz,True,0,,
weda,C:\Users\ADMIN\Desktop\ds-fall\data\raw\WEDA-FALL-main\dataset\25Hz\D07\U04_R03_accel.csv,U04,R03,D07,25.0,25.0,170,171,6.8,24.734724938946798,25.0,raw_25hz_time_aligned_to_uniform_25hz,True,0,,
weda,C:\Users\ADMIN\Desktop\ds-fall\data\raw\WEDA-FALL-main\dataset\25Hz\D07\U05_R01_accel.csv,U05,R01,D07,25.0,25.0,343,346,13.8,24.770364840750794,25.0,raw_25hz_time_aligned_to_uniform_25hz,True,0,,
weda,C:\Users\ADMIN\Desktop\ds-fall\data\raw\WEDA-FALL-main\dataset\25Hz\D07\U05_R02_accel.csv,U05,R02,D07,25.0,25.0,298,301,12.0,24.77309447267797,25.0,raw_25hz_time_aligned_to_uniform_25hz,True,0,,
weda,C:\Users\ADMIN\Desktop\ds-fall\data\raw\WEDA-FALL-main\dataset\25Hz\D07\U05_R03_accel.csv,U05,R03,D07,25.0,25.0,324,327,13.040000000000001,24.751906530344733,25.0,raw_25hz_time_aligned_to_uniform_25hz,True,0,,
weda,C:\Users\ADMIN\Desktop\ds-fall\data\raw\WEDA-FALL-main\dataset\25Hz\D07\U06_R01_accel.csv,U06,R01,D07,25.0,25.0,276,279,11.120000000000001,24.740804612161764,24.999999999999996,raw_25hz_time_aligned_to_uniform_25hz,True,0,,
weda,C:\Users\ADMIN\Desktop\ds-fall\data\raw\WEDA-FALL-main\dataset\25Hz\D07\U06_R02_accel.csv,U06,R02,D07,25.0,25.0,214,216,8.6,24.709185202615743,25.0,raw_25hz_time_aligned_to_uniform_25hz,True,0,,
weda,C:\Users\ADMIN\Desktop\ds-fall\data\raw\WEDA-FALL-main\dataset\25Hz\D07\U06_R03_accel.csv,U06,R03,D07,25.0,25.0,262,263,10.48,24.89270590053691,25.0,raw_25hz_time_aligned_to_uniform_25hz,True,0,,
weda,C:\Users\ADMIN\Desktop\ds-fall\data\raw\WEDA-FALL-main\dataset\25Hz\D07\U07_R01_accel.csv,U07,R01,D07,25.0,25.0,202,203,8.08,24.776579446968377,25.0,raw_25hz_time_aligned_to_uniform_25hz,True,0,,
weda,C:\Users\ADMIN\Desktop\ds-fall\data\raw\WEDA-FALL-main\dataset\25Hz\D07\U07_R02_accel.csv,U07,R02,D07,25.0,25.0,259,261,10.4,24.732780577361137,25.0,raw_25hz_time_aligned_to_uniform_25hz,True,0,,
weda,C:\Users\ADMIN\Desktop\ds-fall\data\raw\WEDA-FALL-main\dataset\25Hz\D07\U07_R03_accel.csv,U07,R03,D07,25.0,25.0,237,238,9.48,24.814690104434774,25.0,raw_25hz_time_aligned_to_uniform_25hz,True,0,,
weda,C:\Users\ADMIN\Desktop\ds-fall\data\raw\WEDA-FALL-main\dataset\25Hz\D07\U08_R01_accel.csv,U08,R01,D07,25.0,25.0,289,291,11.6,24.809406946142396,25.0,raw_25hz_time_aligned_to_uniform_25hz,True,0,,
weda,C:\Users\ADMIN\Desktop\ds-fall\data\raw\WEDA-FALL-main\dataset\25Hz\D07\U08_R02_accel.csv,U08,R02,D07,25.0,25.0,225,226,9.0,24.841967926708733,25.0,raw_25hz_time_aligned_to_uniform_25hz,True,0,,
weda,C:\Users\ADMIN\Desktop\ds-fall\data\raw\WEDA-FALL-main\dataset\25Hz\D07\U08_R03_accel.csv,U08,R03,D07,25.0,25.0,257,258,10.28,24.832693848446425,25.0,raw_25hz_time_aligned_to_uniform_25hz,True,0,,
weda,C:\Users\ADMIN\Desktop\ds-fall\data\raw\WEDA-FALL-main\dataset\25Hz\D07\U09_R01_accel.csv,U09,R01,D07,25.0,25.0,329,330,13.16,24.863570956206928,25.0,raw_25hz_time_aligned_to_uniform_25hz,True,0,,
weda,C:\Users\ADMIN\Desktop\ds-fall\data\raw\WEDA-FALL-main\dataset\25Hz\D07\U09_R02_accel.csv,U09,R02,D07,25.0,25.0,267,269,10.72,24.79263558349063,25.0,raw_25hz_time_aligned_to_uniform_25hz,True,0,,
weda,C:\Users\ADMIN\Desktop\ds-fall\data\raw\WEDA-FALL-main\dataset\25Hz\D07\U09_R03_accel.csv,U09,R03,D07,25.0,25.0,264,265,10.56,24.827718407822932,25.0,raw_25hz_time_aligned_to_uniform_25hz,True,0,,
weda,C:\Users\ADMIN\Desktop\ds-fall\data\raw\WEDA-FALL-main\dataset\25Hz\D07\U10_R01_accel.csv,U10,R01,D07,25.0,25.0,195,196,7.8,24.798674233635275,25.0,raw_25hz_time_aligned_to_uniform_25hz,True,0,,
weda,C:\Users\ADMIN\Desktop\ds-fall\data\raw\WEDA-FALL-main\dataset\25Hz\D07\U10_R02_accel.csv,U10,R02,D07,25.0,25.0,200,202,8.040000000000001,24.719003604974755,24.999999999999996,raw_25hz_time_aligned_to_uniform_25hz,True,0,,
weda,C:\Users\ADMIN\Desktop\ds-fall\data\raw\WEDA-FALL-main\dataset\25Hz\D07\U10_R03_accel.csv,U10,R03,D07,25.0,25.0,230,231,9.200000000000001,24.805049570547222,24.999999999999996,raw_25hz_time_aligned_to_uniform_25hz,True,0,,
weda,C:\Users\ADMIN\Desktop\ds-fall\data\raw\WEDA-FALL-main\dataset\25Hz\D07\U11_R01_accel.csv,U11,R01,D07,25.0,25.0,217,218,8.68,24.799082823052423,25.0,raw_25hz_time_aligned_to_uniform_25hz,True,0,,
weda,C:\Users\ADMIN\Desktop\ds-fall\data\raw\WEDA-FALL-main\dataset\25Hz\D07\U11_R02_accel.csv,U11,R02,D07,25.0,25.0,276,279,11.120000000000001,24.71741113617188,24.999999999999996,raw_25hz_time_aligned_to_uniform_25hz,True,0,,
weda,C:\Users\ADMIN\Desktop\ds-fall\data\raw\WEDA-FALL-main\dataset\25Hz\D07\U11_R03_accel.csv,U11,R03,D07,25.0,25.0,205,206,8.2,24.831505927138416,25.000000000000004,raw_25hz_time_aligned_to_uniform_25hz,True,0,,
weda,C:\Users\ADMIN\Desktop\ds-fall\data\raw\WEDA-FALL-main\dataset\25Hz\D07\U12_R01_accel.csv,U12,R01,D07,25.0,25.0,163,164,6.5200000000000005,24.81238486833424,25.0,raw_25hz_time_aligned_to_uniform_25hz,True,0,,
weda,C:\Users\ADMIN\Desktop\ds-fall\data\raw\WEDA-FALL-main\dataset\25Hz\D07\U12_R02_accel.csv,U12,R02,D07,25.0,25.0,168,168,6.68,24.945851210931373,25.0,raw_25hz_time_aligned_to_uniform_25hz,True,0,,
weda,C:\Users\ADMIN\Desktop\ds-fall\data\raw\WEDA-FALL-main\dataset\25Hz\D07\U12_R03_accel.csv,U12,R03,D07,25.0,25.0,182,183,7.28,24.78489334842773,25.0,raw_25hz_time_aligned_to_uniform_25hz,True,0,,
weda,C:\Users\ADMIN\Desktop\ds-fall\data\raw\WEDA-FALL-main\dataset\25Hz\D07\U13_R01_accel.csv,U13,R01,D07,25.0,25.0,197,198,7.879999999999999,24.8262648394252,25.000000000000004,raw_25hz_time_aligned_to_uniform_25hz,True,0,,
weda,C:\Users\ADMIN\Desktop\ds-fall\data\raw\WEDA-FALL-main\dataset\25Hz\D07\U13_R02_accel.csv,U13,R02,D07,25.0,25.0,207,209,8.32,24.726924963659606,25.0,raw_25hz_time_aligned_to_uniform_25hz,True,0,,
weda,C:\Users\ADMIN\Desktop\ds-fall\data\raw\WEDA-FALL-main\dataset\25Hz\D07\U13_R03_accel.csv,U13,R03,D07,25.0,25.0,167,168,6.68,24.817381086867577,25.0,raw_25hz_time_aligned_to_uniform_25hz,True,0,,
weda,C:\Users\ADMIN\Desktop\ds-fall\data\raw\WEDA-FALL-main\dataset\25Hz\D07\U14_R01_accel.csv,U14,R01,D07,25.0,25.0,244,246,9.8,24.77948306038961,24.999999999999996,raw_25hz_time_aligned_to_uniform_25hz,True,0,,
weda,C:\Users\ADMIN\Desktop\ds-fall\data\raw\WEDA-FALL-main\dataset\25Hz\D07\U14_R02_accel.csv,U14,R02,D07,25.0,25.0,289,292,11.64,24.739080061097724,25.0,raw_25hz_time_aligned_to_uniform_25hz,True,0,,
weda,C:\Users\ADMIN\Desktop\ds-fall\data\raw\WEDA-FALL-main\dataset\25Hz\D07\U14_R03_accel.csv,U14,R03,D07,25.0,25.0,264,265,10.56,24.810150519797883,25.0,raw_25hz_time_aligned_to_uniform_25hz,True,0,,
weda,C:\Users\ADMIN\Desktop\ds-fall\data\raw\WEDA-FALL-main\dataset\25Hz\D08\U01_R01_accel.csv,U01,R01,D08,25.0,25.0,215,216,8.6,24.78429564162314,25.0,raw_25hz_time_aligned_to_uniform_25hz,True,0,,
weda,C:\Users\ADMIN\Desktop\ds-fall\data\raw\WEDA-FALL-main\dataset\25Hz\D08\U01_R02_accel.csv,U01,R02,D08,25.0,25.0,203,204,8.120000000000001,24.76767221443952,24.999999999999996,raw_25hz_time_aligned_to_uniform_25hz,True,0,,
weda,C:\Users\ADMIN\Desktop\ds-fall\data\raw\WEDA-FALL-main\dataset\25Hz\D08\U01_R03_accel.csv,U01,R03,D08,25.0,25.0,222,224,8.92,24.741113987399558,25.0,raw_25hz_time_aligned_to_uniform_25hz,True,0,,
weda,C:\Users\ADMIN\Desktop\ds-fall\data\raw\WEDA-FALL-main\dataset\25Hz\D08\U02_R01_accel.csv,U02,R01,D08,25.0,25.0,168,168,6.68,24.95890057244355,25.0,raw_25hz_time_aligned_to_uniform_25hz,True,0,,
weda,C:\Users\ADMIN\Desktop\ds-fall\data\raw\WEDA-FALL-main\dataset\25Hz\D08\U02_R02_accel.csv,U02,R02,D08,25.0,25.0,206,206,8.2,24.966509823708414,25.000000000000004,raw_25hz_time_aligned_to_uniform_25hz,True,0,,
weda,C:\Users\ADMIN\Desktop\ds-fall\data\raw\WEDA-FALL-main\dataset\25Hz\D08\U02_R03_accel.csv,U02,R03,D08,25.0,25.0,168,168,6.68,24.901218699207526,25.0,raw_25hz_time_aligned_to_uniform_25hz,True,0,,
weda,C:\Users\ADMIN\Desktop\ds-fall\data\raw\WEDA-FALL-main\dataset\25Hz\D08\U03_R01_accel.csv,U03,R01,D08,25.0,25.0,159,159,6.319999999999999,24.96839443742099,25.000000000000004,raw_25hz_time_aligned_to_uniform_25hz,True,0,,
weda,C:\Users\ADMIN\Desktop\ds-fall\data\raw\WEDA-FALL-main\dataset\25Hz\D08\U03_R02_accel.csv,U03,R02,D08,25.0,25.0,215,216,8.6,24.86926507970395,25.0,raw_25hz_time_aligned_to_uniform_25hz,True,0,,
weda,C:\Users\ADMIN\Desktop\ds-fall\data\raw\WEDA-FALL-main\dataset\25Hz\D08\U03_R03_accel.csv,U03,R03,D08,25.0,25.0,212,213,8.48,24.826450514307865,25.0,raw_25hz_time_aligned_to_uniform_25hz,True,0,,
weda,C:\Users\ADMIN\Desktop\ds-fall\data\raw\WEDA-FALL-main\dataset\25Hz\D08\U04_R01_accel.csv,U04,R01,D08,25.0,25.0,123,123,4.88,24.82959468885498,25.0,raw_25hz_time_aligned_to_uniform_25hz,True,0,,
weda,C:\Users\ADMIN\Desktop\ds-fall\data\raw\WEDA-FALL-main\dataset\25Hz\D08\U04_R02_accel.csv,U04,R02,D08,25.0,25.0,101,101,4.0,24.816975192878928,25.0,raw_25hz_time_aligned_to_uniform_25hz,True,0,,
weda,C:\Users\ADMIN\Desktop\ds-fall\data\raw\WEDA-FALL-main\dataset\25Hz\D08\U04_R03_accel.csv,U04,R03,D08,25.0,25.0,114,113,4.4799999999999995,25.116703766297622,25.000000000000004,raw_25hz_time_aligned_to_uniform_25hz,True,0,,
weda,C:\Users\ADMIN\Desktop\ds-fall\data\raw\WEDA-FALL-main\dataset\25Hz\D08\U05_R01_accel.csv,U05,R01,D08,25.0,25.0,276,278,11.08,24.72356578928874,25.0,raw_25hz_time_aligned_to_uniform_25hz,True,0,,
weda,C:\Users\ADMIN\Desktop\ds-fall\data\raw\WEDA-FALL-main\dataset\25Hz\D08\U05_R02_accel.csv,U05,R02,D08,25.0,25.0,309,311,12.4,24.81969462911592,25.0,raw_25hz_time_aligned_to_uniform_25hz,True,0,,
weda,C:\Users\ADMIN\Desktop\ds-fall\data\raw\WEDA-FALL-main\dataset\25Hz\D08\U05_R03_accel.csv,U05,R03,D08,25.0,25.0,252,253,10.08,24.866257182484645,25.0,raw_25hz_time_aligned_to_uniform_25hz,True,0,,
weda,C:\Users\ADMIN\Desktop\ds-fall\data\raw\WEDA-FALL-main\dataset\25Hz\D08\U06_R01_accel.csv,U06,R01,D08,25.0,25.0,176,175,6.96,24.996433671429987,25.0,raw_25hz_time_aligned_to_uniform_25hz,True,0,,
weda,C:\Users\ADMIN\Desktop\ds-fall\data\raw\WEDA-FALL-main\dataset\25Hz\D08\U06_R02_accel.csv,U06,R02,D08,25.0,25.0,155,156,6.2,24.75088971418719,25.0,raw_25hz_time_aligned_to_uniform_25hz,True,0,,
weda,C:\Users\ADMIN\Desktop\ds-fall\data\raw\WEDA-FALL-main\dataset\25Hz\D08\U06_R03_accel.csv,U06,R03,D08,25.0,25.0,237,239,9.52,24.76390373541667,25.0,raw_25hz_time_aligned_to_uniform_25hz,True,0,,
weda,C:\Users\ADMIN\Desktop\ds-fall\data\raw\WEDA-FALL-main\dataset\25Hz\D08\U07_R01_accel.csv,U07,R01,D08,25.0,25.0,149,150,5.96,24.849384285507277,25.0,raw_25hz_time_aligned_to_uniform_25hz,True,0,,
weda,C:\Users\ADMIN\Desktop\ds-fall\data\raw\WEDA-FALL-main\dataset\25Hz\D08\U07_R02_accel.csv,U07,R02,D08,25.0,25.0,212,213,8.48,24.82060968353467,25.0,raw_25hz_time_aligned_to_uniform_25hz,True,0,,
weda,C:\Users\ADMIN\Desktop\ds-fall\data\raw\WEDA-FALL-main\dataset\25Hz\D08\U07_R03_accel.csv,U07,R03,D08,25.0,25.0,225,226,9.0,24.797965759700215,25.0,raw_25hz_time_aligned_to_uniform_25hz,True,0,,
weda,C:\Users\ADMIN\Desktop\ds-fall\data\raw\WEDA-FALL-main\dataset\25Hz\D08\U08_R01_accel.csv,U08,R01,D08,25.0,25.0,198,197,7.84,25.02064137441227,25.0,raw_25hz_time_aligned_to_uniform_25hz,True,0,,
weda,C:\Users\ADMIN\Desktop\ds-fall\data\raw\WEDA-FALL-main\dataset\25Hz\D08\U08_R02_accel.csv,U08,R02,D08,25.0,25.0,150,151,6.0,24.89589509667784,25.0,raw_25hz_time_aligned_to_uniform_25hz,True,0,,
weda,C:\Users\ADMIN\Desktop\ds-fall\data\raw\WEDA-FALL-main\dataset\25Hz\D08\U08_R03_accel.csv,U08,R03,D08,25.0,25.0,148,148,5.88,24.84997059423647,25.0,raw_25hz_time_aligned_to_uniform_25hz,True,0,,
weda,C:\Users\ADMIN\Desktop\ds-fall\data\raw\WEDA-FALL-main\dataset\25Hz\D08\U09_R01_accel.csv,U09,R01,D08,25.0,25.0,118,118,4.68,24.872448979591837,25.0,raw_25hz_time_aligned_to_uniform_25hz,True,0,,
weda,C:\Users\ADMIN\Desktop\ds-fall\data\raw\WEDA-FALL-main\dataset\25Hz\D08\U09_R02_accel.csv,U09,R02,D08,25.0,25.0,93,92,3.64,25.01359434475258,25.0,raw_25hz_time_aligned_to_uniform_25hz,True,0,,
weda,C:\Users\ADMIN\Desktop\ds-fall\data\raw\WEDA-FALL-main\dataset\25Hz\D08\U09_R03_accel.csv,U09,R03,D08,25.0,25.0,79,79,3.12,24.805231134620037,25.0,raw_25hz_time_aligned_to_uniform_25hz,True,0,,
weda,C:\Users\ADMIN\Desktop\ds-fall\data\raw\WEDA-FALL-main\dataset\25Hz\D08\U10_R01_accel.csv,U10,R01,D08,25.0,25.0,130,131,5.2,24.867988324826825,25.0,raw_25hz_time_aligned_to_uniform_25hz,True,0,,
weda,C:\Users\ADMIN\Desktop\ds-fall\data\raw\WEDA-FALL-main\dataset\25Hz\D08\U10_R02_accel.csv,U10,R02,D08,25.0,25.0,123,123,4.88,24.86500627738672,25.0,raw_25hz_time_aligned_to_uniform_25hz,True,0,,
weda,C:\Users\ADMIN\Desktop\ds-fall\data\raw\WEDA-FALL-main\dataset\25Hz\D08\U10_R03_accel.csv,U10,R03,D08,25.0,25.0,145,145,5.76,24.95675941914441,25.0,raw_25hz_time_aligned_to_uniform_25hz,True,0,,
weda,C:\Users\ADMIN\Desktop\ds-fall\data\raw\WEDA-FALL-main\dataset\25Hz\D08\U11_R01_accel.csv,U11,R01,D08,25.0,25.0,129,128,5.08,25.03914758466262,25.0,raw_25hz_time_aligned_to_uniform_25hz,True,0,,
weda,C:\Users\ADMIN\Desktop\ds-fall\data\raw\WEDA-FALL-main\dataset\25Hz\D08\U11_R02_accel.csv,U11,R02,D08,25.0,25.0,170,171,6.8,24.807339583172272,25.0,raw_25hz_time_aligned_to_uniform_25hz,True,0,,
weda,C:\Users\ADMIN\Desktop\ds-fall\data\raw\WEDA-FALL-main\dataset\25Hz\D08\U11_R03_accel.csv,U11,R03,D08,25.0,25.0,173,174,6.92,24.7678307463207,25.0,raw_25hz_time_aligned_to_uniform_25hz,True,0,,
weda,C:\Users\ADMIN\Desktop\ds-fall\data\raw\WEDA-FALL-main\dataset\25Hz\D08\U12_R01_accel.csv,U12,R01,D08,25.0,25.0,165,166,6.6000000000000005,24.816525451962995,24.999999999999996,raw_25hz_time_aligned_to_uniform_25hz,True,0,,
weda,C:\Users\ADMIN\Desktop\ds-fall\data\raw\WEDA-FALL-main\dataset\25Hz\D08\U12_R02_accel.csv,U12,R02,D08,25.0,25.0,123,123,4.88,24.82201054104432,25.0,raw_25hz_time_aligned_to_uniform_25hz,True,0,,
weda,C:\Users\ADMIN\Desktop\ds-fall\data\raw\WEDA-FALL-main\dataset\25Hz\D08\U12_R03_accel.csv,U12,R03,D08,25.0,25.0,123,124,4.92,24.70639532594745,25.0,raw_25hz_time_aligned_to_uniform_25hz,True,0,,
weda,C:\Users\ADMIN\Desktop\ds-fall\data\raw\WEDA-FALL-main\dataset\25Hz\D08\U13_R01_accel.csv,U13,R01,D08,25.0,25.0,111,111,4.4,24.94919846466471,24.999999999999996,raw_25hz_time_aligned_to_uniform_25hz,True,0,,
weda,C:\Users\ADMIN\Desktop\ds-fall\data\raw\WEDA-FALL-main\dataset\25Hz\D08\U13_R02_accel.csv,U13,R02,D08,25.0,25.0,113,113,4.48,24.93348730284486,24.999999999999996,raw_25hz_time_aligned_to_uniform_25hz,True,0,,
weda,C:\Users\ADMIN\Desktop\ds-fall\data\raw\WEDA-FALL-main\dataset\25Hz\D08\U13_R03_accel.csv,U13,R03,D08,25.0,25.0,101,100,3.96,25.03756261271291,25.0,raw_25hz_time_aligned_to_uniform_25hz,True,0,,
weda,C:\Users\ADMIN\Desktop\ds-fall\data\raw\WEDA-FALL-main\dataset\25Hz\D08\U14_R01_accel.csv,U14,R01,D08,25.0,25.0,158,157,6.24,24.99602227646848,25.0,raw_25hz_time_aligned_to_uniform_25hz,True,0,,
weda,C:\Users\ADMIN\Desktop\ds-fall\data\raw\WEDA-FALL-main\dataset\25Hz\D08\U14_R02_accel.csv,U14,R02,D08,25.0,25.0,190,191,7.6000000000000005,24.840647448683566,25.0,raw_25hz_time_aligned_to_uniform_25hz,True,0,,
weda,C:\Users\ADMIN\Desktop\ds-fall\data\raw\WEDA-FALL-main\dataset\25Hz\D08\U14_R03_accel.csv,U14,R03,D08,25.0,25.0,140,141,5.6000000000000005,24.808780534706045,24.999999999999996,raw_25hz_time_aligned_to_uniform_25hz,True,0,,
weda,C:\Users\ADMIN\Desktop\ds-fall\data\raw\WEDA-FALL-main\dataset\25Hz\D09\U01_R01_accel.csv,U01,R01,D09,25.0,25.0,178,179,7.12,24.800344065904632,25.0,raw_25hz_time_aligned_to_uniform_25hz,True,0,,
weda,C:\Users\ADMIN\Desktop\ds-fall\data\raw\WEDA-FALL-main\dataset\25Hz\D09\U01_R02_accel.csv,U01,R02,D09,25.0,25.0,163,164,6.5200000000000005,24.821887166133074,25.0,raw_25hz_time_aligned_to_uniform_25hz,True,0,,
weda,C:\Users\ADMIN\Desktop\ds-fall\data\raw\WEDA-FALL-main\dataset\25Hz\D09\U01_R03_accel.csv,U01,R03,D09,25.0,25.0,171,170,6.76,25.001849321201785,25.0,raw_25hz_time_aligned_to_uniform_25hz,True,0,,
weda,C:\Users\ADMIN\Desktop\ds-fall\data\raw\WEDA-FALL-main\dataset\25Hz\D09\U02_R01_accel.csv,U02,R01,D09,25.0,25.0,136,136,5.4,24.942263492298864,25.0,raw_25hz_time_aligned_to_uniform_25hz,True,0,,
weda,C:\Users\ADMIN\Desktop\ds-fall\data\raw\WEDA-FALL-main\dataset\25Hz\D09\U02_R02_accel.csv,U02,R02,D09,25.0,25.0,170,170,6.76,24.898721809720726,25.0,raw_25hz_time_aligned_to_uniform_25hz,True,0,,
weda,C:\Users\ADMIN\Desktop\ds-fall\data\raw\WEDA-FALL-main\dataset\25Hz\D09\U02_R03_accel.csv,U02,R03,D09,25.0,25.0,165,166,6.6000000000000005,24.824040488077717,24.999999999999996,raw_25hz_time_aligned_to_uniform_25hz,True,0,,
weda,C:\Users\ADMIN\Desktop\ds-fall\data\raw\WEDA-FALL-main\dataset\25Hz\D09\U03_R01_accel.csv,U03,R01,D09,25.0,25.0,176,175,6.96,25.057273768613975,25.0,raw_25hz_time_aligned_to_uniform_25hz,True,0,,
weda,C:\Users\ADMIN\Desktop\ds-fall\data\raw\WEDA-FALL-main\dataset\25Hz\D09\U03_R02_accel.csv,U03,R02,D09,25.0,25.0,170,171,6.8,24.80916030534351,25.0,raw_25hz_time_aligned_to_uniform_25hz,True,0,,
weda,C:\Users\ADMIN\Desktop\ds-fall\data\raw\WEDA-FALL-main\dataset\25Hz\D09\U03_R03_accel.csv,U03,R03,D09,25.0,25.0,175,176,7.0,24.809299509306683,25.0,raw_25hz_time_aligned_to_uniform_25hz,True,0,,
weda,C:\Users\ADMIN\Desktop\ds-fall\data\raw\WEDA-FALL-main\dataset\25Hz\D09\U04_R01_accel.csv,U04,R01,D09,25.0,25.0,124,124,4.92,24.826007109632222,25.0,raw_25hz_time_aligned_to_uniform_25hz,True,0,,
weda,C:\Users\ADMIN\Desktop\ds-fall\data\raw\WEDA-FALL-main\dataset\25Hz\D09\U04_R02_accel.csv,U04,R02,D09,25.0,25.0,81,82,3.24,24.657112621333397,25.0,raw_25hz_time_aligned_to_uniform_25hz,True,0,,
weda,C:\Users\ADMIN\Desktop\ds-fall\data\raw\WEDA-FALL-main\dataset\25Hz\D09\U04_R03_accel.csv,U04,R03,D09,25.0,25.0,86,85,3.36,25.055426265255036,25.0,raw_25hz_time_aligned_to_uniform_25hz,True,0,,
weda,C:\Users\ADMIN\Desktop\ds-fall\data\raw\WEDA-FALL-main\dataset\25Hz\D09\U05_R01_accel.csv,U05,R01,D09,25.0,25.0,287,288,11.48,24.85875875238817,25.0,raw_25hz_time_aligned_to_uniform_25hz,True,0,,
weda,C:\Users\ADMIN\Desktop\ds-fall\data\raw\WEDA-FALL-main\dataset\25Hz\D09\U05_R02_accel.csv,U05,R02,D09,25.0,25.0,259,261,10.4,24.90043800274207,25.0,raw_25hz_time_aligned_to_uniform_25hz,True,0,,
weda,C:\Users\ADMIN\Desktop\ds-fall\data\raw\WEDA-FALL-main\dataset\25Hz\D09\U05_R03_accel.csv,U05,R03,D09,25.0,25.0,234,235,9.36,24.83876302430215,25.0,raw_25hz_time_aligned_to_uniform_25hz,True,0,,
weda,C:\Users\ADMIN\Desktop\ds-fall\data\raw\WEDA-FALL-main\dataset\25Hz\D09\U06_R01_accel.csv,U06,R01,D09,25.0,25.0,222,224,8.92,24.738345131317363,25.0,raw_25hz_time_aligned_to_uniform_25hz,True,0,,
weda,C:\Users\ADMIN\Desktop\ds-fall\data\raw\WEDA-FALL-main\dataset\25Hz\D09\U06_R02_accel.csv,U06,R02,D09,25.0,25.0,239,241,9.6,24.73629184921956,25.0,raw_25hz_time_aligned_to_uniform_25hz,True,0,,
weda,C:\Users\ADMIN\Desktop\ds-fall\data\raw\WEDA-FALL-main\dataset\25Hz\D09\U06_R03_accel.csv,U06,R03,D09,25.0,25.0,190,191,7.6000000000000005,24.79867494658486,25.0,raw_25hz_time_aligned_to_uniform_25hz,True,0,,
weda,C:\Users\ADMIN\Desktop\ds-fall\data\raw\WEDA-FALL-main\dataset\25Hz\D09\U07_R01_accel.csv,U07,R01,D09,25.0,25.0,165,165,6.5600000000000005,24.920225465232157,24.999999999999996,raw_25hz_time_aligned_to_uniform_25hz,True,0,,
weda,C:\Users\ADMIN\Desktop\ds-fall\data\raw\WEDA-FALL-main\dataset\25Hz\D09\U07_R02_accel.csv,U07,R02,D09,25.0,25.0,185,185,7.36,24.928878748005317,25.0,raw_25hz_time_aligned_to_uniform_25hz,True,0,,
weda,C:\Users\ADMIN\Desktop\ds-fall\data\raw\WEDA-FALL-main\dataset\25Hz\D09\U07_R03_accel.csv,U07,R03,D09,25.0,25.0,200,201,8.0,24.792901410531968,25.0,raw_25hz_time_aligned_to_uniform_25hz,True,0,,
weda,C:\Users\ADMIN\Desktop\ds-fall\data\raw\WEDA-FALL-main\dataset\25Hz\D09\U08_R01_accel.csv,U08,R01,D09,25.0,25.0,244,246,9.8,24.76559546637776,24.999999999999996,raw_25hz_time_aligned_to_uniform_25hz,True,0,,
weda,C:\Users\ADMIN\Desktop\ds-fall\data\raw\WEDA-FALL-main\dataset\25Hz\D09\U08_R02_accel.csv,U08,R02,D09,25.0,25.0,193,194,7.72,24.84954887695379,25.0,raw_25hz_time_aligned_to_uniform_25hz,True,0,,
weda,C:\Users\ADMIN\Desktop\ds-fall\data\raw\WEDA-FALL-main\dataset\25Hz\D09\U08_R03_accel.csv,U08,R03,D09,25.0,25.0,165,166,6.6000000000000005,24.717412739678082,24.999999999999996,raw_25hz_time_aligned_to_uniform_25hz,True,0,,
weda,C:\Users\ADMIN\Desktop\ds-fall\data\raw\WEDA-FALL-main\dataset\25Hz\D09\U09_R01_accel.csv,U09,R01,D09,25.0,25.0,209,210,8.36,24.828410226001623,25.0,raw_25hz_time_aligned_to_uniform_25hz,True,0,,
weda,C:\Users\ADMIN\Desktop\ds-fall\data\raw\WEDA-FALL-main\dataset\25Hz\D09\U09_R02_accel.csv,U09,R02,D09,25.0,25.0,286,288,11.48,24.703264362482685,25.0,raw_25hz_time_aligned_to_uniform_25hz,True,0,,
weda,C:\Users\ADMIN\Desktop\ds-fall\data\raw\WEDA-FALL-main\dataset\25Hz\D09\U09_R03_accel.csv,U09,R03,D09,25.0,25.0,183,184,7.32,24.814235136989225,25.0,raw_25hz_time_aligned_to_uniform_25hz,True,0,,
weda,C:\Users\ADMIN\Desktop\ds-fall\data\raw\WEDA-FALL-main\dataset\25Hz\D09\U10_R01_accel.csv,U10,R01,D09,25.0,25.0,182,183,7.28,24.80521810922773,25.0,raw_25hz_time_aligned_to_uniform_25hz,True,0,,
weda,C:\Users\ADMIN\Desktop\ds-fall\data\raw\WEDA-FALL-main\dataset\25Hz\D09\U10_R02_accel.csv,U10,R02,D09,25.0,25.0,153,153,6.08,24.981709312021103,25.0,raw_25hz_time_aligned_to_uniform_25hz,True,0,,
weda,C:\Users\ADMIN\Desktop\ds-fall\data\raw\WEDA-FALL-main\dataset\25Hz\D09\U10_R03_accel.csv,U10,R03,D09,25.0,25.0,158,158,6.28,24.88904544083627,25.0,raw_25hz_time_aligned_to_uniform_25hz,True,0,,
weda,C:\Users\ADMIN\Desktop\ds-fall\data\raw\WEDA-FALL-main\dataset\25Hz\D09\U11_R01_accel.csv,U11,R01,D09,25.0,25.0,177,178,7.08,24.752130195720646,25.0,raw_25hz_time_aligned_to_uniform_25hz,True,0,,
weda,C:\Users\ADMIN\Desktop\ds-fall\data\raw\WEDA-FALL-main\dataset\25Hz\D09\U11_R02_accel.csv,U11,R02,D09,25.0,25.0,118,119,4.72,24.585006617781858,25.0,raw_25hz_time_aligned_to_uniform_25hz,True,0,,
weda,C:\Users\ADMIN\Desktop\ds-fall\data\raw\WEDA-FALL-main\dataset\25Hz\D09\U11_R03_accel.csv,U11,R03,D09,25.0,25.0,153,153,6.08,24.79819480308,25.0,raw_25hz_time_aligned_to_uniform_25hz,True,0,,
weda,C:\Users\ADMIN\Desktop\ds-fall\data\raw\WEDA-FALL-main\dataset\25Hz\D09\U12_R01_accel.csv,U12,R01,D09,25.0,25.0,192,193,7.68,24.773025799990783,25.0,raw_25hz_time_aligned_to_uniform_25hz,True,0,,
weda,C:\Users\ADMIN\Desktop\ds-fall\data\raw\WEDA-FALL-main\dataset\25Hz\D09\U12_R02_accel.csv,U12,R02,D09,25.0,25.0,123,123,4.88,24.928568162996733,25.0,raw_25hz_time_aligned_to_uniform_25hz,True,0,,
weda,C:\Users\ADMIN\Desktop\ds-fall\data\raw\WEDA-FALL-main\dataset\25Hz\D09\U12_R03_accel.csv,U12,R03,D09,25.0,25.0,148,148,5.88,24.85628462078182,25.0,raw_25hz_time_aligned_to_uniform_25hz,True,0,,
weda,C:\Users\ADMIN\Desktop\ds-fall\data\raw\WEDA-FALL-main\dataset\25Hz\D09\U13_R01_accel.csv,U13,R01,D09,25.0,25.0,130,130,5.16,24.966177189896868,25.0,raw_25hz_time_aligned_to_uniform_25hz,True,0,,
weda,C:\Users\ADMIN\Desktop\ds-fall\data\raw\WEDA-FALL-main\dataset\25Hz\D09\U13_R02_accel.csv,U13,R02,D09,25.0,25.0,98,98,3.88,24.942317720331385,25.0,raw_25hz_time_aligned_to_uniform_25hz,True,0,,
weda,C:\Users\ADMIN\Desktop\ds-fall\data\raw\WEDA-FALL-main\dataset\25Hz\D09\U13_R03_accel.csv,U13,R03,D09,25.0,25.0,106,107,4.24,24.814649456354864,25.0,raw_25hz_time_aligned_to_uniform_25hz,True,0,,
weda,C:\Users\ADMIN\Desktop\ds-fall\data\raw\WEDA-FALL-main\dataset\25Hz\D09\U14_R01_accel.csv,U14,R01,D09,25.0,25.0,163,163,6.48,24.860003773485733,25.0,raw_25hz_time_aligned_to_uniform_25hz,True,0,,
weda,C:\Users\ADMIN\Desktop\ds-fall\data\raw\WEDA-FALL-main\dataset\25Hz\D09\U14_R02_accel.csv,U14,R02,D09,25.0,25.0,176,175,6.96,25.068043885343556,25.0,raw_25hz_time_aligned_to_uniform_25hz,True,0,,
weda,C:\Users\ADMIN\Desktop\ds-fall\data\raw\WEDA-FALL-main\dataset\25Hz\D09\U14_R03_accel.csv,U14,R03,D09,25.0,25.0,175,176,7.0,24.7387513917492,25.0,raw_25hz_time_aligned_to_uniform_25hz,True,0,,
weda,C:\Users\ADMIN\Desktop\ds-fall\data\raw\WEDA-FALL-main\dataset\25Hz\D09\U21_R01_accel.csv,U21,R01,D09,25.0,25.0,185,186,7.4,24.774473319364958,25.0,raw_25hz_time_aligned_to_uniform_25hz,True,0,,
weda,C:\Users\ADMIN\Desktop\ds-fall\data\raw\WEDA-FALL-main\dataset\25Hz\D09\U21_R02_accel.csv,U21,R02,D09,25.0,25.0,153,153,6.08,24.948721037920244,25.0,raw_25hz_time_aligned_to_uniform_25hz,True,0,,
weda,C:\Users\ADMIN\Desktop\ds-fall\data\raw\WEDA-FALL-main\dataset\25Hz\D09\U21_R03_accel.csv,U21,R03,D09,25.0,25.0,166,167,6.640000000000001,24.78288089006283,24.999999999999996,raw_25hz_time_aligned_to_uniform_25hz,True,0,,
weda,C:\Users\ADMIN\Desktop\ds-fall\data\raw\WEDA-FALL-main\dataset\25Hz\D09\U22_R01_accel.csv,U22,R01,D09,25.0,25.0,153,154,6.12,24.701409186592176,25.0,raw_25hz_time_aligned_to_uniform_25hz,True,0,,
weda,C:\Users\ADMIN\Desktop\ds-fall\data\raw\WEDA-FALL-main\dataset\25Hz\D09\U22_R02_accel.csv,U22,R02,D09,25.0,25.0,148,148,5.88,24.877308654642647,25.0,raw_25hz_time_aligned_to_uniform_25hz,True,0,,
weda,C:\Users\ADMIN\Desktop\ds-fall\data\raw\WEDA-FALL-main\dataset\25Hz\D09\U23_R01_accel.csv,U23,R01,D09,25.0,25.0,223,224,8.92,24.873952390249542,25.0,raw_25hz_time_aligned_to_uniform_25hz,True,0,,
weda,C:\Users\ADMIN\Desktop\ds-fall\data\raw\WEDA-FALL-main\dataset\25Hz\D09\U23_R02_accel.csv,U23,R02,D09,25.0,25.0,150,151,6.0,24.77346840859304,25.0,raw_25hz_time_aligned_to_uniform_25hz,True,0,,
weda,C:\Users\ADMIN\Desktop\ds-fall\data\raw\WEDA-FALL-main\dataset\25Hz\D09\U23_R03_accel.csv,U23,R03,D09,25.0,25.0,130,131,5.2,24.724490583088127,25.0,raw_25hz_time_aligned_to_uniform_25hz,True,0,,
weda,C:\Users\ADMIN\Desktop\ds-fall\data\raw\WEDA-FALL-main\dataset\25Hz\D09\U24_R01_accel.csv,U24,R01,D09,25.0,25.0,118,119,4.72,24.7810984106605,25.0,raw_25hz_time_aligned_to_uniform_25hz,True,0,,
weda,C:\Users\ADMIN\Desktop\ds-fall\data\raw\WEDA-FALL-main\dataset\25Hz\D09\U24_R02_accel.csv,U24,R02,D09,25.0,25.0,138,138,5.48,24.868404542979107,24.999999999999996,raw_25hz_time_aligned_to_uniform_25hz,True,0,,
weda,C:\Users\ADMIN\Desktop\ds-fall\data\raw\WEDA-FALL-main\dataset\25Hz\D09\U24_R03_accel.csv,U24,R03,D09,25.0,25.0,176,175,6.96,25.08241570589906,25.0,raw_25hz_time_aligned_to_uniform_25hz,True,0,,
weda,C:\Users\ADMIN\Desktop\ds-fall\data\raw\WEDA-FALL-main\dataset\25Hz\D09\U25_R01_accel.csv,U25,R01,D09,25.0,25.0,124,123,4.879999999999999,25.06743363986073,25.000000000000004,raw_25hz_time_aligned_to_uniform_25hz,True,0,,
weda,C:\Users\ADMIN\Desktop\ds-fall\data\raw\WEDA-FALL-main\dataset\25Hz\D09\U25_R02_accel.csv,U25,R02,D09,25.0,25.0,104,104,4.12,24.852481907249256,25.0,raw_25hz_time_aligned_to_uniform_25hz,True,0,,
weda,C:\Users\ADMIN\Desktop\ds-fall\data\raw\WEDA-FALL-main\dataset\25Hz\D09\U26_R01_accel.csv,U26,R01,D09,25.0,25.0,119,118,4.68,25.013262311032847,25.0,raw_25hz_time_aligned_to_uniform_25hz,True,0,,
weda,C:\Users\ADMIN\Desktop\ds-fall\data\raw\WEDA-FALL-main\dataset\25Hz\D09\U26_R02_accel.csv,U26,R02,D09,25.0,25.0,99,99,3.92,24.911046515046475,25.0,raw_25hz_time_aligned_to_uniform_25hz,True,0,,
weda,C:\Users\ADMIN\Desktop\ds-fall\data\raw\WEDA-FALL-main\dataset\25Hz\D09\U26_R03_accel.csv,U26,R03,D09,25.0,25.0,140,140,5.5600000000000005,24.95299913181418,24.999999999999996,raw_25hz_time_aligned_to_uniform_25hz,True,0,,
weda,C:\Users\ADMIN\Desktop\ds-fall\data\raw\WEDA-FALL-main\dataset\25Hz\D09\U27_R01_accel.csv,U27,R01,D09,25.0,25.0,104,103,4.08,25.19571883888967,25.0,raw_25hz_time_aligned_to_uniform_25hz,True,0,,
weda,C:\Users\ADMIN\Desktop\ds-fall\data\raw\WEDA-FALL-main\dataset\25Hz\D09\U27_R02_accel.csv,U27,R02,D09,25.0,25.0,116,115,4.5600000000000005,25.005957345406884,24.999999999999996,raw_25hz_time_aligned_to_uniform_25hz,True,0,,
weda,C:\Users\ADMIN\Desktop\ds-fall\data\raw\WEDA-FALL-main\dataset\25Hz\D09\U27_R03_accel.csv,U27,R03,D09,25.0,25.0,128,128,5.08,24.850799518845967,25.0,raw_25hz_time_aligned_to_uniform_25hz,True,0,,
weda,C:\Users\ADMIN\Desktop\ds-fall\data\raw\WEDA-FALL-main\dataset\25Hz\D09\U28_R01_accel.csv,U28,R01,D09,25.0,25.0,202,204,8.120000000000001,24.689841542808008,24.999999999999996,raw_25hz_time_aligned_to_uniform_25hz,True,0,,
weda,C:\Users\ADMIN\Desktop\ds-fall\data\raw\WEDA-FALL-main\dataset\25Hz\D09\U28_R02_accel.csv,U28,R02,D09,25.0,25.0,177,178,7.08,24.73126139534891,25.0,raw_25hz_time_aligned_to_uniform_25hz,True,0,,
weda,C:\Users\ADMIN\Desktop\ds-fall\data\raw\WEDA-FALL-main\dataset\25Hz\D09\U28_R03_accel.csv,U28,R03,D09,25.0,25.0,123,123,4.88,24.83208741894375,25.0,raw_25hz_time_aligned_to_uniform_25hz,True,0,,
weda,C:\Users\ADMIN\Desktop\ds-fall\data\raw\WEDA-FALL-main\dataset\25Hz\D09\U29_R01_accel.csv,U29,R01,D09,25.0,25.0,88,87,3.44,25.000002064341558,25.0,raw_25hz_time_aligned_to_uniform_25hz,True,0,,
weda,C:\Users\ADMIN\Desktop\ds-fall\data\raw\WEDA-FALL-main\dataset\25Hz\D09\U29_R02_accel.csv,U29,R02,D09,25.0,25.0,119,118,4.68,25.074374272879584,25.0,raw_25hz_time_aligned_to_uniform_25hz,True,0,,
weda,C:\Users\ADMIN\Desktop\ds-fall\data\raw\WEDA-FALL-main\dataset\25Hz\D09\U29_R03_accel.csv,U29,R03,D09,25.0,25.0,126,126,5.0,24.853394866507692,25.0,raw_25hz_time_aligned_to_uniform_25hz,True,0,,
weda,C:\Users\ADMIN\Desktop\ds-fall\data\raw\WEDA-FALL-main\dataset\25Hz\D09\U30_R01_accel.csv,U30,R01,D09,25.0,25.0,108,108,4.28,24.814472577631683,25.0,raw_25hz_time_aligned_to_uniform_25hz,True,0,,
weda,C:\Users\ADMIN\Desktop\ds-fall\data\raw\WEDA-FALL-main\dataset\25Hz\D09\U30_R02_accel.csv,U30,R02,D09,25.0,25.0,133,133,5.28,24.885498563905465,25.0,raw_25hz_time_aligned_to_uniform_25hz,True,0,,
weda,C:\Users\ADMIN\Desktop\ds-fall\data\raw\WEDA-FALL-main\dataset\25Hz\D09\U30_R03_accel.csv,U30,R03,D09,25.0,25.0,103,103,4.08,24.945307289315124,25.0,raw_25hz_time_aligned_to_uniform_25hz,True,0,,
weda,C:\Users\ADMIN\Desktop\ds-fall\data\raw\WEDA-FALL-main\dataset\25Hz\D09\U31_R01_accel.csv,U31,R01,D09,25.0,25.0,252,253,10.08,24.815858966865406,25.0,raw_25hz_time_aligned_to_uniform_25hz,True,0,,
weda,C:\Users\ADMIN\Desktop\ds-fall\data\raw\WEDA-FALL-main\dataset\25Hz\D09\U31_R02_accel.csv,U31,R02,D09,25.0,25.0,101,100,3.96,25.003135159965677,25.0,raw_25hz_time_aligned_to_uniform_25hz,True,0,,
weda,C:\Users\ADMIN\Desktop\ds-fall\data\raw\WEDA-FALL-main\dataset\25Hz\D09\U31_R03_accel.csv,U31,R03,D09,25.0,25.0,113,112,4.4399999999999995,25.10366500205828,25.000000000000004,raw_25hz_time_aligned_to_uniform_25hz,True,0,,
weda,C:\Users\ADMIN\Desktop\ds-fall\data\raw\WEDA-FALL-main\dataset\25Hz\D10\U01_R01_accel.csv,U01,R01,D10,25.0,25.0,257,258,10.28,24.795399435123088,25.0,raw_25hz_time_aligned_to_uniform_25hz,True,0,,
weda,C:\Users\ADMIN\Desktop\ds-fall\data\raw\WEDA-FALL-main\dataset\25Hz\D10\U01_R02_accel.csv,U01,R02,D10,25.0,25.0,261,263,10.48,24.798513499245765,25.0,raw_25hz_time_aligned_to_uniform_25hz,True,0,,
weda,C:\Users\ADMIN\Desktop\ds-fall\data\raw\WEDA-FALL-main\dataset\25Hz\D10\U01_R03_accel.csv,U01,R03,D10,25.0,25.0,339,340,13.56,24.88771090733664,25.0,raw_25hz_time_aligned_to_uniform_25hz,True,0,,
weda,C:\Users\ADMIN\Desktop\ds-fall\data\raw\WEDA-FALL-main\dataset\25Hz\D10\U02_R01_accel.csv,U02,R01,D10,25.0,25.0,261,263,10.48,24.73481699336113,25.0,raw_25hz_time_aligned_to_uniform_25hz,True,0,,
weda,C:\Users\ADMIN\Desktop\ds-fall\data\raw\WEDA-FALL-main\dataset\25Hz\D10\U02_R02_accel.csv,U02,R02,D10,25.0,25.0,279,281,11.200000000000001,24.80813849723362,24.999999999999996,raw_25hz_time_aligned_to_uniform_25hz,True,0,,
weda,C:\Users\ADMIN\Desktop\ds-fall\data\raw\WEDA-FALL-main\dataset\25Hz\D10\U02_R03_accel.csv,U02,R03,D10,25.0,25.0,309,310,12.36,24.839712288440758,25.0,raw_25hz_time_aligned_to_uniform_25hz,True,0,,
weda,C:\Users\ADMIN\Desktop\ds-fall\data\raw\WEDA-FALL-main\dataset\25Hz\D10\U03_R01_accel.csv,U03,R01,D10,25.0,25.0,225,226,9.0,24.872308577281228,25.0,raw_25hz_time_aligned_to_uniform_25hz,True,0,,
weda,C:\Users\ADMIN\Desktop\ds-fall\data\raw\WEDA-FALL-main\dataset\25Hz\D10\U03_R02_accel.csv,U03,R02,D10,25.0,25.0,245,246,9.8,24.8156654886398,24.999999999999996,raw_25hz_time_aligned_to_uniform_25hz,True,0,,
weda,C:\Users\ADMIN\Desktop\ds-fall\data\raw\WEDA-FALL-main\dataset\25Hz\D10\U03_R03_accel.csv,U03,R03,D10,25.0,25.0,247,248,9.88,24.879909614528106,24.999999999999996,raw_25hz_time_aligned_to_uniform_25hz,True,0,,
weda,C:\Users\ADMIN\Desktop\ds-fall\data\raw\WEDA-FALL-main\dataset\25Hz\D10\U04_R01_accel.csv,U04,R01,D10,25.0,25.0,252,253,10.08,24.84164711585464,25.0,raw_25hz_time_aligned_to_uniform_25hz,True,0,,
weda,C:\Users\ADMIN\Desktop\ds-fall\data\raw\WEDA-FALL-main\dataset\25Hz\D10\U04_R02_accel.csv,U04,R02,D10,25.0,25.0,187,188,7.48,24.886567467416995,25.0,raw_25hz_time_aligned_to_uniform_25hz,True,0,,
weda,C:\Users\ADMIN\Desktop\ds-fall\data\raw\WEDA-FALL-main\dataset\25Hz\D10\U04_R03_accel.csv,U04,R03,D10,25.0,25.0,202,204,8.120000000000001,24.689841542808008,24.999999999999996,raw_25hz_time_aligned_to_uniform_25hz,True,0,,
weda,C:\Users\ADMIN\Desktop\ds-fall\data\raw\WEDA-FALL-main\dataset\25Hz\D10\U05_R01_accel.csv,U05,R01,D10,25.0,25.0,453,458,18.28,24.720392494289232,25.0,raw_25hz_time_aligned_to_uniform_25hz,True,0,,
weda,C:\Users\ADMIN\Desktop\ds-fall\data\raw\WEDA-FALL-main\dataset\25Hz\D10\U05_R02_accel.csv,U05,R02,D10,25.0,25.0,333,336,13.4,24.725405857714783,25.0,raw_25hz_time_aligned_to_uniform_25hz,True,0,,
weda,C:\Users\ADMIN\Desktop\ds-fall\data\raw\WEDA-FALL-main\dataset\25Hz\D10\U05_R03_accel.csv,U05,R03,D10,25.0,25.0,464,468,18.68,24.75472549373593,25.0,raw_25hz_time_aligned_to_uniform_25hz,True,0,,
weda,C:\Users\ADMIN\Desktop\ds-fall\data\raw\WEDA-FALL-main\dataset\25Hz\D10\U06_R01_accel.csv,U06,R01,D10,25.0,25.0,218,220,8.76,24.728053244758318,25.0,raw_25hz_time_aligned_to_uniform_25hz,True,0,,
weda,C:\Users\ADMIN\Desktop\ds-fall\data\raw\WEDA-FALL-main\dataset\25Hz\D10\U06_R02_accel.csv,U06,R02,D10,25.0,25.0,249,250,9.96,24.8372561329451,24.999999999999996,raw_25hz_time_aligned_to_uniform_25hz,True,0,,
weda,C:\Users\ADMIN\Desktop\ds-fall\data\raw\WEDA-FALL-main\dataset\25Hz\D10\U06_R03_accel.csv,U06,R03,D10,25.0,25.0,306,309,12.32,24.738424211563856,25.0,raw_25hz_time_aligned_to_uniform_25hz,True,0,,
weda,C:\Users\ADMIN\Desktop\ds-fall\data\raw\WEDA-FALL-main\dataset\25Hz\D10\U07_R01_accel.csv,U07,R01,D10,25.0,25.0,233,233,9.28,24.892704149237233,25.0,raw_25hz_time_aligned_to_uniform_25hz,True,0,,
weda,C:\Users\ADMIN\Desktop\ds-fall\data\raw\WEDA-FALL-main\dataset\25Hz\D10\U07_R02_accel.csv,U07,R02,D10,25.0,25.0,257,258,10.28,24.8218369168642,25.0,raw_25hz_time_aligned_to_uniform_25hz,True,0,,
weda,C:\Users\ADMIN\Desktop\ds-fall\data\raw\WEDA-FALL-main\dataset\25Hz\D10\U07_R03_accel.csv,U07,R03,D10,25.0,25.0,314,315,12.56,24.86890964722741,25.0,raw_25hz_time_aligned_to_uniform_25hz,True,0,,
weda,C:\Users\ADMIN\Desktop\ds-fall\data\raw\WEDA-FALL-main\dataset\25Hz\D10\U08_R01_accel.csv,U08,R01,D10,25.0,25.0,323,326,13.0,24.75210655069312,25.0,raw_25hz_time_aligned_to_uniform_25hz,True,0,,
weda,C:\Users\ADMIN\Desktop\ds-fall\data\raw\WEDA-FALL-main\dataset\25Hz\D10\U08_R02_accel.csv,U08,R02,D10,25.0,25.0,308,311,12.4,24.720187451651025,25.0,raw_25hz_time_aligned_to_uniform_25hz,True,0,,
weda,C:\Users\ADMIN\Desktop\ds-fall\data\raw\WEDA-FALL-main\dataset\25Hz\D10\U08_R03_accel.csv,U08,R03,D10,25.0,25.0,266,268,10.68,24.7907020257765,25.0,raw_25hz_time_aligned_to_uniform_25hz,True,0,,
weda,C:\Users\ADMIN\Desktop\ds-fall\data\raw\WEDA-FALL-main\dataset\25Hz\D10\U09_R01_accel.csv,U09,R01,D10,25.0,25.0,261,263,10.48,24.73599444900556,25.0,raw_25hz_time_aligned_to_uniform_25hz,True,0,,
weda,C:\Users\ADMIN\Desktop\ds-fall\data\raw\WEDA-FALL-main\dataset\25Hz\D10\U09_R02_accel.csv,U09,R02,D10,25.0,25.0,276,278,11.08,24.762519571351028,25.0,raw_25hz_time_aligned_to_uniform_25hz,True,0,,
weda,C:\Users\ADMIN\Desktop\ds-fall\data\raw\WEDA-FALL-main\dataset\25Hz\D10\U09_R03_accel.csv,U09,R03,D10,25.0,25.0,321,323,12.88,24.792748121174558,25.0,raw_25hz_time_aligned_to_uniform_25hz,True,0,,
weda,C:\Users\ADMIN\Desktop\ds-fall\data\raw\WEDA-FALL-main\dataset\25Hz\D10\U10_R01_accel.csv,U10,R01,D10,25.0,25.0,220,221,8.8,24.7821862034007,24.999999999999996,raw_25hz_time_aligned_to_uniform_25hz,True,0,,
weda,C:\Users\ADMIN\Desktop\ds-fall\data\raw\WEDA-FALL-main\dataset\25Hz\D10\U10_R02_accel.csv,U10,R02,D10,25.0,25.0,291,293,11.68,24.752475968831366,25.0,raw_25hz_time_aligned_to_uniform_25hz,True,0,,
weda,C:\Users\ADMIN\Desktop\ds-fall\data\raw\WEDA-FALL-main\dataset\25Hz\D10\U10_R03_accel.csv,U10,R03,D10,25.0,25.0,281,283,11.28,24.769992922859164,25.0,raw_25hz_time_aligned_to_uniform_25hz,True,0,,
weda,C:\Users\ADMIN\Desktop\ds-fall\data\raw\WEDA-FALL-main\dataset\25Hz\D10\U11_R01_accel.csv,U11,R01,D10,25.0,25.0,254,256,10.200000000000001,24.7662865847091,24.999999999999996,raw_25hz_time_aligned_to_uniform_25hz,True,0,,
weda,C:\Users\ADMIN\Desktop\ds-fall\data\raw\WEDA-FALL-main\dataset\25Hz\D10\U11_R02_accel.csv,U11,R02,D10,25.0,25.0,195,195,7.76,24.911720063352142,25.0,raw_25hz_time_aligned_to_uniform_25hz,True,0,,
weda,C:\Users\ADMIN\Desktop\ds-fall\data\raw\WEDA-FALL-main\dataset\25Hz\D10\U11_R03_accel.csv,U11,R03,D10,25.0,25.0,185,186,7.4,24.826284495287034,25.0,raw_25hz_time_aligned_to_uniform_25hz,True,0,,
weda,C:\Users\ADMIN\Desktop\ds-fall\data\raw\WEDA-FALL-main\dataset\25Hz\D10\U12_R01_accel.csv,U12,R01,D10,25.0,25.0,261,263,10.479999999999999,24.747765200861963,25.000000000000004,raw_25hz_time_aligned_to_uniform_25hz,True,0,,
weda,C:\Users\ADMIN\Desktop\ds-fall\data\raw\WEDA-FALL-main\dataset\25Hz\D10\U12_R02_accel.csv,U12,R02,D10,25.0,25.0,252,253,10.08,24.824448863138386,25.0,raw_25hz_time_aligned_to_uniform_25hz,True,0,,
weda,C:\Users\ADMIN\Desktop\ds-fall\data\raw\WEDA-FALL-main\dataset\25Hz\D10\U12_R03_accel.csv,U12,R03,D10,25.0,25.0,200,202,8.040000000000001,24.714362780615218,24.999999999999996,raw_25hz_time_aligned_to_uniform_25hz,True,0,,
weda,C:\Users\ADMIN\Desktop\ds-fall\data\raw\WEDA-FALL-main\dataset\25Hz\D10\U13_R01_accel.csv,U13,R01,D10,25.0,25.0,284,286,11.4,24.800631160581617,25.0,raw_25hz_time_aligned_to_uniform_25hz,True,0,,
weda,C:\Users\ADMIN\Desktop\ds-fall\data\raw\WEDA-FALL-main\dataset\25Hz\D10\U13_R02_accel.csv,U13,R02,D10,25.0,25.0,299,301,12.0,24.760084792016418,25.0,raw_25hz_time_aligned_to_uniform_25hz,True,0,,
weda,C:\Users\ADMIN\Desktop\ds-fall\data\raw\WEDA-FALL-main\dataset\25Hz\D10\U13_R03_accel.csv,U13,R03,D10,25.0,25.0,271,273,10.88,24.76723391899992,24.999999999999996,raw_25hz_time_aligned_to_uniform_25hz,True,0,,
weda,C:\Users\ADMIN\Desktop\ds-fall\data\raw\WEDA-FALL-main\dataset\25Hz\D10\U14_R01_accel.csv,U14,R01,D10,25.0,25.0,197,199,7.92,24.70380993483435,25.0,raw_25hz_time_aligned_to_uniform_25hz,True,0,,
weda,C:\Users\ADMIN\Desktop\ds-fall\data\raw\WEDA-FALL-main\dataset\25Hz\D10\U14_R02_accel.csv,U14,R02,D10,25.0,25.0,260,261,10.4,24.84770271038922,25.0,raw_25hz_time_aligned_to_uniform_25hz,True,0,,
weda,C:\Users\ADMIN\Desktop\ds-fall\data\raw\WEDA-FALL-main\dataset\25Hz\D10\U14_R03_accel.csv,U14,R03,D10,25.0,25.0,217,219,8.72,24.711139535059043,24.999999999999996,raw_25hz_time_aligned_to_uniform_25hz,True,0,,
weda,C:\Users\ADMIN\Desktop\ds-fall\data\raw\WEDA-FALL-main\dataset\25Hz\D10\U21_R01_accel.csv,U21,R01,D10,25.0,25.0,308,310,12.36,24.834437086092713,25.0,raw_25hz_time_aligned_to_uniform_25hz,True,0,,
weda,C:\Users\ADMIN\Desktop\ds-fall\data\raw\WEDA-FALL-main\dataset\25Hz\D10\U21_R02_accel.csv,U21,R02,D10,25.0,25.0,301,304,12.120000000000001,24.76920217839779,24.999999999999996,raw_25hz_time_aligned_to_uniform_25hz,True,0,,
weda,C:\Users\ADMIN\Desktop\ds-fall\data\raw\WEDA-FALL-main\dataset\25Hz\D10\U21_R03_accel.csv,U21,R03,D10,25.0,25.0,291,293,11.68,24.772562296931994,25.0,raw_25hz_time_aligned_to_uniform_25hz,True,0,,
weda,C:\Users\ADMIN\Desktop\ds-fall\data\raw\WEDA-FALL-main\dataset\25Hz\D10\U22_R01_accel.csv,U22,R01,D10,25.0,25.0,262,264,10.52,24.76868377591335,25.0,raw_25hz_time_aligned_to_uniform_25hz,True,0,,
weda,C:\Users\ADMIN\Desktop\ds-fall\data\raw\WEDA-FALL-main\dataset\25Hz\D10\U22_R02_accel.csv,U22,R02,D10,25.0,25.0,237,239,9.52,24.75536345922488,25.0,raw_25hz_time_aligned_to_uniform_25hz,True,0,,
weda,C:\Users\ADMIN\Desktop\ds-fall\data\raw\WEDA-FALL-main\dataset\25Hz\D10\U22_R03_accel.csv,U22,R03,D10,25.0,25.0,289,292,11.64,24.707246021324494,25.0,raw_25hz_time_aligned_to_uniform_25hz,True,0,,
weda,C:\Users\ADMIN\Desktop\ds-fall\data\raw\WEDA-FALL-main\dataset\25Hz\D10\U23_R01_accel.csv,U23,R01,D10,25.0,25.0,294,296,11.8,24.798993046815937,25.0,raw_25hz_time_aligned_to_uniform_25hz,True,0,,
weda,C:\Users\ADMIN\Desktop\ds-fall\data\raw\WEDA-FALL-main\dataset\25Hz\D10\U23_R02_accel.csv,U23,R02,D10,25.0,25.0,187,187,7.44,24.87296112946664,25.0,raw_25hz_time_aligned_to_uniform_25hz,True,0,,
weda,C:\Users\ADMIN\Desktop\ds-fall\data\raw\WEDA-FALL-main\dataset\25Hz\D10\U23_R03_accel.csv,U23,R03,D10,25.0,25.0,212,214,8.52,24.72897820345419,25.0,raw_25hz_time_aligned_to_uniform_25hz,True,0,,
weda,C:\Users\ADMIN\Desktop\ds-fall\data\raw\WEDA-FALL-main\dataset\25Hz\D10\U24_R01_accel.csv,U24,R01,D10,25.0,25.0,243,246,9.8,24.712122029055557,24.999999999999996,raw_25hz_time_aligned_to_uniform_25hz,True,0,,
weda,C:\Users\ADMIN\Desktop\ds-fall\data\raw\WEDA-FALL-main\dataset\25Hz\D10\U24_R02_accel.csv,U24,R02,D10,25.0,25.0,222,223,8.88,24.800809239442447,24.999999999999996,raw_25hz_time_aligned_to_uniform_25hz,True,0,,
weda,C:\Users\ADMIN\Desktop\ds-fall\data\raw\WEDA-FALL-main\dataset\25Hz\D10\U24_R03_accel.csv,U24,R03,D10,25.0,25.0,197,198,7.88,24.841951786574406,25.0,raw_25hz_time_aligned_to_uniform_25hz,True,0,,
weda,C:\Users\ADMIN\Desktop\ds-fall\data\raw\WEDA-FALL-main\dataset\25Hz\D10\U25_R01_accel.csv,U25,R01,D10,25.0,25.0,264,267,10.64,24.661260673533043,25.0,raw_25hz_time_aligned_to_uniform_25hz,True,0,,
weda,C:\Users\ADMIN\Desktop\ds-fall\data\raw\WEDA-FALL-main\dataset\25Hz\D10\U25_R02_accel.csv,U25,R02,D10,25.0,25.0,220,221,8.8,25.072987172566357,24.999999999999996,raw_25hz_time_aligned_to_uniform_25hz,True,0,,
weda,C:\Users\ADMIN\Desktop\ds-fall\data\raw\WEDA-FALL-main\dataset\25Hz\D10\U26_R01_accel.csv,U26,R01,D10,25.0,25.0,185,186,7.4,24.814576353801776,25.0,raw_25hz_time_aligned_to_uniform_25hz,True,0,,
weda,C:\Users\ADMIN\Desktop\ds-fall\data\raw\WEDA-FALL-main\dataset\25Hz\D10\U26_R02_accel.csv,U26,R02,D10,25.0,25.0,242,243,9.68,24.809553485073067,25.0,raw_25hz_time_aligned_to_uniform_25hz,True,0,,
weda,C:\Users\ADMIN\Desktop\ds-fall\data\raw\WEDA-FALL-main\dataset\25Hz\D10\U26_R03_accel.csv,U26,R03,D10,25.0,25.0,280,284,11.32,24.680510126528905,25.0,raw_25hz_time_aligned_to_uniform_25hz,True,0,,
weda,C:\Users\ADMIN\Desktop\ds-fall\data\raw\WEDA-FALL-main\dataset\25Hz\D10\U27_R01_accel.csv,U27,R01,D10,25.0,25.0,190,191,7.6000000000000005,24.77065283906084,25.0,raw_25hz_time_aligned_to_uniform_25hz,True,0,,
weda,C:\Users\ADMIN\Desktop\ds-fall\data\raw\WEDA-FALL-main\dataset\25Hz\D10\U27_R02_accel.csv,U27,R02,D10,25.0,25.0,188,189,7.5200000000000005,24.80436162004076,25.0,raw_25hz_time_aligned_to_uniform_25hz,True,0,,
weda,C:\Users\ADMIN\Desktop\ds-fall\data\raw\WEDA-FALL-main\dataset\25Hz\D10\U27_R03_accel.csv,U27,R03,D10,25.0,25.0,249,251,10.0,24.78636904532157,25.0,raw_25hz_time_aligned_to_uniform_25hz,True,0,,
weda,C:\Users\ADMIN\Desktop\ds-fall\data\raw\WEDA-FALL-main\dataset\25Hz\D10\U28_R01_accel.csv,U28,R01,D10,25.0,25.0,247,248,9.88,24.80842681198002,24.999999999999996,raw_25hz_time_aligned_to_uniform_25hz,True,0,,
weda,C:\Users\ADMIN\Desktop\ds-fall\data\raw\WEDA-FALL-main\dataset\25Hz\D10\U28_R02_accel.csv,U28,R02,D10,25.0,25.0,219,221,8.8,24.710961328293003,24.999999999999996,raw_25hz_time_aligned_to_uniform_25hz,True,0,,
weda,C:\Users\ADMIN\Desktop\ds-fall\data\raw\WEDA-FALL-main\dataset\25Hz\D10\U28_R03_accel.csv,U28,R03,D10,25.0,25.0,244,245,9.76,24.797183594327617,25.0,raw_25hz_time_aligned_to_uniform_25hz,True,0,,
weda,C:\Users\ADMIN\Desktop\ds-fall\data\raw\WEDA-FALL-main\dataset\25Hz\D10\U29_R01_accel.csv,U29,R01,D10,25.0,25.0,215,216,8.6,24.81734895048127,25.0,raw_25hz_time_aligned_to_uniform_25hz,True,0,,
weda,C:\Users\ADMIN\Desktop\ds-fall\data\raw\WEDA-FALL-main\dataset\25Hz\D10\U29_R02_accel.csv,U29,R02,D10,25.0,25.0,173,173,6.88,24.878861372218203,25.0,raw_25hz_time_aligned_to_uniform_25hz,True,0,,
weda,C:\Users\ADMIN\Desktop\ds-fall\data\raw\WEDA-FALL-main\dataset\25Hz\D10\U29_R03_accel.csv,U29,R03,D10,25.0,25.0,177,178,7.08,24.762574867534514,25.0,raw_25hz_time_aligned_to_uniform_25hz,True,0,,
weda,C:\Users\ADMIN\Desktop\ds-fall\data\raw\WEDA-FALL-main\dataset\25Hz\D10\U30_R01_accel.csv,U30,R01,D10,25.0,25.0,205,206,8.2,24.855316090627365,25.000000000000004,raw_25hz_time_aligned_to_uniform_25hz,True,0,,
weda,C:\Users\ADMIN\Desktop\ds-fall\data\raw\WEDA-FALL-main\dataset\25Hz\D10\U30_R02_accel.csv,U30,R02,D10,25.0,25.0,185,189,7.5200000000000005,24.406421667253113,25.0,raw_25hz_time_aligned_to_uniform_25hz,True,0,,
weda,C:\Users\ADMIN\Desktop\ds-fall\data\raw\WEDA-FALL-main\dataset\25Hz\D10\U30_R03_accel.csv,U30,R03,D10,25.0,25.0,158,159,6.32,24.75950227167141,25.0,raw_25hz_time_aligned_to_uniform_25hz,True,0,,
weda,C:\Users\ADMIN\Desktop\ds-fall\data\raw\WEDA-FALL-main\dataset\25Hz\D10\U31_R01_accel.csv,U31,R01,D10,25.0,25.0,200,200,7.96,24.87658986893812,25.0,raw_25hz_time_aligned_to_uniform_25hz,True,0,,
weda,C:\Users\ADMIN\Desktop\ds-fall\data\raw\WEDA-FALL-main\dataset\25Hz\D10\U31_R02_accel.csv,U31,R02,D10,25.0,25.0,205,206,8.2,24.841700974279256,25.000000000000004,raw_25hz_time_aligned_to_uniform_25hz,True,0,,
weda,C:\Users\ADMIN\Desktop\ds-fall\data\raw\WEDA-FALL-main\dataset\25Hz\D10\U31_R03_accel.csv,U31,R03,D10,25.0,25.0,185,185,7.36,24.91705885151142,25.0,raw_25hz_time_aligned_to_uniform_25hz,True,0,,
weda,C:\Users\ADMIN\Desktop\ds-fall\data\raw\WEDA-FALL-main\dataset\25Hz\D11\U01_R01_accel.csv,U01,R01,D11,25.0,25.0,365,368,14.68,24.747594956700837,25.0,raw_25hz_time_aligned_to_uniform_25hz,True,0,,
weda,C:\Users\ADMIN\Desktop\ds-fall\data\raw\WEDA-FALL-main\dataset\25Hz\D11\U01_R02_accel.csv,U01,R02,D11,25.0,25.0,381,383,15.280000000000001,24.79690339231088,24.999999999999996,raw_25hz_time_aligned_to_uniform_25hz,True,0,,
weda,C:\Users\ADMIN\Desktop\ds-fall\data\raw\WEDA-FALL-main\dataset\25Hz\D11\U01_R03_accel.csv,U01,R03,D11,25.0,25.0,383,386,15.4,24.778648366843406,25.0,raw_25hz_time_aligned_to_uniform_25hz,True,0,,
weda,C:\Users\ADMIN\Desktop\ds-fall\data\raw\WEDA-FALL-main\dataset\25Hz\D11\U02_R01_accel.csv,U02,R01,D11,25.0,25.0,412,416,16.6,24.72701022001101,24.999999999999996,raw_25hz_time_aligned_to_uniform_25hz,True,0,,
weda,C:\Users\ADMIN\Desktop\ds-fall\data\raw\WEDA-FALL-main\dataset\25Hz\D11\U02_R02_accel.csv,U02,R02,D11,25.0,25.0,303,305,12.16,24.8072714888507,25.0,raw_25hz_time_aligned_to_uniform_25hz,True,0,,
weda,C:\Users\ADMIN\Desktop\ds-fall\data\raw\WEDA-FALL-main\dataset\25Hz\D11\U02_R03_accel.csv,U02,R03,D11,25.0,25.0,388,390,15.56,24.805307818932057,25.0,raw_25hz_time_aligned_to_uniform_25hz,True,0,,
weda,C:\Users\ADMIN\Desktop\ds-fall\data\raw\WEDA-FALL-main\dataset\25Hz\D11\U03_R01_accel.csv,U03,R01,D11,25.0,25.0,339,341,13.6,24.83011940907378,25.0,raw_25hz_time_aligned_to_uniform_25hz,True,0,,
weda,C:\Users\ADMIN\Desktop\ds-fall\data\raw\WEDA-FALL-main\dataset\25Hz\D11\U03_R02_accel.csv,U03,R02,D11,25.0,25.0,252,253,10.08,24.825676337852606,25.0,raw_25hz_time_aligned_to_uniform_25hz,True,0,,
weda,C:\Users\ADMIN\Desktop\ds-fall\data\raw\WEDA-FALL-main\dataset\25Hz\D11\U03_R03_accel.csv,U03,R03,D11,25.0,25.0,306,308,12.280000000000001,24.73543760944493,24.999999999999996,raw_25hz_time_aligned_to_uniform_25hz,True,0,,
weda,C:\Users\ADMIN\Desktop\ds-fall\data\raw\WEDA-FALL-main\dataset\25Hz\D11\U04_R01_accel.csv,U04,R01,D11,25.0,25.0,274,276,11.0,24.759658987846908,25.0,raw_25hz_time_aligned_to_uniform_25hz,True,0,,
weda,C:\Users\ADMIN\Desktop\ds-fall\data\raw\WEDA-FALL-main\dataset\25Hz\D11\U04_R02_accel.csv,U04,R02,D11,25.0,25.0,256,258,10.28,24.78174174396569,25.0,raw_25hz_time_aligned_to_uniform_25hz,True,0,,
weda,C:\Users\ADMIN\Desktop\ds-fall\data\raw\WEDA-FALL-main\dataset\25Hz\D11\U04_R03_accel.csv,U04,R03,D11,25.0,25.0,218,218,8.68,24.911048114617493,25.0,raw_25hz_time_aligned_to_uniform_25hz,True,0,,
weda,C:\Users\ADMIN\Desktop\ds-fall\data\raw\WEDA-FALL-main\dataset\25Hz\D11\U05_R01_accel.csv,U05,R01,D11,25.0,25.0,459,464,18.52,24.708676808656378,25.0,raw_25hz_time_aligned_to_uniform_25hz,True,0,,
weda,C:\Users\ADMIN\Desktop\ds-fall\data\raw\WEDA-FALL-main\dataset\25Hz\D11\U05_R02_accel.csv,U05,R02,D11,25.0,25.0,482,486,19.400000000000002,24.75298502960599,24.999999999999996,raw_25hz_time_aligned_to_uniform_25hz,True,0,,
weda,C:\Users\ADMIN\Desktop\ds-fall\data\raw\WEDA-FALL-main\dataset\25Hz\D11\U05_R03_accel.csv,U05,R03,D11,25.0,25.0,415,419,16.72,24.731921701620855,25.0,raw_25hz_time_aligned_to_uniform_25hz,True,0,,
weda,C:\Users\ADMIN\Desktop\ds-fall\data\raw\WEDA-FALL-main\dataset\25Hz\D11\U06_R01_accel.csv,U06,R01,D11,25.0,25.0,414,418,16.68,24.741650464013805,25.0,raw_25hz_time_aligned_to_uniform_25hz,True,0,,
weda,C:\Users\ADMIN\Desktop\ds-fall\data\raw\WEDA-FALL-main\dataset\25Hz\D11\U06_R02_accel.csv,U06,R02,D11,25.0,25.0,399,403,16.080000000000002,24.73458710557618,24.999999999999996,raw_25hz_time_aligned_to_uniform_25hz,True,0,,
weda,C:\Users\ADMIN\Desktop\ds-fall\data\raw\WEDA-FALL-main\dataset\25Hz\D11\U06_R03_accel.csv,U06,R03,D11,25.0,25.0,404,407,16.240000000000002,24.770276815550396,24.999999999999996,raw_25hz_time_aligned_to_uniform_25hz,True,0,,
weda,C:\Users\ADMIN\Desktop\ds-fall\data\raw\WEDA-FALL-main\dataset\25Hz\D11\U07_R01_accel.csv,U07,R01,D11,25.0,25.0,386,388,15.48,24.82669740486368,25.0,raw_25hz_time_aligned_to_uniform_25hz,True,0,,
weda,C:\Users\ADMIN\Desktop\ds-fall\data\raw\WEDA-FALL-main\dataset\25Hz\D11\U07_R02_accel.csv,U07,R02,D11,25.0,25.0,417,421,16.8,24.74864690876197,25.0,raw_25hz_time_aligned_to_uniform_25hz,True,0,,
weda,C:\Users\ADMIN\Desktop\ds-fall\data\raw\WEDA-FALL-main\dataset\25Hz\D11\U07_R03_accel.csv,U07,R03,D11,25.0,25.0,444,448,17.88,24.742384145236194,25.0,raw_25hz_time_aligned_to_uniform_25hz,True,0,,
weda,C:\Users\ADMIN\Desktop\ds-fall\data\raw\WEDA-FALL-main\dataset\25Hz\D11\U08_R01_accel.csv,U08,R01,D11,25.0,25.0,368,370,14.76,24.8241341991342,25.0,raw_25hz_time_aligned_to_uniform_25hz,True,0,,
weda,C:\Users\ADMIN\Desktop\ds-fall\data\raw\WEDA-FALL-main\dataset\25Hz\D11\U08_R02_accel.csv,U08,R02,D11,25.0,25.0,311,314,12.52,24.72385057965137,25.0,raw_25hz_time_aligned_to_uniform_25hz,True,0,,
weda,C:\Users\ADMIN\Desktop\ds-fall\data\raw\WEDA-FALL-main\dataset\25Hz\D11\U08_R03_accel.csv,U08,R03,D11,25.0,25.0,304,306,12.200000000000001,24.7812353126548,24.999999999999996,raw_25hz_time_aligned_to_uniform_25hz,True,0,,
weda,C:\Users\ADMIN\Desktop\ds-fall\data\raw\WEDA-FALL-main\dataset\25Hz\D11\U09_R01_accel.csv,U09,R01,D11,25.0,25.0,358,361,14.4,24.760718749735872,25.0,raw_25hz_time_aligned_to_uniform_25hz,True,0,,
weda,C:\Users\ADMIN\Desktop\ds-fall\data\raw\WEDA-FALL-main\dataset\25Hz\D11\U09_R02_accel.csv,U09,R02,D11,25.0,25.0,405,408,16.28,24.765526754960277,25.0,raw_25hz_time_aligned_to_uniform_25hz,True,0,,
weda,C:\Users\ADMIN\Desktop\ds-fall\data\raw\WEDA-FALL-main\dataset\25Hz\D11\U09_R03_accel.csv,U09,R03,D11,25.0,25.0,447,451,18.0,24.739987455516644,25.0,raw_25hz_time_aligned_to_uniform_25hz,True,0,,
weda,C:\Users\ADMIN\Desktop\ds-fall\data\raw\WEDA-FALL-main\dataset\25Hz\D11\U10_R01_accel.csv,U10,R01,D11,25.0,25.0,390,394,15.72,24.737679255489567,25.0,raw_25hz_time_aligned_to_uniform_25hz,True,0,,
weda,C:\Users\ADMIN\Desktop\ds-fall\data\raw\WEDA-FALL-main\dataset\25Hz\D11\U10_R02_accel.csv,U10,R02,D11,25.0,25.0,346,349,13.92,24.770247112180478,25.0,raw_25hz_time_aligned_to_uniform_25hz,True,0,,
weda,C:\Users\ADMIN\Desktop\ds-fall\data\raw\WEDA-FALL-main\dataset\25Hz\D11\U10_R03_accel.csv,U10,R03,D11,25.0,25.0,335,338,13.48,24.800731819421276,25.0,raw_25hz_time_aligned_to_uniform_25hz,True,0,,
weda,C:\Users\ADMIN\Desktop\ds-fall\data\raw\WEDA-FALL-main\dataset\25Hz\D11\U11_R01_accel.csv,U11,R01,D11,25.0,25.0,286,289,11.52,24.719215360227636,25.0,raw_25hz_time_aligned_to_uniform_25hz,True,0,,
weda,C:\Users\ADMIN\Desktop\ds-fall\data\raw\WEDA-FALL-main\dataset\25Hz\D11\U11_R02_accel.csv,U11,R02,D11,25.0,25.0,297,298,11.88,24.90639107369544,25.0,raw_25hz_time_aligned_to_uniform_25hz,True,0,,
weda,C:\Users\ADMIN\Desktop\ds-fall\data\raw\WEDA-FALL-main\dataset\25Hz\D11\U11_R03_accel.csv,U11,R03,D11,25.0,25.0,314,316,12.6,24.797006661679198,25.0,raw_25hz_time_aligned_to_uniform_25hz,True,0,,
weda,C:\Users\ADMIN\Desktop\ds-fall\data\raw\WEDA-FALL-main\dataset\25Hz\D11\U12_R01_accel.csv,U12,R01,D11,25.0,25.0,280,281,11.199999999999998,24.772918503372843,25.000000000000007,raw_25hz_time_aligned_to_uniform_25hz,True,0,,
weda,C:\Users\ADMIN\Desktop\ds-fall\data\raw\WEDA-FALL-main\dataset\25Hz\D11\U12_R02_accel.csv,U12,R02,D11,25.0,25.0,247,249,9.92,24.755968831870845,25.0,raw_25hz_time_aligned_to_uniform_25hz,True,0,,
weda,C:\Users\ADMIN\Desktop\ds-fall\data\raw\WEDA-FALL-main\dataset\25Hz\D11\U12_R03_accel.csv,U12,R03,D11,25.0,25.0,210,212,8.44,24.73227137638454,25.0,raw_25hz_time_aligned_to_uniform_25hz,True,0,,
weda,C:\Users\ADMIN\Desktop\ds-fall\data\raw\WEDA-FALL-main\dataset\25Hz\D11\U13_R01_accel.csv,U13,R01,D11,25.0,25.0,301,304,12.120000000000001,24.73920756277769,24.999999999999996,raw_25hz_time_aligned_to_uniform_25hz,True,0,,
weda,C:\Users\ADMIN\Desktop\ds-fall\data\raw\WEDA-FALL-main\dataset\25Hz\D11\U13_R02_accel.csv,U13,R02,D11,25.0,25.0,297,298,11.88,24.86872615488867,25.0,raw_25hz_time_aligned_to_uniform_25hz,True,0,,
weda,C:\Users\ADMIN\Desktop\ds-fall\data\raw\WEDA-FALL-main\dataset\25Hz\D11\U13_R03_accel.csv,U13,R03,D11,25.0,25.0,301,303,12.08,24.82518967455627,25.0,raw_25hz_time_aligned_to_uniform_25hz,True,0,,
weda,C:\Users\ADMIN\Desktop\ds-fall\data\raw\WEDA-FALL-main\dataset\25Hz\D11\U14_R01_accel.csv,U14,R01,D11,25.0,25.0,336,339,13.52,24.755220573369492,25.0,raw_25hz_time_aligned_to_uniform_25hz,True,0,,
weda,C:\Users\ADMIN\Desktop\ds-fall\data\raw\WEDA-FALL-main\dataset\25Hz\D11\U14_R02_accel.csv,U14,R02,D11,25.0,25.0,327,339,13.52,24.420969142031737,25.0,raw_25hz_time_aligned_to_uniform_25hz,True,0,,
weda,C:\Users\ADMIN\Desktop\ds-fall\data\raw\WEDA-FALL-main\dataset\25Hz\D11\U14_R03_accel.csv,U14,R03,D11,25.0,25.0,321,323,12.88,24.835080896156114,25.0,raw_25hz_time_aligned_to_uniform_25hz,True,0,,
weda,C:\Users\ADMIN\Desktop\ds-fall\data\raw\WEDA-FALL-main\dataset\25Hz\D11\U21_R01_accel.csv,U21,R01,D11,25.0,25.0,286,288,11.48,24.732079726248912,25.0,raw_25hz_time_aligned_to_uniform_25hz,True,0,,
weda,C:\Users\ADMIN\Desktop\ds-fall\data\raw\WEDA-FALL-main\dataset\25Hz\D11\U21_R02_accel.csv,U21,R02,D11,25.0,25.0,333,336,13.4,24.73550941526088,25.0,raw_25hz_time_aligned_to_uniform_25hz,True,0,,
weda,C:\Users\ADMIN\Desktop\ds-fall\data\raw\WEDA-FALL-main\dataset\25Hz\D11\U22_R01_accel.csv,U22,R01,D11,25.0,25.0,427,432,17.240000000000002,24.731618068745803,24.999999999999996,raw_25hz_time_aligned_to_uniform_25hz,True,0,,
weda,C:\Users\ADMIN\Desktop\ds-fall\data\raw\WEDA-FALL-main\dataset\25Hz\D11\U22_R02_accel.csv,U22,R02,D11,25.0,25.0,301,303,12.08,24.812869990288974,25.0,raw_25hz_time_aligned_to_uniform_25hz,True,0,,
weda,C:\Users\ADMIN\Desktop\ds-fall\data\raw\WEDA-FALL-main\dataset\25Hz\D11\U23_R01_accel.csv,U23,R01,D11,25.0,25.0,248,249,9.92,24.82536967632633,25.0,raw_25hz_time_aligned_to_uniform_25hz,True,0,,
weda,C:\Users\ADMIN\Desktop\ds-fall\data\raw\WEDA-FALL-main\dataset\25Hz\D11\U23_R02_accel.csv,U23,R02,D11,25.0,25.0,274,276,11.0,24.796767707608453,25.0,raw_25hz_time_aligned_to_uniform_25hz,True,0,,
weda,C:\Users\ADMIN\Desktop\ds-fall\data\raw\WEDA-FALL-main\dataset\25Hz\D11\U23_R03_accel.csv,U23,R03,D11,25.0,25.0,266,268,10.68,24.736305138054913,25.0,raw_25hz_time_aligned_to_uniform_25hz,True,0,,
weda,C:\Users\ADMIN\Desktop\ds-fall\data\raw\WEDA-FALL-main\dataset\25Hz\D11\U24_R01_accel.csv,U24,R01,D11,25.0,25.0,166,166,6.6000000000000005,24.943311227622033,24.999999999999996,raw_25hz_time_aligned_to_uniform_25hz,True,0,,
weda,C:\Users\ADMIN\Desktop\ds-fall\data\raw\WEDA-FALL-main\dataset\25Hz\D11\U24_R02_accel.csv,U24,R02,D11,25.0,25.0,214,216,8.6,24.78664852319973,25.0,raw_25hz_time_aligned_to_uniform_25hz,True,0,,
weda,C:\Users\ADMIN\Desktop\ds-fall\data\raw\WEDA-FALL-main\dataset\25Hz\D11\U24_R03_accel.csv,U24,R03,D11,25.0,25.0,185,185,7.36,24.93225344243728,25.0,raw_25hz_time_aligned_to_uniform_25hz,True,0,,
weda,C:\Users\ADMIN\Desktop\ds-fall\data\raw\WEDA-FALL-main\dataset\25Hz\D11\U25_R01_accel.csv,U25,R01,D11,25.0,25.0,247,249,9.92,24.737325051731695,25.0,raw_25hz_time_aligned_to_uniform_25hz,True,0,,
weda,C:\Users\ADMIN\Desktop\ds-fall\data\raw\WEDA-FALL-main\dataset\25Hz\D11\U25_R02_accel.csv,U25,R02,D11,25.0,25.0,202,203,8.08,24.759793428182668,25.0,raw_25hz_time_aligned_to_uniform_25hz,True,0,,
weda,C:\Users\ADMIN\Desktop\ds-fall\data\raw\WEDA-FALL-main\dataset\25Hz\D11\U26_R01_accel.csv,U26,R01,D11,25.0,25.0,205,206,8.2,24.77381756659601,25.000000000000004,raw_25hz_time_aligned_to_uniform_25hz,True,0,,
weda,C:\Users\ADMIN\Desktop\ds-fall\data\raw\WEDA-FALL-main\dataset\25Hz\D11\U26_R02_accel.csv,U26,R02,D11,25.0,25.0,153,154,6.12,24.7416048399447,25.0,raw_25hz_time_aligned_to_uniform_25hz,True,0,,
weda,C:\Users\ADMIN\Desktop\ds-fall\data\raw\WEDA-FALL-main\dataset\25Hz\D11\U26_R03_accel.csv,U26,R03,D11,25.0,25.0,145,146,5.8,24.69771195110018,25.0,raw_25hz_time_aligned_to_uniform_25hz,True,0,,
weda,C:\Users\ADMIN\Desktop\ds-fall\data\raw\WEDA-FALL-main\dataset\25Hz\D11\U27_R01_accel.csv,U27,R01,D11,25.0,25.0,197,198,7.879999999999999,24.789730068151545,25.000000000000004,raw_25hz_time_aligned_to_uniform_25hz,True,0,,
weda,C:\Users\ADMIN\Desktop\ds-fall\data\raw\WEDA-FALL-main\dataset\25Hz\D11\U27_R02_accel.csv,U27,R02,D11,25.0,25.0,194,196,7.8,24.72299222384509,25.0,raw_25hz_time_aligned_to_uniform_25hz,True,0,,
weda,C:\Users\ADMIN\Desktop\ds-fall\data\raw\WEDA-FALL-main\dataset\25Hz\D11\U27_R03_accel.csv,U27,R03,D11,25.0,25.0,140,141,5.6000000000000005,24.80150057219869,24.999999999999996,raw_25hz_time_aligned_to_uniform_25hz,True,0,,
weda,C:\Users\ADMIN\Desktop\ds-fall\data\raw\WEDA-FALL-main\dataset\25Hz\D11\U28_R01_accel.csv,U28,R01,D11,25.0,25.0,188,189,7.5200000000000005,24.810933168619407,25.0,raw_25hz_time_aligned_to_uniform_25hz,True,0,,
weda,C:\Users\ADMIN\Desktop\ds-fall\data\raw\WEDA-FALL-main\dataset\25Hz\D11\U28_R02_accel.csv,U28,R02,D11,25.0,25.0,200,201,8.0,24.79291603429945,25.0,raw_25hz_time_aligned_to_uniform_25hz,True,0,,
weda,C:\Users\ADMIN\Desktop\ds-fall\data\raw\WEDA-FALL-main\dataset\25Hz\D11\U28_R03_accel.csv,U28,R03,D11,25.0,25.0,224,226,9.0,24.750277774359454,25.0,raw_25hz_time_aligned_to_uniform_25hz,True,0,,
weda,C:\Users\ADMIN\Desktop\ds-fall\data\raw\WEDA-FALL-main\dataset\25Hz\D11\U29_R01_accel.csv,U29,R01,D11,25.0,25.0,219,221,8.8,24.742353530615468,24.999999999999996,raw_25hz_time_aligned_to_uniform_25hz,True,0,,
weda,C:\Users\ADMIN\Desktop\ds-fall\data\raw\WEDA-FALL-main\dataset\25Hz\D11\U29_R02_accel.csv,U29,R02,D11,25.0,25.0,198,197,7.839999999999999,24.99682821618878,25.000000000000004,raw_25hz_time_aligned_to_uniform_25hz,True,0,,
weda,C:\Users\ADMIN\Desktop\ds-fall\data\raw\WEDA-FALL-main\dataset\25Hz\D11\U29_R03_accel.csv,U29,R03,D11,25.0,25.0,168,168,6.68,24.975698557435948,25.0,raw_25hz_time_aligned_to_uniform_25hz,True,0,,
weda,C:\Users\ADMIN\Desktop\ds-fall\data\raw\WEDA-FALL-main\dataset\25Hz\D11\U30_R01_accel.csv,U30,R01,D11,25.0,25.0,163,163,6.48,25.171408224601386,25.0,raw_25hz_time_aligned_to_uniform_25hz,True,0,,
weda,C:\Users\ADMIN\Desktop\ds-fall\data\raw\WEDA-FALL-main\dataset\25Hz\D11\U30_R02_accel.csv,U30,R02,D11,25.0,25.0,182,184,7.32,24.727607890265475,25.0,raw_25hz_time_aligned_to_uniform_25hz,True,0,,
weda,C:\Users\ADMIN\Desktop\ds-fall\data\raw\WEDA-FALL-main\dataset\25Hz\D11\U31_R01_accel.csv,U31,R01,D11,25.0,25.0,185,186,7.4,24.831754515120117,25.0,raw_25hz_time_aligned_to_uniform_25hz,True,0,,
weda,C:\Users\ADMIN\Desktop\ds-fall\data\raw\WEDA-FALL-main\dataset\25Hz\D11\U31_R02_accel.csv,U31,R02,D11,25.0,25.0,150,151,6.0,24.78376580172987,25.0,raw_25hz_time_aligned_to_uniform_25hz,True,0,,
weda,C:\Users\ADMIN\Desktop\ds-fall\data\raw\WEDA-FALL-main\dataset\25Hz\D11\U31_R03_accel.csv,U31,R03,D11,25.0,25.0,165,166,6.6000000000000005,24.77528641456899,24.999999999999996,raw_25hz_time_aligned_to_uniform_25hz,True,0,,
weda,C:\Users\ADMIN\Desktop\ds-fall\data\raw\WEDA-FALL-main\dataset\25Hz\F01\U01_R01_accel.csv,U01,R01,F01,25.0,25.0,313,315,12.56,24.748168399066472,25.0,raw_25hz_time_aligned_to_uniform_25hz,True,0,4.7,7.7
weda,C:\Users\ADMIN\Desktop\ds-fall\data\raw\WEDA-FALL-main\dataset\25Hz\F01\U01_R02_accel.csv,U01,R02,F01,25.0,25.0,316,318,12.68,24.78071348596218,25.0,raw_25hz_time_aligned_to_uniform_25hz,True,0,4.7,7.7
weda,C:\Users\ADMIN\Desktop\ds-fall\data\raw\WEDA-FALL-main\dataset\25Hz\F01\U01_R03_accel.csv,U01,R03,F01,25.0,25.0,351,354,14.120000000000001,24.760364087317797,25.0,raw_25hz_time_aligned_to_uniform_25hz,True,0,5.0,8.0
weda,C:\Users\ADMIN\Desktop\ds-fall\data\raw\WEDA-FALL-main\dataset\25Hz\F01\U02_R01_accel.csv,U02,R01,F01,25.0,25.0,296,298,11.88,24.748322844362946,25.0,raw_25hz_time_aligned_to_uniform_25hz,True,0,5.8,8.8
weda,C:\Users\ADMIN\Desktop\ds-fall\data\raw\WEDA-FALL-main\dataset\25Hz\F01\U02_R02_accel.csv,U02,R02,F01,25.0,25.0,269,271,10.8,24.767802333550485,25.0,raw_25hz_time_aligned_to_uniform_25hz,True,0,4.1,7.1
weda,C:\Users\ADMIN\Desktop\ds-fall\data\raw\WEDA-FALL-main\dataset\25Hz\F01\U02_R03_accel.csv,U02,R03,F01,25.0,25.0,422,425,16.96,24.767619805688327,25.0,raw_25hz_time_aligned_to_uniform_25hz,True,0,4.5,7.5
weda,C:\Users\ADMIN\Desktop\ds-fall\data\raw\WEDA-FALL-main\dataset\25Hz\F01\U03_R01_accel.csv,U03,R01,F01,25.0,25.0,241,244,9.72,24.669183394394825,25.0,raw_25hz_time_aligned_to_uniform_25hz,True,0,3.4,6.4
weda,C:\Users\ADMIN\Desktop\ds-fall\data\raw\WEDA-FALL-main\dataset\25Hz\F01\U03_R02_accel.csv,U03,R02,F01,25.0,25.0,229,231,9.2,24.740937922952096,25.000000000000004,raw_25hz_time_aligned_to_uniform_25hz,True,0,3.5,6.5
weda,C:\Users\ADMIN\Desktop\ds-fall\data\raw\WEDA-FALL-main\dataset\25Hz\F01\U03_R03_accel.csv,U03,R03,F01,25.0,25.0,256,258,10.28,24.831131983086884,25.0,raw_25hz_time_aligned_to_uniform_25hz,True,0,3.0,6.0
weda,C:\Users\ADMIN\Desktop\ds-fall\data\raw\WEDA-FALL-main\dataset\25Hz\F01\U04_R01_accel.csv,U04,R01,F01,25.0,25.0,414,418,16.68,24.72758639993108,25.0,raw_25hz_time_aligned_to_uniform_25hz,True,0,4.3,7.3
weda,C:\Users\ADMIN\Desktop\ds-fall\data\raw\WEDA-FALL-main\dataset\25Hz\F01\U04_R02_accel.csv,U04,R02,F01,25.0,25.0,405,409,16.32,24.73065631206383,25.0,raw_25hz_time_aligned_to_uniform_25hz,True,0,3.7,6.7
weda,C:\Users\ADMIN\Desktop\ds-fall\data\raw\WEDA-FALL-main\dataset\25Hz\F01\U04_R03_accel.csv,U04,R03,F01,25.0,25.0,264,266,10.6,24.79027791667795,25.0,raw_25hz_time_aligned_to_uniform_25hz,True,0,5.0,8.0
weda,C:\Users\ADMIN\Desktop\ds-fall\data\raw\WEDA-FALL-main\dataset\25Hz\F01\U05_R01_accel.csv,U05,R01,F01,25.0,25.0,321,323,12.88,24.797554257260572,25.0,raw_25hz_time_aligned_to_uniform_25hz,True,0,4.5,7.5
weda,C:\Users\ADMIN\Desktop\ds-fall\data\raw\WEDA-FALL-main\dataset\25Hz\F01\U05_R02_accel.csv,U05,R02,F01,25.0,25.0,256,259,10.32,24.680627068873477,25.0,raw_25hz_time_aligned_to_uniform_25hz,True,0,4.0,7.0
weda,C:\Users\ADMIN\Desktop\ds-fall\data\raw\WEDA-FALL-main\dataset\25Hz\F01\U05_R03_accel.csv,U05,R03,F01,25.0,25.0,291,293,11.68,24.786326415932045,25.0,raw_25hz_time_aligned_to_uniform_25hz,True,0,4.6,7.6
weda,C:\Users\ADMIN\Desktop\ds-fall\data\raw\WEDA-FALL-main\dataset\25Hz\F01\U06_R01_accel.csv,U06,R01,F01,25.0,25.0,323,326,13.0,24.702079339127984,25.0,raw_25hz_time_aligned_to_uniform_25hz,True,0,4.5,8.5
weda,C:\Users\ADMIN\Desktop\ds-fall\data\raw\WEDA-FALL-main\dataset\25Hz\F01\U06_R02_accel.csv,U06,R02,F01,25.0,25.0,400,403,16.080000000000002,24.777512143434755,24.999999999999996,raw_25hz_time_aligned_to_uniform_25hz,True,0,6.8,9.8
weda,C:\Users\ADMIN\Desktop\ds-fall\data\raw\WEDA-FALL-main\dataset\25Hz\F01\U06_R03_accel.csv,U06,R03,F01,25.0,25.0,344,346,13.8,24.8002657720912,25.0,raw_25hz_time_aligned_to_uniform_25hz,True,0,4.8,7.8
weda,C:\Users\ADMIN\Desktop\ds-fall\data\raw\WEDA-FALL-main\dataset\25Hz\F01\U07_R01_accel.csv,U07,R01,F01,25.0,25.0,294,297,11.84,25.057821667080397,25.0,raw_25hz_time_aligned_to_uniform_25hz,True,0,3.0,6.0
weda,C:\Users\ADMIN\Desktop\ds-fall\data\raw\WEDA-FALL-main\dataset\25Hz\F01\U07_R02_accel.csv,U07,R02,F01,25.0,25.0,294,296,11.8,24.743543756934503,25.0,raw_25hz_time_aligned_to_uniform_25hz,True,0,3.0,6.0
weda,C:\Users\ADMIN\Desktop\ds-fall\data\raw\WEDA-FALL-main\dataset\25Hz\F01\U07_R03_accel.csv,U07,R03,F01,25.0,25.0,323,326,13.0,24.78294126721127,25.0,raw_25hz_time_aligned_to_uniform_25hz,True,0,3.1,6.1
weda,C:\Users\ADMIN\Desktop\ds-fall\data\raw\WEDA-FALL-main\dataset\25Hz\F01\U08_R01_accel.csv,U08,R01,F01,25.0,25.0,383,386,15.4,24.759375160163103,25.0,raw_25hz_time_aligned_to_uniform_25hz,True,0,5.0,8.0
weda,C:\Users\ADMIN\Desktop\ds-fall\data\raw\WEDA-FALL-main\dataset\25Hz\F01\U08_R02_accel.csv,U08,R02,F01,25.0,25.0,345,348,13.88,24.752655950135697,25.0,raw_25hz_time_aligned_to_uniform_25hz,True,0,5.0,8.0
weda,C:\Users\ADMIN\Desktop\ds-fall\data\raw\WEDA-FALL-main\dataset\25Hz\F01\U08_R03_accel.csv,U08,R03,F01,25.0,25.0,329,331,13.200000000000001,24.834374728807738,24.999999999999996,raw_25hz_time_aligned_to_uniform_25hz,True,0,4.0,7.0
weda,C:\Users\ADMIN\Desktop\ds-fall\data\raw\WEDA-FALL-main\dataset\25Hz\F01\U09_R01_accel.csv,U09,R01,F01,25.0,25.0,353,356,14.200000000000001,24.744297487872004,24.999999999999996,raw_25hz_time_aligned_to_uniform_25hz,True,0,4.0,7.0
weda,C:\Users\ADMIN\Desktop\ds-fall\data\raw\WEDA-FALL-main\dataset\25Hz\F01\U09_R02_accel.csv,U09,R02,F01,25.0,25.0,249,251,10.0,24.791323098872013,25.0,raw_25hz_time_aligned_to_uniform_25hz,True,0,3.0,6.0
weda,C:\Users\ADMIN\Desktop\ds-fall\data\raw\WEDA-FALL-main\dataset\25Hz\F01\U09_R03_accel.csv,U09,R03,F01,25.0,25.0,293,295,11.76,24.74995779774619,25.0,raw_25hz_time_aligned_to_uniform_25hz,True,0,3.0,6.0
weda,C:\Users\ADMIN\Desktop\ds-fall\data\raw\WEDA-FALL-main\dataset\25Hz\F01\U10_R01_accel.csv,U10,R01,F01,25.0,25.0,304,306,12.200000000000001,24.812685934980607,24.999999999999996,raw_25hz_time_aligned_to_uniform_25hz,True,0,4.5,7.5
weda,C:\Users\ADMIN\Desktop\ds-fall\data\raw\WEDA-FALL-main\dataset\25Hz\F01\U10_R02_accel.csv,U10,R02,F01,25.0,25.0,328,331,13.200000000000001,24.756785438814155,24.999999999999996,raw_25hz_time_aligned_to_uniform_25hz,True,0,4.6,7.6
weda,C:\Users\ADMIN\Desktop\ds-fall\data\raw\WEDA-FALL-main\dataset\25Hz\F01\U10_R03_accel.csv,U10,R03,F01,25.0,25.0,311,313,12.48,24.842976714411456,25.0,raw_25hz_time_aligned_to_uniform_25hz,True,0,4.8,7.8
weda,C:\Users\ADMIN\Desktop\ds-fall\data\raw\WEDA-FALL-main\dataset\25Hz\F01\U11_R01_accel.csv,U11,R01,F01,25.0,25.0,197,199,7.92,24.711595470298015,25.0,raw_25hz_time_aligned_to_uniform_25hz,True,0,3.0,6.0
weda,C:\Users\ADMIN\Desktop\ds-fall\data\raw\WEDA-FALL-main\dataset\25Hz\F01\U11_R02_accel.csv,U11,R02,F01,25.0,25.0,217,217,8.64,24.946684213633212,25.0,raw_25hz_time_aligned_to_uniform_25hz,True,0,3.0,6.0
weda,C:\Users\ADMIN\Desktop\ds-fall\data\raw\WEDA-FALL-main\dataset\25Hz\F01\U11_R03_accel.csv,U11,R03,F01,25.0,25.0,271,272,10.84,24.87012360267793,25.0,raw_25hz_time_aligned_to_uniform_25hz,True,0,3.0,6.0
weda,C:\Users\ADMIN\Desktop\ds-fall\data\raw\WEDA-FALL-main\dataset\25Hz\F01\U12_R01_accel.csv,U12,R01,F01,25.0,25.0,348,351,14.0,24.803705129727092,25.0,raw_25hz_time_aligned_to_uniform_25hz,True,0,2.0,5.0
weda,C:\Users\ADMIN\Desktop\ds-fall\data\raw\WEDA-FALL-main\dataset\25Hz\F01\U12_R02_accel.csv,U12,R02,F01,25.0,25.0,237,238,9.48,24.819899701770453,25.0,raw_25hz_time_aligned_to_uniform_25hz,True,0,2.0,5.0
weda,C:\Users\ADMIN\Desktop\ds-fall\data\raw\WEDA-FALL-main\dataset\25Hz\F01\U12_R03_accel.csv,U12,R03,F01,25.0,25.0,234,236,9.4,24.776691050052857,25.0,raw_25hz_time_aligned_to_uniform_25hz,True,0,1.8,4.8
weda,C:\Users\ADMIN\Desktop\ds-fall\data\raw\WEDA-FALL-main\dataset\25Hz\F01\U13_R01_accel.csv,U13,R01,F01,25.0,25.0,243,243,9.68,24.936888193916097,25.0,raw_25hz_time_aligned_to_uniform_25hz,True,0,3.0,6.0
weda,C:\Users\ADMIN\Desktop\ds-fall\data\raw\WEDA-FALL-main\dataset\25Hz\F01\U13_R02_accel.csv,U13,R02,F01,25.0,25.0,390,394,15.72,24.76083233903925,25.0,raw_25hz_time_aligned_to_uniform_25hz,True,0,3.0,6.3
weda,C:\Users\ADMIN\Desktop\ds-fall\data\raw\WEDA-FALL-main\dataset\25Hz\F01\U13_R03_accel.csv,U13,R03,F01,25.0,25.0,264,266,10.6,24.755271961644297,25.0,raw_25hz_time_aligned_to_uniform_25hz,True,0,3.0,6.0
weda,C:\Users\ADMIN\Desktop\ds-fall\data\raw\WEDA-FALL-main\dataset\25Hz\F01\U14_R01_accel.csv,U14,R01,F01,25.0,25.0,449,453,18.080000000000002,24.74933033595665,24.999999999999996,raw_25hz_time_aligned_to_uniform_25hz,True,0,6.7,10.0
weda,C:\Users\ADMIN\Desktop\ds-fall\data\raw\WEDA-FALL-main\dataset\25Hz\F01\U14_R02_accel.csv,U14,R02,F01,25.0,25.0,442,445,17.76,24.778761081503873,24.999999999999996,raw_25hz_time_aligned_to_uniform_25hz,True,0,5.2,9.0
weda,C:\Users\ADMIN\Desktop\ds-fall\data\raw\WEDA-FALL-main\dataset\25Hz\F01\U14_R03_accel.csv,U14,R03,F01,25.0,25.0,380,383,15.280000000000001,24.750225009528,24.999999999999996,raw_25hz_time_aligned_to_uniform_25hz,True,0,4.7,8.5
weda,C:\Users\ADMIN\Desktop\ds-fall\data\raw\WEDA-FALL-main\dataset\25Hz\F02\U01_R01_accel.csv,U01,R01,F02,25.0,25.0,335,338,13.48,24.716026374003796,25.0,raw_25hz_time_aligned_to_uniform_25hz,True,0,5.1,8.1
weda,C:\Users\ADMIN\Desktop\ds-fall\data\raw\WEDA-FALL-main\dataset\25Hz\F02\U01_R02_accel.csv,U01,R02,F02,25.0,25.0,344,345,13.76,24.874902376058714,25.0,raw_25hz_time_aligned_to_uniform_25hz,True,0,5.7,8.7
weda,C:\Users\ADMIN\Desktop\ds-fall\data\raw\WEDA-FALL-main\dataset\25Hz\F02\U01_R03_accel.csv,U01,R03,F02,25.0,25.0,351,353,14.08,24.797196895136906,25.0,raw_25hz_time_aligned_to_uniform_25hz,True,0,5.3,8.3
weda,C:\Users\ADMIN\Desktop\ds-fall\data\raw\WEDA-FALL-main\dataset\25Hz\F02\U02_R01_accel.csv,U02,R01,F02,25.0,25.0,345,348,13.88,24.782383147909286,25.0,raw_25hz_time_aligned_to_uniform_25hz,True,0,4.0,7.0
weda,C:\Users\ADMIN\Desktop\ds-fall\data\raw\WEDA-FALL-main\dataset\25Hz\F02\U02_R02_accel.csv,U02,R02,F02,25.0,25.0,293,296,11.8,24.7038924162463,25.0,raw_25hz_time_aligned_to_uniform_25hz,True,0,4.0,7.0
weda,C:\Users\ADMIN\Desktop\ds-fall\data\raw\WEDA-FALL-main\dataset\25Hz\F02\U02_R03_accel.csv,U02,R03,F02,25.0,25.0,232,233,9.28,24.81203007518797,25.0,raw_25hz_time_aligned_to_uniform_25hz,True,0,4.1,7.1
weda,C:\Users\ADMIN\Desktop\ds-fall\data\raw\WEDA-FALL-main\dataset\25Hz\F02\U03_R01_accel.csv,U03,R01,F02,25.0,25.0,217,218,8.68,24.777747951175606,25.0,raw_25hz_time_aligned_to_uniform_25hz,True,0,3.2,6.2
weda,C:\Users\ADMIN\Desktop\ds-fall\data\raw\WEDA-FALL-main\dataset\25Hz\F02\U03_R02_accel.csv,U03,R02,F02,25.0,25.0,249,251,10.0,24.84006397441024,25.0,raw_25hz_time_aligned_to_uniform_25hz,True,0,3.1,6.1
weda,C:\Users\ADMIN\Desktop\ds-fall\data\raw\WEDA-FALL-main\dataset\25Hz\F02\U03_R03_accel.csv,U03,R03,F02,25.0,25.0,227,228,9.08,24.85702196910575,25.0,raw_25hz_time_aligned_to_uniform_25hz,True,0,3.2,6.2
weda,C:\Users\ADMIN\Desktop\ds-fall\data\raw\WEDA-FALL-main\dataset\25Hz\F02\U04_R01_accel.csv,U04,R01,F02,25.0,25.0,271,273,10.88,24.84727572771478,24.999999999999996,raw_25hz_time_aligned_to_uniform_25hz,True,0,4.0,7.0
weda,C:\Users\ADMIN\Desktop\ds-fall\data\raw\WEDA-FALL-main\dataset\25Hz\F02\U04_R02_accel.csv,U04,R02,F02,25.0,25.0,333,335,13.36,24.8298669072257,25.0,raw_25hz_time_aligned_to_uniform_25hz,True,0,4.0,7.0
weda,C:\Users\ADMIN\Desktop\ds-fall\data\raw\WEDA-FALL-main\dataset\25Hz\F02\U04_R03_accel.csv,U04,R03,F02,25.0,25.0,252,254,10.120000000000001,24.79747182369449,24.999999999999996,raw_25hz_time_aligned_to_uniform_25hz,True,0,4.0,7.0
weda,C:\Users\ADMIN\Desktop\ds-fall\data\raw\WEDA-FALL-main\dataset\25Hz\F02\U05_R01_accel.csv,U05,R01,F02,25.0,25.0,383,386,15.4,24.764189193306635,25.0,raw_25hz_time_aligned_to_uniform_25hz,True,0,4.5,7.5
weda,C:\Users\ADMIN\Desktop\ds-fall\data\raw\WEDA-FALL-main\dataset\25Hz\F02\U05_R02_accel.csv,U05,R02,F02,25.0,25.0,383,386,15.4,24.79473015016719,25.0,raw_25hz_time_aligned_to_uniform_25hz,True,0,4.1,7.1
weda,C:\Users\ADMIN\Desktop\ds-fall\data\raw\WEDA-FALL-main\dataset\25Hz\F02\U05_R03_accel.csv,U05,R03,F02,25.0,25.0,343,346,13.8,24.73242902930403,25.0,raw_25hz_time_aligned_to_uniform_25hz,True,0,4.0,7.0
weda,C:\Users\ADMIN\Desktop\ds-fall\data\raw\WEDA-FALL-main\dataset\25Hz\F02\U06_R01_accel.csv,U06,R01,F02,25.0,25.0,323,326,13.0,24.735948492249243,25.0,raw_25hz_time_aligned_to_uniform_25hz,True,0,4.7,7.7
weda,C:\Users\ADMIN\Desktop\ds-fall\data\raw\WEDA-FALL-main\dataset\25Hz\F02\U06_R02_accel.csv,U06,R02,F02,25.0,25.0,353,355,14.16,24.792232128143254,25.0,raw_25hz_time_aligned_to_uniform_25hz,True,0,5.0,8.0
weda,C:\Users\ADMIN\Desktop\ds-fall\data\raw\WEDA-FALL-main\dataset\25Hz\F02\U06_R03_accel.csv,U06,R03,F02,25.0,25.0,341,342,13.64,24.85380130239754,25.0,raw_25hz_time_aligned_to_uniform_25hz,True,0,4.7,7.7
weda,C:\Users\ADMIN\Desktop\ds-fall\data\raw\WEDA-FALL-main\dataset\25Hz\F02\U07_R01_accel.csv,U07,R01,F02,25.0,25.0,319,321,12.8,24.797258916212257,25.0,raw_25hz_time_aligned_to_uniform_25hz,True,0,4.0,7.0
weda,C:\Users\ADMIN\Desktop\ds-fall\data\raw\WEDA-FALL-main\dataset\25Hz\F02\U07_R02_accel.csv,U07,R02,F02,25.0,25.0,291,293,11.68,24.796924662233614,25.0,raw_25hz_time_aligned_to_uniform_25hz,True,0,3.7,6.7
weda,C:\Users\ADMIN\Desktop\ds-fall\data\raw\WEDA-FALL-main\dataset\25Hz\F02\U07_R03_accel.csv,U07,R03,F02,25.0,25.0,303,306,12.200000000000001,24.761616372864303,24.999999999999996,raw_25hz_time_aligned_to_uniform_25hz,True,0,3.7,6.8
weda,C:\Users\ADMIN\Desktop\ds-fall\data\raw\WEDA-FALL-main\dataset\25Hz\F02\U08_R01_accel.csv,U08,R01,F02,25.0,25.0,378,381,15.200000000000001,24.75215192711356,25.0,raw_25hz_time_aligned_to_uniform_25hz,True,0,5.0,8.0
weda,C:\Users\ADMIN\Desktop\ds-fall\data\raw\WEDA-FALL-main\dataset\25Hz\F02\U08_R02_accel.csv,U08,R02,F02,25.0,25.0,353,356,14.200000000000001,24.756482939104927,24.999999999999996,raw_25hz_time_aligned_to_uniform_25hz,True,0,5.2,8.3
weda,C:\Users\ADMIN\Desktop\ds-fall\data\raw\WEDA-FALL-main\dataset\25Hz\F02\U08_R03_accel.csv,U08,R03,F02,25.0,25.0,347,350,13.96,24.782747384927486,25.0,raw_25hz_time_aligned_to_uniform_25hz,True,0,4.7,8.0
weda,C:\Users\ADMIN\Desktop\ds-fall\data\raw\WEDA-FALL-main\dataset\25Hz\F02\U09_R01_accel.csv,U09,R01,F02,25.0,25.0,242,243,9.68,24.817218640954827,25.0,raw_25hz_time_aligned_to_uniform_25hz,True,0,4.2,7.8
weda,C:\Users\ADMIN\Desktop\ds-fall\data\raw\WEDA-FALL-main\dataset\25Hz\F02\U09_R02_accel.csv,U09,R02,F02,25.0,25.0,262,264,10.52,24.789862869837982,25.0,raw_25hz_time_aligned_to_uniform_25hz,True,0,4.1,7.1
weda,C:\Users\ADMIN\Desktop\ds-fall\data\raw\WEDA-FALL-main\dataset\25Hz\F02\U09_R03_accel.csv,U09,R03,F02,25.0,25.0,291,293,11.68,24.752475968831366,25.0,raw_25hz_time_aligned_to_uniform_25hz,True,0,4.0,7.0
weda,C:\Users\ADMIN\Desktop\ds-fall\data\raw\WEDA-FALL-main\dataset\25Hz\F02\U10_R01_accel.csv,U10,R01,F02,25.0,25.0,342,346,13.8,24.696268440844662,25.0,raw_25hz_time_aligned_to_uniform_25hz,True,0,4.6,7.6
weda,C:\Users\ADMIN\Desktop\ds-fall\data\raw\WEDA-FALL-main\dataset\25Hz\F02\U10_R02_accel.csv,U10,R02,F02,25.0,25.0,318,321,12.8,24.746291959406715,25.0,raw_25hz_time_aligned_to_uniform_25hz,True,0,4.1,7.1
weda,C:\Users\ADMIN\Desktop\ds-fall\data\raw\WEDA-FALL-main\dataset\25Hz\F02\U10_R03_accel.csv,U10,R03,F02,25.0,25.0,282,283,11.28,24.84966570372897,25.0,raw_25hz_time_aligned_to_uniform_25hz,True,0,4.1,7.1
weda,C:\Users\ADMIN\Desktop\ds-fall\data\raw\WEDA-FALL-main\dataset\25Hz\F02\U11_R01_accel.csv,U11,R01,F02,25.0,25.0,262,264,10.52,24.77691374675898,25.0,raw_25hz_time_aligned_to_uniform_25hz,True,0,2.5,5.5
weda,C:\Users\ADMIN\Desktop\ds-fall\data\raw\WEDA-FALL-main\dataset\25Hz\F02\U11_R02_accel.csv,U11,R02,F02,25.0,25.0,206,208,8.28,24.806872608986055,25.000000000000004,raw_25hz_time_aligned_to_uniform_25hz,True,0,2.5,5.5
weda,C:\Users\ADMIN\Desktop\ds-fall\data\raw\WEDA-FALL-main\dataset\25Hz\F02\U11_R03_accel.csv,U11,R03,F02,25.0,25.0,250,252,10.040000000000001,24.7748873733984,24.999999999999996,raw_25hz_time_aligned_to_uniform_25hz,True,0,2.5,5.5
weda,C:\Users\ADMIN\Desktop\ds-fall\data\raw\WEDA-FALL-main\dataset\25Hz\F02\U12_R01_accel.csv,U12,R01,F02,25.0,25.0,229,230,9.16,24.892406185152602,25.0,raw_25hz_time_aligned_to_uniform_25hz,True,0,2.0,5.0
weda,C:\Users\ADMIN\Desktop\ds-fall\data\raw\WEDA-FALL-main\dataset\25Hz\F02\U12_R02_accel.csv,U12,R02,F02,25.0,25.0,252,253,10.08,24.88474700012725,25.0,raw_25hz_time_aligned_to_uniform_25hz,True,0,2.0,5.0
weda,C:\Users\ADMIN\Desktop\ds-fall\data\raw\WEDA-FALL-main\dataset\25Hz\F02\U12_R03_accel.csv,U12,R03,F02,25.0,25.0,274,276,11.0,24.755169475791085,25.0,raw_25hz_time_aligned_to_uniform_25hz,True,0,2.0,5.0
weda,C:\Users\ADMIN\Desktop\ds-fall\data\raw\WEDA-FALL-main\dataset\25Hz\F02\U13_R01_accel.csv,U13,R01,F02,25.0,25.0,271,273,10.88,24.754747988807544,24.999999999999996,raw_25hz_time_aligned_to_uniform_25hz,True,0,3.0,6.3
weda,C:\Users\ADMIN\Desktop\ds-fall\data\raw\WEDA-FALL-main\dataset\25Hz\F02\U13_R02_accel.csv,U13,R02,F02,25.0,25.0,276,278,11.08,24.722452518044584,25.0,raw_25hz_time_aligned_to_uniform_25hz,True,0,2.7,6.0
weda,C:\Users\ADMIN\Desktop\ds-fall\data\raw\WEDA-FALL-main\dataset\25Hz\F02\U13_R03_accel.csv,U13,R03,F02,25.0,25.0,311,313,12.48,24.779185523773453,25.0,raw_25hz_time_aligned_to_uniform_25hz,True,0,3.0,6.0
weda,C:\Users\ADMIN\Desktop\ds-fall\data\raw\WEDA-FALL-main\dataset\25Hz\F02\U14_R01_accel.csv,U14,R01,F02,25.0,25.0,380,383,15.280000000000001,24.77611047702954,24.999999999999996,raw_25hz_time_aligned_to_uniform_25hz,True,0,5.0,8.7
weda,C:\Users\ADMIN\Desktop\ds-fall\data\raw\WEDA-FALL-main\dataset\25Hz\F02\U14_R02_accel.csv,U14,R02,F02,25.0,25.0,343,346,13.8,24.755710832246848,25.0,raw_25hz_time_aligned_to_uniform_25hz,True,0,5.0,8.8
weda,C:\Users\ADMIN\Desktop\ds-fall\data\raw\WEDA-FALL-main\dataset\25Hz\F02\U14_R03_accel.csv,U14,R03,F02,25.0,25.0,363,366,14.6,24.779245670477103,25.0,raw_25hz_time_aligned_to_uniform_25hz,True,0,5.2,8.7
weda,C:\Users\ADMIN\Desktop\ds-fall\data\raw\WEDA-FALL-main\dataset\25Hz\F03\U01_R01_accel.csv,U01,R01,F03,25.0,25.0,349,350,13.96,24.892705008966136,25.0,raw_25hz_time_aligned_to_uniform_25hz,True,0,7.0,10.0
weda,C:\Users\ADMIN\Desktop\ds-fall\data\raw\WEDA-FALL-main\dataset\25Hz\F03\U01_R02_accel.csv,U01,R02,F03,25.0,25.0,388,390,15.56,24.841929812749335,25.0,raw_25hz_time_aligned_to_uniform_25hz,True,0,7.0,10.0
weda,C:\Users\ADMIN\Desktop\ds-fall\data\raw\WEDA-FALL-main\dataset\25Hz\F03\U01_R03_accel.csv,U01,R03,F03,25.0,25.0,381,383,15.280000000000001,24.814710449203176,24.999999999999996,raw_25hz_time_aligned_to_uniform_25hz,True,0,7.0,10.0
weda,C:\Users\ADMIN\Desktop\ds-fall\data\raw\WEDA-FALL-main\dataset\25Hz\F03\U02_R01_accel.csv,U02,R01,F03,25.0,25.0,380,383,15.280000000000001,24.7761127005448,24.999999999999996,raw_25hz_time_aligned_to_uniform_25hz,True,0,6.2,9.2
weda,C:\Users\ADMIN\Desktop\ds-fall\data\raw\WEDA-FALL-main\dataset\25Hz\F03\U02_R02_accel.csv,U02,R02,F03,25.0,25.0,301,303,12.08,24.821086511564637,25.0,raw_25hz_time_aligned_to_uniform_25hz,True,0,6.0,9.0
weda,C:\Users\ADMIN\Desktop\ds-fall\data\raw\WEDA-FALL-main\dataset\25Hz\F03\U02_R03_accel.csv,U02,R03,F03,25.0,25.0,428,431,17.2,24.782361697787668,25.0,raw_25hz_time_aligned_to_uniform_25hz,True,0,7.0,10.0
weda,C:\Users\ADMIN\Desktop\ds-fall\data\raw\WEDA-FALL-main\dataset\25Hz\F03\U03_R01_accel.csv,U03,R01,F03,25.0,25.0,308,311,12.4,24.737118124555206,25.0,raw_25hz_time_aligned_to_uniform_25hz,True,0,4.5,7.5
weda,C:\Users\ADMIN\Desktop\ds-fall\data\raw\WEDA-FALL-main\dataset\25Hz\F03\U03_R02_accel.csv,U03,R02,F03,25.0,25.0,235,236,9.4,24.78945200171826,25.0,raw_25hz_time_aligned_to_uniform_25hz,True,0,4.0,7.0
weda,C:\Users\ADMIN\Desktop\ds-fall\data\raw\WEDA-FALL-main\dataset\25Hz\F03\U03_R03_accel.csv,U03,R03,F03,25.0,25.0,254,255,10.16,24.83435588804241,25.0,raw_25hz_time_aligned_to_uniform_25hz,True,0,4.4,7.4
weda,C:\Users\ADMIN\Desktop\ds-fall\data\raw\WEDA-FALL-main\dataset\25Hz\F03\U04_R01_accel.csv,U04,R01,F03,25.0,25.0,283,285,11.36,24.75530005208133,25.0,raw_25hz_time_aligned_to_uniform_25hz,True,0,5.0,8.0
weda,C:\Users\ADMIN\Desktop\ds-fall\data\raw\WEDA-FALL-main\dataset\25Hz\F03\U04_R02_accel.csv,U04,R02,F03,25.0,25.0,217,219,8.72,24.742276157407787,24.999999999999996,raw_25hz_time_aligned_to_uniform_25hz,True,0,4.0,7.0
weda,C:\Users\ADMIN\Desktop\ds-fall\data\raw\WEDA-FALL-main\dataset\25Hz\F03\U04_R03_accel.csv,U04,R03,F03,25.0,25.0,234,236,9.4,24.756948035979725,25.0,raw_25hz_time_aligned_to_uniform_25hz,True,0,4.0,7.0
weda,C:\Users\ADMIN\Desktop\ds-fall\data\raw\WEDA-FALL-main\dataset\25Hz\F03\U05_R01_accel.csv,U05,R01,F03,25.0,25.0,363,365,14.56,24.792836481118076,25.0,raw_25hz_time_aligned_to_uniform_25hz,True,0,5.0,9.0
weda,C:\Users\ADMIN\Desktop\ds-fall\data\raw\WEDA-FALL-main\dataset\25Hz\F03\U05_R02_accel.csv,U05,R02,F03,25.0,25.0,361,363,14.48,24.800227978948854,25.0,raw_25hz_time_aligned_to_uniform_25hz,True,0,5.5,9.0
weda,C:\Users\ADMIN\Desktop\ds-fall\data\raw\WEDA-FALL-main\dataset\25Hz\F03\U05_R03_accel.csv,U05,R03,F03,25.0,25.0,350,353,14.08,24.77405764026888,25.0,raw_25hz_time_aligned_to_uniform_25hz,True,0,5.5,8.5
weda,C:\Users\ADMIN\Desktop\ds-fall\data\raw\WEDA-FALL-main\dataset\25Hz\F03\U06_R01_accel.csv,U06,R01,F03,25.0,25.0,390,394,15.72,24.750310485404498,25.0,raw_25hz_time_aligned_to_uniform_25hz,True,0,6.0,9.0
weda,C:\Users\ADMIN\Desktop\ds-fall\data\raw\WEDA-FALL-main\dataset\25Hz\F03\U06_R02_accel.csv,U06,R02,F03,25.0,25.0,301,303,12.08,24.767805276159038,25.0,raw_25hz_time_aligned_to_uniform_25hz,True,0,5.0,8.0
weda,C:\Users\ADMIN\Desktop\ds-fall\data\raw\WEDA-FALL-main\dataset\25Hz\F03\U06_R03_accel.csv,U06,R03,F03,25.0,25.0,348,351,14.0,24.775983422413848,25.0,raw_25hz_time_aligned_to_uniform_25hz,True,0,5.5,8.5
weda,C:\Users\ADMIN\Desktop\ds-fall\data\raw\WEDA-FALL-main\dataset\25Hz\F03\U07_R01_accel.csv,U07,R01,F03,25.0,25.0,311,313,12.48,24.809923969587835,25.0,raw_25hz_time_aligned_to_uniform_25hz,True,0,4.1,7.1
weda,C:\Users\ADMIN\Desktop\ds-fall\data\raw\WEDA-FALL-main\dataset\25Hz\F03\U07_R02_accel.csv,U07,R02,F03,25.0,25.0,387,391,15.6,24.72649979360545,25.0,raw_25hz_time_aligned_to_uniform_25hz,True,0,5.0,8.0
weda,C:\Users\ADMIN\Desktop\ds-fall\data\raw\WEDA-FALL-main\dataset\25Hz\F03\U07_R03_accel.csv,U07,R03,F03,25.0,25.0,350,352,14.040000000000001,24.786052413049312,25.0,raw_25hz_time_aligned_to_uniform_25hz,True,0,4.8,7.8
weda,C:\Users\ADMIN\Desktop\ds-fall\data\raw\WEDA-FALL-main\dataset\25Hz\F03\U08_R01_accel.csv,U08,R01,F03,25.0,25.0,479,484,19.32,24.718811410936034,25.0,raw_25hz_time_aligned_to_uniform_25hz,True,0,6.8,10.2
weda,C:\Users\ADMIN\Desktop\ds-fall\data\raw\WEDA-FALL-main\dataset\25Hz\F03\U08_R02_accel.csv,U08,R02,F03,25.0,25.0,489,493,19.68,24.76340308159108,25.0,raw_25hz_time_aligned_to_uniform_25hz,True,0,7.7,11.0
weda,C:\Users\ADMIN\Desktop\ds-fall\data\raw\WEDA-FALL-main\dataset\25Hz\F03\U08_R03_accel.csv,U08,R03,F03,25.0,25.0,393,397,15.84,24.709256540664988,25.0,raw_25hz_time_aligned_to_uniform_25hz,True,0,6.7,10.0
weda,C:\Users\ADMIN\Desktop\ds-fall\data\raw\WEDA-FALL-main\dataset\25Hz\F03\U09_R01_accel.csv,U09,R01,F03,25.0,25.0,301,303,12.08,24.78212387028993,25.0,raw_25hz_time_aligned_to_uniform_25hz,True,0,5.8,8.8
weda,C:\Users\ADMIN\Desktop\ds-fall\data\raw\WEDA-FALL-main\dataset\25Hz\F03\U09_R02_accel.csv,U09,R02,F03,25.0,25.0,412,415,16.56,24.769481106490687,25.000000000000004,raw_25hz_time_aligned_to_uniform_25hz,True,0,5.5,8.5
weda,C:\Users\ADMIN\Desktop\ds-fall\data\raw\WEDA-FALL-main\dataset\25Hz\F03\U09_R03_accel.csv,U09,R03,F03,25.0,25.0,346,349,13.92,24.754251401029883,25.0,raw_25hz_time_aligned_to_uniform_25hz,True,0,5.2,8.2
weda,C:\Users\ADMIN\Desktop\ds-fall\data\raw\WEDA-FALL-main\dataset\25Hz\F03\U10_R01_accel.csv,U10,R01,F03,25.0,25.0,299,301,11.999999999999998,24.785827336067065,25.000000000000004,raw_25hz_time_aligned_to_uniform_25hz,True,0,5.1,9.0
weda,C:\Users\ADMIN\Desktop\ds-fall\data\raw\WEDA-FALL-main\dataset\25Hz\F03\U10_R02_accel.csv,U10,R02,F03,25.0,25.0,294,296,11.8,24.783262247046878,25.0,raw_25hz_time_aligned_to_uniform_25hz,True,0,5.3,8.3
weda,C:\Users\ADMIN\Desktop\ds-fall\data\raw\WEDA-FALL-main\dataset\25Hz\F03\U10_R03_accel.csv,U10,R03,F03,25.0,25.0,316,319,12.72,24.73110386278323,25.0,raw_25hz_time_aligned_to_uniform_25hz,True,0,6.0,9.0
weda,C:\Users\ADMIN\Desktop\ds-fall\data\raw\WEDA-FALL-main\dataset\25Hz\F03\U11_R01_accel.csv,U11,R01,F03,25.0,25.0,242,243,9.68,24.831284461524444,25.0,raw_25hz_time_aligned_to_uniform_25hz,True,0,3.5,6.6
weda,C:\Users\ADMIN\Desktop\ds-fall\data\raw\WEDA-FALL-main\dataset\25Hz\F03\U11_R02_accel.csv,U11,R02,F03,25.0,25.0,230,230,9.16,24.887255536275447,25.0,raw_25hz_time_aligned_to_uniform_25hz,True,0,3.5,6.6
weda,C:\Users\ADMIN\Desktop\ds-fall\data\raw\WEDA-FALL-main\dataset\25Hz\F03\U11_R03_accel.csv,U11,R03,F03,25.0,25.0,257,259,10.32,24.76660662230135,25.0,raw_25hz_time_aligned_to_uniform_25hz,True,0,4.0,7.0
weda,C:\Users\ADMIN\Desktop\ds-fall\data\raw\WEDA-FALL-main\dataset\25Hz\F03\U12_R01_accel.csv,U12,R01,F03,25.0,25.0,220,221,8.8,24.80604893309593,24.999999999999996,raw_25hz_time_aligned_to_uniform_25hz,True,0,3.0,6.0
weda,C:\Users\ADMIN\Desktop\ds-fall\data\raw\WEDA-FALL-main\dataset\25Hz\F03\U12_R02_accel.csv,U12,R02,F03,25.0,25.0,264,266,10.6,24.731991724656766,25.0,raw_25hz_time_aligned_to_uniform_25hz,True,0,2.5,5.5
weda,C:\Users\ADMIN\Desktop\ds-fall\data\raw\WEDA-FALL-main\dataset\25Hz\F03\U12_R03_accel.csv,U12,R03,F03,25.0,25.0,249,251,10.0,24.776463906348255,25.0,raw_25hz_time_aligned_to_uniform_25hz,True,0,2.5,5.5
weda,C:\Users\ADMIN\Desktop\ds-fall\data\raw\WEDA-FALL-main\dataset\25Hz\F03\U13_R01_accel.csv,U13,R01,F03,25.0,25.0,254,256,10.200000000000001,24.7178950801855,24.999999999999996,raw_25hz_time_aligned_to_uniform_25hz,True,0,3.0,6.0
weda,C:\Users\ADMIN\Desktop\ds-fall\data\raw\WEDA-FALL-main\dataset\25Hz\F03\U13_R02_accel.csv,U13,R02,F03,25.0,25.0,479,484,19.32,24.720088967476222,25.0,raw_25hz_time_aligned_to_uniform_25hz,True,0,4.2,8.0
weda,C:\Users\ADMIN\Desktop\ds-fall\data\raw\WEDA-FALL-main\dataset\25Hz\F03\U13_R03_accel.csv,U13,R03,F03,25.0,25.0,281,283,11.28,24.75356942466415,25.0,raw_25hz_time_aligned_to_uniform_25hz,True,0,3.6,6.4
weda,C:\Users\ADMIN\Desktop\ds-fall\data\raw\WEDA-FALL-main\dataset\25Hz\F03\U14_R01_accel.csv,U14,R01,F03,25.0,25.0,410,413,16.48,24.780382684013507,25.0,raw_25hz_time_aligned_to_uniform_25hz,True,0,7.3,10.3
weda,C:\Users\ADMIN\Desktop\ds-fall\data\raw\WEDA-FALL-main\dataset\25Hz\F03\U14_R02_accel.csv,U14,R02,F03,25.0,25.0,504,508,20.28,24.760644367452635,25.0,raw_25hz_time_aligned_to_uniform_25hz,True,0,11.0,14.0
weda,C:\Users\ADMIN\Desktop\ds-fall\data\raw\WEDA-FALL-main\dataset\25Hz\F03\U14_R03_accel.csv,U14,R03,F03,25.0,25.0,422,426,17.0,24.747237586337413,25.0,raw_25hz_time_aligned_to_uniform_25hz,True,0,7.7,10.7
weda,C:\Users\ADMIN\Desktop\ds-fall\data\raw\WEDA-FALL-main\dataset\25Hz\F04\U01_R01_accel.csv,U01,R01,F04,25.0,25.0,341,343,13.68,24.798512122255282,25.0,raw_25hz_time_aligned_to_uniform_25hz,True,0,6.0,9.0
weda,C:\Users\ADMIN\Desktop\ds-fall\data\raw\WEDA-FALL-main\dataset\25Hz\F04\U01_R02_accel.csv,U01,R02,F04,25.0,25.0,348,351,14.0,24.775097523920145,25.0,raw_25hz_time_aligned_to_uniform_25hz,True,0,5.7,8.7
weda,C:\Users\ADMIN\Desktop\ds-fall\data\raw\WEDA-FALL-main\dataset\25Hz\F04\U01_R03_accel.csv,U01,R03,F04,25.0,25.0,383,386,15.4,24.764189193306635,25.0,raw_25hz_time_aligned_to_uniform_25hz,True,0,6.0,9.0
weda,C:\Users\ADMIN\Desktop\ds-fall\data\raw\WEDA-FALL-main\dataset\25Hz\F04\U02_R01_accel.csv,U02,R01,F04,25.0,25.0,447,451,18.0,24.763334809799723,25.0,raw_25hz_time_aligned_to_uniform_25hz,True,0,6.0,8.0
weda,C:\Users\ADMIN\Desktop\ds-fall\data\raw\WEDA-FALL-main\dataset\25Hz\F04\U02_R02_accel.csv,U02,R02,F04,25.0,25.0,296,298,11.88,24.74730329115335,25.0,raw_25hz_time_aligned_to_uniform_25hz,True,0,5.1,8.1
weda,C:\Users\ADMIN\Desktop\ds-fall\data\raw\WEDA-FALL-main\dataset\25Hz\F04\U02_R03_accel.csv,U02,R03,F04,25.0,25.0,323,326,13.0,24.743546115522953,25.0,raw_25hz_time_aligned_to_uniform_25hz,True,0,4.3,7.3
weda,C:\Users\ADMIN\Desktop\ds-fall\data\raw\WEDA-FALL-main\dataset\25Hz\F04\U03_R01_accel.csv,U03,R01,F04,25.0,25.0,197,199,7.92,24.71938611052687,25.0,raw_25hz_time_aligned_to_uniform_25hz,True,0,3.0,6.0
weda,C:\Users\ADMIN\Desktop\ds-fall\data\raw\WEDA-FALL-main\dataset\25Hz\F04\U03_R02_accel.csv,U03,R02,F04,25.0,25.0,259,261,10.4,24.78743615054008,25.0,raw_25hz_time_aligned_to_uniform_25hz,True,0,3.0,6.0
weda,C:\Users\ADMIN\Desktop\ds-fall\data\raw\WEDA-FALL-main\dataset\25Hz\F04\U03_R03_accel.csv,U03,R03,F04,25.0,25.0,239,241,9.6,24.77231658452581,25.0,raw_25hz_time_aligned_to_uniform_25hz,True,0,2.7,5.8
weda,C:\Users\ADMIN\Desktop\ds-fall\data\raw\WEDA-FALL-main\dataset\25Hz\F04\U04_R01_accel.csv,U04,R01,F04,25.0,25.0,237,238,9.48,24.826435306095348,25.0,raw_25hz_time_aligned_to_uniform_25hz,True,0,3.0,6.0
weda,C:\Users\ADMIN\Desktop\ds-fall\data\raw\WEDA-FALL-main\dataset\25Hz\F04\U04_R02_accel.csv,U04,R02,F04,25.0,25.0,237,238,9.48,24.860430366630837,25.0,raw_25hz_time_aligned_to_uniform_25hz,True,0,3.2,6.2
weda,C:\Users\ADMIN\Desktop\ds-fall\data\raw\WEDA-FALL-main\dataset\25Hz\F04\U04_R03_accel.csv,U04,R03,F04,25.0,25.0,225,226,9.0,24.875069405885622,25.0,raw_25hz_time_aligned_to_uniform_25hz,True,0,3.6,6.6
weda,C:\Users\ADMIN\Desktop\ds-fall\data\raw\WEDA-FALL-main\dataset\25Hz\F04\U05_R01_accel.csv,U05,R01,F04,25.0,25.0,294,296,11.8,24.760215749980528,25.0,raw_25hz_time_aligned_to_uniform_25hz,True,0,3.5,6.5
weda,C:\Users\ADMIN\Desktop\ds-fall\data\raw\WEDA-FALL-main\dataset\25Hz\F04\U05_R02_accel.csv,U05,R02,F04,25.0,25.0,338,340,13.56,24.814992117875846,25.0,raw_25hz_time_aligned_to_uniform_25hz,True,0,4.2,7.2
weda,C:\Users\ADMIN\Desktop\ds-fall\data\raw\WEDA-FALL-main\dataset\25Hz\F04\U05_R03_accel.csv,U05,R03,F04,25.0,25.0,306,308,12.280000000000001,24.76855627833477,24.999999999999996,raw_25hz_time_aligned_to_uniform_25hz,True,0,3.0,6.0
weda,C:\Users\ADMIN\Desktop\ds-fall\data\raw\WEDA-FALL-main\dataset\25Hz\F04\U06_R01_accel.csv,U06,R01,F04,25.0,25.0,350,353,14.08,24.788107545118613,25.0,raw_25hz_time_aligned_to_uniform_25hz,True,0,3.6,6.6
weda,C:\Users\ADMIN\Desktop\ds-fall\data\raw\WEDA-FALL-main\dataset\25Hz\F04\U06_R02_accel.csv,U06,R02,F04,25.0,25.0,340,343,13.68,24.772892298785592,25.0,raw_25hz_time_aligned_to_uniform_25hz,True,0,4.6,7.6
weda,C:\Users\ADMIN\Desktop\ds-fall\data\raw\WEDA-FALL-main\dataset\25Hz\F04\U06_R03_accel.csv,U06,R03,F04,25.0,25.0,348,351,14.0,24.76537284744073,25.0,raw_25hz_time_aligned_to_uniform_25hz,True,0,3.0,6.0
weda,C:\Users\ADMIN\Desktop\ds-fall\data\raw\WEDA-FALL-main\dataset\25Hz\F04\U07_R01_accel.csv,U07,R01,F04,25.0,25.0,259,261,10.4,24.75176563428733,25.0,raw_25hz_time_aligned_to_uniform_25hz,True,0,3.0,6.0
weda,C:\Users\ADMIN\Desktop\ds-fall\data\raw\WEDA-FALL-main\dataset\25Hz\F04\U07_R02_accel.csv,U07,R02,F04,25.0,25.0,279,281,11.200000000000001,24.748508857829613,24.999999999999996,raw_25hz_time_aligned_to_uniform_25hz,True,0,3.5,6.5
weda,C:\Users\ADMIN\Desktop\ds-fall\data\raw\WEDA-FALL-main\dataset\25Hz\F04\U07_R03_accel.csv,U07,R03,F04,25.0,25.0,309,311,12.4,24.806701674601303,25.0,raw_25hz_time_aligned_to_uniform_25hz,True,0,3.3,6.3
weda,C:\Users\ADMIN\Desktop\ds-fall\data\raw\WEDA-FALL-main\dataset\25Hz\F04\U08_R01_accel.csv,U08,R01,F04,25.0,25.0,392,395,15.76,24.775339778892295,25.0,raw_25hz_time_aligned_to_uniform_25hz,True,0,6.6,9.8
weda,C:\Users\ADMIN\Desktop\ds-fall\data\raw\WEDA-FALL-main\dataset\25Hz\F04\U08_R02_accel.csv,U08,R02,F04,25.0,25.0,337,340,13.56,24.788211049252798,25.0,raw_25hz_time_aligned_to_uniform_25hz,True,0,5.7,8.8
weda,C:\Users\ADMIN\Desktop\ds-fall\data\raw\WEDA-FALL-main\dataset\25Hz\F04\U08_R03_accel.csv,U08,R03,F04,25.0,25.0,344,347,13.84,24.70294961845834,25.0,raw_25hz_time_aligned_to_uniform_25hz,True,0,5.0,8.0
weda,C:\Users\ADMIN\Desktop\ds-fall\data\raw\WEDA-FALL-main\dataset\25Hz\F04\U09_R01_accel.csv,U09,R01,F04,25.0,25.0,324,326,13.0,24.77849392049621,25.0,raw_25hz_time_aligned_to_uniform_25hz,True,0,4.5,7.5
weda,C:\Users\ADMIN\Desktop\ds-fall\data\raw\WEDA-FALL-main\dataset\25Hz\F04\U09_R02_accel.csv,U09,R02,F04,25.0,25.0,316,318,12.68,24.76902002537487,25.0,raw_25hz_time_aligned_to_uniform_25hz,True,0,3.5,6.5
weda,C:\Users\ADMIN\Desktop\ds-fall\data\raw\WEDA-FALL-main\dataset\25Hz\F04\U09_R03_accel.csv,U09,R03,F04,25.0,25.0,296,299,11.92,24.721363709619407,25.0,raw_25hz_time_aligned_to_uniform_25hz,True,0,5.0,8.0
weda,C:\Users\ADMIN\Desktop\ds-fall\data\raw\WEDA-FALL-main\dataset\25Hz\F04\U10_R01_accel.csv,U10,R01,F04,25.0,25.0,276,278,11.08,24.77254482335265,25.0,raw_25hz_time_aligned_to_uniform_25hz,True,0,3.7,6.7
weda,C:\Users\ADMIN\Desktop\ds-fall\data\raw\WEDA-FALL-main\dataset\25Hz\F04\U10_R02_accel.csv,U10,R02,F04,25.0,25.0,276,278,11.08,24.81425335880313,25.0,raw_25hz_time_aligned_to_uniform_25hz,True,0,3.6,6.6
weda,C:\Users\ADMIN\Desktop\ds-fall\data\raw\WEDA-FALL-main\dataset\25Hz\F04\U10_R03_accel.csv,U10,R03,F04,25.0,25.0,277,278,11.08,24.807885077298963,25.0,raw_25hz_time_aligned_to_uniform_25hz,True,0,4.0,7.0
weda,C:\Users\ADMIN\Desktop\ds-fall\data\raw\WEDA-FALL-main\dataset\25Hz\F04\U11_R01_accel.csv,U11,R01,F04,25.0,25.0,183,184,7.32,24.80916214931178,25.0,raw_25hz_time_aligned_to_uniform_25hz,True,0,2.2,5.2
weda,C:\Users\ADMIN\Desktop\ds-fall\data\raw\WEDA-FALL-main\dataset\25Hz\F04\U11_R02_accel.csv,U11,R02,F04,25.0,25.0,193,193,7.68,24.894654155455413,25.0,raw_25hz_time_aligned_to_uniform_25hz,True,0,2.2,5.2
weda,C:\Users\ADMIN\Desktop\ds-fall\data\raw\WEDA-FALL-main\dataset\25Hz\F04\U11_R03_accel.csv,U11,R03,F04,25.0,25.0,232,233,9.28,24.8280335357695,25.0,raw_25hz_time_aligned_to_uniform_25hz,True,0,2.3,5.3
weda,C:\Users\ADMIN\Desktop\ds-fall\data\raw\WEDA-FALL-main\dataset\25Hz\F04\U12_R01_accel.csv,U12,R01,F04,25.0,25.0,269,271,10.8,24.752935862156384,25.0,raw_25hz_time_aligned_to_uniform_25hz,True,0,2.0,5.0
weda,C:\Users\ADMIN\Desktop\ds-fall\data\raw\WEDA-FALL-main\dataset\25Hz\F04\U12_R02_accel.csv,U12,R02,F04,25.0,25.0,306,308,12.280000000000001,24.783654229944077,24.999999999999996,raw_25hz_time_aligned_to_uniform_25hz,True,0,2.5,5.5
weda,C:\Users\ADMIN\Desktop\ds-fall\data\raw\WEDA-FALL-main\dataset\25Hz\F04\U12_R03_accel.csv,U12,R03,F04,25.0,25.0,252,253,10.08,24.825708395401627,25.0,raw_25hz_time_aligned_to_uniform_25hz,True,0,3.2,6.2
weda,C:\Users\ADMIN\Desktop\ds-fall\data\raw\WEDA-FALL-main\dataset\25Hz\F04\U13_R01_accel.csv,U13,R01,F04,25.0,25.0,323,325,12.96,24.790216502232532,25.0,raw_25hz_time_aligned_to_uniform_25hz,True,0,3.0,6.4
weda,C:\Users\ADMIN\Desktop\ds-fall\data\raw\WEDA-FALL-main\dataset\25Hz\F04\U13_R02_accel.csv,U13,R02,F04,25.0,25.0,356,358,14.280000000000001,24.80869597874642,24.999999999999996,raw_25hz_time_aligned_to_uniform_25hz,True,0,3.0,6.3
weda,C:\Users\ADMIN\Desktop\ds-fall\data\raw\WEDA-FALL-main\dataset\25Hz\F04\U13_R03_accel.csv,U13,R03,F04,25.0,25.0,380,383,15.280000000000001,24.745365274281212,24.999999999999996,raw_25hz_time_aligned_to_uniform_25hz,True,0,3.0,6.0
weda,C:\Users\ADMIN\Desktop\ds-fall\data\raw\WEDA-FALL-main\dataset\25Hz\F04\U14_R01_accel.csv,U14,R01,F04,25.0,25.0,373,376,15.0,24.768934104661213,25.0,raw_25hz_time_aligned_to_uniform_25hz,True,0,4.5,8.0
weda,C:\Users\ADMIN\Desktop\ds-fall\data\raw\WEDA-FALL-main\dataset\25Hz\F04\U14_R02_accel.csv,U14,R02,F04,25.0,25.0,343,346,13.8,24.729758642599386,25.0,raw_25hz_time_aligned_to_uniform_25hz,True,0,4.0,7.3
weda,C:\Users\ADMIN\Desktop\ds-fall\data\raw\WEDA-FALL-main\dataset\25Hz\F04\U14_R03_accel.csv,U14,R03,F04,25.0,25.0,365,368,14.68,24.754327622263816,25.0,raw_25hz_time_aligned_to_uniform_25hz,True,0,4.7,8.5
weda,C:\Users\ADMIN\Desktop\ds-fall\data\raw\WEDA-FALL-main\dataset\25Hz\F05\U01_R01_accel.csv,U01,R01,F05,25.0,25.0,316,318,12.68,24.7914395733166,25.0,raw_25hz_time_aligned_to_uniform_25hz,True,0,4.2,7.2
weda,C:\Users\ADMIN\Desktop\ds-fall\data\raw\WEDA-FALL-main\dataset\25Hz\F05\U01_R02_accel.csv,U01,R02,F05,25.0,25.0,237,238,9.48,24.815984273170166,25.0,raw_25hz_time_aligned_to_uniform_25hz,True,0,3.7,6.7
weda,C:\Users\ADMIN\Desktop\ds-fall\data\raw\WEDA-FALL-main\dataset\25Hz\F05\U01_R03_accel.csv,U01,R03,F05,25.0,25.0,281,283,11.28,24.81609520512483,25.0,raw_25hz_time_aligned_to_uniform_25hz,True,0,3.2,6.2
weda,C:\Users\ADMIN\Desktop\ds-fall\data\raw\WEDA-FALL-main\dataset\25Hz\F05\U02_R01_accel.csv,U02,R01,F05,25.0,25.0,233,233,9.28,24.918106738115227,25.0,raw_25hz_time_aligned_to_uniform_25hz,True,0,3.2,6.2
weda,C:\Users\ADMIN\Desktop\ds-fall\data\raw\WEDA-FALL-main\dataset\25Hz\F05\U02_R02_accel.csv,U02,R02,F05,25.0,25.0,215,215,8.56,24.91704233947286,25.0,raw_25hz_time_aligned_to_uniform_25hz,True,0,3.5,6.5
weda,C:\Users\ADMIN\Desktop\ds-fall\data\raw\WEDA-FALL-main\dataset\25Hz\F05\U02_R03_accel.csv,U02,R03,F05,25.0,25.0,256,258,10.28,24.77815000675369,25.0,raw_25hz_time_aligned_to_uniform_25hz,True,0,3.7,6.7
weda,C:\Users\ADMIN\Desktop\ds-fall\data\raw\WEDA-FALL-main\dataset\25Hz\F05\U03_R01_accel.csv,U03,R01,F05,25.0,25.0,224,226,9.0,24.75439869978058,25.0,raw_25hz_time_aligned_to_uniform_25hz,True,0,3.0,6.0
weda,C:\Users\ADMIN\Desktop\ds-fall\data\raw\WEDA-FALL-main\dataset\25Hz\F05\U03_R02_accel.csv,U03,R02,F05,25.0,25.0,202,204,8.120000000000001,24.69591007950281,24.999999999999996,raw_25hz_time_aligned_to_uniform_25hz,True,0,3.0,6.0
weda,C:\Users\ADMIN\Desktop\ds-fall\data\raw\WEDA-FALL-main\dataset\25Hz\F05\U03_R03_accel.csv,U03,R03,F05,25.0,25.0,203,203,8.08,24.99845316173741,25.0,raw_25hz_time_aligned_to_uniform_25hz,True,0,1.5,4.5
weda,C:\Users\ADMIN\Desktop\ds-fall\data\raw\WEDA-FALL-main\dataset\25Hz\F05\U04_R01_accel.csv,U04,R01,F05,25.0,25.0,163,164,6.5200000000000005,24.787722476476446,25.0,raw_25hz_time_aligned_to_uniform_25hz,True,0,2.5,5.5
weda,C:\Users\ADMIN\Desktop\ds-fall\data\raw\WEDA-FALL-main\dataset\25Hz\F05\U04_R02_accel.csv,U04,R02,F05,25.0,25.0,191,191,7.599999999999999,24.91084978031212,25.000000000000004,raw_25hz_time_aligned_to_uniform_25hz,True,0,2.8,5.8
weda,C:\Users\ADMIN\Desktop\ds-fall\data\raw\WEDA-FALL-main\dataset\25Hz\F05\U04_R03_accel.csv,U04,R03,F05,25.0,25.0,225,225,8.96,24.949878716418745,24.999999999999996,raw_25hz_time_aligned_to_uniform_25hz,True,0,3.6,6.6
weda,C:\Users\ADMIN\Desktop\ds-fall\data\raw\WEDA-FALL-main\dataset\25Hz\F05\U05_R01_accel.csv,U05,R01,F05,25.0,25.0,341,343,13.68,24.786761085296373,25.0,raw_25hz_time_aligned_to_uniform_25hz,True,0,5.2,8.2
weda,C:\Users\ADMIN\Desktop\ds-fall\data\raw\WEDA-FALL-main\dataset\25Hz\F05\U05_R02_accel.csv,U05,R02,F05,25.0,25.0,318,322,12.84,24.663097117399253,25.0,raw_25hz_time_aligned_to_uniform_25hz,True,0,5.8,8.8
weda,C:\Users\ADMIN\Desktop\ds-fall\data\raw\WEDA-FALL-main\dataset\25Hz\F05\U05_R03_accel.csv,U05,R03,F05,25.0,25.0,338,341,13.6,24.71671530583504,25.0,raw_25hz_time_aligned_to_uniform_25hz,True,0,3.8,7.0
weda,C:\Users\ADMIN\Desktop\ds-fall\data\raw\WEDA-FALL-main\dataset\25Hz\F05\U06_R01_accel.csv,U06,R01,F05,25.0,25.0,301,304,12.120000000000001,24.732069249793902,24.999999999999996,raw_25hz_time_aligned_to_uniform_25hz,True,0,2.9,6.0
weda,C:\Users\ADMIN\Desktop\ds-fall\data\raw\WEDA-FALL-main\dataset\25Hz\F05\U06_R02_accel.csv,U06,R02,F05,25.0,25.0,338,341,13.6,24.75120350789064,25.0,raw_25hz_time_aligned_to_uniform_25hz,True,0,4.0,7.2
weda,C:\Users\ADMIN\Desktop\ds-fall\data\raw\WEDA-FALL-main\dataset\25Hz\F05\U06_R03_accel.csv,U06,R03,F05,25.0,25.0,289,290,11.56,24.854370088958714,25.0,raw_25hz_time_aligned_to_uniform_25hz,True,0,3.7,7.0
weda,C:\Users\ADMIN\Desktop\ds-fall\data\raw\WEDA-FALL-main\dataset\25Hz\F05\U07_R01_accel.csv,U07,R01,F05,25.0,25.0,219,221,8.8,24.72002161071643,24.999999999999996,raw_25hz_time_aligned_to_uniform_25hz,True,0,1.8,4.8
weda,C:\Users\ADMIN\Desktop\ds-fall\data\raw\WEDA-FALL-main\dataset\25Hz\F05\U07_R02_accel.csv,U07,R02,F05,25.0,25.0,297,298,11.88,24.863502729945402,25.0,raw_25hz_time_aligned_to_uniform_25hz,True,0,2.5,5.5
weda,C:\Users\ADMIN\Desktop\ds-fall\data\raw\WEDA-FALL-main\dataset\25Hz\F05\U07_R03_accel.csv,U07,R03,F05,25.0,25.0,336,338,13.48,24.80654627220902,25.0,raw_25hz_time_aligned_to_uniform_25hz,True,0,2.5,5.5
weda,C:\Users\ADMIN\Desktop\ds-fall\data\raw\WEDA-FALL-main\dataset\25Hz\F05\U08_R01_accel.csv,U08,R01,F05,25.0,25.0,298,301,12.0,24.724693931617182,25.0,raw_25hz_time_aligned_to_uniform_25hz,True,0,3.2,6.2
weda,C:\Users\ADMIN\Desktop\ds-fall\data\raw\WEDA-FALL-main\dataset\25Hz\F05\U08_R02_accel.csv,U08,R02,F05,25.0,25.0,338,340,13.56,24.80494640260361,25.0,raw_25hz_time_aligned_to_uniform_25hz,True,0,4.2,7.2
weda,C:\Users\ADMIN\Desktop\ds-fall\data\raw\WEDA-FALL-main\dataset\25Hz\F05\U08_R03_accel.csv,U08,R03,F05,25.0,25.0,217,219,8.72,24.708305059070057,24.999999999999996,raw_25hz_time_aligned_to_uniform_25hz,True,0,3.0,6.0
weda,C:\Users\ADMIN\Desktop\ds-fall\data\raw\WEDA-FALL-main\dataset\25Hz\F05\U09_R01_accel.csv,U09,R01,F05,25.0,25.0,210,211,8.4,24.811558815849352,25.0,raw_25hz_time_aligned_to_uniform_25hz,True,0,3.0,6.0
weda,C:\Users\ADMIN\Desktop\ds-fall\data\raw\WEDA-FALL-main\dataset\25Hz\F05\U09_R02_accel.csv,U09,R02,F05,25.0,25.0,264,265,10.56,24.854699738693526,25.0,raw_25hz_time_aligned_to_uniform_25hz,True,0,3.5,6.5
weda,C:\Users\ADMIN\Desktop\ds-fall\data\raw\WEDA-FALL-main\dataset\25Hz\F05\U09_R03_accel.csv,U09,R03,F05,25.0,25.0,269,270,10.76,24.860854288015474,25.0,raw_25hz_time_aligned_to_uniform_25hz,True,0,3.0,6.0
weda,C:\Users\ADMIN\Desktop\ds-fall\data\raw\WEDA-FALL-main\dataset\25Hz\F05\U10_R01_accel.csv,U10,R01,F05,25.0,25.0,217,218,8.68,24.873330262551818,25.0,raw_25hz_time_aligned_to_uniform_25hz,True,0,2.5,5.5
weda,C:\Users\ADMIN\Desktop\ds-fall\data\raw\WEDA-FALL-main\dataset\25Hz\F05\U10_R02_accel.csv,U10,R02,F05,25.0,25.0,219,221,8.8,24.717164846144364,24.999999999999996,raw_25hz_time_aligned_to_uniform_25hz,True,0,3.0,6.0
weda,C:\Users\ADMIN\Desktop\ds-fall\data\raw\WEDA-FALL-main\dataset\25Hz\F05\U10_R03_accel.csv,U10,R03,F05,25.0,25.0,237,238,9.48,24.8212034718721,25.0,raw_25hz_time_aligned_to_uniform_25hz,True,0,3.2,6.2
weda,C:\Users\ADMIN\Desktop\ds-fall\data\raw\WEDA-FALL-main\dataset\25Hz\F05\U11_R01_accel.csv,U11,R01,F05,25.0,25.0,328,331,13.200000000000001,24.757724863051713,24.999999999999996,raw_25hz_time_aligned_to_uniform_25hz,True,0,2.0,5.0
weda,C:\Users\ADMIN\Desktop\ds-fall\data\raw\WEDA-FALL-main\dataset\25Hz\F05\U11_R02_accel.csv,U11,R02,F05,25.0,25.0,213,213,8.48,24.892865428013963,25.0,raw_25hz_time_aligned_to_uniform_25hz,True,0,2.7,5.7
weda,C:\Users\ADMIN\Desktop\ds-fall\data\raw\WEDA-FALL-main\dataset\25Hz\F05\U11_R03_accel.csv,U11,R03,F05,25.0,25.0,230,231,9.200000000000001,24.825202602802143,24.999999999999996,raw_25hz_time_aligned_to_uniform_25hz,True,0,2.0,5.0
weda,C:\Users\ADMIN\Desktop\ds-fall\data\raw\WEDA-FALL-main\dataset\25Hz\F05\U12_R01_accel.csv,U12,R01,F05,25.0,25.0,162,163,6.48,24.77308951504987,25.0,raw_25hz_time_aligned_to_uniform_25hz,True,0,1.7,4.7
weda,C:\Users\ADMIN\Desktop\ds-fall\data\raw\WEDA-FALL-main\dataset\25Hz\F05\U12_R02_accel.csv,U12,R02,F05,25.0,25.0,259,261,10.4,24.730412560635145,25.0,raw_25hz_time_aligned_to_uniform_25hz,True,0,1.5,4.5
weda,C:\Users\ADMIN\Desktop\ds-fall\data\raw\WEDA-FALL-main\dataset\25Hz\F05\U12_R03_accel.csv,U12,R03,F05,25.0,25.0,236,239,9.52,24.677097825403287,25.0,raw_25hz_time_aligned_to_uniform_25hz,True,0,1.0,4.0
weda,C:\Users\ADMIN\Desktop\ds-fall\data\raw\WEDA-FALL-main\dataset\25Hz\F05\U13_R01_accel.csv,U13,R01,F05,25.0,25.0,160,161,6.4,24.80307574155945,25.0,raw_25hz_time_aligned_to_uniform_25hz,True,0,1.5,4.5
weda,C:\Users\ADMIN\Desktop\ds-fall\data\raw\WEDA-FALL-main\dataset\25Hz\F05\U13_R02_accel.csv,U13,R02,F05,25.0,25.0,239,240,9.56,24.78135078002506,25.0,raw_25hz_time_aligned_to_uniform_25hz,True,0,2.0,5.0
weda,C:\Users\ADMIN\Desktop\ds-fall\data\raw\WEDA-FALL-main\dataset\25Hz\F05\U13_R03_accel.csv,U13,R03,F05,25.0,25.0,313,316,12.6,24.741298263480406,25.0,raw_25hz_time_aligned_to_uniform_25hz,True,0,2.0,5.0
weda,C:\Users\ADMIN\Desktop\ds-fall\data\raw\WEDA-FALL-main\dataset\25Hz\F05\U14_R01_accel.csv,U14,R01,F05,25.0,25.0,331,333,13.280000000000001,24.80270799147923,24.999999999999996,raw_25hz_time_aligned_to_uniform_25hz,True,0,5.0,8.0
weda,C:\Users\ADMIN\Desktop\ds-fall\data\raw\WEDA-FALL-main\dataset\25Hz\F05\U14_R02_accel.csv,U14,R02,F05,25.0,25.0,326,329,13.120000000000001,24.743997727271015,24.999999999999996,raw_25hz_time_aligned_to_uniform_25hz,True,0,5.6,9.4
weda,C:\Users\ADMIN\Desktop\ds-fall\data\raw\WEDA-FALL-main\dataset\25Hz\F05\U14_R03_accel.csv,U14,R03,F05,25.0,25.0,432,436,17.400000000000002,24.731029544325864,24.999999999999996,raw_25hz_time_aligned_to_uniform_25hz,True,0,6.0,9.0
weda,C:\Users\ADMIN\Desktop\ds-fall\data\raw\WEDA-FALL-main\dataset\25Hz\F06\U01_R01_accel.csv,U01,R01,F06,25.0,25.0,398,401,15.999999999999998,24.80629842539365,25.000000000000004,raw_25hz_time_aligned_to_uniform_25hz,True,0,5.8,8.8
weda,C:\Users\ADMIN\Desktop\ds-fall\data\raw\WEDA-FALL-main\dataset\25Hz\F06\U01_R02_accel.csv,U01,R02,F06,25.0,25.0,463,469,18.72,24.69300050632406,25.0,raw_25hz_time_aligned_to_uniform_25hz,True,0,6.5,9.5
weda,C:\Users\ADMIN\Desktop\ds-fall\data\raw\WEDA-FALL-main\dataset\25Hz\F06\U01_R03_accel.csv,U01,R03,F06,25.0,25.0,449,452,18.04,24.78081701151553,25.0,raw_25hz_time_aligned_to_uniform_25hz,True,0,6.8,9.8
weda,C:\Users\ADMIN\Desktop\ds-fall\data\raw\WEDA-FALL-main\dataset\25Hz\F06\U02_R01_accel.csv,U02,R01,F06,25.0,25.0,244,246,9.8,24.76559418019194,24.999999999999996,raw_25hz_time_aligned_to_uniform_25hz,True,0,3.8,6.8
weda,C:\Users\ADMIN\Desktop\ds-fall\data\raw\WEDA-FALL-main\dataset\25Hz\F06\U02_R02_accel.csv,U02,R02,F06,25.0,25.0,301,303,12.08,24.82034571764138,25.0,raw_25hz_time_aligned_to_uniform_25hz,True,0,5.0,8.0
weda,C:\Users\ADMIN\Desktop\ds-fall\data\raw\WEDA-FALL-main\dataset\25Hz\F06\U02_R03_accel.csv,U02,R03,F06,25.0,25.0,256,258,10.28,24.722494854206417,25.0,raw_25hz_time_aligned_to_uniform_25hz,True,0,4.0,7.0
weda,C:\Users\ADMIN\Desktop\ds-fall\data\raw\WEDA-FALL-main\dataset\25Hz\F06\U03_R01_accel.csv,U03,R01,F06,25.0,25.0,284,286,11.399999999999999,24.799544366937003,25.000000000000004,raw_25hz_time_aligned_to_uniform_25hz,True,0,3.2,6.2
weda,C:\Users\ADMIN\Desktop\ds-fall\data\raw\WEDA-FALL-main\dataset\25Hz\F06\U03_R02_accel.csv,U03,R02,F06,25.0,25.0,200,201,8.0,24.79754629329497,25.0,raw_25hz_time_aligned_to_uniform_25hz,True,0,2.3,5.2
weda,C:\Users\ADMIN\Desktop\ds-fall\data\raw\WEDA-FALL-main\dataset\25Hz\F06\U03_R03_accel.csv,U03,R03,F06,25.0,25.0,244,246,9.799999999999999,24.769379810529088,25.000000000000004,raw_25hz_time_aligned_to_uniform_25hz,True,0,3.0,6.0
weda,C:\Users\ADMIN\Desktop\ds-fall\data\raw\WEDA-FALL-main\dataset\25Hz\F06\U04_R01_accel.csv,U04,R01,F06,25.0,25.0,227,229,9.120000000000001,24.758984536556362,24.999999999999996,raw_25hz_time_aligned_to_uniform_25hz,True,0,3.0,6.0
weda,C:\Users\ADMIN\Desktop\ds-fall\data\raw\WEDA-FALL-main\dataset\25Hz\F06\U04_R02_accel.csv,U04,R02,F06,25.0,25.0,214,216,8.6,24.757366271796144,25.0,raw_25hz_time_aligned_to_uniform_25hz,True,0,3.5,6.5
weda,C:\Users\ADMIN\Desktop\ds-fall\data\raw\WEDA-FALL-main\dataset\25Hz\F06\U04_R03_accel.csv,U04,R03,F06,25.0,25.0,193,194,7.72,24.81422155552097,25.0,raw_25hz_time_aligned_to_uniform_25hz,True,0,1.8,4.8
weda,C:\Users\ADMIN\Desktop\ds-fall\data\raw\WEDA-FALL-main\dataset\25Hz\F06\U05_R01_accel.csv,U05,R01,F06,25.0,25.0,331,333,13.280000000000001,24.80084228585124,24.999999999999996,raw_25hz_time_aligned_to_uniform_25hz,True,0,5.5,9.1
weda,C:\Users\ADMIN\Desktop\ds-fall\data\raw\WEDA-FALL-main\dataset\25Hz\F06\U05_R02_accel.csv,U05,R02,F06,25.0,25.0,340,343,13.68,24.810907946814478,25.0,raw_25hz_time_aligned_to_uniform_25hz,True,0,4.5,9.0
weda,C:\Users\ADMIN\Desktop\ds-fall\data\raw\WEDA-FALL-main\dataset\25Hz\F06\U05_R03_accel.csv,U05,R03,F06,25.0,25.0,298,301,12.0,24.74939204076438,25.0,raw_25hz_time_aligned_to_uniform_25hz,True,0,4.5,8.0
weda,C:\Users\ADMIN\Desktop\ds-fall\data\raw\WEDA-FALL-main\dataset\25Hz\F06\U06_R01_accel.csv,U06,R01,F06,25.0,25.0,302,304,12.120000000000001,24.77366271925799,24.999999999999996,raw_25hz_time_aligned_to_uniform_25hz,True,0,4.0,7.0
weda,C:\Users\ADMIN\Desktop\ds-fall\data\raw\WEDA-FALL-main\dataset\25Hz\F06\U06_R02_accel.csv,U06,R02,F06,25.0,25.0,370,372,14.84,24.791724445754106,25.0,raw_25hz_time_aligned_to_uniform_25hz,True,0,4.9,7.9
weda,C:\Users\ADMIN\Desktop\ds-fall\data\raw\WEDA-FALL-main\dataset\25Hz\F06\U06_R03_accel.csv,U06,R03,F06,25.0,25.0,385,388,15.48,24.76780185758514,25.0,raw_25hz_time_aligned_to_uniform_25hz,True,0,5.7,8.7
weda,C:\Users\ADMIN\Desktop\ds-fall\data\raw\WEDA-FALL-main\dataset\25Hz\F06\U07_R01_accel.csv,U07,R01,F06,25.0,25.0,257,259,10.32,24.797794297029768,25.0,raw_25hz_time_aligned_to_uniform_25hz,True,0,2.8,6.0
weda,C:\Users\ADMIN\Desktop\ds-fall\data\raw\WEDA-FALL-main\dataset\25Hz\F06\U07_R02_accel.csv,U07,R02,F06,25.0,25.0,321,323,12.88,24.785066997134226,25.0,raw_25hz_time_aligned_to_uniform_25hz,True,0,2.8,7.0
weda,C:\Users\ADMIN\Desktop\ds-fall\data\raw\WEDA-FALL-main\dataset\25Hz\F06\U07_R03_accel.csv,U07,R03,F06,25.0,25.0,270,271,10.8,24.855624908677804,25.0,raw_25hz_time_aligned_to_uniform_25hz,True,0,3.0,6.0
weda,C:\Users\ADMIN\Desktop\ds-fall\data\raw\WEDA-FALL-main\dataset\25Hz\F06\U08_R01_accel.csv,U08,R01,F06,25.0,25.0,395,398,15.88,24.78143318666048,25.0,raw_25hz_time_aligned_to_uniform_25hz,True,0,4.0,7.0
weda,C:\Users\ADMIN\Desktop\ds-fall\data\raw\WEDA-FALL-main\dataset\25Hz\F06\U08_R02_accel.csv,U08,R02,F06,25.0,25.0,291,293,11.68,24.770446701729306,25.0,raw_25hz_time_aligned_to_uniform_25hz,True,0,4.0,7.3
weda,C:\Users\ADMIN\Desktop\ds-fall\data\raw\WEDA-FALL-main\dataset\25Hz\F06\U08_R03_accel.csv,U08,R03,F06,25.0,25.0,381,384,15.32,24.77507224865453,25.0,raw_25hz_time_aligned_to_uniform_25hz,True,0,6.2,9.8
weda,C:\Users\ADMIN\Desktop\ds-fall\data\raw\WEDA-FALL-main\dataset\25Hz\F06\U09_R01_accel.csv,U09,R01,F06,25.0,25.0,303,305,12.16,24.82867118107341,25.0,raw_25hz_time_aligned_to_uniform_25hz,True,0,3.0,6.9
weda,C:\Users\ADMIN\Desktop\ds-fall\data\raw\WEDA-FALL-main\dataset\25Hz\F06\U09_R02_accel.csv,U09,R02,F06,25.0,25.0,303,305,12.16,24.776830107169516,25.0,raw_25hz_time_aligned_to_uniform_25hz,True,0,3.8,6.8
weda,C:\Users\ADMIN\Desktop\ds-fall\data\raw\WEDA-FALL-main\dataset\25Hz\F06\U09_R03_accel.csv,U09,R03,F06,25.0,25.0,331,333,13.280000000000001,24.797115077644705,24.999999999999996,raw_25hz_time_aligned_to_uniform_25hz,True,0,4.0,7.0
weda,C:\Users\ADMIN\Desktop\ds-fall\data\raw\WEDA-FALL-main\dataset\25Hz\F06\U10_R01_accel.csv,U10,R01,F06,25.0,25.0,298,300,11.96,24.784078150544158,24.999999999999996,raw_25hz_time_aligned_to_uniform_25hz,True,0,3.0,6.0
weda,C:\Users\ADMIN\Desktop\ds-fall\data\raw\WEDA-FALL-main\dataset\25Hz\F06\U10_R02_accel.csv,U10,R02,F06,25.0,25.0,279,281,11.200000000000001,24.79818072138721,24.999999999999996,raw_25hz_time_aligned_to_uniform_25hz,True,0,3.8,6.8
weda,C:\Users\ADMIN\Desktop\ds-fall\data\raw\WEDA-FALL-main\dataset\25Hz\F06\U10_R03_accel.csv,U10,R03,F06,25.0,25.0,266,268,10.68,24.789904834344576,25.0,raw_25hz_time_aligned_to_uniform_25hz,True,0,3.2,6.2
weda,C:\Users\ADMIN\Desktop\ds-fall\data\raw\WEDA-FALL-main\dataset\25Hz\F06\U11_R01_accel.csv,U11,R01,F06,25.0,25.0,262,263,10.48,24.841766028422164,25.0,raw_25hz_time_aligned_to_uniform_25hz,True,0,5.0,8.0
weda,C:\Users\ADMIN\Desktop\ds-fall\data\raw\WEDA-FALL-main\dataset\25Hz\F06\U11_R02_accel.csv,U11,R02,F06,25.0,25.0,278,281,11.200000000000001,24.710080482095368,24.999999999999996,raw_25hz_time_aligned_to_uniform_25hz,True,0,6.0,9.0
weda,C:\Users\ADMIN\Desktop\ds-fall\data\raw\WEDA-FALL-main\dataset\25Hz\F06\U11_R03_accel.csv,U11,R03,F06,25.0,25.0,252,253,10.08,24.82199464189349,25.0,raw_25hz_time_aligned_to_uniform_25hz,True,0,4.0,7.0
weda,C:\Users\ADMIN\Desktop\ds-fall\data\raw\WEDA-FALL-main\dataset\25Hz\F06\U12_R01_accel.csv,U12,R01,F06,25.0,25.0,254,256,10.200000000000001,24.773562345955213,24.999999999999996,raw_25hz_time_aligned_to_uniform_25hz,True,0,2.3,5.3
weda,C:\Users\ADMIN\Desktop\ds-fall\data\raw\WEDA-FALL-main\dataset\25Hz\F06\U12_R02_accel.csv,U12,R02,F06,25.0,25.0,232,234,9.32,24.782748917370235,25.0,raw_25hz_time_aligned_to_uniform_25hz,True,0,2.5,6.5
weda,C:\Users\ADMIN\Desktop\ds-fall\data\raw\WEDA-FALL-main\dataset\25Hz\F06\U12_R03_accel.csv,U12,R03,F06,25.0,25.0,227,228,9.08,24.866591527789325,25.0,raw_25hz_time_aligned_to_uniform_25hz,True,0,2.0,5.0
weda,C:\Users\ADMIN\Desktop\ds-fall\data\raw\WEDA-FALL-main\dataset\25Hz\F06\U13_R01_accel.csv,U13,R01,F06,25.0,25.0,304,305,12.16,24.857464349430103,25.0,raw_25hz_time_aligned_to_uniform_25hz,True,0,2.0,5.3
weda,C:\Users\ADMIN\Desktop\ds-fall\data\raw\WEDA-FALL-main\dataset\25Hz\F06\U13_R02_accel.csv,U13,R02,F06,25.0,25.0,296,299,11.92,24.733801613493632,25.0,raw_25hz_time_aligned_to_uniform_25hz,True,0,3.0,6.3
weda,C:\Users\ADMIN\Desktop\ds-fall\data\raw\WEDA-FALL-main\dataset\25Hz\F06\U13_R03_accel.csv,U13,R03,F06,25.0,25.0,252,254,10.120000000000001,24.777888428821704,24.999999999999996,raw_25hz_time_aligned_to_uniform_25hz,True,0,3.0,6.0
weda,C:\Users\ADMIN\Desktop\ds-fall\data\raw\WEDA-FALL-main\dataset\25Hz\F06\U14_R01_accel.csv,U14,R01,F06,25.0,25.0,378,381,15.200000000000001,24.78958614417245,25.0,raw_25hz_time_aligned_to_uniform_25hz,True,0,6.7,10.0
weda,C:\Users\ADMIN\Desktop\ds-fall\data\raw\WEDA-FALL-main\dataset\25Hz\F06\U14_R02_accel.csv,U14,R02,F06,25.0,25.0,331,334,13.32,24.771985171706437,25.0,raw_25hz_time_aligned_to_uniform_25hz,True,0,5.6,9.0
weda,C:\Users\ADMIN\Desktop\ds-fall\data\raw\WEDA-FALL-main\dataset\25Hz\F06\U14_R03_accel.csv,U14,R03,F06,25.0,25.0,385,388,15.48,24.793388429752063,25.0,raw_25hz_time_aligned_to_uniform_25hz,True,0,5.7,9.0
weda,C:\Users\ADMIN\Desktop\ds-fall\data\raw\WEDA-FALL-main\dataset\25Hz\F07\U01_R01_accel.csv,U01,R01,F07,25.0,25.0,373,376,15.0,24.778525388028463,25.0,raw_25hz_time_aligned_to_uniform_25hz,True,0,6.6,9.6
weda,C:\Users\ADMIN\Desktop\ds-fall\data\raw\WEDA-FALL-main\dataset\25Hz\F07\U01_R02_accel.csv,U01,R02,F07,25.0,25.0,360,364,14.52,24.72064120126175,25.0,raw_25hz_time_aligned_to_uniform_25hz,True,0,5.5,8.5
weda,C:\Users\ADMIN\Desktop\ds-fall\data\raw\WEDA-FALL-main\dataset\25Hz\F07\U01_R03_accel.csv,U01,R03,F07,25.0,25.0,286,289,11.52,24.688161544638298,25.0,raw_25hz_time_aligned_to_uniform_25hz,True,0,4.0,7.7
weda,C:\Users\ADMIN\Desktop\ds-fall\data\raw\WEDA-FALL-main\dataset\25Hz\F07\U02_R01_accel.csv,U02,R01,F07,25.0,25.0,259,261,10.4,24.736411161817646,25.0,raw_25hz_time_aligned_to_uniform_25hz,True,0,3.8,6.8
weda,C:\Users\ADMIN\Desktop\ds-fall\data\raw\WEDA-FALL-main\dataset\25Hz\F07\U02_R02_accel.csv,U02,R02,F07,25.0,25.0,220,221,8.8,24.778026748773332,24.999999999999996,raw_25hz_time_aligned_to_uniform_25hz,True,0,2.8,5.8
weda,C:\Users\ADMIN\Desktop\ds-fall\data\raw\WEDA-FALL-main\dataset\25Hz\F07\U02_R03_accel.csv,U02,R03,F07,25.0,25.0,209,211,8.4,24.732473944147543,25.0,raw_25hz_time_aligned_to_uniform_25hz,True,0,2.3,5.3
weda,C:\Users\ADMIN\Desktop\ds-fall\data\raw\WEDA-FALL-main\dataset\25Hz\F07\U03_R01_accel.csv,U03,R01,F07,25.0,25.0,232,234,9.32,24.819075377058624,25.0,raw_25hz_time_aligned_to_uniform_25hz,True,0,2.5,6.5
weda,C:\Users\ADMIN\Desktop\ds-fall\data\raw\WEDA-FALL-main\dataset\25Hz\F07\U03_R02_accel.csv,U03,R02,F07,25.0,25.0,252,253,10.08,24.79380393009248,25.0,raw_25hz_time_aligned_to_uniform_25hz,True,0,2.7,5.7
weda,C:\Users\ADMIN\Desktop\ds-fall\data\raw\WEDA-FALL-main\dataset\25Hz\F07\U03_R03_accel.csv,U03,R03,F07,25.0,25.0,241,242,9.639999999999999,24.860468336059764,25.000000000000004,raw_25hz_time_aligned_to_uniform_25hz,True,0,2.6,5.6
weda,C:\Users\ADMIN\Desktop\ds-fall\data\raw\WEDA-FALL-main\dataset\25Hz\F07\U04_R01_accel.csv,U04,R01,F07,25.0,25.0,192,193,7.68,24.95656727905258,25.0,raw_25hz_time_aligned_to_uniform_25hz,True,0,2.0,5.0
weda,C:\Users\ADMIN\Desktop\ds-fall\data\raw\WEDA-FALL-main\dataset\25Hz\F07\U04_R02_accel.csv,U04,R02,F07,25.0,25.0,207,209,8.32,24.725440398168146,25.0,raw_25hz_time_aligned_to_uniform_25hz,True,0,1.8,4.8
weda,C:\Users\ADMIN\Desktop\ds-fall\data\raw\WEDA-FALL-main\dataset\25Hz\F07\U04_R03_accel.csv,U04,R03,F07,25.0,25.0,222,224,8.92,24.731423765400272,25.0,raw_25hz_time_aligned_to_uniform_25hz,True,0,3.5,6.5
weda,C:\Users\ADMIN\Desktop\ds-fall\data\raw\WEDA-FALL-main\dataset\25Hz\F07\U05_R01_accel.csv,U05,R01,F07,25.0,25.0,345,348,13.88,24.756216842502774,25.0,raw_25hz_time_aligned_to_uniform_25hz,True,0,5.0,8.0
weda,C:\Users\ADMIN\Desktop\ds-fall\data\raw\WEDA-FALL-main\dataset\25Hz\F07\U05_R02_accel.csv,U05,R02,F07,25.0,25.0,371,373,14.88,24.91544913334265,25.0,raw_25hz_time_aligned_to_uniform_25hz,True,0,4.6,7.6
weda,C:\Users\ADMIN\Desktop\ds-fall\data\raw\WEDA-FALL-main\dataset\25Hz\F07\U05_R03_accel.csv,U05,R03,F07,25.0,25.0,350,353,14.08,24.73861498918082,25.0,raw_25hz_time_aligned_to_uniform_25hz,True,0,5.0,8.5
weda,C:\Users\ADMIN\Desktop\ds-fall\data\raw\WEDA-FALL-main\dataset\25Hz\F07\U06_R01_accel.csv,U06,R01,F07,25.0,25.0,392,396,15.8,24.72605114558646,25.0,raw_25hz_time_aligned_to_uniform_25hz,True,0,5.6,9.3
weda,C:\Users\ADMIN\Desktop\ds-fall\data\raw\WEDA-FALL-main\dataset\25Hz\F07\U06_R02_accel.csv,U06,R02,F07,25.0,25.0,326,327,13.040000000000001,24.844248630400887,25.0,raw_25hz_time_aligned_to_uniform_25hz,True,0,3.8,6.8
weda,C:\Users\ADMIN\Desktop\ds-fall\data\raw\WEDA-FALL-main\dataset\25Hz\F07\U06_R03_accel.csv,U06,R03,F07,25.0,25.0,373,375,14.96,24.80248049609922,25.0,raw_25hz_time_aligned_to_uniform_25hz,True,0,3.9,6.9
weda,C:\Users\ADMIN\Desktop\ds-fall\data\raw\WEDA-FALL-main\dataset\25Hz\F07\U07_R01_accel.csv,U07,R01,F07,25.0,25.0,285,287,11.44,24.7595670569536,25.0,raw_25hz_time_aligned_to_uniform_25hz,True,0,3.5,6.5
weda,C:\Users\ADMIN\Desktop\ds-fall\data\raw\WEDA-FALL-main\dataset\25Hz\F07\U07_R02_accel.csv,U07,R02,F07,25.0,25.0,259,261,10.4,24.76720744936162,25.0,raw_25hz_time_aligned_to_uniform_25hz,True,0,2.2,5.2
weda,C:\Users\ADMIN\Desktop\ds-fall\data\raw\WEDA-FALL-main\dataset\25Hz\F07\U07_R03_accel.csv,U07,R03,F07,25.0,25.0,264,266,10.6,24.722695730774163,25.0,raw_25hz_time_aligned_to_uniform_25hz,True,0,3.8,6.8
weda,C:\Users\ADMIN\Desktop\ds-fall\data\raw\WEDA-FALL-main\dataset\25Hz\F07\U08_R01_accel.csv,U08,R01,F07,25.0,25.0,363,366,14.6,24.742842187840456,25.0,raw_25hz_time_aligned_to_uniform_25hz,True,0,3.0,6.0
weda,C:\Users\ADMIN\Desktop\ds-fall\data\raw\WEDA-FALL-main\dataset\25Hz\F07\U08_R02_accel.csv,U08,R02,F07,25.0,25.0,296,298,11.88,24.78054521570859,25.0,raw_25hz_time_aligned_to_uniform_25hz,True,0,3.2,6.2
weda,C:\Users\ADMIN\Desktop\ds-fall\data\raw\WEDA-FALL-main\dataset\25Hz\F07\U08_R03_accel.csv,U08,R03,F07,25.0,25.0,257,258,10.28,24.80020358510548,25.0,raw_25hz_time_aligned_to_uniform_25hz,True,0,3.2,6.2
weda,C:\Users\ADMIN\Desktop\ds-fall\data\raw\WEDA-FALL-main\dataset\25Hz\F07\U09_R01_accel.csv,U09,R01,F07,25.0,25.0,308,310,12.36,24.77704697146364,25.0,raw_25hz_time_aligned_to_uniform_25hz,True,0,3.5,6.6
weda,C:\Users\ADMIN\Desktop\ds-fall\data\raw\WEDA-FALL-main\dataset\25Hz\F07\U09_R02_accel.csv,U09,R02,F07,25.0,25.0,296,298,11.88,24.78888706336992,25.0,raw_25hz_time_aligned_to_uniform_25hz,True,0,3.2,6.2
weda,C:\Users\ADMIN\Desktop\ds-fall\data\raw\WEDA-FALL-main\dataset\25Hz\F07\U09_R03_accel.csv,U09,R03,F07,25.0,25.0,277,279,11.120000000000001,24.7544817081323,24.999999999999996,raw_25hz_time_aligned_to_uniform_25hz,True,0,3.5,6.5
weda,C:\Users\ADMIN\Desktop\ds-fall\data\raw\WEDA-FALL-main\dataset\25Hz\F07\U10_R01_accel.csv,U10,R01,F07,25.0,25.0,195,196,7.8,24.81929343623088,25.0,raw_25hz_time_aligned_to_uniform_25hz,True,0,2.0,5.0
weda,C:\Users\ADMIN\Desktop\ds-fall\data\raw\WEDA-FALL-main\dataset\25Hz\F07\U10_R02_accel.csv,U10,R02,F07,25.0,25.0,244,245,9.76,24.806043541472285,25.0,raw_25hz_time_aligned_to_uniform_25hz,True,0,2.8,5.8
weda,C:\Users\ADMIN\Desktop\ds-fall\data\raw\WEDA-FALL-main\dataset\25Hz\F07\U10_R03_accel.csv,U10,R03,F07,25.0,25.0,235,236,9.4,24.86584197920294,25.0,raw_25hz_time_aligned_to_uniform_25hz,True,0,3.0,6.0
weda,C:\Users\ADMIN\Desktop\ds-fall\data\raw\WEDA-FALL-main\dataset\25Hz\F07\U11_R01_accel.csv,U11,R01,F07,25.0,25.0,229,231,9.200000000000001,24.67933460238428,24.999999999999996,raw_25hz_time_aligned_to_uniform_25hz,True,0,2.8,5.8
weda,C:\Users\ADMIN\Desktop\ds-fall\data\raw\WEDA-FALL-main\dataset\25Hz\F07\U11_R02_accel.csv,U11,R02,F07,25.0,25.0,274,276,11.0,24.751802036451004,25.0,raw_25hz_time_aligned_to_uniform_25hz,True,0,4.0,7.5
weda,C:\Users\ADMIN\Desktop\ds-fall\data\raw\WEDA-FALL-main\dataset\25Hz\F07\U11_R03_accel.csv,U11,R03,F07,25.0,25.0,244,245,9.76,24.85170895544868,25.0,raw_25hz_time_aligned_to_uniform_25hz,True,0,2.7,5.7
weda,C:\Users\ADMIN\Desktop\ds-fall\data\raw\WEDA-FALL-main\dataset\25Hz\F07\U12_R01_accel.csv,U12,R01,F07,25.0,25.0,259,261,10.4,24.76410735032737,25.0,raw_25hz_time_aligned_to_uniform_25hz,True,0,1.7,4.7
weda,C:\Users\ADMIN\Desktop\ds-fall\data\raw\WEDA-FALL-main\dataset\25Hz\F07\U12_R02_accel.csv,U12,R02,F07,25.0,25.0,258,260,10.36,24.790591804078534,25.0,raw_25hz_time_aligned_to_uniform_25hz,True,0,2.0,5.0
weda,C:\Users\ADMIN\Desktop\ds-fall\data\raw\WEDA-FALL-main\dataset\25Hz\F07\U12_R03_accel.csv,U12,R03,F07,25.0,25.0,373,376,15.0,24.741445273611376,25.0,raw_25hz_time_aligned_to_uniform_25hz,True,0,3.7,8.0
weda,C:\Users\ADMIN\Desktop\ds-fall\data\raw\WEDA-FALL-main\dataset\25Hz\F07\U13_R01_accel.csv,U13,R01,F07,25.0,25.0,276,279,11.120000000000001,24.667003945079294,24.999999999999996,raw_25hz_time_aligned_to_uniform_25hz,True,0,2.6,6.0
weda,C:\Users\ADMIN\Desktop\ds-fall\data\raw\WEDA-FALL-main\dataset\25Hz\F07\U13_R02_accel.csv,U13,R02,F07,25.0,25.0,180,181,7.2,24.800851427766702,25.0,raw_25hz_time_aligned_to_uniform_25hz,True,0,1.5,4.5
weda,C:\Users\ADMIN\Desktop\ds-fall\data\raw\WEDA-FALL-main\dataset\25Hz\F07\U13_R03_accel.csv,U13,R03,F07,25.0,25.0,205,206,8.2,24.788869403128878,25.000000000000004,raw_25hz_time_aligned_to_uniform_25hz,True,0,1.6,5.6
weda,C:\Users\ADMIN\Desktop\ds-fall\data\raw\WEDA-FALL-main\dataset\25Hz\F07\U14_R01_accel.csv,U14,R01,F07,25.0,25.0,306,308,12.280000000000001,24.785664987489213,24.999999999999996,raw_25hz_time_aligned_to_uniform_25hz,True,0,4.0,7.0
weda,C:\Users\ADMIN\Desktop\ds-fall\data\raw\WEDA-FALL-main\dataset\25Hz\F07\U14_R02_accel.csv,U14,R02,F07,25.0,25.0,311,313,12.48,24.77522481478597,25.0,raw_25hz_time_aligned_to_uniform_25hz,True,0,4.0,7.0
weda,C:\Users\ADMIN\Desktop\ds-fall\data\raw\WEDA-FALL-main\dataset\25Hz\F07\U14_R03_accel.csv,U14,R03,F07,25.0,25.0,293,296,11.8,24.73528183780792,25.0,raw_25hz_time_aligned_to_uniform_25hz,True,0,4.0,7.0
weda,C:\Users\ADMIN\Desktop\ds-fall\data\raw\WEDA-FALL-main\dataset\25Hz\F08\U01_R01_accel.csv,U01,R01,F08,25.0,25.0,407,411,16.4,24.738750840646574,25.000000000000004,raw_25hz_time_aligned_to_uniform_25hz,True,0,7.0,10.0
weda,C:\Users\ADMIN\Desktop\ds-fall\data\raw\WEDA-FALL-main\dataset\25Hz\F08\U01_R02_accel.csv,U01,R02,F08,25.0,25.0,423,426,17.0,24.782710914693993,25.0,raw_25hz_time_aligned_to_uniform_25hz,True,0,6.5,10.0
weda,C:\Users\ADMIN\Desktop\ds-fall\data\raw\WEDA-FALL-main\dataset\25Hz\F08\U01_R03_accel.csv,U01,R03,F08,25.0,25.0,395,398,15.88,24.7751997458275,25.0,raw_25hz_time_aligned_to_uniform_25hz,True,0,6.3,9.3
weda,C:\Users\ADMIN\Desktop\ds-fall\data\raw\WEDA-FALL-main\dataset\25Hz\F08\U01_R04_accel.csv,U01,R04,F08,25.0,25.0,430,434,17.32,24.75547478906657,25.0,raw_25hz_time_aligned_to_uniform_25hz,True,0,6.8,9.8
weda,C:\Users\ADMIN\Desktop\ds-fall\data\raw\WEDA-FALL-main\dataset\25Hz\F08\U02_R01_accel.csv,U02,R01,F08,25.0,25.0,261,263,10.48,24.78001387171514,25.0,raw_25hz_time_aligned_to_uniform_25hz,True,0,3.0,6.0
weda,C:\Users\ADMIN\Desktop\ds-fall\data\raw\WEDA-FALL-main\dataset\25Hz\F08\U02_R02_accel.csv,U02,R02,F08,25.0,25.0,245,246,9.8,24.832082275076214,24.999999999999996,raw_25hz_time_aligned_to_uniform_25hz,True,0,3.3,6.3
weda,C:\Users\ADMIN\Desktop\ds-fall\data\raw\WEDA-FALL-main\dataset\25Hz\F08\U02_R03_accel.csv,U02,R03,F08,25.0,25.0,244,245,9.76,24.797186693001166,25.0,raw_25hz_time_aligned_to_uniform_25hz,True,0,3.1,6.1
weda,C:\Users\ADMIN\Desktop\ds-fall\data\raw\WEDA-FALL-main\dataset\25Hz\F08\U02_R04_accel.csv,U02,R04,F08,25.0,25.0,224,226,9.0,24.720705710642825,25.0,raw_25hz_time_aligned_to_uniform_25hz,True,0,3.8,6.8
weda,C:\Users\ADMIN\Desktop\ds-fall\data\raw\WEDA-FALL-main\dataset\25Hz\F08\U03_R01_accel.csv,U03,R01,F08,25.0,25.0,248,248,9.88,24.88292263267762,24.999999999999996,raw_25hz_time_aligned_to_uniform_25hz,True,0,2.5,5.5
weda,C:\Users\ADMIN\Desktop\ds-fall\data\raw\WEDA-FALL-main\dataset\25Hz\F08\U03_R02_accel.csv,U03,R02,F08,25.0,25.0,237,238,9.48,24.83164983164983,25.0,raw_25hz_time_aligned_to_uniform_25hz,True,0,3.2,6.2
weda,C:\Users\ADMIN\Desktop\ds-fall\data\raw\WEDA-FALL-main\dataset\25Hz\F08\U03_R03_accel.csv,U03,R03,F08,25.0,25.0,202,204,8.120000000000001,24.783213161939813,24.999999999999996,raw_25hz_time_aligned_to_uniform_25hz,True,0,2.6,5.6
weda,C:\Users\ADMIN\Desktop\ds-fall\data\raw\WEDA-FALL-main\dataset\25Hz\F08\U03_R04_accel.csv,U03,R04,F08,25.0,25.0,175,176,7.0,24.80752830579682,25.0,raw_25hz_time_aligned_to_uniform_25hz,True,0,2.5,5.5
weda,C:\Users\ADMIN\Desktop\ds-fall\data\raw\WEDA-FALL-main\dataset\25Hz\F08\U04_R01_accel.csv,U04,R01,F08,25.0,25.0,190,194,7.72,24.606626374532084,25.0,raw_25hz_time_aligned_to_uniform_25hz,True,0,2.1,6.8
weda,C:\Users\ADMIN\Desktop\ds-fall\data\raw\WEDA-FALL-main\dataset\25Hz\F08\U04_R02_accel.csv,U04,R02,F08,25.0,25.0,200,202,8.040000000000001,24.683707391188246,24.999999999999996,raw_25hz_time_aligned_to_uniform_25hz,True,0,3.4,6.4
weda,C:\Users\ADMIN\Desktop\ds-fall\data\raw\WEDA-FALL-main\dataset\25Hz\F08\U04_R03_accel.csv,U04,R03,F08,25.0,25.0,148,148,5.88,24.913144564014978,25.0,raw_25hz_time_aligned_to_uniform_25hz,True,0,2.0,5.0
weda,C:\Users\ADMIN\Desktop\ds-fall\data\raw\WEDA-FALL-main\dataset\25Hz\F08\U04_R04_accel.csv,U04,R04,F08,25.0,25.0,168,168,6.68,24.888235371984468,25.0,raw_25hz_time_aligned_to_uniform_25hz,True,0,2.2,5.2
weda,C:\Users\ADMIN\Desktop\ds-fall\data\raw\WEDA-FALL-main\dataset\25Hz\F08\U05_R01_accel.csv,U05,R01,F08,25.0,25.0,318,321,12.8,24.766361693365145,25.0,raw_25hz_time_aligned_to_uniform_25hz,True,0,4.0,7.0
weda,C:\Users\ADMIN\Desktop\ds-fall\data\raw\WEDA-FALL-main\dataset\25Hz\F08\U05_R02_accel.csv,U05,R02,F08,25.0,25.0,330,332,13.24,24.771301266290543,25.0,raw_25hz_time_aligned_to_uniform_25hz,True,0,5.5,8.5
weda,C:\Users\ADMIN\Desktop\ds-fall\data\raw\WEDA-FALL-main\dataset\25Hz\F08\U05_R03_accel.csv,U05,R03,F08,25.0,25.0,242,242,9.64,24.89540995539166,25.0,raw_25hz_time_aligned_to_uniform_25hz,True,0,2.5,5.5
weda,C:\Users\ADMIN\Desktop\ds-fall\data\raw\WEDA-FALL-main\dataset\25Hz\F08\U05_R04_accel.csv,U05,R04,F08,25.0,25.0,437,441,17.6,24.750235041928327,24.999999999999996,raw_25hz_time_aligned_to_uniform_25hz,True,0,5.5,8.5
weda,C:\Users\ADMIN\Desktop\ds-fall\data\raw\WEDA-FALL-main\dataset\25Hz\F08\U06_R01_accel.csv,U06,R01,F08,25.0,25.0,345,348,13.88,24.79937909868757,25.0,raw_25hz_time_aligned_to_uniform_25hz,True,0,4.6,8.0
weda,C:\Users\ADMIN\Desktop\ds-fall\data\raw\WEDA-FALL-main\dataset\25Hz\F08\U06_R02_accel.csv,U06,R02,F08,25.0,25.0,396,401,15.999999999999998,24.702531145830115,25.000000000000004,raw_25hz_time_aligned_to_uniform_25hz,True,0,4.9,8.2
weda,C:\Users\ADMIN\Desktop\ds-fall\data\raw\WEDA-FALL-main\dataset\25Hz\F08\U06_R03_accel.csv,U06,R03,F08,25.0,25.0,330,332,13.24,24.80426516744877,25.0,raw_25hz_time_aligned_to_uniform_25hz,True,0,5.0,9.0
weda,C:\Users\ADMIN\Desktop\ds-fall\data\raw\WEDA-FALL-main\dataset\25Hz\F08\U06_R04_accel.csv,U06,R04,F08,25.0,25.0,368,371,14.8,24.750472079848933,25.0,raw_25hz_time_aligned_to_uniform_25hz,True,0,5.3,8.3
weda,C:\Users\ADMIN\Desktop\ds-fall\data\raw\WEDA-FALL-main\dataset\25Hz\F08\U07_R01_accel.csv,U07,R01,F08,25.0,25.0,242,243,9.68,24.83512059326725,25.0,raw_25hz_time_aligned_to_uniform_25hz,True,0,2.6,5.6
weda,C:\Users\ADMIN\Desktop\ds-fall\data\raw\WEDA-FALL-main\dataset\25Hz\F08\U07_R02_accel.csv,U07,R02,F08,25.0,25.0,257,259,10.32,24.7402768730022,25.0,raw_25hz_time_aligned_to_uniform_25hz,True,0,3.0,6.0
weda,C:\Users\ADMIN\Desktop\ds-fall\data\raw\WEDA-FALL-main\dataset\25Hz\F08\U07_R03_accel.csv,U07,R03,F08,25.0,25.0,257,258,10.28,24.821836916864196,25.0,raw_25hz_time_aligned_to_uniform_25hz,True,0,2.8,6.0
weda,C:\Users\ADMIN\Desktop\ds-fall\data\raw\WEDA-FALL-main\dataset\25Hz\F08\U07_R04_accel.csv,U07,R04,F08,25.0,25.0,266,268,10.68,24.77563870929485,25.0,raw_25hz_time_aligned_to_uniform_25hz,True,0,3.5,6.4
weda,C:\Users\ADMIN\Desktop\ds-fall\data\raw\WEDA-FALL-main\dataset\25Hz\F08\U08_R01_accel.csv,U08,R01,F08,25.0,25.0,301,303,12.08,24.77394123853135,25.0,raw_25hz_time_aligned_to_uniform_25hz,True,0,3.6,6.7
weda,C:\Users\ADMIN\Desktop\ds-fall\data\raw\WEDA-FALL-main\dataset\25Hz\F08\U08_R02_accel.csv,U08,R02,F08,25.0,25.0,291,293,11.68,24.755646923666514,25.0,raw_25hz_time_aligned_to_uniform_25hz,True,0,3.2,6.2
weda,C:\Users\ADMIN\Desktop\ds-fall\data\raw\WEDA-FALL-main\dataset\25Hz\F08\U08_R03_accel.csv,U08,R03,F08,25.0,25.0,319,321,12.8,24.836958985018022,25.0,raw_25hz_time_aligned_to_uniform_25hz,True,0,4.2,7.2
weda,C:\Users\ADMIN\Desktop\ds-fall\data\raw\WEDA-FALL-main\dataset\25Hz\F08\U08_R04_accel.csv,U08,R04,F08,25.0,25.0,318,321,12.8,24.72506420809946,25.0,raw_25hz_time_aligned_to_uniform_25hz,True,0,4.0,7.0
weda,C:\Users\ADMIN\Desktop\ds-fall\data\raw\WEDA-FALL-main\dataset\25Hz\F08\U09_R01_accel.csv,U09,R01,F08,25.0,25.0,269,270,10.76,24.859701721851852,25.0,raw_25hz_time_aligned_to_uniform_25hz,True,0,3.6,6.6
weda,C:\Users\ADMIN\Desktop\ds-fall\data\raw\WEDA-FALL-main\dataset\25Hz\F08\U09_R02_accel.csv,U09,R02,F08,25.0,25.0,264,265,10.559999999999999,24.8136652003135,25.000000000000004,raw_25hz_time_aligned_to_uniform_25hz,True,0,3.8,6.8
weda,C:\Users\ADMIN\Desktop\ds-fall\data\raw\WEDA-FALL-main\dataset\25Hz\F08\U09_R03_accel.csv,U09,R03,F08,25.0,25.0,316,318,12.68,24.803150990317803,25.0,raw_25hz_time_aligned_to_uniform_25hz,True,0,3.8,7.0
weda,C:\Users\ADMIN\Desktop\ds-fall\data\raw\WEDA-FALL-main\dataset\25Hz\F08\U09_R04_accel.csv,U09,R04,F08,25.0,25.0,276,279,11.120000000000001,24.726280291520467,24.999999999999996,raw_25hz_time_aligned_to_uniform_25hz,True,0,4.0,7.3
weda,C:\Users\ADMIN\Desktop\ds-fall\data\raw\WEDA-FALL-main\dataset\25Hz\F08\U10_R01_accel.csv,U10,R01,F08,25.0,25.0,221,222,8.84,24.7999126547793,25.0,raw_25hz_time_aligned_to_uniform_25hz,True,0,2.6,6.6
weda,C:\Users\ADMIN\Desktop\ds-fall\data\raw\WEDA-FALL-main\dataset\25Hz\F08\U10_R02_accel.csv,U10,R02,F08,25.0,25.0,304,305,12.16,24.856447901162596,25.0,raw_25hz_time_aligned_to_uniform_25hz,True,0,3.1,6.1
weda,C:\Users\ADMIN\Desktop\ds-fall\data\raw\WEDA-FALL-main\dataset\25Hz\F08\U10_R03_accel.csv,U10,R03,F08,25.0,25.0,284,290,11.56,24.48503510272758,25.0,raw_25hz_time_aligned_to_uniform_25hz,True,0,2.6,5.6
weda,C:\Users\ADMIN\Desktop\ds-fall\data\raw\WEDA-FALL-main\dataset\25Hz\F08\U10_R04_accel.csv,U10,R04,F08,25.0,25.0,281,283,11.28,24.77328844107967,25.0,raw_25hz_time_aligned_to_uniform_25hz,True,0,3.8,6.8
weda,C:\Users\ADMIN\Desktop\ds-fall\data\raw\WEDA-FALL-main\dataset\25Hz\F08\U11_R01_accel.csv,U11,R01,F08,25.0,25.0,232,233,9.28,24.80670131700493,25.0,raw_25hz_time_aligned_to_uniform_25hz,True,0,3.2,6.2
weda,C:\Users\ADMIN\Desktop\ds-fall\data\raw\WEDA-FALL-main\dataset\25Hz\F08\U11_R02_accel.csv,U11,R02,F08,25.0,25.0,264,265,10.56,24.80547046308859,25.0,raw_25hz_time_aligned_to_uniform_25hz,True,0,4.0,7.0
weda,C:\Users\ADMIN\Desktop\ds-fall\data\raw\WEDA-FALL-main\dataset\25Hz\F08\U11_R03_accel.csv,U11,R03,F08,25.0,25.0,217,219,8.72,24.73801955075904,24.999999999999996,raw_25hz_time_aligned_to_uniform_25hz,True,0,3.0,6.0
weda,C:\Users\ADMIN\Desktop\ds-fall\data\raw\WEDA-FALL-main\dataset\25Hz\F08\U11_R04_accel.csv,U11,R04,F08,25.0,25.0,248,250,9.96,24.7148350834683,24.999999999999996,raw_25hz_time_aligned_to_uniform_25hz,True,0,2.4,5.4
weda,C:\Users\ADMIN\Desktop\ds-fall\data\raw\WEDA-FALL-main\dataset\25Hz\F08\U12_R01_accel.csv,U12,R01,F08,25.0,25.0,232,233,9.28,24.79073219235155,25.0,raw_25hz_time_aligned_to_uniform_25hz,True,0,2.5,5.5
weda,C:\Users\ADMIN\Desktop\ds-fall\data\raw\WEDA-FALL-main\dataset\25Hz\F08\U12_R02_accel.csv,U12,R02,F08,25.0,25.0,208,208,8.28,24.89476885074672,25.000000000000004,raw_25hz_time_aligned_to_uniform_25hz,True,0,1.5,4.5
weda,C:\Users\ADMIN\Desktop\ds-fall\data\raw\WEDA-FALL-main\dataset\25Hz\F08\U12_R03_accel.csv,U12,R03,F08,25.0,25.0,207,208,8.28,24.804335097733283,25.000000000000004,raw_25hz_time_aligned_to_uniform_25hz,True,0,1.5,4.5
weda,C:\Users\ADMIN\Desktop\ds-fall\data\raw\WEDA-FALL-main\dataset\25Hz\F08\U12_R04_accel.csv,U12,R04,F08,25.0,25.0,197,198,7.88,24.764673326212353,25.0,raw_25hz_time_aligned_to_uniform_25hz,True,0,2.0,5.0
weda,C:\Users\ADMIN\Desktop\ds-fall\data\raw\WEDA-FALL-main\dataset\25Hz\F08\U13_R01_accel.csv,U13,R01,F08,25.0,25.0,301,303,12.08,24.78212420851287,25.0,raw_25hz_time_aligned_to_uniform_25hz,True,0,2.0,5.2
weda,C:\Users\ADMIN\Desktop\ds-fall\data\raw\WEDA-FALL-main\dataset\25Hz\F08\U13_R02_accel.csv,U13,R02,F08,25.0,25.0,262,263,10.48,24.846494866197162,25.0,raw_25hz_time_aligned_to_uniform_25hz,True,0,2.5,5.5
weda,C:\Users\ADMIN\Desktop\ds-fall\data\raw\WEDA-FALL-main\dataset\25Hz\F08\U13_R03_accel.csv,U13,R03,F08,25.0,25.0,294,295,11.76,24.865278838088056,25.0,raw_25hz_time_aligned_to_uniform_25hz,True,0,3.0,6.7
weda,C:\Users\ADMIN\Desktop\ds-fall\data\raw\WEDA-FALL-main\dataset\25Hz\F08\U13_R04_accel.csv,U13,R04,F08,25.0,25.0,235,235,9.36,24.93739073688414,25.0,raw_25hz_time_aligned_to_uniform_25hz,True,0,2.5,6.0
weda,C:\Users\ADMIN\Desktop\ds-fall\data\raw\WEDA-FALL-main\dataset\25Hz\F08\U14_R01_accel.csv,U14,R01,F08,25.0,25.0,301,303,12.08,24.76984688199544,25.0,raw_25hz_time_aligned_to_uniform_25hz,True,0,4.0,7.0
weda,C:\Users\ADMIN\Desktop\ds-fall\data\raw\WEDA-FALL-main\dataset\25Hz\F08\U14_R02_accel.csv,U14,R02,F08,25.0,25.0,304,305,12.16,24.816767074031617,25.0,raw_25hz_time_aligned_to_uniform_25hz,True,0,4.5,7.4
weda,C:\Users\ADMIN\Desktop\ds-fall\data\raw\WEDA-FALL-main\dataset\25Hz\F08\U14_R03_accel.csv,U14,R03,F08,25.0,25.0,271,272,10.84,24.81389661997222,25.0,raw_25hz_time_aligned_to_uniform_25hz,True,0,4.0,7.0
weda,C:\Users\ADMIN\Desktop\ds-fall\data\raw\WEDA-FALL-main\dataset\25Hz\F08\U14_R04_accel.csv,U14,R04,F08,25.0,25.0,346,348,13.88,24.812111219110115,25.0,raw_25hz_time_aligned_to_uniform_25hz,True,0,4.0,7.5
