max_acc_mag,max_gyro_mag,max_jerk,pre_roll,post_roll,pre_pitch,post_pitch,delta_roll_window,delta_pitch_window
12.944882,6.3945293,69.08226,0.019369114,-0.8892747,0.066937536,0.9703908,-0.90864384,0.90345323
12.414104,2.2113345,63.35845,-1.0256184,-0.9159505,1.0105886,1.1419361,0.10966796,0.13134742
14.831386,2.5495098,78.82014,-0.81698704,-0.84839743,0.8795193,0.8570383,-0.031410396,-0.022480965
14.831386,2.9832869,107.99799,-0.7251924,-1.1438968,1.0949067,1.0496123,-0.4187044,-0.045294404
14.790199,2.9832869,107.99799,-0.7511231,-0.9290924,0.94530666,0.98398846,-0.17796934,0.038681805
16.758879,5.189412,84.765724,0.1484507,-1.077306,-0.013478568,1.15172,-1.2257568,1.1651986
16.758879,5.189412,84.765724,-0.041637402,-1.1601222,0.5606239,1.2092927,-1.1184847,0.64866877
13.179151,2.5317976,92.388916,-0.76447093,-1.0251031,1.2978446,1.2059304,-0.26063216,-0.091914296
13.567609,1.8547237,92.388916,-1.1779323,-1.034189,1.2364771,1.2027581,0.14374328,-0.033719063
13.844132,4.104875,135.50381,-1.2895256,-1.1412897,1.1299974,1.0386883,0.14823592,-0.09130907
12.506798,4.705316,110.0627,-0.25443682,-1.6238775,0.33009243,1.1786368,-1.3694407,0.84854436
13.124405,4.9457054,110.0627,-1.4856436,-1.4876935,1.0746918,1.2065469,-0.002049923,0.13185513
13.256696,4.9457054,155.55916,-1.7919506,-1.5156521,1.1161724,1.214186,0.27629852,0.09801352
14.841496,4.4328322,155.55916,-1.8180593,-1.677689,1.1838282,0.919737,0.14037037,-0.26409125
22.934906,5.1439285,533.2309,-1.5581018,-1.7766373,1.1869371,1.1969868,-0.21853554,0.010049701
28.830019,9.172786,654.9738,0.0624518,-0.7979207,-0.14930198,1.3041301,-0.8603725,1.4534321
28.830019,9.172786,654.9738,-0.6084062,-1.3778476,0.92582214,1.3521137,-0.76944137,0.42629158
13.779332,3.6619666,103.88704,-1.3067122,-0.6786178,1.3977685,1.4121004,0.6280944,0.014331937
21.155142,11.521719,545.3608,-1.0057323,-0.8283394,1.335283,1.3245562,0.1773929,-0.0107268095
21.155142,11.521719,545.3608,-0.1699874,-1.2313083,1.4437706,1.3819311,-1.0613209,-0.06183958
19.718266,8.221922,163.27083,0.2564953,-1.2375487,0.14611675,1.134133,-1.4940441,0.98801625
11.333578,2.4351592,28.057003,-1.181036,-1.1986372,1.2168896,1.0285108,-0.017601252,-0.18837881
13.934131,2.6551836,115.61923,-1.269766,-1.2345159,1.1704398,1.1739984,0.035250068,0.0035585165
14.624638,4.33359,115.61923,-1.3057806,-1.4137526,1.1025207,1.1646842,-0.10797191,0.062163472
14.735671,4.33359,111.62505,-1.2318113,-1.3231156,1.1055042,1.1364721,-0.0913043,0.03096795
13.103053,4.0037484,68.29796,-0.07097103,-0.40554923,0.50117344,1.18697,-0.33457822,0.68579656
14.150971,4.029888,70.87665,-0.8300408,-0.7789044,1.1018326,1.2843529,0.051136434,0.18252027
14.171098,5.166237,87.482025,-0.7988794,-0.33414647,1.3197453,1.299938,0.46473292,-0.019807339
14.5924635,5.166237,132.6346,-0.6474287,-0.42146897,1.2295556,1.325636,0.22595972,0.09608042
17.457376,4.173727,164.58664,-1.0120842,-1.037984,1.1945494,1.3873348,-0.025899768,0.19278538
15.104304,4.9618545,76.485634,-0.07201616,-0.783984,0.38185117,1.2828501,-0.7119678,0.90099895
18.95943,3.1272993,170.7161,-0.8583304,-0.73440295,1.1110444,1.1893144,0.123927474,0.07826996
18.95943,3.1272993,170.7161,-0.8348225,-0.849919,1.1890104,1.1069932,-0.015096545,-0.08201718
14.80304,2.9983327,139.49352,-0.9995009,-0.7889675,1.2977679,1.1844027,0.21053338,-0.11336517
15.916657,3.1416557,139.49352,-0.8335336,-0.926132,1.2528386,1.2706946,-0.09259844,0.017856002
16.38841,10.868762,168.68243,0.6168202,-1.6102066,-0.082467124,1.2355875,-2.227027,1.3180546
16.1722,8.490582,132.78409,-1.6999134,-1.2874792,0.9496225,1.2503258,0.41243422,0.3007033
13.132023,2.4186773,106.13155,-1.3896348,-1.3510611,1.2085412,1.217551,0.038573742,0.009009838
15.871987,4.0718546,140.11522,-1.4041173,-1.5923622,1.2524488,1.2733285,-0.18824482,0.020879745
15.871987,4.0718546,140.11522,-1.2804543,-1.3856738,1.1739161,1.1957003,-0.10521948,0.021784186
14.51792,5.993329,173.03224,0.024028478,-1.3032222,-0.055784963,1.3444364,-1.3272506,1.4002213
14.455794,4.3737855,93.149666,-1.4707664,-1.3383507,1.2062184,1.2777815,0.13241577,0.071563125
15.288231,3.2124755,124.51559,-1.4630067,-1.3051655,1.3264637,1.2603396,0.1578412,-0.06612408
18.738731,5.2048054,203.05257,-1.5045489,-1.6391449,1.3210628,1.2943246,-0.13459599,-0.026738167
18.738731,5.2048054,203.05257,-1.3963792,-2.0798864,1.2850088,1.2547532,-0.6835072,-0.030255556
13.870111,6.92026,141.75566,0.06462981,-1.291982,0.08115149,1.1780655,-1.3566118,1.096914
13.870111,3.258834,63.174248,-1.6344826,-1.7426898,0.9939763,1.1952131,-0.108207226,0.20123678
12.894184,1.5652477,69.98181,-1.2757404,-1.5254058,1.1959919,1.2478359,-0.24966538,0.051844
12.894184,2.3021727,86.740166,-1.4509957,-1.3938661,1.2656434,1.1538942,0.05712962,-0.11174917
13.377967,2.3021727,102.21343,-1.7966572,-1.5541952,1.1894387,1.0862789,0.24246204,-0.103159785
19.213017,4.859012,255.06592,-0.2702651,-1.7884777,0.39830574,1.1881559,-1.5182126,0.7898501
19.213017,4.859012,255.06592,-1.5617032,-1.5737057,0.37669855,1.185349,-0.012002468,0.80865043
13.397388,4.268489,114.16702,-1.3187331,-1.3135474,1.2176336,1.2548656,0.0051857233,0.03723204
12.060266,1.8193405,64.01458,-1.7986857,-1.7212536,1.247902,1.2489018,0.07743204,0.0009998083
13.352154,4.0459857,91.73437,-1.4471483,-1.681716,1.2481982,1.2220023,-0.23456764,-0.026195884
14.209152,3.758989,116.84151,0.16146572,-0.40979496,0.024496984,-0.9456585,-0.5712607,-0.9701555
14.735671,6.567343,110.9529,-0.5182229,-0.91847104,-0.15342446,-1.1722684,-0.4002481,-1.0188439
14.735671,6.567343,213.05368,-0.080480315,-0.8558639,-1.0106157,-1.1651273,-0.7753836,-0.15451157
15.237126,4.851804,213.05368,-1.3002858,-0.8507222,-1.1647797,-1.2263414,0.44956362,-0.061561704
16.085087,2.641969,120.4207,-1.1129986,-0.8230046,-1.1983917,-1.271694,0.289994,-0.07330227
17.433876,9.055386,139.70842,0.5217649,-0.48698863,-0.13862398,1.0511138,-1.0087535,1.1897378
17.433876,7.603946,139.70842,-0.9856221,-0.84576213,0.90541744,1.0617738,0.13985997,0.15635633
16.490602,2.7622457,133.44987,-0.76140344,-0.6324451,0.98286235,1.1579578,0.12895834,0.17509544
15.225308,3.226453,105.66559,-0.63511616,-0.6032897,1.0429281,1.1562712,0.031826437,0.11334312
15.573696,4.5265884,140.22961,-0.62157285,-0.6426145,0.9596237,1.0693377,-0.021041632,0.10971403
15.458331,7.389858,173.56291,0.38654017,-0.8214811,0.19211991,1.2159503,-1.2080213,1.0238303
15.458331,3.5860841,116.82906,-1.0675919,-1.2995766,0.85467273,1.0041349,-0.23198473,0.14946216
13.614698,2.6645825,59.564545,-0.90843785,-0.99064094,1.2342055,1.2270124,-0.08220309,-0.0071930885
13.614698,2.7092435,82.690956,-0.9009181,-0.78915143,1.1611156,1.1788849,0.111766696,0.017769217
13.191664,2.7604346,88.370895,-1.3097699,-0.84766185,1.2586765,1.2752172,0.46210802,0.016540647
10.664427,0.70710677,74.66378,-1.2773616,-1.3390384,1.1628491,1.1754698,-0.06167674,0.0126206875
10.5057125,0.9433982,13.882065,-1.3337733,-1.4237351,1.1707509,1.1804068,-0.08996189,0.009655952
10.549408,0.9433982,28.139067,-1.3528166,-1.115931,1.180865,1.2151468,0.23688555,0.03428173
11.787281,1.17047,31.790829,-1.2702764,-1.5917513,1.1941161,1.2270664,-0.3214749,0.032950282
12.013742,1.17047,34.05142,-1.1848056,-1.2183701,1.1889738,1.2099131,-0.03356445,0.02093935
11.135978,2.109502,80.22256,-1.585214,-1.1262075,1.3909514,1.3394461,0.45900655,-0.051505327
12.747156,2.109502,80.02038,-1.4737637,-0.88239163,1.388152,1.379006,0.5913721,-0.009145975
14.453028,2.2759614,115.39593,-0.80665016,-0.73157585,1.430631,1.4011474,0.075074315,-0.029483676
14.453028,2.2759614,115.39593,-1.4658377,-0.9495975,1.2641169,1.3053278,0.51624024,0.04121089
13.1578865,2.634388,86.545235,-1.621426,-1.1421367,1.2055745,1.3155441,0.4792893,0.109969616
13.039172,2.5377154,181.99957,0.25861043,0.10405193,0.05713281,0.52738535,-0.1545585,0.47025254
16.690416,2.6191602,201.33911,0.1874234,0.095853575,0.3594753,0.3004145,-0.09156982,-0.059060812
17.569576,5.2744665,238.30672,-0.06856336,-0.18172133,0.75110453,0.8880003,-0.11315797,0.13689578
17.569576,5.2744665,238.30672,0.076570906,-0.46085554,0.2710745,1.2470963,-0.5374265,0.97602177
14.914758,2.8089144,101.43633,-0.20328012,-0.4426418,1.2838495,1.2247517,-0.23936167,-0.059097767
10.591034,0.46904162,78.77335,-0.8916103,-0.9207245,1.162917,1.1931833,-0.029114187,0.030266285
10.016486,0.14142138,6.1344147,-0.9282924,-0.91504514,1.1931645,1.1851264,0.0132472515,-0.008038044
11.872658,0.591608,40.01751,-0.92050016,-1.0804312,1.1897986,1.1938579,-0.15993106,0.0040593147
14.095744,1.3928387,100.03672,-0.9150437,-0.84035075,1.1613328,1.1934506,0.074692965,0.032117724
14.095744,1.7972201,100.03672,-0.80132085,-0.7008773,1.1927557,1.1314801,0.10044354,-0.0612756
11.385077,0.94868326,87.40225,-1.0020545,-0.8362707,1.1022222,1.1927159,0.16578376,0.09049368
11.385077,0.66332495,56.204796,-0.88369596,-0.93325365,1.1593983,1.187976,-0.049557686,0.028577685
11.503913,0.6480741,61.105396,-1.0797604,-1.0693153,1.1434753,1.1868362,0.010445118,0.04336095
11.503913,0.678233,79.113914,-0.7083256,-0.7313654,1.1995072,1.1694515,-0.023039758,-0.030055761
11.433722,0.90000004,79.113914,-0.9210453,-0.93695295,1.1695906,1.0565544,-0.015907645,-0.113036156
10.362915,0.40000004,40.521385,-0.35875842,-0.3810113,0.40859294,0.45673043,-0.022252887,0.048137486
11.339313,3.04959,37.697506,-0.39178,-0.5869503,0.45850626,0.6298275,-0.19517031,0.17132124
16.333096,3.04959,141.50925,-0.37748206,-0.8906847,0.43497258,1.1468368,-0.51320267,0.7118642
16.333096,3.324154,141.50925,-0.8209895,-0.9678977,1.0863757,1.1208961,-0.14690822,0.034520388
15.162454,3.324154,128.09363,-0.620181,-0.7929336,1.1420699,1.058026,-0.17275256,-0.08404398
10.096039,1.9723083,33.13141,0.14687188,0.15044893,0.14301075,0.2143354,0.0035770535,0.07132465
13.192043,5.289613,51.57428,0.11988856,-1.2728095,0.13869119,0.72331405,-1.392698,0.58462286
13.192043,5.289613,66.68167,-0.7085804,-1.5296804,0.37160954,1.1099403,-0.8211,0.7383307
13.086252,2.0273135,76.46513,-1.1081417,-1.3707576,1.1113328,1.0943129,-0.26261592,-0.017019868
13.086252,2.1118712,76.46513,-1.3856018,-1.4056607,1.1247143,1.1300358,-0.02005899,0.0053215027
10.989995,0.76811457,66.66117,-0.4020868,-0.52476317,0.52842486,0.6143812,-0.12267637,0.085956335
10.439348,2.539685,42.254925,-0.49366608,-1.3452609,0.52614534,0.9926015,-0.8515948,0.46645617
12.753822,2.624881,115.496826,-0.7021855,-1.271556,0.7908841,1.2301781,-0.5693705,0.43929404
13.777155,3.312099,132.42116,-2.037857,-1.3038837,1.158496,1.2332537,0.7339734,0.074757695
13.823893,3.312099,136.5314,-1.6589129,-1.2706612,1.1885507,1.2869366,0.38825166,0.09838593
10.5948105,0.8660254,53.515198,-0.807738,-0.84928834,0.671822,0.76699567,-0.04155034,0.09517366
13.525162,2.3895605,64.977646,-0.8167943,-1.4114234,0.73101413,1.0282022,-0.59462917,0.29718804
13.544003,2.3895605,75.06809,-1.135587,-1.5077701,0.95468235,1.0133216,-0.37218308,0.058639288
14.773287,2.4677925,127.09179,-1.8356844,-1.5955008,1.1031606,1.0647492,0.24018359,-0.03841138
16.40183,2.879236,149.7152,-1.3375871,-1.6844527,1.0441335,1.0510323,-0.34686553,0.006898761
13.048755,4.6658335,74.37577,0.2198436,-0.4595098,0.67785513,0.92448187,-0.67935336,0.24662673
14.266745,4.6658335,74.16358,0.22583108,-1.7109979,0.6663055,1.2722465,-1.936829,0.605941
14.628056,3.2140315,102.45848,-1.3776674,-1.5116466,1.2448758,1.243652,-0.1339792,-0.0012238026
16.717358,2.4596746,129.7687,-1.8350083,-1.4985528,1.154549,1.234877,0.33645546,0.08032799
16.717358,1.9209372,136.19447,-1.6532959,-1.7921759,1.2270381,1.1713144,-0.13888001,-0.055723786
10.479504,1.8330303,48.13223,-0.88546133,-1.0098867,0.5229282,0.80530155,-0.12442541,0.28237337
11.333578,2.4779024,34.20868,-0.90036213,-1.7599045,0.5955736,1.3071916,-0.85954237,0.711618
11.333578,2.4779024,34.20868,-1.0715891,-1.2995074,1.1375296,1.3293166,-0.22791827,0.191787
11.693159,0.8602326,56.65531,-1.722189,-1.5823486,1.3049256,1.3331182,0.13984036,0.02819264
13.853881,1.8138356,94.760086,-1.8157762,-0.33945996,1.3513237,1.434933,1.4763162,0.08360922
24.1456,10.589617,300.183,0.107648455,-1.4018112,-0.06897638,0.8781792,-1.5094597,0.9471556
49.299088,10.589617,1114.1069,-1.019741,-1.2158456,0.72148246,-0.46579152,-0.19610453,-1.187274
49.299088,9.394679,1175.321,-1.2165416,-0.9958371,-0.2174037,0.17196552,0.22070456,0.38936922
45.813644,13.23858,1175.321,-0.39512318,-0.25039768,0.7642161,0.5705384,0.1447255,-0.19367772
45.813644,13.23858,1083.0901,-0.28197497,-0.3158012,-0.13204654,-0.47739083,-0.033826232,-0.3453443
17.410917,5.8489313,256.85455,0.44638628,-0.5405637,-0.09748807,1.1493465,-0.98695,1.2468345
38.92814,8.35823,1235.3866,-0.46585757,-1.0893928,1.0764138,0.12940516,-0.6235352,-0.9470086
45.98489,12.615069,1576.6246,-0.75055015,-1.3774948,0.6030509,0.1505878,-0.62694466,-0.4524631
47.244896,12.615069,1576.6246,-0.46170884,-0.5862729,-0.5047983,-0.3349775,-0.12456405,0.16982079
53.222645,12.532358,1640.3359,-0.9939059,-1.1766987,-0.51726,-0.64785147,-0.18279278,-0.13059145
43.388824,7.5053315,978.6012,0.057995636,0.019462038,0.28184393,0.85629827,-0.0385336,0.5744543
53.69935,6.4969225,1735.4681,-1.4392431,-0.02066338,0.62548995,-0.30560437,1.4185797,-0.9310943
56.412144,8.187796,1735.4681,-0.75680625,-0.9047659,-0.5253687,-0.4277173,-0.14795965,0.09765139
56.412144,10.331021,1409.5214,-0.47346148,-0.04551815,0.50822115,0.832967,0.42794332,0.32474583
55.09383,10.331021,1338.0181,0.13786316,-0.44594812,0.7634615,0.29165465,-0.5838113,-0.47180682
45.253616,6.3663177,794.0348,0.2205718,-0.07477789,0.23227349,-0.09887377,-0.2953497,-0.33114725
45.253616,6.9742384,1090.7648,-0.14940473,-0.51156294,0.76301473,0.63214886,-0.3621582,-0.13086587
43.987495,16.459951,1090.7648,-0.35190132,-0.014556373,-0.0820962,-0.57055646,0.33734494,-0.48846027
42.380184,16.459951,1001.84796,-0.7102367,-0.5044067,-0.6400563,-0.3034888,0.20583004,0.33656752
41.694603,13.215521,1001.84796,-0.4766212,-0.81728286,0.24131492,0.55566764,-0.34066164,0.31435272
14.996666,6.797794,306.6517,0.77282304,-1.1141207,0.11835649,1.2654259,-1.8869438,1.1470695
14.996666,5.558777,91.12497,-1.3294098,-1.1042836,1.0177708,1.2621715,0.22512627,0.24440074
13.6926985,2.9410882,66.77308,-1.1122371,-1.0575734,1.2649169,0.9791411,0.05466366,-0.28577578
37.54797,3.7868192,759.96924,-1.1242044,0.12025784,1.2627622,-0.21066642,1.2444623,-1.4734286
37.54797,3.910243,759.96924,-1.0937985,-0.70262754,0.10107213,-0.7106749,0.39117098,-0.811747
41.611298,12.174152,624.6176,0.4781342,0.25278273,0.039503608,0.6668435,-0.22535148,0.62733984
46.92185,13.983205,797.19763,-1.0953212,-0.37041909,0.7252298,0.4804243,0.7249021,-0.24480549
46.92185,13.983205,909.87915,0.4356431,0.3511209,0.5650269,0.90736467,-0.08452222,0.3423378
45.070835,10.708875,909.87915,0.09789033,-0.748658,0.6210881,0.35672715,-0.8465483,-0.26436093
52.35542,9.864078,940.5573,-0.18686265,0.3191733,0.3856796,0.8908411,0.5060359,0.5051615
39.134766,6.7867517,657.8955,-0.22515869,-0.76592517,0.18128736,-0.06566869,-0.5407665,-0.24695605
44.834026,10.297572,1041.6075,-0.8882221,-0.6813966,0.1635541,-0.40349302,0.2068255,-0.5670471
44.834026,12.170045,1041.6075,0.1930695,0.12202437,0.29640377,0.5168458,-0.07104513,0.22044206
43.690273,12.170045,960.1042,0.20629661,-0.04942606,0.38571903,-0.042199254,-0.25572267,-0.4279183
43.939163,8.038034,1080.2161,-0.7317797,-0.6253865,-0.43278956,-0.39436355,0.10639322,0.03842601
21.849943,11.126994,236.15804,0.18998349,-1.7252964,-0.08850553,0.44596314,-1.9152799,0.53446865
23.006521,5.8898215,291.17233,-1.2326195,-1.3296766,1.1131384,-0.046252966,-0.097057104,-1.1593914
40.265743,7.585512,824.9426,-1.1134267,-1.5827421,0.39279753,0.35584843,-0.4693154,-0.036949098
40.265743,8.382124,1046.4708,-0.9059969,-1.2501541,0.025755197,-0.6326635,-0.34415722,-0.65841866
39.8812,8.382124,1046.4708,-0.8980883,-1.220001,-0.5814904,-0.48453298,-0.3219127,0.096957415
29.129023,6.73721,334.272,0.12389479,-1.0621378,-0.13691826,0.22092132,-1.1860327,0.35783958
43.158546,10.265964,881.9273,-0.5690197,-0.9824007,0.16327795,-0.74740136,-0.41338104,-0.91067934
43.158546,12.14084,1042.4471,-0.83130425,-1.1482177,-0.13478348,-0.41373318,-0.31691343,-0.2789497
42.887062,12.14084,1042.4471,-0.90097016,-1.8934273,0.49251026,0.39316478,-0.9924571,-0.099345475
41.011463,9.867624,886.41284,-1.1593597,-1.3457364,0.1953167,0.48531136,-0.18637669,0.28999466
14.203521,5.415718,92.658165,0.47238103,-1.0406084,-0.07462748,0.8267848,-1.5129894,0.90141225
29.02654,4.172529,351.89706,-1.0973637,-1.1238917,0.5322336,0.7806274,-0.026528,0.24839383
32.420055,3.8327534,395.23468,-1.2899013,-1.3860549,0.54872835,-0.3467087,-0.09615362,-0.895437
39.43222,5.2583265,560.4831,-1.4003347,-1.6412342,-0.22709508,-0.38584062,-0.24089944,-0.15874554
40.040226,5.2583265,640.0019,-0.5340427,-0.5255528,0.5168287,0.5700556,0.008489907,0.05322689
37.66338,9.022749,661.92993,0.13076934,-1.7799486,-0.009723952,0.066543,-1.910718,0.07626695
56.271572,10.975428,993.55585,-1.7081133,-1.6165587,1.1522151,0.14835528,0.09155464,-1.0038599
56.271572,10.975428,1254.5659,0.5111424,-0.88653374,0.8746644,-0.2202307,-1.3976761,-1.0948951
50.105988,10.945775,1254.5659,0.832986,-0.40795666,0.81432754,0.5840071,-1.2409427,-0.23032045
43.34536,10.823123,1041.4034,0.34407932,-0.32314098,0.6492263,0.8615731,-0.6672203,0.21234679
38.754745,8.346256,936.3786,0.017721664,-0.53325933,-0.015599127,-0.6414546,-0.550981,-0.62585545
48.175617,10.208329,1136.0789,-0.6664523,-0.07875098,-1.0210478,-0.8323315,0.5877013,0.18871635
48.175617,10.208329,1136.0789,-1.485332,-1.0681522,0.105310515,-0.19895281,0.41717982,-0.30426332
47.366867,9.140022,1038.7686,-1.7195009,-1.5689895,0.12093942,0.30951196,0.15051138,0.18857254
52.441776,8.468176,1010.40497,-0.65094274,-0.55376196,-0.4318326,-0.64514625,0.097180784,-0.21331364
49.266922,16.31962,1140.0076,0.92168677,-0.92176044,-0.049150627,0.19657551,-1.8434472,0.24572614
43.45998,6.7007465,745.1004,-0.9577157,-0.5122553,0.88086444,-0.5567274,0.44546038,-1.4375918
43.45998,6.738694,919.07544,-0.5313669,-1.5587218,0.35048157,0.33790416,-1.027355,-0.0125774145
39.21607,7.068946,919.07544,-0.49378866,-1.6613209,0.24916546,0.43390697,-1.1675322,0.18474151
41.49229,7.068946,939.665,-1.1903365,-0.27306503,-0.5080944,-0.7232469,0.91727144,-0.2151525
20.837706,6.6098413,198.50659,0.16780737,-1.2274929,0.17622158,0.46926364,-1.3953003,0.29304206
34.089584,4.384062,683.21985,-1.2175782,-0.6430645,0.7081641,0.3491573,0.5745137,-0.3590068
40.509506,5.409251,993.46313,-1.3246734,-0.6104422,0.7108538,0.5131981,0.7142312,-0.19765574
40.509506,5.409251,1011.91504,-0.3598251,-1.2920725,-0.24453971,-0.5479599,-0.9322474,-0.30342022
39.97049,6.309517,1011.91504,-0.8628276,-1.0895388,-0.49749097,0.11370431,-0.22671121,0.61119527
18.813026,7.300685,149.2944,0.10767269,-0.7690664,-0.0033324435,1.1672477,-0.8767391,1.1705801
18.877499,2.4020824,197.98618,-0.83025247,-1.2292997,1.1180826,1.3276433,-0.3990472,0.20956063
18.877499,2.7820857,197.98618,-0.9805193,-1.6818699,1.1777269,1.3924859,-0.70135057,0.21475899
14.444722,4.350862,87.330246,-0.298769,-1.1603987,1.3389666,1.2243803,-0.8616297,-0.11458635
14.444722,7.262231,81.127975,-0.8134736,0.10971304,1.2868844,1.2124362,0.9231866,-0.07444823
28.148712,8.759566,432.06387,0.3312233,-1.2292088,-0.0071588107,1.1707481,-1.5604322,1.1779069
28.148712,8.759566,432.06387,-0.5990974,-1.2573364,0.83492935,1.2286175,-0.658239,0.3936882
19.360527,2.918904,294.52682,-1.1241238,-0.9683242,1.2005068,1.1809858,0.15579963,-0.019520998
19.360527,1.7378147,219.36908,-1.3077823,-0.89352214,1.145977,1.1139494,0.41426015,-0.032027602
19.002632,2.1400933,168.51048,-1.2057229,-1.1373514,1.1995618,1.1207097,0.068371534,-0.07885218
17.45222,8.021222,208.29034,-0.008300888,-1.8794577,0.15846336,1.1992639,-1.8711568,1.0408006
15.116878,2.3853722,147.13808,-1.4877594,-1.3898143,1.1819637,1.1000745,0.097945094,-0.08188915
15.780367,3.386739,120.988106,-1.3805172,-1.2691118,1.2784157,1.2196745,0.11140549,-0.058741212
16.863274,4.422669,125.90251,-1.2524505,-1.2096512,1.2852674,1.2372177,0.042799234,-0.04804969
16.863274,4.422669,332.77237,-1.5878769,-1.8524125,1.1850026,1.1953542,-0.26453555,0.010351658
14.895301,4.253234,323.19614,0.43326646,-0.13338488,-0.047899727,1.1527185,-0.56665134,1.2006183
14.895301,4.0828915,184.73392,-0.13548836,-1.7961357,0.5550488,1.4195482,-1.6606473,0.86449933
14.816882,4.0828915,110.79953,-1.1021127,-1.1787856,1.4377033,1.3309249,-0.07667291,-0.10677838
14.816882,3.8183765,105.512,-0.23064713,-1.040395,1.4826275,1.3157641,-0.8097479,-0.16686344
15.57498,4.388622,121.81464,-1.8320658,-0.8701844,1.3522612,1.4022789,0.9618814,0.050017715
14.191195,6.3142695,291.34192,0.72486526,-1.3839364,0.08101441,1.1762512,-2.1088016,1.0952368
14.191195,5.9219933,81.02975,-1.2363809,-1.3695476,0.9856993,1.1465755,-0.13316667,0.16087615
13.027278,2.3345237,88.699585,-1.436547,-1.5982424,1.1425761,1.174656,-0.16169536,0.032079935
16.335545,3.6373067,119.866585,-1.3186804,-1.4448768,1.1377218,1.1317546,-0.12619638,-0.00596714
18.391302,4.944694,157.55287,-1.4255602,-1.2874968,1.2379118,1.1289313,0.13806343,-0.10898054
17.687283,6.1717095,130.62753,0.37904707,-0.9792245,0.04182949,1.311514,-1.3582716,1.2696846
17.07425,4.419276,130.62753,-0.35277358,-0.6647142,1.1984389,1.2933578,-0.31194064,0.09491897
17.07425,4.419276,123.69099,-0.48213068,-0.37834293,1.1807611,1.1787617,0.10378775,-0.0019993782
16.043379,3.9572718,137.62885,-1.2052438,-1.063937,1.2171584,1.3188691,0.14130688,0.10171068
16.043379,3.879433,137.62885,-0.7912731,-1.6448781,1.2505019,1.3922908,-0.85360503,0.14178896
14.291956,4.323193,114.1795,0.0700005,-0.9263989,-0.0015703898,1.2855796,-0.9963994,1.2871499
14.291956,2.0493903,73.41194,-1.1712601,-1.2705411,1.1299404,1.2267776,-0.09928095,0.09683716
14.164039,1.9,56.29182,-0.89977616,-0.9695237,1.1350619,1.1668198,-0.06974757,0.03175795
14.806079,1.9416487,92.60116,-1.0318058,-1.3546749,1.2295674,1.189787,-0.32286918,-0.03978038
14.806079,1.9467922,92.60116,-1.1918001,-1.0118932,1.2994866,1.1988146,0.17990696,-0.10067201
17.611927,8.809654,250.18721,0.41149163,-1.688225,-0.05517315,1.2012227,-2.0997167,1.2563958
17.056377,3.4292855,140.14388,-1.6632227,-1.618282,1.1930864,1.2818339,0.04494071,0.0887475
18.559633,3.4292855,140.14388,-1.6521766,-1.7202663,1.1633176,1.2498641,-0.06808972,0.08654654
18.559633,5.984981,209.86491,-1.9195722,-2.0148807,1.1290616,1.2257891,-0.09530842,0.09672749
17.545368,5.984981,209.86491,-1.6360945,-1.6393824,1.1192843,1.1397407,-0.0032879114,0.020456433
16.808628,6.2201285,127.559,0.0037282235,-1.5989381,0.26072487,1.360794,-1.6026664,1.100069
16.808628,3.0430248,127.559,-1.3561327,-1.67335,1.3011141,1.3132375,-0.31721723,0.012123466
16.634302,6.185467,101.06783,-1.4038191,-1.858378,1.273114,1.2096747,-0.45455897,-0.06343925
16.609936,6.185467,166.06236,-0.6767658,-0.877672,1.3752838,1.2879813,-0.20090622,-0.087302566
15.371077,5.189412,125.11478,-1.7546597,-0.6973231,1.2110392,1.1742734,1.0573366,-0.036765814
14.8946295,5.8189344,128.0885,0.48569193,-1.5632958,-0.061286855,1.288602,-2.0489879,1.3498888
14.8946295,3.7429938,72.57905,-1.3566811,0.51126957,1.2741878,1.4493434,1.8679507,0.17515564
14.297203,1.1357816,84.89485,-1.6859732,-2.338121,1.2371961,1.3540076,-0.65214777,0.116811514
14.458561,1.1357816,84.89485,-0.1872075,0.44846576,1.4863106,1.4563459,0.6356733,-0.029964685
14.458561,2.3452077,87.48079,-1.0973352,-1.5637445,1.3647507,1.1344655,-0.46640933,-0.23028529
13.690142,2.3727622,139.10924,0.010460539,-0.9255064,0.1189186,0.9890752,-0.93596697,0.8701566
15.149258,1.7262676,63.681652,-0.60354835,-0.95850897,0.38139403,0.9135575,-0.35496062,0.5321635
15.149258,2.0639768,102.34361,-0.81578016,-0.9862558,0.8316992,0.87351817,-0.17047566,0.041818976
14.622244,2.0639768,102.34361,-0.8499838,-1.0299414,0.85214937,0.7929174,-0.17995763,-0.059231997
15.830666,4.5199556,97.94646,-0.99995726,-1.5943731,0.80177194,1.1865196,-0.59441584,0.38474768
16.530579,5.0299106,192.74101,-0.2131366,-0.50495374,-0.20389661,0.5516341,-0.29181713,0.7555307
18.45481,2.6925824,578.5385,-0.6262039,-0.46451172,0.21384153,0.357284,0.16169217,0.14344248
19.756012,3.7255871,637.6578,-0.2911659,-0.64536697,0.2910454,-0.042356044,-0.35420108,-0.33340144
24.74793,7.105632,722.5179,-0.3314417,-0.44761842,0.4928853,0.5344438,-0.116176724,0.041558504
24.74793,7.105632,722.5179,-1.4213187,-0.53192174,0.042647142,-0.021691998,0.8893969,-0.06433914
18.606987,8.815328,163.27737,0.7775456,-0.7922123,-0.040290035,1.0437455,-1.5697579,1.0840355
15.405519,4.4988885,96.652275,-0.65873474,-0.5740061,1.0996436,0.9986845,0.08472866,-0.10095906
14.422552,3.6124783,80.08662,-1.0499771,-0.9498645,1.2372434,1.1143634,0.10011256,-0.12287998
14.422552,3.6124783,166.16049,-0.85325515,-1.1265514,0.9985398,0.92909384,-0.27329624,-0.06944597
14.200705,3.472751,166.16049,-0.6222675,-0.8688854,1.0084933,1.0022494,-0.24661791,-0.006243944
18.559633,8.125884,147.78099,0.33909842,-1.6003816,0.23090605,1.3142072,-1.9394801,1.0833012
16.446884,3.1304953,92.033676,-1.0027691,-1.5955312,1.237758,1.3649809,-0.5927621,0.1272229
16.446884,3.0594115,92.033676,0.098996356,-0.929221,1.4316187,1.3125012,-1.0282173,-0.1191175
14.083678,4.544227,70.604515,-1.1084656,-0.36994785,1.3388075,1.264349,0.7385177,-0.07445848
14.792228,4.544227,79.94414,-1.7785642,-0.6149506,1.3100266,1.3094704,1.1636136,-0.00055623055
11.754999,3.992493,55.293037,0.37703162,-0.7846751,0.22473788,1.2545391,-1.1617067,1.0298012
13.187116,3.992493,64.80818,-0.39432734,-0.25575027,0.8564925,1.430722,0.13857707,0.5742295
13.187116,1.9104973,64.80818,-0.3583339,-0.94025916,1.425158,1.4281018,-0.5819253,0.0029437542
14.137539,2.5019994,100.57266,0.17530906,0.049846284,1.4316281,1.3403835,-0.12546277,-0.09124458
15.964023,2.5019994,103.81532,-0.80403006,-0.50095546,1.2934425,1.3631067,0.3030746,0.06966424
10.10396,0.3741658,31.542015,-0.1507091,-0.05690186,0.9993863,1.0758724,0.093807235,0.07648611
10.025967,0.8124038,22.709227,-0.07471425,-0.06604034,1.0648879,1.0755901,0.008673914,0.010702252
10.50952,0.92736185,24.68524,-0.06367161,-0.07067027,1.0695723,1.1205676,-0.006998658,0.05099523
13.979985,1.1575837,39.40921,-0.09058134,-0.21484418,1.1267862,1.1993926,-0.12426284,0.072606325
13.979985,1.8788294,71.68708,0.1405809,-0.37680608,1.1461077,1.2226802,-0.517387,0.07657254
14.032819,1.7832555,78.92151,-0.5140357,-0.9685672,0.37701973,1.037388,-0.4545315,0.6603682
14.032819,3.2771938,78.92151,-0.45870304,-0.86665076,0.622885,1.0967394,-0.40794772,0.47385442
14.63489,4.121893,128.63579,-0.98324645,-0.6257647,0.96957046,1.1659608,0.35748172,0.19639033
14.63489,5.526301,128.63579,-1.0357759,-0.9175793,1.1695535,1.202977,0.11819661,0.033423424
14.101772,5.526301,105.97167,-1.128814,-1.2590472,1.0393236,1.0588359,-0.13023317,0.019512296
10.23963,0.71414286,23.345804,-1.2304502,-1.2746838,0.46958098,0.48951584,-0.04423368,0.019934863
12.817567,1.421267,77.06909,-1.2350906,-1.3450346,0.48636407,0.07406555,-0.109943986,-0.4122985
12.817567,1.8466185,77.06909,-1.2729445,-1.175803,0.5791421,0.9054309,0.097141504,0.32628882
12.374975,1.8466185,64.25919,-1.3036188,-1.5228679,0.5261162,1.1545179,-0.21924913,0.6284017
14.264993,2.8248892,94.93785,-1.250312,-1.2899015,0.8901741,1.2554319,-0.039589524,0.3652578
10.264502,1.1789825,38.171673,-0.49328986,-0.6082239,-0.1956422,-0.19797403,-0.11493406,-0.002331823
10.136567,1.1789825,25.216484,-0.5468749,-0.6432931,-0.21788967,-0.22627178,-0.0964182,-0.008382112
10.307764,1.2083046,19.97099,-0.6236911,-0.901618,-0.21262605,-0.3212964,-0.27792692,-0.10867034
13.272528,1.7029387,68.10794,-0.696506,-1.0147964,-0.37764713,0.04624162,-0.31829035,0.42388874
13.655767,2.368544,68.10794,-1.016764,-1.1224505,-0.22039285,-0.05723367,-0.105686426,0.16315919
10.692521,2.4103942,37.142277,-0.11152806,-0.48084426,0.051474802,0.22100708,-0.3693162,0.16953227
11.250333,4.076763,49.783897,-0.14750281,-1.2587688,0.041388877,1.0527664,-1.111266,1.0113776
11.250333,4.076763,49.783897,-0.9245428,-1.537244,0.8128041,0.96636516,-0.6127012,0.15356106
12.169224,2.2113345,55.00965,-1.3666656,-1.3596272,1.0988603,0.65322465,0.007038355,-0.44563562
12.169224,2.2113345,55.00965,-1.0989296,-1.6005919,0.7100972,0.94994307,-0.50166225,0.23984587
11.536898,1.3341664,140.69086,-0.8914207,-1.065831,0.9870351,1.1128595,-0.17441022,0.12582439
13.64771,1.3341664,140.69086,-0.9553925,-1.2578324,1.036876,1.089646,-0.30243993,0.05277002
18.012772,2.4758837,174.17455,-1.0726988,-1.3405104,1.165818,1.4026072,-0.26781154,0.23678923
18.012772,2.4758837,174.17455,0.09989111,-1.0276945,1.3675473,1.3748777,-1.1275855,0.0073304176
17.122206,2.4919872,132.75638,-1.8154014,-0.9551221,1.3543043,1.3173131,0.8602793,-0.03699124
10.296116,0.70710677,34.97491,-0.84910756,-0.8787258,0.90103644,0.93160105,-0.029618263,0.030564606
10.20098,0.5477225,20.361996,-0.8849102,-1.0627453,0.90808356,0.96214116,-0.1778351,0.054057598
10.662552,0.7211103,29.508972,-0.89136136,-1.582104,0.93151873,0.9858487,-0.6907426,0.05432999
11.407454,0.7211103,31.758547,-1.3717299,-1.543764,1.0042335,1.0817127,-0.17203414,0.07747924
11.407454,0.83066237,31.758547,-1.6113017,-1.4533336,0.94591635,0.8587688,0.15796804,-0.087147534
11.799152,3.468429,38.845634,0.020934884,-1.0124569,-0.07851711,1.0187047,-1.0333918,1.0972217
11.799152,3.468429,40.750694,-0.7904616,-1.3120164,0.51914775,1.2230302,-0.52155477,0.70388246
12.049896,1.7378147,130.61028,-1.0738565,-1.155591,1.0895302,0.74943984,-0.08173454,-0.3400904
14.432256,1.7378147,135.56853,-1.4841785,-0.63025993,1.1954668,0.2818439,0.8539186,-0.91362286
14.432256,1.6155496,135.56853,-0.787831,-0.73696977,0.42198104,0.3014627,0.05086124,-0.12051833
14.300349,5.2706738,61.864353,0.15461592,-1.0785935,0.11824031,1.1930748,-1.2332094,1.0748345
11.126096,3.1,37.20522,-1.1633203,-1.2861876,1.115058,1.2444572,-0.122867346,0.1293993
13.044539,4.0755367,119.761375,-1.1316626,-1.2993871,1.2131954,0.27797475,-0.16772449,-0.9352207
14.909729,4.1097445,282.534,-1.2315649,-1.3579214,0.88959587,0.32504946,-0.12635648,-0.5645464
14.909729,4.1097445,282.534,-1.4135625,-1.3623956,0.30096367,0.3618937,0.051166892,0.060930043
13.672235,5.455272,68.26157,-0.103790104,-1.5400212,0.3089264,1.21236,-1.4362311,0.9034336
13.124405,1.7492856,52.35834,-1.5436008,-1.5139654,1.2233464,1.0901041,0.02963543,-0.13324225
13.124405,2.9086082,58.43902,-1.4358947,-1.7409426,1.2690599,1.0226623,-0.30504787,-0.24639761
12.078493,2.9086082,58.43902,-1.529287,-1.745816,1.0788695,1.0581226,-0.21652901,-0.020746827
12.597222,1.9209373,203.1837,-1.7196066,0.5636226,1.047266,1.4778671,2.2832294,0.43060112
24.415773,7.368853,511.3875,0.33831605,-1.3768811,0.11135282,1.0559896,-1.7151972,0.9446368
24.415773,7.368853,511.3875,0.109105214,-0.27973348,0.74687684,0.9163228,-0.3888387,0.16944599
17.317045,3.6742346,285.24924,-0.5614351,-0.27145234,1.2190993,0.66803795,0.28998277,-0.55106133
10.637199,1.7117244,30.337286,-0.17312022,-0.295276,0.80553114,0.66889274,-0.12215577,-0.1366384
9.901515,1e-04,6.8647385,-0.28981012,-0.30046135,0.6731677,0.66664314,-0.010651231,-0.006524563
15.396429,8.815328,116.84728,0.32066363,-1.2957592,0.14419945,1.0990629,-1.6164229,0.9548635
12.507198,2.638181,43.81385,-1.3319037,-1.3114384,1.1372488,1.0938919,0.020465255,-0.043356895
10.05833,0.90000004,12.88147,-1.2880144,-1.38677,1.123133,1.2873312,-0.0987556,0.16419828
11.552489,1.0677079,48.35849,-1.3284473,0.83790815,1.1245599,1.4466904,2.1663556,0.32213056
11.552489,1.9672316,89.232544,-0.86163634,-1.2054627,1.4361527,1.0376334,-0.34382635,-0.39851928
16.383835,6.166847,100.472595,0.13138255,-0.58587754,0.27318037,1.2545816,-0.7172601,0.9814012
11.706835,3.0951574,50.528717,-0.6652111,-0.5840939,1.248913,1.2710847,0.08111715,0.022171617
12.551892,2.4372115,108.94256,-0.5726603,1.076301,1.2538372,1.3292533,1.6489613,0.07541609
12.685031,2.4372115,108.94256,-0.8305567,-1.3654897,1.3910121,1.0477357,-0.53493303,-0.34327638
15.22728,3.6810324,270.58893,-0.2882236,-0.2550207,1.3940316,0.32424444,0.033202887,-1.0697873
12.16717,3.9306488,56.75273,-0.057828564,-1.1638653,0.22280744,1.1756264,-1.1060368,0.952819
15.310454,2.6019223,178.2433,-1.0132505,-0.7922465,1.1352236,0.6841544,0.22100395,-0.45106924
15.310454,2.1494186,178.2433,-1.0802662,-0.24047825,1.0946434,0.21724947,0.83978796,-0.8773939
11.715801,1.5132746,108.08482,-0.5584949,-0.27886704,0.29210782,0.26593822,0.2796279,-0.026169598
10.232302,0.51961523,12.85944,-0.31717852,-0.25838274,0.28529575,0.25510627,0.05879578,-0.030189484
20.768486,7.8740077,404.42133,0.27807465,-1.7116377,-0.08219971,0.80733794,-1.9897124,0.88953763
20.768486,7.8740077,214.1367,0.22847815,-1.5382224,0.010516613,1.2342865,-1.7667006,1.2237699
13.276295,2.922328,80.47443,-1.2230742,-1.2375474,1.2679191,1.4565604,-0.0144732,0.18864131
15.055564,4.6151924,285.63266,-1.6063207,-1.354051,1.3394558,0.975342,0.25226974,-0.36411387
15.055564,4.6151924,285.63266,-1.7689807,-1.3133451,1.3959543,0.8447989,0.45563567,-0.5511553
12.458331,4.1315856,90.90181,0.05568136,-1.6821117,-0.016456012,1.3323805,-1.7377931,1.3488365
12.458331,3.3970578,66.90392,-1.422601,-1.7323053,1.1496574,1.1664375,-0.3097043,0.016780138
14.968634,2.3895605,245.01834,-1.7164068,-0.824314,1.2981063,0.52426636,0.8920928,-0.77383995
14.968634,2.3895605,245.01834,-0.9252416,-0.39577207,0.82358235,0.4143595,0.5294695,-0.40922284
11.0363035,2.0712316,86.78408,-0.7030499,-0.527592,0.39619517,0.4077878,0.1754579,0.011592627
12.345039,5.834381,74.223785,0.38069683,-1.3823301,-0.018037202,1.3019062,-1.763027,1.3199434
12.345039,3.3256578,43.36033,-1.5150365,-1.394633,0.9104037,1.0410067,0.12040341,0.13060296
11.790674,2.1,91.925575,-1.4562862,-1.129407,1.2205145,0.4605359,0.32687914,-0.75997865
11.790674,2.1,93.82172,-1.403636,-0.8455097,0.8682545,0.20757051,0.5581263,-0.660684
11.73925,2.0542638,93.82172,-0.5983242,-0.88907945,0.23988609,0.21496761,-0.29075527,-0.024918482
10.251341,3.354102,40.00478,0.029326802,-0.6926639,0.14474991,0.8976218,-0.7219907,0.7528719
11.847784,3.354102,58.42476,-0.15763307,-0.2386678,0.33455762,1.0909755,-0.081034735,0.7564179
14.748899,2.5495098,182.30162,-1.415488,-0.98286694,1.3796312,1.0850005,0.43262106,-0.29463065
14.748899,2.2090724,175.88292,-2.0742893,-0.05169008,0.9859003,1.0245473,2.0225992,0.038647056
18.33494,3.4146743,545.7182,-0.5144039,-0.36431095,1.0048295,0.44028234,0.15009293,-0.5645472
18.766993,4.555217,341.68732,-0.004274507,-1.0556934,0.03350225,-0.9410329,-1.0514189,-0.9745351
18.766993,4.736032,341.68732,-1.3190153,-0.5943015,-0.5839046,-1.2541085,0.72471374,-0.6702039
33.144985,5.456189,1287.2156,-1.5843647,-1.1592137,-1.1626117,-0.34368527,0.425151,0.81892645
33.144985,5.456189,1287.2156,-1.3452947,-1.1071465,-0.67373097,-0.42935953,0.23814821,0.24437144
12.099999,0.7280111,94.78698,-1.1505115,-1.1245872,-0.4060956,-0.4332366,0.025924325,-0.027141005
26.121256,8.21036,412.4153,0.7032751,-0.9990406,-0.11827443,1.0699753,-1.7023157,1.1882497
14.222868,4.892852,231.33916,-1.179856,-0.4387495,0.8738807,0.6430584,0.74110645,-0.23082227
17.844046,5.4157176,308.52533,-1.3069017,-0.45912394,0.79204017,0.13716593,0.8477777,-0.6548742
17.844046,5.4157176,308.52533,-0.30273977,-0.45381632,0.5158744,0.21879134,-0.15107656,-0.29708305
10.029955,0.14142138,8.885908,-0.4601206,-0.4627131,0.19894633,0.20317635,-0.002592504,0.0042300224
17.280334,6.3269267,207.64351,0.30490345,-0.8615731,0.10791166,1.3089881,-1.1664765,1.2010764
17.280334,6.3269267,207.64351,-0.92752475,-1.2774093,0.97464675,1.3863814,-0.34988457,0.41173464
11.690595,1.2247449,61.646652,-0.98336494,-0.7966323,1.3220228,0.8968355,0.18673265,-0.4251873
11.690595,1.2247449,61.646652,-1.0702503,-0.50834334,1.2827784,0.43561283,0.56190693,-0.8471656
10.915127,1.2083045,43.526794,-0.51911247,-0.58624333,0.56660694,0.4848245,-0.06713086,-0.08178243
10.064293,0.4123106,24.649096,-0.24303122,-0.24234489,-0.01210055,-0.0055731977,0.0006863326,0.0065273526
9.9317665,0.31622782,13.433504,-0.24869296,-0.21904199,-0.0071499394,0.019453133,0.029650971,0.026603073
10.0742235,0.51961523,21.554565,-0.22008058,-0.29362214,-0.0004776434,0.017567072,-0.07354155,0.018044716
10.0742235,0.51961523,21.554565,-0.21862146,-0.29425663,0.018876802,0.01944263,-0.075635165,0.0005658269
10.485228,1.077033,36.47094,-0.3036352,-0.49172562,0.01125181,0.035231955,-0.18809041,0.023980144
11.505216,1.6062378,106.08316,0.103255115,-0.0719463,0.19361833,0.6406802,-0.17520142,0.44706187
11.8482065,1.6062378,106.123405,0.057799052,-0.7905632,0.2745268,1.1150972,-0.84836227,0.84057033
11.8482065,1.6431676,106.123405,-0.24637568,-1.8068001,0.90335673,1.3797668,-1.5604244,0.4764101
11.458621,2.0149443,59.45263,-0.7307321,-1.2852107,1.2774376,1.406079,-0.55447865,0.12864149
14.2200575,2.9631062,105.04084,-1.6867692,-0.75948083,1.3736634,1.391587,0.9272884,0.017923594
11.786858,1.3038404,90.36121,0.06933506,0.1493309,0.34977067,0.38583216,0.07999584,0.036061496
15.438265,4.5055523,175.57607,0.17884685,-1.3478239,0.33231074,0.81724054,-1.5266707,0.4849298
15.438265,4.5055523,175.57607,-0.16921808,-0.15301535,0.72911716,0.9073464,0.016202733,0.17822927
16.165396,3.9824617,265.66034,-1.0621523,-0.17938755,1.2295865,1.1263028,0.8827647,-0.10328364
16.165396,3.0626783,265.66034,-0.27390248,-0.26506084,1.0336148,1.1304386,0.008841634,0.09682381
11.385077,2.4758837,57.564213,-0.41515785,-1.7425352,1.0149053,1.2348819,-1.3273773,0.21997654
12.002083,2.4758837,59.726334,-0.96367866,-1.2860065,1.2056416,1.0827353,-0.3223278,-0.12290633
12.002083,2.1,76.71585,-2.1132102,-1.2054255,1.2973552,0.89148855,0.9077847,-0.40586662
12.929424,1.473092,76.71585,-0.8957962,-0.8431859,0.7149395,1.2579178,0.052610278,0.5429783
12.929424,2.48998,60.305595,-1.9764173,-0.5305417,1.260219,0.872136,1.4458756,-0.38808298
11.321661,1.4247806,73.72265,-0.87616223,-1.045212,0.6167871,0.80305445,-0.1690498,0.18626738
11.321661,1.4247806,73.72265,-0.8056079,-2.1981778,0.61899406,1.3136685,-1.3925699,0.69467443
13.66565,3.3674915,83.69284,-1.40546,-0.99534225,1.0664473,1.3474538,0.41011775,0.28100657
13.66565,3.3674915,83.69284,-2.4692519,-1.51442,1.3269366,1.293341,0.95483184,-0.033595562
10.627323,2.7018514,51.378155,-1.956404,-1.4779155,1.3872869,1.3395317,0.47848845,-0.04775524
11.424973,1.2845232,35.194874,-0.8569832,-0.9417561,1.0468298,1.0772977,-0.084772944,0.030467868
11.889912,1.6401219,71.56406,-1.1033804,-0.6300118,1.1178946,0.4711109,0.47336864,-0.6467837
11.889912,1.6401219,71.56406,-0.75285655,-0.6995385,0.6050483,0.47700277,0.053318024,-0.12804553
13.064838,1.6431675,45.3907,-0.68316674,-0.7955099,0.47566622,0.8842076,-0.11234313,0.40854138
13.064838,1.6431675,45.3907,-0.61016434,-0.8330978,0.35374367,1.0790831,-0.22293347,0.7253394
11.064358,0.7549834,22.76659,-1.0952554,-1.2300193,0.4083724,0.66066515,-0.13476396,0.25229275
11.064358,2.1400933,53.115654,-1.1425654,-1.3453559,0.5014697,1.0497074,-0.2027905,0.54823774
13.414918,2.7313,69.834755,-1.272778,-1.1660023,0.70995367,1.0403029,0.10677576,0.3303492
13.414918,3.4655447,102.58231,-1.488617,-1.6377252,1.1654938,1.2348111,-0.14910829,0.06931722
12.363253,3.4655447,102.58231,-1.326243,-1.5265806,1.1007369,1.1990426,-0.20033753,0.0983057
11.5494585,1.8220868,88.95479,-0.36177918,-0.7196667,0.4278284,0.598159,-0.35788754,0.17033061
11.400876,1.8220868,67.823456,-0.40338126,-0.5599612,0.3818505,0.42730898,-0.15657994,0.045458466
13.681008,2.3366642,130.53918,-0.797476,-0.5110995,0.7742883,0.36100072,0.28637648,-0.41328758
15.700318,4.670118,130.53918,-0.57241935,-0.55869013,0.2302992,0.38803965,0.013729215,0.15774044
15.700318,4.670118,96.37313,-0.19227499,-0.7259425,0.73361623,0.51278573,-0.5336675,-0.2208305
10.281051,1.3490738,41.16249,-0.516589,-0.6028489,0.118502475,0.22973888,-0.0862599,0.1112364
11.471704,1.8220866,31.727695,-0.48737526,-1.4795699,0.10571928,0.8565305,-0.99219465,0.7508112
11.766054,2.111871,52.43888,-0.93246233,-1.3856633,0.50535876,0.50181746,-0.45320094,-0.0035412908
12.884875,2.3366642,62.04963,-1.4773653,-1.7900909,0.5891541,1.0942464,-0.31272566,0.50509226
12.884875,2.758623,62.04963,-1.7121881,-1.2325001,0.6168151,0.74555343,0.47968805,0.12873834
10.922454,1.0816654,63.002205,-1.0779306,-1.3993742,1.0490766,1.1240394,-0.32144368,0.074962854
11.997499,1.7117243,84.26857,-1.4117551,-1.1274079,1.195308,0.8059474,0.28434718,-0.38936055
11.997499,2.2516663,91.57562,-1.3624827,-1.1719859,1.1094407,0.5679439,0.1904968,-0.5414968
13.179151,5.1097946,115.46917,-0.96506613,-1.864517,0.43889484,1.151833,-0.89945084,0.7129382
13.179151,5.1097946,115.46917,-1.5254519,-1.8140863,1.1818025,1.2187717,-0.28863442,0.036969185
15.134728,5.59017,112.36458,-0.60577464,-2.1151202,0.020589355,1.2236559,-1.5093455,1.2030666
15.134728,5.59017,112.36458,-1.0280025,1.588278,0.51109135,1.3815495,2.6162806,0.8704581
11.849473,1.5297059,42.928364,-0.8507473,0.29761973,1.4312326,1.5143808,1.148367,0.08314824
14.205632,2.0880613,169.4027,1.2457424,0.24288544,1.507329,1.4405534,-1.002857,-0.06677556
14.205632,2.0904546,169.4027,1.9094524,-1.6407192,1.4317979,0.8662856,-3.5501716,-0.56551224
15.034627,2.4919872,172.9827,0.29244524,-0.6965077,-0.024034735,0.2330102,-0.98895293,0.25704494
15.034627,1.2369317,172.9827,-0.53778344,-0.5966338,0.14614138,0.2089471,-0.058850348,0.06280573
11.435908,1.926136,65.28954,-0.7008697,-0.92947435,0.23789346,0.4049467,-0.22860467,0.16705325
11.435908,1.926136,92.87348,-0.7120577,-1.3847635,0.29223013,0.95995396,-0.67270577,0.66772383
18.445866,9.493682,447.15717,-1.062764,-1.0033983,0.6404829,0.7926354,0.05936575,0.15215248
39.51772,10.013491,805.0196,-1.4197528,-0.6793412,0.97475183,0.25913495,0.74041164,-0.7156169
39.51772,10.013491,805.0196,-1.127038,-0.7264487,0.13938993,0.24933179,0.4005893,0.109941855
11.040833,2.0639768,30.71661,-0.70540106,-0.58191615,0.25520244,0.1242253,0.12348491,-0.13097714
11.040833,2.0904546,96.26117,-0.7214958,0.02917636,0.25081465,-0.064984985,0.75067216,-0.31579962
13.732807,3.1176913,216.87976,-0.12716886,0.116453744,0.017102893,-0.048103455,0.2436226,-0.06520635
12.894184,6.8622155,189.86064,0.11663648,-1.9536003,0.00042693055,0.40509152,-2.0702367,0.4046646
11.463856,1.5329709,91.41078,-1.6679655,-1.8773235,0.29413304,0.41546017,-0.20935798,0.12132713
10.26645,0.40000004,13.6117935,-1.8884811,-1.8634984,0.41758347,0.41776448,0.02498269,0.0001810193
11.392541,1.1224972,50.92678,-1.870244,-1.7143291,0.41681966,0.35181567,0.1559149,-0.06500399
11.392541,1.4525839,66.190765,-1.7998466,-1.5017416,0.41528398,0.8456265,0.298105,0.4303425
11.282731,2.5612497,66.190765,-1.6601584,-1.2544563,0.49296206,0.68132484,0.4057021,0.18836278
23.210558,3.7709415,267.06552,-1.470296,-0.9935857,0.9207303,0.15286276,0.47671032,-0.76786757
23.210558,3.7709415,267.06552,-1.3545668,-0.6485798,-0.24916121,0.32744777,0.70598704,0.576609
11.92057,2.915476,50.327923,-0.726195,-0.027928498,0.31642738,0.18478681,0.6982665,-0.13164057
13.581605,2.9274564,70.84837,0.56675315,-0.39270854,-0.09923712,0.57123387,-0.9594617,0.670471
11.935241,2.1,101.880745,-0.03623646,-0.61940444,0.23159917,0.45832953,-0.58316797,0.22673036
11.935241,2.6038435,101.880745,-0.46259528,-0.8520546,0.048015602,0.6378141,-0.3894593,0.5897985
26.092335,4.3977265,891.6968,-0.7793356,-0.2858467,0.70239687,0.06486416,0.4934889,-0.6375327
26.092335,4.3977265,891.6968,-0.5841146,-0.2911983,0.017676007,0.12315546,0.2929163,0.10547945
11.482595,1.6278821,108.908516,-0.33154845,0.1240564,0.11510018,0.03728395,0.45560485,-0.07781623
12.2743635,1.3892444,92.22551,0.10268183,-0.29298595,0.03269988,0.123216465,-0.3956678,0.09051658
12.221702,2.0904546,150.97345,-0.277456,-0.65226704,0.12220738,0.40145883,-0.37481105,0.27925146
12.221702,2.0904546,150.97345,-0.29992738,-0.844569,0.09654188,0.7144443,-0.5446416,0.6179024
22.847757,3.8327537,624.3628,-0.7693372,-0.30615082,0.6619402,0.12722318,0.46318635,-0.534717
22.847757,3.8327537,624.3628,-0.81459725,-0.36340794,0.30601797,0.15009035,0.4511893,-0.15592761
15.985618,2.9597297,214.87083,0.22283821,-0.38342085,0.18264706,0.7185198,-0.60625905,0.53587276
15.985618,2.611513,214.87083,-0.20530298,-1.0547965,0.562853,0.9917551,-0.8494935,0.42890215
22.280485,2.4433582,610.96454,-0.99063826,-0.44097567,0.82820636,0.5825945,0.5496626,-0.24561185
22.280485,2.4433582,610.96454,-1.0980225,-0.45075622,1.0269885,0.67018086,0.64726627,-0.35680765
14.492757,4.9010205,121.59758,-0.46790457,0.024718698,0.73977625,0.6010566,0.49262327,-0.13871968
14.492757,4.9010205,121.59758,-0.45606285,0.27165323,0.67414427,0.10251534,0.7277161,-0.5716289
14.836104,5.889822,331.77472,0.30718616,-0.67823905,-0.01508673,0.5709764,-0.98542523,0.5860631
14.836104,5.889822,331.77472,-0.07068091,-1.3369725,0.6429996,0.6530417,-1.2662916,0.010042131
15.373353,3.1208973,297.24796,-1.3048145,-0.59230727,0.49657297,0.8026077,0.7125072,0.30603474
15.373353,3.254228,297.24796,-1.2487094,0.39517945,0.6394497,0.35304093,1.643889,-0.28640878
16.3487,3.7416575,374.56436,0.47618753,-0.5693114,0.22775026,0.43254203,-1.0454988,0.20479177
10.054849,0.36055517,20.556831,-0.592223,-0.5947627,0.42231727,0.445886,-0.0025396943,0.02356872
10.600944,1.43527,84.63597,-0.57144934,-0.4523956,0.44220114,0.5470339,0.11905375,0.10483277
11.615937,2.3790755,84.63597,-0.6034443,-0.939521,0.44838572,0.7617075,-0.33607674,0.31332177
11.615937,2.3790755,86.91306,-0.49571747,-1.5033524,0.66207284,0.6465622,-1.0076349,-0.015510619
12.682271,0.92736185,273.52377,-1.2645919,-1.6741495,0.58622783,0.9888447,-0.40955758,0.40261686
27.14848,7.4679313,955.7712,-1.6018785,-0.39366144,0.7965717,0.4068164,1.2082171,-0.38975528
27.14848,7.4679313,955.7712,-1.2189709,-0.44328156,0.84725446,0.55222195,0.77568936,-0.2950325
11.776672,0.678233,78.12333,-0.53614473,-0.49161726,0.58503574,0.54438883,0.04452747,-0.04064691
10.03992,0.100000046,21.916866,-0.48090124,-0.49929538,0.5490145,0.54154557,-0.018394142,-0.007468939
11.158404,4.579301,186.4367,-0.08918589,-0.70410734,0.25863472,0.28337651,-0.61492145,0.024741799
16.403048,4.579301,340.85605,-0.38112852,-1.6957085,0.27076,1.3278167,-1.31458,1.0570567
29.321835,9.30215,401.31485,-1.4815087,-0.87781173,0.7748229,0.91273785,0.603697,0.13791496
52.418316,11.829624,1308.5602,2.5171018,-0.22983201,1.1331661,0.3125295,-2.7469337,-0.8206366
52.418316,11.829624,1308.5602,-0.38663962,-0.32509094,0.13828148,0.2931758,0.06154868,0.1548943
10.069261,0.3162278,10.081863,-0.30885506,-0.31855106,0.2916021,0.29720294,-0.009696007,0.00560084
11.423222,1.9442223,47.114326,-0.3220839,0.13176478,0.29395708,0.17190482,0.45384866,-0.12205227
11.423222,1.9442223,53.256798,-0.27374926,0.33697665,0.29784963,0.012406349,0.6107259,-0.28544328
11.235658,1.8788294,62.95929,0.22563012,0.32744354,0.021537881,0.0136808185,0.10181342,-0.007857063
11.235658,2.6019223,107.133675,0.3178993,0.34229562,-0.028284103,0.1512965,0.02439633,0.1795806
10.4028845,0.98994946,26.847744,-0.08537228,-0.32227314,0.44799262,0.29430902,-0.23690087,-0.1536836
10.4028845,1.7916473,31.366062,-0.2291235,-0.5334181,0.29817536,0.67650497,-0.30429462,0.3783296
10.402404,1.7916473,31.366062,-0.39415643,-1.0416002,0.33611602,1.0288043,-0.6474438,0.6926883
37.23345,4.286024,1380.996,-0.8056885,-0.42700177,0.95165586,0.2035015,0.37868673,-0.7481544
37.23345,4.286024,1380.996,-0.7664927,-0.44070306,0.60088074,0.32547396,0.32578966,-0.27540678
10.47855,0.5744563,39.73737,-0.46342415,-0.41438895,0.29765075,0.3243637,0.04903519,0.026712954
9.892422,0.20000005,8.282757,-0.42760706,-0.36381933,0.326329,0.3066579,0.06378773,-0.019671082
12.807029,2.4124675,138.50484,-0.40971082,-0.36511347,0.32237,0.30359936,0.044597358,-0.018770635
10.493331,0.76811457,30.42469,-0.12423293,-0.41546845,0.27215692,0.27076584,-0.2912355,-0.001391083
10.439348,1.2569805,48.852684,-0.27833962,-0.77276844,0.22037299,0.8166769,-0.4944288,0.59630394
21.693317,4.867237,453.8529,0.32244352,-0.808698,0.013558971,0.29815206,-1.1311415,0.28459308
21.693317,4.867237,453.8529,-0.43464246,-0.79050523,0.11614682,0.30219528,-0.35586277,0.18604846
10.5782795,1.0198039,75.96717,-0.7885819,-0.92315465,0.28880364,0.46497017,-0.13457274,0.17616653
11.573246,1.024695,91.56871,-0.8101306,-1.3651738,0.275678,0.95214796,-0.5550432,0.6764699
19.713194,3.419064,446.7324,-1.094692,-1.0161755,0.6856462,0.52641034,0.07851648,-0.15923584
19.713194,3.419064,446.7324,-1.3765547,-0.57962143,0.96741295,0.26147825,0.7969333,-0.7059347
11.098649,2.7766886,101.80855,-0.48236623,-0.5030497,0.18785462,0.24897897,-0.020683438,0.061124355
10.0657835,1.0099505,13.042641,-0.5747076,-0.5396017,0.25457045,0.24065459,0.035105944,-0.013915867
9.944847,0.20000005,4.226589,-0.5285921,-0.5401684,0.25092056,0.23987302,-0.011576295,-0.011047542
10.017983,0.24494898,10.45723,-0.5407833,-0.5256951,0.23718306,0.27145216,0.015088201,0.034269094
10.326665,1.56205,26.61457,-0.08464805,-0.51938504,0.5513203,0.46295816,-0.434737,-0.08836216
11.191514,3.315117,72.66159,-0.124580644,-1.3705885,0.55982465,1.0465231,-1.2460079,0.48669845
11.191514,3.8288379,72.66159,-0.82210386,-1.227679,0.5728227,0.80177677,-0.40557516,0.22895408
24.94554,6.293648,498.04407,-1.333678,-0.09407603,1.0974429,0.62361366,1.239602,-0.4738292
24.94554,6.293648,498.04407,-0.77882767,-0.1985285,0.44675565,0.63452494,0.58029914,0.1877693
9.8944435,0.244949,6.9357395,-0.18856677,-0.19613688,0.6270896,0.63873756,-0.007570103,0.01164794
12.681483,0.5830952,145.77165,-0.19728151,-0.20712128,0.63710845,0.569939,-0.009839773,-0.06716943
11.265433,2.3216374,72.462944,-0.2702449,-0.69797355,0.50485075,0.5477298,-0.42772865,0.042879045
11.265433,2.3216374,72.462944,-0.2839622,-1.2683041,0.52367693,0.9709285,-0.9843419,0.44725156
35.532803,9.35735,911.10565,-1.1487106,-0.622117,0.6778682,0.6552747,0.5265936,-0.022593498
15.224979,6.142475,148.21425,0.28513795,-1.6415924,-0.00092040503,0.89599866,-1.9267304,0.8969191
15.224979,6.142475,211.56116,-1.6616274,-0.35256955,0.7938582,0.8065464,1.3090578,0.01268822
13.913303,5.1312766,211.56116,-0.5739445,-1.1216552,0.5574812,0.6241062,-0.5477107,0.066625
26.537708,6.116371,493.87885,-0.6040901,-1.0284247,0.64214015,0.932984,-0.42433465,0.29084384
26.537708,6.116371,493.87885,-1.2734636,-1.0148547,0.7092574,0.76719457,0.25860894,0.057937145
13.423859,4.5989127,124.37101,-0.6674913,-1.2031965,0.24047737,1.1724794,-0.5357052,0.932002
12.532758,10.431204,198.23972,-1.119712,-1.0861857,1.1056937,0.046215467,0.0335263,-1.0594783
11.9478035,3.7775652,176.29042,0.3188206,-0.4657355,-0.05111159,0.32398468,-0.7845561,0.37509626
12.171277,3.7336314,132.87912,-1.0816815,-0.80698234,0.062293053,0.7351757,0.27469915,0.6728827
12.171277,2.0024984,132.87912,-0.27045074,-1.440563,0.760455,0.7833277,-1.1701123,0.022872686
10.530432,0.678233,117.34562,-0.2521143,-0.27247706,0.47780713,0.4821395,-0.020362765,0.0043323636
10.431203,0.9110433,39.612057,-0.21902911,-0.560666,0.4722721,0.48999554,-0.3416369,0.017723441
12.562245,4.836321,187.62956,-0.44871897,-0.9068998,0.49241453,0.96014565,-0.45818084,0.46773112
34.149376,11.003181,1332.169,-0.8647482,-0.3665672,0.7125487,0.2617654,0.498181,-0.45078328
34.149376,11.003181,1332.169,-1.2217565,-0.32882485,1.0979881,0.5665854,0.8929316,-0.5314027
18.373077,2.9614186,403.0475,-0.31650093,-0.27685943,0.48152018,0.50449526,0.0396415,0.022975087
10.224481,0.73484695,25.46959,-0.26179066,-0.29144412,0.52484953,0.50071305,-0.02965346,-0.024136484
10.737318,0.969536,51.626923,-0.35237968,-0.59646064,0.45479566,0.6839655,-0.24408096,0.22916985
11.448581,2.4372115,51.626923,-0.36960435,-1.9644878,0.4931682,1.1245393,-1.5948834,0.631371
19.03129,5.9110065,343.52008,-1.1324222,-1.6430727,0.8813896,1.1963685,-0.5106505,0.31497884
11.127443,1.805547,92.1546,-0.26529163,-0.67730105,-0.44854277,-0.24436104,-0.41200942,0.20418173
11.129242,1.805547,129.96945,-0.5024413,-0.8842065,-0.34692448,-0.63598645,-0.3817652,-0.28906196
11.566763,1.6881943,129.96945,-0.66601956,-2.0433843,-0.37012112,-1.2318385,-1.3773648,-0.86171734
32.506157,5.2573757,505.82132,-1.4095123,-1.0486586,-1.027859,-0.95247823,0.36085367,0.07538074
34.082985,8.112336,900.9526,-1.8004434,-0.98356265,-1.213841,-0.40372223,0.81688076,0.81011873
34.082985,8.112336,900.9526,-1.3365624,-1.00544,0.016129186,-0.4201222,0.3311224,-0.4362514
11.373653,3.2526913,135.26602,-1.0050701,-0.39005214,-0.40856877,-0.48582467,0.61501795,-0.077255905
15.689806,5.665686,279.86545,-0.07353345,-0.8234459,-0.14008614,-0.35604334,-0.74991244,-0.2159572
15.689806,3.7121422,279.86545,-1.0247439,-0.8246975,-0.16636877,-0.35715416,0.20004642,-0.1907854
12.711411,1.183216,182.44252,-0.8299836,-0.8294476,-0.35441858,-0.371772,0.00053596497,-0.017353415
19.204428,6.2872887,350.09848,0.75589514,-0.4900837,-0.18469243,0.27287287,-1.2459788,0.4575653
19.204428,6.2872887,350.09848,-0.493787,-0.80699,0.21006247,0.5783986,-0.31320304,0.3683361
11.459929,1.1445524,194.8257,-0.5285796,-1.3846418,0.43573433,1.0073974,-0.8560622,0.5716631
18.050207,4.4821873,364.41183,-1.039599,-1.2479352,0.7809473,1.0050597,-0.20833623,0.22411239
18.050207,4.4821873,364.41183,-1.5100557,-0.5622561,1.0776193,0.041909747,0.94779956,-1.0357096
13.223465,4.216634,113.293175,-0.5831664,-0.6769477,0.23197249,0.090305455,-0.09378129,-0.14166704
16.480595,6.3371916,171.57384,-0.6706386,-0.50896674,0.0796707,0.15596592,0.16167188,0.07629523
34.451412,4.112177,713.7295,0.608487,-0.3250419,-0.23713538,0.3129874,-0.9335289,0.55012274
13.8170185,3.8923001,157.48897,-0.5360746,-1.0359206,0.06553115,0.9689325,-0.49984604,0.9034014
11.595258,3.8923001,130.59702,-0.44594318,-1.2231326,0.6889113,1.0443664,-0.77718943,0.35545504
15.444093,2.5337718,303.5085,0.37357837,-0.48852634,0.0027406034,0.49406415,-0.8621047,0.49132356
15.444093,2.5337718,116.8582,-0.05262521,-0.53507054,0.2022912,0.48927253,-0.48244533,0.28698134
9.976974,0.1414214,10.638428,-0.5283903,-0.55125964,0.49424404,0.47808138,-0.022869349,-0.016162664
10.745232,0.73484695,73.33808,-0.53477985,-0.52017474,0.48816213,0.4662052,0.014605105,-0.02195692
10.791663,1.0392305,73.33808,-0.5466531,-0.85851526,0.45534548,0.7830483,-0.31186217,0.3277028
14.176389,2.302173,138.90181,-0.6255203,-0.4266978,0.5532204,0.42332584,0.1988225,-0.12989455
14.176389,2.302173,138.90181,-0.75547063,-0.44078737,0.7813847,0.48560938,0.31468326,-0.29577532
11.414902,2.2494442,34.4182,-0.43544888,0.04324879,0.4428676,0.34911138,0.4786977,-0.09375623
13.219682,3.1257,129.33397,0.35929996,-0.62710035,0.084168755,0.50271374,-0.9864003,0.41854498
13.219682,3.1257,113.14741,-0.39458057,-0.6371603,0.3255358,0.4871199,-0.24257973,0.16158411
14.512408,6.9526973,74.96176,0.25879973,-1.4318421,0.0067708706,1.3017986,-1.6906419,1.2950277
14.633182,2.734959,352.877,-1.3424497,-1.5039035,1.0913172,0.67912143,-0.16145384,-0.41219574
17.41637,4.5497255,525.5288,-1.3405328,-0.7019659,1.0459316,0.5303985,0.63856685,-0.5155331
17.41637,4.5497255,525.5288,-1.2004929,-0.88665324,0.39335853,0.40308753,0.3138396,0.009728998
30.406248,6.03407,744.24866,-0.71857077,-1.041312,0.40253153,0.52331775,-0.3227412,0.12078622
10.719142,0.89442724,75.38681,0.9312521,0.89923143,-0.06800096,-0.037118755,-0.032020688,0.030882202
11.876868,4.0865636,42.000652,0.90722686,-0.05280093,-0.042518307,0.50562954,-0.9600278,0.54814786
12.465553,4.0865636,55.50556,0.9028791,-1.658556,-0.0275459,1.315063,-2.5614352,1.3426089
15.748969,3.9,181.9015,-0.87577075,-2.2078214,1.1117729,0.8672385,-1.3320506,-0.24453437
21.045902,6.1975803,499.9592,-2.0656157,-1.9665613,1.2791145,0.40377635,0.09905434,-0.87533814
14.408331,6.8278837,80.13943,-0.07152842,-0.46533543,0.40320888,1.3527889,-0.393807,0.9495801
17.000587,3.6496572,285.41986,-1.7333883,-1.3266023,1.164521,0.79583126,0.40678596,-0.36868972
17.000587,7.2346387,285.41986,-1.9794422,-1.5458272,1.217927,0.75445276,0.4336151,-0.4634742
25.572056,11.237882,500.07855,-1.5847437,-1.4736291,0.7397653,0.68970597,0.11111462,-0.05005932
25.572056,11.237882,500.07855,-2.2335443,-1.3677882,0.6300434,0.7026547,0.86575615,0.07261133
15.124153,4.847679,277.97955,0.19183534,0.060744297,-0.1077768,1.2661314,-0.13109104,1.3739082
32.361088,17.901117,797.12506,-0.5510708,-0.6778863,0.9598333,0.50018674,-0.1268155,-0.45964658
32.361088,17.901117,797.12506,-2.1881623,-1.152672,1.0699792,0.6716279,1.0354903,-0.3983513
18.191757,6.104097,286.01175,-0.9339123,-1.9045242,0.61982304,0.64105934,-0.97061193,0.0212363
19.774984,9.102198,299.5518,-1.1427861,-1.7141008,0.6626869,0.7684133,-0.5713147,0.10572642
13.470709,4.751842,167.5006,0.28924945,-1.2084024,0.19924659,1.1025965,-1.4976518,0.90334994
11.722201,1.264911,23.589087,-1.2214608,-1.2843264,1.123835,1.1102917,-0.062865615,-0.013543248
10.024969,0.591608,9.663773,-1.2849972,-1.3080661,1.1344457,1.1404434,-0.023068905,0.005997777
17.082447,7.991245,181.8831,-1.2398031,-0.77075535,1.1393987,1.1219922,0.46904773,-0.017406464
17.082447,7.991245,208.9108,-1.5764906,-0.852886,1.1721568,0.650674,0.7236046,-0.5214828
12.866235,4.9101934,57.79443,-0.06791263,-1.0206407,0.5625862,1.3243315,-0.9527281,0.76174533
12.646344,2.6324892,175.35439,-0.7744538,-1.9379756,1.3069627,1.1612573,-1.1635218,-0.14570546
21.966793,7.983108,467.72308,-1.2638057,-1.1272347,1.0762192,0.6380075,0.13657105,-0.43821168
29.53422,19.3644,506.68518,-1.927503,-1.0150442,1.0885613,0.64751923,0.9124588,-0.44104207
32.17033,19.3644,791.8084,-1.0736967,-1.4149368,0.764974,0.7108283,-0.34124005,-0.054145694
14.287758,3.0364451,88.0282,-0.06965742,-1.913673,0.14517254,1.1746736,-1.8440156,1.029501
19.289635,7.8523884,352.97992,-1.659421,-1.2194755,1.1745485,0.6470787,0.43994546,-0.5274698
42.28392,13.176115,1206.2037,-2.0284476,-1.4664866,0.69293356,0.8397233,0.56196105,0.14678973
42.28392,13.176115,1206.2037,-1.2825644,-1.1236249,0.79082984,0.6383399,0.15893948,-0.15248996
17.757814,4.554119,221.13652,-1.7758639,-1.9733355,0.60822237,0.7045775,-0.19747162,0.09635514
20.767282,10.892199,189.97267,0.14201784,-1.64685,-0.0061026947,1.2287421,-1.7888678,1.2348448
13.070195,4.851804,110.53744,-1.5486354,-2.4072373,1.1049374,1.2772334,-0.8586019,0.17229593
17.172945,5.8189344,292.40967,-1.75229,2.0100455,1.2051685,1.1105776,3.7623355,-0.0945909
17.172945,5.8189344,292.40967,1.7415434,-1.1414211,1.2057116,1.1786598,-2.8829646,-0.027051806
13.752817,4.643275,236.25412,-2.0244129,-2.6679199,0.9876914,1.0119604,-0.643507,0.024268985
17.61647,7.1421285,127.64702,0.319572,-1.5733883,-0.08113221,1.3360136,-1.8929603,1.4171457
16.149612,4.1291647,113.64551,-1.5597965,-2.5627046,1.2633132,1.119407,-1.0029081,-0.14390612
16.316248,7.981855,159.32465,-1.6483463,-1.6541684,1.1205343,0.6240141,-0.0058220625,-0.49652022
18.623909,8.062878,341.69418,-2.1353936,-1.9276727,0.8409172,0.72722423,0.20772088,-0.113693
18.623909,11.343279,341.69418,-1.9802784,-1.6582371,0.5941316,0.67589617,0.32204127,0.08176458
12.303658,4.3920383,228.93129,0.4267601,-1.7195152,-0.069848426,1.3706034,-2.1462753,1.4404519
15.577227,4.1833,122.16396,-0.86011,-2.0161715,0.9354852,1.0491747,-1.1560614,0.11368948
15.577227,6.407808,218.65654,-0.6053991,-1.7581221,1.330519,0.7099155,-1.1527231,-0.62060344
28.81128,6.407808,766.75024,-2.4625187,-2.4613423,0.6549078,0.62109923,0.0011763573,-0.03380859
28.81128,11.542963,766.75024,-1.5757452,-2.139863,0.548752,0.70148146,-0.5641178,0.15272945
12.361634,4.071855,160.04019,0.34458998,-1.6469383,-0.18055275,1.0921186,-1.9915283,1.2726713
12.361634,3.0248966,115.5274,-1.0157243,-1.5635695,0.78671014,1.0478956,-0.54784524,0.2611854
14.090422,3.2787194,157.69968,-1.7062562,-1.9232523,1.0488471,0.54408604,-0.2169962,-0.50476104
16.95435,10.901835,304.71655,-1.5568864,-2.2046711,0.9867903,0.6919896,-0.6477847,-0.2948007
16.95435,10.901835,304.71655,-2.1657898,-1.3852868,0.67152655,0.71367806,0.78050303,0.04215151
17.269047,6.670832,223.17772,-0.07829503,-1.1504825,-0.04382699,-1.167874,-1.0721875,-1.124047
17.269047,6.670832,223.17772,-1.3689244,-0.427375,-0.54129255,-0.9285614,0.9415494,-0.38726884
17.18546,8.621486,312.6927,-1.3453377,-1.225149,-1.2346946,-0.81487006,0.12018871,0.41982454
28.124903,17.477985,863.35925,-0.90496904,-1.1956012,-0.8724556,-0.60522103,-0.2906322,0.26723456
28.124903,17.477985,863.35925,-1.4620237,-2.010222,-0.40644985,-0.6770121,-0.5481982,-0.27056223
16.523014,10.2391405,182.50456,0.7948524,-0.8207575,-0.054821394,1.1605437,-1.6156099,1.215365
18.755533,2.773085,200.45033,-0.9878316,-1.3629191,1.0895743,0.91005343,-0.3750875,-0.1795209
19.514353,6.1367745,380.7512,-1.5475628,-1.6223968,1.2854363,0.6847801,-0.07483399,-0.60065615
24.217556,13.309395,671.7814,-1.5103632,-1.5003331,0.75158584,0.7912674,0.01003015,0.039681554
25.757523,13.309395,727.6306,-2.035859,-1.9274483,0.7181312,0.64664984,0.108410835,-0.07148135
14.605478,6.4109282,286.0819,0.43565902,-1.1705885,0.0098476065,1.3144555,-1.6062475,1.3046079
14.605478,6.4109282,89.71525,-1.0575407,-1.8865534,0.7533433,1.3514653,-0.82901275,0.59812206
14.221463,2.04939,84.800575,-0.98868215,-2.1425695,1.3304584,1.1147505,-1.1538874,-0.2157079
14.221463,3.6687872,129.29993,-2.2213106,-2.1744914,1.162103,0.8110483,0.04681921,-0.35105473
22.075779,11.518681,415.06674,-2.2866123,-1.8493688,0.8542994,0.7807162,0.43724346,-0.073583245
13.351778,4.89183,98.74206,0.1840715,-0.9054548,-0.082216784,0.89381754,-1.0895263,0.97603434
15.69777,2.9681644,117.80968,-0.9393095,-0.93820983,0.89846087,1.0224755,0.0010996461,0.124014616
15.69777,3.0479503,122.673515,-0.9477247,-0.8965788,1.1594718,0.97176933,0.05114591,-0.18770242
32.193943,10.261091,313.5008,-1.0035908,-0.32110944,1.2033883,0.96553564,0.6824814,-0.2378527
47.55523,24.041214,955.0089,-1.0813164,-0.54329646,1.2120734,0.5246872,0.5380199,-0.6873863
47.55523,24.041214,955.0089,-0.67243993,-0.6773874,0.51399577,1.0166755,-0.0049474835,0.5026797
26.065495,7.244998,296.6996,-1.1070794,-0.44685277,1.2146329,0.6313734,0.6602266,-0.58325946
16.044003,6.0241184,129.78406,-1.0528942,-0.29966334,1.0312327,0.25768217,0.7532309,-0.7735505
15.478372,6.0149813,150.03326,0.235359,-1.0002797,-0.030215267,1.143604,-1.2356386,1.1738193
14.853283,3.1670177,87.88524,-1.1657376,-1.0967616,0.77993834,1.1384614,0.068976045,0.358523
25.194443,9.306449,276.69522,1.3651261,-1.3458574,-0.10640667,1.2948052,-2.7109835,1.4012119
25.194443,9.306449,276.69522,-1.3951033,-1.4460595,1.1017928,1.2793384,-0.05095613,0.17754555
11.923086,2.0615528,63.568592,-1.2071072,-1.3490765,1.2369285,1.2429044,-0.14196932,0.0059759617
13.146102,2.922328,70.3516,-1.3380593,-1.3302854,1.235492,1.2219737,0.007773876,-0.013518333
14.196831,2.9883106,77.626945,-1.3571362,-1.2219155,1.2858336,1.2378156,0.13522077,-0.04801798
19.073805,6.697761,234.78436,-1.3416812,-0.24776821,1.2635138,1.0588285,1.0939131,-0.20468533
19.073805,6.697761,234.78436,-1.148093,-1.0752008,0.83882904,1.2945186,0.07289219,0.45568955
16.38841,6.519202,146.43526,-0.7660638,-0.31217396,1.2849078,0.9098312,0.45388985,-0.3750766
22.732796,7.70649,246.212,1.1110051,-1.2622972,0.10569656,1.2420872,-2.3733022,1.1363907
22.249945,3.713489,246.212,-0.977633,-1.2085941,1.1394837,1.2513595,-0.23096108,0.11187577
20.980467,7.3851204,553.9729,-0.020006428,-1.9029487,0.20391758,1.2535628,-1.8829423,1.0496452
17.049633,4.110961,370.03995,-1.4442441,-1.5020478,1.2118121,1.0933635,-0.05780363,-0.118448615
43.824764,15.933926,1013.0057,-1.3404205,-0.6402988,1.144799,0.08357303,0.7001217,-1.061226
43.824764,15.933926,1013.0057,-0.3896285,-1.3961469,0.52351576,1.0504863,-1.0065184,0.52697057
25.779255,8.660831,557.8677,-1.183347,-0.122058,1.2623658,0.38204595,1.061289,-0.88031983
15.520953,8.080841,164.64005,0.069100134,-1.8873926,0.22627048,1.1977113,-1.9564928,0.97144085
16.087263,3.9522147,154.73795,-1.3247916,-1.5541902,1.2130461,1.2162396,-0.22939861,0.0031934977
26.224796,7.3979726,524.7903,-1.3609521,-1.5751101,1.1642975,0.8463991,-0.21415794,-0.31789833
26.224796,9.534149,524.7903,-1.0094036,-1.4666631,0.9383105,1.0500641,-0.45725954,0.11175358
24.620724,9.534149,506.10513,-1.1594101,0.101140305,1.2400703,0.3072049,1.2605504,-0.93286544
16.254847,5.5263004,137.04811,0.32098466,-1.5759131,-0.03144136,1.3106065,-1.8968978,1.3420478
16.254847,5.5263004,137.04811,-0.10541415,-0.49291334,0.35986933,1.399202,-0.38749918,1.0393326
15.963082,4.2107005,109.69496,-1.2508988,1.5509269,1.4457806,1.426126,2.8018258,-0.019654632
26.002693,7.839643,827.53546,-1.320432,1.3438486,1.40098,1.0165412,2.6642804,-0.38443875
26.002693,8.08579,827.53546,-0.81007755,0.44261903,1.2892898,0.8547336,1.2526965,-0.43455625
25.535074,8.08579,187.59537,-1.0936618,-0.096945964,1.21463,0.7605133,0.99671584,-0.4541167
19.544308,13.239335,298.0438,-0.56291735,1.6873909,1.0299137,-0.0065386556,2.2503083,-1.0364523
19.809341,9.721111,267.92392,0.53786963,0.048509885,-0.041588265,1.4004829,-0.48935974,1.4420712
19.809341,8.929726,267.92392,-0.6683922,-1.1627738,1.220946,1.443967,-0.49438167,0.22302103
16.263456,5.11664,125.439026,-1.5492753,-0.9529821,1.3686042,1.2985451,0.59629315,-0.07005906
19.083761,7.4411025,178.14249,0.5668714,-1.2042181,0.16583876,1.3774898,-1.7710896,1.2116511
10.824509,4.816638,60.262585,-0.82181484,-1.0450995,1.3351235,1.268022,-0.22328466,-0.0671016
14.394791,2.408319,68.85552,-1.1214628,-1.2461494,1.3805977,1.1178606,-0.1246866,-0.26273715
14.394791,3.0066593,81.13566,-1.3419315,-1.2444156,1.199684,1.0934238,0.09751582,-0.10626018
13.600735,3.0066593,90.14568,-1.3515179,-1.0770472,1.1931281,1.1194254,0.2744707,-0.07370269
58.772186,18.589514,1086.4012,-1.2963331,-0.54398936,1.1209457,0.60419345,0.7523437,-0.51675224
58.772186,18.589514,1466.0405,-0.8708971,-0.5321598,1.2326208,1.1767493,0.3387373,-0.055871487
46.934956,11.514773,1466.0405,0.30806914,-1.2832793,0.368617,1.2334943,-1.5913484,0.8648773
11.475626,1.5165751,52.100754,-0.963349,-1.2251108,1.4047673,1.1827037,-0.26176178,-0.22206354
10.161693,0.3162278,16.89148,-1.1998374,-1.2452576,1.1778944,1.1894152,-0.04542017,0.011520863
13.823531,4.571652,60.562565,0.18473116,-0.7401718,0.16553928,1.1635582,-0.9249029,0.998019
13.823531,4.571652,60.562565,0.11627345,-0.3918527,0.27011594,1.240969,-0.50812614,0.970853
14.145318,3.6414282,67.49153,-0.6199512,-0.4494237,1.2438332,1.2686126,0.17052749,0.024779439
14.393401,3.6414282,77.09384,-0.87937945,-0.69239515,1.2489232,1.2081952,0.1869843,-0.040727973
21.324867,6.237788,225.01173,-0.7363249,-0.28957635,1.2171018,0.9366525,0.44674855,-0.28044933
26.011728,9.037699,321.9997,-0.6091643,-0.764359,1.2515501,1.3044457,-0.1551947,0.052895665
26.011728,9.037699,321.9997,-0.23032792,-0.5346194,1.164954,1.2768998,-0.3042915,0.11194587
15.403247,5.112729,145.41913,-0.39111322,-0.77629817,1.1868099,1.2089225,-0.38518494,0.022112608
15.0920515,3.716181,145.41913,-0.7849042,-0.29882568,1.3093584,0.7575529,0.4860785,-0.55180544
13.889204,3.1032243,118.577385,-0.82946396,0.082886435,1.2093346,0.13135375,0.9123504,-1.0779809
14.207745,4.8332186,107.22914,-0.030360486,-1.26145,0.148183,1.3349601,-1.2310896,1.1867771
17.231077,4.2438188,182.63245,-1.1203258,-1.3371794,1.102183,1.3707933,-0.21685362,0.26861036
17.231077,4.2438188,182.63245,-0.92947036,0.010311146,1.1631669,1.0358717,0.9397815,-0.12729514
35.70714,8.072175,618.5856,-0.7949847,-0.20316648,1.2824606,1.2786773,0.5918182,-0.003783226
35.70714,8.072175,618.5856,-1.3326094,-0.746028,0.5057834,0.8899909,0.5865814,0.38420755
17.181677,7.1316195,209.7314,-0.41147977,-0.014382494,1.2783155,0.32707638,0.3970973,-0.95123917
10.9018345,1.8547237,44.492054,-0.3654075,-0.058094043,0.5637648,0.23036817,0.30731344,-0.33339664
14.141428,5.170106,139.85214,0.030672869,-1.0743301,0.12004703,1.2753808,-1.105003,1.1553338
14.909059,3.5791059,134.7888,-0.9384157,-1.1030328,1.1978208,1.1056273,-0.16461712,-0.092193484
14.909059,3.8961518,134.7888,-1.1118779,-0.92009765,1.2996018,1.1873157,0.19178027,-0.11228609
26.035936,10.634849,217.41486,0.15458275,-1.7371795,0.022752702,1.2123618,-1.8917623,1.189609
26.035936,10.634849,217.41486,-1.8274453,-1.8080692,1.0113113,1.220373,0.01937604,0.20906174
11.776247,3.0099835,70.41988,-1.7143891,-1.8847001,1.1819068,1.220026,-0.17031097,0.038119197
13.275541,4.5574117,138.55098,-1.5576303,-1.8705761,1.1277381,1.1159649,-0.31294584,-0.011773229
13.275541,4.5574117,138.55098,-1.5503412,-1.676844,1.2150295,1.146311,-0.12650275,-0.06871843
32.48769,11.311499,415.2423,-1.7925457,-1.443331,1.1894888,1.03707,0.34921467,-0.15241873
58.638813,21.687323,2175.7166,-1.814312,-1.9401315,1.1177691,0.94120216,-0.12581956,-0.17656696
58.638813,21.687323,2175.7166,-0.1996268,-1.1141074,0.7789083,1.2088292,-0.91448057,0.42992085
21.120842,7.4551997,304.3274,-1.402237,-1.1837893,0.9829046,1.1887374,0.2184478,0.20583278
25.502548,9.054281,280.92844,-1.1753678,0.43659455,1.0953805,-0.25653738,1.6119623,-1.351918
14.912412,7.3837657,98.56439,0.29940373,-1.7163461,-0.0016115938,1.3046839,-2.01575,1.3062955
15.056228,6.2016125,181.91422,-1.6251938,-1.1557804,1.2042977,1.1056265,0.4694134,-0.0986712
15.056228,6.2016125,181.91422,-1.6291138,-1.2618569,1.2613465,1.275051,0.36725688,0.013704538
23.703587,3.7416575,276.27325,-1.7823808,-1.544632,1.2777793,0.8240515,0.23774886,-0.45372784
39.760033,7.6478753,1322.7573,-1.552961,-0.25004724,1.2805897,1.1591634,1.3029138,-0.121426344
39.760033,8.734415,1322.7573,-0.5863062,-1.1667591,1.1115942,1.2071002,-0.5804529,0.09550595
19.239023,8.734415,223.31429,-1.7047325,-1.7698936,1.3048601,1.1553457,-0.06516111,-0.14951444
18.348024,5.288667,199.3999,-1.6941903,-1.3027033,1.2056825,1.1882135,0.391487,-0.017469049
14.362103,4.8187137,199.3999,-0.95688266,-0.16580574,1.2625964,0.31891492,0.7910769,-0.9436815
12.376591,2.291288,165.54204,-0.99798405,0.17228633,0.89647615,-0.05806501,1.1702704,-0.95454115
16.411581,7.431016,130.66617,0.3367973,-1.3505638,-0.0485955,1.3180221,-1.687361,1.3666177
14.627372,2.4248712,164.83536,-1.3811696,-1.4881213,1.090019,1.2083126,-0.10695171,0.11829364
14.627372,2.4248712,164.83536,-1.1905154,-1.3700227,1.2171861,1.4348618,-0.17950726,0.21767569
26.54694,8.157205,401.06995,-1.138094,-0.49389416,1.1935029,0.96053535,0.6441998,-0.23296756
26.54694,8.157205,401.06995,-0.28815237,-1.7704176,1.3034552,1.2820516,-1.4822652,-0.02140367
17.913681,13.300752,249.11833,0.64556444,-0.8307792,1.3825963,0.45158315,-1.4763436,-0.9310131
19.716238,7.6131463,194.32982,0.4961331,-1.5995677,-0.014738657,1.1387248,-2.0957007,1.1534635
13.089691,1.5748016,85.69927,-1.4659328,-1.2668314,1.2540944,1.2889373,0.19910145,0.034842968
13.412681,2.1400933,99.06412,-1.4536701,-1.1242037,1.2891676,1.2411972,0.32946646,-0.047970414
15.036622,2.1400933,119.01365,-1.6526623,-0.7323138,1.2228953,1.2416856,0.92034847,0.018790364
19.346834,6.370243,131.16464,0.3649506,-1.026742,-0.048810877,1.1791873,-1.3916926,1.2279981
19.346834,6.370243,131.16464,-1.0549762,-1.3825972,1.2169302,1.1461443,-0.32762098,-0.07078588
21.828651,5.4184866,393.01154,-1.5122945,-1.2776053,1.2329429,1.1969092,0.23468924,-0.03603375
21.828651,5.969925,393.01154,-1.0654919,-1.727552,0.93191445,1.2447008,-0.66206014,0.31278634
17.080399,5.969925,157.30692,-1.5824581,-0.32284504,1.2166033,0.39041454,1.259613,-0.82618874
12.241732,3.4205265,73.9265,-1.5308272,-0.028406892,0.8373394,0.075863734,1.5024203,-0.7614757
10.34843,0.98994946,28.030348,-0.039652858,0.010211285,0.14682887,0.04721567,0.049864143,-0.099613205
15.52192,4.172529,98.38591,0.08276457,-1.2874441,0.06470996,1.2702641,-1.3702087,1.2055542
15.52192,4.172529,115.74073,-1.4962571,-1.4210387,1.1594102,1.2354894,0.07521832,0.07607913
14.097872,2.5019991,115.74073,-1.4344432,-1.6045736,1.141927,1.2067193,-0.17013037,0.064792275
15.487415,6.1326995,174.67815,0.11601128,-0.5724994,-0.0627987,-1.2862654,-0.68851066,-1.2234666
33.50612,4.834253,1090.5624,-0.6547261,-1.0022641,-1.1734147,-0.9620336,-0.34753805,0.21138108
40.27468,7.432361,1114.7208,-0.88638794,-0.66514444,-1.0843279,-1.0699986,0.2212435,0.014329314
40.27468,7.432361,1114.7208,0.73945695,-0.6666535,-1.0479395,-0.69451386,-1.4061105,0.35342568
20.75259,6.309517,278.804,-0.9366533,-0.06442269,-1.3061178,-0.008525037,0.87223065,1.2975928
15.4858,7.0469856,114.79678,0.053109325,-1.1275702,0.06432116,-0.8003753,-1.1806794,-0.86469644
15.4858,7.0469856,114.79678,0.012206735,-0.69097364,-0.11930659,-1.2651342,-0.7031804,-1.1458277
39.776375,7.1624017,653.7813,-0.7533848,-1.4080303,-1.251168,-0.8321785,-0.65464544,0.41898954
39.776375,7.1624017,653.7813,-0.9450647,-0.89035636,-1.2155331,-1.1050427,0.05470836,0.11049044
24.94494,5.877074,203.62206,-0.51546425,-0.049733818,-1.1530606,-0.47136718,0.46573043,0.6816934
35.873665,12.049066,956.9336,0.9719504,-0.6096056,-0.15631722,1.0735049,-1.5815561,1.2298222
17.144386,5.903389,140.97157,-0.6295292,-0.68959665,1.0037872,1.1592418,-0.060067475,0.15545464
17.144386,4.592385,141.93645,-0.67100173,-0.7100185,1.0663435,0.80904806,-0.039016783,-0.2572955
36.01694,8.8729925,845.991,-0.6761682,-1.2367601,1.0871729,1.1343671,-0.56059194,0.047194242
36.01694,8.8729925,845.991,-0.76870525,-0.710311,0.78981644,1.2540536,0.058394253,0.46423715
19.413914,9.082401,280.38913,-0.6846704,-0.17031401,1.0814891,0.63395464,0.5143564,-0.44753444
22.042233,11.249,524.9927,0.8833807,-0.76350534,-0.058945507,1.1162094,-1.6468861,1.1751549
20.453362,13.121357,425.58264,-0.6637956,-0.55483496,1.1123817,1.0974475,0.10896063,-0.014934182
20.453362,13.121357,425.58264,-0.6467585,-1.235855,1.0776069,0.6767217,-0.5890965,-0.40088522
38.98782,8.01561,503.51044,-0.57594484,-1.2721744,1.062591,1.2266675,-0.6962295,0.16407657
15.906288,5.016971,258.57925,0.2436248,-1.1929235,0.19736117,1.2847888,-1.4365484,1.0874276
15.906288,5.016971,177.779,-0.9688649,-1.3997425,0.6843312,1.2712498,-0.43087757,0.5869186
12.303251,2.1,48.04721,-1.1260955,-0.8292381,1.1416919,1.2963127,0.29685742,0.15462077
13.506664,2.1,101.502754,-1.3948405,-1.6450554,1.1151898,1.3190714,-0.25021493,0.20388162
43.003372,6.8007355,518.72015,-0.8937537,-0.97904575,1.2899988,0.9330651,-0.08529204,-0.35693365
43.003372,10.194606,1225.2157,-0.6761394,-1.4182465,1.3902127,1.2760742,-0.7421071,-0.114138484
40.77818,10.194606,1225.2157,0.88672495,-0.95760983,0.3434184,1.0773932,-1.8443348,0.7339748
22.703524,3.9974992,329.3071,-0.45026731,0.28277785,1.1615707,0.20001666,0.73304516,-0.961554
13.464769,4.5177426,170.7105,0.33205864,-1.2209225,0.18942349,1.2996823,-1.5529811,1.1102588
13.464769,2.842534,49.114372,-1.3279053,-0.81278384,1.190948,1.348264,0.51512146,0.15731597
12.254794,4.532108,113.66558,0.20267837,-0.99688786,-0.0030389098,1.1432717,-1.1995662,1.1463106
14.56331,4.6914816,73.195885,-0.8104061,-0.7692095,0.6826073,0.5792826,0.041196585,-0.10332471
31.231714,6.3757353,739.4832,-1.015457,0.5976554,1.0751138,0.24053891,1.6131124,-0.8345749
32.653484,8.281304,752.42004,-0.98779523,0.115743384,-0.5702962,-0.3272903,1.1035386,0.24300593
32.653484,8.281304,752.42004,0.64164764,-1.0348555,-0.42784682,0.53819954,-1.6765032,0.96604633
13.47813,4.7602525,200.6214,-0.6156304,-0.9981408,-0.5020466,0.7475999,-0.38251042,1.2496464
12.784758,3.1064448,100.82498,-1.0325047,-0.3892705,0.80106944,0.17171673,0.64323413,-0.6293527
11.107655,3.4014702,120.01243,-0.2843498,-0.97633314,0.4419578,1.077202,-0.69198334,0.63524413
14.339456,2.2671568,148.41428,-0.9187679,-0.9088467,1.0962745,0.07754294,0.009921253,-1.0187316
38.08228,6.1196404,858.0286,-0.9247082,0.4429502,1.0005386,-0.061902415,1.3676584,-1.062441
13.112971,4.3703547,48.310043,0.42734623,-0.68277085,-0.12401301,1.1613077,-1.1101171,1.2853208
20.359518,6.6340036,383.28485,-0.8197325,-0.08580161,0.6888979,-0.7218118,0.7339309,-1.4107096
37.159256,8.09753,663.5439,-0.96983516,1.1246504,0.49790797,-0.2631652,2.0944855,-0.7610732
37.159256,8.09753,663.5439,0.20576617,-0.97051114,-0.42212337,-0.45203692,-1.1762773,-0.029913545
13.579764,4.6195235,97.17808,-0.60939676,0.2168814,-0.49114776,-0.13341744,0.82627815,0.35773033
15.44992,6.328507,81.34637,0.530146,-0.8249729,0.050243367,1.1756077,-1.355119,1.1253643
15.44992,6.328507,81.34637,-0.359766,-0.9539013,0.4616159,1.1432407,-0.5941353,0.68162477
20.08706,7.2746134,137.6461,-0.7164611,-0.41705203,1.1701798,-0.70430815,0.2994091,-1.874488
40.703316,11.476062,1423.12,-1.0901382,0.64326847,0.80914575,0.050102152,1.7334067,-0.7590436
40.703316,11.476062,1423.12,0.334593,0.2424914,-0.92635214,0.06169623,-0.092101604,0.9880484
14.70884,6.1595454,121.62433,-0.011984045,0.27898854,0.3825795,-0.4455344,0.2909726,-0.8281139
28.669497,4.659399,512.65796,-1.0318522,0.071846046,0.7605491,-0.30622855,1.1036983,-1.0667777
29.812246,4.796874,1117.2157,0.6099587,0.33899277,-0.55996156,-0.30532604,-0.27096593,0.2546355
29.812246,4.796874,1117.2157,0.7672591,0.43494,-0.461677,-0.12281436,-0.3323191,0.33886266
11.688457,0.61644137,59.68094,0.39672393,0.35678378,-0.145219,-0.09368385,-0.03994015,0.051535152
14.453719,5.3160133,150.06036,-0.25671864,-1.5351006,0.55657494,1.2606834,-1.278382,0.7041085
14.453719,5.3160133,150.06036,-0.7315408,-0.7011221,0.83142006,-0.01700895,0.030418694,-0.848429
38.292168,5.133225,612.98987,-1.4670298,0.45696086,1.2132171,-0.8234814,1.9239907,-2.0366986
38.292168,4.640043,1028.2511,0.5591339,0.47693783,-0.5772211,-0.8241552,-0.08219606,-0.24693412
29.522532,4.2731724,1028.2511,-0.25318542,-1.094631,0.08934677,0.07307339,-0.84144557,-0.01627338
37.79696,9.102746,988.0996,0.24492578,-0.0190346,0.030945107,-0.44911298,-0.2639604,-0.48005807
44.411034,12.654248,1595.5518,-0.9952508,-0.9710401,1.3095229,-0.7886095,0.024210691,-2.0981324
44.411034,12.654248,1595.5518,0.09706219,-0.6223148,0.09999287,-0.34164822,-0.719377,-0.4416411
40.03661,12.5032,1152.3895,0.7807713,0.22781137,-0.18283126,-0.010144242,-0.5529599,0.17268701
40.03661,12.5032,1152.3895,0.010392845,-0.9129249,-0.9737302,-0.41609874,-0.92331773,0.5576315
21.360008,7.441102,581.04333,-0.3303762,0.6128956,-0.22424646,-0.026924137,0.9432718,0.19732232
27.855698,10.456099,476.3652,0.022021355,-0.34317708,0.4798952,-0.7709167,-0.36519843,-1.2508119
38.000526,10.704673,1244.7783,-0.50299764,-1.2444193,-0.32814977,-0.6751896,-0.7414217,-0.34703985
38.000526,10.704673,1244.7783,0.06676596,0.0872785,0.14363599,-0.0058877314,0.020512544,-0.14952372
12.739309,5.3,206.2563,0.6228709,-1.2107223,0.14541303,1.1406492,-1.8335932,0.99523616
12.739309,4.1725287,43.374683,-1.3136203,-1.248658,1.0046718,1.1188908,0.06496239,0.11421895
16.423763,4.3127713,231.44246,-1.2356919,-1.1294476,1.1289421,1.1975105,0.106244326,0.06856835
46.996384,19.183586,823.5999,-1.246078,0.9719763,1.1141936,0.18666181,2.2180543,-0.9275317
46.996384,19.183586,823.5999,-0.9608685,-0.9458882,-0.10117517,-0.57033986,0.014980257,-0.4691647
46.964455,9.794896,570.02136,1.0828439,-1.1351693,-0.7807699,0.74803346,-2.2180133,1.5288033
17.408619,5.4120235,196.45168,-1.2006295,-1.1481017,0.26397997,1.1959106,0.052527785,0.9319306
17.408619,5.4120235,131.44421,-1.2089815,-1.2448318,1.0062727,1.1709107,-0.035850286,0.16463804
22.740492,13.245377,234.73134,-1.2655967,-1.0688502,1.1627845,1.0119978,0.19674659,-0.15078664
22.740492,13.245377,234.73134,-1.2533747,0.36807603,1.1571133,0.09711547,1.6214507,-1.0599978
17.962183,6.670832,243.5482,0.20968306,-0.966565,0.14319643,0.8867448,-1.1762481,0.7435484
30.035643,4.029888,396.79758,-0.8485675,-0.22597702,1.2763873,-0.9511696,0.6225905,-2.227557
30.035643,3.884585,440.39337,-0.8517984,-0.67418635,-0.18325256,-0.7353692,0.17761207,-0.55211663
20.737888,3.419064,440.39337,-0.15617855,-0.96323,-0.053077616,0.004371944,-0.8070515,0.05744956
12.912784,3.2817678,89.164024,-0.7526639,0.24007948,-0.17503889,0.04355023,0.9927434,0.21858913
10.529008,2.823119,30.183458,-0.16782385,0.21742252,0.011186777,0.04445005,0.38524637,0.033263274
17.438463,8.296988,97.613335,0.37553665,-1.0669991,0.1630415,0.5354969,-1.4425358,0.3724554
23.37734,5.2668777,391.22076,-0.5790059,0.56197935,1.2794421,-0.102354765,1.1409853,-1.3817968
23.37734,5.2668777,391.22076,-0.9296225,-0.1409184,-0.5266684,-0.0075744167,0.78870404,0.519094
18.184883,4.763402,179.15134,-0.4477778,0.15711935,-0.36834145,0.02957823,0.60489714,0.39791968
23.938879,7.066116,399.74594,0.0062410794,0.35854775,0.075538255,0.26278552,0.35230666,0.18724728
23.938879,9.236882,399.74594,-0.33548528,-0.6954276,-0.47667155,0.09259844,-0.35994232,0.56927
20.125607,9.236882,126.92776,-0.59841406,-0.64100206,-0.1887775,0.041776437,-0.042587996,0.23055394
10.34698,0.8000001,27.901268,-0.6762249,-0.39303836,0.062991105,0.047100987,0.28318653,-0.015890118
22.111988,9.263908,383.86777,-0.0035047762,0.52738535,0.16279349,-0.043059226,0.5308901,-0.20585272
22.111988,9.263908,383.86777,-0.91787374,-0.6043067,0.9478772,-0.47373337,0.31356704,-1.4216106
21.41705,7.730459,317.42697,0.5562116,-0.7370178,0.10274307,0.091651306,-1.2932293,-0.011091761
14.451643,1.9209374,123.31176,-0.720154,-0.7236724,0.073583856,0.10438384,-0.0035184026,0.030799985
9.910601,0.1732051,10.416889,-0.71711737,-0.74134713,0.10893539,0.10612998,-0.024229765,-0.0028054118
10.164152,1.0099505,14.522505,-0.73077667,-0.691617,0.106119,0.08716082,0.039159656,-0.018958181
15.912574,7.6922035,193.00014,0.19833088,-1.0939002,-0.023682792,-0.19968411,-1.2922311,-0.17600133
35.867954,8.486459,1380.2694,-1.8098885,0.5756577,1.0038218,-0.46405488,2.3855462,-1.4678767
44.37578,12.493598,1380.2694,0.2769758,-1.8926201,-0.549947,1.1609778,-2.169596,1.7109249
44.37578,12.493598,1020.9767,-1.373237,-1.6044948,-0.009536016,1.1491381,-0.2312578,1.1586741
17.018814,4.4743714,266.58212,-1.510274,-1.5944387,1.135552,1.1537944,-0.08416462,0.01824236
15.342424,5.8634467,99.2702,-1.6042559,-0.3815784,1.1503347,0.299674,1.2226775,-0.8506607
19.839607,9.159148,214.24217,0.56739527,-1.5328424,0.05189734,0.5083877,-2.1002376,0.45649034
30.72149,6.9491005,625.108,-1.8037075,0.7648839,1.0188255,0.023012292,2.5685914,-0.99581325
40.84042,17.985273,1175.7358,-0.820241,-1.6281528,-0.7286462,1.1409719,-0.8079119,1.8696182
40.84042,17.985273,1175.7358,-1.3685358,-1.067703,0.33700484,0.9860018,0.30083275,0.64899695
20.750662,5.8086143,316.0239,0.29637694,-0.21815129,0.012199321,-0.7761576,-0.5145282,-0.78835696
27.31831,12.859238,659.0739,-0.67751586,-0.81241417,0.051669843,-0.5382377,-0.1348983,-0.5899075
27.31831,12.859238,659.0739,-0.6262213,-0.45918447,0.24354649,-0.17913195,0.16703683,-0.42267844
23.055586,5.9548306,376.5432,0.3896107,0.23733489,-0.07281913,-0.13975243,-0.15227582,-0.066933304
34.45127,9.033825,768.77216,-0.27551627,-0.7120863,-0.4782288,-0.39543384,-0.43657005,0.082794964
38.72583,19.440422,1069.6746,0.3340511,0.4030797,-0.08438387,-0.054879874,0.069028586,0.029503994
38.72583,19.440422,1069.6746,-0.6171168,0.30530876,-1.012554,-0.10861999,0.92242557,0.90393406
30.073576,8.272243,352.7296,0.30604506,-0.79994595,-0.06184026,-0.063836426,-1.105991,-0.001996167
40.620193,12.455923,745.6595,-1.600251,-0.4878567,1.1669432,-0.2300638,1.1123943,-1.397007
40.620193,12.455923,745.6595,0.13455355,-0.9982173,-0.14076617,0.109918214,-1.1327708,0.25068438
12.478381,6.6558247,77.6217,-1.0703269,0.24092813,0.047881156,-0.013698591,1.3112551,-0.06157975
30.699348,8.744142,274.38956,0.49322858,-0.63559335,-0.020560704,-0.038136594,-1.128822,-0.01757589
35.39986,11.598707,457.35312,-1.5276586,-0.5606654,1.2176225,-0.35504177,0.96699315,-1.5726643
35.39986,11.598707,457.35312,-0.34050494,-0.0035099634,0.023244238,-0.21450576,0.33699498,-0.23775
30.864382,7.8147297,344.85446,0.3271457,-1.3131299,-0.045453668,0.31795418,-1.6402756,0.36340785
33.815678,13.894963,771.50134,-1.6407874,0.11522193,1.0972964,0.12664133,1.7560093,-0.970655
33.815678,13.894963,771.50134,0.34127656,-1.0842131,-0.26607367,1.1646054,-1.4254897,1.4306791
39.808037,9.792854,558.20276,-0.16141476,0.5499518,0.15698054,-0.566786,0.71136653,-0.72376657
39.808037,10.536128,1418.8986,-0.7955906,-0.7141167,-0.18156412,-0.04492646,0.08147389,0.13663766
36.11551,10.536128,1418.8986,0.61490256,-0.35537377,0.24387848,0.21567349,-0.97027636,-0.028204992
11.38903,1.6583123,76.37372,-0.66091365,-0.23188308,0.2210894,0.32478827,0.42903057,0.10369888
15.979051,4.628175,237.65936,0.10058049,-0.81977624,0.022896618,-0.64763755,-0.92035675,-0.67053413
32.2574,7.5828753,958.92444,-0.62203944,1.4775219,-0.049590282,-0.3691833,2.0995612,-0.319593
32.2574,7.5828753,958.92444,1.0125306,-0.7223833,-0.49283075,-0.2501427,-1.7349138,0.24268806
14.534098,5.081339,104.97137,-0.5667926,-0.15551981,-0.45236486,-0.1432285,0.4112728,0.30913636
11.8490505,1.9519222,114.40964,-0.44210553,-0.1540443,-0.21014413,-0.13332243,0.28806123,0.0768217
35.10014,3.9370039,376.55002,-0.37378198,-0.39488617,0.15607208,-0.8736496,-0.021104187,-1.0297217
17.941294,6.0679483,131.17514,-0.42288685,-1.1243031,-0.37308407,-0.6762766,-0.70141625,-0.30319256
31.396814,6.0679483,1043.9907,-0.882796,-0.16930151,-1.2160419,0.00454091,0.7134945,1.2205828
31.396814,5.937171,1043.9907,-0.61687636,-1.4731127,0.91275823,0.55225784,-0.85623634,-0.3605004
21.650635,5.558777,298.82413,-0.55928624,-1.6970141,0.7469934,0.56364834,-1.1377279,-0.18334508
11.952406,3.5805027,94.270134,-1.3098862,-0.86757183,0.6079404,0.47363585,0.4423144,-0.13430452
19.795202,6.130253,205.24657,-0.1418384,-1.5390623,-0.017075647,-0.0100810705,-1.3972238,0.006994576
36.317764,6.860029,965.78656,-0.8461245,0.5508777,-1.2212237,0.5565934,1.3970022,1.7778171
36.317764,6.860029,965.78656,-0.36206198,-0.5805299,0.58537215,-0.3309594,-0.21846795,-0.9163315
28.951511,6.8014703,263.72424,-0.120302476,-1.29237,-0.09697041,0.31054956,-1.1720675,0.40751997
32.14996,10.936636,642.58124,-1.2868516,0.1576343,-1.1293327,0.49399376,1.4444859,1.6233264
31.638111,11.595258,319.31888,0.7383232,0.12991668,-0.076395415,-0.7916083,-0.60840654,-0.7152129
38.749577,14.999,804.8602,-1.0906479,-1.3306191,0.2259725,-0.044069074,-0.23997116,-0.27004158
38.749577,14.999,804.8602,0.00692569,0.73474145,0.3120643,-0.33747154,0.72781575,-0.64953583
43.681232,9.202717,753.9385,0.7502844,0.023004234,-0.11292629,-0.08970242,-0.72728014,0.02322387
43.681232,14.683665,1214.6952,-1.3007021,-1.3777056,0.70661634,-0.19588469,-0.07700348,-0.90250105
40.827076,14.683665,1214.6952,-0.53662765,0.46220842,0.25987256,-0.14670272,0.99883604,-0.40657526
31.807861,9.660745,546.1054,0.80303556,0.44354552,-0.05942467,0.004598476,-0.35949004,0.064023145
31.935715,10.907337,624.4364,-1.3059444,-0.38428652,0.21421722,-0.09725873,0.9216579,-0.31147593
31.935715,10.907337,624.4364,-0.53803456,0.50294405,0.3149063,-0.25405365,1.0409787,-0.56895995
35.956364,13.358144,427.946,0.29832014,0.6533704,0.033851527,0.20935944,0.35505024,0.1755079
47.38333,13.358144,706.08527,-0.6376086,-1.3801601,1.2833855,0.52248657,-0.7425515,-0.76089895
47.38333,11.498261,706.08527,-0.28040597,-0.13059884,0.47687703,0.15196183,0.14980713,-0.3249152
11.663619,2.4103942,41.311314,-0.8528444,0.03008325,0.52274376,0.17565137,0.88292766,-0.3470924
13.670772,2.2113345,222.20898,-0.059782404,0.026075032,0.13888972,0.1659112,0.085857436,0.027021483
54.210884,11.827932,765.7944,0.23944971,-0.8214774,0.16749099,0.82265997,-1.0609272,0.655169
54.210884,14.554724,765.7944,-1.3356165,-0.2914966,1.0715182,0.44984475,1.0441198,-0.62167346
53.19502,14.554724,693.18506,0.24457535,-1.2399664,0.474288,0.3780862,-1.4845418,-0.09620178
23.088741,9.115921,189.89192,-1.5431539,-0.8341009,0.65702665,0.18099341,0.709053,-0.47603324
11.458185,7.1281133,106.10567,-1.1711899,-0.067509614,0.18914981,0.17818901,1.1036803,-0.010960802
16.296318,3.973663,357.18613,0.33026963,-0.6018793,-0.06965755,-0.06869133,-0.93214893,0.0009662211
17.59119,2.9291637,357.18613,-0.5769865,-0.5807477,-0.08537121,-0.09132518,-0.003761232,-0.0059539676
53.16512,14.243946,1224.5895,-0.60077333,-1.3364875,-0.06780916,0.102583304,-0.7357142,0.17039245
53.16512,14.243946,1224.5895,-0.43699685,-1.5613424,-0.08910269,-0.010424815,-1.1243455,0.07867788
11.779219,6.670832,85.709,-1.5977992,-0.74644697,-0.014252727,-0.015526913,0.8513522,-0.0012741862
11.779219,6.670832,85.709,-1.5561627,0.30540094,0.00570103,0.04920698,1.8615637,0.043505948
13.3764715,3.3852623,92.73248,0.24112248,-0.85517377,-0.010001947,0.14957836,-1.0962963,0.1595803
48.88609,27.338617,1343.3221,-0.7259674,-0.21052706,-0.09413936,0.14823964,0.51544034,0.24237901
48.88609,27.338617,1343.3221,-1.0505346,-1.0415448,0.12463541,0.1754852,0.008989811,0.05084978
39.43463,16.529366,1160.5442,-1.2502736,-1.033586,-0.11191666,0.20020919,0.21668756,0.31212586
16.966438,5.1273775,317.45,-0.024820376,-0.5610893,-0.09664754,-0.12882717,-0.5362689,-0.03217963
45.461193,9.837174,1492.9316,-0.6156503,-1.4028349,-0.13315727,-0.22763404,-0.7871846,-0.094476774
45.461193,9.837174,1492.9316,-0.7853802,-0.044931076,-0.56303084,-0.05334422,0.74044913,0.5096866
20.56672,5.0089917,478.15414,-0.20610061,0.26494122,-0.13388756,-0.0600904,0.47104183,0.07379716
10.719142,2.0124612,67.59582,0.25111407,-0.68084353,-0.2027663,-0.10595286,-0.9319576,0.09681344
22.926622,6.2297673,325.94046,-0.24127617,-0.46498346,-0.11500667,-0.49122277,-0.22370729,-0.3762161
42.967545,15.493547,1495.2202,-0.671034,-0.26293224,-0.07668145,-0.123246826,0.40810174,-0.046565376
42.967545,15.493547,1495.2202,-0.8876771,0.36906502,-0.19886048,-0.1252591,1.2567421,0.07360138
11.839764,2.879236,135.89058,0.017673781,0.414179,-0.043762617,-0.061780326,0.3965052,-0.01801771
19.870079,5.1234756,299.7821,0.16976634,-0.75315535,-0.103522025,-0.0687717,-0.92292166,0.034750327
18.449932,2.2,392.63806,-0.23754947,-0.5220177,0.14832696,-0.33670923,-0.28446823,-0.4850362
44.002956,9.731392,1957.1973,-0.6004021,0.17372696,-0.3978324,-0.21528205,0.7741291,0.18255034
44.002956,9.731392,1957.1973,-0.6034335,-0.64946556,-0.32837546,-0.3176367,-0.04603207,0.01073876
27.075634,3.7121422,984.5257,-1.1476358,-0.6292583,-0.28390175,-0.3094843,0.51837754,-0.025582552
10.1557865,1.9209373,18.966532,-0.63276917,-0.1449391,-0.3150788,-0.24250641,0.48783007,0.07257238
12.133013,1.9209373,137.50249,-0.6557614,0.07394217,-0.29879156,-0.17866287,0.7297036,0.12012869
24.930502,1.5588458,528.40247,-0.1442891,-0.35633904,-0.30973282,-0.33055317,-0.21204993,-0.02082035
46.348354,17.235428,1704.8967,-0.36214653,-0.48693877,-0.3717848,-0.3388338,-0.12479225,0.032950997
46.348354,17.235428,1704.8967,-0.05662791,-0.25014704,-0.5472802,-0.38186768,-0.19351913,0.16541252
11.729024,1.0049876,117.38296,-0.28654972,-0.09618371,-0.4157347,-0.31385535,0.190366,0.10187936
28.093771,8.835157,361.70474,-0.011021597,-0.120023176,0.15789749,-0.040157877,-0.10900158,-0.19805536
48.267174,18.265541,2024.8789,-0.14263582,0.4625349,0.03724032,-0.30569997,0.6051707,-0.3429403
48.267174,18.265541,2024.8789,-0.21042943,0.21601944,0.34207833,0.020178039,0.42644888,-0.32190028
41.510723,20.991901,1236.4386,0.20117795,-0.21361682,0.08220472,0.07110525,-0.41479477,-0.011099473
41.510723,14.845201,1236.4386,-0.124956824,0.08754874,0.0059777023,0.2064518,0.21250556,0.2004741
44.062,21.05089,1076.9135,-0.18027511,1.3681854,0.17246985,-0.20884034,1.5484605,-0.3813102
44.062,21.05089,1293.6605,0.85114205,0.12681712,0.47313341,0.1433244,-0.72432494,-0.329809
13.345786,1.118034,163.67741,-0.3311708,-0.44066024,-0.0018185104,-0.03206545,-0.10948944,-0.030246941
9.936296,0.100000046,8.632994,-0.43794164,-0.44563407,-0.02795733,-0.038178816,-0.0076924264,-0.010221487
9.982485,0.100000046,8.996677,-0.44047013,-0.4454341,-0.033535358,-0.041179616,-0.004963964,-0.0076442584
20.591501,9.824968,402.25073,-0.44386822,0.028174412,-0.04063976,0.055714868,0.47204262,0.09635463
44.77332,15.721324,1701.1534,-0.44478488,-0.9633852,-0.041630484,-0.055917762,-0.51860034,-0.014287278
44.77332,15.721324,1701.1534,-0.46600857,-0.9880284,0.12895212,-0.05982731,-0.52201986,-0.18877943
9.866105,0.100000046,12.152958,-0.9854781,-0.9843462,-0.056998778,-0.059316285,0.0011318922,-0.0023175068
9.843271,1e-04,6.9105625,-0.9856185,-0.98165214,-0.057736944,-0.061944574,0.0039663315,-0.0042076297
19.964468,6.712674,516.63745,-0.98492116,-0.5956671,-0.06141612,-0.06065147,0.38925403,0.00076464936
19.964468,6.712674,516.63745,-0.9857637,-0.17079286,-0.06133794,0.03819909,0.81497085,0.09953703
10.53423,3.1064448,51.787853,0.024232285,-0.45003456,-0.024761774,-0.037401788,-0.47426686,-0.012640014
10.082659,0.30000004,20.614672,-0.4854827,-0.44575801,-0.031977613,-0.036994237,0.039724678,-0.005016625
16.155184,6.122091,170.90216,-0.44143757,-0.5052392,-0.032899655,-0.018577343,-0.06380162,0.014322313
54.319057,14.956604,2036.539,-0.44756418,-1.0377531,-0.032882392,-0.02939508,-0.5901889,0.0034873132
54.319057,14.956604,2036.539,-0.06783676,-0.5566793,-0.30057356,0.006498117,-0.48884255,0.3070717
13.203409,2.1424284,176.8486,-0.9756034,-0.3097077,-0.009877761,0.031848334,0.6658957,0.041726094
10.805092,1.118034,93.59141,-0.32898965,0.17040685,0.03332485,-0.031728473,0.4993965,-0.06505332
15.75119,2.84605,248.51108,0.18841156,-0.4692815,-0.05086242,-0.03538654,-0.657693,0.01547588
15.75119,2.6038432,248.51108,-0.53374445,-0.44803634,-0.08185159,-0.04248706,0.08570811,0.039364528
19.220821,6.786015,196.35158,-0.45821482,-0.7338725,-0.04046242,-0.09927257,-0.27565765,-0.058810152
46.280018,10.609429,1295.4358,0.07654782,0.17968397,0.019605692,0.09490369,0.10313615,0.075298
46.280018,10.609429,1295.4358,-0.4003466,-0.893283,-0.27724662,-0.015301639,-0.4929364,0.26194498
13.522204,2.0832667,238.78885,-0.96781445,-0.8912138,0.00012627346,-0.01637232,0.07660067,-0.016498594
9.887871,0.60827625,10.916567,-0.8947092,-0.86275196,-0.018391985,0.0071544163,0.03195727,0.025546402
10.5019045,2.6095977,46.320774,-0.8929143,0.027570248,-0.01481085,0.04727255,0.92048454,0.0620834
17.664087,8.185964,309.7716,-0.027579669,0.84967864,0.050382167,-0.5291165,0.8772583,-0.57949865
40.41646,12.721634,1242.6199,-0.116273776,-0.9872373,0.07317875,-0.044028483,-0.8709635,-0.11720724
40.41646,12.721634,1242.6199,-0.86211413,-0.97967196,0.013140479,-0.042995032,-0.11755782,-0.056135513
9.910097,0.100000046,8.344698,-0.98192585,-0.98477095,-0.043517236,-0.04341487,-0.0028451085,0.00010236725
10.187737,1.8138356,28.268385,-0.98178977,-0.8824828,-0.04239079,-0.037634008,0.09930694,0.004756782
25.206549,10.234744,599.09753,0.50596154,-1.522775,-0.030089129,1.1245812,-2.0287366,1.1546704
22.330473,15.0,580.8699,-0.8813175,-0.12415041,0.96247804,-0.25349084,0.7571671,-1.2159688
42.008804,15.0,1459.9521,-1.503362,-1.1649528,1.1097001,-0.39434642,0.3384093,-1.5040464
48.34015,16.588549,1459.9521,-0.036686413,-1.197903,0.09070388,1.2162882,-1.1612166,1.1255844
48.34015,16.588549,1311.3186,-1.4185277,-1.2213775,0.8122345,1.2666191,0.19715023,0.45438457
13.064838,3.2465367,61.05571,-1.1634183,-1.2627571,1.2812141,1.024576,-0.09933877,-0.25663817
13.064838,4.6658335,82.180695,-1.2544827,0.09214632,1.2632959,0.109208666,1.346629,-1.1540872
23.67277,4.6658335,799.3859,-0.629099,-0.15561078,0.44214836,0.11181246,0.4734882,-0.33033592
28.140718,4.7010636,563.8277,-0.02970404,-0.6675062,-0.100771986,0.2896722,-0.6378022,0.3904442
47.56848,18.00361,2010.0154,-0.65695244,-0.645031,0.30430037,-0.15136524,0.011921465,-0.4556656
10.653169,0.964365,61.385345,-0.2637933,-0.2937515,0.39510337,0.4587615,-0.029958218,0.06365815
15.330361,10.279105,245.80722,-0.26782504,-0.35314682,0.46022338,0.48871183,-0.085321784,0.028488457
38.391926,10.279105,1304.2305,-0.29065186,-1.1754974,0.45981407,-0.2906424,-0.88484555,-0.75045645
38.391926,9.889388,1304.2305,-0.5215865,-0.2827187,-0.7622487,0.30602756,0.23886779,1.0682763
28.02481,3.9912403,673.239,-0.68254983,-0.38195315,-0.21852383,0.4193736,0.30059668,0.63789743
13.55913,0.73484695,105.5418,-0.38480896,-0.29303598,0.4227081,0.43287978,0.09177297,0.010171682
10.804165,0.73484695,70.07527,-0.3785274,-0.23020229,0.42383805,0.44482702,0.14832512,0.020988971
10.765222,0.51961523,54.263687,-0.39601114,-0.46312127,0.51251876,0.5208654,-0.06711012,0.008346617
9.9252205,0.100000046,10.20546,-0.45970607,-0.4639136,0.52017725,0.5241965,-0.0042075217,0.0040192604
11.449018,1.0440307,38.4799,-0.4649703,-0.503362,0.52220327,0.54536486,-0.03839171,0.02316159
12.092974,5.3376026,100.702095,0.040034086,-1.3229355,0.16381222,1.200759,-1.3629695,1.0369468
15.531259,5.72014,128.62387,-1.277807,-1.4170188,1.1434166,0.14705805,-0.13921177,-0.9963586
43.24731,21.674871,1050.9476,-1.329453,-1.3631842,1.1853126,-0.21603945,-0.033731222,-1.401352
43.24731,21.674871,1050.9476,0.47868365,-1.0636753,-0.124606654,-0.02465851,-1.5423589,0.099948145
13.322912,3.6945906,187.10986,-1.2583811,-1.4918529,-0.58085054,1.0841454,-0.23347175,1.6649959
15.096026,10.549408,157.55179,-1.3350805,0.116069674,0.8665225,0.06008283,1.4511502,-0.80643964
18.693583,6.521503,190.97218,0.32542548,-1.3497102,-0.03237453,0.18681292,-1.6751357,0.21918745
44.53785,11.487819,1819.615,-1.0804276,-1.4455857,0.94608736,-0.17763941,-0.36515808,-1.1237267
44.53785,11.487819,1819.615,0.50635564,-1.1654361,-0.07152187,0.56021154,-1.6717918,0.6317334
13.845216,4.1158233,187.13704,-0.90053684,-1.1184009,-0.121035956,1.0361111,-0.2178641,1.157147
36.110943,12.139604,896.23425,-0.21637526,-1.1232684,0.4225549,-0.1960947,-0.90689313,-0.6186496
46.97169,12.139604,1518.8317,-0.68362117,-0.69710004,-0.013127926,-0.1961518,-0.013478875,-0.18302387
46.97169,6.6670833,1527.64,-1.4289019,-0.42997694,-0.12730712,0.3379597,0.998925,0.46526682
16.418892,4.505552,311.93857,-0.29623038,-0.3914683,0.3696298,0.350969,-0.09523791,-0.018660814
10.5019045,1.5937377,77.149055,-0.42681473,-0.12800954,0.3327624,0.45837182,0.29880518,0.12560943
11.609479,1.4071246,108.81892,-0.12719153,-0.1677046,0.42387104,0.3721162,-0.04051307,-0.051754832
48.941696,21.851086,1715.6138,-0.2438306,-0.21293166,0.4466773,-0.070532314,0.030898944,-0.5172096
48.941696,21.851086,1715.6138,0.50130635,-0.22759143,-0.040558908,-0.025903111,-0.7288978,0.014655797
40.374496,7.10352,1501.8674,-0.23569718,-0.32627398,-0.051233597,0.4601689,-0.0905768,0.5114025
49.5309,10.5323305,1205.5851,-0.29878777,-1.3608453,0.56039995,-0.15473309,-1.0620575,-0.7151331
10.774507,1.1357816,75.15225,-0.4800178,-0.65604866,-0.36395448,-0.3781656,-0.17603084,-0.014211118
11.237883,0.8774964,46.40894,-0.6761338,-0.6500437,-0.3499351,-0.3728395,0.026090086,-0.022904396
52.339085,13.613963,1000.26373,-0.6529969,0.19838512,-0.389062,-0.13353226,0.851382,0.25552973
52.339085,13.613963,1000.26373,-1.2244084,-1.2289479,-0.016421977,0.1715065,-0.0045394897,0.18792847
14.629081,7.5392303,449.80707,-1.2657907,-0.15949184,0.14417732,-0.04944713,1.1062989,-0.19362445
14.771933,7.5392303,449.80707,-1.2185211,-0.14526635,0.17079546,-0.073599376,1.0732548,-0.24439484
12.037441,2.3790755,140.75928,-0.36516348,-0.5407139,-0.36847878,-0.33810455,-0.17555043,0.030374229
55.52981,15.646726,1094.1633,-0.5540072,-0.8726288,-0.34518474,0.053114407,-0.31862164,0.39829916
55.52981,15.646726,1094.1633,-0.7267583,-0.93356216,-0.26557645,0.10591042,-0.20680386,0.37148687
15.117538,2.0712314,264.39954,-0.5245295,-0.6209217,-0.32562882,-0.29927596,-0.096392155,0.026352853
54.760754,28.754131,1338.5453,0.18999153,0.108400404,-0.10567893,-0.14149272,-0.08159113,-0.035813794
54.760754,28.754131,1338.5453,0.7071363,-0.16101614,0.34984216,-0.041975237,-0.8681524,-0.3918174
11.393858,1.4696938,77.529335,-0.10992303,0.17119886,-0.05032901,-0.09005059,0.28112188,-0.039721582
11.123849,1.0049876,59.604073,-0.0625069,0.13261427,-0.06439353,-0.083939776,0.19512117,-0.019546248
55.569958,32.66604,1317.9886,0.29568237,0.13719699,-0.09997417,0.14505264,-0.15848538,0.24502681
55.569958,32.66604,1478.9496,0.37643275,-0.102767214,0.21712244,-0.070651144,-0.47919995,-0.28777358
56.803524,15.469325,1252.8728,0.11178453,-0.23437142,-0.07250951,-0.078427635,-0.34615594,-0.005918123
56.803524,15.469325,1252.8728,0.5783343,-0.20352182,0.2875908,-0.09300996,-0.78185606,-0.38060075
10.290773,1.6278821,34.61685,-0.20963196,0.13065542,-0.09172687,-0.0803965,0.3402874,0.011330366
22.43056,3.5185223,400.26175,-0.20098598,-0.7947027,-0.009306435,0.48902336,-0.59371674,0.4983298
22.43056,3.5185223,400.26175,-0.38567463,-0.76495856,0.068606645,0.47326273,-0.37928393,0.40465608
48.81004,14.568802,1095.2897,-0.7915257,-1.1981509,0.50555784,-0.05628556,-0.40662515,-0.5618434
48.81004,14.568802,1360.1699,-1.2576475,0.009548957,-0.066311166,0.051400315,1.2671964,0.117711484
32.805183,5.3684263,1360.1699,-0.6044256,-0.03116988,-0.22128145,0.09930834,0.5732557,0.32058978
17.598577,2.572936,293.56296,0.06803419,-0.5144033,0.16505362,0.507706,-0.58243746,0.34265238
17.598577,2.572936,293.56296,-0.16795203,-0.52492076,0.15308473,0.48108673,-0.35696873,0.328002
44.052925,19.087692,1321.9364,-0.5336116,-0.74826485,0.48458862,-0.029492095,-0.21465325,-0.5140807
44.052925,19.087692,1321.9364,-1.068915,-0.07589279,0.017535532,0.008124737,0.9930222,-0.009410795
16.667633,5.00999,424.97388,-0.519211,0.07838772,0.014332168,0.03082544,0.59759873,0.016493272
16.088194,4.168933,140.43904,-0.41811267,-0.49034673,-0.28124565,-0.22304419,-0.072234064,0.058201462
39.812935,7.7980766,1935.4199,-0.4669425,-1.0488695,-0.2725193,-0.24851589,-0.581927,0.024003401
47.734787,10.670989,1935.4199,0.020030225,-1.4150007,-0.6256557,0.04791079,-1.4350309,0.6735665
47.734787,10.670989,1597.928,-1.5758919,-0.4066717,-0.51509607,-0.20308146,1.1692202,0.3120146
13.695984,5.523586,282.13373,-1.0665145,-0.41766578,-0.24264583,-0.18097785,0.6488487,0.06166798
12.47758,3.8418741,167.52734,-0.43464756,-0.44509023,-0.18309304,-0.048260044,-0.010442674,0.134833
10.401923,0.46904162,48.238136,-0.5889505,-0.5918592,-0.117930174,-0.08310206,-0.0029087067,0.03482811
15.002,2.2737634,189.71806,-0.5861281,-0.512401,-0.075490415,-0.1598179,0.07372713,-0.08432749
48.8554,9.913122,2282.692,-0.5960054,-0.5322908,-0.08799547,-0.019284125,0.063714564,0.06871134
48.8554,9.913122,2282.692,-0.30428335,-0.5087441,-0.2858024,0.001068843,-0.20446077,0.28687122
23.582409,3.6551332,599.5948,0.28210926,0.30984834,0.18039596,-0.009912277,0.027739078,-0.19030824
30.918768,3.472751,1154.8822,0.124730125,0.21418338,0.35075635,0.37854987,0.08945325,0.027793527
30.918768,3.472751,1154.8822,0.2535153,0.36505142,0.056396853,0.007054849,0.111536115,-0.049342003
31.796068,4.172529,1123.488,0.35729367,0.25734395,0.0072049974,0.43622985,-0.09994972,0.42902485
31.796068,4.172529,1123.488,0.17236568,0.3440079,0.38123667,-0.14926238,0.17164223,-0.53049904
23.948694,5.95399,842.96326,0.4365197,0.094517134,0.030202772,0.1826417,-0.34200257,0.15243892
40.092266,8.649855,1606.3358,0.3437964,-0.08973676,0.028919106,0.199711,-0.43353316,0.1707919
40.092266,8.649855,1606.3358,0.19383702,0.46772733,0.08801616,-0.35779077,0.27389032,-0.44580692
22.378115,8.505879,748.5922,0.06780926,0.16274682,0.2406406,0.3085604,0.094937555,0.067919806
10.794443,0.7,57.79276,-0.009787893,-0.05536102,0.15198709,0.17863446,-0.04557313,0.026647374
10.794443,0.48989797,18.550205,-0.05801066,-0.04574818,0.14668359,0.16736864,0.0122624785,0.020685047
10.340696,0.84852815,33.85091,-0.05555697,-0.057320036,0.17771398,0.148104,-0.0017630644,-0.029609978
10.340696,0.84852815,33.85091,-0.049792763,-0.043464206,0.16938226,0.13654658,0.0063285567,-0.032835677
12.114453,4.397727,143.26358,-0.04671467,-0.652752,0.14263399,-0.15888745,-0.6060373,-0.30152142
56.83951,13.884163,2310.6094,-0.062036596,-0.56262285,0.09873645,0.08569501,-0.5005863,-0.013041437
56.83951,13.884163,2310.6094,-1.082814,0.35609022,-0.13096206,-0.10505708,1.4389042,0.025904976
10.51903,1.363818,69.783356,-0.2669385,-0.1754876,-0.10331501,-0.049435996,0.091450915,0.053879015
13.703649,1.6763054,102.065926,-0.21294983,-0.20452717,-0.08063759,-0.084786214,0.008422658,-0.004148625
50.763763,19.279264,2134.8892,-0.2056441,-0.22577377,-0.06532243,0.33719158,-0.020129666,0.402514
11.869709,1.17047,118.50248,0.12983777,0.13228233,-0.063740164,-0.08036861,0.0024445653,-0.016628444
41.201214,5.4717455,1915.0608,0.12821046,-0.056651585,-0.06468031,0.17203543,-0.18486205,0.23671573
41.201214,5.4717455,1915.0608,0.04126824,0.09901402,-0.24909739,-0.08652427,0.05774578,0.16257313
10.540398,0.8062258,50.27666,0.05754009,0.061049152,-0.16628616,-0.23825543,0.0035090633,-0.07196927
49.38421,6.4730206,2086.2288,0.065127306,-0.13202494,-0.18265311,0.07635431,-0.19715226,0.25900742
49.38421,6.4730206,2086.2288,-0.102539875,0.05108077,-0.41824737,-0.17268427,0.15362065,0.2455631
10.07869,0.6708204,22.81599,0.004521036,0.022868503,-0.113677,-0.17947987,0.018347466,-0.065802865
10.168579,0.50990194,33.771183,0.0942918,0.1317278,-0.21554908,-0.21636286,0.037436,-0.0008137822
10.887148,0.83666,49.32399,0.10928919,0.17860547,-0.2206858,-0.23287039,0.069316275,-0.01218459
36.34653,7.7627316,1615.9563,0.13337128,-0.100563064,-0.21886373,0.17626032,-0.23393434,0.39512405
18.064606,3.7107952,610.058,-0.31090537,-0.3629162,-0.0738364,-0.07894972,-0.052010834,-0.0051133186
15.357735,5.526301,416.5678,-0.33022976,-0.35284457,-0.066374525,-0.03910261,-0.022614807,0.027271915
15.357735,5.526301,416.5678,-0.339627,-0.34758595,-0.21553883,-0.04118365,-0.007958949,0.17435518
21.006903,2.258318,789.91284,-0.24771258,-0.3726337,-0.09677807,-0.0005195251,-0.12492111,0.09625855
40.3031,5.731492,1870.155,-0.35948864,-0.18670085,0.004113189,-0.08387227,0.17278779,-0.08798546
40.3031,5.731492,1870.155,-0.35741317,-0.35262164,0.009988452,0.024933996,0.004791528,0.014945543
42.463867,10.35664,1288.6127,-0.111901775,-0.8731367,0.07819729,0.11313808,-0.76123494,0.034940787
42.463867,10.35664,1288.6127,-0.30518222,-0.43743247,-0.9338554,-0.90462273,-0.13225025,0.02923268
12.928651,2.9137604,169.77467,-1.0366162,-0.59335566,-0.29437965,-0.7941655,0.44326055,-0.49978584
39.18329,11.280957,1326.8079,-0.7156773,-0.9492696,-0.68033093,0.041400295,-0.23359227,0.72173125
39.18329,11.280957,1326.8079,-0.6759964,-0.56464577,-0.92610323,-1.0733316,0.111350656,-0.14722836
11.466037,2.6702058,105.42789,-1.0837053,-1.2257987,-0.9913047,-1.2625849,-0.14209342,-0.27128023
40.96303,12.037441,1576.5321,-1.0865742,-1.321343,-0.99642456,-1.0009487,-0.23476875,-0.0045241117
40.96303,12.037441,1576.5321,-1.2724975,-1.1601481,0.16527802,-1.2662098,0.11234939,-1.4314878
11.22319,1.2727922,92.17124,-1.0665623,-0.92452544,-1.2857279,-1.1942015,0.14203686,0.09152639
45.169018,9.601042,1038.783,-1.6948369,-1.6579672,-0.07723248,-0.2275763,0.036869645,-0.15034382
45.169018,9.601042,1038.783,-1.1664153,-1.582864,-0.21010745,-0.45480162,-0.4164487,-0.24469417
15.776565,1.4035668,273.11124,-1.7039413,-1.4932903,-0.43620282,-0.44823495,0.21065104,-0.012032121
42.25329,7.063285,1396.0055,-1.6754806,-1.4777077,-0.40792146,-0.6604389,0.19777286,-0.25251743
42.25329,7.063285,1396.0055,-1.1839802,-1.6737499,-0.33292988,-0.4893197,-0.4897697,-0.15638983
10.384604,0.3162278,18.209982,-1.6455543,-1.6876827,-0.49256158,-0.49012953,-0.042128444,0.0024320483
17.135052,1.4282857,159.70522,-1.7150815,-1.829863,-0.46569234,-0.45221472,-0.1147815,0.013477623
52.222027,7.3136864,1387.3295,-1.7051554,-1.6463543,-0.47174615,-0.4048737,0.058801055,0.06687245
52.222027,7.3136864,1387.3295,-1.6977215,-1.7175417,-0.46319538,-0.4772149,-0.019820213,-0.014019519
10.5318575,0.509902,67.00535,-1.7175862,-1.6980661,-0.4740774,-0.4731031,0.019520044,0.0009742975
11.006362,2.7,80.38807,-1.6644516,-1.8597984,-0.617277,-0.819913,-0.19534683,-0.202636
14.054537,3.5411863,121.04826,-1.6636387,-1.8632091,-0.7392591,-0.49067587,-0.19957042,0.24858326
18.921152,20.226963,371.27338,-1.9844948,0.38273686,-0.54671645,-0.17472246,2.3672316,0.371994
40.787865,20.226963,2008.5713,-0.3573998,-1.5209371,-0.23977835,-0.3491331,-1.1635373,-0.10935475
43.917194,16.721842,2090.2664,-1.0411916,-1.1793585,-0.41818285,-0.21235374,-0.1381669,0.20582911
43.917194,16.721842,2090.2664,-0.5280743,-0.90845555,-0.24786887,-0.41958943,-0.38038123,-0.17172056
12.049897,4.0496917,160.39758,-1.3888818,-0.48826233,-0.24726975,-0.41678435,0.9006195,-0.1695146
11.707263,3.318132,154.36595,-1.3295715,-1.8782749,-0.3692857,-0.21983841,-0.54870343,0.14944729
11.993749,3.318132,56.72946,-1.6676977,-1.6468636,-0.35370898,-0.45537058,0.020834088,-0.10166159
11.993749,3.0643108,38.57961,-1.7720333,-1.7223494,-0.17930272,-0.26180282,0.04968393,-0.0825001
50.70079,9.304837,1850.5507,-1.7567288,-1.6731638,-0.30613786,-0.26117733,0.083565,0.04496053
50.70079,9.304837,1850.5507,-0.7977412,-1.6547455,-0.33338785,-0.2655349,-0.8570043,0.067852944
11.788979,3.51141,55.2536,-0.85551393,-1.1676023,-0.09057879,-0.26543745,-0.31208837,-0.17485866
35.909054,7.624959,741.27045,-0.8901118,-1.4084767,-0.07948186,0.11371253,-0.5183649,0.19319439
35.909054,7.624959,741.27045,-1.9949614,-1.3579304,-0.5051223,-0.3002214,0.63703096,0.20490089
15.833193,2.3874671,310.55023,-0.8034283,-1.0957414,0.04130678,0.069856144,-0.2923131,0.028549366
49.299698,9.687621,1448.545,-0.8076887,-0.9534421,0.052987617,-0.08707225,-0.14575338,-0.14005987
49.299698,9.687621,1448.545,-1.8735015,-1.5854938,-0.3670174,-0.25505826,0.28800774,0.11195913
12.459936,2.6324892,192.04369,-1.6780577,-1.1263927,-0.17479505,-0.17760536,0.55166495,-0.0028103143
50.657772,14.861023,1925.2087,-1.6780975,-0.83427364,-0.17921196,-0.1323486,0.84382385,0.046863362
50.657772,14.861023,1925.2087,-1.7292992,-1.4876988,-0.20436005,-0.13097438,0.2416004,0.07338567
11.30177,1.8601075,142.68471,-1.5159141,-1.4326714,-0.07252862,-0.12548873,0.083242655,-0.052960105
49.945267,12.020399,1380.1913,-1.4334885,-1.0662613,-0.2684952,-0.5562213,0.3672272,-0.2877261
49.945267,12.020399,1380.1913,-1.5121822,-1.2846566,-0.222664,-0.18527557,0.22752559,0.03738843
15.872618,1.6155494,478.63092,-1.1623478,-1.2713674,-0.12063508,-0.18558219,-0.10901964,-0.06494711
10.050373,0.20000005,12.683058,-1.2758851,-1.2628222,-0.19142076,-0.18529502,0.013062954,0.006125748
19.419579,2.4596748,260.80753,-1.4179201,-1.5959542,-0.14515334,-0.29179853,-0.17803407,-0.14664519
45.92265,9.937806,1436.2924,-1.4052719,-1.154091,-0.13294551,-0.09746077,0.2511809,0.03548474
45.92265,9.937806,1436.2924,-1.5485535,-1.3385901,-0.8736517,-0.19275187,0.20996332,0.6808998
10.690651,1.0099505,56.603863,-0.68063104,-0.79786307,-0.064750955,-0.04069406,-0.117232025,0.024056893
10.721007,0.9433981,26.08738,-0.7678514,-0.75117177,-0.06691395,-0.14946619,0.016679645,-0.08255224
10.927946,0.5477225,27.967691,-0.7498078,-0.6898343,-0.04049667,-0.3019918,0.05997348,-0.2614951
10.927946,0.5477225,27.967691,-0.70436484,-0.7689506,-0.29168648,-0.13340062,-0.064585745,0.15828586
10.870143,0.5744563,24.04666,-0.7710403,-0.667311,-0.17906028,-0.32137483,0.10372931,-0.14231455
10.700934,0.64031243,24.04666,-0.73041874,-0.77653295,-0.17098126,-0.10529908,-0.046114206,0.06568218
11.637011,0.9110434,23.42329,-0.71497357,-0.69150794,-0.20403501,-0.30957884,0.023465633,-0.10554382
40.480736,7.702597,1317.8676,-0.76079667,-0.74386454,-0.14166269,0.052549325,0.01693213,0.19421202
40.480736,7.702597,1317.8676,-0.6940096,-0.6841769,-0.27599007,-0.015831681,0.00983268,0.2601584
43.77488,8.7189455,1853.3711,-0.7040251,-1.0068393,-0.051507033,0.3101286,-0.3028142,0.36163563
14.632156,5.2239833,165.98874,0.38458955,-0.9493437,-0.076979175,0.00034486354,-1.3339332,0.07732404
52.014904,6.1081915,2222.2944,-0.5984873,-1.782349,0.1942567,-0.57693857,-1.1838617,-0.7711953
52.014904,6.1081915,2222.2944,-1.8487688,-1.8080766,-0.41337618,-0.5413519,0.04069221,-0.12797573
42.359062,4.750789,1693.8638,-2.1487527,-1.7806689,-0.6157636,-0.6721424,0.36808383,-0.05637878
43.74517,4.750789,1722.9043,-1.4148986,-1.7946056,-0.5084922,-0.48509794,-0.37970698,0.023394227
43.74517,5.2706733,1722.9043,-1.9618502,-1.8833029,-0.58940995,-0.5968188,0.07854724,-0.0074088573
45.62565,6.9649115,1792.0483,-1.8497021,-1.5761387,-0.61143804,-0.5223286,0.27356339,0.08910942
45.62565,6.9649115,1792.0483,-2.0443318,-0.5667668,-0.52874255,0.22486529,1.477565,0.75360787
16.897633,3.685105,220.68214,-0.85688466,0.09328747,-0.18143442,0.077259466,0.9501721,0.25869387
13.510736,2.9832869,99.11285,0.22082515,-0.6406244,0.021540422,0.19121411,-0.86144954,0.1696737
34.65386,4.634652,1276.5953,0.7205841,0.24888065,-0.003091843,-0.9261624,-0.47170344,-0.92307055
34.65386,4.634652,1276.5953,-0.83564246,0.010813177,-0.27680644,-0.80125237,0.84645563,-0.5244459
34.9106,2.8861737,1127.3539,0.21474221,0.09132646,-0.7282621,-0.8265688,-0.12341575,-0.098306656
34.9106,3.3852623,1095.9147,-0.07332991,0.16476212,-0.69979787,-0.796555,0.23809204,-0.096757114
34.97785,3.3852623,1213.9628,-0.1875419,0.058237754,-0.75971633,-0.79605067,0.24577966,-0.036334336
34.97785,3.8183768,1213.9628,-0.07644079,-0.09242721,-0.8437163,-0.7285578,-0.01598642,0.1151585
26.436527,3.8183768,870.13513,-0.024850959,-0.2929761,-0.8541954,-0.6252644,-0.26812515,0.22893101
11.095044,2.1794493,62.50124,-0.40717357,0.33684915,-0.61163867,-0.42174512,0.7440227,0.18989354
11.275194,2.1794493,77.19006,0.10139127,0.34130055,-0.49752194,-0.43342918,0.23990928,0.064092755
31.182688,3.4727511,995.26385,0.49139085,-0.29157594,-0.36126158,-0.63545746,-0.7829668,-0.27419588
19.988747,4.539824,413.818,0.020923916,-0.8280242,-0.05008831,-0.070967354,-0.8489481,-0.020879045
39.97574,3.5284557,1523.3398,-0.7606602,-1.5051076,0.15885714,-0.73978955,-0.74444747,-0.8986467
39.97574,3.9471512,1523.3398,-1.4658177,-1.2765168,-0.5665186,-0.68152046,0.1893009,-0.11500186
38.641037,3.9471512,1408.578,-1.4489329,-1.2944868,-0.6465332,-0.609147,0.15444613,0.03738618
31.772,3.1400638,1090.9806,-1.4454439,-1.2130787,-0.6967141,-0.629421,0.23236513,0.06729311
36.221817,3.471311,1320.8359,-1.4965346,-1.0041811,-0.71352035,-0.73139006,0.49235344,-0.01786971
36.221817,3.471311,1320.8359,-1.4656188,-1.4223275,-0.7655202,-0.7120046,0.04329133,0.053515613
29.963144,4.892852,986.8599,-1.3534416,0.026908597,-0.6876966,-0.25499463,1.3803502,0.43270195
12.827313,1.2041595,100.30189,0.10371184,-0.2518081,-0.17166172,-0.2363723,-0.35551995,-0.06471059
26.913752,7.1979165,959.29407,-0.22560076,-1.3461202,-0.24390924,-0.58345354,-1.1205195,-0.3395443
45.518127,12.717312,1980.4829,0.16088006,-0.23021574,0.12172699,-0.44624257,-0.39109582,-0.56796956
45.518127,12.717312,1980.4829,0.078352176,0.22816658,-0.15266332,-0.6054697,0.1498144,-0.45280638
44.81049,9.394679,1795.384,0.0054347157,-1.5755875,-0.58289784,-0.7591203,-1.5810223,-0.17622244
44.81049,9.394679,1795.384,0.41414896,-1.8125385,-0.8060919,-0.8565777,-2.2266874,-0.05048579
26.831324,5.5812182,922.818,-1.5147768,-2.162315,-0.7886835,-0.91402215,-0.64753807,-0.12533867
25.255692,5.8830266,698.6703,-1.967521,-1.9308211,-0.81172,-0.7289514,0.03669989,0.08276862
23.022596,5.8830266,555.5167,-2.032786,-2.0548084,-0.7331145,-0.76598126,-0.022022486,-0.032866776
24.69676,7.2429276,755.2288,-1.8435634,-1.2146692,-0.75927025,-0.7134737,0.6288942,0.045796573
24.69676,7.2429276,755.2288,-2.0009873,0.08775134,-0.74428236,-0.19820274,2.0887387,0.54607964
37.10499,12.86468,1212.9878,0.09372964,-1.7215269,0.14676616,-0.7448234,-1.8152565,-0.8915895
11.17363,0.64031243,164.66373,-0.12729385,-0.14702019,0.07110668,0.059135932,-0.019726336,-0.011970747
16.414932,11.033132,224.60309,-0.14649038,-1.1106122,0.060104303,-0.09070685,-0.96412176,-0.15081115
52.36487,11.033132,2049.2092,-0.14946327,-1.6484236,0.05857586,-0.52692354,-1.4989603,-0.5854994
52.36487,8.011242,2168.005,-2.116318,-0.68877256,-0.4874085,-0.6394918,1.4275454,-0.15208331
52.083588,8.011242,2168.005,-1.977459,-1.4286826,-0.63319135,-0.61107147,0.5487764,0.02211988
52.083588,10.798612,2074.5803,-1.7710178,-1.7646774,-0.45837903,-0.614004,0.0063403845,-0.15562499
51.677464,10.798612,2019.7828,-1.5194337,-1.9037756,-0.5953055,-0.6502229,-0.38434184,-0.054917395
52.745235,8.532878,2274.288,-1.9821539,-1.8361164,-0.5200314,-0.60970724,0.14603746,-0.08967584
52.745235,8.532878,2274.288,-1.4531151,-0.22943136,-0.6368185,0.14005366,1.2236837,0.77687216
37.18212,6.8782268,1016.6482,-1.2563388,-0.22377594,-0.7065461,0.15706073,1.0325629,0.86360687
37.39358,8.658523,1299.5037,0.30887768,-1.4694344,-0.014048673,-0.5716535,-1.7783121,-0.5576048
37.82275,4.632494,1342.2523,-1.755295,-1.4955559,-0.46547994,-0.5092017,0.25973916,-0.043721765
42.87015,4.1629314,1804.7969,-1.8916476,-1.9476106,-0.57340014,-0.60549724,-0.05596304,-0.0320971
42.87015,4.1629314,1804.7969,-1.5991054,-2.0909646,-0.6634711,-0.69567,-0.4918592,-0.032198906
32.48215,3.407345,1055.0732,-1.6983725,-2.0073352,-0.48911747,-0.6638663,-0.3089627,-0.17474881
32.48215,7.48131,1055.0732,-1.6286408,-1.0187016,-0.44910488,-0.6411836,0.6099392,-0.19207874
26.230133,7.48131,897.7133,-1.6475792,0.50888985,-0.5563915,-0.007646174,2.156469,0.5487453
12.658989,1.9442222,69.40198,0.25260404,-0.34002748,0.10032562,0.3923195,-0.5926315,0.2919939
36.042892,7.920227,1276.5498,-0.33340085,-1.5925446,0.39796203,-0.46410856,-1.2591437,-0.86207056
38.826538,7.920227,1398.1418,-0.6716901,-1.7218513,0.24852522,-0.550434,-1.0501612,-0.7989592
31.866282,3.748333,1177.8324,0.10902555,-0.37353468,-0.1378589,-0.8489162,-0.48256022,-0.7110573
33.22198,2.6589472,1225.2953,-0.51602614,-0.31799656,-0.81341183,-0.87640953,0.19802958,-0.0629977
33.22198,2.1400933,1225.2953,-0.3750895,-0.26516443,-0.87987554,-0.7196644,0.10992506,0.16021115
30.645555,1.9442221,1100.0453,-0.23484805,-0.27465189,-0.71361387,-0.7064537,-0.039803833,0.007160187
28.478413,1.9339077,979.82043,-0.28195605,-0.29691207,-0.70758164,-0.82581884,-0.014956027,-0.1182372
35.561356,2.302173,1372.0813,-0.23940086,-0.2913673,-0.7983289,-0.56689554,-0.05196643,0.23143333
35.561356,2.302173,1372.0813,-0.3434368,-0.30902183,-0.6181252,-0.5288372,0.034414977,0.089288
10.182829,0.6708204,14.665508,-0.30898336,-0.3115221,-0.5637083,-0.51840544,-0.0025387406,0.045302868
41.083572,5.363767,1678.1714,0.17702322,-0.76905733,0.0031849209,-0.82388246,-0.94608057,-0.8270674
41.083572,4.0620193,1678.1714,-0.6305515,-0.79362977,-0.87739456,-0.7806156,-0.16307825,0.09677893
16.293865,3.528456,296.7647,0.27285346,-0.4168562,-0.14971137,-0.2401989,-0.68970966,-0.090487525
33.863697,5.8258047,1066.8862,-0.54407877,-0.67387486,-0.2647301,-0.7227229,-0.12979609,-0.4579928
33.863697,5.8258047,1066.8862,-1.3323842,-1.123483,-0.5959334,-0.7764401,0.20890129,-0.1805067
28.976374,4.926459,953.69244,-1.6982458,-1.5106354,-0.8314727,-0.79936445,0.18761039,0.032108247
28.976374,4.926459,953.69244,-1.5406812,-1.5968105,-0.92180395,-0.8252614,-0.056129217,0.09654254
28.535065,4.2555847,1048.3025,-1.2293411,-1.4629884,-0.9864851,-0.9102672,-0.23364723,0.07621795
28.535065,4.760252,1048.3025,-1.0042794,-1.4772822,-0.82721233,-0.873823,-0.4730028,-0.046610653
26.491697,4.760252,956.4137,-1.1976006,-1.4701741,-0.76917505,-0.79295325,-0.27257347,-0.0237782
26.809513,4.448595,956.4137,-1.3987926,-1.5137494,-0.81757414,-0.7708596,-0.11495674,0.046714544
28.997068,4.448595,898.6275,-1.7478994,-1.427058,-0.82250464,-0.81722575,0.32084143,0.0052788854
25.33002,11.928537,354.54263,-0.17639785,-0.5507731,0.5487483,0.41120076,-0.37437522,-0.13754755
27.395802,11.928537,798.555,-0.31947836,-1.5077782,0.55567217,-0.83849657,-1.1882998,-1.3941687
30.758736,9.185315,1060.6266,-1.3683512,-1.759147,-0.63504493,-0.97485226,-0.39079583,-0.33980733
30.758736,4.4732537,1060.6266,-1.3112949,-1.6452239,-0.9418907,-0.9047729,-0.33392894,0.03711784
29.540817,5.1739736,957.3294,-1.7092907,-1.3799216,-1.007921,-1.009614,0.3293692,-0.0016930103
29.752815,5.1739736,998.91797,-1.5220566,-1.3106644,-0.9861701,-0.9195285,0.21139216,0.06664163
29.752815,9.2293005,998.91797,-1.5173099,0.0692945,-1.0540719,-0.21728954,1.5866044,0.83678234
15.18947,9.2293005,243.2818,-0.15308052,-0.21717486,-0.44891062,0.4478621,-0.064094335,0.89677274
12.533954,2.2203603,214.39217,-0.054041337,-0.3206924,0.2584482,0.35730776,-0.26665106,0.09885955
10.758253,0.83066237,40.69538,-0.11201978,-0.32539475,0.5134207,0.5804515,-0.21337497,0.06703079
19.025772,5.8762236,291.6241,0.32608572,-1.1650126,0.06410684,0.33011308,-1.4910983,0.26600623
40.279274,5.4295487,1646.2863,-1.2186377,-1.0270084,1.1258627,-0.71437347,0.19162929,-1.8402362
40.279274,4.4788384,1647.6473,-0.80228555,-0.96667767,-0.70255816,-0.6925966,-0.16439211,0.0099615455
39.335735,3.4684293,1647.6473,-1.0357139,-1.0273732,-0.73396283,-0.6605145,0.008340716,0.07344836
39.231876,3.9572718,1704.8654,-0.9043865,-0.98052436,-0.62479126,-0.58958316,-0.07613784,0.035208106
39.085293,4.224926,1704.8654,-0.8692918,-1.2002331,-0.565178,0.7926637,-0.33094132,1.3578417
16.686821,12.943724,171.58795,-0.6975853,-0.8753146,-0.45302162,0.35251993,-0.17772931,0.8055415
14.138599,5.056679,142.14325,0.31581056,-1.0581214,0.056424975,1.0524228,-1.373932,0.9959978
40.87689,4.8518033,1706.4648,-1.1314437,-0.8342037,1.052726,-0.68848705,0.29724002,-1.7412131
41.914318,4.940647,1706.4648,-1.0487504,-1.0837386,0.065713085,-0.71881145,-0.034988165,-0.78452456
34.56617,6.9491005,1238.8956,-0.10478638,-1.4076569,0.5508605,-0.88896286,-1.3028705,-1.4398234
34.56617,7.4632435,1238.8956,-1.8358147,-1.4271727,-0.5515354,-0.8509366,0.40864205,-0.29940116
28.971193,7.4632435,977.05786,-1.6508102,-1.547003,-0.7959531,-0.8599421,0.10380721,-0.06398898
28.971193,5.8830266,933.4625,-1.6740751,-1.4927877,-1.0110899,-0.9343526,0.18128741,0.076737344
20.745361,5.1701064,542.4215,-1.3348666,-1.2492421,-0.9565493,-0.59006447,0.085624576,0.36648482
18.267183,5.1701064,304.6564,-1.1616642,-0.88358307,-0.91628873,0.4368329,0.27808118,1.3531216
13.503333,3.1144822,140.65752,-1.3234936,-0.35162696,-0.33207688,0.5194074,0.9718666,0.8514843
10.666302,0.92736185,50.99292,-0.45102477,-0.36052328,0.4983588,0.64229304,0.09050149,0.14393425
13.290976,2.1748564,217.92255,-0.34932998,-0.26278657,0.5362897,0.54451036,0.08654341,0.008220673
36.626904,7.7530637,1187.5981,-0.19445671,-1.3985145,0.4610381,-0.8945484,-1.2040578,-1.3555865
51.119667,7.314369,1854.111,-0.14779113,-1.4776475,-0.24486563,0.83155525,-1.3298564,1.0764209
51.119667,4.9588304,1854.111,-1.5423772,-1.4283788,0.84455425,0.6603506,0.11399841,-0.18420362
41.353355,4.9588304,1658.5225,-1.5838388,-1.4215494,0.7973877,0.6891265,0.16228938,-0.10826123
41.353355,4.6486554,1658.5225,-1.3483015,-1.2697134,0.77198637,0.69552046,0.07858813,-0.076465905
45.033985,4.6411204,1711.3752,-1.180275,-1.3848938,0.8341921,0.6949503,-0.20461881,-0.13924181
45.033985,3.722902,1711.3752,-1.0048996,-1.313232,0.6845957,0.8222253,-0.30833232,0.13762957
35.88328,3.3852623,1298.4324,-1.6619225,-1.3369608,0.8525602,0.7770271,0.32496166,-0.07553315
31.64269,2.9034464,1115.1763,-1.1775975,-1.1406921,0.6779037,0.683341,0.036905408,0.0054373145
27.986782,3.891015,928.9934,-1.1841424,-1.0873489,0.6694752,0.7156879,0.09679341,0.046212673
29.439598,5.046781,901.43195,-0.14427565,-1.1664798,0.050655734,0.72348374,-1.0222042,0.672828
24.344608,5.6991224,789.91327,0.09118893,-1.6144412,-0.10348038,-0.760225,-1.7056301,-0.6567446
25.745096,2.4718413,716.92596,-1.5459768,-1.5343144,-0.68771946,-0.6416491,0.011662364,0.046070337
25.745096,2.3790755,716.92596,-1.536846,-1.5895975,-0.65943635,-0.6742237,-0.052751422,-0.014787376
22.294619,2.193171,584.80164,-1.8738006,-1.5906177,-0.75124156,-0.7394775,0.28318298,0.0117640495
24.03102,1.746425,677.69507,-1.774544,-1.747208,-0.85975045,-0.81941354,0.027336001,0.040336907
24.03102,1.581139,677.69507,-1.6687399,-1.6369619,-0.7934551,-0.81230515,0.031777978,-0.018850029
20.67293,1.4899663,537.4107,-1.4630797,-1.5146979,-0.7388998,-0.70734984,-0.05161822,0.03154999
24.493673,1.7916473,707.11725,-1.5509739,-1.568712,-0.7209209,-0.72099674,-0.017738104,-7.581711e-05
24.493673,5.728874,707.11725,-1.6864945,-1.0936794,-0.80093193,-0.5931865,0.59281504,0.20774543
21.559452,6.8337398,553.0917,-1.71573,0.21210074,-0.8086527,-0.063248955,1.9278307,0.74540377
14.465476,6.9195375,107.73302,0.20071058,-1.7538023,0.22015932,-0.30585033,-1.9545128,-0.5260097
35.492252,9.912114,1204.1139,-0.3289524,-1.8361269,0.040471382,-0.5110496,-1.5071745,-0.551521
36.231205,9.912114,1311.7103,-1.8029366,-1.620155,-0.5335183,-0.5779927,0.18278158,-0.044474363
36.231205,7.0128465,1311.7103,-1.5960094,-1.9371245,-0.55349714,-0.6060196,-0.34111512,-0.05252248
35.62148,5.821512,1304.76,-1.9131683,-1.6588228,-0.60354364,-0.43511972,0.25434554,0.16842392
24.064495,7.0313587,742.763,-1.6136576,-1.2608559,-0.46875605,-0.36723483,0.35280168,0.101521224
13.45511,1.5033296,195.13116,-0.059344508,-0.31804538,0.07789705,0.024365744,-0.25870088,-0.053531304
31.514124,8.623804,1172.1594,-0.30672765,-1.7875793,0.02180953,-0.55634046,-1.4808517,-0.57815
34.15919,8.623804,1242.5566,-1.461407,-1.9513214,-0.20406179,-0.563146,-0.48991442,-0.3590842
34.15919,6.0621777,1242.5566,-2.010882,-1.7135296,-0.5588386,-0.521629,0.2973523,0.03720963
11.799152,1.2083046,130.25665,-0.5978545,-0.5385535,-0.09602367,-0.098249786,0.05930102,-0.0022261143
41.02609,5.8497868,1649.2472,-0.50968015,-0.88503134,-0.10051851,-0.80603534,-0.3753512,-0.7055168
41.02609,5.8497868,1649.2472,-0.74983937,-0.67535836,-0.29788816,-0.555865,0.07448101,-0.25797683
32.791157,6.0448327,1196.2184,-1.0051248,-1.0532739,-0.89773667,-1.0413744,-0.04814911,-0.14363778
28.074902,6.0448327,903.6951,-1.5018781,-1.5704564,-1.1480215,-1.0584418,-0.06857824,0.0895797
29.579384,5.927057,982.83417,-1.0842787,-1.4850807,-0.7557515,-0.80921686,-0.40080202,-0.053465366
29.579384,6.1692786,1014.2156,-0.686151,-0.8851018,-0.46362782,-0.53384495,-0.19895077,-0.07021713
36.58333,6.1692786,1355.4049,-0.8987934,-0.8428807,-0.7708503,-0.5581187,0.055912673,0.2127316
36.58333,4.621688,1355.4049,-1.4840654,-1.0572683,-1.0006282,-0.83486605,0.42679715,0.16576219
43.866276,10.907795,1725.3508,-1.6127621,-0.94601744,-1.0952691,-0.39463538,0.66674465,0.7006337
13.379088,5.7280016,109.0518,-0.06838891,-0.35583007,0.17423883,-0.01018274,-0.28744116,-0.18442157
35.90056,5.7280016,1302.3821,-0.06653962,-1.2348605,0.17196146,-0.5293288,-1.1683209,-0.70129025
51.67949,6.7386937,2011.3926,-0.9769446,-0.94135284,-0.16792561,-0.18184686,0.03559178,-0.013921246
51.67949,6.7386937,2011.3926,-0.82902443,-0.9938741,-0.17331962,-0.3660735,-0.16484964,-0.19275387
52.762676,6.303966,2038.5298,-1.207003,-0.94450027,-0.5521743,-0.1477628,0.26250273,0.40441152
52.762676,6.303966,2038.5298,-0.92716587,-0.9824501,-0.16743836,-0.41758323,-0.05528426,-0.25014487
39.036907,5.978294,1470.87,-1.1483971,-0.8695739,-0.39725393,-0.13542499,0.2788232,0.26182896
34.77025,4.022437,1244.0935,-0.704466,-0.7954553,-0.3089703,-0.111209825,-0.09098929,0.19776048
14.916099,3.8065736,168.18047,-0.91716576,0.26688808,-0.14897954,0.11050884,1.1840539,0.25948837
46.55298,5.345091,1849.5015,-0.18679522,-1.0925844,0.20670168,-0.24680384,-0.90578914,-0.45350552
12.130128,2.6076808,65.84144,0.09009496,-0.65515053,0.025053296,0.33640042,-0.7452455,0.31134713
48.49804,8.440971,1449.1202,-0.6023072,-1.627126,0.21507299,-0.463481,-1.0248188,-0.678554
52.306305,16.767826,1789.9365,-0.6634901,-1.9553732,0.29506865,-0.41951093,-1.291883,-0.7145796
52.306305,16.767826,1789.9365,-1.3564153,-1.9975679,-0.2912689,-0.34601066,-0.6411526,-0.05474177
48.978466,15.640013,1750.6754,-1.7871948,-2.021918,-0.30285877,-0.3671822,-0.23472321,-0.064323425
41.590744,13.787313,1076.5293,-1.6876266,-1.8291991,-0.2819212,-0.3125133,-0.14157248,-0.030592084
41.590744,13.787313,1078.4401,-1.7595508,-1.6116985,-0.31927544,-0.2574012,0.1478523,0.06187424
41.43682,8.967162,1350.0897,-1.8727862,-0.98914593,-0.38587582,-0.30265522,0.8836402,0.0832206
41.43682,8.967162,1350.0897,-1.9696945,-0.1612489,-0.31506056,-0.3095441,1.8084456,0.0055164695
11.862967,2.7184556,110.214615,-0.31902298,-0.19637904,-0.37203947,-0.2875191,0.12264395,0.08452037
34.68271,4.0644803,1298.8481,-0.8033886,-0.8417557,-0.61909044,-0.5653761,-0.038367093,0.053714335
34.68271,4.7254624,1298.8481,-0.81923044,-0.92928255,-0.5827991,-0.5843906,-0.11005211,-0.0015915036
30.273586,4.7254624,1062.9576,-0.9837492,-0.77585876,-0.66097295,-0.6532243,0.20789045,0.0077486634
30.273586,4.88467,1092.1538,-0.8044793,-0.8496537,-0.5507262,-0.5592999,-0.04517442,-0.008573711
29.928247,4.9193497,1092.1538,-0.8644991,-0.78303456,-0.6824712,-0.7004307,0.08146453,-0.017959476
25.091433,4.9193497,772.0522,-0.73302627,-0.6657134,-0.6495552,-0.6187728,0.06731284,0.030782402
25.091433,4.6,772.0522,-0.8346661,-0.5194871,-0.56984425,-0.7018781,0.315179,-0.13203382
10.741975,1.4142135,92.04254,-0.68530333,-0.41811118,-0.64392245,-0.67608327,0.26719216,-0.03216082
37.22969,6.067125,1597.9509,-0.5700429,-0.74069345,-0.6929832,-0.70423234,-0.17065054,-0.011249125
37.22969,6.067125,1597.9509,-0.60005367,-0.9787857,-0.7051922,-0.78504026,-0.37873203,-0.07984805
33.08504,5.2191954,1207.9899,-1.2797768,-1.4376686,0.18396506,-0.42427817,-0.15789175,-0.6082432
33.08504,5.2191954,1207.9899,-1.2820094,-1.3359774,-0.039836176,-0.5340758,-0.053968072,-0.49423963
35.195595,4.9264593,1251.9905,-1.4061449,-1.4858878,-0.5104635,-0.61961484,-0.07974291,-0.10915136
35.195595,4.9406476,1251.9905,-1.548035,-1.4465729,-0.5695215,-0.62240225,0.101462126,-0.052880764
28.641928,4.9406476,939.24756,-1.4678901,-1.3791678,-0.6618342,-0.68698585,0.08872235,-0.02515167
34.75126,5.0,1245.3993,-1.4289749,-1.4280746,-0.64605534,-0.6513127,0.00090026855,-0.005257368
34.75126,5.0,1245.3993,-1.4511136,-1.3330033,-0.6309922,-0.65030396,0.1181103,-0.019311786
14.496207,4.0249224,246.63678,-1.4111998,-1.256793,-0.6830753,-0.67854524,0.15440679,0.004530072
14.496207,4.0249224,246.63678,-1.3596313,-1.3249676,-0.66306394,-0.39970425,0.034663677,0.2633597
11.0440035,1.5937377,27.077198,-0.93703157,-1.3956172,0.25099367,-0.07618049,-0.45858568,-0.32717416
36.50178,5.565968,1285.1586,-1.4519774,-1.0682265,-0.59688073,-0.52734566,0.38375092,0.06953508
40.20485,5.9573483,1459.1073,-1.6129764,-1.4097656,-0.70070916,-0.68489504,0.20321083,0.015814126
56.138134,5.9573483,2290.501,-2.130784,-1.8158562,-0.6366277,-0.7281651,0.31492782,-0.091537416
56.138134,5.571355,2290.501,-1.6260887,-1.695612,-0.62711823,-0.68187636,-0.069523215,-0.05475813
46.136425,4.607602,1760.1952,-1.1096748,-1.2536429,-0.52314365,-0.41656303,-0.1439681,0.106580615
46.011627,4.836321,1863.4602,-1.1649418,-1.1210728,-0.5904062,-0.6265382,0.04386902,-0.036132038
11.901682,1.6792856,37.413265,-1.0723504,-1.0030935,-0.4677309,-0.44429237,0.0692569,0.023438543
31.53062,4.836321,1263.7611,-1.0672549,-1.137366,-0.46985477,-0.43260115,-0.070111156,0.03725362
31.53062,6.0778284,1263.7611,-1.704874,-1.4390059,-0.72088474,-0.5280243,0.2658682,0.19286042
48.353905,6.0778284,1995.0251,-1.9827486,-1.6720083,-0.522657,-0.51463366,0.31074035,0.008023322
63.04776,4.294182,2683.4797,-1.2543209,-1.6770147,-0.4803841,-0.6611167,-0.42269385,-0.18073261
63.04776,5.0099893,2683.4797,-1.233254,0.21065333,-0.44536525,-0.4543077,1.4439073,-0.008942455
52.235813,5.0099893,2139.6172,-1.7261555,-0.49401346,-0.6370236,-0.6405982,1.2321421,-0.0035745502
52.235813,4.686149,2139.6172,-0.9143516,-1.8207346,-0.5905828,-0.66060007,-0.90638304,-0.07001728
45.895096,4.911211,1605.5995,-0.4489401,-1.454815,-0.60200626,-0.61963654,-1.0058749,-0.017630279
37.523994,4.911211,1335.4773,-0.9003968,-1.2916993,-0.57115936,-0.7810566,-0.39130247,-0.20989722
12.816786,1.5033296,124.26401,-0.9532959,-0.9367447,0.03771211,0.050809246,0.016551197,0.013097137
54.411488,4.248529,2268.4407,-0.9293439,-0.8915993,0.036457315,-0.613875,0.03774458,-0.6503323
54.689034,4.6882825,2527.208,-1.375695,-1.6778033,-0.41254884,-0.44044733,-0.3021083,-0.02789849
54.689034,4.6882825,2527.208,-1.8003114,-1.8028129,-0.49062353,-0.627735,-0.0025014877,-0.13711149
11.435034,6.331667,78.653145,-1.1552836,-2.1690116,-0.39414293,-0.48820853,-1.013728,-0.09406561
32.882824,6.670832,1318.7953,-2.198311,-1.3904084,-0.473768,-0.7477492,0.8079027,-0.2739812
53.283207,7.640026,2008.0353,-1.350855,-1.3206241,-0.6023285,-0.65408003,0.03023088,-0.051751554
53.283207,8.978865,2008.0353,-1.7024248,-1.7451191,-0.5617382,-0.618664,-0.04269433,-0.056925833
54.38612,9.527329,1867.3936,-1.501906,-1.8504994,-0.665872,-0.6051483,-0.34859335,0.060723662
54.38612,13.804709,2008.2136,-1.4219782,-2.1461346,-0.65917635,-0.52648765,-0.7241564,0.1326887
54.092052,13.804709,2008.2136,-1.9128888,-1.5627956,-0.5580028,-0.6693987,0.35009313,-0.111395895
55.870296,12.02539,2146.1162,-1.4769404,-1.8196342,-0.5119646,-0.5562472,-0.3426938,-0.044282556
11.576269,2.4207437,37.611485,-0.8133364,-1.8850539,-0.14917254,-0.5043265,-1.0717175,-0.35515398
12.244999,2.4207437,39.85834,-1.7595522,-2.1626773,-0.2418546,-0.45009083,-0.40312505,-0.20823623
10.779147,2.6851442,82.32317,-1.270922,-1.3943112,-0.64620364,-0.6374248,-0.123389244,0.0087788105
37.474926,4.360046,1628.084,-1.3275077,-2.01301,-0.62919796,-0.738657,-0.6855023,-0.10945904
37.474926,4.360046,1628.084,-1.694925,-1.864459,-0.7782521,-0.65055525,-0.16953409,0.12769687
32.806248,3.3852623,1190.0625,-1.8087919,-1.9598337,-0.6944687,-0.71976477,-0.15104187,-0.025296092
32.806248,3.4554305,1248.6788,-2.065249,-1.9770626,-0.71257913,-0.6438409,0.08818638,0.06873822
32.942524,3.4554305,1248.6788,-2.0721712,-2.091115,-0.6355767,-0.6900405,-0.018943787,-0.054463804
48.938637,4.834253,1908.949,-1.9975407,-1.9470165,-0.63904643,-0.5788716,0.050524235,0.060174823
35.283566,6.873136,1320.9319,-0.79358894,-1.9022713,0.26863578,-0.7230848,-1.1086824,-0.99172056
50.041386,6.873136,1931.3242,-1.8843409,-1.1154387,-0.5174333,-0.7585883,0.7689022,-0.24115503
51.151733,5.5253954,2032.6581,-1.6293532,-1.2548554,-0.6936618,-0.81700486,0.37449777,-0.12334305
11.871816,2.3895605,149.70827,-0.84936035,-1.3211939,0.3558727,-0.16712908,-0.4718336,-0.5230018
41.39577,7.3769913,1416.8337,-1.6023219,-1.5693061,-0.17884699,-0.23079166,0.033015728,-0.051944673
61.138367,7.3769913,2884.7266,-1.5966035,-1.7579724,-0.2452993,-0.2168335,-0.16136885,0.028465793
61.138367,6.7860146,2884.7266,-1.7920402,-2.0489244,-0.18030635,-0.3219761,-0.25688422,-0.14166975
58.90416,6.445154,2510.8694,-2.011191,-1.8913891,-0.27452394,-0.26927695,0.11980176,0.005246997
51.400974,6.445154,1978.3562,-1.6947829,-1.6059866,-0.18523067,-0.11891661,0.08879626,0.066314064
49.228447,5.7410793,1824.9447,-1.3426514,-1.6486692,-0.046594836,-0.16989459,-0.30601788,-0.123299755
41.60481,5.401851,1606.057,-0.86526716,-1.3520031,0.36694163,-0.20825906,-0.48673594,-0.5752007
58.111618,8.34386,2330.3635,-1.5485826,-1.7501793,0.14285168,-0.15310676,-0.20159674,-0.29595846
58.111618,8.34386,2330.3635,-1.7509546,-1.3956214,-0.14955294,-0.16578224,0.3553332,-0.016229302
37.545708,5.561475,1417.802,-1.677076,-2.0871887,-0.25079346,-0.5201248,-0.41011274,-0.26933134
41.237606,5.6973677,1552.2236,-1.6661783,-2.073348,-0.21045229,-0.6213869,-0.4071697,-0.4109346
43.152752,6.1237245,1637.2052,-2.0899653,-1.9491673,-0.60342944,-0.6622547,0.14079809,-0.058825254
43.152752,6.1237245,1637.2052,-2.0514417,-2.2008522,-0.6190535,-0.7061987,-0.14941049,-0.08714521
42.544212,6.331666,1611.4104,-1.9518039,-2.0333154,-0.6717152,-0.7251995,-0.0815115,-0.05348432
39.689293,6.331666,1426.5668,-2.008665,-1.9922746,-0.8077396,-0.7143569,0.016390443,0.093382716
39.689293,5.717517,1426.5668,-2.1068692,-1.6316019,-0.7277462,-0.54695153,0.4752673,0.18079466
14.279006,4.501111,77.19794,-1.1397066,-1.886001,0.11949941,-0.34078038,-0.7462944,-0.4602798
44.053833,4.6076026,1744.9253,-1.1848617,-2.0074408,0.12452658,-0.70107853,-0.82257915,-0.8256051
45.86469,4.8918295,1834.2682,-1.9178606,-1.9491084,-0.58223736,-0.7385863,-0.031247735,-0.15634894
11.881498,5.6089215,77.44837,0.17064424,-1.0408568,-0.046403892,0.9544821,-1.2115011,1.000886
12.331261,2.624881,64.35809,-1.0800436,-1.2717255,0.8312675,0.6745516,-0.19168198,-0.15671587
15.172014,5.574047,235.14043,-1.0858951,-2.2452567,0.9506644,0.2786386,-1.1593616,-0.6720258
15.172014,5.574047,472.27036,-2.0913427,-1.875541,0.6374096,0.27500498,0.21580172,-0.36240464
11.469089,2.2181072,172.98055,-1.6472752,-2.4332042,0.34986487,0.15741631,-0.78592896,-0.19244856
15.379857,6.1016393,118.24675,0.002997655,-1.0685822,0.0406961,1.2383381,-1.0715798,1.197642
13.832209,3.4669871,100.154305,-0.95194995,-1.5254183,1.1629819,0.71895415,-0.5734683,-0.44402772
16.025604,3.8065734,414.30475,-0.8833226,-1.6198137,1.2194103,0.4299625,-0.7364911,-0.7894478
16.025604,3.8065734,414.30475,-1.9279392,-1.5247853,0.6974809,0.40179077,0.4031539,-0.29569015
14.117366,3.15119,261.3461,-1.3813059,-2.3780713,0.46958604,0.28213,-0.9967654,-0.18745604
17.299711,7.8542986,197.88365,-0.113593414,-1.5604892,0.41262642,1.0513188,-1.4468957,0.6386924
14.0776415,5.00999,137.6224,-1.6845509,-1.7289145,1.1178238,0.60472155,-0.044363618,-0.5131023
14.012136,4.247352,240.61876,-1.3072852,-1.1232893,0.790806,0.49313468,0.18399584,-0.29767132
14.012136,4.247352,240.61876,-1.7166926,-1.7512842,0.48533994,0.258737,-0.034591675,-0.22660294
14.02676,6.284107,200.56792,-1.0745296,-1.3114369,0.5774585,-0.32635638,-0.23690724,-0.9038149
18.210163,8.370185,458.48495,0.28198874,-1.5615661,0.07807598,0.4622739,-1.8435549,0.38419792
18.210163,7.4819784,458.48495,-2.0996795,-0.8072707,0.43413892,0.4845094,1.2924087,0.050370485
12.738916,4.2731724,252.75017,-0.89115983,-1.9069322,0.3592807,0.34072912,-1.0157723,-0.018551588
15.322533,4.4788394,252.75017,-0.8827239,-1.5313163,0.5313127,1.252784,-0.64859235,0.7214713
15.322533,4.4788394,129.40111,-1.8117235,-1.6939558,0.36289027,1.3443235,0.11776769,0.9814333
17.449642,6.9641943,135.85526,0.36936834,-1.4328727,0.07164638,1.3204106,-1.802241,1.2487643
17.449642,6.9173694,135.85526,-1.5709143,-1.2764934,1.0422153,1.2021259,0.29442084,0.15991056
11.421908,1.8493242,27.529669,-1.3088987,-1.0084254,1.2373382,0.94878596,0.30047333,-0.28855222
13.728074,3.214032,149.67824,-1.2652456,-1.9152008,1.2000867,0.48939952,-0.6499553,-0.71068716
18.81223,6.207254,512.035,-1.1268984,-1.7356975,0.5007673,0.4547113,-0.6087991,-0.046056002
19.131649,6.6075716,220.26721,0.2608168,-1.3865969,0.12961528,0.8166143,-1.6474137,0.68699896
13.677354,3.8444765,313.47284,-0.8599516,-2.4081903,1.2241125,0.3170284,-1.5482386,-0.9070841
14.089003,3.5128336,313.47284,-2.204681,-1.9735769,0.36918724,0.1292653,0.23110402,-0.23992194
14.089003,3.5128336,308.38742,-2.2576919,-1.9490572,0.1685501,0.10202688,0.30863464,-0.066523224
11.456439,1.5394804,97.97988,-1.8995603,-2.3116713,0.11168486,0.17645286,-0.41211092,0.064768
13.546217,5.0705028,148.7988,0.025528928,-2.382009,0.122050665,0.47719193,-2.407538,0.35514125
20.052681,4.710626,436.92648,-2.004197,-1.6780094,0.6240744,0.42620668,0.3261875,-0.19786772
20.052681,4.710626,436.92648,-1.6667217,-1.8632826,0.3782747,0.34986383,-0.19656086,-0.028410882
13.104961,4.619524,192.1876,-1.7385619,-1.103253,0.37359166,1.2474248,0.63530886,0.8738332
11.766903,4.619524,60.477066,-1.0727612,-1.0633504,0.8745061,1.2560581,0.009410739,0.38155198
19.602297,7.8999996,226.28046,0.31458527,-1.4728549,-0.046058245,0.9375536,-1.7874401,0.9836118
15.28496,3.254228,202.16995,-1.7842915,-2.4355638,1.1460578,0.38334018,-0.6512723,-0.76271766
14.340154,3.8691087,368.82416,-1.8271315,-1.7662874,0.72676694,0.36714408,0.060844064,-0.35962287
13.538464,3.8691087,368.82416,-1.9557139,-2.2312465,0.32149214,0.05776293,-0.2755326,-0.2637292
16.009062,6.7134194,170.85634,-1.872604,-1.9727705,0.3855366,0.9349645,-0.10016644,0.54942787
17.753872,5.9489493,110.95343,0.045047898,-1.1930927,0.13427414,1.1964047,-1.2381406,1.0621306
17.473408,5.9489493,339.87967,-0.8196346,-2.4079235,1.3384005,0.2950608,-1.5882888,-1.0433397
16.396952,4.9122295,547.31323,-1.8378569,-1.2842207,0.5195251,0.44614935,0.5536362,-0.07337576
16.396952,6.021628,547.31323,-1.4623319,-2.4553638,0.29231897,0.031792037,-0.99303186,-0.26052693
14.783097,6.972087,423.44147,-1.389199,-1.6533072,0.41727376,-0.08198427,-0.26410818,-0.49925804
13.273282,7.319153,97.29858,0.36708623,-1.465313,-0.00090656476,1.138919,-1.8323991,1.1398256
13.038788,3.2341924,67.115616,-1.188077,-0.7269555,1.0505183,0.53662926,0.4611215,-0.513889
24.648125,5.1048994,865.4935,-1.3450863,-1.9617313,0.58967435,0.4686246,-0.616645,-0.12104976
24.648125,5.1048994,865.4935,-1.5891997,-2.2026281,0.410199,0.28677636,-0.6134285,-0.12342262
10.95719,1.0816654,68.44077,-1.9769926,-2.5708213,0.51728976,0.3964759,-0.5938287,-0.12081385
13.777155,5.976621,161.60374,-0.22536024,-2.1936579,0.25438884,0.46350846,-1.9682976,0.20911962
18.366817,5.976621,628.8577,-1.6521816,-1.9129057,0.23633642,0.40200153,-0.26072407,0.1656651
18.366817,11.182576,628.8577,-2.515582,-1.4671711,0.39742962,0.1558894,1.048411,-0.24154021
17.212496,11.182576,277.9936,-2.0605838,-0.35169914,0.4382741,-0.214094,1.7088847,-0.65236807
14.735332,4.2801867,277.9936,-0.38942128,-0.34949946,-0.4136576,-0.2225137,0.03992182,0.1911439
13.683202,4.2059484,201.51295,-0.15965332,-1.2642334,-0.343056,-0.5005868,-1.10458,-0.15753081
20.900957,4.2059484,570.4691,-1.108202,-2.1010082,-0.88870704,-0.47409147,-0.9928062,0.41461557
20.900957,2.7477264,570.4691,-1.7642578,-1.719155,-0.36988103,-0.51062673,0.045102835,-0.1407457
11.806778,3.1288977,107.98979,-2.0415134,-0.5943732,-0.4566658,-0.36505982,1.4471402,0.09160599
11.386395,3.1288977,81.32038,-1.1622534,-0.44081396,-0.38719338,-0.47044986,0.7214394,-0.08325648
19.755758,9.60052,178.32065,0.47567883,-1.990844,-0.06431043,0.65611964,-2.466523,0.7204301
21.01761,5.0447993,549.1765,-1.5571934,-1.7324814,0.74662197,0.58543265,-0.17528796,-0.16118932
21.01761,5.0447993,549.1765,-2.3153338,-2.0155025,0.53684,0.40723887,0.2998314,-0.12960115
12.5008,4.806246,134.63345,-1.7688977,-2.069242,0.62557554,0.57730365,-0.30034435,-0.048271894
16.248692,8.8470335,134.63345,-2.3470874,-0.79289615,0.30593723,1.0511533,1.5541912,0.7452161
16.88816,4.920366,205.22023,0.4095506,-0.86354524,0.15640956,1.3289882,-1.2730958,1.1725786
16.88816,4.6572523,136.3616,-1.0785778,-1.2802761,1.1043043,0.83039486,-0.2016983,-0.27390945
11.624972,2.7184556,215.86069,-0.8789648,-2.0561998,1.1112916,0.42804724,-1.177235,-0.6832444
12.505998,2.7184556,230.74318,-1.38756,-2.4432473,0.6123933,0.37059733,-1.0556873,-0.24179599
12.505998,5.457105,230.74318,-2.3473134,-2.4032993,0.42241764,0.49238652,-0.055985928,0.06996888
13.513697,3.0149627,78.96466,-0.6743261,-0.6943564,0.30873924,-0.042484827,-0.02003026,-0.35122406
30.268297,3.956008,1189.1849,-0.6925677,0.07588598,0.37801996,0.4417317,0.7684537,0.06371173
30.268297,3.956008,1189.1849,-0.32443756,-0.2541828,0.4717543,0.098849446,0.07025477,-0.37290487
18.545618,3.0870697,629.99335,-0.19810137,-0.2542739,0.28749916,0.42873397,-0.05617252,0.14123482
22.981297,4.554119,893.624,-0.3334167,0.018777251,0.22364712,0.4045279,0.35219395,0.18088078
11.328282,0.98994946,104.29941,-0.41908956,-0.5366572,1.3305031,1.4137543,-0.11756766,0.08325124
10.585839,0.78740084,25.12083,-0.45492402,-0.8706543,1.407362,1.4476388,-0.41573027,0.040276766
11.333578,1.7720045,59.64742,-0.56126624,-1.5516202,1.4198824,1.3967392,-0.990354,-0.023143172
11.333578,1.7720045,59.64742,-1.1878992,-1.0392329,1.3721664,1.367457,0.14866638,-0.004709363
11.496956,2.4207435,52.213337,-1.3185568,-0.2877003,1.3847926,1.0269616,1.0308565,-0.357831
10.711208,1.8466185,17.030716,0.032831244,-0.21620564,-0.09649454,-0.16533285,-0.24903688,-0.06883831
10.988175,1.8466185,46.072388,0.017799228,-0.038616396,-0.09230416,0.25670978,-0.056415625,0.34901395
41.309322,5.0249376,1433.9995,-0.16307087,-0.19729814,-0.026020521,0.038003214,-0.034227267,0.06402373
41.309322,5.0249376,1433.9995,-0.13421628,-0.17452545,0.07309949,-0.23653297,-0.040309176,-0.30963245
12.019152,1.1575837,134.7763,-0.15026808,-0.12272861,-0.18072748,-0.22936335,0.02753947,-0.04863587
17.85105,5.0537114,258.69656,-0.092836514,0.19140638,-0.29913312,0.22572811,0.2842429,0.5248612
17.85105,5.0537114,258.69656,-0.029577632,-0.054221462,0.058416717,-0.114161775,-0.024643831,-0.17257848
22.353746,2.4919872,895.764,-0.023401976,0.14265868,0.120804824,0.37016588,0.16606066,0.24936107
22.353746,2.4919872,895.764,0.006486225,-0.09771248,-0.04470751,0.19518194,-0.1041987,0.23988944
10.968135,1.3038405,70.69216,0.21047351,0.024768753,0.3559119,-0.49898443,-0.18570475,-0.8548963
13.880563,2.4372115,205.20302,-0.52756006,-0.27415437,0.2806225,0.24397609,0.2534057,-0.036646426
21.782791,5.448853,633.371,-0.83750266,0.07272251,0.103057764,0.31315964,0.91022515,0.21010187
21.782791,5.448853,633.371,0.45392448,-1.4415622,0.4788269,-0.31928915,-1.8954866,-0.7981161
14.665264,5.390733,124.41936,-0.30810922,-0.8130099,-0.2626639,-0.3312977,-0.5049007,-0.068633795
18.221142,3.1208973,366.40125,-1.3327305,-0.1852161,-0.34585318,-0.16468374,1.1475145,0.18116944
15.937377,5.455272,448.58228,-0.37398356,0.27229735,0.26880324,0.5713604,0.6462809,0.30255717
16.584932,5.455272,448.58228,-0.39516982,-0.23638912,0.26527348,0.28725374,0.15878071,0.021980256
16.584932,3.258834,433.51947,-0.019103223,0.09231599,0.58641857,0.5741526,0.11141921,-0.01226598
17.599148,3.407345,522.816,-0.1068264,-0.31556767,0.38468522,0.80359286,-0.20874128,0.41890764
17.599148,3.407345,522.816,0.12275603,-0.05817272,0.49528614,0.69889534,-0.18092875,0.2036092
37.751953,4.628175,1391.7399,-0.3072589,-0.2521127,0.15620534,-0.024524298,0.055146217,-0.18072964
37.751953,4.628175,1391.7399,-0.0764479,-0.1672361,0.28030223,0.3252799,-0.09078821,0.044977665
25.769167,4.707441,784.72235,-0.20236747,0.07764079,-0.043693237,0.331585,0.28000826,0.37527823
25.769167,4.707441,784.72235,-0.1062683,-0.38903022,0.33402994,-0.047373496,-0.28276193,-0.38140345
12.453513,2.4248714,313.4023,-0.31733307,-0.21239612,0.08653559,0.15768676,0.10493696,0.07115117
10.727534,1.6911535,32.699585,-0.26796585,-0.5350348,-0.32897705,-0.14997661,-0.26706892,0.17900044
39.43729,10.936636,1675.8073,-0.35327312,-0.62201035,-0.2666089,0.081077084,-0.26873723,0.347686
39.43729,10.936636,1675.8073,-0.4993019,-0.6209134,0.11596596,-0.18613127,-0.121611476,-0.30209723
13.669675,3.544009,166.59837,-0.595961,-0.5335847,-0.24841595,-0.16195032,0.06237626,0.08646563
14.194717,2.886174,597.2637,-0.6359191,-0.47193322,-0.20464504,0.098316945,0.16398588,0.30296198
11.7341385,1.9026297,56.5814,-0.62116826,-0.5284232,-0.09639755,-0.19350274,0.092745066,-0.09710519
25.673918,6.2657804,977.4281,-0.58700866,-0.23104854,-0.05362255,0.26051745,0.35596013,0.31414
25.673918,6.2657804,977.4281,-0.4760073,-0.60349506,0.24980812,-0.24296299,-0.12748775,-0.4927711
12.456725,2.0736442,432.3763,-0.54487073,-0.62945664,-0.051210593,-0.22167107,-0.084585905,-0.17046048
13.277425,4.4575777,220.13274,-0.5935157,-0.17939526,-0.2566692,0.30306512,0.41412044,0.55973434
28.595455,5.8532043,1164.3958,-0.30933702,-0.12507203,0.45432463,0.4985996,0.18426499,0.044274956
28.595455,5.8532043,1164.3958,-0.34586126,-0.39816695,0.5272442,0.24155667,-0.0523057,-0.28568754
12.792185,2.5961509,233.15085,0.34733668,-0.4259928,0.68185073,0.12171531,-0.7733295,-0.5601354
12.792185,1.2688577,158.8286,-0.45572567,-0.28152615,0.15894678,0.4433596,0.17419952,0.28441283
17.43703,1.2688577,418.6408,-0.3338629,-0.24065419,0.13525343,0.47781095,0.093208715,0.34255752
10.274728,0.7615773,56.899406,-1.2059209,-1.3571986,0.075890705,0.18790479,-0.15127766,0.112014085
13.260845,2.887906,214.31993,-1.2892687,-0.9998096,0.1543233,0.2828521,0.2894591,0.12852882
31.416397,5.2038445,965.11786,-1.4318187,-0.8286325,0.038037147,0.4666562,0.60318625,0.42861906
31.416397,5.2038445,965.11786,-0.79289263,-1.1873176,0.36185876,-0.009837753,-0.39442497,-0.3716965
13.379461,2.184033,141.14728,-1.0564568,-1.1685607,0.12484829,0.10879441,-0.11210394,-0.016053878
64.119965,11.375853,2338.2173,1.1036134,-0.22334978,0.54444975,0.11311555,-1.3269632,-0.4313342
55.618435,18.304098,1961.3081,0.25566596,-0.14803514,0.35791942,0.05073126,-0.4037011,-0.30718815
56.664185,11.3842,1752.8622,-0.64766103,-0.20592007,1.077728,-0.032220177,0.44174096,-1.1099482
57.686134,9.75961,1446.0736,0.6508606,-0.5461068,0.5239888,0.13253978,-1.1969674,-0.391449
66.52759,8.389279,1357.1663,-1.0929439,-1.0463076,1.0674832,0.03293227,0.046636343,-1.0345509
20.969978,4.788528,581.5139,-0.7893758,1.3118752,0.06180948,0.5954424,2.1012511,0.53363293
56.33445,12.684242,2559.1863,-1.5105112,-0.36506245,1.2059135,0.08727356,1.1454487,-1.11864
66.18791,10.907795,2037.4188,-1.9677185,-0.3033872,1.2027628,0.15879285,1.6643313,-1.04397
58.400085,9.366963,1514.6931,-1.8209941,-0.29186237,1.2128394,0.056532323,1.5291318,-1.156307
52.131474,16.463293,1399.6458,-0.40686646,-0.67745584,1.4090782,0.068629235,-0.27058938,-1.340449
56.732353,20.652119,1141.5872,-0.91067916,-0.5882163,1.3727994,0.11340288,0.32246286,-1.2593966
35.426685,17.531971,1262.1929,-0.44660848,0.159136,0.21410486,-0.24440232,0.6057445,-0.45850718
60.057972,7.6452603,988.622,-0.8117366,-0.22490358,0.64635265,1.0774454,0.586833,0.43109274
56.196262,8.700575,1746.3225,-0.8549306,-0.30565497,0.75543225,-0.04784877,0.54927564,-0.803281
57.133965,8.528774,1741.6758,-1.3703337,-0.28525257,0.84056365,-0.04924227,1.0850811,-0.8898059
67.09784,17.069857,1688.1886,-0.0783114,-0.2727367,1.0036772,0.07946459,-0.1944253,-0.92421263
56.24127,14.561594,1280.1871,-0.25013462,-0.5700127,0.67374724,0.09201343,-0.31987807,-0.5817338
62.89563,9.836158,1710.5045,0.1284777,-0.19256064,1.1370218,0.1809321,-0.32103834,-0.9560897
51.740414,8.71493,1902.529,-1.0010841,0.41975123,1.0026228,0.14332466,1.4208353,-0.85929817
55.330734,8.14371,915.59576,-1.2481701,0.3704866,1.2267413,0.14484051,1.6186568,-1.0819008
53.790707,9.14385,1166.9491,-1.34015,0.44744045,1.1547735,0.14400223,1.7875905,-1.0107713
67.14827,7.931582,2820.4807,-0.5133524,-0.4822913,0.8520727,0.1637288,0.031061083,-0.6883439
54.06376,9.655568,1995.9119,-0.44365588,0.26037845,0.92356616,0.07197641,0.7040343,-0.85158974
64.07886,11.6623335,1887.0078,-1.7850373,1.9171441,1.2193471,0.16251872,3.7021813,-1.0568284
63.34335,10.635788,1775.1816,-0.6416295,-0.52137846,1.10498,0.057652034,0.12025106,-1.047328
61.592857,6.8476276,2032.7269,-0.32417768,-0.57224786,1.2740815,0.14937872,-0.24807018,-1.1247027
55.568066,8.902809,1918.4647,-0.80417717,-0.4721685,1.2512167,0.007752786,0.33200866,-1.2434639
66.866585,15.991873,1484.6273,0.54816335,0.21799676,1.0813525,0.32285625,-0.33016658,-0.7584962
57.851795,6.96563,1222.0465,0.8777255,-0.22188202,1.4496257,0.499585,-1.0996075,-0.9500407
58.235897,6.470703,1668.0964,-0.21556938,-0.16875279,1.0308136,0.5314218,0.046816587,-0.4993918
64.83895,16.524223,2206.3076,-1.5076958,-0.43865508,0.99684775,0.008439105,1.0690408,-0.9884086
57.226654,13.915818,1701.7747,-1.4876496,-0.40784788,1.1032397,0.061897688,1.0798017,-1.041342
51.429367,13.943816,1592.2084,-1.5706029,-0.004554836,1.0349371,0.036935143,1.566048,-0.998002
65.37966,8.54927,2222.3955,-0.19583939,-0.3727888,-0.8206233,-0.14908491,-0.1769494,0.67153835
60.451965,9.516828,1262.2322,-0.39248374,-0.27137586,-1.0652878,-0.12287383,0.12110788,0.942414
57.483215,10.664427,906.00604,-0.97013605,-0.41128206,-1.0874213,-0.109934725,0.558854,0.97748655
57.21119,8.55453,2438.374,-0.35541275,-0.44523296,0.9066843,0.2505298,-0.089820206,-0.6561545
59.985416,20.284723,1492.9408,-0.50045,-0.521018,1.1513839,0.15597972,-0.020568013,-0.9954041
55.349255,21.106873,2110.8997,-0.49757904,0.52305686,0.9513732,0.041929863,1.0206358,-0.9094434
65.51977,9.235258,1797.2975,-1.2177558,0.8537652,1.2792499,0.09577807,2.071521,-1.1834718
56.05462,9.210864,1060.4008,-1.4837946,2.1243181,1.3127356,0.10759704,3.6081128,-1.2051386
51.64388,7.7756033,1597.7397,-1.4394574,1.8247553,1.2758871,0.7913652,3.2642126,-0.48452193
61.26418,21.215324,2119.374,-0.578435,-2.3618274,1.0331511,-0.069072105,-1.7833924,-1.1022233
62.322067,24.523256,1417.269,-0.69625944,-1.8849434,0.9752077,-0.06704754,-1.188684,-1.0422552
60.013496,25.430296,1899.3214,-0.7633669,-1.2086089,0.9630783,-0.09000136,-0.445242,-1.0530797
58.173187,16.31778,1227.1868,-1.3990395,2.5802238,1.248981,-0.218666,3.9792633,-1.467647
66.45758,21.862066,2689.8308,-1.1744187,2.588894,1.043681,-0.02268056,3.7633126,-1.0663615
53.717968,10.988175,2107.7932,-1.3543298,0.30799946,1.212356,0.4494503,1.6623293,-0.76290566
44.64314,11.45513,1562.5863,-2.2705536,0.754577,1.2065642,0.928349,3.0251305,-0.27821517
59.75801,21.868242,1720.4227,-1.8167292,-0.9067111,1.1373163,-0.4917454,0.9100181,-1.6290617
65.54243,23.259405,2200.541,-1.7222522,0.8912419,1.1309798,-0.23116973,2.6134942,-1.3621495
54.013515,12.528767,2015.0557,-0.9637092,1.4174432,1.3879588,0.5036593,2.3811524,-0.88429946
47.55008,10.936635,1138.2806,-1.3529804,1.7641836,1.1313255,0.8152293,3.1171641,-0.3160962
57.61276,18.559362,1396.2054,-1.5705189,1.0186347,1.1485535,0.24418803,2.5891535,-0.9043655
57.709705,20.090048,2141.3582,-0.05822129,-2.5737698,1.158104,-0.084126785,-2.5155485,-1.2422308
55.247536,16.83627,2077.3586,-0.5389507,-0.88474846,1.1601095,-0.1227784,-0.34579778,-1.2828879
46.59324,17.762037,1650.242,-1.1352187,-2.4973824,1.0444405,-0.054394007,-1.3621637,-1.0988345
62.7444,12.85457,1059.3245,-0.4622808,-0.06075446,0.33567137,0.4758927,0.40152636,0.14022133
56.767067,6.9,1760.4634,-0.58503777,-0.13582465,1.230517,0.5045222,0.44921312,-0.7259948
66.626274,18.154339,2734.2693,-0.70326823,0.18347168,0.26947552,0.7018417,0.8867399,0.4323662
46.458263,9.041018,1088.1965,-1.196645,0.5385048,1.2729902,0.54810864,1.7351499,-0.7248816
39.8329,8.149846,656.7539,-1.2434521,0.5936338,1.1761596,0.63894737,1.8370858,-0.53721225
53.65538,8.252273,1410.7136,-0.66059583,0.4257966,1.2721639,0.59354746,1.0863924,-0.6786164
62.71531,12.772627,2421.9902,-0.7268695,2.9505155,0.21378163,-0.16113424,3.677385,-0.37491587
58.030422,10.104454,1995.6512,-0.87042665,-2.8476381,0.582162,-0.22673364,-1.9772115,-0.80889565
57.935913,10.744301,1806.1881,-1.3336732,1.8419861,0.22371283,-0.21690786,3.1756592,-0.4406207
46.51548,22.081892,1514.4017,-1.3648087,0.8638395,1.3565737,0.43147865,2.2286482,-0.9250951
53.921795,11.004545,1961.9917,-1.3447357,0.6450635,1.2701725,0.08479406,1.9897993,-1.1853784
38.58458,7.2284164,1248.1466,-1.1721725,0.43619043,1.2157886,-0.05913148,1.6083629,-1.2749201
56.14303,8.257118,1523.898,-0.16147962,0.38761792,1.3830302,0.19529107,0.54909754,-1.1877391
57.84548,11.170049,1774.5178,0.464686,0.46498936,1.441735,0.38218886,0.00030335784,-1.0595462
54.890163,10.805092,2510.254,2.1487503,0.23605804,1.4502374,0.35940543,-1.9126923,-1.090832
58.221043,17.330318,1648.2712,-1.218112,-0.38755888,-0.5450073,0.02943935,0.8305531,0.5744466
66.80696,26.570848,1879.1649,-1.3603079,-2.488028,1.17016,-0.0569204,-1.1277201,-1.2270805
60.812008,16.040573,1978.6494,-0.7001284,-0.05490802,-0.30007517,0.24681985,0.64522034,0.546895
64.6697,30.978378,2082.2786,-0.43875045,-2.3967147,-1.0502641,0.07391302,-1.9579642,1.1241771
60.281425,18.005278,1344.4507,-1.3004496,-1.8703505,-0.5150883,0.15123881,-0.5699009,0.6663271
56.98649,12.599603,1535.86,-0.58311254,-1.6270561,-1.121877,-0.12074165,-1.0439436,1.0011353
58.749126,20.792788,1104.827,-0.6265119,-0.879539,0.9953225,-0.06512764,-0.25302714,-1.0604502
59.256477,24.811892,1710.3943,-0.59004605,0.84963846,1.1099087,0.044390455,1.4396845,-1.0655183
54.97172,19.640265,1996.2399,-0.49325752,-0.5339203,0.9959258,0.015947346,-0.040662766,-0.97997844
52.7259,10.964032,923.565,-2.0278077,-0.062282693,1.3326784,-0.6477343,1.965525,-1.9804127
44.01375,8.376157,910.5906,-1.5939162,0.51105505,1.3149955,-0.13088837,2.1049712,-1.4458839
27.615938,6.129437,691.2284,-1.583603,-0.08052719,1.3098874,-0.3506842,1.5030758,-1.6605716
56.54423,22.302465,1429.4492,-0.54837066,-2.9134228,0.85880804,-0.007516888,-2.3650522,-0.8663249
56.81989,21.039724,1645.5807,-0.860172,-2.2784007,1.0111578,-0.06675345,-1.4182286,-1.0779111
58.8017,17.513994,2321.3162,-0.5297659,-1.3950641,1.2254678,-0.196042,-0.8652982,-1.4215097
45.41861,16.574982,1292.7283,-0.14193201,-1.0123204,0.49636787,-0.25151357,-0.8703884,-0.7478814
48.988773,19.978489,2055.7957,-0.041797828,2.3046124,1.0804619,-0.81581104,2.3464103,-1.8962729
47.467884,21.067986,1504.3667,-0.7602206,1.8568093,1.1154447,-0.15923986,2.61703,-1.2746845
62.643913,17.54936,1665.7544,-1.7043984,-0.5736171,1.2252486,-0.0881329,1.1307813,-1.3133814
67.666245,17.136219,1885.8943,-1.9331551,-1.1002319,1.1976751,-0.08558158,0.8329232,-1.2832566
67.666245,20.133057,1203.4392,-1.4819834,-1.5397931,1.2703373,-0.2646801,-0.05780971,-1.5350175
47.950916,11.147197,1179.0648,-0.1437292,0.016045824,1.378103,0.029970044,0.15977502,-1.348133
39.25621,11.662333,1671.9069,-0.5850664,2.7220273,-0.09841037,-0.31047586,3.3070936,-0.21206549
56.145615,11.477369,2145.5784,-0.5574626,-0.4335475,1.2155088,0.13677695,0.123915076,-1.0787319
67.60895,22.750166,1282.7418,-0.602604,-1.4913323,0.4678537,-0.2696263,-0.8887283,-0.73748
42.893707,12.078907,1669.8856,-0.912258,-2.4264095,1.180285,0.0010401674,-1.5141515,-1.1792448
56.292896,13.345411,1479.3689,0.55279857,-1.8477185,0.555857,-0.095104426,-2.400517,-0.6509614
57.236786,14.20176,832.5907,-0.61506504,-0.94905645,1.0042298,-0.12099405,-0.3339914,-1.1252239
64.83124,17.654745,2513.654,0.3618171,-0.8393633,1.0457665,-0.16349508,-1.2011803,-1.2092615
67.49319,16.059265,2045.4491,0.20600133,-0.90036154,0.8478491,-0.13637494,-1.1063628,-0.984224
61.478615,14.336317,2060.9504,-1.0920227,-0.3118438,1.1194608,-0.17522459,0.78017884,-1.2946854
44.987663,13.8351,1567.0505,-0.40910253,0.2192076,0.6701645,-0.14147705,0.62831014,-0.8116416
54.71243,13.167384,1398.4148,-0.9988178,0.3430323,1.2862929,-0.1313889,1.34185,-1.4176818
55.385468,13.987494,2199.471,0.7554334,-2.7273927,0.4601623,-0.13252982,-3.482826,-0.59269214
38.40065,8.623805,714.8724,0.6218944,-2.4140458,0.8445007,-0.14145294,-3.0359402,-0.9859537
44.657024,10.913295,1341.85,0.62132,-2.3961349,0.70491046,-0.1347684,-3.0174549,-0.8396789
17.395403,3.4146743,274.30707,-1.180731,-0.7709586,-0.0878995,-0.08172786,0.40977246,0.0061716363
42.204502,10.713543,1588.2338,-0.7456865,-1.2397621,0.7732081,-0.10816829,-0.4940756,-0.8813764
45.334423,17.328012,2037.1019,-1.1829135,-0.9206327,1.0768597,0.040079005,0.26228082,-1.0367807
39.327976,8.655634,751.394,-0.6376117,-0.5842504,1.0530143,-0.16924655,0.053361297,-1.2222608
61.585793,17.24355,1317.201,1.3295819,-0.7077068,0.784869,-0.062392227,-2.0372887,-0.84726125
50.737755,10.894493,1033.0742,1.3770835,-0.029819306,0.9951097,-0.008583805,-1.4069028,-1.0036935
53.554737,14.552319,1577.4528,-0.14975215,2.9860034,0.71332264,-0.049409237,3.1357555,-0.76273185
59.711723,16.051792,2447.3037,-1.6871713,1.7190689,1.0588744,-0.078895375,3.4062402,-1.1377697
55.529182,16.865646,1907.0116,-1.4515468,1.6972746,1.144376,-0.070847765,3.1488214,-1.2152238
55.113155,10.090094,1988.6528,-0.29336733,-0.49397635,-1.1389816,0.06354256,-0.20060903,1.2025242
60.095924,16.145897,2402.01,-1.1275595,-0.80816764,-0.9945056,0.08772233,0.3193919,1.082228
54.310776,9.308061,1377.3495,-1.2043135,-1.186795,-1.0056381,0.07913693,0.01751852,1.0847751
63.631046,25.07748,1831.2458,-0.62657416,2.730337,1.1044866,-0.14116184,3.3569112,-1.2456484
57.84687,18.546427,1666.1221,-0.52090526,1.7830054,1.1523037,-0.95061696,2.3039107,-2.1029205
58.763935,29.23149,1233.3743,-0.50199616,2.6481078,0.95954144,0.052491535,3.150104,-0.9070499
59.394444,18.268553,2071.7664,-1.2970431,-0.5972805,1.2528341,-0.06796993,0.6997626,-1.320804
55.404694,10.463746,1551.4591,1.4058352,-0.38168114,-1.1224053,-0.11642897,-1.7875164,1.0059763
55.203983,12.582925,2070.3079,-0.5782424,-0.63283366,1.2213423,-0.14134634,-0.05459124,-1.3626887
55.18777,10.480935,1473.5844,-0.86654234,-0.31861335,0.45404476,-0.060124416,0.547929,-0.51416916
66.29525,11.252555,1688.0767,-0.6864604,-0.3311078,0.5749024,0.052265864,0.35535258,-0.52263653
62.66993,14.824304,2648.8604,-0.80700254,-0.24534726,0.2403446,0.039140604,0.5616553,-0.201204
16.926016,11.74138,382.50485,-0.85974205,-1.4634535,0.0531755,0.018341163,-0.6037115,-0.03483434
65.043755,9.063112,2149.2502,-1.0858486,-0.39254826,1.2134371,0.3790174,0.6933003,-0.83441967
61.497314,9.045441,2309.196,-0.98987305,-0.42479977,1.2243158,1.3731954,0.56507325,0.14887965
54.741665,11.759677,1712.0344,-1.5887656,-0.51546943,1.2301633,0.15292528,1.0732962,-1.0772381
61.5026,12.572191,1313.6322,-1.5652668,-0.44672126,1.196572,0.103963755,1.1185455,-1.0926082
67.49319,14.644453,1427.8799,-1.8372253,-0.42394447,1.2837335,0.1008782,1.4132808,-1.1828552
53.644943,13.94776,1590.7574,-1.17184,-0.73502576,1.4082959,0.27085432,0.4368142,-1.1374415
53.32626,19.012102,1596.9269,-1.131326,-0.68337995,1.3674078,0.16516702,0.447946,-1.2022408
65.043755,15.512898,1684.7672,0.42088404,-0.76774704,1.364725,0.17216259,-1.188631,-1.1925623
47.714355,9.926228,1560.5966,-1.2899411,-0.417983,1.1921847,0.0012966322,0.8719581,-1.190888
53.073627,7.677239,1848.526,-1.3543782,-0.38965538,1.186515,-0.08009015,0.9647229,-1.2666051
40.78566,9.347727,933.06256,-1.5039423,-0.36418378,1.1508019,-0.07401674,1.1397585,-1.2248186
58.02224,11.8063545,1488.272,-0.9740596,-0.83412313,1.2164663,-0.10233514,0.13993645,-1.3188014
56.7149,9.149863,1669.3314,-0.8106103,0.28402632,1.2625108,0.97917545,1.0946367,-0.28333533
57.335243,8.392258,1165.6865,-1.042456,-0.25240725,1.2935503,0.14493631,0.7900488,-1.1486139
55.37815,8.239539,1875.2913,-1.1587465,-0.42003164,1.0869913,0.18440665,0.7387148,-0.9025847
56.445374,8.326465,2221.7646,-0.3595762,-0.3535786,1.2685846,0.18616812,0.005997598,-1.0824165
49.196136,6.5650587,1562.6168,-1.0858531,-2.8906152,1.0242202,0.033713296,-1.8047621,-0.99050695
55.41958,13.310898,1030.7678,-0.65318525,2.7047517,0.30383193,-0.03708557,3.3579369,-0.3409175
50.433823,12.304876,1168.6156,-0.4326972,2.7005153,0.29456863,-0.059430353,3.1332126,-0.353999
60.58457,11.178998,1498.9916,-0.46801296,2.56256,0.10357549,-0.0035410337,3.0305731,-0.10711652
58.083046,9.33863,2578.384,-1.4113815,-0.795989,1.3213722,0.05808893,0.6153925,-1.2632833
50.79508,11.312825,1399.8358,-1.4113929,-0.98184836,1.304092,0.16244991,0.42954457,-1.1416421
48.44172,13.997143,1224.397,-1.446496,-1.0758809,1.3445036,0.10609702,0.37061512,-1.2384067
57.33803,20.146711,2299.8005,-0.5335,2.4326837,1.3758028,0.13983306,2.9661837,-1.2359697
63.81606,8.120345,1705.9945,-1.0494088,-0.3430062,1.2841108,0.22162175,0.7064026,-1.062489
60.026993,6.0083275,1136.7139,0.017389644,-0.255022,1.4069846,0.19598995,-0.27241164,-1.2109946
67.49289,14.010353,2951.5015,-1.5565569,-0.16140822,1.228753,0.023760824,1.3951488,-1.2049922
56.120853,17.134176,2268.5952,-1.2792262,-0.23791054,1.1538482,0.19531617,1.0413157,-0.958532
65.864105,12.025805,1278.3038,-0.85097694,-0.018703569,1.1794409,0.21497996,0.83227336,-0.9644609
57.89162,13.598897,1342.6632,-0.9621005,-0.40003577,-1.1687647,-0.18164158,0.56206477,0.98712313
59.48294,8.768694,1602.2416,-0.963789,-0.34771007,-1.2748297,-0.15929976,0.6160789,1.11553
52.24634,10.057833,1327.0723,-0.5363005,-0.13023068,-1.0212414,-0.08883406,0.40606982,0.9324074
54.088448,11.694442,2466.6199,0.4780097,-2.966404,0.63131106,0.114967465,-3.4444137,-0.5163436
66.81025,19.10131,1465.1681,-0.52135074,-0.102041796,0.9996114,-0.08769992,0.41930896,-1.0873113
57.05646,15.600962,1842.5244,-0.6802527,-0.041869044,1.1741525,-0.117484614,0.6383836,-1.2916371
58.687393,8.334867,1695.603,0.36804864,-1.0500133,1.3279335,0.0058230176,-1.418062,-1.3221105
55.780014,10.802777,1065.6667,-0.50363827,0.23428485,1.3323721,0.7581309,0.73792315,-0.57424116
50.90177,10.159232,2040.9806,0.078991555,1.637139,1.112779,0.18669577,1.5581474,-0.92608327
56.785297,14.792228,2007.565,-0.4650193,-2.062102,1.3651264,-0.116080835,-1.5970829,-1.4812073
60.828693,15.36522,2380.4622,-0.2176507,-2.2534852,1.3705342,-0.05777328,-2.0358346,-1.4283074
67.09188,11.947384,2539.536,-0.6782092,-1.663551,1.4998844,-0.17562246,-0.9853418,-1.6755068
48.401756,18.269373,2134.012,-0.61869085,2.0893114,1.1192391,-0.28567177,2.708002,-1.4049108
56.37278,19.569876,2061.1929,-0.77945757,2.0915663,1.2713568,-0.35051316,2.871024,-1.62187
57.749977,12.350708,2024.8722,-0.26762468,0.5002521,0.47671574,-0.11418338,0.7678768,-0.5908991
42.992558,10.698131,1818.0409,-1.8816175,-1.2251127,1.3202901,-0.11339027,0.65650487,-1.4336803
60.808964,15.093707,2364.0793,-1.8542408,-1.298897,1.2900488,-0.19449082,0.55534375,-1.4845396
63.081615,18.535912,2118.7668,-1.7052761,-1.1314608,1.1876566,-0.16346142,0.57381535,-1.3511181
67.60895,14.193661,3171.0435,-0.5558251,-0.43051165,0.9022417,0.062356513,0.12531346,-0.8398852
55.41859,18.45806,1795.6987,-0.44921356,-0.48134232,1.204403,-0.36573347,-0.03212875,-1.5701365
42.14665,13.302631,1503.594,-2.0302951,-2.1359038,1.4519916,-0.114058934,-0.1056087,-1.5660505
46.948162,22.199324,999.0573,-0.9374763,-2.063238,0.89953166,-0.13916571,-1.1257616,-1.0386974
60.295025,16.504848,1781.6201,-0.31378442,-1.5808833,1.4040505,-0.18221566,-1.2670989,-1.5862662
58.73415,14.512064,1851.7792,-1.7162416,-1.7265011,1.3894751,-0.11692554,-0.010259509,-1.5064006
46.602253,11.677756,754.18616,-0.24617383,-0.50242317,1.2892917,-0.08733128,-0.25624934,-1.376623
57.639656,12.241323,1341.0363,-0.42238313,-0.3449702,1.2645983,-0.014400457,0.07741293,-1.2789987
56.822006,10.7619705,1326.5188,-0.68071,-0.2878514,1.2549983,-0.051163696,0.39285862,-1.306162
48.132835,7.7595105,1203.6766,-0.8608516,-1.1509202,1.1913717,-0.18652472,-0.29006857,-1.3778964
28.424812,11.712387,743.43164,-0.48434606,-1.0260657,1.1237509,-0.10535091,-0.5417197,-1.2291019
59.60411,9.381365,1432.9498,-0.7164639,-1.2611206,1.1133072,-0.10015316,-0.54465663,-1.2134604
58.800003,8.647543,2369.715,-1.5706885,-1.5727743,1.3580732,-0.06277995,-0.002085805,-1.4208531
53.35054,11.822436,1936.0388,-1.3698757,-1.1519685,1.3585439,-0.16032486,0.21790719,-1.5188687
60.36688,16.726925,2084.2937,-1.429558,-1.8675601,1.2821691,-0.12493529,-0.4380021,-1.4071044
44.026695,15.298693,1717.6453,-1.0570048,-0.052955557,0.5728583,-0.6229322,1.0040493,-1.1957905
37.382484,8.613362,1353.1083,-0.950906,-0.42966256,0.5459984,-0.565828,0.52124345,-1.1118264
43.812897,17.747677,1613.9529,-1.4224138,-0.89519054,0.67769456,-0.13402154,0.5272233,-0.8117161
47.391457,11.362218,1369.8729,1.377847,-0.26489365,1.2221733,0.1975645,-1.6427406,-1.0246089
48.738075,18.598387,1332.9498,1.6280149,-1.0616305,1.1546011,0.13223346,-2.6896453,-1.0223676
44.573868,7.156116,1627.7775,-0.10330771,-0.8271206,1.5062075,-0.029581219,-0.7238129,-1.5357887
35.16376,11.1624365,1115.1703,1.0745754,2.7123556,1.5068154,-0.24707338,1.6377802,-1.7538888
25.760435,5.2507143,646.18774,-0.7366857,-1.1981392,1.1967585,-0.16132833,-0.4614535,-1.3580868
39.39251,12.751471,1137.0842,-1.0811937,-2.9101493,1.2040079,-0.07784074,-1.8289557,-1.2818485
30.08621,6.720863,845.0029,-0.35468927,1.7344621,0.13364816,0.24820542,2.0891514,0.114557266
38.185993,8.682741,1027.4551,-0.7233839,-0.8336339,-0.052408367,0.09896569,-0.110249996,0.15137406
56.05506,15.139683,2445.6116,-0.85356647,-0.62661266,-1.1347687,0.10727,0.2269538,1.2420387
63.77633,23.17175,1631.056,1.7940229,2.837788,1.1753227,0.101761356,1.0437652,-1.0735613
61.928104,16.978222,2320.7441,-0.29260945,-0.2386043,1.2367346,-0.16544932,0.054005146,-1.402184
60.27014,18.405163,1472.5948,0.5824236,-0.4784515,1.273582,-0.2497416,-1.0608752,-1.5233235
53.9179,8.488815,1541.9453,-0.3621077,0.011479778,1.061352,-0.09882233,0.37358746,-1.1601744
57.917526,7.7395086,2621.0583,-0.9314641,0.15185831,1.1575663,-0.19610734,1.0833224,-1.3536737
41.095135,7.6124897,1506.0309,-0.38720658,-0.4203387,1.3462741,-0.12636855,-0.033132106,-1.4726427
54.026012,11.403508,1943.4584,-1.1070936,-2.9689834,0.6829533,0.24421541,-1.8618898,-0.43873787
50.32067,13.997856,1483.912,0.073675334,3.053556,0.53809106,0.25707352,2.9798806,-0.28101754
41.334972,10.010994,1384.5829,-0.8270639,3.0764194,0.88571227,0.1514196,3.9034834,-0.7342927
66.12723,9.16297,1832.2832,-0.4729117,-0.52498007,0.91006935,0.028776634,-0.052068383,-0.8812927
55.22762,9.22334,1035.3403,-1.0234787,-0.71705204,0.5412797,-0.026783818,0.3064267,-0.5680635
59.478146,18.159845,2669.1975,-0.67731464,-2.12437,0.8720105,-0.17169978,-1.4470555,-1.0437104
58.8803,11.1198015,1686.1426,-0.9594294,-1.532668,0.47674322,0.23272124,-0.5732386,-0.24402198
33.70371,7.746612,704.6627,-0.9455328,-2.7861106,0.62448317,0.07892894,-1.8405778,-0.5455542
44.11009,9.932271,1708.555,-2.0384016,2.7236273,1.4255431,0.042399876,4.7620287,-1.3831432
36.26858,7.665507,1193.9535,-0.5466903,-1.0044293,0.92631876,0.10975008,-0.45773906,-0.8165687
49.770073,18.61263,1828.2388,-0.9966362,-0.79837596,1.1038061,0.20760754,0.19826025,-0.89619863
49.49566,15.639053,1530.0872,-0.54379547,-0.4050787,0.9996048,0.14502229,0.13871676,-0.85458255
51.948437,9.002777,1318.2001,-1.0738195,0.43674296,0.6481828,0.5495678,1.5105624,-0.09861499
59.972492,15.936749,1608.8314,-0.5459235,2.3662925,0.8503553,0.15954615,2.912216,-0.6908092
42.403893,8.560373,925.8444,-1.052794,-0.5908042,0.85566866,0.2048659,0.46198976,-0.65080273
65.45815,11.392542,1988.9851,-0.39000264,-0.44266328,1.0272973,0.064021505,-0.052660644,-0.96327573
54.86073,5.299056,1649.7338,-0.4770035,-0.3668867,0.51795626,0.17802168,0.11011681,-0.3399346
64.119965,11.776672,1625.2231,-0.626057,-0.19098821,0.7832906,0.08250122,0.43506882,-0.7007894
37.816795,11.548593,1189.1632,-0.9808033,-2.4661272,0.8151849,0.05101163,-1.4853239,-0.76417327
38.18756,8.794316,1434.9047,-0.9803279,-1.8480377,0.85630924,-0.008463147,-0.8677098,-0.8647724
48.32484,7.7084365,1378.0713,-1.1054095,-2.8058846,0.93115985,-0.1260063,-1.7004751,-1.0571661
49.568336,8.441564,1638.4062,-0.840364,-1.497481,0.71070755,0.0959521,-0.657117,-0.61475545
56.393265,9.92925,2301.2615,-1.0281974,-1.1769428,1.3584718,0.1358726,-0.14874542,-1.2225991
43.399883,8.488816,1136.9646,-1.6067269,-0.68199813,0.86358297,0.010987749,0.92472875,-0.8525952
55.95141,16.161682,1875.4368,-1.8567293,-1.3126043,0.7554935,0.04748828,0.54412496,-0.70800525
54.68894,12.8144455,1425.6975,-0.9395121,-0.8544558,0.79923457,0.096692786,0.085056245,-0.70254177
50.754013,11.065713,1177.8293,-0.9786649,-0.59473467,0.80292827,0.010733697,0.3839302,-0.79219455
39.751476,14.974646,1288.8417,-0.43936712,2.5209165,1.4423507,-0.039465223,2.9602835,-1.4818159
42.721775,7.218033,1904.8962,-0.08074145,0.8486164,1.4115132,0.045578547,0.9293579,-1.3659346
42.74541,6.303967,1045.6892,-0.34542567,0.62924623,1.3169675,-0.018668408,0.9746719,-1.3356359
43.4716,9.879777,1479.1207,-1.1574585,1.5212026,0.76058257,0.80158234,2.678661,0.04099977
42.89266,9.50684,1041.1498,-0.23896265,1.9721634,0.6839524,0.7800901,2.211126,0.0961377
32.27336,13.419762,825.41046,-0.5909607,-0.30288428,0.7028715,0.95679235,0.2880764,0.25392085
62.36618,11.870551,1730.463,-0.8425611,-1.7653389,-0.18019159,-0.0061580604,-0.9227778,0.17403354
60.1094,12.707871,1640.955,-0.8740118,-0.5267668,-0.00546764,-0.12750693,0.34724504,-0.12203929
52.00038,15.711778,1659.4952,-0.6739141,-0.5675703,0.02587678,-0.07625122,0.106343746,-0.102128
57.02149,27.208271,1261.0623,-0.78045887,-2.9255855,0.6841996,-0.016335368,-2.1451266,-0.70053494
46.38157,12.701967,1984.1509,-0.73351663,-2.671406,0.8843812,-0.1209743,-1.9378893,-1.0053555
65.76473,32.494152,2467.0635,-0.43301517,2.4051385,0.73710245,0.0149293495,2.8381536,-0.7221731
49.612194,16.37895,1891.1608,-0.91409427,-2.579991,0.78947705,0.067691796,-1.6658969,-0.72178525
50.424297,19.775236,1280.3885,-0.4782896,-2.446503,0.74287975,0.015326845,-1.9682133,-0.7275529
48.653572,6.503076,1341.7965,-0.92004156,2.2818007,0.70750487,0.83288825,3.2018423,0.12538338
57.525127,19.649681,2166.2085,-0.8103423,-0.30327374,-0.23187718,-0.6013654,0.5070686,-0.3694882
61.08568,13.751364,2784.0525,-0.48452634,-1.7039388,0.46432385,-0.20526357,-1.2194126,-0.66958743
49.21179,12.113629,1642.8762,-0.5676962,-0.88465947,0.5530952,-0.32070193,-0.31696326,-0.8737972
52.781155,21.556206,1221.0459,0.5508671,2.129908,0.017205248,-0.0026401344,1.579041,-0.019845381
61.579624,11.536465,1569.0957,-0.44654685,2.7957108,0.4856112,-0.11809442,3.2422576,-0.60370564
62.225475,35.038696,2234.8997,-0.4621747,2.5365906,0.5768303,-0.12569913,2.9987652,-0.70252943
53.391666,16.539347,2120.311,-0.37609786,-0.9757655,0.54700637,-0.44583082,-0.59966767,-0.9928372
61.837044,10.819427,2128.0315,-0.38461,-0.9653965,0.5939081,-0.35577485,-0.5807865,-0.94968295
57.456852,16.794641,1327.814,-0.42672238,-1.050725,0.5731219,-0.34222192,-0.6240026,-0.9153438
65.08525,25.287546,2091.7861,0.18909976,-0.6603767,0.8718173,-0.37664014,-0.84947646,-1.2484574
56.50991,24.606098,2493.607,-0.20598581,-0.9910124,0.5804295,-0.26065353,-0.78502655,-0.84108305
55.319077,12.071869,2347.9526,-0.33400178,-0.7616121,0.6370662,-0.23404248,-0.42761034,-0.87110865
56.372066,22.247696,2111.1255,-0.47122684,-2.3766756,0.5874182,-0.06437883,-1.9054488,-0.65179706
55.68052,25.247179,1763.7349,-0.5571555,-1.5945413,0.6260611,-0.08783893,-1.0373858,-0.7139
63.96749,26.637754,1578.1254,-0.5716091,-1.6771362,0.4531986,-0.047871508,-1.1055272,-0.50107014
46.242516,9.763708,1216.1102,0.038595323,-0.2708375,0.6232946,-0.28083163,-0.3094328,-0.9041262
61.124218,20.024485,1655.157,-0.3461141,-0.3577258,0.32614985,-0.16792862,-0.0116117,-0.49407846
62.620605,12.678328,2260.054,-0.43082103,-0.20576379,0.4921812,-0.07861908,0.22505724,-0.5708003
41.124687,9.558765,1390.3893,-0.5368087,-0.46199623,0.5304818,-0.48034438,0.0748125,-1.0108262
55.498108,12.007915,1790.9653,-0.42875877,-0.73883176,0.6227794,-0.13980663,-0.310073,-0.76258606
57.32748,7.3702106,2527.4788,-0.37356383,-0.17087725,0.58187133,-0.3640595,0.20268658,-0.94593084
48.207054,10.257193,1573.5581,-0.92509806,-0.86156476,0.35001245,-0.11329745,0.063533306,-0.46330988
53.009148,11.916796,1159.8296,-0.80012625,-1.245264,0.47321922,-0.1319476,-0.4451378,-0.6051668
58.059364,12.68306,1675.4937,-0.7304888,-1.6852518,0.7447273,-0.12975042,-0.95476305,-0.87447774
54.25173,14.35479,1519.6426,-0.4868895,-0.24987619,0.5413952,-0.13684972,0.23701333,-0.6782449
47.774994,12.225383,1282.9696,-0.41775203,-0.37880233,0.5216584,-0.1078405,0.0389497,-0.6294989
60.5693,10.940749,2865.8306,-0.33296078,-0.92020524,0.57126224,-0.05449109,-0.58724445,-0.62575334
51.05624,9.864076,1837.3727,-1.1041228,-0.85914975,1.1363705,-0.13530037,0.244973,-1.2716709
39.37842,6.252199,1266.891,-1.2535386,-1.5603969,1.1590513,-0.1179717,-0.3068583,-1.277023
53.54213,11.297345,1628.3215,-1.2925491,-1.4884075,1.1117408,-0.15985253,-0.19585836,-1.2715933
46.239594,11.648605,1467.6001,-0.17171916,-0.18657905,0.5745342,0.053287495,-0.014859885,-0.5212467
56.192883,26.646013,1787.9122,0.087438345,0.9619654,0.51269925,0.57546896,0.87452704,0.06276971
57.59028,27.73806,1654.6772,-0.1370426,1.3565937,0.48460093,-0.084808424,1.4936364,-0.5694094
56.259132,5.9439044,1432.6117,-0.5816251,-0.54887336,-0.41087562,0.055935215,0.03275174,0.46681082
48.226444,9.756023,1521.2681,-1.1132016,-0.46018094,-0.51874495,-0.0902075,0.6530207,0.42853743
49.208942,21.338463,1268.5474,-1.0561502,-0.769945,-0.44158298,0.04336993,0.28620517,0.4849529
67.78112,13.665285,2704.3115,-0.33469936,0.7701984,-0.09076439,-0.22697301,1.1048977,-0.13620862
64.26142,16.680828,2260.207,-0.3355777,0.24863768,-0.6145894,-0.42661768,0.5842154,0.18797171
60.488758,10.17153,1388.5518,-1.1271226,0.59949,0.8779465,-0.6338735,1.7266126,-1.5118201
46.24154,8.19573,1726.2246,-0.4336242,-1.2511015,0.36478585,-0.16849107,-0.8174773,-0.5332769
55.366596,11.048077,1474.523,-0.7556354,-2.3003635,0.4141602,-0.13880542,-1.5447282,-0.55296564
50.331898,14.937537,1985.2134,-0.56031764,-0.5481761,0.3601886,-0.22069533,0.012141526,-0.5808839
42.06519,9.284934,1464.628,-0.74706995,-1.3146044,-0.42953596,-0.6443552,-0.56753445,-0.21481922
45.818996,11.362218,1815.0936,-1.0514866,-2.1427011,0.24302845,-0.05260878,-1.0912145,-0.29563722
51.757225,7.8721027,2163.0378,-0.27899563,0.08782246,0.81283045,0.5533193,0.3668181,-0.25951117
63.715694,9.516301,2565.7646,-0.37671816,-0.31792557,1.1225257,0.33874863,0.05879259,-0.78377706
51.142742,24.811691,1456.2211,-0.4860201,2.4161232,0.40171367,-0.0060555646,2.9021432,-0.40776923
63.55423,25.668074,1466.3613,-1.7497942,2.596922,0.29145214,-0.07027136,4.346716,-0.36172348
65.101845,9.297849,2864.452,-0.6857882,0.92163706,0.655836,0.48960072,1.6074252,-0.16623527
64.731834,9.357884,1942.2719,-1.3269267,0.7886745,0.6577424,0.34531856,2.115601,-0.31242383
45.70394,15.474173,1691.8169,-0.6363157,2.5481362,0.21679112,-0.21562612,3.184452,-0.43241724
36.192265,10.20833,985.1388,-0.8155214,2.587637,0.32086828,-0.16726813,3.4031584,-0.4881364
66.41882,17.284964,2305.7195,-0.42104253,0.34110075,0.7034487,0.8122638,0.76214325,0.108815074
53.229595,14.483784,1809.9369,-0.33300766,-0.07461461,0.8402715,0.56091464,0.25839305,-0.27935684
56.820152,22.222961,1561.5155,-0.70617706,-0.79385614,0.67907566,-0.122565664,-0.08767909,-0.80164135
43.044743,12.656618,1618.5238,-1.0631442,2.9795666,0.5288466,-0.08204566,4.042711,-0.6108923
51.751423,14.697619,1124.7639,-0.43352064,1.2109858,0.64322555,0.55201924,1.6445065,-0.09120631
42.95649,14.70136,1334.1445,-0.58251476,2.2095838,0.9300269,0.403759,2.7920985,-0.5262679
44.607845,12.685031,920.8749,-0.68808067,-2.9567661,0.25028062,-0.046692517,-2.2686853,-0.29697314
53.357475,13.840881,2012.3778,-0.048638664,-2.196693,0.27444965,-0.13832177,-2.1480544,-0.4127714
34.836903,8.505292,624.61633,-0.1137179,1.0730668,0.8128494,0.7682547,1.1867847,-0.044594705
42.100117,7.5927596,993.81305,0.078301474,0.9443051,0.70314276,0.71618927,0.86600363,0.013046503
64.66073,11.587924,1962.3181,-0.64470875,-2.2938561,0.25701976,-0.1467418,-1.6491474,-0.40376157
58.834175,12.5383415,1460.6415,-0.5255093,-2.8330305,0.34491283,-0.23885386,-2.307521,-0.5837667
48.524734,16.230219,1759.6597,-1.6103485,0.22436032,0.68173116,0.779071,1.8347088,0.09733981
66.242355,12.092974,1364.9387,-0.24889982,-0.14263038,0.6040541,0.12752987,0.106269434,-0.47652423
30.626131,8.848729,888.3244,-0.65118784,-0.3753006,0.41983375,-0.13952109,0.27588725,-0.55935484
57.34963,10.139033,1848.8304,-0.7251846,-2.3849294,0.5025164,-0.11288675,-1.6597447,-0.6154031
44.661613,6.970653,1799.2028,-0.070555925,0.251704,0.5860466,0.49408507,0.32225993,-0.0919615
38.82641,7.159609,1085.7943,-0.4272844,-0.11880913,0.5638892,0.4635234,0.30847526,-0.10036582
55.228706,12.201639,1319.5095,-1.0066254,2.5714495,0.46866813,-0.16859543,3.578075,-0.63726354
47.80722,18.505405,1936.6265,-0.83951616,0.90611446,0.402275,-0.16139045,1.7456306,-0.56366545
58.314747,17.14322,1958.0187,-0.56448984,-0.39904198,0.68759346,0.52493703,0.16544786,-0.16265643
47.05433,11.644742,1200.6422,-1.4312663,-0.34558257,0.6624937,0.38765654,1.0856837,-0.27483717
65.03291,11.992081,2287.4807,-0.6004039,1.2132994,0.39449292,-0.08037296,1.8137033,-0.47486588
59.642937,15.432433,2165.5532,-0.6906394,-2.5039425,0.27091652,-0.09449341,-1.8133031,-0.36540994
29.371756,11.35033,632.73694,-0.29366416,1.7097428,0.8346385,0.72515905,2.003407,-0.10947943
50.278625,15.912574,2152.6836,-0.3921573,1.8250052,0.7864596,0.8326912,2.2171624,0.046231568
50.268677,12.005832,2045.0354,-1.5527109,2.7422633,1.14414,-0.115172744,4.2949743,-1.2593127
48.910633,15.791453,1533.2814,-1.5523043,2.8728404,1.1997672,-0.12321879,4.4251447,-1.322986
55.618435,15.205262,1749.1515,-0.6248594,0.21796735,1.0225936,0.43402332,0.8428267,-0.5885703
35.444324,8.036791,1000.25446,-0.584034,0.6143279,1.1689382,0.78031427,1.1983619,-0.3886239
56.131275,17.712141,1695.0446,-0.5917512,-2.8480642,0.4188734,-0.12783512,-2.2563128,-0.5467085
47.174675,16.145897,1405.1747,-0.6662368,2.7111182,0.48346195,-0.08473865,3.377355,-0.5682006
65.199005,16.537836,2297.6482,-0.656708,0.13457072,0.47557503,0.10702175,0.7912787,-0.36855328
41.301453,21.711746,1500.626,-0.46636423,2.0644984,0.59685075,0.6744415,2.5308626,0.07759076
55.973293,17.882393,2710.915,-2.0182996,-2.3051407,-0.38450474,0.010747965,-0.28684115,0.3952527
55.732037,19.75323,2337.1873,-1.5662751,0.11111657,-0.35588303,0.06447666,1.6773916,0.4203597
55.169285,15.487091,1699.8447,-0.23108932,-0.33837867,-0.16657017,0.3147437,-0.107289344,0.48131388
48.348427,10.600944,1248.1053,-1.7720264,0.35330045,-0.64917874,-0.116249785,2.1253269,0.53292894
45.3,15.436645,1521.7684,-0.6449305,0.6081712,0.3810096,-0.087445244,1.2531017,-0.46845484
39.97499,13.983204,1584.4248,-0.64213806,2.9789414,1.1436703,-0.047973216,3.6210794,-1.1916435
63.172142,13.313902,1808.2092,-0.35771137,-0.41450635,0.79621387,0.5726715,-0.05679497,-0.22354239
57.492,13.093892,1602.2202,-0.14222631,0.69745916,0.8452485,0.6709649,0.83968544,-0.17428362
46.907784,11.621101,1615.6647,-0.9360204,1.4112127,0.33138263,-0.27973866,2.347233,-0.6111213
57.483215,11.849895,2448.8079,-0.9908765,-2.6051424,0.2098279,-0.38567573,-1.6142659,-0.5955036
21.482086,6.611354,436.84454,-0.5614334,0.44494256,0.5753986,0.38973275,1.0063759,-0.18566588
25.353106,7.54586,331.77338,-0.61621815,0.84317243,0.7770247,0.082660064,1.4593906,-0.6943646
11.460412,0.9377066,44.189453,-0.9911521,-0.7202644,1.2999395,1.361961,0.27088773,0.062021494
11.867271,0.9377066,53.937866,-0.9057142,-0.34084296,1.3808546,1.3683014,0.56487125,-0.012553215
11.867271,0.8876013,56.7935,-0.39506692,-0.6313119,1.4232627,1.3045171,-0.23624498,-0.118745565
11.39038,0.8876013,56.7935,-1.0312165,-0.87520754,1.408284,1.3745012,0.15600896,-0.03378272
11.615471,1.95778,54.926014,-1.0538353,-0.47785315,1.3131725,1.3046348,0.5759821,-0.00853765
19.375328,6.7907047,155.91345,1.2456832,-1.2286909,1.4280236,-0.1223161,-2.474374,-1.5503397
25.899464,8.152774,385.5446,-0.8177661,-1.0790776,1.1972082,0.99197674,-0.26131153,-0.20523143
25.899464,8.152774,385.5446,-1.2867118,-0.69914764,1.0807061,1.095797,0.5875642,0.015090823
24.932116,6.6684422,330.66074,-1.404639,-0.7263059,0.981314,1.0758853,0.6783331,0.09457129
23.498442,6.400234,337.5623,-0.9121941,-0.86419994,1.1201952,1.0563073,0.047994137,-0.063887835
26.419273,6.7887516,333.1555,-0.9306096,-1.6868585,1.0946909,1.0198479,-0.75624895,-0.07484305
9.9663725,0.046690047,2.555275,-0.42843813,-0.436342,-0.4583355,-0.45826393,-0.007903874,7.1555376e-05
9.995732,0.032695998,2.7945995,-0.44070858,-0.43243724,-0.47011104,-0.45672783,0.008271337,0.01338321
9.995732,0.032695998,2.7945995,-0.43567133,-0.43584734,-0.4675981,-0.45652094,-0.00017601252,0.011077166
9.951805,0.037168853,3.1894684,-0.4380652,-0.43727952,-0.47000557,-0.45946184,0.0007856786,0.010543734
10.4409,0.037232265,9.716463,-0.43788463,-0.42894202,-0.46981645,-0.4376057,0.008942604,0.032210737
15.402626,4.4343195,134.5994,-0.5418291,-0.54807985,1.3919165,1.3614146,-0.006250739,-0.030501962
14.484871,4.4343195,134.5994,-0.9608475,-1.1874343,1.2988456,1.3307508,-0.22658682,0.031905174
14.568907,3.8052814,82.331085,-1.0658996,-1.0728133,1.3169878,1.2561009,-0.006913662,-0.06088686
14.568907,3.8052814,115.65166,-0.9309484,-1.0932772,1.2726486,1.2614864,-0.16232884,-0.011162162
14.3672085,2.9784853,115.65166,-0.9211524,-1.2204603,1.2385659,1.2973527,-0.29930788,0.05878675
37.084873,7.1953144,927.9576,-0.68781495,-1.3339865,0.96408635,0.41415468,-0.64617157,-0.54993165
31.091625,2.1595836,631.96173,-1.1990383,-0.8550354,0.839691,1.1269372,0.34400284,0.28724617
22.032307,4.336272,413.25583,-0.14150923,0.12561247,0.82102764,0.33002692,0.2671217,-0.4910007
14.485973,6.13845,103.5625,-0.216561,0.10501567,0.12920782,0.46538883,0.32157668,0.336181
10.179215,6.13845,13.816881,0.08549645,0.18830949,0.37352556,0.5323932,0.10281304,0.15886766
10.769131,5.530201,34.08041,0.12935749,0.39019337,0.49822187,0.58800364,0.2608359,0.08978176
10.769965,5.3953047,34.08041,0.23638341,0.5076076,0.524189,0.6006846,0.27122417,0.07649559
26.896202,8.000086,540.5037,-0.5917896,-1.1188538,1.2823534,1.2113354,-0.5270642,-0.07101798
10.760909,2.0993907,46.00954,-0.563313,-0.19712815,1.3718865,1.4772781,0.36618486,0.10539162
11.095776,2.0993907,46.00954,2.3383214,-0.4085744,1.0893903,0.11392331,-2.7468958,-0.97546697
11.095776,1.0447389,36.348724,-0.64594,-0.44332275,1.119299,-0.006595187,0.20261726,-1.1258942
12.095862,1.0492332,51.68624,-1.9916761,-1.7911661,0.6687528,0.7364557,0.20051003,0.06770289
12.095862,1.0492332,51.68624,-1.9133593,-1.7474436,0.6540242,0.7489556,0.16591573,0.09493142
11.073046,0.80202395,9.355164,-1.6942574,-1.7666925,0.7435082,0.7564898,-0.07243514,0.012981594
9.933376,0.40136775,2.5059223,-1.7768208,-1.7852541,0.7663133,0.7736004,-0.008433342,0.007287085
9.933376,0.17515972,2.5059223,-1.7768538,-1.8186947,0.741444,0.74367523,-0.04184091,0.0022312403
11.162515,6.438576,38.173153,-1.2951185,-1.007184,0.12994614,0.46794787,0.28793442,0.33800173
14.533949,6.438576,40.2061,-0.5850791,-0.9975578,0.32770827,0.495655,-0.41247874,0.16794673
14.533949,2.901976,40.2061,-0.9224496,-0.95162165,0.7135193,0.8271364,-0.029172063,0.11361712
11.552559,5.4511952,19.17286,-1.0650812,-1.2384685,0.65440553,1.198236,-0.17338729,0.54383045
15.236835,5.4511952,26.540041,-0.7778476,-1.1688678,1.024892,1.2162795,-0.39102024,0.19138753
10.139371,1.3400985,7.8573704,-0.8840777,-0.960717,1.2429503,1.1990097,-0.076639295,-0.043940663
10.097702,0.937666,7.8573704,-0.98439234,-0.9980556,1.1823356,1.1879857,-0.013663232,0.0056500435
10.097702,0.5842753,6.688881,-0.962334,-0.95609057,1.1243294,1.2234678,0.0062434077,0.09913838
10.093674,0.6205253,5.796385,-0.9304296,-1.2653576,1.1920516,1.2410079,-0.33492804,0.048956275
9.9815235,0.67804426,4.137993,-0.9693494,-1.155198,1.2679698,1.3582873,-0.1858486,0.09031749
10.094843,1.3792039,3.969431,-1.0693558,-1.3555111,1.2724912,1.1949657,-0.28615522,-0.0775255
10.094843,1.3792039,3.3943653,-1.2339518,-1.4149768,1.2319279,1.2279433,-0.18102503,-0.0039845705
10.946186,2.4015338,9.156656,-1.5315546,-1.2047073,1.2319272,1.0675796,0.3268473,-0.16434753
15.224487,3.4745073,19.506884,-0.9445918,-1.3700447,1.2612598,0.8098707,-0.4254529,-0.45138907
15.224487,4.1145697,19.506884,-1.1254662,-1.4027191,0.8495809,0.89289725,-0.2772529,0.043316364
10.118297,0.6536544,2.5477886,-0.37695566,-0.37753806,-0.8409071,-0.8375303,-0.000582397,0.003376782
10.067045,0.04572484,2.8989792,-0.38376802,-0.38419616,-0.83377886,-0.8365854,-0.00042814016,-0.0028065443
10.067045,0.05372846,2.8989792,-0.37810913,-0.38391864,-0.8357337,-0.837053,-0.0058095157,-0.0013192892
10.034494,0.05372846,2.432394,-0.38216037,-0.38703793,-0.83366776,-0.8290285,-0.0048775673,0.004639268
10.028924,0.038766533,2.1676064,-0.37669796,-0.39027786,-0.8359399,-0.8369446,-0.013579905,-0.0010046959
10.547885,3.2814653,9.467363,0.2360119,0.3017157,-0.9710479,-0.98826075,0.06570381,-0.017212868
10.724554,1.1335561,9.467363,0.2141355,-0.054886006,-0.9798422,-1.0573194,-0.2690215,-0.07747722
10.724554,0.90977097,6.6355705,-0.06604424,0.12930194,-0.96568775,-1.0380957,0.19534618,-0.07240796
10.383595,0.42180854,6.1622143,0.08341497,0.021227485,-1.0182027,-1.0336866,-0.062187485,-0.015483975
10.383595,1.0040139,6.596279,0.07067699,-0.022948777,-1.0173235,-0.96943104,-0.09362577,0.04789245
10.060448,0.6606253,3.023386,-0.6475297,-0.63775116,-0.6326369,-0.6372422,0.009778559,-0.0046052933
11.415925,1.0453473,7.043171,-0.64366806,-0.7029357,-0.6401304,-0.6662635,-0.05926764,-0.02613312
11.415925,1.0453473,8.378553,-0.64075845,-0.8897446,-0.6245779,-0.747573,-0.24898612,-0.12299514
12.240992,3.1375992,14.791918,-0.79125065,-0.7967106,-0.70908844,-1.0810244,-0.0054599643,-0.37193596
23.222004,7.7294397,194.26842,-0.7722762,-0.31182224,-0.76668155,-0.3277096,0.460454,0.43897197
10.290841,0.6688286,4.4742584,0.5480393,0.61651313,-1.0868841,-1.2312807,0.068473816,-0.14439654
10.290841,0.55469525,4.4742584,0.75726306,0.7239449,-1.1827122,-1.1681483,-0.033318162,0.014563918
10.25012,0.4779091,3.1933308,0.6492543,0.6019416,-1.1903282,-1.2409097,-0.047312737,-0.050581455
10.25012,0.28700528,3.1006813,0.76573765,0.73145044,-1.1927078,-1.1884787,-0.034287214,0.0042290688
10.11964,0.17082399,4.3164253,0.6182904,0.7847409,-1.2060595,-1.1896183,0.1664505,0.016441107
11.218805,0.69768095,17.364216,-1.5010965,-1.4409204,-0.2221138,-0.23837766,0.060176134,-0.016263857
10.628815,0.69768095,7.1642876,-1.4455374,-1.4648482,-0.25290507,-0.24354514,-0.019310713,0.009359926
10.255588,0.317549,7.1642876,-1.4307414,-1.4759928,-0.24685915,-0.19037181,-0.04525137,0.056487337
10.255588,0.30345103,7.0226192,-1.4698064,-1.458778,-0.20717323,-0.2040348,0.011028409,0.003138423
10.191082,0.32911724,4.6694756,-1.4582292,-1.4346254,-0.18344519,-0.21247622,0.023603797,-0.029031038
10.308627,2.9057145,4.100466,-1.1951337,-1.5485531,1.2541988,1.2549613,-0.35341942,0.0007624626
10.308627,0.6878672,4.6336174,-1.3474318,-1.5138061,1.2811234,1.2672514,-0.16637433,-0.013872027
12.499217,1.4470557,7.476425,-1.4797394,-1.6938108,1.209384,1.3072858,-0.2140714,0.09790182
12.63566,2.6853254,9.186411,-1.5613589,-1.3980757,1.2885975,1.1292249,0.16328323,-0.15937257
12.63566,2.6853254,18.245173,-1.4454243,-1.0467659,1.1794169,0.95932066,0.3986584,-0.22009623
10.535276,1.3669695,10.522127,-1.0544138,-1.5499159,1.2840943,1.2684172,-0.4955021,-0.015677094
10.608844,1.8835934,7.4579716,-1.2944932,-1.562047,1.2243598,1.1724523,-0.2675538,-0.05190742
11.409062,1.8835934,37.015774,-1.3946903,-1.3888036,1.2112911,1.3222141,0.005886674,0.11092305
25.641619,3.257538,53.98164,-1.659223,-1.4728429,1.1532004,1.1578853,0.18638003,0.004684925
25.641619,3.3996282,68.51796,-1.509752,-0.8999294,1.2066227,0.15788232,0.60982263,-1.0487404
9.980372,0.6559784,5.417967,-0.956102,-0.9460656,-0.0075544394,-0.016065348,0.010036409,-0.008510908
10.085458,0.63843185,6.71463,-0.95388126,-0.93462545,-0.014043337,-0.029040929,0.019255817,-0.014997592
10.535164,0.99313575,17.24124,-0.95584935,-0.9226016,-0.012373586,0.027253766,0.03324777,0.03962735
11.888717,2.580174,23.906755,-0.87314034,-1.0613552,-0.061331213,-0.10106373,-0.1882149,-0.039732516
11.888717,2.580174,23.906755,-0.91247463,-0.89792955,-0.023191117,-0.054707695,0.014545083,-0.031516578
9.820403,0.6984827,3.2419682,-1.2540205,-1.1995165,1.2249453,1.2114098,0.054503918,-0.0135355
9.802736,0.297562,4.880047,-1.1548411,-1.2896821,1.1924789,1.233901,-0.13484108,0.04142213
10.07968,0.45052052,4.880047,-1.2717918,-1.2227443,1.2226225,1.2089312,0.04904747,-0.013691306
14.554936,1.542924,15.327597,-1.3457706,-1.4667113,1.2373595,1.300659,-0.120940685,0.06329942
14.554936,2.06175,18.854427,-1.1423317,-0.8353591,1.1977705,1.3504655,0.30697262,0.15269506
11.243688,1.0735738,16.18929,-1.008457,-1.0659019,0.0278442,-0.13651058,-0.05744493,-0.16435479
11.243688,1.143624,16.18929,-1.0578253,-0.8723065,-0.022296265,-0.25039464,0.1855188,-0.22809838
13.157714,1.1574366,21.140623,-0.98539865,-0.74871355,-0.26667348,-0.25620553,0.2366851,0.0104679465
13.157714,1.1988875,21.140623,-0.87400484,-0.72925293,-0.30599844,-0.23359425,0.1447519,0.07240419
11.589373,1.1988875,15.91928,-0.76789224,-0.786157,-0.20757532,-0.2657306,-0.01826477,-0.05815527
9.925476,0.65461725,2.6902676,-1.2794081,-1.2755187,0.6419076,0.63469994,0.0038894415,-0.007207632
9.9786,0.2804392,2.4938583,-1.2674153,-1.335036,0.6364453,0.6195897,-0.067620754,-0.016855597
10.077086,0.5457253,4.094696,-1.2775524,-1.28264,0.6381844,0.6128897,-0.005087614,-0.025294721
10.077086,0.5457253,4.561901,-1.3069367,-1.271327,0.62124884,0.6100306,0.035609722,-0.01121825
9.896067,0.84198135,8.3639145,-1.3350493,-1.2849845,0.60954976,0.64740604,0.050064802,0.03785628
10.468433,0.6823231,8.058214,-1.3775874,-1.2076771,1.2784357,1.2855603,0.16991031,0.007124543
10.822559,2.155635,7.7535152,-1.2357898,-1.5031548,1.3351,1.318425,-0.26736498,-0.016674995
11.204269,2.155635,35.893726,-1.25466,-1.8347496,1.2656764,1.2872896,-0.58008957,0.02161324
11.204269,2.1242952,35.893726,-2.1373007,-1.9124638,1.2308661,1.2408516,0.22483695,0.009985566
10.424977,2.3597298,8.633852,-1.7977015,-1.7145935,1.2291257,1.4187704,0.08310795,0.1896447
10.145483,0.6913292,3.7925243,-0.8303628,-0.56789523,1.2542837,1.2381344,0.26246756,-0.016149282
10.145483,0.31624183,2.6566982,-0.588094,-0.8165269,1.253606,1.2465447,-0.2284329,-0.007061243
11.454012,0.62448263,11.009932,-0.81987476,-0.7845478,1.259366,1.2436743,0.035326958,-0.015691757
11.542126,1.040725,11.009932,-0.7723564,-1.0482086,1.2443345,1.2821866,-0.2758522,0.037852168
11.542126,1.4053375,7.6325417,-0.9496787,-1.3301997,1.2963964,1.3478152,-0.380521,0.05141878
9.823351,0.646846,2.0196438,-1.0563209,-1.1104827,1.3132787,1.3654062,-0.054161787,0.05212748
9.950319,0.29771394,1.8860817,-1.028128,-0.990348,1.3479708,1.3432238,0.037780046,-0.004747033
9.979663,0.29771394,2.1276474,-1.1271236,-1.0934651,1.3614118,1.3521888,0.033658504,-0.009222984
9.979663,0.20385922,2.6481628,-1.0004401,-1.1605428,1.3367589,1.3746442,-0.16010273,0.03788531
9.860226,0.20385922,2.699566,-1.0940198,-1.0854933,1.3569323,1.3574883,0.008526444,0.0005559921
9.905374,1.4142457,5.9995174,1.3120878,1.9918797,1.371049,1.2525108,0.6797919,-0.11853826
10.215904,1.4249821,7.970524,1.470793,2.162487,1.363759,1.2318255,0.691694,-0.13193357
12.05538,1.6763985,23.971796,2.0902715,2.2559931,1.183372,1.190918,0.16572165,0.007545948
12.05538,2.0718958,23.971796,2.331637,2.333093,1.1146971,1.3027157,0.0014560223,0.18801856
10.764606,2.0718958,21.308279,2.265923,0.5130514,1.1930659,1.4824721,-1.7528716,0.28940618
12.367239,1.3865185,21.893644,-1.0988251,-1.3341347,0.69148874,0.5193645,-0.2353096,-0.17212427
12.367239,1.2476393,21.893644,-1.3250787,-1.1798303,0.67942107,0.64766794,0.14524841,-0.031753123
11.3454895,1.2476393,15.077019,-1.2634999,-1.0866802,0.6455451,0.7419302,0.17681968,0.09638506
23.500319,5.002137,59.17673,-1.1016448,-1.050794,0.719133,0.58713806,0.05085075,-0.13199496
23.500319,5.589032,102.39816,-1.1025012,-0.7179758,0.73848736,0.25935593,0.38452536,-0.47913143
10.031261,0.7140385,2.0694733,0.07046525,0.067849085,-0.53326786,-0.53230774,-0.002616167,0.0009601116
10.031261,0.046232563,1.6134262,0.067811176,0.058279105,-0.53373325,-0.52964437,-0.009532072,0.0040888786
10.029253,0.054760344,1.6134262,0.0661204,0.053294748,-0.53208745,-0.5285902,-0.012825653,0.003497243
10.012578,0.054760344,1.4728546,0.06470348,0.055702645,-0.53078496,-0.52941364,-0.009000834,0.0013713241
10.030398,0.041268572,2.0143032,0.056903243,0.0491402,-0.53057784,-0.5239291,-0.007763043,0.0066487193
10.076571,0.66720915,2.7149677,-0.3388134,-0.3444633,-0.8194164,-0.8163973,-0.0056498945,0.0030190945
11.3939495,2.4219682,10.728931,-0.34554055,-0.23547289,-0.818841,-0.71574557,0.110067666,0.10309541
11.3939495,3.180969,10.728931,-0.34230667,0.2344087,-0.7468036,-1.069203,0.57671535,-0.32239944
10.216824,3.3254197,13.794613,-0.0025556819,-0.72233635,-0.8967347,-0.8721884,-0.7197807,0.024546325
11.360669,4.3249655,16.98947,-0.06339604,-0.6846151,-1.0991132,-0.14693755,-0.62121904,0.9521757
10.659821,3.9860125,11.017799,0.029507628,-0.6525353,-0.78184164,-0.8311237,-0.68204296,-0.049282074
13.216198,4.9087343,34.111073,-0.026029522,-2.1802683,-0.89627475,-0.41824928,-2.1542387,0.47802547
46.23452,7.6886697,592.1303,-1.3434069,-0.71985066,-0.47901502,0.28814572,0.62355626,0.7671608
46.23452,7.6886697,592.1303,-2.2389615,-2.1451526,-0.051676292,-0.37240118,0.09380889,-0.32072487
16.05232,3.3596091,151.84254,-1.8751831,-2.151007,-0.37095875,-0.3352164,-0.27582383,0.035742342
9.989807,0.69796747,2.8141975,0.47508186,0.48009652,0.18923363,0.18432786,0.005014658,-0.004905775
9.989807,0.03540925,2.8141975,0.47514233,0.4819457,0.19289468,0.1892038,0.0068033636,-0.0036908835
9.988613,0.07375414,2.832508,0.4780716,0.47308192,0.19241561,0.18894115,-0.0049896836,-0.003474459
10.4357,0.27151173,4.0205,0.4797615,0.48054203,0.1903435,0.20019479,0.0007805228,0.009851292
10.4357,0.39618936,5.3150177,0.47323337,0.47496086,0.19171849,0.15431286,0.0017274916,-0.037405625
14.868705,5.181856,18.607521,0.027484233,-0.951917,1.3654432,0.9419897,-0.97940123,-0.4234535
19.364996,5.282034,30.578709,-0.42511216,-0.6779953,1.2792575,1.4043878,-0.25288317,0.1251303
19.364996,5.579144,30.578709,-0.70225894,-1.9586138,0.99021876,1.4093542,-1.2563548,0.41913545
15.576034,5.579144,16.735744,-0.53832763,-0.6319226,1.3173271,1.4004865,-0.09359497,0.08315933
16.378008,7.4923186,24.456882,-2.125884,-0.812377,1.3065565,1.1090348,1.3135071,-0.19752169
10.74404,2.3295135,7.9227448,-1.6599417,-1.5823052,0.49129128,-0.037587292,0.07763648,-0.52887857
12.099137,1.9196998,18.747377,-1.5838691,-1.6028677,0.12347938,0.16015317,-0.018998623,0.036673784
12.099137,1.4814861,18.747377,-1.7019552,-1.6267898,0.050683714,0.09587179,0.07516539,0.045188077
11.448658,1.4814861,7.962322,-1.5835848,-1.5457838,0.23127902,-0.25345078,0.037801027,-0.4847298
13.600087,2.2640398,15.03973,-1.6155574,-1.7615376,-0.08675347,-0.18046094,-0.14598012,-0.09370747
10.407206,1.2429143,10.848808,-1.0833044,-1.1263505,1.3101757,1.2369313,-0.043046117,-0.07324433
36.62868,4.624957,68.39943,-1.2236817,-1.5821192,1.3968885,0.9064371,-0.35843754,-0.4904514
36.62868,5.8457036,75.77057,-1.260956,1.9077137,1.1415311,-0.25202414,3.1686697,-1.3935553
35.962585,5.8457036,75.77057,-1.9671072,-1.2569394,1.0358027,0.88610697,0.71016777,-0.14969575
35.442383,4.5919037,197.44101,0.9068074,-1.6598814,0.3606008,1.1791565,-2.5666888,0.8185557
10.106717,6.1267967,9.122944,-1.0186539,-1.0289495,0.627468,0.6586138,-0.0102956295,0.031145811
10.137315,0.48953846,11.130381,-1.0245512,-1.0401686,0.656699,0.65552056,-0.01561749,-0.0011784434
11.125757,2.3075175,36.391117,-1.010032,-0.8609108,0.6397445,0.71552896,0.14912128,0.075784445
15.779227,4.2168865,39.02006,-0.9686621,-0.8972511,0.655496,0.9089751,0.071410954,0.25347912
15.779227,6.400252,39.02006,-0.7128272,-1.0121078,0.880473,0.9229126,-0.29928064,0.04243958
10.042087,0.55790484,6.8021774,-0.16477072,-0.08430926,1.1162375,1.0760487,0.080461465,-0.04018879
14.766972,1.7804463,49.44196,-0.2031992,-0.28058195,1.1018512,1.1182406,-0.07738276,0.01638937
14.766972,1.7804463,49.44196,-0.15908204,-0.5969858,1.0973585,1.1615946,-0.43790376,0.064236164
10.219596,1.5534768,9.536171,-0.2928835,-0.49774185,1.1076094,1.1827031,-0.20485836,0.075093746
10.145279,0.4447116,3.673935,-0.5330644,-0.6208905,1.2109288,1.2305853,-0.08782607,0.019656539
17.221912,7.4192166,16.318798,-1.7440094,-2.1170745,1.2184403,1.2584093,-0.3730651,0.039968967
18.218035,4.233489,109.921455,-2.2515805,-0.30656606,1.0950851,0.96843785,1.9450145,-0.1266473
18.218035,3.5667326,109.921455,-0.9889518,-0.99199486,1.1440161,0.8322179,-0.0030430555,-0.31179827
14.362178,1.110967,29.60391,-0.39611614,-0.5673038,0.81736946,0.79654616,-0.17118764,-0.0208233
10.260796,0.37039393,3.9368153,-0.6488737,-0.51331437,0.89031136,0.844164,0.13555932,-0.046147346
9.897603,0.8468716,5.638838,-0.69221705,-0.60977197,1.2952256,1.2141466,0.082445085,-0.081079006
9.897603,0.8468716,11.712503,-0.7150637,-0.70717806,1.2330873,1.2370298,0.007885635,0.0039424896
18.589758,2.7220385,43.403625,-0.69760424,-0.6733144,1.1679633,1.270148,0.024289846,0.10218477
18.589758,5.4043837,43.403625,-1.0394872,0.8091815,1.3047069,1.2464416,1.8486688,-0.05826533
12.47175,5.4173975,20.199251,0.21331267,-0.94717443,1.3316226,1.3151016,-1.160487,-0.016520977
9.845261,0.7075201,2.8854847,-0.9753022,-1.008811,1.3145154,1.312802,-0.033508778,-0.0017133951
9.800515,0.26142487,2.4509907,-0.9856075,-1.01462,1.3196247,1.3054619,-0.029012442,-0.014162779
9.976372,0.48578867,3.1745434,-1.0360577,-0.71688235,1.3109682,1.2634133,0.31917536,-0.04755485
9.976372,0.48578867,3.1745434,-0.91715306,-0.956807,1.3009039,1.316372,-0.039653957,0.015468121
10.012634,0.30022272,2.8090954,-0.91239136,-0.57331777,1.265249,1.3423989,0.3390736,0.07714987
11.339909,9.842984,8.711004,-0.895522,-1.2940943,1.0991417,1.23868,-0.39857233,0.13953829
11.339909,1.6182021,8.218622,-1.1184663,-1.3480154,1.1213154,1.1877859,-0.22954917,0.066470504
10.510282,1.3018266,4.921627,-1.321471,-1.179317,1.2299169,1.0698177,0.14215398,-0.16009927
12.429255,1.9184959,16.765642,-1.3167083,-1.0495905,1.1920196,1.0425812,0.26711786,-0.14943838
12.429255,1.9184959,16.765642,-1.1600273,-0.90191317,1.1123536,1.1424252,0.2581141,0.030071616
9.824077,0.5989665,2.4067402,-1.0103763,-1.0258142,1.1729565,1.1783478,-0.015437841,0.0053913593
9.857598,0.06553087,2.4067402,-1.0052155,-1.0005995,1.1803968,1.185792,0.004616022,0.005395174
9.857598,0.15707675,3.0677319,-1.0052178,-0.9802839,1.1843048,1.1836203,0.024933875,-0.00068449974
9.85906,0.15707675,3.0677319,-0.9841053,-0.96011335,1.1846327,1.1967937,0.023991942,0.012161016
9.85906,0.13203038,2.3315907,-0.9754861,-0.9543958,1.1817749,1.18288,0.021090329,0.0011051893
10.168169,0.5861709,6.961632,-1.047126,-1.0081422,1.1649592,1.1687971,0.038983822,0.003837943
10.168169,0.1809028,6.961632,-1.0386095,-1.0092816,1.1782999,1.1682624,0.02932787,-0.010037541
9.846653,0.1789563,2.529955,-1.0224986,-1.0308206,1.1838901,1.1699898,-0.0083220005,-0.01390028
9.846653,0.7452349,8.338118,-1.012488,-1.0122646,1.1537381,1.2204095,0.00022339821,0.06667137
9.994485,0.80558103,8.338118,-1.0008662,-0.9620326,1.1935225,1.4002312,0.03883356,0.20670879
22.85624,6.402879,46.429348,-0.7405821,-1.1645113,1.2875588,1.2107356,-0.4239292,-0.076823235
22.947687,6.423056,44.047405,-1.1244682,-0.875415,1.3019798,0.66331536,0.24905318,-0.6386644
22.947687,6.423056,37.80012,-0.9760357,-0.9248663,1.1551044,1.2508881,0.051169395,0.09578371
20.144644,5.473082,38.753845,-0.7840064,-0.7724369,1.0576049,0.770729,0.0115695,-0.2868759
24.405367,6.9328027,51.977253,-0.8940662,-1.0689275,0.94879276,1.19117,-0.17486131,0.24237722
10.081696,0.5988961,3.3545017,0.53973764,0.5384059,-0.92869073,-0.9305298,-0.0013317466,-0.0018390417
10.081874,0.016633803,2.672243,0.5333684,0.5323941,-0.93189317,-0.93004733,-0.0009742975,0.0018458366
10.081874,0.01783086,2.672243,0.5422832,0.5443366,-0.92874986,-0.93045866,0.0020534396,-0.0017088056
10.080008,0.028547918,1.9900799,0.5449952,0.53699404,-0.93119556,-0.93346614,-0.008001149,-0.0022705793
10.080008,0.028547918,1.907444,0.5406734,0.5381887,-0.9308966,-0.9285151,-0.0024846792,0.0023815036
10.109118,0.58271134,2.7261734,0.32494903,0.30945623,-0.94820166,-0.9504698,-0.015492797,-0.0022681355
10.077307,0.09279528,3.6997318,0.31662628,0.3098048,-0.9502821,-0.95846474,-0.0068214834,-0.008182645
10.124126,0.14462423,3.6997318,0.32066768,0.31667176,-0.9579069,-0.96789074,-0.003995925,-0.009983838
10.363591,0.2025127,8.136034,0.3293195,0.2928389,-0.9676428,-0.96890223,-0.036480606,-0.0012594461
10.363591,0.32723978,8.136034,0.27409384,0.3535794,-0.97583663,-1.0565501,0.079485565,-0.08071351
10.063766,0.5959667,3.1078815,0.24042062,0.2545631,-0.9001088,-0.9090353,0.014142469,-0.008926511
11.0697,0.9365997,9.527922,0.25621814,0.40746957,-0.90483874,-0.99616814,0.15125144,-0.091329396
12.80934,3.648746,26.872349,0.25212854,0.56308866,-0.9102756,-0.7016159,0.3109601,0.20865965
12.80934,3.648746,26.872349,0.8525305,0.16594587,-1.0490158,-0.15434112,-0.6865846,0.89467466
11.90656,3.6353836,26.856852,0.05273723,-0.047616433,0.033350755,0.5009998,-0.10035366,0.46764904
9.891978,0.5450216,2.8615952,0.6610848,0.6573043,1.0519768,1.0500329,-0.0037804842,-0.0019439459
9.879464,0.06331827,3.5236359,0.6615271,0.6590817,1.0469214,1.0448307,-0.0024453998,-0.0020906925
9.879464,0.06331827,3.5236359,0.6605984,0.65482485,1.049284,1.0443257,-0.0057735443,-0.004958272
9.884837,0.030197436,2.1449566,0.65532005,0.65616924,1.0453511,1.0457412,0.0008491874,0.0003900528
9.88594,0.07180208,2.2697449,0.6560253,0.66818213,1.0437787,1.0542672,0.012156844,0.01048851
15.327395,2.511053,17.688847,-1.466342,-1.4504963,0.4303824,0.5510087,0.015845656,0.1206263
13.005742,2.165057,9.896135,-1.4686688,-1.2364933,0.34489006,0.95897496,0.23217547,0.6140849
12.685505,3.5757158,13.296795,-1.3662913,-1.0749317,0.7329769,1.1501896,0.29135954,0.41721272
12.685505,3.5757158,13.296795,-0.9438235,-1.1360881,1.12303,0.91042984,-0.19226462,-0.21260011
14.039426,3.5742126,17.661572,-1.0704572,-1.119652,1.0519322,1.0502644,-0.049194813,-0.0016678572
18.004839,3.0236907,68.91713,-1.6355006,-1.554979,-0.08343404,-0.13574502,0.08052158,-0.05231098
27.05837,4.599032,113.36441,-1.3902979,-1.7789309,0.6685153,0.53311515,-0.388633,-0.13540018
27.05837,4.599032,113.36441,-1.5990808,-1.5003598,-0.6411522,-0.14134042,0.09872103,0.49981177
21.798033,3.1587107,107.6983,-1.6698201,-1.6464624,0.9573988,0.26120782,0.02335763,-0.69619095
21.798033,3.1587107,138.57365,-1.6069676,-1.5256705,-0.5881959,-0.014994973,0.08129704,0.57320094
26.860567,2.7690256,135.17198,-1.0151792,-1.0617504,1.1854825,1.2894766,-0.046571255,0.10399413
27.974007,2.7690256,135.17198,0.31250542,-2.064073,-0.16362682,0.42793378,-2.3765786,0.5915606
27.974007,1.7883497,112.078094,-0.83553857,-1.0599464,1.2232348,1.332506,-0.22440785,0.10927117
28.644278,1.8384753,223.31401,-1.0671026,-1.2491511,1.0242476,0.4917963,-0.18204856,-0.53245133
30.297102,2.1868377,223.31401,0.18485506,-0.19296353,-0.250357,-0.18556277,-0.37781858,0.06479423
11.659242,2.6020577,17.912817,-1.0522053,-1.0730691,1.1749365,0.46360788,-0.020863771,-0.7113286
11.659242,2.6020577,23.2831,-1.0880125,-0.84795964,0.810043,0.46611395,0.24005282,-0.34392902
10.986522,1.3248336,23.2831,-1.0181947,-0.8291912,0.3247162,0.44317943,0.18900347,0.11846322
10.590644,0.857029,21.490717,-0.7274475,-0.81806076,0.46186596,0.45920554,-0.090613246,-0.0026604235
10.590644,0.7197009,21.490717,-0.8050523,-0.83223116,0.47283667,0.48979348,-0.027178884,0.016956806
10.668017,0.8386145,5.4454327,-0.8993882,-0.94030654,1.1439033,1.1644135,-0.04091835,0.020510197
9.931466,0.50831,3.590393,-1.0132352,-0.9426821,1.1566684,1.1437632,0.070553124,-0.01290524
9.965034,0.4569076,4.001713,-0.9274627,-0.9991127,1.1640073,1.1440448,-0.07165003,-0.01996255
10.232307,0.39041752,5.6927204,-0.9704033,-0.9217142,1.1379308,1.1266673,0.048689127,-0.01126349
10.327466,0.39041752,5.6927204,-0.974593,-0.8522974,1.1288825,1.1138928,0.12229556,-0.014989734
15.619369,2.9231272,57.923126,-1.3518633,-0.7249156,0.9822954,1.1883026,0.62694764,0.20600724
12.727949,2.064693,31.979752,-1.0325317,-1.7123601,1.1535437,1.2702243,-0.6798284,0.11668062
12.971557,2.0689025,31.979752,-1.3224267,-1.1421489,1.163642,0.9934527,0.18027782,-0.17018932
14.099284,2.774335,34.80301,-1.6568708,-1.2862502,1.3512963,0.96899414,0.3706206,-0.38230217
14.099284,2.774335,34.80301,-1.1051456,-1.532735,0.8785551,1.3115723,-0.42758942,0.4330172
18.786407,2.417829,94.18526,-0.7511459,-1.0586488,1.1861804,1.069919,-0.30750293,-0.11626136
20.380869,2.9833927,94.18526,-0.9835822,-0.9603696,1.0127059,1.0467967,0.023212612,0.034090757
20.380869,2.9833927,77.63748,-1.1159322,-0.88998044,1.0132501,0.79560876,0.22595179,-0.21764135
18.993141,2.5970685,54.810143,-0.7420991,-1.2019861,0.92408544,0.95168096,-0.45988697,0.02759552
18.993141,2.4065835,55.769825,-1.1050782,-0.85724896,1.1429977,0.87292016,0.24782926,-0.2700776
10.0621,0.56201965,3.3836365,-1.0358859,-1.0288036,1.1298925,1.1513412,0.007082343,0.021448731
9.856217,0.21897842,2.5772095,-1.0159905,-1.0310192,1.1543186,1.1632111,-0.015028715,0.008892536
9.87946,0.2321963,2.5772095,-1.0542988,-1.0402092,1.1495832,1.1830461,0.014089584,0.033462882
9.87946,0.29400328,3.5040855,-1.023967,-1.0453812,1.1778713,1.2095591,-0.02141416,0.031687737
9.8355465,0.29400328,3.5040855,-1.0590618,-1.0594848,1.198502,1.2292289,-0.00042307377,0.03072691
11.295366,0.5817924,17.225933,-1.6731135,-1.6526527,1.3079312,1.3176576,0.020460725,0.009726405
11.295366,1.12156,17.225933,-1.6934292,-1.1862333,1.3195384,1.3996428,0.50719595,0.08010447
10.581433,1.12156,14.845562,-1.4327056,-1.3008957,1.3941917,1.315756,0.13180995,-0.07843578
13.238352,0.79077774,36.360645,-1.2254235,-1.6695083,1.3072621,1.3440487,-0.44408488,0.036786675
13.238352,0.75725806,36.360645,-1.4209079,-1.6643255,1.3234715,1.2917275,-0.24341762,-0.031744003
9.842019,0.57558703,4.8393726,-1.6197169,-1.6209638,1.3027813,1.2992179,-0.0012469292,-0.003563404
9.823152,0.08340944,2.815485,-1.6319675,-1.6150408,1.302736,1.295615,0.016926765,-0.007121086
9.903988,0.08340944,3.7799835,-1.6297016,-1.643486,1.2952274,1.2968262,-0.013784409,0.001598835
9.903988,0.09154542,3.7799835,-1.6475666,-1.6344862,1.3038114,1.2966292,0.0130803585,-0.0071822405
9.833398,0.09154542,3.628111,-1.6217247,-1.647377,1.2821616,1.3029108,-0.02565229,0.020749211
9.819132,0.5360011,5.323601,-1.446776,-1.4712045,1.4028383,1.4073355,-0.024428487,0.0044971704
9.821004,0.080363564,2.7522564,-1.4538248,-1.4764805,1.4130806,1.4033825,-0.022655725,-0.009698033
9.877096,0.13196275,2.7864456,-1.4556264,-1.4289255,1.4000847,1.4351027,0.026700854,0.035017967
9.998889,0.6495878,7.3762417,-1.4770094,-0.4862154,1.4087846,1.5273621,0.990794,0.11857748
11.64583,2.978791,40.641403,-1.420439,2.1917117,1.4635696,1.0179918,3.6121507,-0.44557786
33.968555,7.556182,91.76922,-1.6249702,-1.693577,0.72035134,1.3108394,-0.06860685,0.5904881
34.286434,7.556182,91.76922,1.6131948,-1.455133,0.40897283,0.58744615,-3.068328,0.17847332
34.286434,6.9513726,138.21736,-2.0103936,-2.1358666,1.2699431,1.3044045,-0.12547302,0.03446138
29.293509,6.9513726,138.21736,-1.857431,0.44662255,0.9600152,1.1936198,2.3040535,0.23360467
27.05933,6.1984878,78.97987,-1.4797624,-0.76710683,1.2551019,1.4245149,0.7126556,0.16941297
10.09339,2.164715,3.3430576,0.5961309,0.5969811,-0.79098547,-0.80127823,0.00085020065,-0.0102927685
10.116637,0.06561099,3.5151482,0.5971322,0.5980643,-0.8004116,-0.79819566,0.00093209743,0.0022159219
10.116637,0.06561099,3.5151482,0.5997585,0.60161066,-0.8003529,-0.79007566,0.0018521547,0.010277212
10.069719,0.08267503,2.256012,0.60210246,0.6055928,-0.7954873,-0.78073615,0.0034903288,0.014751136
10.074791,0.08267503,2.5502205,0.60064435,0.60693735,-0.78577507,-0.7768105,0.006292999,0.008964539
10.085552,0.49385667,2.884531,0.56815684,0.56676567,-0.7415711,-0.7408223,-0.0013911724,0.00074881315
10.100151,0.06885195,3.35598,0.57674396,0.5740024,-0.74088687,-0.74241346,-0.0027415752,-0.0015265942
10.100151,0.07372014,3.58181,0.57108635,0.569842,-0.7407543,-0.73917216,-0.0012443662,0.0015821457
10.677205,0.7296488,15.128899,0.5715609,0.5831204,-0.7391354,-0.72246855,0.011559486,0.01666683
10.863777,1.6819363,15.128899,0.55600667,0.75896627,-0.7510393,-0.9047345,0.2029596,-0.15369517
10.125619,0.5988028,6.529951,0.15313312,0.15341862,-0.82767487,-0.8285149,0.00028549135,-0.00084000826
10.125619,0.058604956,3.0436993,0.14669794,0.14767481,-0.830001,-0.830598,0.0009768754,-0.0005970001
10.096901,0.058604956,3.0436993,0.15207687,0.14673486,-0.8295725,-0.8283116,-0.0053420067,0.0012608767
10.08783,0.056106664,4.129553,0.15623638,0.14120498,-0.82916915,-0.8265249,-0.015031397,0.0026442409
10.08783,0.056106664,4.129553,0.14215349,0.14096816,-0.827682,-0.8221434,-0.0011853278,0.0055386424
10.113342,0.6864549,3.5514355,0.6226182,0.61894643,-1.0984869,-1.103555,-0.0036717653,-0.0050680637
10.089075,0.02378226,2.781725,0.62795025,0.6243969,-1.1033877,-1.1035573,-0.003553331,-0.00016963482
10.112147,0.02759074,2.7765274,0.6279704,0.6162322,-1.1020825,-1.1010922,-0.011738181,0.0009902716
10.112147,0.02759074,3.0465126,0.6084417,0.6101156,-1.1020308,-1.0989375,0.0016738772,0.0030932426
10.0913315,0.02657108,3.0465126,0.61002535,0.61171883,-1.1022823,-1.0982207,0.0016934872,0.0040615797
11.571373,3.8293629,28.600311,-1.9296951,-1.5144497,1.2500073,1.2614267,0.4152454,0.0114194155
14.261559,2.0799584,41.289997,-1.5659999,-1.8187277,1.3207295,1.23295,-0.25272787,-0.08777952
14.261559,2.0799584,41.289997,-1.6110313,-1.8128703,1.2768072,1.290214,-0.20183897,0.013406754
13.058876,2.8014627,28.09906,-1.9645704,-1.51735,1.245576,1.3014395,0.44722044,0.0558635
14.518773,2.8014627,40.934944,-1.7453495,-1.6712335,1.2685039,1.2786716,0.07411599,0.010167718
17.612795,4.055893,65.8969,-1.4594352,-1.423283,1.2777874,0.33850664,0.036152244,-0.9392808
19.02835,4.9397173,65.95821,-1.3882947,-1.6286825,0.6101485,0.7769078,-0.2403878,0.16675931
19.703836,4.9397173,96.79003,-1.428447,-1.4699328,0.35581386,-0.60936725,-0.041485786,-0.9651811
20.425825,3.747859,96.79003,-1.364301,-1.3296092,0.121892095,-0.11381729,0.03469181,-0.23570938
22.886095,4.0013995,94.55061,-1.5435832,-1.5347655,-0.35088876,-0.5229867,0.008817673,-0.17209795
35.171913,2.6793432,282.12338,-1.6552699,-1.8897032,1.2390171,0.99905694,-0.2344333,-0.2399602
35.24268,2.863322,282.12338,-0.46135172,-0.023292493,-0.36702204,0.08542852,0.43805924,0.45245057
37.51454,2.863322,376.87302,-1.7682556,-0.97427046,1.2656493,0.048348725,0.7939851,-1.2173007
51.682667,3.6044457,531.99524,-1.8514601,-2.1201262,1.2198856,1.3211288,-0.26866615,0.10124326
51.682667,4.605607,531.99524,0.41358513,-1.6469345,-0.7053767,0.733487,-2.0605197,1.4388638
11.530565,0.9410537,33.01449,-0.8467639,-0.99315184,0.44777435,0.41408333,-0.14638793,-0.03369102
10.56402,1.2254416,19.90118,-0.9181574,-0.9349373,0.31887668,0.7132267,-0.0167799,0.39435
11.064723,1.629862,36.463596,-1.0461403,-0.74894094,0.5214543,1.1281728,0.29719937,0.6067185
11.80187,4.0766435,36.463596,-0.7856568,-0.49004802,0.85208285,0.66647875,0.2956088,-0.1856041
30.970043,4.0766435,926.84283,-0.8245801,-0.35461906,1.2305199,0.21689197,0.46996102,-1.0136279
10.732998,0.65261567,31.217337,-1.8200741,-1.8457493,1.348555,1.2854823,-0.025675178,-0.06307268
14.253908,1.482533,43.728733,-1.7044884,-1.678875,1.2997524,1.4554489,0.025613427,0.15569651
14.253908,1.482533,43.728733,-1.7713029,-1.5585635,1.3449746,1.3608587,0.21273947,0.015884042
11.53651,1.1969941,21.015215,-1.67015,-2.154984,1.4353237,1.3908689,-0.48483396,-0.044454813
11.53651,1.1969941,21.015215,-1.8429096,-1.8325526,1.4059331,1.3747938,0.010357022,-0.031139374
16.195631,3.3169901,51.638126,-1.2981272,1.762112,1.2047764,1.2895806,3.0602393,0.08480418
18.847492,3.5550737,51.638126,-1.9078524,-1.3979466,1.1017467,0.38957816,0.5099058,-0.7121685
20.166067,4.8625035,67.715645,-1.185344,-1.0753342,1.3203083,1.1728508,0.11000979,-0.14745748
20.166067,4.8625035,67.715645,-1.7525432,-1.4925219,0.71073735,1.1204125,0.26002133,0.40967512
11.588798,2.567654,42.10787,-0.06968568,-1.3506448,1.1349211,1.289352,-1.2809591,0.15443099
11.458052,0.9253638,25.081062,-1.73577,-1.8751491,1.2857744,1.3125522,-0.13937914,0.026777864
14.27073,0.9408039,39.147045,-1.7295427,-1.2893133,1.2529527,1.362994,0.44022942,0.11004126
14.27073,1.6312997,39.147045,-1.899235,-1.1949298,1.270489,1.2649894,0.7043052,-0.0054996014
13.783015,1.6312997,28.268051,-1.711211,-1.944363,1.3605419,1.3834602,-0.23315203,0.022918224
13.783015,1.3953673,28.268051,-1.3428862,-1.7012386,1.2315342,1.2672199,-0.35835242,0.03568566
9.8282795,1.7075987,4.218292,-1.5875404,-1.6190977,1.3037322,1.3032588,-0.03155732,-0.0004733801
9.8282795,0.075401716,4.233265,-1.5829418,-1.6102241,1.3108467,1.3127491,-0.027282357,0.001902461
9.8256235,0.08028179,4.233265,-1.6154788,-1.6056738,1.3117607,1.3015403,0.009804964,-0.010220408
9.912813,1.3463355,4.657507,-1.6096538,-1.6011941,1.3105867,1.3349096,0.008459687,0.024322867
10.187165,1.6293558,9.071112,-1.6137167,-1.5160087,1.316317,1.4476683,0.09770799,0.13135135
10.523146,1.1426265,6.199503,-1.1971128,-1.8667778,1.2585515,1.258279,-0.669665,-0.00027251244
10.523146,1.0374693,7.651663,-1.4272673,-1.7276475,1.1896311,1.2041805,-0.30038023,0.014549375
10.097348,0.9194072,7.651663,-1.815988,-1.7659909,1.2625971,1.2192155,0.04999709,-0.04338157
10.160604,0.537746,4.6033382,-1.7419472,-1.7230484,1.1849674,1.23617,0.018898726,0.051202655
10.455332,0.58854574,8.765173,-1.7177088,-1.405874,1.2562736,1.2669065,0.3118348,0.010632873
9.991939,0.533644,4.4273853,-1.8507965,-1.7046543,1.4092915,1.4440616,0.14614213,0.03477013
10.111089,0.27174857,4.6979427,-2.0373278,-1.5541936,1.4623964,1.4180696,0.48313415,-0.044326782
10.7571335,0.44170713,11.096954,-1.742769,-1.9535497,1.4476998,1.4536005,-0.21078074,0.0059007406
10.7571335,0.44170713,11.096954,-1.891379,-1.6141431,1.4270376,1.4496272,0.27723587,0.022589564
10.031548,0.11887787,3.66354,-1.715493,-1.6512849,1.4583127,1.4567626,0.06420803,-0.0015501976
9.893432,0.5178227,2.9951096,-1.4020363,-1.4045137,1.3963447,1.3914094,-0.0024774075,-0.0049352646
9.893432,0.093340576,2.9951096,-1.4155378,-1.3581403,1.3948117,1.3800924,0.057397485,-0.014719367
9.853188,0.093340576,2.0757675,-1.3853617,-1.4081749,1.3884437,1.3899256,-0.022813201,0.0014818907
9.853188,0.07995241,2.8900146,-1.4017603,-1.3937234,1.3829795,1.3939229,0.008036971,0.010943413
9.828092,0.04402446,2.8900146,-1.3860995,-1.4093847,1.3860204,1.3954542,-0.02328527,0.009433746
12.705781,3.5273478,12.972593,-1.403057,-1.0253203,1.2205458,1.1738942,0.3777367,-0.0466516
17.566916,4.3620267,54.51589,-1.693948,-1.4775927,1.2798455,0.8957132,0.21635532,-0.38413227
17.566916,4.412899,54.51589,-1.3443178,-0.74244636,1.1227645,0.6683836,0.60187143,-0.45438087
22.589874,6.2543626,58.740044,-1.3128128,-2.0404773,0.72363585,1.0752627,-0.7276645,0.3516268
22.589874,6.2543626,58.740044,-1.4906706,-1.6549591,0.9820782,1.3463595,-0.16428852,0.3642813
10.0330515,0.5945638,5.893612,-0.53731555,-0.542506,-0.5055377,-0.50534,-0.005190432,0.0001977086
10.0330515,0.16404,5.893612,-0.53723556,-0.5422062,-0.5038474,-0.49656266,-0.0049706697,0.0072847605
9.991571,0.071175694,4.312992,-0.53348374,-0.5524544,-0.49401528,-0.5034473,-0.018970668,-0.009432018
10.096352,0.15148476,5.2882195,-0.5372838,-0.54984826,-0.5006653,-0.50314415,-0.01256448,-0.002478838
11.305625,3.6334414,43.205643,-0.54503,-0.37586582,-0.49764937,-0.435754,0.16916418,0.06189537
9.921708,0.5946999,2.0436287,-0.065337636,-0.06024934,0.24739738,0.24672547,0.005088296,-0.00067190826
9.921708,0.020149555,2.4050236,-0.06141018,-0.06540694,0.2445902,0.24602076,-0.0039967597,0.0014305711
9.916217,0.020149555,2.4050236,-0.06481883,-0.06331179,0.24369586,0.24620286,0.0015070364,0.0025070012
9.911117,0.013714258,2.718401,-0.06389471,-0.0640444,0.2462919,0.24467222,-0.00014968961,-0.0016196817
9.922896,0.015366969,2.718401,-0.06417917,-0.06500326,0.24497227,0.24616706,-0.0008240938,0.00119479
9.900569,0.5874591,2.2053242,-0.15602443,-0.15545025,0.22187988,0.22256687,0.00057417154,0.00068698823
9.916385,0.018488405,2.067852,-0.15583415,-0.15619935,0.22282481,0.22184667,-0.00036519766,-0.000978142
9.916385,0.018488405,2.067852,-0.15575823,-0.157689,0.22243862,0.2223233,-0.0019307733,-0.00011532009
9.924435,0.016707206,2.5151253,-0.15747634,-0.15710095,0.22124378,0.22315553,0.00037539005,0.0019117445
9.925202,0.017499635,2.5151253,-0.1585988,-0.15837632,0.22167365,0.22228257,0.00022247434,0.00060892105
9.924765,0.5885974,1.7919064,0.30450055,0.30303878,0.29768378,0.30103534,-0.0014617741,0.0033515692
9.927255,0.025305053,2.2261143,0.3034209,0.29775292,0.30306903,0.30093837,-0.0056679845,-0.0021306574
9.927255,0.027127014,2.2261143,0.29582584,0.29103583,0.29957908,0.30258575,-0.004790008,0.003006667
9.907689,0.040905308,1.5471458,0.29446915,0.29877618,0.30361468,0.29680938,0.0043070316,-0.0068053007
9.912203,0.040905308,2.3118973,0.290457,0.3049045,0.30158293,0.29840335,0.01444748,-0.00317958
12.116112,1.9225218,19.807053,-1.2001649,-0.96852314,1.2516794,1.2005479,0.23164177,-0.051131487
12.116112,2.5162733,19.944096,-1.4345007,-1.7867264,1.2951316,1.1849548,-0.35222566,-0.1101768
12.111544,2.5162733,19.944096,-1.4965898,-1.1780087,1.2770474,1.2353126,0.3185811,-0.041734815
12.068531,1.5528948,16.967344,-1.5085081,-1.3805678,1.1393952,1.3005465,0.1279403,0.16115129
12.068531,1.1113948,17.33203,-1.153125,-1.0918586,1.2772192,1.1929228,0.061266422,-0.084296346
29.250328,5.7487063,144.21521,-1.1945693,-0.12855203,0.19545195,1.0994192,1.0660173,0.90396726
28.668589,6.019216,186.2545,-2.1653523,-1.2555267,0.94890344,-0.32906848,0.9098257,-1.277972
39.880848,6.5318217,223.68604,-1.3473513,-0.12572476,0.20047808,1.1112553,1.2216265,0.9107772
39.880848,6.5318217,223.68604,-1.633262,-1.359475,0.6780618,-0.68045753,0.27378702,-1.3585193
41.31598,6.317034,233.0532,-1.2027581,-0.36685658,0.45409864,1.1058567,0.8359015,0.651758
10.020881,8.719948,5.565119,-1.3719885,-1.4658203,1.2414656,1.2509727,-0.09383178,0.009507179
13.213711,1.6797768,122.62726,-1.4331932,-1.068617,1.2766827,1.2154711,0.36457622,-0.061211586
25.837719,3.5880876,137.6172,-1.4708669,-0.79349124,1.2261102,-0.5127408,0.6773757,-1.7388511
41.57147,5.0329247,487.3728,-2.3639452,-0.89183414,1.3033608,-0.19676796,1.4721111,-1.5001287
41.57147,5.0329247,487.3728,-1.737372,-2.0432992,0.9875159,1.2530749,-0.30592716,0.26555896
13.747663,4.17695,51.076412,-1.5259846,-0.5475551,1.0430521,0.33795813,0.97842956,-0.705094
11.008495,4.17695,51.076412,-0.41963783,-0.4898029,0.42462167,0.38705826,-0.07016507,-0.037563413
10.938277,1.2685122,33.554554,-0.5944258,-0.43359536,0.44248056,0.28656775,0.16083044,-0.15591282
10.689673,0.5900579,15.313005,-0.39088696,-0.46743703,0.30140105,0.2459884,-0.07655007,-0.05541265
10.689673,0.47486517,43.09831,-0.44296485,-0.527199,0.2544929,0.27672592,-0.08423412,0.02223301
10.280655,0.7847743,5.7118893,-1.4579254,-1.774155,1.2691005,1.2383713,-0.31622958,-0.030729294
10.236534,1.3837482,8.38747,-1.6985855,-1.2944487,1.1545523,1.226529,0.40413678,0.07197666
10.362367,1.3837482,14.187336,-1.7639803,-1.1423227,1.2347033,1.0779154,0.6216576,-0.15678787
12.372147,1.2943745,16.080904,-1.174294,-1.0037596,1.1763719,1.4400691,0.17053437,0.26369715
12.372147,1.9825861,16.080904,-1.0101478,-0.8199593,1.1283677,1.077002,0.19018853,-0.051365614
13.685439,1.6623837,66.2188,-0.4418401,-0.45616493,0.11085769,0.1842732,-0.014324814,0.07341551
13.685439,1.6623837,66.2188,-0.18084046,-0.50976145,0.1047354,0.16604379,-0.328921,0.06130839
13.38515,1.57021,54.07152,-0.31664464,-0.42690745,0.1905314,-0.0111388285,-0.11026281,-0.20167023
12.755502,3.8989294,34.079075,-0.4383452,-0.07570566,0.1399702,0.45940527,0.36263955,0.31943506
12.755502,3.8989294,34.079075,-0.36062527,-0.23574369,0.12638524,0.61631453,0.12488158,0.4899293
10.158988,0.6308271,4.700184,-1.5283005,-1.6739323,1.3239936,1.2798395,-0.14563179,-0.044154048
10.158988,1.5658085,12.064457,-1.6243048,-1.306475,1.3360789,1.3444564,0.31782973,0.008377552
16.591179,2.0465662,52.02308,-1.4745347,-1.1149284,1.2981448,1.2446747,0.3596064,-0.053470135
16.591179,3.8572524,52.02308,-1.4109216,-1.2223585,1.1903652,1.2822137,0.18856311,0.09184849
15.804193,3.8572524,40.766575,-1.6829653,-2.0252104,1.3661897,1.2905234,-0.3422451,-0.07566631
9.933167,0.59918875,2.8077602,-1.4664953,-1.4898722,1.3757292,1.3270729,-0.023376942,-0.048656344
9.933167,0.19256473,2.240944,-1.4326118,-1.4512929,1.3213753,1.3133886,-0.01868105,-0.007986665
9.880024,0.11385719,2.240944,-1.4472301,-1.4220589,1.3184158,1.3107187,0.02517116,-0.0076971054
9.880024,0.23198126,2.451086,-1.4508326,-1.4537026,1.3170326,1.3127267,-0.0028699636,-0.0043058395
9.86636,0.23198126,3.0739784,-1.3988682,-1.4445002,1.3248395,1.3248153,-0.045632005,-2.4199486e-05
11.086332,0.98477614,14.876938,-0.25014415,-1.00141,1.3102759,1.3398311,-0.7512659,0.029555202
11.273644,0.98477614,16.200018,-0.625594,-0.5124078,1.3758733,1.3570104,0.11318624,-0.018862963
11.892028,2.0646749,24.478483,-0.91656554,0.06537114,1.3702983,1.314795,0.9819367,-0.05550325
12.922747,2.0646749,27.195597,-0.26668435,-0.39407986,1.388788,1.3191192,-0.12739551,-0.06966877
12.922747,1.2425609,27.195597,-0.22741207,-0.8951933,1.3016536,1.3856101,-0.66778123,0.08395648
9.906811,0.5254485,5.07946,-0.6125563,-0.6978928,1.3594565,1.3549926,-0.08533651,-0.004463911
9.890939,0.51004636,3.3482552,-0.7002227,-0.6153704,1.3505864,1.3720133,0.08485228,0.021426916
9.890939,0.35436508,4.3810368,-0.67503583,-0.80681956,1.372268,1.3773795,-0.13178372,0.005111575
9.861535,0.698738,4.961872,-0.69128776,-0.88821423,1.3757117,1.5240294,-0.19692647,0.1483177
11.382805,2.397641,17.753649,-0.8214947,2.2747002,1.4112453,1.3249773,3.0961947,-0.08626807
11.27276,2.7985528,29.082918,-0.5935479,-1.1830466,1.368541,1.3057315,-0.5894987,-0.06280947
11.423856,2.7985528,29.082918,-0.68938017,-1.399635,1.3675778,1.3680433,-0.7102548,0.00046551228
11.423856,2.992498,25.2738,-1.1013366,2.551124,1.143822,1.2995768,3.6524606,0.1557548
11.452377,2.9929118,34.101868,1.1453974,1.8039806,1.3999839,0.9998644,0.65858316,-0.40011948
12.882754,3.6509683,68.982414,2.1393988,1.8061402,1.352199,1.1106524,-0.33325863,-0.24154651
9.982094,0.5157584,3.0934334,-1.0907775,-1.1439834,1.3612875,1.3481905,-0.053205848,-0.013096929
9.982094,0.2811308,3.0934334,-1.0924171,-1.0649989,1.3805078,1.3445114,0.027418256,-0.035996437
10.699635,1.8256055,10.039473,-1.2144024,-1.3626187,1.3859229,1.3485544,-0.14821625,-0.037368536
14.338271,3.2949805,18.097162,-1.0933838,-2.3424602,1.3001403,1.4573821,-1.2490764,0.15724182
23.627308,6.396586,64.840034,2.575703,-1.296675,1.440789,1.3261613,-3.8723779,-0.11462772
10.036615,0.5958876,2.014017,-0.5470599,-0.5480606,-0.7482458,-0.749652,-0.0010007024,-0.0014062524
10.031391,0.053268094,3.4193993,-0.55160797,-0.54875714,-0.75056624,-0.74957687,0.0028508306,0.0009893775
10.0343075,0.053268094,3.4193993,-0.55154157,-0.5537272,-0.7473379,-0.74450827,-0.0021856427,0.0028296113
10.061066,0.04947703,2.7002335,-0.5523442,-0.54898167,-0.7453844,-0.74784464,0.0033625364,-0.0024602413
10.061066,0.04947703,2.2812843,-0.554124,-0.5473527,-0.74654305,-0.7529286,0.006771326,-0.006385565
9.966239,1.1715153,2.9884338,-0.20010717,-0.2029047,0.07497496,0.07683053,-0.002797529,0.0018555671
9.923034,0.020066395,1.7991066,-0.20136252,-0.20088105,0.07581026,0.07544999,0.00048147142,-0.00036027282
9.962979,0.07272371,2.7936935,-0.20273867,-0.19695853,0.076585904,0.07683873,0.0057801455,0.000252828
10.976734,0.779868,7.341242,-0.1970369,-0.14263023,0.07910617,0.11010265,0.054406673,0.030996487
12.109697,1.2872436,53.041794,-0.18992487,-0.3307113,0.0782298,0.054492336,-0.14078644,-0.023737464
10.51265,1.4800786,16.575146,-0.46165705,-0.40816918,0.03647075,0.03190873,0.053487867,-0.0045620203
10.51265,1.4800786,13.999081,-0.5077952,-0.4369639,0.04554752,0.0485811,0.07083133,0.0030335821
10.385038,0.82804674,9.948111,-0.41907758,-0.32396024,0.04496206,0.04291698,0.09511733,-0.00204508
10.563267,1.8110834,25.494099,-0.42862606,-0.6303671,0.05010566,0.051457554,-0.20174104,0.001351893
12.388321,3.4576237,42.032337,-0.40400285,-0.24625976,0.03423042,0.041597627,0.15774308,0.0073672086
9.880637,0.5835856,3.1072617,-0.8380949,-0.8736614,0.519042,0.5261287,-0.03556651,0.0070866942
9.896316,0.18287754,3.1072617,-0.8739735,-0.83852875,0.55415094,0.559806,0.035444736,0.0056550503
9.896316,0.18287754,3.1580925,-0.858939,-0.79980963,0.53051174,0.564384,0.059129357,0.033872247
9.929112,0.17254557,3.1580925,-0.83509797,-0.76604605,0.5563254,0.58841085,0.06905192,0.03208548
10.16906,0.54490554,4.519129,-0.7919516,-0.69591504,0.57173824,0.62797856,0.09603655,0.05624032
9.89595,0.5514159,3.3314228,-0.532348,-0.527574,1.3379209,1.3707705,0.0047739744,0.03284955
9.83903,0.412461,3.216648,-0.49398416,-0.5263173,1.3649757,1.3317916,-0.032333136,-0.03318405
10.119655,0.65681624,7.930517,-0.4996213,0.24899912,1.3614731,1.3553418,0.7486204,-0.0061312914
12.583264,1.158915,16.838789,-0.61379784,-0.2951253,1.3543115,1.2720629,0.31867254,-0.08224857
12.878727,1.4016094,33.205845,-0.11953108,-0.9187641,1.2950302,1.3513209,-0.799233,0.056290627
35.43888,4.1670175,233.63715,-1.5895069,-1.2574152,0.5591295,0.6314167,0.3320917,0.0722872
35.43888,4.713397,233.63715,-1.4300905,-1.5048535,-0.7643813,-0.5305098,-0.07476294,0.23387146
40.922478,4.713397,252.34157,0.14636849,0.15061052,0.9665387,0.79328454,0.0042420328,-0.17325419
40.922478,5.7385087,309.37912,-1.3721968,-1.3435252,-0.6868858,-1.0033911,0.028671622,-0.31650537
40.49027,5.7385087,323.90985,-1.0855025,0.98735714,0.7309744,0.9254473,2.0728598,0.19447291
29.868229,4.1510377,193.16617,-0.8129364,0.8372797,0.7723875,-0.16465923,1.6502161,-0.93704677
38.951233,2.6498666,335.16245,-1.6522257,-1.2184144,0.30525905,0.061541088,0.4338113,-0.24371797
46.85799,3.3268867,392.346,-0.5288437,-1.5547556,0.58016956,0.40351215,-1.0259118,-0.17665741
46.85799,3.3268867,392.346,1.0330094,1.4167515,-0.068594895,0.46642548,0.3837421,0.53502035
49.776966,4.024873,465.54282,-0.74358094,1.7492889,-0.04825351,-0.09710854,2.4928699,-0.048855033
10.6894455,1.2475532,19.097519,-0.8675054,-0.57966316,0.49281365,0.073401935,0.2878422,-0.41941172
12.266636,1.2475532,55.30105,-0.78574383,-0.3229321,0.29291707,0.1339156,0.46281174,-0.15900147
13.396827,3.050277,61.542892,-0.46648532,-0.38063127,0.104121104,0.6371075,0.08585405,0.5329864
13.396827,3.050277,61.542892,-0.26689422,0.17700282,0.20523827,0.9103209,0.44389704,0.7050826
11.456472,2.8127172,37.249043,-0.008541105,-0.100054696,0.7876786,0.41955048,-0.09151359,-0.36812812
10.3934355,1.5850375,9.277153,-0.15696314,-0.19301733,1.3315891,1.317482,-0.036054194,-0.014107108
10.381844,1.5850375,9.902477,-0.10021273,-0.5636736,1.260155,1.1281061,-0.4634609,-0.13204885
11.385238,1.4715691,13.152266,-0.4658073,-0.6612748,1.2138729,1.3309141,-0.1954675,0.11704123
11.385238,1.5014312,13.152266,-0.469143,-0.4961678,1.2456706,1.2674261,-0.027024806,0.021755576
10.352305,2.009135,9.019423,-0.70094484,-0.75858235,1.3360829,1.3266875,-0.057637513,-0.00939548
10.161782,0.9068923,4.109764,-1.4006258,-1.1634424,1.430527,1.4023955,0.23718345,-0.028131485
10.136111,1.3196961,7.0378304,-1.1392139,-1.4413694,1.4296331,1.3444866,-0.3021555,-0.08514655
15.127316,1.4714733,44.33818,-1.1584996,-2.2657619,1.3743513,1.4465446,-1.1072623,0.072193384
15.127316,1.8184103,44.33818,-1.5090331,-0.32871413,1.4035048,1.3137667,1.180319,-0.08973813
15.308063,2.9051905,46.20912,0.8198344,-1.2308214,1.4926112,0.66818464,-2.0506558,-0.82442653
11.333781,2.1452732,12.512636,-0.98231965,-0.6399487,1.3419536,1.3747591,0.34237093,0.032805443
10.58444,1.4506942,10.439587,-0.65357095,-0.8335535,1.344681,1.3897002,-0.17998254,0.04501915
11.801838,1.0362068,23.707914,-0.67362887,-0.6172439,1.3892671,1.389294,0.05638498,2.69413e-05
12.002264,1.2224303,36.701633,-1.1215571,-0.2978416,1.4298154,1.242356,0.8237155,-0.18745947
16.871107,1.6864132,44.512558,-0.26265723,-0.5370608,1.2126925,1.292762,-0.27440357,0.08006954
9.933389,0.6196051,3.1569004,-0.97240984,-0.96051663,1.3694288,1.3645014,0.011893213,-0.004927397
9.867667,0.39366844,2.451563,-0.89301527,-0.98065776,1.3558133,1.3540688,-0.08764249,-0.0017445087
9.946788,0.35356817,3.5464287,-0.9282033,-0.83811176,1.3566511,1.3580819,0.09009153,0.0014308691
9.946788,0.3451167,3.5464287,-0.9861871,-0.81761754,1.3478076,1.348428,0.16856956,0.00062036514
9.827219,0.3166899,2.735138,-0.93314457,-0.86180913,1.3688015,1.3701172,0.071335435,0.0013157129
10.184583,0.58758163,7.185507,-0.85404557,-0.98810464,1.250675,1.2711767,-0.13405907,0.020501733
10.184583,0.35850874,7.185507,-0.97279674,-1.0712187,1.2603972,1.2765596,-0.09842199,0.016162395
10.899888,0.52379215,17.37175,-1.0422852,-0.8836466,1.2693131,1.2198081,0.1586386,-0.049504995
11.080794,1.9684213,17.37175,-1.0501001,-0.5311605,1.2922986,1.211921,0.5189396,-0.08037758
11.337089,1.9684213,16.101885,-1.0113823,-0.7736417,1.3356242,1.1520574,0.23774064,-0.18356681
25.85021,20.692987,191.40883,-2.2803776,-1.159651,0.82781345,0.6344155,1.1207266,-0.19339794
25.85021,20.692987,191.40883,-0.36279017,-0.6293072,1.1438266,1.2815334,-0.26651704,0.13770676
18.640862,12.965577,92.43231,-0.8013649,-1.2315602,1.1746095,1.1877348,-0.43019533,0.0131253
11.074384,3.1619265,11.689997,-0.92924356,0.13172379,1.2517847,1.3884822,1.0609673,0.13669753
10.803615,3.1619265,8.631945,-1.1332045,-0.8500371,1.24649,1.27953,0.28316736,0.033040047
10.286166,1.3155763,7.673073,-0.896317,-1.0765437,1.2670907,1.3348631,-0.18022668,0.06777239
10.286166,1.3155763,7.673073,-0.97616994,-0.74862397,1.2721355,1.3147293,0.22754598,0.042593837
9.962622,1.304708,5.9156895,-0.61703634,-0.8881012,1.3280536,1.2637795,-0.27106488,-0.06427407
9.860006,0.78045726,2.515316,-0.92939365,-0.88321275,1.2386094,1.2668827,0.046180904,0.028273225
9.830431,0.4317479,2.4255753,-0.8681588,-0.8608686,1.2542584,1.2914345,0.007290244,0.037176132
16.151812,6.3503914,40.687992,-0.31694382,1.8519108,1.1812057,1.388827,2.1688547,0.20762122
13.213115,3.1881847,22.593737,-0.10005303,0.23389748,1.2467216,1.0925133,0.33395052,-0.1542083
21.451149,5.22881,35.446262,-0.3247089,-0.69619715,1.3820546,1.3161799,-0.37148824,-0.065874696
21.451149,5.22881,50.598648,-0.59506965,0.38171887,1.2010664,0.32566708,0.9767885,-0.8753993
24.936678,10.795142,78.64352,0.12702972,-1.4812207,0.8429676,1.3299124,-1.6082504,0.4869448
11.144701,2.311639,26.949072,-0.12035654,0.047630224,-0.6547984,-0.65339553,0.16798677,0.0014028549
13.785397,3.2553947,61.364033,-0.112807475,-0.8631107,-0.6579879,-0.5911714,-0.75030327,0.06681651
13.785397,3.2553947,61.364033,-0.5693673,-0.49189585,-0.55872065,-0.69581896,0.077471435,-0.13709831
10.530572,2.002617,6.9014072,-0.3660485,-0.50803554,-0.7264263,-0.728432,-0.14198703,-0.0020056963
10.345346,0.31392348,6.860924,-0.5057188,-0.5182675,-0.7249654,-0.72476256,-0.012548685,0.0002028346
9.91916,0.5125131,2.4371147,-0.60040164,-0.6054008,-0.07158872,-0.07340333,-0.0049991608,-0.0018146113
9.9163685,0.03174165,2.078724,-0.60227454,-0.60237265,-0.07192543,-0.07238696,-9.8109245e-05,-0.00046152622
9.894569,0.02494863,2.2476196,-0.60346717,-0.60402834,-0.07153393,-0.0707542,-0.00056117773,0.00077973306
9.904936,0.02494863,2.2476196,-0.60378015,-0.6018032,-0.07303278,-0.07279478,0.0019769669,0.00023800135
9.928344,0.056372054,2.6842594,-0.60103774,-0.60067147,-0.07130516,-0.07119791,0.00036627054,0.00010725111
9.928111,0.5290177,2.722168,-0.5457803,-0.52988464,-0.055104412,-0.055049397,0.015895665,5.5015087e-05
9.928111,0.14930128,2.722168,-0.5433815,-0.5355257,-0.05391111,-0.052558027,0.007855833,0.0013530813
9.939786,0.030877816,2.8177738,-0.5343236,-0.53665745,-0.054420363,-0.05292481,-0.0023338795,0.0014955513
9.939786,0.02555043,2.8177738,-0.53405803,-0.5356182,-0.053041387,-0.05369998,-0.0015601516,-0.0006585941
9.908815,0.02555043,2.3838043,-0.536878,-0.535771,-0.054344214,-0.05243807,0.0011069775,0.0019061454
9.871635,0.5289026,1.6212463,0.51786995,0.52920645,0.8691427,0.8737985,0.011336505,0.0046557784
9.871635,0.043298353,1.9028187,0.53167784,0.5270311,0.8760592,0.8715519,-0.0046467185,-0.0045073032
9.871183,0.045336008,1.995182,0.5238489,0.5266073,0.8685953,0.8720001,0.0027583838,0.0034047961
9.923518,0.045336008,2.3395061,0.5268204,0.52944595,0.8699201,0.8660207,0.002625525,-0.0038993955
9.923518,0.044016335,2.3395061,0.52994645,0.53738105,0.870088,0.87307584,0.0074346066,0.0029878616
14.902245,3.8663764,51.445484,-1.4729314,0.7226776,1.2693939,1.3572131,2.195609,0.08781922
14.895553,4.9359736,37.38451,-1.1132646,-0.16921976,1.2285297,1.1769278,0.9440448,-0.051601887
14.355291,4.9359736,35.591938,-0.5198873,-1.7067715,1.2111388,1.3590609,-1.1868842,0.14792204
13.658608,4.7481694,35.96654,-0.69381225,-0.2499127,1.2360723,1.2975388,0.44389957,0.061466455
15.409266,5.0469885,46.912766,-0.87482005,-0.28552777,1.2134544,1.2915698,0.5892923,0.07811546
18.455399,3.5284886,111.0723,-1.4040394,-1.5787923,0.42123374,-0.31271523,-0.17475295,-0.73394895
22.555279,4.2998147,111.0723,-1.4788344,-1.817343,0.40353197,0.2298754,-0.3385086,-0.17365657
22.760073,4.2998147,165.58351,-1.1131406,-1.4387491,-0.6262342,-0.37416404,-0.3256085,0.25207013
24.690296,4.4530582,191.99438,-0.10978635,-2.1841154,0.7218257,0.5798911,-2.0743291,-0.14193463
24.690296,4.4530582,191.99438,-1.1962898,-2.0265594,-0.7795013,-0.67399514,-0.8302696,0.10550618
10.65104,1.657908,15.038013,-1.0100912,-1.0448364,1.2741476,1.2150037,-0.034745216,-0.0591439
23.119734,3.160431,119.47174,-0.69976676,-0.88568246,1.1099846,1.2821577,-0.18591571,0.17217302
28.584293,3.160431,144.16333,-0.99281025,-1.0868511,1.2265128,1.1846602,-0.09404087,-0.041852593
28.941761,3.8202765,185.09521,-0.3621239,-1.0905757,0.30488256,1.1742063,-0.7284518,0.86932373
31.6064,3.8202765,230.88799,-0.8957037,-0.83994997,0.14513883,0.73804605,0.055753708,0.5929072
12.645021,3.0775228,29.85444,-0.47437954,-0.7559174,0.2796647,0.51225936,-0.28153783,0.23259467
12.645021,3.7585673,83.62012,-0.68143064,-0.45312676,0.8689656,0.17197827,0.22830388,-0.6969874
17.507088,3.7585673,252.85478,-0.6183542,-0.60242945,0.3939796,-0.035596374,0.015924752,-0.42957598
17.507088,1.7915891,252.85478,-0.35249472,-0.5664748,0.28570732,0.17398497,-0.21398008,-0.11172235
10.3038435,1.2920313,9.987593,-0.5478825,-0.5737626,0.06364212,0.37619877,-0.025880098,0.31255665
10.012534,0.56505,7.4311733,-0.738289,-0.62031204,1.2331011,1.1414185,0.11797696,-0.09168267
12.536149,0.7935703,20.766973,-0.71526664,-0.8018259,1.1912105,1.2936232,-0.086559236,0.1024127
12.536149,1.4655619,20.766973,-0.69349277,-0.93032897,1.1636536,1.205796,-0.2368362,0.04214239
10.776015,1.4655619,13.870144,-0.8839844,-0.995681,1.3064395,1.2199912,-0.1116966,-0.08644831
10.561534,1.4084473,12.59985,-0.8215958,-0.7888,1.2364998,1.2801585,0.032795787,0.043658733
12.788061,1.9558834,60.859253,-0.6287095,-0.8177233,0.38024148,0.17522559,-0.18901378,-0.2050159
18.053648,3.0391843,60.859253,-0.52362233,-0.3798919,0.3542064,0.21529655,0.14373043,-0.13890986
18.053648,3.3747418,78.34973,-0.6730488,-0.32023236,-0.1882596,0.1888686,0.35281643,0.37712818
15.366253,3.587301,218.44846,-0.41909513,-0.4646001,0.27159387,0.5621544,-0.045504957,0.29056054
19.41584,3.9738014,218.44846,-0.3797782,-0.7988091,0.2213063,0.33033875,-0.4190309,0.10903245
33.871742,13.690467,249.25461,0.5980308,-1.0643662,-0.67582643,1.1671085,-1.662397,1.842935
40.2261,13.690467,413.51797,0.6922265,-1.0817606,0.22738974,0.5873048,-1.7739872,0.35991502
40.2261,11.390443,413.51797,-0.09310091,-0.5585636,1.0496528,1.2600367,-0.46546268,0.21038389
23.897804,8.540314,172.95705,-0.79796493,-0.6439767,1.3907444,1.0021753,0.15398824,-0.38856912
23.43836,5.478552,111.76405,0.41030225,-0.60614437,1.394594,1.1536493,-1.0164466,-0.24094462
9.798827,1.3575388,1.6492367,-1.0123441,-1.0179384,1.2459034,1.2460105,-0.0055942535,0.00010716915
9.831424,0.05424713,3.019333,-1.0182283,-1.018056,1.2465751,1.2450277,0.00017225742,-0.0015474558
9.831424,0.044488568,3.019333,-1.016233,-1.0167207,1.2472064,1.2432945,-0.0004876852,-0.003911972
9.820745,0.065451086,2.298975,-1.0161575,-1.0248176,1.2447922,1.2391403,-0.008660078,-0.005651951
9.797403,0.065451086,1.8204689,-1.0135288,-1.0024978,1.2453089,1.2487428,0.011031032,0.0034339428
12.797655,2.8614779,29.102325,-0.21481481,-0.39158982,1.2885672,1.3218337,-0.17677501,0.033266544
14.698015,1.8495343,37.165546,-0.05437257,-0.17404455,1.2932181,1.2277637,-0.11967198,-0.06545448
16.203524,5.47875,75.98271,-0.32026422,-0.703777,1.3010536,1.4660015,-0.3835128,0.16494787
21.326078,6.052557,75.98271,0.15251717,-0.09698741,1.2457521,1.2044789,-0.24950458,-0.041273236
21.326078,6.052557,112.876755,-0.9261831,-0.47799048,1.2127326,1.2804923,0.44819263,0.06775975
10.711,4.079467,49.294807,-0.901426,-0.7384404,-0.11783397,0.1460742,0.16298562,0.26390818
14.787796,5.2337074,61.40063,-0.91012526,-0.88172024,-0.07402825,1.0052079,0.02840501,1.0792361
14.787796,5.2337074,61.40063,-0.3462173,-0.8187313,0.7460687,1.206896,-0.472514,0.46082723
10.797389,1.9562726,13.717079,-0.5927688,-0.7441787,1.0804864,1.2931767,-0.15140992,0.21269023
12.312909,1.7834574,38.963223,-0.6128949,1.9457142,1.2552671,1.202737,2.558609,-0.05253017
10.021718,0.5759793,3.4744263,-0.30281866,-0.29075533,0.041251425,0.07425998,0.012063324,0.033008557
10.054052,0.14377545,5.421829,-0.28027493,-0.30150843,0.052952755,0.07517587,-0.021233499,0.022223111
10.054052,0.09427143,5.421829,-0.28843042,-0.29455525,0.07358692,0.06828787,-0.0061248243,-0.0052990466
9.988786,0.09185372,2.9283524,-0.3077218,-0.29715306,0.07370497,0.07490458,0.010568738,0.0011996105
9.98983,0.061448153,3.628254,-0.29721498,-0.29722714,0.075598896,0.07593719,-1.21593475e-05,0.0003382936
12.942211,4.273322,47.245884,-0.13749865,0.06526813,0.9392807,1.1557895,0.20276678,0.2165088
14.712148,5.6774993,47.245884,0.013352151,-0.05126313,1.0485209,0.9368803,-0.06461528,-0.11164063
17.634762,7.4320765,46.40756,-0.4400559,0.026868364,1.2426695,1.2935897,0.46692428,0.050920248
17.634762,7.4320765,46.40756,-0.13911477,-0.6624684,1.0186822,1.1884599,-0.5233536,0.16977763
20.253778,6.574341,48.867607,-0.42256323,-0.14811663,1.2551672,0.8803333,0.2744466,-0.37483394
10.06141,0.66876554,4.252434,-0.045988396,-0.024767641,-0.19164637,-0.1952025,0.021220755,-0.0035561323
10.106937,0.26050952,4.252434,-0.080927715,-0.05630542,-0.19227001,-0.18971965,0.024622295,0.0025503635
10.106937,0.14816728,4.0943623,-0.07327964,-0.06520096,-0.18831547,-0.19121352,0.008078679,-0.0028980523
10.017965,0.039470926,3.6608696,-0.0681231,-0.06881524,-0.19156511,-0.19155008,-0.0006921366,1.5035272e-05
9.992792,0.03632479,3.0132294,-0.06648069,-0.06392066,-0.19185507,-0.19194093,0.002560027,-8.586049e-05
10.573747,0.44154486,10.983086,-0.13417229,-0.15252881,-0.121392705,-0.08011009,-0.018356517,0.041282617
10.573747,0.5558404,26.050758,-0.09657489,-0.11473998,-0.1071081,-0.03635892,-0.01816509,0.07074918
11.35271,1.2288985,29.352236,-0.15185818,-0.048134044,-0.093401045,-0.021235261,0.10372414,0.07216579
19.472277,3.2324855,175.77077,-0.2271374,-0.543718,-0.06299423,0.07930167,-0.3165806,0.1422959
19.472277,4.5573444,175.77077,-0.2751226,-0.2703395,0.074654385,0.3379485,0.0047831237,0.2632941
13.856787,2.3685374,52.813866,-0.5598469,-0.9806551,-0.049688153,-0.06410249,-0.4208082,-0.01441434
13.856787,3.378207,67.25872,-1.0625376,-1.087811,-0.044079915,0.21261945,-0.025273442,0.25669938
14.941521,3.9140892,67.25872,-0.70910394,-1.519397,-0.048049785,-0.15377259,-0.8102931,-0.10572281
14.941521,3.9140892,93.979454,-1.1019632,-0.4722088,0.15508088,0.19834042,0.62975436,0.04325953
27.033638,5.81253,389.874,-0.98801786,-1.0988331,-0.17911118,0.28541642,-0.11081523,0.4645276
10.001268,0.5624614,1.9983768,1.003765,0.99271375,-0.06175659,-0.06626215,-0.011051238,-0.00450556
10.001268,0.06496261,2.2227287,0.9990433,1.0005853,-0.065467104,-0.06603356,0.0015420318,-0.00056645274
9.97519,0.054412507,2.2227287,0.9918459,1.0080373,-0.06978817,-0.067974254,0.016191423,0.0018139184
9.992724,0.20225085,2.720642,1.0050943,0.98814946,-0.06643949,-0.071459696,-0.016944826,-0.0050202087
10.263096,0.55606717,7.6087475,1.0122648,1.0349863,-0.06532671,-0.08032869,0.02272141,-0.015001975
13.48758,3.0125651,47.647095,-0.5136574,1.8819685,1.4297979,1.356423,2.3956258,-0.07337487
15.010415,2.593872,47.647095,-0.40189514,-0.41012627,1.1128889,1.307617,-0.008231133,0.19472802
15.010415,4.5148377,57.2269,-0.63732946,-1.8585384,1.414325,1.3093102,-1.2212089,-0.1050148
14.628077,7.0370436,73.532585,-0.6394249,0.6682209,1.2882141,1.2390983,1.3076458,-0.049115777
12.313553,7.0370436,73.532585,-1.5347234,-0.2126108,1.0765088,1.2609023,1.3221126,0.18439353
23.22361,3.2790716,119.00916,-1.4002426,-1.1283281,0.23234487,-0.4667201,0.27191448,-0.69906497
35.214626,6.477267,201.68648,-1.0526469,-0.29656705,-0.066399865,0.81086934,0.7560798,0.8772692
35.214626,6.477267,206.97919,-1.0127958,-1.111227,-0.8435895,-0.9289529,-0.09843123,-0.08536339
34.87635,7.4107423,286.45935,-0.686382,-0.15968981,0.46627325,0.64051783,0.52669215,0.17424458
34.87635,7.4107423,286.45935,-1.6755886,-1.2449843,0.18578053,-0.5602928,0.43060434,-0.7460733
29.503738,6.4029827,178.23744,-0.619805,1.4821167,1.1239471,0.0107502,2.1019216,-1.113197
50.237164,6.4497237,542.4014,-1.1710173,1.6221167,0.6185431,0.16372123,2.793134,-0.45482185
50.237164,6.4497237,542.4014,-0.91149914,1.240843,-0.255567,-0.0373133,2.1523423,0.21825372
41.846138,4.7467256,486.15695,-0.9764392,0.96033,0.101148725,-0.2545254,1.9367692,-0.35567412
38.710155,4.7467256,390.62192,-0.57325053,0.5095757,-0.038404394,-0.63341993,1.0828263,-0.5950155
10.87589,0.82549214,22.792387,-0.6592491,-0.5498538,0.09256137,0.16125037,0.109395325,0.068688996
10.87589,0.8649445,36.511517,-0.5628913,-0.49256802,0.17094287,0.117379725,0.07032329,-0.053563148
11.698019,1.0594488,57.74393,-0.49194717,-0.5893441,0.16649711,0.14014293,-0.09739691,-0.026354179
11.698019,1.1687961,57.74393,-0.50077957,-0.6285024,0.06529778,0.4784371,-0.12772286,0.4131393
10.834659,1.6719142,23.44904,-0.6068227,-0.44697934,0.2918163,0.51518923,0.15984339,0.22337294
10.777328,0.8781185,25.401258,-0.44233972,-0.3752616,1.2438356,1.1976023,0.06707811,-0.046233296
14.17852,1.5453017,35.331776,-0.49890274,-0.1288087,1.2304537,1.2190984,0.37009403,-0.011355281
14.17852,2.5650668,35.331776,-0.33794704,0.025832504,1.1657683,1.1513422,0.36377954,-0.014426112
10.743766,2.5650668,31.45051,-0.118165694,-0.20636103,1.16719,1.2011777,-0.08819533,0.03398776
10.743766,2.1605904,15.088081,-0.31500006,-0.62889826,1.1378418,1.1265805,-0.3138982,-0.011261344
14.013951,7.0625854,129.25758,-0.50078976,0.23524019,0.67019695,1.1732768,0.73603,0.50307983
22.583775,13.595161,172.71529,0.31023592,-0.9576458,1.1927059,1.2061458,-1.2678816,0.013439894
22.583775,13.595161,172.71529,0.27543262,-0.30391553,0.832411,1.2533624,-0.57934815,0.42095143
17.471724,7.573144,107.14774,1.7052616,-1.1952397,0.94451493,1.2171748,-2.9005013,0.27265984
16.93086,8.306669,103.17297,-0.46344107,-0.52935314,0.794193,1.2531575,-0.06591207,0.45896447
11.14213,2.501445,17.723942,-0.8347661,-0.58389884,1.2881846,1.2501034,0.25086725,-0.03808129
14.597725,2.9591675,35.012245,-0.27112952,-0.51653975,1.2189789,0.9835249,-0.24541023,-0.23545396
16.053925,3.2360106,60.570576,-0.48905936,-0.75934803,1.3139229,1.3643314,-0.27028868,0.050408483
16.053925,3.2360106,60.570576,-0.55138826,-0.36604422,1.1442952,1.367543,0.18534404,0.22324777
14.95108,3.197316,43.919754,-0.7580057,0.1510138,1.2963191,1.2531551,0.9090195,-0.043164015
11.798664,4.3225036,16.34512,-0.63204736,-0.7089448,1.1001172,1.2470944,-0.07689744,0.14697719
11.233127,2.5582385,26.172924,-0.40446,-0.8164612,1.0698723,1.1488574,-0.4120012,0.078985095
11.233127,2.5582385,26.172924,-0.55290544,-0.66848654,1.2760644,1.1837461,-0.115581095,-0.0923183
10.21607,2.430394,8.997774,-0.64738876,-0.7228673,1.2520902,1.1703322,-0.075478554,-0.08175802
10.21607,1.2349774,8.997774,-0.3753293,-0.5902244,1.2888668,1.247527,-0.2148951,-0.041339755
11.318467,1.4938279,10.870838,-0.7310494,-0.82234764,1.3877376,1.422671,-0.09129822,0.03493333
11.318467,1.50614,12.723303,-0.8806076,-1.3599017,1.2991974,1.3504827,-0.47929406,0.051285267
12.568151,1.50614,24.744272,-1.2688485,-0.9928011,1.3335035,1.3560625,0.27604747,0.022559047
12.568151,2.8634682,24.744272,-1.2186154,-0.83546793,1.3339738,1.2428817,0.38314748,-0.09109211
10.667887,2.8634682,25.019407,-0.9628806,-1.0382841,1.32394,1.2365202,-0.07540345,-0.08741987
9.893052,0.58784467,2.4466991,-0.96884286,-0.93363225,1.3350174,1.3420128,0.03521061,0.0069953203
10.934759,1.135941,15.22541,-0.96703243,0.102022454,1.3228128,1.4325273,1.0690548,0.10971451
13.839613,1.8391145,156.08307,-0.98435986,2.2490199,1.3316433,1.3408352,3.2333798,0.009191871
24.439816,3.59417,409.70068,2.2295108,-0.7975699,1.3921613,1.1732363,-3.0270805,-0.218925
24.439816,3.6424997,409.70068,0.26475316,-0.559443,1.0823042,0.22616918,-0.82419616,-0.8561351
10.398288,1.5549712,11.690426,-1.0985743,2.0630958,1.3977494,1.4096556,3.1616702,0.011906147
16.247286,2.935896,109.385254,1.7909174,-0.06542997,1.4917891,1.3443826,-1.8563473,-0.14740646
16.247286,2.935896,109.385254,1.1094276,-1.0124915,1.2243359,1.3368434,-2.1219192,0.11250746
14.626269,4.00565,71.50154,-0.6179469,1.1097648,1.297106,1.1581724,1.7277117,-0.13893366
14.626269,6.0285363,71.50154,-0.67845345,-1.5068817,1.3980488,1.3659984,-0.82842827,-0.03205037
25.027557,7.454006,65.53521,0.36515158,-1.3941549,1.1369526,0.7883843,-1.7593064,-0.34856832
25.027557,7.454006,62.9364,-1.2620956,-1.8244057,1.2118827,1.3500601,-0.5623101,0.1381774
25.013636,7.488231,84.55639,-1.5476885,-1.7064463,1.1925181,1.2823371,-0.1587578,0.089818954
25.013636,7.488231,84.55639,0.36604196,-1.4060225,1.1029555,1.0436361,-1.7720644,-0.059319377
20.425047,5.817899,43.18657,-1.2169377,-1.4325651,1.1797227,1.3434422,-0.21562743,0.16371953
14.988777,2.7466297,100.04921,-0.88136846,-0.8558459,-0.035618164,-0.051524468,0.02552253,-0.015906304
10.527216,0.25835487,9.513378,-0.86724347,-0.85848296,-0.04184896,-0.048100524,0.008760512,-0.0062515624
10.045676,0.17657639,5.9322357,-0.8584126,-0.8452691,-0.047739536,-0.05273912,0.013143539,-0.0049995854
9.950372,0.1029159,4.2603016,-0.8491297,-0.8445269,-0.050314236,-0.04854115,0.00460279,0.0017730854
9.945844,0.09664811,4.2603016,-0.84266293,-0.8405434,-0.051056635,-0.051006388,0.0021195412,5.0246716e-05
11.627481,1.5548185,44.126225,-0.8455858,-1.0846492,-0.012416569,0.26771817,-0.23906338,0.28013474
11.293374,1.2302413,41.459656,-1.0767673,-1.0381744,0.17134942,0.4950108,0.038592935,0.3236614
11.234053,1.26271,41.459656,-1.1097989,-0.75958496,0.36139566,0.5531058,0.35021394,0.19171011
10.722974,1.26271,13.970804,-0.78566754,-0.7664453,0.57493216,0.6830734,0.01922226,0.10814124
10.298978,0.77603066,12.5494,-0.6770153,-0.56845623,0.60811067,0.8292012,0.10855907,0.22109056
10.311039,0.58966035,10.653162,-0.8507754,-0.84295464,-0.028585184,-0.032348197,0.007820785,-0.0037630126
14.050564,1.785908,56.460762,-0.85886204,-0.9404418,-0.031076077,-0.04862526,-0.081579745,-0.017549183
14.050564,3.0657995,100.3408,-0.8523308,-1.0004364,-0.0478239,0.11347498,-0.14810562,0.16129887
13.442919,3.0657995,100.3408,-0.7492464,-1.3083256,0.123864256,0.29970104,-0.55907923,0.17583677
11.655259,1.5564001,37.21018,-1.159252,-1.3880323,0.23052745,0.4234101,-0.22878027,0.19288264
10.202847,0.5058251,9.871149,-2.8818135,-2.8831239,-0.011055202,-0.010358239,-0.0013103485,0.00069696363
10.714004,1.6486264,10.147381,-2.8835354,-2.617169,-0.01387508,-0.042903304,0.26636648,-0.029028224
11.371792,1.9081949,20.981073,-2.8514118,-2.233419,-0.023166222,-0.17350021,0.6179929,-0.15033399
13.511407,2.328774,61.223984,-2.417069,-1.5805643,-0.093195274,-0.17038189,0.8365047,-0.077186614
14.247457,2.8516932,61.223984,-1.9875133,-0.9213791,-0.16786785,-0.28318968,1.0661342,-0.11532183
14.615689,2.9181347,47.944164,-1.0069239,-1.1620178,1.3791221,1.3706253,-0.15509391,-0.0084968805
15.673293,3.4000313,87.4506,-0.7192689,-0.4778114,0.84542304,1.243603,0.24145752,0.39817995
16.337904,4.0008535,97.52784,-1.1504748,-2.0651107,1.3116429,1.3982418,-0.9146359,0.08659887
16.337904,4.0008535,97.52784,-0.49495977,-0.57734245,1.2972671,1.3271378,-0.08238268,0.029870749
16.285221,3.4632251,50.96445,-1.5246875,-1.0798565,1.3888623,1.3239963,0.444831,-0.06486595
27.560078,5.9214473,109.39398,-1.2393224,-1.592695,-0.07722463,0.19917524,-0.35337257,0.27639985
33.152187,6.461344,213.32588,-1.5782254,-1.5597517,-0.66075563,-0.20186517,0.018473625,0.45889047
33.152187,6.461344,213.32588,-0.21796274,-1.4623442,1.0595351,0.33441195,-1.2443814,-0.72512317
30.147032,5.979375,206.74916,-1.7415345,-1.5815617,-0.9949893,-0.6543091,0.15997279,0.34068018
29.059536,5.979375,159.95836,0.1352941,-0.113587916,0.86255157,0.8602129,-0.24888201,-0.0023386478
34.101063,4.4596443,416.072,-0.04462991,-0.6411663,0.3321275,-0.15111068,-0.5965364,-0.4832382
46.76042,5.328735,456.7487,0.66776866,0.6761335,1.407529,0.10732355,0.008364856,-1.3002055
46.76042,5.770754,465.3163,-0.9888657,-0.35224703,0.67258406,0.5706891,0.6366186,-0.101894975
39.80271,5.770754,465.3163,-1.1927487,-1.2744726,0.34583315,1.339124,-0.08172393,0.9932908
39.2788,5.1750503,466.46378,-0.59058976,1.0078844,0.15300432,0.9093056,1.5984741,0.7563013
10.587022,0.7177032,23.560047,-0.9835658,-0.81193954,0.2700611,0.4207972,0.17162627,0.1507361
14.048142,3.1656795,40.15403,-0.9052717,-0.47186524,0.37583217,-0.1635997,0.43340647,-0.53943187
18.109856,3.653387,227.55695,-0.7514618,-0.9144329,0.309493,-0.41512054,-0.16297108,-0.72461355
18.109856,3.653387,227.55695,-0.6664938,-0.78968894,0.27663344,-0.15441018,-0.12319517,-0.43104362
11.561224,1.5606612,45.183086,-0.8535544,-0.7351097,-0.3244014,0.0051771617,0.11844474,0.32957858
10.405559,0.7669159,6.361246,-1.3742106,-1.0091497,1.396295,1.254046,0.36506093,-0.14224899
10.231974,2.3503258,15.586996,-1.1023766,-1.0710741,1.3792065,1.0837138,0.031302452,-0.29549277
14.2969675,2.3503258,25.119066,-0.921255,-1.2145036,1.2823939,1.3562704,-0.29324865,0.0738765
14.2969675,2.2520766,25.119066,-1.2757556,-1.0616876,0.9856168,1.3037215,0.21406806,0.31810474
11.182381,2.238407,10.542393,-0.8626784,-0.91991884,1.302563,1.3176906,-0.057240427,0.015127659
24.380566,4.401855,388.47513,-0.98465073,-0.33211643,0.07589523,0.038908746,0.6525343,-0.03698648
24.380566,4.401855,388.47513,-0.29896986,-0.40603623,0.21710372,0.2584899,-0.10706636,0.041386187
15.716324,4.1409965,46.20786,-0.2899159,-0.08134403,0.2926686,0.044288058,0.20857185,-0.24838056
15.716324,4.1409965,46.20786,-0.33334738,-0.2199192,0.1863958,0.033079837,0.113428175,-0.15331596
14.593762,3.4621544,43.150425,0.061462533,-0.28719142,0.24793342,0.14683373,-0.34865394,-0.101099685
15.580359,2.0701518,59.45821,-0.86828965,-1.0822691,1.2003394,1.3709643,-0.21397942,0.17062485
15.580359,6.074797,59.45821,-1.0317781,-1.0916361,1.3203743,1.0004776,-0.059857965,-0.3198967
17.549883,6.074797,56.06828,-1.5757877,-1.5017836,1.3985728,1.3969328,0.074004054,-0.0016399622
17.549883,4.3285527,57.658386,-0.55623305,-1.2016251,1.0011705,1.2345717,-0.64539206,0.23340118
15.8135395,3.8322732,57.658386,-1.4486083,-1.7453066,1.3019674,1.3464983,-0.29669833,0.04453087
9.816007,0.6261418,6.35252,0.9612541,2.043797,1.511038,1.4132533,1.0825429,-0.09778464
10.012959,0.47478026,9.276009,1.999769,2.1270232,1.4681275,1.2627717,0.12725425,-0.20535576
12.832353,1.3931977,48.70925,2.0708394,1.639026,1.3427442,1.2689579,-0.43181336,-0.07378638
12.832353,1.3931977,48.70925,2.0885751,2.1757228,1.3066871,1.4097717,0.08714771,0.103084564
10.396814,1.3668767,32.365417,2.0311668,-0.17401336,1.3368452,1.4618905,-2.2051802,0.1250453
10.576838,2.784696,17.761946,-0.98071253,-0.662521,1.1940687,1.0470645,0.31819153,-0.14700413
12.724018,2.8229976,28.25985,-0.7357082,-0.76011246,1.006768,1.2685447,-0.024404287,0.2617767
15.196984,2.8229976,48.00911,-0.51846856,-0.5852841,1.1238352,1.1024492,-0.066815555,-0.021386027
15.196984,2.4489715,48.00911,-0.7331861,-0.70240384,1.0564603,1.2592849,0.030782282,0.2028246
14.90307,2.407394,47.839214,-0.6063193,-0.27504668,1.1548461,0.8952015,0.33127263,-0.25964457
9.871713,2.1896377,2.9857635,-1.0786157,-1.0521756,1.35264,1.3553632,0.026440024,0.002723217
9.840429,0.10033827,2.9857635,-1.0652596,-1.1039823,1.3496058,1.369915,-0.038722754,0.02030921
9.991618,0.4759467,2.8796673,-1.031816,-1.1191206,1.345087,1.3659797,-0.08730459,0.02089262
9.991618,0.73105437,3.2493114,-1.149018,-1.0915536,1.3942282,1.4619137,0.05746448,0.067685485
9.981074,1.1019706,9.743404,-1.2169796,0.86460274,1.3800346,1.4344556,2.0815823,0.054421067
9.855674,0.5770506,3.1000137,-0.61874413,-0.6882793,1.2456356,1.244781,-0.069535136,-0.0008546114
9.932805,0.19339654,3.6851406,-0.67227787,-0.635826,1.2275722,1.2605017,0.036451876,0.03292954
9.948503,0.19339654,3.6851406,-0.63394016,-0.7071216,1.2628068,1.2386122,-0.07318145,-0.024194598
9.948503,0.18457064,3.2610416,-0.62577283,-0.82115376,1.2527435,1.2548487,-0.19538093,0.002105236
10.12767,1.0459133,6.510544,-0.7079134,-0.6376772,1.247587,1.2998825,0.070236206,0.052295566
13.907835,4.266196,13.258266,-0.65249145,-1.3062214,1.2313813,1.3311813,-0.6537299,0.09979999
19.759588,5.597116,44.588757,-0.577139,-1.4953291,1.4159822,1.0150439,-0.9181901,-0.4009384
20.077538,5.67539,44.588757,-1.4066473,-1.5103704,0.887792,0.8961873,-0.10372305,0.008395314
20.077538,5.67539,51.696682,-1.6418734,-0.9889728,1.2467622,0.92419845,0.6529006,-0.3225637
22.917507,10.663166,58.93984,-0.9900316,-1.9014235,0.7423393,0.9963589,-0.91139185,0.25401956
10.014583,0.5816705,2.7326107,-0.73556656,-0.7544302,-0.8713454,-0.866428,-0.018863618,0.004917383
10.014583,0.035660442,2.7326107,-0.74807775,-0.7458431,-0.86914223,-0.86986285,0.0022346377,-0.00072062016
10.0262375,0.035660442,3.1103134,-0.7442481,-0.74596566,-0.8710672,-0.86952245,-0.0017175674,0.0015447736
10.0262375,0.025038213,3.1103134,-0.74617857,-0.74143046,-0.8740075,-0.87098426,0.004748106,0.0030232668
10.006159,0.026003242,3.1363964,-0.7451967,-0.73641586,-0.8711775,-0.87195015,0.008780837,-0.000772655
9.943876,0.58449984,2.7039528,-0.4086961,-0.4109114,-0.10990904,-0.10837527,-0.0022153258,0.0015337691
9.938159,0.029682927,2.190256,-0.40982208,-0.41008434,-0.10810455,-0.11067875,-0.00026226044,-0.002574198
10.062014,0.08157142,5.8193684,-0.41028896,-0.40989804,-0.11016114,-0.109296754,0.00039091706,0.00086438656
10.342725,0.33249706,12.891865,-0.40781194,-0.3552974,-0.111148044,-0.115909316,0.052514553,-0.004761271
10.627272,1.1031569,20.182467,-0.41318005,-0.42403063,-0.119998,-0.14960426,-0.010850579,-0.02960626
9.960359,0.5819826,2.218008,-0.067763194,-0.067637354,-0.05554256,-0.05401017,0.0001258403,0.001532387
10.088128,0.13468993,6.384945,-0.06914796,-0.06913764,-0.05361584,-0.057580512,1.0319054e-05,-0.0039646737
12.050844,2.4538617,29.572296,-0.06725885,-0.021691602,-0.060474098,-0.042943392,0.045567248,0.017530706
14.499558,2.984245,42.977764,-0.07774506,-0.48770913,-0.06455018,-0.18915045,-0.40996408,-0.12460027
18.68513,4.8759294,64.1283,-0.38763118,-0.9312042,-0.31939098,-0.4305864,-0.543573,-0.111195415
9.888801,0.5906953,1.5262127,-2.9576917,-2.9579196,-0.04686068,-0.045955747,-0.00022792816,0.0009049326
9.9164915,0.018340891,1.5262127,-2.9573522,-2.9574466,-0.045989245,-0.048401624,-9.441376e-05,-0.0024123788
9.9164915,0.018340891,1.573658,-2.9582655,-2.9573226,-0.045402516,-0.04734125,0.0009429455,-0.0019387342
9.900199,0.60955733,3.86796,-2.9590065,-2.9599473,-0.044364717,-0.05000652,-0.0009407997,-0.005641803
10.357372,1.0907372,6.9065094,-2.9588509,-2.7642238,-0.045275755,-0.08690378,0.19462705,-0.041628025
12.934832,4.120132,31.870317,-0.661624,-1.0073063,1.0257035,1.2545274,-0.34568232,0.2288239
13.369732,4.120132,46.75403,-0.7420095,-0.6220393,1.283641,1.2421292,0.1199702,-0.041511774
14.547604,2.2008023,52.07019,-0.70888466,-0.6640105,1.2826836,1.1549051,0.04487413,-0.12777853
14.547604,3.5840583,52.07019,-0.78213173,-1.1434667,1.1432805,1.2837659,-0.36133498,0.1404854
14.044084,3.5840583,52.97561,-0.5896225,-0.66941994,1.1769496,1.1822927,-0.07979745,0.0053430796
28.456697,6.9394975,139.53752,-0.68580186,-1.7970467,1.0350066,0.43889022,-1.1112448,-0.5961164
28.456697,6.4721284,139.53752,-1.5170401,-1.7128999,-0.4348473,-0.10867872,-0.19585979,0.32616857
29.416384,6.4721284,194.76567,-0.6873751,-1.8704345,1.0944526,0.70846564,-1.1830595,-0.38598698
30.81427,6.325433,194.76567,-1.7570908,-1.5488861,-0.7539011,-0.34831554,0.20820475,0.4055856
30.81427,6.110767,186.10178,0.6272469,-1.2635367,1.2863638,0.9183183,-1.8907835,-0.36804557
32.02346,5.2455363,187.32768,-0.20749827,-1.516236,0.88881123,0.9484765,-1.3087376,0.059665263
32.02346,5.2455363,315.60794,-1.247345,-1.6906083,-0.21390697,0.9934325,-0.4432633,1.2073395
32.52735,4.3848357,431.76385,0.08589738,-1.3719476,-0.46322507,0.90816367,-1.457845,1.3713887
35.34227,5.300865,431.76385,-0.20617971,-1.4284426,0.3951774,0.880304,-1.2222629,0.48512658
35.34227,5.300865,406.03152,-1.2552435,-1.1418613,0.45764312,0.42002368,0.11338222,-0.03761944
18.392464,1.7182891,147.34688,-0.8612482,-0.78081876,0.29234117,0.32444036,0.080429435,0.032099187
10.319802,1.2606962,14.964581,-0.7778699,-0.8303089,0.3242023,0.55907136,-0.052439034,0.23486906
10.592074,2.0403197,20.023823,-0.78101623,-0.41079417,0.3720119,0.9174471,0.37022206,0.5454352
11.149315,2.0403197,74.62931,-0.76800925,0.36059648,0.7119027,0.9649922,1.1286057,0.25308955
11.149315,1.532709,74.62931,-5.154237e-05,0.44455177,0.99370515,1.0860894,0.4446033,0.09238422
10.184306,2.0789049,8.390474,-0.6953538,-0.7843673,1.3190929,1.2355611,-0.08901352,-0.08353174
10.071354,2.0789049,14.633036,-0.7826635,-0.596138,1.1980946,1.2986784,0.18652552,0.10058379
15.79044,1.4097404,59.851315,-0.56140757,-0.93934697,1.3466614,1.3109133,-0.3779394,-0.035748124
15.79044,1.0406318,59.851315,-0.856404,-1.1057742,1.3359588,1.3368095,-0.24937016,0.0008506775
11.156298,1.0406318,13.254595,-0.8930319,-1.1733363,1.3528702,1.3488909,-0.28030437,-0.0039793253
18.279276,3.3830638,71.33761,-1.5588346,-1.5855058,1.083022,1.1522896,-0.02667129,0.06926763
19.467663,3.9747128,71.33761,-1.060955,-1.8373897,1.3425604,1.1274912,-0.77643466,-0.21506917
19.467663,3.9747128,69.87086,-1.3998438,-0.88277817,1.0119789,1.2936373,0.51706564,0.2816584
16.911098,3.4646816,69.87086,-0.7594043,-1.5552601,1.438736,1.0830224,-0.79585576,-0.3557136
19.882698,3.6527617,97.68505,-1.3217212,0.5502303,1.0873276,1.3580792,1.8719516,0.2707516
18.462547,3.0723307,86.48963,-0.83402663,-0.7775888,0.96466035,1.0142515,0.05643785,0.049591124
22.072273,3.0723307,98.27757,-0.7548784,-0.6360806,1.3503418,1.0319052,0.11879778,-0.31843662
22.072273,3.6470034,98.27757,-0.8266455,-0.6701845,1.2764134,1.2283312,0.156461,-0.048082232
19.470577,3.6470034,89.66513,-0.7621932,-1.0796849,0.9373156,1.3233416,-0.31749165,0.38602602
19.470577,2.6580124,104.08769,-0.81009454,-0.79974926,1.0871336,1.0715717,0.01034528,-0.015561938
9.8581295,0.71075535,3.0942917,-0.6879202,-0.8009731,1.3184325,1.317447,-0.113052905,-0.0009855032
9.8581295,0.31528696,3.2550335,-0.7724884,-0.80673254,1.3298268,1.3135682,-0.03424412,-0.016258597
9.98563,0.12639949,5.9444427,-0.7839519,-0.8355179,1.3344945,1.3225992,-0.051566005,-0.011895299
9.98563,0.61468613,5.9444427,-0.8238018,-0.84544915,1.3135084,1.4054716,-0.021647334,0.09196317
10.022751,1.2555377,7.5731277,-0.79896533,1.9624468,1.341484,1.5024415,2.7614121,0.16095757
10.098363,0.9755623,7.5730324,-0.3969394,-0.57370293,1.2962481,1.391708,-0.17676353,0.09545994
10.098363,1.114774,8.647013,-0.40384665,-0.34573647,1.3137772,1.1065385,0.058110178,-0.20723867
19.652943,2.2793248,80.40104,-0.6017341,-1.234906,1.2891392,1.352364,-0.63317186,0.06322479
19.71623,4.133521,99.31202,-0.513782,-0.91960716,1.2675725,0.8481239,-0.40582514,-0.4194486
19.71623,4.2197933,99.31202,-0.13211444,-0.89956254,1.2980176,1.4372027,-0.76744807,0.13918507
10.086362,0.6438511,5.896044,-1.1232077,2.5647354,1.5271295,1.3738374,3.687943,-0.15329218
9.790371,1.5221434,15.373373,2.8798897,2.5311747,1.4709685,1.1107128,-0.34871507,-0.36025572
12.220248,2.9591653,50.48051,2.385363,2.203434,1.2386472,0.96640587,-0.18192911,-0.27224135
17.68705,2.9591653,97.95237,2.4222808,-1.1533973,1.0349605,1.2241516,-3.575678,0.1891911
17.845398,8.569198,97.95237,1.4710324,-1.3771949,1.0301665,0.6589519,-2.8482273,-0.37121463
9.883628,0.5205036,3.3259869,-0.53371596,-0.52657646,1.291087,1.3159618,0.007139504,0.024874806
9.853484,0.34363484,3.7583828,-0.4879635,-0.58075213,1.3073177,1.4288256,-0.09278864,0.12150788
10.11468,1.2538984,4.9688816,-0.53677666,-0.5336689,1.3375006,1.5143796,0.0031077862,0.17687905
10.151411,1.290093,9.862328,-1.2009687,2.4054103,1.5161132,1.2609373,3.606379,-0.25517583
10.25238,1.3733907,12.313366,2.5919495,2.3711,1.4268185,1.134167,-0.22084951,-0.29265153
15.083106,2.7620387,21.455193,2.236583,-0.56879616,1.443773,1.2185413,-2.8053792,-0.22523177
18.771194,3.6105435,29.127073,-0.35503346,-0.643679,1.2672501,1.3361886,-0.28864557,0.068938494
18.771194,3.9458623,39.33759,-0.40390483,-0.55380374,1.2149106,1.1761087,-0.14989892,-0.03880191
20.511002,5.283432,48.152496,-0.13740087,-0.48984227,1.3024409,1.256657,-0.3524414,-0.045783877
20.511002,5.283432,48.152496,-0.30553216,-0.5876607,1.2946962,1.1969149,-0.2821285,-0.0977813
9.964977,0.6680274,2.290392,-0.029488932,-0.0275525,0.017322762,0.017585907,0.001936432,0.0002631452
9.977424,0.03440179,2.290392,-0.026327902,-0.029839486,0.016414477,0.015557227,-0.0035115834,-0.00085724983
9.977424,0.036906913,3.1267643,-0.02904604,-0.029284155,0.017828122,0.01604226,-0.00023811497,-0.0017858613
9.930588,0.036906913,3.1267643,-0.026409268,-0.03015855,0.01599059,0.017517362,-0.0037492812,0.0015267711
10.185243,0.15087757,5.4124355,-0.028503722,-0.04871443,0.017703388,0.01678637,-0.020210708,-0.00091701746
11.090512,1.1091765,8.19335,-0.5474424,-0.0870112,0.83746976,0.6669213,0.46043116,-0.17054844
11.278124,1.7355556,15.14287,-0.3351555,0.25637653,0.79127,0.8135983,0.591532,0.022328258
11.278124,2.0327868,15.14287,-0.066397324,0.63670284,0.6671119,0.3253042,0.70310014,-0.34180766
11.008231,2.0490525,8.888245,0.39535773,0.3108796,0.69679636,-0.19274506,-0.08447814,-0.8895414
14.245788,2.339389,32.84364,0.51375437,-0.24884191,-0.16985285,-0.9039939,-0.76259625,-0.73414105
14.822678,1.9238237,39.326572,-0.42134207,-0.27416578,1.347796,1.1924529,0.1471763,-0.15534306
17.487242,1.9384964,66.63365,-0.7082218,-1.2396866,1.1544762,1.3390552,-0.5314648,0.18457901
17.487242,2.058963,66.63365,-0.7026017,-0.22412929,1.29768,1.2434807,0.47847238,-0.054199338
18.824253,2.058963,71.806145,-0.71424687,-0.23571245,1.4010854,1.2127367,0.4785344,-0.18834865
18.824253,2.1209843,71.806145,-0.6005031,-0.91970605,1.1038353,1.4176395,-0.31920296,0.31380415
10.085752,0.53530407,5.0195217,-0.5374666,-0.8313664,1.3043458,1.308004,-0.29389983,0.0036581755
11.428663,0.4202157,7.6166153,-0.66908634,-0.55137795,1.3173375,1.3335357,0.117708385,0.016198158
11.52038,1.3771466,15.4109955,-0.7355136,-0.08326328,1.3067267,1.3695176,0.65225035,0.06279087
11.52038,1.3771466,15.4109955,-0.4442839,-0.3625303,1.3439021,1.2139413,0.08175361,-0.12996078
12.455723,0.60898125,21.612215,-0.1619419,-0.43654022,1.2837234,1.2971178,-0.2745983,0.013394475
9.926578,0.5917183,3.62854,-0.37510368,-0.29364648,1.2653791,1.1977544,0.0814572,-0.06762469
10.584962,0.5070609,6.8167686,-0.2766883,-0.4943289,1.2140229,1.3553658,-0.21764058,0.14134288
10.584962,0.5070609,6.8167686,-0.38364658,-0.73999393,1.2760128,1.368281,-0.35634735,0.09226823
10.179652,0.47970003,4.442358,-0.6876118,-0.55487597,1.3978783,1.3369191,0.13273585,-0.06095922
10.179652,0.43817747,4.713249,-0.62898976,-0.43405503,1.3379928,1.3524649,0.19493473,0.014472127
13.983202,2.9855206,35.580994,-1.0986009,-0.36175114,0.49992165,0.7563687,0.7368497,0.25644705
13.983202,2.698063,36.891033,-0.5172965,-0.54143465,0.4454387,0.23032483,-0.024138153,-0.21511388
14.034942,1.9870206,56.726456,-0.5102725,-0.8106917,0.46741945,0.9513092,-0.3004192,0.48388976
15.276418,2.2174838,62.073803,-0.49341902,-0.60861593,0.47114953,0.45040694,-0.11519691,-0.020742595
15.276418,2.2174838,43.73107,-0.63710487,-0.6840311,0.3929359,0.54560673,-0.04692626,0.15267083
11.389232,1.7829001,10.882187,-0.29728326,-0.6705765,1.1546981,0.58334345,-0.37329325,-0.5713547
10.364008,1.7338423,20.928001,-0.69356394,-0.6751037,0.6936103,0.74456775,0.018460214,0.05095744
11.875018,1.0233334,42.418148,-0.671178,-0.658318,0.6731023,0.5995505,0.01286,-0.07355183
11.875018,1.187328,42.418148,-0.6078717,-0.70126045,0.6800343,0.7071929,-0.093388736,0.027158618
11.877621,2.4406447,24.994421,-0.6545368,-0.15390038,0.60320795,1.1381496,0.5006364,0.5349417
23.150045,4.512002,220.31212,-0.8680113,-0.054563094,-0.23049417,0.4401734,0.8134482,0.6706675
23.150045,4.512002,220.31212,-0.68129563,-0.3891495,-0.25228164,-0.07351424,0.29214615,0.1787674
17.368639,2.776798,84.0157,-0.48480797,-0.27168474,0.09441466,-0.028220475,0.21312323,-0.12263513
10.885159,1.8264037,37.44564,-0.2672561,-0.29266444,-0.0865422,0.0102798585,-0.025408328,0.09682205
10.201652,0.16671371,5.81398,-0.28293273,-0.2786446,-0.00036761924,0.0024757646,0.004288137,0.002843384
10.826907,1.9522668,21.176577,0.35207692,0.3528847,-0.83269197,-0.9158826,0.00080779195,-0.08319062
12.056997,2.404316,26.584578,0.4503429,-0.7108819,-0.8457365,-0.38815716,-1.1612248,0.45757934
12.92022,2.404316,28.084803,-0.20382607,-0.6871311,-0.8523911,-0.4603718,-0.48330504,0.39201933
12.92022,1.3035841,16.17794,-0.6879232,-0.5847272,-0.38937646,-0.14077406,0.103195965,0.2486024
10.7399645,0.9365646,28.508043,-0.6598724,-0.66685766,-0.34740824,-0.09102328,-0.006985247,0.25638497
21.700583,2.5245998,76.56956,-1.2496574,-0.44455695,0.15873547,0.95279646,0.80510044,0.794061
22.328024,3.9661775,128.94803,-1.5306567,-1.8084586,0.1039976,-0.90434486,-0.27780187,-1.0083425
26.421246,3.9661775,153.05748,-1.1307683,-1.006368,0.72166544,0.75540435,0.12440026,0.03373891
26.421246,3.7387094,153.05748,-1.5934695,-1.5976682,-0.584257,-0.6239699,-0.0041986704,-0.039712906
32.718555,4.218375,217.7929,-1.3817565,-0.749107,0.69957435,0.7855669,0.63264954,0.085992575
39.2293,3.409391,300.18512,-1.2078605,1.4551213,0.48119798,0.050243862,2.6629817,-0.43095413
39.2293,3.409391,308.09775,-1.4203422,1.0500318,0.31985202,0.15399268,2.470374,-0.16585934
39.358963,2.4090776,308.09775,-1.406632,0.2236098,0.13258718,0.16783607,1.6302418,0.03524889
40.28019,3.1450639,268.87045,-0.6725255,-0.9579128,0.34877354,0.16054076,-0.28538728,-0.18823278
40.28019,3.1450639,268.87045,1.6970154,-1.4947472,0.11769341,0.0054810345,-3.1917624,-0.112212375
9.825073,1.1476765,5.012226,-0.5775644,2.4444873,1.3877404,1.4203577,3.0220518,0.03261733
10.351616,1.3752177,11.411381,2.468617,2.2111602,1.5304266,1.1998253,-0.25745678,-0.33060133
10.743331,1.3752177,17.868948,2.436168,2.3895118,1.2875581,0.99893916,-0.04665613,-0.28861892
13.556779,3.9518926,84.13172,2.0895438,2.2573059,1.0756215,1.0099723,0.16776204,-0.06564915
13.556779,3.9518926,84.13172,2.2101269,1.0946348,0.90427524,1.3010436,-1.1154921,0.3967684
10.647992,4.6562276,5.4840565,-0.39135617,-0.20702608,-1.2611096,-1.1811272,0.18433009,0.0799824
10.647992,0.49626002,7.187605,-0.18349484,-0.3246248,-1.2287612,-1.1409049,-0.14112997,0.08785629
10.641758,0.3237823,7.187605,-0.2969926,-0.34921938,-1.1739334,-1.154927,-0.05222678,0.019006371
10.641758,0.870449,6.577301,-0.36602357,-0.3856477,-1.1262616,-1.2359761,-0.019624144,-0.10971451
10.468705,0.870449,12.773228,-0.41793808,-0.42780727,-1.1924974,-1.3117107,-0.009869188,-0.11921334
10.114307,0.5817446,4.0546417,-0.29022998,-0.3055275,-1.284055,-1.2820113,-0.015297532,0.002043724
10.114307,0.13052502,4.0546417,-0.31693798,-0.28922302,-1.2823362,-1.2941345,0.027714968,-0.011798263
10.103994,0.09079528,3.0298233,-0.28712612,-0.3019211,-1.2938097,-1.2939477,-0.0147949755,-0.00013804436
10.103994,0.04112364,3.3516407,-0.29910892,-0.29951173,-1.2946473,-1.2984614,-0.0004028082,-0.0038141012
10.118463,0.16111286,4.216671,-0.30348897,-0.2532466,-1.2978122,-1.2984028,0.050242364,-0.0005905628
10.085262,0.5387586,3.7332535,-0.23577738,-0.25999063,-1.2934283,-1.2928034,-0.024213254,0.0006248951
10.0888195,0.21879077,3.0652523,-0.22119196,-0.29406452,-1.3009675,-1.2914795,-0.072872564,0.009487987
10.0888195,0.19930692,3.3842087,-0.28919038,-0.23811838,-1.2901747,-1.2921922,0.051072,-0.002017498
10.178874,0.13195258,5.4502487,-0.25536162,-0.22124147,-1.2916574,-1.2913755,0.034120142,0.00028192997
10.99008,0.81399184,32.12476,-0.23913038,0.19072635,-1.2932874,-1.3454676,0.42985672,-0.05218017
16.045448,4.136427,37.55331,-0.45846897,-0.43362784,-1.2713597,-1.1816609,0.02484113,0.08969879
23.646708,8.314285,112.44888,0.13489741,-0.5636852,-1.3392475,-1.100272,-0.6985826,0.2389754
23.646708,9.311474,112.44888,-0.012943109,0.44614974,-1.2793841,-0.52089596,0.45909286,0.7584882
40.389084,13.283984,283.54187,-0.26428872,-0.68313897,-0.6589622,-1.0760672,-0.41885024,-0.41710502
40.389084,13.283984,283.54187,0.029342517,-0.3029788,-1.0848342,-1.3718809,-0.33232135,-0.28704667
11.150312,0.9047278,20.613384,0.082678154,-0.037021793,0.042800184,0.027332142,-0.11969995,-0.015468042
10.333233,0.43893632,11.096811,-0.05991015,-0.044019364,0.03114459,0.024051534,0.015890785,-0.007093055
9.958928,0.06702487,2.5046349,-0.041231036,-0.047276996,0.025096461,0.018742036,-0.00604596,-0.006354425
9.93782,0.06702487,2.5119781,-0.043211702,-0.04758086,0.022353783,0.017985886,-0.0043691583,-0.0043678973
9.928555,0.058770284,2.5119781,-0.040059306,-0.054137386,0.01823561,0.016693521,-0.014078081,-0.0015420895
12.137113,1.9289471,27.245092,0.13290748,0.46710134,0.58520246,0.30929723,0.33419386,-0.27590522
12.065362,1.6737128,27.245092,0.36416918,0.26411834,0.40202388,0.35604376,-0.10005084,-0.045980126
10.94409,0.9621703,13.761854,0.38010773,0.27946407,0.28542703,0.33612403,-0.100643665,0.050697
10.642893,0.31671423,13.841772,0.26386374,0.2106859,0.33111098,0.3301236,-0.05317785,-0.0009873807
10.498497,0.4285297,17.797422,0.28516573,0.20608893,0.32505256,0.25656387,-0.0790768,-0.06848869
10.557994,1.3112766,14.426041,0.30120233,-0.2752496,0.11420755,0.05941251,-0.5764519,-0.05479504
11.886923,1.2146662,35.50167,-0.10698465,-0.46107292,0.052435953,-0.011926539,-0.35408828,-0.064362496
11.886923,1.2745615,35.50167,-0.413333,-0.41122046,0.027606254,-0.44075274,0.0021125376,-0.468359
11.499133,1.2745615,34.181404,-0.43959284,-0.2657443,-0.15037166,-0.81364834,0.17384854,-0.6632767
10.243628,1.0256237,8.16412,-0.35162228,-0.17827909,-0.589558,-1.118469,0.1733432,-0.528911
10.639818,1.0421109,28.647709,-0.27847323,-0.006821276,-0.61598504,-0.60701,0.27165195,0.008975029
10.635526,1.8093963,28.647709,-0.08479264,0.5302404,-0.5758549,-0.5272509,0.61503303,0.04860401
10.542771,1.8093963,17.170572,0.20207337,0.8408783,-0.61812395,-0.26867244,0.6388049,0.3494515
10.542771,3.5528786,38.17916,0.64365137,0.97510755,-0.44958812,0.21000159,0.33145618,0.6595897
10.966925,3.5528786,38.17916,0.97846127,1.1568744,-0.2087768,0.56483626,0.17841315,0.7736131
12.075485,2.2028584,19.789076,0.04684593,-0.34543467,-1.2640221,-1.2199996,-0.3922806,0.04402256
12.075485,2.7973807,19.789076,-0.27034825,-0.40653437,-1.2338393,-1.3587891,-0.13618612,-0.12494981
13.182755,2.7973807,28.844213,-0.4854557,-0.21655607,-1.2571485,-1.2629514,0.26889962,-0.00580287
13.182755,2.2599394,28.844213,-0.5505263,-0.31510496,-1.2848672,-1.1632044,0.23542136,0.121662736
12.451844,2.2599394,18.061447,0.24046285,-0.48585182,-1.320348,-1.2982888,-0.72631466,0.022059202
25.573812,3.7460055,162.17032,-0.70852435,-1.2132165,-0.77146107,-0.19939008,-0.5046922,0.57207096
25.573812,3.5764143,199.11108,-1.0467339,-1.147983,0.19181547,-0.14905229,-0.1012491,-0.34086776
26.755772,2.6117668,199.11108,1.1235855,-1.2596452,-0.94805545,-0.04699812,-2.3832307,0.9010573
26.755772,3.5048506,164.67186,-1.6431129,-1.1539892,0.5630807,-0.3198411,0.4891237,-0.8829218
30.66187,3.5048506,167.83472,0.027597617,-1.3213719,-0.56742567,0.15330501,-1.3489696,0.72073066
36.883457,4.698409,188.54599,0.009423059,1.5120533,-1.3006458,0.15389149,1.5026302,1.4545373
43.910263,5.3540254,417.86862,-0.73645365,-0.21911669,-1.2139452,-1.3568752,0.51733696,-0.14293003
43.910263,5.3540254,417.86862,0.4166159,-0.07619403,0.26538336,-0.32520765,-0.49280995,-0.590591
46.667786,3.5101583,503.97186,-0.07530062,1.2259575,-0.09827118,0.11109433,1.3012581,0.20936552
46.667786,4.739648,503.97186,0.012405748,-0.72032696,-1.3754604,-1.316467,-0.7327327,0.05899334
10.828109,0.7104429,8.295345,0.40631709,0.6447013,-1.3400577,-1.3363597,0.23838422,0.0036979914
10.848921,0.81010324,8.295345,0.4165102,0.46976915,-1.3658084,-1.3349607,0.053258955,0.030847669
10.848921,0.91010267,8.102083,0.49483958,0.075938515,-1.2870913,-1.2861679,-0.41890106,0.00092339516
10.40073,0.91010267,8.102083,0.21627286,0.08836252,-1.3135426,-1.3059165,-0.12791035,0.0076260567
10.307468,0.6959897,8.804178,0.091672234,-0.035146527,-1.309717,-1.358573,-0.12681876,-0.0488559
10.142406,0.672879,5.2907467,0.11510219,0.26244134,-1.2642266,-1.267694,0.14733915,-0.0034674406
10.091592,0.43350586,4.7549725,0.3289344,-0.029479802,-1.2769151,-1.2589098,-0.3584142,0.018005252
10.122948,0.69130415,10.344362,0.15713903,-0.4486627,-1.2881583,-1.2346513,-0.6058017,0.05350697
13.101872,3.6482682,77.527664,-0.1798174,-0.91333187,-1.2599518,-1.1461695,-0.7335145,0.11378229
13.101872,3.6482682,77.527664,-0.60328877,-1.1902683,-1.240069,-1.1405752,-0.5869795,0.09949386
14.384563,2.9291115,36.350822,-0.5855904,0.7737665,-1.326186,-1.4664896,1.3593569,-0.14030361
14.384563,3.8530538,36.350822,-0.5167811,-0.18241797,-1.3944582,-1.3333447,0.3343631,0.061113477
15.1786175,3.8530538,37.69498,-0.067063764,0.21054077,-1.3304135,-1.3740855,0.27760452,-0.043672085
15.1786175,2.7839398,37.69498,-0.044587135,-0.022820558,-1.3424289,-1.3634026,0.021766577,-0.020973682
13.021651,3.3879154,25.586033,-0.38760215,-0.18873736,-1.3668511,-1.2264093,0.19886479,0.14044178
11.312992,1.3728849,32.92451,-0.45384517,-0.5113107,-0.911201,-0.7064661,-0.057465523,0.20473492
19.383148,2.4443436,194.5489,-0.5824607,-0.0630732,-0.79644877,-0.88030946,0.5193875,-0.083860695
19.383148,2.4443436,194.5489,-0.305432,-0.38491458,-0.73126906,-0.91799706,-0.079482585,-0.186728
13.033943,3.5714161,90.574646,-0.18756261,-0.9341585,-0.91711473,-0.6936616,-0.74659586,0.22345316
13.53017,3.5714161,90.574646,-0.48460785,-0.41346303,-0.8614439,-0.84616166,0.07114482,0.015282214
10.260782,0.67085755,3.5813332,-0.047219194,0.0036807389,-1.2523336,-1.2592924,0.050899934,-0.006958723
10.260782,0.29459038,3.836298,-0.02062486,-0.034861255,-1.2468158,-1.2584859,-0.014236396,-0.011670113
10.145012,0.16286635,3.9917946,-0.046230283,0.033100825,-1.2664683,-1.2685376,0.07933111,-0.002069354
10.145012,0.36038202,4.5168877,-0.013412212,0.27467126,-1.2649057,-1.3153288,0.28808346,-0.050423145
10.343953,0.84934336,7.43804,0.077129245,1.1170211,-1.2759987,-1.3606955,1.0398918,-0.08469677
11.993722,3.9714422,33.947136,-1.0378987,-0.81104124,1.2430794,1.2070043,0.22685742,-0.036075115
11.727859,2.5723612,30.770636,-1.2484342,-0.84438765,1.2516658,1.2912958,0.40404654,0.039629936
11.727859,1.4893659,30.770636,-1.1226243,-1.0099008,1.2698985,1.3027256,0.11272347,0.03282702
13.984053,1.1689286,41.183426,-0.87771606,-0.7581402,1.3025368,1.1269605,0.11957586,-0.17557633
14.164337,1.5630835,41.183426,-0.85226345,-1.2416458,1.2284825,1.2502083,-0.38938236,0.021725774
9.8507595,0.57515824,3.778696,-0.7897111,-0.7829126,1.2288926,1.2398088,0.006798506,0.010916233
9.8507595,0.03236195,3.778696,-0.7933029,-0.79330164,1.2317569,1.2371624,1.2516975e-06,0.005405426
9.8305235,0.042836703,2.519989,-0.79333395,-0.80633354,1.232632,1.2363241,-0.012999594,0.003692031
9.880234,0.14412406,3.6830425,-0.803432,-0.7652302,1.2356584,1.2494184,0.03820181,0.013759971
9.9095545,1.6998245,8.368015,-0.7952081,-0.3798058,1.2351186,1.5090222,0.4154023,0.2739036
12.637162,3.1606238,14.566278,-0.8774001,-0.8152959,1.1695373,1.3091514,0.062104225,0.1396141
10.893668,1.9211752,8.273315,-0.7856351,-0.8096837,1.2467206,1.1643424,-0.024048567,-0.08237815
10.492869,1.2368132,4.5494556,-0.81434405,-0.73551595,1.2240435,1.2462708,0.0788281,0.022227287
10.272103,1.1421118,11.19194,-0.8142126,-0.85183877,1.167247,1.2914022,-0.037626147,0.124155164
10.272103,1.9191166,18.860722,-0.7135209,-0.48692757,1.2376167,1.420746,0.22659332,0.18312931
15.412531,4.4579344,40.349674,-0.7792633,-0.5916505,0.99734414,0.9449047,0.18761283,-0.05243945
21.856468,6.9172335,56.66008,-0.23842232,-1.3051249,1.3729756,1.0241795,-1.0667026,-0.34879613
27.969463,9.888362,105.81713,-0.83273125,-1.4437912,1.1237606,1.2817262,-0.6110599,0.15796566
27.999647,9.992322,105.81713,-0.8840655,-0.76330745,0.41443032,0.80210745,0.12075806,0.38767713
27.999647,9.992322,103.17955,0.21908653,-1.3987596,1.3705802,1.1988891,-1.6178461,-0.17169106
9.951536,5.625985,2.6593685,-0.19655393,-0.19705014,-0.00069616246,0.0008794954,-0.00049620867,0.0015756579
9.95656,0.019433074,2.6593685,-0.19510874,-0.19511989,-0.0006815192,8.743167e-05,-1.1146069e-05,0.0007689509
9.95656,0.019433074,2.0944595,-0.19638021,-0.19524474,-0.0008408702,-0.00024487692,0.0011354685,0.00059599325
9.948171,0.018700333,3.0685902,-0.19552329,-0.19173202,0.00095087645,-0.00020693429,0.0037912726,-0.0011578107
9.948171,0.017704835,3.0685902,-0.19756928,-0.19913085,0.002172149,0.0003765684,-0.0015615672,-0.0017955806
10.080822,0.58516973,7.1190357,-0.3640477,-0.45809668,-0.009448542,-0.0077456245,-0.09404898,0.0017029177
10.198984,0.5388169,13.075399,-0.47287402,-0.53101814,-0.002805179,-0.0066725328,-0.058144122,-0.0038673538
11.867796,1.4919393,66.91055,-0.45103183,-0.7195188,-0.010500441,-0.013483204,-0.26848695,-0.0029827626
12.366743,1.5355266,66.91055,-0.67266405,-0.9796675,-0.02896755,-0.013914516,-0.30700344,0.015053034
12.366743,1.5355266,47.128822,-0.91631615,-0.797515,-0.005887686,0.22678569,0.11880118,0.23267338
13.306141,1.7933447,37.244034,-0.30110663,-0.2579845,-0.017467797,0.21733582,0.043122143,0.23480362
13.306141,1.7933447,37.244034,-0.3258586,-0.15046102,-0.107026085,0.4373309,0.17539757,0.544357
11.662259,1.5056723,30.619335,-0.08283437,-0.30536658,0.29860324,0.7096775,-0.22253221,0.41107428
10.621915,0.7278589,14.91518,-0.2546305,-0.44893932,0.6004368,0.7193635,-0.19430882,0.118926704
10.621915,0.4700742,12.689161,-0.38197935,-0.5030023,0.83915156,0.71214306,-0.12102294,-0.1270085
9.917838,0.5041988,2.2488117,-2.6200664,-2.6247845,-0.106201425,-0.10813402,-0.0047180653,-0.0019325912
9.917838,0.02192749,2.2488117,-2.6196237,-2.6216323,-0.106050014,-0.10586576,-0.0020086765,0.00018425286
9.905437,0.02192749,2.0723343,-2.6238012,-2.626264,-0.10555129,-0.10618844,-0.002462864,-0.0006371513
9.914845,0.05253451,2.8276443,-2.622589,-2.6294012,-0.10469173,-0.10681977,-0.0068120956,-0.0021280423
9.979085,0.11177336,4.0127754,-2.6238024,-2.6451187,-0.10448734,-0.11520529,-0.02131629,-0.010717951
13.762933,12.149836,41.402435,-1.5539843,-1.3586171,1.1362449,0.7850183,0.19536722,-0.35122657
16.595173,12.149836,45.919277,-1.4260433,-1.3243783,1.2475331,0.7761406,0.10166502,-0.4713925
16.595173,10.696209,45.919277,-0.34703356,-1.007373,1.2063164,-0.80766773,-0.6603394,-2.0139842
14.943193,6.3678327,102.1482,-1.6603702,-1.1076596,0.36436632,-0.63876945,0.55271065,-1.0031358
23.614386,15.07909,188.7249,-1.055252,-1.1965917,-0.8854143,0.84690684,-0.14133978,1.7323211
30.808847,4.4447637,173.97777,-1.430484,-1.3515203,0.78172576,-0.39483687,0.07896376,-1.1765627
30.808847,4.9825196,173.97777,-0.45970336,0.64637005,0.78883916,1.2838933,1.1060734,0.4950542
35.25381,5.953968,300.7169,-1.4530649,-1.3878224,-0.16300523,-0.62193245,0.06524253,-0.4589272
35.25381,5.953968,300.7169,-1.2526553,-0.34009773,0.5155319,1.0857661,0.91255754,0.5702342
38.244144,5.7868047,279.6464,-1.6722065,-1.4652417,0.09624718,-0.22037324,0.20696485,-0.3166204
19.657423,14.375388,87.953186,-1.6825349,-1.1740838,0.43788394,1.1712726,0.5084511,0.73338866
23.689672,4.8575816,77.7504,-1.2430832,-1.097996,0.99690264,1.2985349,0.14508724,0.30163223
23.689672,1.9068407,147.14037,-0.8847087,-1.1255702,1.152375,1.3617771,-0.24086148,0.20940208
24.804783,2.230231,205.57814,-0.032435544,-0.682615,-0.560717,0.74520457,-0.65017945,1.3059216
26.588675,3.7462103,205.57814,-1.1662575,1.2458003,1.034931,0.45404658,2.4120579,-0.58088434
10.227412,0.5434007,12.446642,-0.85961664,-0.7906914,0.46207875,0.4654041,0.06892526,0.0033253431
10.589523,0.5671244,12.446642,-0.8406709,-0.88617456,0.4548289,0.44236666,-0.045503676,-0.012462229
11.687461,1.3104715,26.395464,-0.77141106,-0.75152314,0.4788819,0.28828105,0.019887924,-0.19060084
12.348214,2.9341586,88.56201,-0.82168406,-0.9756926,0.4390281,0.5180651,-0.15400851,0.07903698
12.477828,2.9341586,88.56201,-0.6552803,-0.8998162,0.14404465,0.25560278,-0.24453592,0.111558124
10.260835,0.62225795,7.545042,-0.85766965,-1.0078328,1.2602987,1.2764847,-0.15016311,0.016185999
10.9244995,0.729603,12.307262,-0.8696268,-0.79417264,1.1864774,1.2680441,0.075454175,0.08156669
10.9244995,0.8652889,12.307262,-1.2149551,-0.8895232,1.3265765,1.2438326,0.32543188,-0.08274388
10.577493,1.640291,8.898973,-0.9302826,-0.7836663,1.2123783,1.2267429,0.14661628,0.0143646
10.555294,1.640291,8.898973,-1.0051596,-0.92478764,1.2926184,1.2090406,0.080371976,-0.08357775
10.73492,0.9192383,32.13153,-0.52761185,-0.6337408,0.31292036,0.29179552,-0.10612893,-0.02112484
11.213632,1.0396941,55.457832,-0.54598874,-0.71917194,0.3291677,0.437541,-0.1731832,0.108373314
13.611126,3.8376606,61.425114,-0.6315792,-0.47442508,0.32406327,0.78041255,0.15715414,0.45634928
14.671064,4.2782583,61.425114,-0.70784414,-0.61679566,0.510206,1.0261095,0.09104848,0.5159035
15.03872,5.90623,57.23896,-0.38743192,-1.2664212,1.0629088,1.198106,-0.8789893,0.13519728
9.907312,0.66422933,3.5036564,-0.45911828,-0.49005875,1.1872942,1.1935091,-0.030940473,0.006214857
10.257961,1.1449453,5.838537,-0.44952306,-0.41952285,1.2231925,1.2017604,0.03000021,-0.021432042
10.257961,1.1449453,12.598991,-0.41841707,-0.4079938,1.2064245,1.0865567,0.010423273,-0.1198678
15.412162,4.219706,32.880974,-0.4858671,-0.9725504,1.1668992,1.130568,-0.48668328,-0.036331177
15.412162,4.219706,32.880974,-0.38295338,-1.012311,1.1184338,1.2058843,-0.6293576,0.087450504
9.827469,0.5915643,2.4149895,-0.6626535,-0.66744304,1.2308098,1.2316296,-0.004789531,0.0008198023
9.846905,0.056364115,2.2418022,-0.7039879,-0.68437845,1.229963,1.217038,0.019609451,-0.01292491
9.869527,0.042847864,2.2418022,-0.680674,-0.6902052,1.2287729,1.2283155,-0.0095312,-0.00045740604
9.869527,0.042847864,2.375555,-0.6780467,-0.6928463,1.2263403,1.2297416,-0.014799595,0.0034012794
9.828067,0.11681714,2.7471066,-0.6939504,-0.72600555,1.2238292,1.2603682,-0.03205514,0.036539078
13.49968,2.4360297,28.96266,-0.46712607,-0.74229234,1.1071568,1.3269155,-0.27516627,0.21975875
12.273085,2.3536742,24.822998,-1.1088264,-0.2076832,1.3664104,1.2087069,0.9011432,-0.15770352
14.220625,2.130381,28.46756,-0.16362405,-1.0881027,1.3243129,1.4213707,-0.92447865,0.09705782
14.220625,2.363906,28.46756,-0.32919234,-0.64233625,1.3247967,1.3838505,-0.3131439,0.05905378
13.008196,2.3907566,29.380465,-1.425956,-0.49956012,1.4147379,1.1701534,0.9263959,-0.24458456
11.836734,1.7846576,25.805283,-0.6060275,-0.54205525,1.303193,1.300656,0.063972235,-0.002537012
10.192975,0.8581359,23.7669,-0.5049232,-0.222807,1.2281344,1.3565762,0.28211623,0.12844181
10.509611,1.3984466,23.7669,-0.5369586,-0.56759036,1.3365953,1.2267667,-0.03063178,-0.10982859
10.509611,1.3984466,9.41844,-0.4687907,-0.48699132,1.219378,1.2800539,-0.018200606,0.06067586
10.000407,3.1672091,5.6355953,-0.5471823,-0.32906252,1.2938812,1.273159,0.2181198,-0.02072215
13.588713,3.5921483,18.121767,-0.5191728,-0.2603078,1.4250638,1.2484375,0.258865,-0.17662632
13.588713,6.2022448,32.043983,-0.85681283,0.4360017,1.3111774,1.3818779,1.2928145,0.070700526
12.507965,6.2022448,32.043983,-0.46128225,-0.508641,1.1581122,1.3440964,-0.04735875,0.18598425
11.28262,4.824023,12.406206,-0.73442566,-0.5217128,1.405481,1.2680508,0.21271288,-0.13743019
11.213329,1.9283649,9.938669,-0.3571475,-0.63036287,1.2637632,1.3290739,-0.27321535,0.06531072
10.886227,1.7503535,7.9494953,-0.7366382,-0.6430241,1.426142,1.3852744,0.0936141,-0.040867567
10.535601,1.1895632,6.296253,-0.85316193,-0.6172031,1.2743838,1.4905225,0.23595881,0.21613872
11.884321,1.3441728,10.904551,-0.4465862,0.6649175,1.4599872,1.4478389,1.1115037,-0.012148261
13.033529,2.9633894,16.750885,-0.6802783,-1.268311,1.4429352,1.49879,-0.5880327,0.055854797
13.033529,2.9633894,29.911566,1.9405673,1.2544558,1.1756226,1.3285927,-0.68611145,0.15297008
10.13443,0.62611264,5.872345,0.36258578,0.38409287,-0.85729635,-0.87073517,0.021507084,-0.013438821
10.056229,0.06899139,3.9188385,0.38424692,0.38802755,-0.8731883,-0.86251956,0.0037806332,0.010668755
10.34195,0.275354,8.565807,0.3916755,0.36291617,-0.8683832,-0.8499109,-0.02875933,0.018472314
10.34195,0.275354,8.565807,0.35944805,0.36971197,-0.8574734,-0.8511667,0.01026392,0.0063066483
10.0599165,0.08105892,3.198719,0.37064222,0.3689669,-0.86608267,-0.8524426,-0.0016753078,0.013640046
9.932459,0.59370273,2.689743,-0.26868945,-0.26592487,-0.076447636,-0.07660122,0.0027645826,-0.00015358627
9.932459,0.038050722,2.4861336,-0.26716927,-0.2638652,-0.076121375,-0.072448686,0.0033040643,0.0036726892
9.976712,0.06392823,3.7017822,-0.26875153,-0.25826007,-0.074336246,-0.072349675,0.010491461,0.0019865707
9.976712,0.06392823,3.7017822,-0.26156846,-0.25902516,-0.0720963,-0.07569273,0.0025433004,-0.003596425
9.932242,0.056769945,2.8337479,-0.25972754,-0.26304203,-0.0756118,-0.0747442,-0.003314495,0.00086759776
9.950132,0.69581276,4.2378902,-0.2506111,-0.25828296,-0.06922217,-0.06915866,-0.007671863,6.350875e-05
9.907108,0.027407276,1.777792,-0.25880712,-0.2564005,-0.06641155,-0.069525555,0.002406627,-0.0031140074
9.907108,0.024285315,1.7213821,-0.25660405,-0.25831246,-0.06749558,-0.07056534,-0.0017084181,-0.0030697659
9.908119,0.0298264,1.6412735,-0.25763667,-0.25817293,-0.06814517,-0.06912864,-0.000536263,-0.0009834692
9.934819,0.04190386,2.2388935,-0.26138458,-0.2568581,-0.06698944,-0.068726145,0.004526466,-0.001736708
10.210123,0.5958674,13.912821,0.65343034,0.6500994,-0.7929375,-0.7943119,-0.003330946,-0.0013743639
10.223774,0.116482414,13.005447,0.64401275,0.6378677,-0.7945878,-0.7769433,-0.00614506,0.017644465
10.24735,0.09101693,13.005447,0.62850696,0.6601628,-0.7993582,-0.7938822,0.031655848,0.005475998
10.24735,0.12918614,10.816574,0.6384683,0.67745924,-0.7965796,-0.7992846,0.038990915,-0.002704978
10.333278,0.12918614,12.261629,0.6618089,0.6628258,-0.7962945,-0.7975451,0.0010169148,-0.001250565
19.857397,5.896922,44.783688,1.2647263,-1.0622704,1.4229487,1.3742843,-2.3269968,-0.04866445
19.857397,5.260085,44.783688,-0.30308583,1.1787041,1.070382,1.4967147,1.48179,0.4263327
18.434309,5.011797,38.684895,-1.50965,-0.55150515,1.4383872,1.2235404,0.95814484,-0.21484673
16.8242,4.2321234,33.615925,-0.89725447,-0.622402,1.3924311,1.3673027,0.27485245,-0.025128484
16.8242,4.2321234,38.960793,-0.23121378,-0.012161148,1.0026016,1.5026146,0.21905263,0.500013
43.51469,8.710314,162.57324,1.1917553,-0.74253243,1.4097996,1.1821877,-1.9342878,-0.2276119
43.51469,8.710314,300.78812,-1.0103009,-1.2760017,0.5157313,0.6252275,-0.26570082,0.109496236
46.217155,8.441612,300.78812,2.1149182,-1.5812039,0.54375464,0.6014503,-3.6961222,0.057695687
46.217155,8.441612,260.60352,-1.0817136,-1.4153111,-0.2457997,0.7674353,-0.33359754,1.013235
39.24433,8.206755,262.47675,1.9002033,-1.506793,0.843639,0.4029774,-3.4069963,-0.4406616
42.270996,3.0119553,400.71478,-0.41908127,-0.9721939,-0.22852997,-0.3805274,-0.5531126,-0.15199743
48.24992,6.837983,400.71478,-1.0345601,-0.46345884,1.310339,1.2085441,0.57110125,-0.10179484
48.24992,6.837983,344.20157,1.0626156,0.44834995,-0.22868845,0.17726447,-0.6142657,0.40595293
41.882984,4.183175,316.4035,-1.0751481,-1.0733789,0.6952496,1.1914464,0.0017691851,0.4961968
40.81473,2.6400485,316.4035,1.7198584,0.4090175,0.38841835,-0.38661093,-1.3108408,-0.7750293
15.888137,3.2179353,29.979849,-0.9426273,-0.53783286,1.2932885,1.0818775,0.40479445,-0.211411
16.424128,4.4145117,46.925594,-0.875394,-0.8888362,1.3543912,0.42018622,-0.013442218,-0.934205
18.007765,5.4793215,193.37764,0.013331789,-0.13669999,0.62652004,0.56881416,-0.15003178,-0.05770588
18.007765,5.4793215,193.37764,-0.6396512,-0.21673985,0.42013797,0.5152436,0.42291135,0.09510562
10.886757,1.121234,38.51471,-0.171945,-0.28632382,0.5525366,0.57170445,-0.11437881,0.01916784
10.743839,1.3872527,6.927204,-0.81793994,-0.6433967,1.3322449,1.286968,0.17454326,-0.04527688
10.743839,1.3662153,7.192135,-0.50821435,0.44290996,1.3096638,1.3481996,0.9511243,0.038535833
10.68243,3.4190834,18.957901,-0.5476,0.5284717,1.3210626,1.3064358,1.0760717,-0.014626741
10.68243,3.4190834,18.957901,-0.136494,0.4552657,1.3530391,1.401852,0.5917597,0.048812866
10.032401,1.2376902,14.293766,0.5655115,0.4323453,1.3132753,1.348027,-0.13316622,0.034751654
13.756897,2.4893882,88.91058,-0.23699021,-0.49431214,0.68093604,0.6856094,-0.25732192,0.004673362
15.004367,3.231584,57.50742,-0.18701112,-0.2610152,0.68136305,0.49138674,-0.074004084,-0.1899763
15.623887,3.3123794,131.61484,-0.52652997,-0.33092192,0.30966932,0.32474878,0.19560805,0.0150794685
15.623887,3.3123794,131.61484,-0.4231569,-0.22082075,0.72911024,0.5111816,0.20233613,-0.21792865
14.081407,2.5254571,66.66537,-0.2980692,-0.39946443,0.48927474,0.26215917,-0.10139522,-0.22711557
14.605829,4.1408315,59.676315,-1.1862093,0.40066528,1.08097,1.3415085,1.5868746,0.26053846
15.011723,2.8184144,39.351894,0.111630484,-0.9814739,1.3593708,1.2813998,-1.0931044,-0.07797098
15.011723,3.8311882,39.351894,1.0001593,-1.6123531,1.4456419,1.333226,-2.6125124,-0.11241591
15.677772,3.8311882,45.27712,-0.81852627,-0.24396458,1.2299029,1.1163465,0.5745617,-0.113556385
16.859213,5.2398677,56.799557,0.25866574,-0.32189634,1.4460921,1.1318605,-0.5805621,-0.31423163
10.105858,1.2063956,8.290672,-0.15367815,-0.54927075,1.4002831,1.4082477,-0.3955926,0.007964611
10.176883,0.6584878,8.290672,0.26914772,-0.61852854,1.4351325,1.4099797,-0.88767624,-0.025152802
10.27679,0.72730094,27.90842,-0.5223952,-0.6447396,1.410087,1.4155943,-0.122344434,0.00550735
10.840918,1.2121807,31.882334,-0.73334295,1.1936146,1.3094211,1.4462212,1.9269576,0.13680017
10.840918,1.220578,18.904257,-0.2709618,1.2646074,1.3315209,1.4034156,1.5355692,0.071894646
10.4093485,1.656727,10.959482,-0.89994204,-1.1564085,1.1679453,1.0738466,-0.2564665,-0.09409869
11.114409,1.5389395,14.041233,-1.1143273,-1.0188739,1.1546391,1.2372823,0.09545338,0.08264315
11.114409,1.5573366,14.041233,-1.077754,-0.8261939,1.1159768,1.2322519,0.2515601,0.11627507
10.634375,1.5573366,10.667038,-0.9914447,-0.7580677,1.1993868,1.1554875,0.23337698,-0.043899298
11.262147,1.8569032,12.949276,-0.8953001,-1.1809515,1.1860569,1.2919986,-0.2856514,0.10594177
9.849786,0.5767169,2.444172,-1.0739222,-1.0791461,1.2346437,1.2166293,-0.0052239895,-0.018014431
9.847853,0.07167724,2.6077747,-1.092949,-1.1046764,1.2176139,1.2283776,-0.011727333,0.010763645
9.875089,0.09979801,2.6077747,-1.08482,-1.1041921,1.2211535,1.2293056,-0.019372106,0.008152127
10.084613,1.2503198,7.439375,-1.0872508,-1.1991807,1.2217551,1.3714764,-0.11192989,0.14972126
10.084613,1.3277384,12.22868,-1.086884,-0.8005791,1.2573513,1.4022384,0.28630495,0.14488709
9.840625,0.5757377,3.2114506,-0.9762187,-0.97296286,1.2360221,1.2427307,0.003255844,0.006708622
9.840625,0.084119014,3.2114506,-0.94542676,-0.9660041,1.2509916,1.2540174,-0.020577312,0.0030257702
9.848702,0.03553548,3.008461,-0.9877554,-0.96218073,1.2471646,1.2537605,0.025574684,0.00659585
9.857142,0.17511368,3.008461,-0.9646592,-0.90964097,1.2475679,1.2737683,0.055018246,0.026200414
9.924031,0.7447755,5.263996,-0.943116,-0.739361,1.2608199,1.3975877,0.20375502,0.13676775
21.780405,5.819744,49.09792,-1.3334609,-0.6784762,0.69214445,1.244978,0.6549847,0.5528335
21.780405,5.819744,49.09792,-1.0868394,-1.4989327,1.303282,1.1952164,-0.41209328,-0.108065605
22.999964,6.676328,54.933834,-1.3074181,-0.78184026,0.9322672,1.2515856,0.52557784,0.3193184
25.153683,6.9679117,56.531334,-1.1340276,-1.217439,1.2965457,1.327019,-0.083411455,0.030473232
25.153683,6.9679117,56.531334,-1.2079335,-1.2877768,1.3199439,1.116943,-0.07984328,-0.2030009
9.92168,0.99096954,2.014494,-0.28499073,-0.28225833,-0.09344162,-0.09399207,0.0027323961,-0.0005504489
9.90798,0.03729233,2.014494,-0.28381965,-0.28151357,-0.09517329,-0.09400057,0.002306074,0.0011727214
9.9413805,0.031159798,2.0636082,-0.28062353,-0.28383827,-0.09431134,-0.09475992,-0.0032147467,-0.0004485771
9.953073,0.031159798,2.0636082,-0.28119847,-0.28319666,-0.09495102,-0.09480587,-0.001998186,0.00014515221
9.953073,0.030956032,3.6287785,-0.28324562,-0.28256974,-0.092756025,-0.09297109,0.00067588687,-0.00021506101
9.938218,0.58632326,2.512741,-0.2595147,-0.2617974,-0.08216788,-0.08582451,-0.0022827089,-0.0036566332
9.955783,0.040446598,2.512741,-0.2592818,-0.26183936,-0.08312239,-0.085133284,-0.002557546,-0.0020108968
9.955783,0.040446598,2.4691582,-0.26086992,-0.2625702,-0.08194468,-0.08372305,-0.0017002821,-0.0017783716
9.919168,0.04184398,2.1998882,-0.25936595,-0.25813824,-0.08327121,-0.08335984,0.0012277067,-8.8624656e-05
10.480224,0.38758522,17.424822,-0.26177055,-0.30451724,-0.08134894,-0.07755016,-0.042746693,0.0037987828
9.921494,0.58683544,2.169466,-0.46947646,-0.46779022,-0.10367353,-0.09999756,0.0016862452,0.003675975
9.925335,0.016114205,2.5627136,-0.47045413,-0.4712692,-0.10173795,-0.10186829,-0.0008150637,-0.000130333
9.932767,0.021988658,2.8630733,-0.4697683,-0.47111407,-0.10196404,-0.10286112,-0.0013457835,-0.0008970797
9.932767,0.021988658,2.8630733,-0.47275788,-0.46670407,-0.101463124,-0.10082595,0.0060538054,0.00063717365
9.929572,0.02494863,2.1669865,-0.47323665,-0.47086293,-0.100807354,-0.099644,0.0023737252,0.001163356
9.97884,0.5921842,3.2717705,3.130276,3.1315973,0.022804592,0.024769934,0.0013213158,0.001965342
9.97884,0.031172253,3.2717705,2.8170123,3.1330025,0.023448931,0.022111928,0.3159902,-0.001337003
9.939611,0.023373296,3.2083988,3.1306653,2.8171606,0.023824837,0.023859078,-0.3135047,3.4241006e-05
9.971727,0.04126281,3.062296,3.1310096,3.130265,0.0246418,0.021383146,-0.0007445812,-0.0032586548
9.973665,0.04126281,3.062296,3.1308696,3.1320055,0.02089357,0.021527397,0.0011358261,0.0006338265
12.917128,1.288394,36.897423,-1.1294792,-0.9489927,1.2131647,1.2181524,0.18048644,0.0049877167
13.214765,2.6155891,36.897423,-0.75240374,-1.250023,1.1599191,1.2677996,-0.49761927,0.10788047
14.411649,2.6813314,44.962883,-1.1864316,-0.8231742,1.2817838,1.169244,0.36325747,-0.11253977
14.411649,4.190739,44.962883,-1.061565,-1.0326219,1.1771684,1.1768568,0.028943181,-0.00031161308
12.850165,4.190739,46.943237,-1.257683,-1.038957,1.3197005,1.1584699,0.21872604,-0.16123056
22.466612,3.938573,248.48872,-1.0117497,-0.21205015,1.0292649,1.2456274,0.7996996,0.21636248
44.610565,7.2190843,374.90808,-1.3244438,-0.375543,0.6410061,-0.969666,0.9489008,-1.6106721
45.417294,8.281682,522.208,-1.4674363,-0.17454968,0.06539774,0.556423,1.2928866,0.49102527
48.349735,8.281682,597.2485,-1.5861307,-1.4466877,0.6386715,-0.2821986,0.13944304,-0.9208701
48.349735,8.08289,597.2485,-1.506002,-1.0934153,-0.32890338,0.43703246,0.4125867,0.76593584
45.706577,8.87851,280.79663,-0.39994282,0.89588165,1.1634561,-0.4901405,1.2958245,-1.6535966
45.706577,6.61072,339.38312,-1.385595,1.2601538,0.6999477,-0.41388637,2.6457486,-1.1138341
37.353107,3.0444384,339.38312,-0.7291065,0.44125193,-0.16443333,-0.28340226,1.1703584,-0.118968934
41.411354,2.7168694,234.67036,-0.87591106,0.0024863004,-0.1686061,0.03530865,0.87839735,0.20391476
41.411354,3.284187,289.45657,0.106770374,-0.6615718,-0.4504064,0.038228188,-0.7683422,0.4886346
13.367861,3.9519496,20.428753,-0.56459874,-1.0773876,1.0061182,1.2260994,-0.51278883,0.2199812
11.200798,1.125676,12.6039505,-1.0548267,-1.3998935,1.2057623,1.102781,-0.3450668,-0.10298121
10.959709,1.100848,13.135004,-1.2281148,-1.3574407,1.1694478,1.1585667,-0.12932587,-0.010881066
11.430307,1.1590956,20.72301,-1.3459711,-1.4177462,1.1355385,1.2787614,-0.07177508,0.14322293
11.430307,1.1590956,20.72301,-1.7845259,-1.1227267,1.278656,1.2996483,0.6617992,0.020992279
10.284126,1.8398545,19.700336,-0.93021476,-0.8546222,1.3164895,1.2511371,0.07559258,-0.06535232
10.128926,0.4988953,9.562445,-0.82339334,-0.8625032,1.2428843,1.2848265,-0.039109826,0.04194224
11.179006,0.63546413,9.562445,-0.9317191,-1.0602899,1.2752583,1.3222432,-0.12857074,0.04698491
11.179006,0.67380846,8.771229,-0.88650644,-1.2738705,1.2607795,1.3027809,-0.38736403,0.042001367
10.339788,0.67380846,7.4014187,-1.2532129,-1.2382082,1.3264797,1.3105091,0.015004754,-0.015970588
13.566318,1.9816542,22.876406,-1.2346011,-1.2250378,1.0682691,1.3441498,0.009563327,0.2758807
13.566318,3.077963,22.876406,-1.2231085,-0.902108,1.1503128,1.2485013,0.32100052,0.09818852
14.7172165,3.077963,48.6527,-1.2193199,-1.4131001,1.3882082,1.1902556,-0.19378018,-0.19795251
14.7172165,2.761485,48.6527,-1.260133,-1.2786884,1.1125365,1.3591044,-0.018555403,0.24656785
14.13133,2.7009106,31.372976,-1.3596905,-1.1522086,1.2657932,1.151602,0.20748198,-0.114191175
17.716879,6.0629315,50.800945,-1.030237,-0.7677333,1.1052309,1.1930348,0.26250368,0.08780384
13.341521,2.0147896,40.145206,-0.9772457,-0.952013,1.2165428,1.2485082,0.025232673,0.031965375
14.161912,1.9682628,36.23829,-0.8116943,-0.8924106,1.1505184,1.205351,-0.08071625,0.054832578
14.686436,2.50453,42.0136,-1.1058189,-1.1700822,1.279232,1.2279958,-0.064263344,-0.05123627
17.284801,2.50453,70.115425,-0.8979659,-0.85613805,1.349798,1.0227591,0.041827857,-0.32703888
9.856084,0.5504692,2.5090694,-0.9001111,-0.95076704,1.2751001,1.2735054,-0.05065596,-0.0015946627
9.856084,0.17105538,2.989912,-0.96109724,-0.967494,1.2520903,1.2745438,-0.0063967705,0.022453427
9.869162,0.08982841,2.9907703,-0.9335537,-0.94204074,1.2798004,1.2720855,-0.008487046,-0.0077148676
9.876893,0.04913857,3.7497044,-0.9611777,-0.9460967,1.2725831,1.2876523,0.015080988,0.015069127
9.876893,0.20170353,3.7497044,-0.95553076,-0.9280062,1.2753925,1.2993598,0.02752459,0.023967266
13.503458,0.91865927,40.046024,-1.1176844,-1.0457346,-1.154401,-1.2478727,0.07194972,-0.093471766
13.503458,0.91865927,40.046024,-1.1078136,-0.91144276,-1.2178475,-1.227891,0.19637084,-0.010043502
10.326917,0.9080787,13.430595,-0.9870988,-0.96021616,-1.1835177,-1.1989429,0.026882648,-0.015425205
12.575676,1.3960141,37.389565,-0.92936075,-1.13662,-1.2150885,-1.2579341,-0.2072593,-0.042845607
12.575676,1.3960141,37.389565,-1.0813668,-1.1524155,-1.1361622,-1.2240632,-0.07104874,-0.087900996
10.077466,0.59911335,3.9411545,-0.96028537,-0.96350336,-1.2193348,-1.2224603,-0.0032179952,-0.0031254292
10.077466,0.054115444,3.9411545,-0.9629816,-0.9541128,-1.2300597,-1.2274497,0.008868754,0.0026100874
10.047459,0.054115444,3.0495644,-0.95778245,-0.9607476,-1.2237643,-1.225476,-0.0029651523,-0.0017117262
10.094591,0.03517664,2.7875423,-0.9585347,-0.9629537,-1.2304498,-1.22023,-0.004418969,0.010219812
10.094591,0.03517664,2.7905464,-0.95658475,-0.95693797,-1.2323501,-1.2217538,-0.00035321712,0.010596275
10.091743,0.6672931,3.4108162,-0.81945455,-0.8358451,-1.2035621,-1.2047994,-0.016390562,-0.0012372732
10.115136,0.051675107,3.1348705,-0.8409213,-0.82552356,-1.2027583,-1.2009125,0.0153977275,0.0018458366
10.115136,0.051675107,2.9174805,-0.84573203,-0.85764694,-1.1985307,-1.2072917,-0.011914909,-0.008761048
10.056561,0.0442868,2.0771027,-0.83719224,-0.83554125,-1.2097714,-1.2069316,0.001650989,0.0028398037
10.056561,0.0442868,2.5493145,-0.836623,-0.8327265,-1.2015646,-1.2064496,0.0038965344,-0.0048850775
10.045614,0.5811216,2.4009228,-0.9536996,-0.97715396,-1.211693,-1.2035537,-0.023454368,0.008139372
10.735087,1.1203868,6.7539215,-0.98083913,-0.8787053,-1.1997386,-1.2380457,0.10213381,-0.03830707
13.636963,2.5304532,24.09687,-0.9776117,-0.920791,-1.2207092,-1.0694944,0.05682075,0.15121484
16.611944,5.3132544,42.93642,-1.0708313,-1.155891,-1.1289138,-1.1632946,-0.08505964,-0.034380794
16.611944,5.3132544,42.93642,-0.47856712,-0.7989939,-1.2662814,-1.2663051,-0.32042676,-2.3722649e-05
9.874362,0.52819544,2.2190094,-1.046851,-1.0491228,0.046572473,0.047307763,-0.0022717714,0.00073529035
9.874362,0.009850411,2.2190094,-1.0476595,-1.0466238,0.045737054,0.045853965,0.0010356903,0.000116910785
9.859051,0.013421638,2.190733,-1.0468614,-1.0471828,0.042296976,0.04324513,-0.00032138824,0.00094815344
9.900341,0.013421638,2.3380756,-1.0449299,-1.0497718,0.043157417,0.04295512,-0.0048419237,-0.00020229816
9.900341,0.010157773,3.524971,-1.0515559,-1.0510333,0.043101463,0.043273114,0.0005226135,0.0001716502
9.886045,0.61251724,2.1752834,-0.9026244,-0.9020642,0.047457278,0.047236312,0.00056022406,-0.0002209656
9.873635,0.01391092,2.1752834,-0.90631247,-0.90411055,0.047972858,0.048181597,0.0022019148,0.00020873919
9.873635,0.01391092,2.4129868,-0.9019273,-0.9039566,0.04895756,0.046751074,-0.0020292997,-0.0022064857
9.87127,0.012524181,2.4129868,-0.9020885,-0.9009241,0.04788583,0.048089497,0.0011644363,0.00020366535
9.888641,0.01251942,2.0267963,-0.9019499,-0.9000039,0.047587577,0.047025923,0.0019459724,-0.00056165457
9.883465,0.5880402,2.1502972,-0.88680154,-0.8851388,0.06565447,0.066850744,0.0016627312,0.0011962727
9.891342,0.038601402,2.8409004,-0.88413537,-0.88958436,0.06643405,0.062039446,-0.005448997,-0.004394602
9.891342,0.038601402,2.8409004,-0.8844803,-0.8865612,0.06758164,0.06718789,-0.0020809174,-0.00039374828
9.87616,0.019471431,2.3674488,-0.88545895,-0.8850409,0.070166945,0.06481342,0.00041806698,-0.0053535253
9.863262,0.019471431,2.0653248,-0.8883427,-0.88200414,0.066574335,0.063693576,0.0063385367,-0.0028807595
9.9755335,0.59160924,2.6835918,0.5079053,0.5262803,0.062103093,0.055385552,0.01837498,-0.0067175403
9.9755335,0.123606816,2.6835918,0.51181525,0.5190009,0.05968243,0.051311918,0.007185638,-0.008370511
9.951645,0.058718957,2.3845196,0.51623666,0.51758206,0.05275734,0.048417903,0.001345396,-0.004339438
9.948082,0.034890335,2.3845196,0.5208138,0.5217184,0.05113516,0.050692063,0.0009045601,-0.0004430972
10.043373,0.112313695,3.4596443,0.5187359,0.53676885,0.055142723,0.045214154,0.018032968,-0.009928569
13.206057,1.5994066,43.911983,-1.1546764,-0.73390776,-1.2242975,-1.1319298,0.42076868,0.09236777
15.240191,1.8718557,45.714714,-1.0272435,-1.1534886,-1.2423413,-1.2280738,-0.12624514,0.014267445
15.240191,1.8718557,54.730606,-0.8982828,-0.85089827,-1.1608809,-1.1023849,0.04738456,0.058496
14.51488,1.8662076,54.730606,-1.15903,-0.77163297,-1.2934213,-1.0717723,0.387397,0.22164893
16.513277,2.3281336,52.682545,-0.8163721,-1.1858703,-1.2240711,-1.1865098,-0.3694982,0.037561297
20.973644,3.505729,83.87341,-1.1752995,-0.9747714,-0.44578844,-0.40089297,0.20052814,0.04489547
28.761364,3.6603074,199.55302,-0.9384165,-1.4347141,-0.3944875,0.3075063,-0.4962976,0.7019938
30.470926,3.9109015,199.55302,-1.2628999,-0.50541323,0.013880236,-0.78329384,0.75748664,-0.7971741
30.470926,5.7215304,164.52394,-1.3496748,-1.3167572,-0.26100662,0.578057,0.03291762,0.83906364
34.80152,5.7215304,223.76118,-0.84496796,0.44384542,0.07333599,-1.0348551,1.2888134,-1.1081911
26.228453,2.6780686,160.66255,-0.878246,-1.1080432,-1.2013302,-0.75372016,-0.22979718,0.44761002
39.63592,4.962432,285.8858,-0.9073855,-0.9708328,-1.0269835,-1.184532,-0.0634473,-0.15754855
39.63592,4.962432,285.8858,-2.1969151,0.749334,0.60638654,0.29496604,2.946249,-0.3114205
39.122036,5.799845,245.48923,-0.9578061,-1.2293632,-1.2849915,-1.0662234,-0.2715571,0.21876812
42.279858,5.799845,326.4963,-1.7989571,-0.9554819,-0.4205246,0.32943943,0.8434752,0.749964
10.855222,0.83499897,6.4237595,-0.9674339,-1.0212219,-1.2425213,-1.2692282,-0.053787947,-0.026706934
10.855222,0.79597944,6.2466145,-1.0888345,-1.0570244,-1.2916738,-1.2768548,0.031810164,0.014819026
10.395455,0.6323196,4.344225,-1.0355055,-0.9847186,-1.2638918,-1.3118666,0.050786912,-0.047974825
13.462156,0.91621035,21.612549,-1.0918688,-0.88467234,-1.303066,-1.3518176,0.20719641,-0.048751593
13.462156,1.0684099,21.612549,-0.86189497,-0.8415726,-1.3377544,-1.191966,0.020322382,0.14578831
11.503892,1.6800765,22.171736,0.058258086,-0.16314873,-1.0559494,-0.9424075,-0.22140682,0.11354196
31.25204,4.294304,376.2191,0.20141062,0.38783887,-1.0273145,-0.9962319,0.18642825,0.03108263
31.25204,4.294304,376.2191,0.3426707,-0.33965468,-1.0069057,-0.89324486,-0.68232536,0.11366081
14.270633,2.6943493,83.44245,-0.40775108,-0.3048786,-0.85683125,-0.8853339,0.10287249,-0.028502643
12.67761,2.6903398,33.561707,-0.29427284,0.57619417,-1.0406486,-1.1819924,0.870467,-0.14134383
26.565502,4.7004423,136.69644,-1.0715986,-0.97674143,-1.1756536,-0.8203198,0.094857216,0.3553338
26.565502,4.7004423,136.69644,-0.81320065,-0.9243547,-0.7142678,-0.9523239,-0.11115402,-0.23805612
26.805851,5.28043,171.97095,0.7245712,-1.0816679,-0.80530244,-1.2136781,-1.8062391,-0.40837568
26.805851,5.28043,171.97095,-1.2734078,-0.8056632,-0.1285057,-0.7726123,0.4677446,-0.64410657
25.797668,4.336132,133.71712,1.4894803,-0.86681664,-0.6420827,-0.9969877,-2.356297,-0.354905
17.4741,2.5468905,69.41113,-0.8228391,-0.4313994,-0.9383105,-1.0988241,0.39143968,-0.16051364
24.619417,4.9119263,104.98724,-0.88968194,-0.80855066,-1.0957025,-1.2029455,0.08113128,-0.10724294
24.619417,5.137648,104.98724,-1.1778516,-0.7321756,-0.78198683,-1.1006404,0.44567597,-0.31865358
24.227484,5.768188,92.8524,-0.4190329,-0.74353266,-0.9222562,-1.3594162,-0.32449976,-0.43716007
24.227484,5.8979063,96.70668,-1.163314,-0.7083645,-0.7283428,-1.033041,0.4549495,-0.30469823
10.130759,1.8017745,4.629898,-0.74452126,-0.76091844,-1.196679,-1.1922581,-0.016397178,0.0044208765
10.130759,0.05896299,4.629898,-0.7409782,-0.76165175,-1.1910077,-1.1984031,-0.020673573,-0.0073953867
10.082125,0.07468728,3.886032,-0.77658105,-0.7943881,-1.1898507,-1.1934179,-0.017807066,-0.0035672188
10.107579,0.08361178,4.292536,-0.7586278,-0.7702736,-1.2032225,-1.1963404,-0.0116458535,0.0068820715
10.107579,0.08361178,4.292536,-0.7882903,-0.7789966,-1.1961782,-1.1925497,0.009293735,0.0036284924
10.726674,0.8937364,11.548567,-0.7348013,-0.66108644,1.233866,1.2479323,0.07371485,0.014066339
11.418617,0.8937364,16.836071,-0.70712495,-0.45908403,1.2201974,1.1375005,0.24804091,-0.082696915
12.004457,2.3639627,28.683138,-0.58220834,-0.7879522,1.1605661,1.2965367,-0.20574385,0.13597059
14.852247,2.3639627,57.969284,-0.70541465,-0.6812359,1.1731412,1.2912228,0.024178743,0.11808157
14.852247,2.2418172,57.969284,-0.6640921,-0.5208917,1.233341,1.0794755,0.1432004,-0.15386546
9.90676,0.580508,3.1621456,-0.8845318,-0.88644886,1.1431956,1.1570243,-0.0019170642,0.013828635
9.913412,0.04954213,3.1621456,-0.88134015,-0.8922781,1.1482031,1.1641916,-0.010937929,0.01598847
9.913412,0.9896301,4.0774345,-0.88068235,-0.8134235,1.1569387,1.2322137,0.067258835,0.07527506
9.854121,1.1651118,12.454605,-0.9012741,-1.5845289,1.1822739,1.4052055,-0.68325484,0.22293162
27.983185,3.0541975,440.8699,-0.96144164,-0.7885728,1.2691877,1.1143456,0.17286885,-0.15484214
10.329619,1.936138,14.58931,-0.8004201,-0.81193197,1.1526963,1.4430169,-0.011511862,0.29032063
15.939159,4.6141963,139.6318,-0.68567973,2.0648458,1.1961248,1.2333574,2.7505255,0.037232637
15.939159,4.6141963,139.6318,-0.9442414,-0.84649384,1.430338,1.3179142,0.097747564,-0.11242378
14.757256,4.538445,76.82338,1.3158023,-0.5092393,1.276008,1.2042606,-1.8250417,-0.07174742
11.630462,1.0031979,68.285225,-2.0398116,-1.5698836,1.3594874,1.2236029,0.46992803,-0.13588452
11.126073,2.0750556,9.50551,-0.800208,-0.9047548,1.1679037,1.1015929,-0.104546845,-0.06631076
16.025572,3.374748,30.292463,-1.265671,-0.9705572,1.3992057,1.0790169,0.2951138,-0.32018876
16.798267,3.7668638,32.080986,-0.76168483,0.23049152,0.9563357,1.3503296,0.99217635,0.3939939
24.324305,6.0521035,45.90683,-0.93314457,-1.0399625,1.137409,1.2453724,-0.10681796,0.10796344
24.324305,6.0521035,45.90683,-0.5370274,-1.1607597,1.3636992,0.68294454,-0.62373227,-0.68075466
9.970458,0.5956512,2.5651455,-0.17121488,-0.17404409,-0.047021437,-0.045108777,-0.002829209,0.0019126609
9.95326,0.021286426,2.5651455,-0.17294449,-0.17245103,-0.047527816,-0.04741819,0.00049345195,0.00010962784
9.95326,0.02684047,2.4153233,-0.1722242,-0.17227773,-0.04561897,-0.047516678,-5.3539872e-05,-0.0018977076
9.931401,0.02684047,2.4153233,-0.17592745,-0.17608976,-0.04638375,-0.045746293,-0.00016231835,0.0006374568
10.0844965,0.03875038,5.089903,-0.17641932,-0.18006095,-0.047367204,-0.04778711,-0.0036416352,-0.00041990727
9.960377,0.5843971,2.7135372,-0.15841356,-0.15954378,-0.047352824,-0.045980804,-0.0011302233,0.0013720207
9.937672,0.019926067,2.5450706,-0.15917222,-0.1576718,-0.047093563,-0.048347432,0.0015004277,-0.0012538694
10.012849,0.120231256,2.571249,-0.15792468,-0.1535185,-0.04865806,-0.05635323,0.004406184,-0.0076951683
10.345578,0.36656934,18.505573,-0.15553561,-0.1391793,-0.04828442,-0.039151285,0.016356304,0.009133134
11.773423,1.4924757,38.65099,-0.13977513,-0.23746558,-0.052005094,0.002810987,-0.09769045,0.054816082
9.919947,0.5924281,2.2653103,-0.22734495,-0.22956774,-0.051338505,-0.052291322,-0.0022227913,-0.0009528175
10.01705,0.18792252,2.5661945,-0.22675562,-0.24057838,-0.049086705,-0.050792526,-0.013822764,-0.0017058216
11.103916,1.4245944,24.725485,-0.22910635,-0.26416415,-0.049673043,0.00811555,-0.035057798,0.05778859
13.252666,1.4914458,43.19315,-0.27519864,-0.54490054,-0.09805016,-0.06777368,-0.2697019,0.030276485
13.252666,1.4914458,43.19315,-0.50636554,-0.39531463,-0.003229206,0.38258377,0.111050904,0.38581297
9.854411,0.5499862,2.2686481,-0.39155957,-0.3863369,0.53092134,0.5342784,0.005222678,0.0033570528
10.799911,0.7012069,7.988739,-0.38772142,-0.33690712,0.5322653,0.5591654,0.0508143,0.026900113
10.799911,0.7012069,10.5211735,-0.3809821,-0.1980624,0.5336565,0.63814825,0.1829197,0.10449177
10.627635,1.5606842,10.5454445,-0.30610827,0.34644634,0.58457226,0.8286378,0.65255463,0.24406552
10.627635,2.937577,7.3473454,0.003562056,0.85407877,0.7187782,0.5073169,0.85051674,-0.2114613
10.504582,1.1739769,9.130573,-0.79474837,-0.5795329,1.2053611,1.0840504,0.21521544,-0.12131071
11.750361,2.615559,16.14089,-0.64772743,-0.85273343,1.1069666,1.202522,-0.205006,0.095555425
14.348773,2.615559,39.920856,-0.8342883,-0.8295394,1.0834483,1.3082225,0.004748881,0.22477424
14.348773,2.5040336,56.114628,-0.56715846,-0.6567516,1.1227198,1.034529,-0.08959311,-0.088190794
17.069614,4.478836,64.0996,-0.995327,-1.0197432,1.2268934,1.2276076,-0.024416208,0.00071418285
27.115395,4.2544875,138.62935,-1.1697414,-0.45212102,0.42867875,-0.7567828,0.7176204,-1.1854615
34.09869,4.637459,181.9357,-0.3861412,-0.26500943,0.8769342,0.9227956,0.12113178,0.045861423
36.83699,4.6961217,267.59378,-0.57184523,-0.65173805,-0.7226571,-0.66673374,-0.079892814,0.055923343
36.83699,5.2627153,267.59378,0.58297646,-1.5009686,1.0348777,0.69326234,-2.083945,-0.34161532
36.892635,5.2627153,283.2957,-0.08045238,-0.8888076,-0.9495201,-0.51797545,-0.8083552,0.43154466
32.548138,2.929026,164.68506,-0.60899085,0.53422177,0.009150496,-0.7290553,1.1432126,-0.7382058
34.264297,2.929026,164.68506,-1.1758168,0.68921006,0.05457752,-0.34935775,1.8650268,-0.40393528
39.939568,2.5651274,198.33861,-0.9600002,-0.7889291,0.071885996,-0.14982224,0.17107111,-0.22170824
39.939568,3.0270438,198.33861,0.46773562,-1.1690791,-0.39447615,-0.040209472,-1.6368147,0.35426667
33.77528,3.0270438,192.73273,1.504666,-0.6290952,-0.52882445,0.009927304,-2.1337612,0.5387518
9.887964,0.5032238,2.8196812,-0.7607239,-0.76979357,0.42931944,0.43229073,-0.009069681,0.0029712915
10.366359,0.57639533,12.878752,-0.7634977,-0.7832863,0.436088,0.42771763,-0.019788563,-0.00837037
10.689665,0.8024896,37.549877,-0.7753599,-0.620592,0.42870086,0.41826487,0.15476793,-0.010435998
12.345564,0.8024896,44.367886,-0.6810976,-0.58298194,0.41581696,0.38620484,0.09811568,-0.029612124
12.345564,1.222377,51.20516,-0.5587017,-0.43167406,0.44074124,0.14040172,0.12702763,-0.30033952
9.85227,0.6032217,2.267456,-0.6858914,-0.67610085,1.1243656,1.1294044,0.00979054,0.0050388575
9.99366,0.7931252,4.3810844,-0.67984337,-0.6082809,1.1162401,1.14553,0.07156247,0.029289842
9.99366,1.0576955,5.855751,-0.68294275,-0.6901088,1.144208,1.0684131,-0.007166028,-0.075794816
9.883942,1.0576955,7.612467,-0.6526445,-0.5797122,1.1403434,1.1032577,0.0729323,-0.03708577
12.646701,1.1050389,19.114971,-0.5343026,-0.9465879,1.0136927,1.20522,-0.41228533,0.19152725
13.190574,1.9998772,50.89388,-0.5158566,-0.47621185,0.6138015,0.59134245,0.039644778,-0.02245903
13.190574,1.9050356,50.89388,-0.5699733,-0.4427043,0.56701684,0.6366301,0.127269,0.06961328
13.577789,3.8637178,52.123642,-0.4523012,-0.65752727,0.62198484,0.20139703,-0.20522606,-0.4205878
16.965214,3.8637178,137.50902,-0.61606216,-0.519476,0.5134479,0.1808966,0.09658617,-0.3325513
16.965214,3.4631665,137.50902,-0.2601041,-0.89602774,0.24280807,1.2308224,-0.6359236,0.98801434
9.955517,1.9064705,4.224491,-0.67392313,-0.67074853,1.1916441,1.192184,0.003174603,0.0005398989
10.667905,0.9815634,15.655375,-0.69830513,-0.49168,1.1873045,1.1924226,0.20662513,0.0051181316
10.667905,1.8601913,15.655375,-0.66363245,-0.5230681,1.192605,0.9688333,0.14056438,-0.22377169
17.925392,2.6021545,68.360374,-0.5816994,-0.82496804,1.2099901,1.332716,-0.24326867,0.122725844
17.925392,3.3572798,68.360374,-0.83731127,-1.0348718,0.819372,1.2093098,-0.19756055,0.38993782
9.901146,0.96703726,4.7544956,-0.8776921,-0.7653734,1.1874013,1.3497331,0.112318695,0.16233182
10.324526,1.2704082,13.25202,-0.85031366,1.4354626,1.226145,1.4812046,2.2857761,0.2550596
10.989721,1.6218656,17.120743,-0.85989046,2.1402483,1.4274995,1.193424,3.0001388,-0.23407555
11.681209,2.5906024,27.183199,2.1620247,2.0798063,1.3792336,1.194763,-0.08221841,-0.18447065
11.681209,2.5906024,27.183199,2.153575,2.255781,1.3143284,1.2459738,0.10220599,-0.06835461
12.887126,3.2791488,41.140892,-1.2212789,-1.239905,0.90255547,1.1152084,-0.018626094,0.21265292
12.887126,3.2791488,41.140892,-1.2253227,-1.2314427,1.0269662,1.0974627,-0.0061199665,0.07049644
12.592482,4.923577,33.94251,-1.3778117,-0.7343526,1.0084789,1.1853462,0.6434591,0.17686737
12.592482,4.923577,33.94251,-1.2522084,-1.0853709,1.138037,1.0143464,0.16683745,-0.123690605
13.523241,4.8826127,40.94057,-1.2404795,-1.3640862,1.1803343,1.2361628,-0.12360668,0.055828452
14.109271,1.8192124,126.96548,-1.02537,1.5354849,1.2498631,1.3624401,2.560855,0.11257696
23.31227,2.6743102,240.28249,-1.1809689,-0.39359742,1.4238735,1.2081316,0.78737146,-0.21574199
23.31227,2.6743102,240.28249,-0.6973961,-1.0806507,1.2558401,1.1359,-0.3832546,-0.11994004
12.363538,1.7794973,55.693817,-1.3671105,-0.8923502,1.2697395,0.78464544,0.4747603,-0.48509407
14.550338,4.1341896,56.61178,-1.043158,-0.5869444,1.0226179,0.24711362,0.45621365,-0.77550435
9.886013,0.60771155,2.4481297,-0.9802658,-1.020889,1.1763899,1.1439059,-0.040623248,-0.032484055
9.886013,0.12888536,3.3747673,-1.0086882,-1.0140423,1.1356472,1.1580241,-0.005354047,0.022376895
10.02688,0.6938347,3.6159039,-1.020962,-1.0103128,1.1501822,1.296732,0.010649204,0.1465497
10.281197,1.5564947,6.666231,-1.0396187,-0.60364133,1.1977078,1.4535737,0.4359774,0.25586593
10.281197,1.5564947,10.14452,-0.48730797,1.7508993,1.425406,1.3092805,2.2382073,-0.116125464
10.497588,1.1221255,15.625763,-1.0272057,-1.0906368,1.1390761,1.264937,-0.063431144,0.12586093
10.497588,1.1221255,15.625763,-1.0388834,-1.1818477,1.1249409,1.1422731,-0.14296424,0.017332196
10.05818,0.81124926,5.2351,-1.120647,-0.9645586,1.1846796,1.2898443,0.15608835,0.10516465
10.037655,0.3642909,4.550934,-1.1011109,-1.1259139,1.1754334,1.2764072,-0.024802923,0.100973845
11.048195,1.3279881,7.479906,-1.0739486,-0.9997015,1.2949431,1.0230852,0.07424712,-0.27185786
9.929522,0.5857084,3.5413742,-0.7621597,-0.76082844,-0.09862609,-0.10434431,0.0013312697,-0.0057182163
9.929522,0.024738345,3.5413742,-0.76502097,-0.7620251,-0.100849286,-0.10123296,0.0029958487,-0.0003836751
9.906932,0.026293227,2.900219,-0.7617586,-0.7623402,-0.10067161,-0.10207572,-0.0005815625,-0.0014041066
9.906932,0.026293227,2.900219,-0.76634634,-0.7671846,-0.1012903,-0.10017278,-0.0008382797,0.00111752
9.920936,0.023721937,3.1646729,-0.76393306,-0.7688378,-0.10050438,-0.09809853,-0.004904747,0.002405852
9.885798,0.6569344,1.7276287,-0.9159832,-0.9129836,-0.118953206,-0.12127443,0.0029996037,-0.002321221
9.930678,0.02205914,3.0275345,-0.9137796,-0.9148304,-0.12033892,-0.12416875,-0.0010507703,-0.0038298368
9.968285,0.19574323,3.7067413,-0.91416645,-0.9261209,-0.12140147,-0.10892637,-0.011954427,0.012475096
10.035837,0.19672897,10.267973,-0.9166009,-0.88464296,-0.120921746,-0.119578086,0.031957924,0.00134366
10.067499,0.19672897,10.331106,-0.8883464,-0.8581308,-0.1299454,-0.12581384,0.030215561,0.0041315556
9.906762,0.5463256,2.669859,-0.59790343,-0.60190356,-0.11932001,-0.11924789,-0.0040001273,7.212162e-05
9.892671,0.02943247,2.1224022,-0.60054314,-0.5996711,-0.12009592,-0.118367925,0.00087201595,0.0017279983
10.023838,0.14900109,5.001688,-0.60187566,-0.58588475,-0.11891876,-0.11584207,0.015990913,0.003076695
13.350664,2.8382256,71.364525,-0.597829,-0.21235783,-0.11906648,-0.13169023,0.38547117,-0.012623757
13.350664,2.8382256,71.364525,-0.58324915,-0.75580764,-0.1283777,-0.23678601,-0.17255849,-0.1084083
10.014093,0.69449556,3.0548573,0.44280496,0.43850917,0.011404892,0.00607662,-0.004295796,-0.0053282725
10.051698,0.070586085,3.7483215,0.44497147,0.42481542,0.016285576,0.006453961,-0.020156056,-0.009831615
10.051698,0.25903672,3.7483215,0.43014637,0.418886,0.006762895,-0.013389377,-0.0112603605,-0.02015227
10.689683,0.528456,11.00564,0.42941374,0.26968896,0.009346523,-0.104737625,-0.15972477,-0.11408415
10.689683,0.6514154,11.00564,0.40014783,0.1295441,-0.017827164,-0.22191079,-0.27060372,-0.20408362
9.956173,0.61130285,3.7065506,-1.1244385,-1.1264131,1.1238174,1.15008,-0.0019745827,0.026262522
9.872086,0.13474531,4.0161133,-1.1225095,-1.1414435,1.1348302,1.1532067,-0.018934011,0.01837647
11.006266,0.6021956,13.068581,-1.1329952,-1.2635618,1.1492186,1.125346,-0.1305666,-0.023872614
12.776526,1.3462298,19.890022,-1.1842979,-1.2829602,1.1671257,1.1423359,-0.09866226,-0.02478981
12.925469,3.7940924,40.90433,-1.1404839,-1.3116132,1.0873038,1.1435362,-0.17112935,0.056232452
9.972334,0.6792536,5.1386356,-1.1211032,-1.2133988,1.0172861,1.058959,-0.09229565,0.041672945
11.249248,2.0084944,15.983248,-1.2059597,-1.2769265,1.0645283,0.9379794,-0.07096684,-0.12654895
20.166954,3.4952102,198.55652,-1.062372,-1.3578949,1.1077999,0.44636416,-0.29552293,-0.6614357
31.965462,5.656503,578.9941,-1.4257057,1.2711303,0.6144934,0.38436922,2.696836,-0.2301242
52.60355,5.8312635,614.2316,-1.7484901,-0.55470693,0.6253751,-1.0095421,1.1937832,-1.6349173
15.366178,6.6095037,90.39827,-1.1276519,-0.76748526,1.0734403,0.86200285,0.36016667,-0.21143746
15.366178,6.6095037,90.39827,-1.1154729,-1.035939,0.7509721,0.61832345,0.079533935,-0.13264865
31.542233,4.111414,192.58395,-0.9483386,-1.3643792,0.6919678,0.4817565,-0.41604054,-0.21021128
41.168213,3.3783338,338.60187,-1.1683266,-1.5293388,0.4818235,0.30666423,-0.36101222,-0.17515928
41.168213,3.3783338,338.60187,0.694205,-1.4745754,-0.620945,0.31144953,-2.1687803,0.9323945
10.126139,1.3327343,7.022667,-1.0646312,-1.0198214,0.528915,0.55394053,0.04480982,0.025025547
10.126139,0.49773937,8.57296,-1.0366632,-0.9084511,0.54455286,0.6350491,0.1282121,0.09049624
10.014281,0.49773937,8.57296,-0.96981317,-0.8686698,0.5666786,0.63406014,0.10114336,0.06738156
10.365412,0.2947689,17.787361,-0.8780492,-0.85865086,0.6243055,0.683044,0.019398332,0.05873853
10.365412,0.33765626,17.787361,-0.86356527,-0.8882181,0.647902,0.73507965,-0.024652839,0.087177634
10.128823,0.8103105,4.705858,-0.91807956,-0.94734347,1.1634347,1.1071302,-0.029263914,-0.056304574
11.426536,0.86704123,26.836681,-0.99736863,-0.44323212,1.0972135,1.2692649,0.5541365,0.17205143
13.761202,1.2217047,26.836681,-0.8486403,-1.4156679,1.1836932,1.2031014,-0.56702757,0.019408226
13.761202,1.2217047,25.93193,-1.5384645,-1.196581,1.2481105,1.1973019,0.34188354,-0.050808668
10.128207,0.83911544,10.703754,-1.4799306,-1.2659161,1.1962041,1.2001297,0.21401453,0.003925681
12.121519,2.5735247,25.179577,-1.0832213,-1.7860842,1.0690908,1.3518586,-0.70286286,0.28276777
12.121519,2.5735247,25.179577,-0.88370913,-1.3603452,1.0747241,1.1634891,-0.4766361,0.088765025
10.676786,2.4247243,20.136833,-1.0667747,-1.2790518,1.3622763,1.150377,-0.21227705,-0.21189928
10.676786,0.26746133,7.3462486,-1.2003739,-1.1367528,1.1745975,1.1421442,0.063621044,-0.0324533
13.566431,0.8807114,13.888836,-1.1736763,-0.94738615,1.1432496,1.177891,0.2262901,0.034641385
9.946715,0.5086588,3.4832,-1.1008394,-1.0567244,1.0866951,1.0921476,0.044114947,0.0054525137
9.881978,0.13371675,3.6040306,-1.1332757,-1.0711381,1.090749,1.1069772,0.062137604,0.016228199
9.833942,0.66865534,6.191778,-1.0973847,-1.1524647,1.092665,1.1033753,-0.055080056,0.010710359
10.486105,1.1323886,15.183425,-1.1017842,-1.1283023,1.114108,1.0637534,-0.026518106,-0.0503546
15.821151,2.154849,57.11651,-1.1969919,-1.2752178,1.1600258,1.0983442,-0.07822585,-0.06168163
9.8364525,1.5403488,2.795601,-1.1710474,-1.1674417,1.1698464,1.1694839,0.0036057234,-0.00036251545
9.883005,0.08400466,2.795601,-1.164187,-1.1566021,1.1624105,1.1735595,0.0075848103,0.011149049
9.959909,0.3012498,4.3498993,-1.1680442,-1.103452,1.1731565,1.2105408,0.06459224,0.03738427
9.993175,0.62565684,4.3498993,-1.1393318,-1.0232663,1.1814563,1.3244693,0.1160655,0.143013
9.993175,0.6487691,3.8520813,-1.149771,-0.7968299,1.2190077,1.4342004,0.3529411,0.21519268
10.709886,1.5033686,8.9223385,-1.2101933,-1.1735312,0.99578655,1.217994,0.0366621,0.22220743
11.984771,1.7061518,27.08559,-1.0658821,-0.6555685,1.2340344,1.1740808,0.4103136,-0.05995357
11.984771,1.7401776,27.08559,-1.1545813,-1.0925615,1.2140524,1.2745502,0.062019825,0.06049776
11.158966,1.7401776,18.440771,-1.1989939,-0.9429043,1.3213415,1.1847842,0.25608963,-0.13655734
10.855706,1.8561695,17.670965,-0.87463987,-0.9843267,1.2328566,1.0828408,-0.10968685,-0.15001583
9.849424,0.59400195,3.100729,-0.858322,-0.85825986,1.2672051,1.2671453,6.2167645e-05,-5.9843063e-05
9.823722,0.06997569,3.6969185,-0.8626068,-0.8680231,1.2664553,1.275698,-0.005416274,0.009242654
9.84983,0.11500505,4.038143,-0.8915469,-0.8633998,1.2768325,1.2714642,0.028147101,-0.0053682327
9.948855,1.1153911,12.23321,-0.90357876,-0.8489664,1.2670362,1.3879472,0.05461234,0.120911
10.284905,1.5962434,12.23321,-0.92376596,0.9949725,1.2842891,1.4553512,1.9187385,0.17106211
10.159952,1.1871971,4.831314,-0.8877201,-0.81045866,1.3638396,1.4061043,0.07726145,0.0422647
10.159952,0.9084943,4.194498,-1.1003606,-0.79885995,1.311701,1.439245,0.30150068,0.12754393
9.872175,0.5514256,3.8393974,-0.74622446,-0.6118156,1.4572575,1.4716208,0.13440889,0.014363289
9.942344,1.0440714,5.7109833,-0.7360774,1.22951,1.4185007,1.4059175,1.9655874,-0.012583137
10.779432,1.4362354,22.706556,-0.32880962,1.7475874,1.5273849,1.1512038,2.076397,-0.37618113
9.884953,0.55013293,2.3272038,-0.9160153,-0.9172869,1.2520038,1.2077999,-0.0012715459,-0.044203877
9.920789,0.62629503,3.0866146,-0.8994048,-0.9498205,1.2448845,1.2393224,-0.050415695,-0.005562067
10.887998,2.1863575,6.4955235,-0.97500277,-1.2201061,1.238873,0.9308947,-0.24510336,-0.30797833
10.887998,2.1863575,8.127403,-0.96067226,-1.5148076,1.1506059,1.020025,-0.5541353,-0.1305809
12.696053,4.2280607,24.939203,-1.2699325,-1.4495238,0.88603604,1.3580596,-0.1795913,0.4720236
9.884594,0.5376193,2.483797,-1.2901422,-1.2893275,-0.06539897,-0.07231476,0.0008146763,-0.006915793
9.884594,0.03620131,2.2948742,-1.2877986,-1.289674,-0.06885411,-0.073781975,-0.0018754005,-0.004927866
9.880907,0.037715808,1.9187927,-1.2906214,-1.2905753,-0.075296804,-0.07122822,4.6133995e-05,0.0040685833
9.880907,0.037715808,1.8930435,-1.2911469,-1.2915101,-0.07405401,-0.06833783,-0.0003632307,0.0057161823
9.850036,0.03100517,1.7322063,-1.2914959,-1.298145,-0.07069321,-0.06675269,-0.0066491365,0.0039405227
9.900687,0.58571476,2.6175976,-1.13103,-1.1314893,-0.086992644,-0.08696465,-0.0004593134,2.7991831e-05
9.917599,0.08947013,2.6175976,-1.133416,-1.1400089,-0.085010275,-0.08589677,-0.0065928698,-0.00088649243
9.917599,0.031952545,2.541685,-1.1373261,-1.1431662,-0.08701742,-0.086651556,-0.005840063,0.00036586076
9.980555,0.10472765,5.6391716,-1.1407797,-1.1510146,-0.08524862,-0.087631196,-0.010234833,-0.0023825765
10.007275,0.1496831,5.6391716,-1.141279,-1.1924021,-0.08681579,-0.09648766,-0.051123142,-0.009671874
9.892021,0.5929524,2.9850483,-1.5427727,-1.5457199,-0.07165451,-0.06713493,-0.0029472113,0.004519582
9.855723,0.03178864,2.3087502,-1.5444779,-1.54949,-0.06961814,-0.06693905,-0.0050120354,0.0026790947
9.855723,0.03178864,2.6321888,-1.5473412,-1.5478601,-0.06799622,-0.064283974,-0.00051891804,0.0037122443
9.849612,0.027853485,2.6321888,-1.5484462,-1.5455021,-0.0672073,-0.065397754,0.0029441118,0.0018095449
9.883996,0.10332695,4.925394,-1.5469292,-1.544355,-0.065176144,-0.07036154,0.0025742054,-0.0051853955
9.877127,0.5284736,2.2566319,-2.4256601,-2.4256003,-0.06561272,-0.06615403,5.9843063e-05,-0.0005413145
9.877127,0.02455667,2.2566319,-2.4224806,-2.429662,-0.06488017,-0.06490397,-0.007181406,-2.3797154e-05
9.898174,0.017535428,2.4080753,-2.4286714,-2.429722,-0.06877083,-0.06699191,-0.0010507107,0.001778923
9.898174,0.017535428,2.4080753,-2.4309354,-2.4318812,-0.06507395,-0.06750654,-0.0009458065,-0.0024325848
9.900322,0.019737927,2.0318985,-2.4319227,-2.4291446,-0.06500135,-0.06740247,0.0027780533,-0.0024011135
9.929505,0.5269137,3.5531044,-0.6919165,-0.80441743,1.2608337,1.248563,-0.112500906,-0.012270689
9.929505,0.29168418,3.9622307,-0.80918026,-0.8482375,1.240217,1.234293,-0.039057255,-0.0059239864
9.916567,0.29168418,3.9622307,-0.7993114,-0.8106893,1.2512442,1.2510827,-0.011377871,-0.00016152859
9.883623,0.28428543,4.1698456,-0.8309654,-0.8647208,1.2346025,1.276293,-0.03375542,0.041690588
10.016213,0.66377306,5.3896904,-0.82428205,-0.76972127,1.2510114,1.2068264,0.05456078,-0.044184923
17.990593,6.206892,87.761406,-1.1175244,-1.244292,-1.2673991,0.34693772,-0.12676764,1.6143367
16.862165,3.743879,87.761406,-1.5598605,-1.2564135,0.12172252,0.72781765,0.303447,0.60609514
20.625353,4.925399,62.27398,-1.3757393,-1.5300353,0.5503571,0.5918279,-0.15429592,0.041470826
20.625353,5.7298894,66.26082,-1.3171334,-1.6150252,0.5433292,0.55531746,-0.29789174,0.011988282
45.155193,7.0062327,362.97858,-1.3287532,-1.5205581,0.68958616,-1.1011722,-0.19180489,-1.7907584
10.224849,1.4931656,4.967642,-1.072329,-0.97967005,1.106018,1.1660033,0.092659,0.0599854
9.998262,0.92430115,4.967642,-0.9783519,-0.9957163,1.1872463,1.1615694,-0.017364383,-0.025676966
9.998262,0.5071116,2.4774075,-1.0100358,-0.9546081,1.1664172,1.1741596,0.05542767,0.007742405
9.982631,0.5317027,3.4448624,-0.99269134,-1.0623765,1.1668112,1.0942323,-0.06968516,-0.07257891
10.493972,0.5317027,5.297041,-1.0057331,-1.0823888,1.136797,0.9785593,-0.07665563,-0.15823764
9.929407,0.61786646,3.4502506,-0.7300366,-0.7728932,0.6669005,0.6640639,-0.042856574,-0.0028366446
9.959502,0.096489854,3.4502506,-0.768303,-0.7859242,0.6608933,0.6630696,-0.01762122,0.0021762848
10.622814,0.31961975,18.633509,-0.7744902,-0.80016327,0.6724498,0.6142088,-0.025673091,-0.05824101
10.991885,1.5945497,25.175428,-0.77332604,-0.8123661,0.63271064,0.57030344,-0.03904009,-0.062407196
11.962646,1.5945497,37.114143,-0.81311655,-0.93673736,0.6468781,0.42571694,-0.12362081,-0.22116119
13.834959,3.1767924,24.712849,0.08289049,0.06934726,1.4153343,1.2403727,-0.013543226,-0.17496169
15.771109,6.499477,41.9178,-0.10990926,-1.2631536,1.386744,-0.17156032,-1.1532443,-1.5583043
15.771109,6.499477,41.9178,-0.50591505,-0.85392344,0.85222465,-1.0862238,-0.3480084,-1.9384484
10.653309,4.7727785,20.658852,-1.1663525,-0.9820002,-0.5226595,-1.0822346,0.18435234,-0.55957514
10.653309,0.4391947,9.046364,-0.92671347,-0.99854946,-1.0811415,-1.0837913,-0.071835995,-0.002649784
17.001945,5.14273,61.714077,-0.7694898,-1.4056394,1.2229679,-0.00051623734,-0.6361496,-1.2234842
17.001945,5.14273,61.714077,-1.218582,-1.4113655,0.46717185,-1.0602133,-0.19278347,-1.5273852
12.163918,4.630125,22.890854,-1.5185549,-1.5143712,-0.68698114,-0.6128347,0.004183769,0.07414645
24.208633,6.6973443,198.99097,-1.618817,-1.355146,-0.98814505,0.42651868,0.26367092,1.4146638
24.208633,6.6973443,198.99097,-1.4556968,-1.6522818,-0.6824969,1.2414639,-0.19658494,1.9239608
15.030171,4.435327,87.67524,-1.0838491,-1.1820762,1.3338203,1.0364171,-0.09822714,-0.29740322
21.925621,3.0433443,90.169624,-0.9839938,-1.689192,1.0196859,1.2824957,-0.7051982,0.26280987
21.925621,2.2951539,90.169624,-1.6259476,-0.80186826,1.2188269,1.2874578,0.82407933,0.068630934
11.220695,5.06001,21.03877,-1.3564547,0.40922922,1.2530272,1.3598592,1.7656839,0.10683203
10.258662,5.06001,21.03877,-0.85176516,-0.77382916,1.2418082,1.2096269,0.07793599,-0.032181263
17.132013,5.8205013,79.765175,-1.2609017,-1.1485463,-1.1438495,0.79052365,0.11235535,1.9343731
17.132013,5.8205013,79.765175,-1.0290164,-1.1932476,-0.25025755,1.2107661,-0.16423118,1.4610236
15.575515,5.3518114,33.73294,-1.140952,-1.0709536,1.1160512,1.3267598,0.06999838,0.21070862
11.485499,1.5199977,33.73294,-0.03570839,-0.8512697,1.1994746,1.3495407,-0.81556135,0.15006614
10.053522,0.4109285,2.8728485,-0.7452203,-0.7891642,1.3002237,1.344505,-0.043943882,0.044281244
11.0794115,1.1637943,11.869907,-0.9649814,-0.90877783,-1.0567982,-1.0848044,0.056203544,-0.028006196
11.0794115,1.1637943,11.869907,-0.9276163,-0.84162885,-1.0501429,-1.2008424,0.08598745,-0.1506995
10.527585,1.0213741,9.02729,-0.91613233,-0.6410562,-1.1089011,-1.2897729,0.27507615,-0.18087173
10.376026,0.5650978,5.886364,-0.71951723,-0.77578366,-1.2565246,-1.1557212,-0.056266427,0.100803375
11.91093,1.0172141,21.915531,-0.7468182,-0.88163865,-1.2261026,-1.3573333,-0.13482046,-0.13123071
10.066292,0.5838116,3.8949013,-0.888841,-0.89395964,-1.0874407,-1.0880483,-0.005118668,-0.00060760975
10.066292,0.032069135,3.8949013,-0.8784276,-0.89078045,-1.0866572,-1.0872768,-0.012352824,-0.0006196499
10.101394,0.038663227,3.0514717,-0.88437,-0.8846364,-1.0880418,-1.0871227,-0.00026637316,0.0009191036
10.101394,0.038663227,2.5241375,-0.89063406,-0.886872,-1.0842246,-1.0944941,0.0037620664,-0.010269523
10.203948,0.91010374,5.664158,-0.9014209,-0.5722695,-1.0847719,-1.3076444,0.3291514,-0.2228725
10.053972,0.57338685,2.373457,-0.92860204,-0.9370119,-1.090573,-1.0883424,-0.008409858,0.002230525
10.053972,0.04381239,2.373457,-0.9324878,-0.9363901,-1.0876396,-1.0931778,-0.003902316,-0.005538225
10.041527,0.028626237,2.3356915,-0.94579494,-0.94802916,-1.0923712,-1.0841999,-0.0022342205,0.00817132
10.041527,0.03913289,2.4411201,-0.9340091,-0.93424577,-1.0890131,-1.0926045,-0.00023669004,-0.0035914183
10.082919,0.05896297,2.4411201,-0.9327261,-0.92167795,-1.0897223,-1.0960602,0.011048138,-0.006337881
19.423546,4.442001,41.061687,-0.9708109,-0.8193337,-1.0073409,-1.0982678,0.15147722,-0.090926886
31.551756,7.953026,67.4921,-1.0444012,-1.1651404,-0.78598726,-1.2206628,-0.12073922,-0.43467557
35.11597,7.953026,84.93137,-0.6250278,-1.34112,-1.326386,-0.5738411,-0.7160922,0.7525449
35.11597,7.8647647,84.93137,-1.1063422,-1.1453365,-1.1846868,-1.245053,-0.038994312,-0.060366273
26.972826,6.162048,64.486984,-1.161714,-0.800272,-1.0991249,-0.29028207,0.36144197,0.80884284
9.916543,0.59450257,3.1347752,0.7383607,0.74247575,0.6367017,0.6347687,0.004115045,-0.0019329786
9.90091,0.039795555,2.763605,0.7452232,0.74093926,0.6351959,0.6357485,-0.0042839646,0.00055259466
9.896697,0.039795555,2.733755,0.7447785,0.74773043,0.6368703,0.63719016,0.00295192,0.00031983852
9.925007,0.033369284,3.2622814,0.74521255,0.7456974,0.6365781,0.63811725,0.00048482418,0.0015391707
9.925007,0.033369284,3.2622814,0.74724066,0.7448108,0.63580954,0.6385639,-0.002429843,0.0027543306
9.939747,0.68672234,3.4258842,-0.5531694,-0.567045,0.056482047,0.055431366,-0.013875544,-0.0010506809
9.923648,0.056109324,3.0712605,-0.5572666,-0.5687078,0.05328866,0.057745505,-0.011441231,0.004456844
9.911894,0.023878725,2.6508808,-0.5703192,-0.56806266,0.0553764,0.057574254,0.0022565126,0.0021978542
9.911894,0.0833364,2.9420853,-0.57037175,-0.57651323,0.05753685,0.05748889,-0.006141484,-4.7963113e-05
10.135833,0.42325518,8.631039,-0.5735556,-0.5121824,0.057147212,0.077515565,0.061373174,0.020368353
9.906493,0.62397903,3.3587456,-0.6900698,-0.6897651,0.104715645,0.10685326,0.00030469894,0.0021376163
9.879807,0.031781115,2.3838997,-0.69071376,-0.692151,0.10687494,0.10622789,-0.0014372468,-0.0006470531
9.87931,0.031781115,2.3838997,-0.6918948,-0.69266236,0.10619062,0.10591666,-0.000767529,-0.0002739653
9.876307,0.023116454,1.954031,-0.6918395,-0.6907234,0.108882904,0.107821025,0.001116097,-0.0010618791
9.919686,0.32969528,2.6180744,-0.6899,-0.6554352,0.106928766,0.10654397,0.034464777,-0.0003847927
10.010435,0.5880639,1.7313004,-0.36535266,-0.3599946,-0.6534055,-0.6469221,0.00535807,0.006483376
9.995525,0.025008393,2.351904,-0.3600828,-0.3545824,-0.6495544,-0.6439254,0.005500406,0.0056289434
10.056647,0.025008393,3.3219814,-0.3559559,-0.35273767,-0.6430042,-0.6418795,0.0032182336,0.00112468
10.0811205,0.094382495,3.3219814,-0.35390958,-0.35042223,-0.6435889,-0.6409742,0.0034873486,0.002614677
10.098045,0.2400351,4.2542458,-0.3510654,-0.30817026,-0.63936865,-0.6183666,0.04289514,0.021002054
12.4982815,2.0801804,34.965755,-0.9223631,-0.6681498,-1.0443517,-1.11285,0.25421327,-0.068498254
12.4982815,1.8039074,26.735449,-0.89455336,-0.8133829,-0.9731142,-1.0874337,0.08117044,-0.1143195
14.446409,2.8825474,42.866516,-0.91952574,-0.75688154,-1.0832081,-1.0525293,0.16264421,0.03067875
14.446409,2.8825474,42.866516,-0.67204213,-0.9770962,-1.1024935,-1.1111102,-0.30505407,-0.008616686
13.392472,2.4300246,36.01265,-0.8529192,-0.68743473,-1.1081045,-1.0215822,0.16548449,0.08652222
34.2111,6.209488,136.26833,-1.2956125,-1.2781763,-0.06862178,0.9970657,0.017436147,1.0656875
58.498806,8.236886,369.6083,-1.1088095,2.00482,-0.85563517,-1.0790484,3.1136296,-0.22341323
58.498806,8.236886,369.6083,-1.4016668,-0.79353285,-0.114524916,1.2720237,0.6081339,1.3865486
55.27478,6.7368045,411.29343,-1.2026631,1.474692,-0.8137269,-0.99528503,2.677355,-0.18155813
55.27478,6.7368045,411.29343,-1.2543344,0.37220773,0.2609302,1.1713012,1.6265422,0.91037107
12.116045,0.8374657,22.49155,-0.79998463,-0.788113,-1.2713615,-1.1131753,0.011871636,0.1581862
21.434233,6.402918,143.3828,-0.9304732,-1.5077362,-1.2655089,-0.6715499,-0.577263,0.593959
21.434233,7.0343146,143.3828,-0.7056285,-0.53073585,-0.86328965,-0.49863505,0.17489266,0.3646546
80.766075,7.0343146,741.7088,-1.3208401,0.025732864,-0.19812164,0.21188577,1.346573,0.41000742
80.766075,7.945387,1182.4313,-1.2734915,-1.584102,-0.7724041,-1.1288457,-0.31061053,-0.35644162
10.324264,0.6097885,6.7192554,-0.8418595,-0.92367285,-1.1726015,-1.1533105,-0.081813335,0.019290924
11.033924,0.5040866,6.5099716,-0.77768725,-0.8761358,-1.1207826,-1.2616433,-0.098448575,-0.14086068
11.373414,0.5619517,10.926008,-0.9198489,-1.2344155,-1.1751242,-1.3836153,-0.3145666,-0.20849109
11.373414,0.5861366,10.926008,-1.0055484,-1.3153452,-1.3084136,-1.2486074,-0.3097968,0.059806228
10.535762,0.730698,6.172228,-1.1879293,-1.0944502,-1.3463143,-1.2461214,0.09347904,0.100192904
10.156285,0.5712729,5.3622246,0.26972818,0.3586132,-1.0710652,-1.1332891,0.08888501,-0.06222391
10.286598,0.4554878,8.4432125,0.36207613,0.40546265,-1.1322721,-1.152939,0.04338652,-0.020666838
10.286598,0.61496615,12.234211,0.35225117,0.30090696,-1.13781,-1.1626524,-0.051344216,-0.024842381
10.265134,1.007415,12.234211,0.47007543,-0.07103943,-1.1512691,-1.0479716,-0.54111487,0.10329747
10.265134,1.007415,12.019682,0.1078519,-0.11267229,-1.1314883,-0.8839036,-0.22052419,0.2475847
12.215158,1.7267777,8.13446,-0.8535922,-1.0513587,-1.012991,-1.1810561,-0.19776648,-0.16806519
12.215158,1.5554606,15.547514,-0.8876363,-1.0273573,-1.1840885,-1.08167,-0.13972104,0.10241842
15.699631,1.5214181,38.178158,-1.0749161,-0.67541695,-1.1349432,-1.0700724,0.39949918,0.064870834
15.699631,1.4845117,38.178158,-0.85286885,-0.77209824,-1.161695,-1.1252106,0.08077061,0.03648436
14.734823,1.2318054,33.827927,-0.815407,-0.94495696,-1.0045013,-1.0360863,-0.12954998,-0.031584978
21.81559,3.2164564,83.00519,-0.5189339,-0.7064428,-1.00177,-0.9882636,-0.18750888,0.0135064125
73.24163,6.531034,1618.5713,-0.47145572,-1.019135,-0.5559978,-1.2072918,-0.5476793,-0.65129405
73.24163,11.444002,1618.5713,-0.89887524,-0.59111065,-1.0926722,-1.2025952,0.3077646,-0.109923005
34.08147,11.444002,924.3517,-0.53696233,-0.85463285,-0.79566705,-1.0954576,-0.31767052,-0.2997905
20.71566,2.9815707,96.74502,-0.7425165,-0.88540936,-1.0356925,-0.8983986,-0.14289284,0.13729388
10.054756,0.59434223,3.0953407,-0.9319587,-0.9222913,-1.0791966,-1.0872338,0.009667397,-0.0080372095
10.080359,0.04097822,2.7145863,-0.91937286,-0.91290474,-1.0832392,-1.089237,0.0064681172,-0.005997777
10.080359,0.055887535,2.7145863,-0.91670465,-0.91978043,-1.0863255,-1.0904065,-0.0030757785,-0.004081011
10.08616,0.1772104,3.0401707,-0.9325324,-0.90671426,-1.0872626,-1.1079286,0.02581817,-0.020666003
10.08616,0.8626784,5.529642,-0.9104832,-0.6363215,-1.0988853,-1.2906563,0.2741617,-0.19177103
13.562506,1.4388713,49.5492,-1.1910083,-0.9467022,1.2499256,1.1656029,0.24430615,-0.08432269
15.52061,2.3299603,72.3289,-0.57734036,-1.1098936,1.2051928,1.2982432,-0.5325532,0.09305036
15.52061,2.3299603,72.3289,-0.95193005,-1.0948678,1.2766402,1.232702,-0.14293778,-0.04393816
13.076925,2.0359006,25.20132,-1.4025393,-0.960429,1.2792612,1.272163,0.44211024,-0.007098198
13.076925,2.0359006,25.20132,-1.0158755,-0.93801415,1.2180288,1.2160524,0.07786131,-0.0019763708
9.849555,0.5014969,2.943039,-1.0771927,-1.0678138,1.2011403,1.1903889,0.00937891,-0.010751367
9.850534,0.06838424,4.3111324,-1.0599401,-1.0493779,1.2053301,1.207206,0.0105621815,0.0018758774
9.850534,0.06772627,4.3111324,-1.0660564,-1.0596402,1.1967261,1.2044046,0.0064162016,0.0076785088
10.059715,0.5173121,4.9748898,-1.0632273,-0.8987533,1.198189,1.2999033,0.16447401,0.10171425
13.941205,2.798683,48.36855,-1.0519432,1.615456,1.2197871,1.3441018,2.6673992,0.124314666
10.3146105,1.8395473,14.382267,-0.8002866,1.5135872,1.33532,1.4104779,2.3138738,0.07515788
13.524504,1.8395473,22.416258,-0.12146243,0.94078225,1.4553611,1.4627522,1.0622447,0.007391095
13.524504,1.6805221,22.416258,2.0135033,0.26867518,1.4115856,1.4891151,-1.7448281,0.07752955
10.451052,1.6685019,10.53524,1.783185,-0.7783126,1.4580327,1.3219208,-2.5614977,-0.13611197
10.399016,0.35687292,10.53524,-0.7032342,-0.61689776,1.3418291,1.3680308,0.086336434,0.026201725
18.9775,5.619278,41.0913,-1.0803032,-1.7997482,1.2214415,0.66849864,-0.719445,-0.5529429
31.971535,7.7705393,102.12994,1.0446903,-2.111209,1.2236806,1.4040471,-3.155899,0.18036652
31.971535,7.7705393,102.12994,-1.6219327,0.71825147,0.7777507,1.3486198,2.3401842,0.57086915
30.54558,7.3931117,88.52644,0.8140152,-1.6863918,1.24206,0.5641803,-2.500407,-0.67787963
30.54558,7.3931117,95.27102,-1.6678355,-2.0511887,1.3713754,1.3653336,-0.38335323,-0.0060418844
9.906271,0.6551153,2.7772903,-0.93584603,-0.9399093,-0.076756574,-0.07451799,-0.0040632486,0.0022385865
9.910776,0.042680327,2.414751,-0.9378263,-0.9402706,-0.07474308,-0.074079454,-0.0024443269,0.0006636232
9.910776,0.036627598,2.414751,-0.9423348,-0.94457805,-0.07327615,-0.07045825,-0.0022432804,0.002817899
9.886749,0.036627598,3.2896042,-0.94052154,-0.94913113,-0.070088044,-0.06897834,-0.008609593,0.0011097044
9.885534,0.03327879,3.2896042,-0.9469476,-0.94548386,-0.07033135,-0.07180475,0.0014637113,-0.001473397
9.902545,0.59229946,2.8347492,-0.6759852,-0.6754986,-0.08839695,-0.08881634,0.00048661232,-0.00041938573
9.919032,0.032403428,2.8347492,-0.6754243,-0.6750909,-0.08925762,-0.087009445,0.00033336878,0.0022481754
9.919032,0.032403428,2.4746418,-0.6740064,-0.6776946,-0.0896091,-0.089944504,-0.0036882162,-0.0003354028
9.911356,0.019123366,2.4746418,-0.67483103,-0.67687523,-0.088494286,-0.087380484,-0.002044201,0.0011138022
9.891231,0.021431755,2.1659374,-0.67665136,-0.6746603,-0.08715786,-0.088276595,0.0019910336,-0.0011187345
9.894823,0.598139,3.347826,-0.60723954,-0.6080607,-0.09031294,-0.089540616,-0.0008211732,0.0007723272
9.912394,0.022560932,3.347826,-0.60868895,-0.6079768,-0.090491,-0.09163992,0.0007121563,-0.0011489242
9.912394,0.019540291,2.2686481,-0.6087051,-0.60730934,-0.08963024,-0.08960388,0.001395762,2.6360154e-05
9.890619,0.019540291,1.4384747,-0.6046238,-0.6079176,-0.08909205,-0.08947881,-0.0032938123,-0.00038675964
9.889549,0.023372002,2.0427227,-0.60937965,-0.6075588,-0.091104195,-0.089717254,0.0018208623,0.0013869405
9.953759,0.582326,2.488041,0.46076885,0.4632861,0.16606769,0.16567017,0.0025172532,-0.00039751828
9.934734,0.024958216,2.3638248,0.4634269,0.45681605,0.16601098,0.16422805,-0.0066108406,-0.0017829239
9.9376335,0.023823652,1.6535282,0.4604156,0.45706686,0.16619912,0.16673878,-0.003348738,0.00053966045
9.939878,0.049449235,2.8088093,0.4589247,0.44857973,0.16656329,0.15947086,-0.010344982,-0.007092431
9.975058,0.20702146,3.0474186,0.46078163,0.4521222,0.16698866,0.1572055,-0.008659422,-0.009783149
12.148198,2.2555676,26.67656,-0.9837613,-0.8506179,1.1220396,1.2137017,0.13314342,0.09166217
12.682999,1.5251645,26.350594,-0.61971533,-0.9713605,1.3338753,1.2188027,-0.35164517,-0.11507261
12.682999,1.5851576,26.350594,-0.92551327,-1.3043476,1.2599251,1.2611829,-0.37883437,0.0012577772
12.659671,2.1328816,25.206518,-1.2839997,-0.96024287,1.2627758,1.0878023,0.3237568,-0.17497349
12.659671,2.1328816,25.206518,-1.0166117,-0.8063184,1.1862366,1.2233908,0.2102933,0.037154198
12.616413,3.41799,89.42419,-0.5614486,-1.1307076,1.3144244,0.42393216,-0.56925905,-0.8904922
40.575264,7.893574,247.4229,-0.79057586,2.0859532,1.2493637,0.48047408,2.8765292,-0.76888955
44.97153,7.893574,464.45715,-1.5162653,0.0241186,0.8456702,-1.1953372,1.5403838,-2.0410075
54.81405,6.7937613,560.44543,-0.70534176,1.025069,0.47401515,0.51046115,1.7304108,0.036446005
54.81405,6.7937613,560.44543,-1.4015191,0.13272643,-0.11669557,-0.8713897,1.5342455,-0.7546941
35.2375,4.940055,228.46089,-1.2585576,-1.5679328,1.197065,1.3194008,-0.3093753,0.12233579
61.952705,6.1755314,674.4095,-0.701597,-1.4281712,0.6457844,0.75024927,-0.7265742,0.10446489
61.952705,6.1755314,674.4095,-1.582462,-1.0797268,-0.50908744,-0.19518898,0.50273514,0.31389844
70.53699,6.528724,920.4485,-1.5213349,-1.6512963,0.3743638,0.030068636,-0.12996137,-0.34429517
71.87687,8.290951,925.8175,-1.9518454,-0.48397294,1.3225405,-0.2845218,1.4678725,-1.6070623
10.963516,1.330506,14.587688,-1.1901748,-1.3230811,1.2161113,1.2599897,-0.13290632,0.043878436
15.142552,4.0871043,42.903996,-1.1560152,-0.6992433,1.2214019,0.57218814,0.45677185,-0.6492138
15.142552,4.0871043,42.903996,-1.2562678,-0.38005343,0.99027884,0.053709637,0.8762144,-0.9365692
17.842758,2.5160656,232.96762,-0.53931844,-0.4391323,0.22837715,0.097157136,0.10018614,-0.13122001
17.842758,1.5962726,232.96762,-0.5760509,-0.37768602,0.29685563,0.37013268,0.19836485,0.073277056
12.158503,0.84358877,17.514133,-1.0058725,-0.8100832,1.2205764,1.2482024,0.19578928,0.027626038
12.158503,1.4490317,25.46258,-0.94972813,-0.86835223,1.1618402,1.2589629,0.0813759,0.09712267
11.889866,1.4490317,25.46258,-0.6797441,-0.8230518,1.2607535,1.1650747,-0.14330769,-0.09567881
9.9869795,0.28594747,5.6532383,-0.78361106,-0.85379994,1.2108228,1.1626871,-0.07018888,-0.048135757
9.93228,0.34338453,7.002735,-0.8641672,-0.93233156,1.166125,1.1833909,-0.06816435,0.017265797
9.88323,0.5023762,3.0640125,-0.9255555,-0.83483315,0.62737954,0.61011064,0.09072238,-0.017268896
9.850943,0.30535445,3.4719944,-0.8661925,-0.82176954,0.6041956,0.614189,0.044422984,0.009993434
10.491053,0.33366665,8.744526,-0.8341228,-0.80542517,0.61887634,0.5926612,0.02869761,-0.026215136
11.655376,1.3475983,35.614872,-0.8416649,-0.81384885,0.6123473,0.5995083,0.027816057,-0.012839019
11.656077,2.2832832,35.614872,-0.8505904,-0.7884108,0.5934993,1.2034532,0.062179625,0.6099539
10.18863,0.5989226,5.465412,-1.0539227,-1.1472833,1.2030594,1.2035565,-0.09336066,0.00049710274
10.18863,0.35965398,8.975601,-1.103781,-1.1114163,1.2251999,1.1644008,-0.007635355,-0.06079912
13.167444,0.6668223,35.763454,-1.0785229,-0.7616595,1.1776047,1.1793545,0.31686342,0.0017498732
13.167444,0.6668223,35.763454,-1.0940363,-0.9248417,1.236635,1.1144842,0.16919464,-0.12215078
14.497763,0.9974792,38.548233,-0.8374529,-1.1971262,1.1453931,1.1753575,-0.35967326,0.029964328
9.84527,0.580359,3.166294,-1.040297,-0.962028,1.2061245,1.3218867,0.078269005,0.115762115
10.542047,0.57560235,8.396339,-1.0157908,-0.7533272,1.2705896,1.4168946,0.26246363,0.14630497
10.542047,0.57560235,8.396339,-0.87004596,-0.71618044,1.3845196,1.4081057,0.15386552,0.023586154
10.284622,0.5179536,4.9763203,-0.73791665,-0.9871027,1.4221611,1.357085,-0.24918604,-0.06507611
9.903078,0.5179536,3.5642624,-0.7991197,-1.01613,1.3904624,1.3228558,-0.21701026,-0.06760657
12.514968,0.8540132,20.324183,-0.75604427,-0.88672686,1.2682201,1.3358122,-0.13068259,0.067592144
12.514968,1.4549656,20.324183,-1.0164098,-0.7248372,1.3474287,1.3118865,0.29157257,-0.03554213
11.28272,1.4549656,17.016363,-0.6332776,-0.6865196,1.2749445,1.1904647,-0.053242028,-0.08447981
11.622891,1.6443734,21.951962,-0.73410785,-1.1204205,1.2775204,1.3534263,-0.3863126,0.07590592
11.622891,1.7161787,21.951962,-0.76558894,-0.99509126,1.279749,1.336938,-0.22950232,0.057188988
10.05438,1.8236148,5.6376457,-0.92248565,-0.5306202,1.3679368,1.4177247,0.39186543,0.04978788
10.05438,1.046185,6.5649033,-0.85289145,0.93586445,1.3986617,1.3755392,1.7887559,-0.023122549
11.102946,2.127872,36.63721,-0.05007419,1.661919,1.4075325,1.0074809,1.7119932,-0.4000516
13.759823,3.2575808,113.64913,1.4815133,-0.25798875,1.2386115,1.2875397,-1.739502,0.04892826
13.759823,3.8212023,113.64913,1.6715893,-0.7905514,1.249753,0.3782141,-2.4621406,-0.8715389
11.265058,1.181841,21.831512,0.8787567,1.7115856,1.370554,1.1557915,0.83282894,-0.21476245
11.265058,1.181841,21.831512,1.6311362,1.7238295,1.1053174,1.0810341,0.09269333,-0.02428329
10.376382,0.699503,13.506746,1.5384692,1.6601012,1.1229872,1.0712961,0.12163198,-0.051691055
11.338304,1.0248562,57.382156,1.7449806,1.5076392,1.0822322,1.1371057,-0.2373414,0.054873466
11.338304,1.0248562,57.382156,1.687994,1.2665678,1.0824196,1.3396485,-0.42142618,0.25722885
14.908952,3.910419,54.45838,-0.89407206,-0.8785182,1.2764618,1.0342106,0.015553832,-0.24225128
21.861656,7.4049354,50.1338,-0.8660058,-0.8240253,0.9126714,1.0701348,0.041980505,0.15746337
24.807846,7.9373946,50.1338,-0.55689543,-1.3820369,1.1326574,0.9420954,-0.8251415,-0.19056201
24.807846,7.9373946,41.600563,-0.9382862,-0.93801326,1.3028638,1.3595546,0.00027292967,0.056690812
20.113781,6.120253,47.144127,-1.1958399,-0.8567007,1.0819495,0.29293352,0.33913916,-0.78901595
9.884831,0.5563788,2.8802395,-1.356738,-1.3564342,-0.07560017,-0.07579449,0.00030374527,-0.00019431859
9.884831,0.030149944,2.8802395,-1.3569996,-1.3521055,-0.075019985,-0.078209646,0.0048941374,-0.0031896606
9.855206,0.02304271,1.9476414,-1.355006,-1.3513219,-0.07613352,-0.07689965,0.003684044,-0.0007661283
9.872926,0.02481067,2.7347565,-1.3525504,-1.3554951,-0.07578917,-0.07840489,-0.0029447079,-0.00261572
9.872926,0.02481067,2.7347565,-1.3524002,-1.3569527,-0.07791617,-0.0784127,-0.0045524836,-0.00049652904
9.8786955,3.2549548,2.3116589,-1.1672953,-1.1655078,-0.030315075,-0.029255003,0.0017875433,0.0010600723
9.8786955,0.022824043,2.3116589,-1.1659377,-1.1653572,-0.028347373,-0.031067342,0.00058043003,-0.0027199686
9.871348,0.021055158,2.2980213,-1.1670729,-1.1660948,-0.0281044,-0.030151162,0.0009781122,-0.002046762
9.880093,0.021055158,2.5075436,-1.1683815,-1.167648,-0.030415008,-0.028103868,0.00073349476,0.0023111403
10.2919235,0.3467491,4.2775154,-1.1654383,-1.1616788,-0.027661875,-0.024198795,0.0037595034,0.0034630802
11.495756,4.366207,22.847939,-1.152991,-1.1837095,-0.010424795,-0.011953683,-0.030718446,-0.001528888
19.53617,4.099935,265.90933,-1.1546458,-0.5450257,-0.008565029,0.27469346,0.6096201,0.2832585
19.691774,4.099935,265.90933,-1.3768194,-0.8813987,-0.16376045,0.23189059,0.4954207,0.39565104
19.691774,3.1151037,143.01791,-0.72320443,-1.1382229,0.18759975,0.16864331,-0.4150185,-0.018956438
14.439204,3.935017,127.27843,-0.70038927,-1.0859586,0.21363723,0.51614237,-0.38556933,0.30250514
9.931273,0.49776363,2.0338535,2.076549,2.0795426,-0.026741752,-0.025822232,0.0029935837,0.00091952085
10.789026,0.25114512,6.832838,2.0811608,2.0826044,-0.027834311,-0.021386798,0.0014436245,0.0064475127
10.789026,1.0729885,9.760141,2.078981,2.092889,-0.025166744,-0.13026667,0.013908148,-0.105099924
11.189867,3.7963808,9.760141,2.091771,2.6660807,-0.063828155,-0.45830116,0.5743098,-0.39447302
14.526397,4.942864,60.267498,2.1557326,-1.4446414,-0.18408315,-0.16829154,-3.600374,0.01579161
12.384336,1.70976,27.316904,-0.86839134,-0.9433053,1.3297251,1.3347776,-0.07491398,0.0050524473
12.384336,1.7947094,34.013367,-1.0826851,-0.5550672,1.2039111,1.340378,0.52761793,0.13646698
14.149867,3.1153777,53.55358,-0.23565772,-0.80285466,1.3562012,1.2508692,-0.56719697,-0.10533202
14.149867,3.1863823,53.55358,-0.7451844,-0.9271945,1.2007376,1.3625906,-0.18201005,0.16185296
13.332823,3.1863823,41.133976,-1.178255,-0.61264217,1.4208821,1.2720429,0.5656128,-0.14883924
17.712616,5.4398613,29.569387,-0.8891622,-1.2665203,1.3294418,1.0616467,-0.37735808,-0.2677951
30.34537,10.001047,59.90143,-1.4511685,-1.5449231,0.93493176,1.42987,-0.09375453,0.49493825
30.34537,10.001047,103.526215,0.68800604,-1.3327115,1.1892242,1.1549127,-2.0207176,-0.034311533
36.01603,10.221397,197.88771,-1.5013144,0.30323622,1.2321721,1.2229776,1.8045506,-0.009194493
56.310116,10.269848,798.1827,-1.0153486,-1.5465969,1.3063548,0.9248103,-0.53124833,-0.38154447
9.928479,0.6221296,3.7474632,-0.93312377,-0.95906144,1.3044552,1.3360245,-0.025937676,0.03156936
13.614528,0.7185811,173.54932,-0.9083413,-0.7968544,1.3189116,1.0201433,0.11148691,-0.29876828
25.717249,2.451872,194.69719,-0.96293783,2.5389895,1.346212,-0.1915457,3.5019274,-1.5377578
64.35303,2.68172,1138.5524,-0.7957667,-0.6134676,1.3277929,0.11817171,0.18229914,-1.2096212
64.35303,4.058677,1138.5524,-0.8810086,-0.61544275,1.1564288,1.3191588,0.26556587,0.16272998
11.61748,1.3242903,18.81404,-0.77243793,-0.88570565,0.21662614,-0.35604072,-0.11326772,-0.5726669
11.928181,1.3242903,76.018906,-0.8652687,-0.74104106,0.09496401,0.039655264,0.12422764,-0.055308748
12.296587,1.9361935,79.74234,-0.8773268,-1.0109694,-0.049533118,-0.2707936,-0.13364261,-0.22126047
12.296587,1.9361935,44.133663,-0.85475075,-0.9057332,0.046790116,0.20294411,-0.050982475,0.156154
10.476502,1.8475542,29.554987,-0.92426383,-0.7223922,-0.07789661,0.40084642,0.20187163,0.47874302
9.876499,0.6502614,2.7039528,-0.7873602,-0.7864081,1.2927978,1.2929668,0.000952065,0.00016903877
9.876499,0.040354237,2.5521755,-0.7988825,-0.80483407,1.2886218,1.2960465,-0.0059515834,0.007424712
9.815725,0.040354237,2.1371365,-0.79204714,-0.80283153,1.2910085,1.2921814,-0.010784388,0.0011729002
10.068297,0.1140144,3.2360077,-0.79302907,-0.77120036,1.2915776,1.2914759,0.021828711,-0.000101685524
10.199108,0.5130503,9.332132,-0.81484014,-0.8129775,1.2982733,1.3354282,0.0018626451,0.037154913
9.854354,0.50178057,2.4178505,-1.0977927,-1.0872904,0.1455532,0.15361188,0.010502338,0.008058682
10.226088,0.2975576,9.143925,-1.0934651,-1.0684634,0.15122804,0.1434631,0.025001645,-0.0077649355
10.434714,0.59461844,9.143925,-1.0811244,-0.9548666,0.15087336,0.21534856,0.12625784,0.06447519
11.145847,1.4272186,28.845644,-1.0609547,-0.82666016,0.16972423,0.08388567,0.23429453,-0.08583856
16.179005,3.8109066,51.163864,-0.92304957,-0.99882203,0.20653212,-0.1519061,-0.075772464,-0.35843822
9.862411,0.62837106,2.7336597,-0.8595972,-0.7802364,1.2889146,1.3056898,0.07936078,0.01677525
10.463873,2.0732398,31.1347,-0.74281216,-0.6272241,1.313403,1.3256613,0.11558807,0.012258291
10.495306,2.0732398,31.172705,-0.83654165,-0.71497643,1.2946397,1.1935472,0.12156522,-0.10109246
10.495306,0.7726535,15.813351,-0.64107347,-0.3126772,1.275525,1.1515526,0.32839626,-0.123972416
15.79627,1.4001486,139.16096,-0.5693966,-0.20500687,1.1460129,1.2674588,0.36438975,0.121445894
9.862774,0.6516314,2.7970314,-0.84645236,-0.8061315,1.3288753,1.3423887,0.040320873,0.013513446
10.264443,0.33261114,7.405138,-0.8505291,-0.57154715,1.3316889,1.3803899,0.27898192,0.048701048
10.264443,0.937967,7.405138,-0.8141818,0.50957,1.345166,1.3666075,1.3237518,0.021441579
10.131326,1.0529963,7.402897,-0.35433665,1.2905599,1.3884368,1.1664555,1.6448965,-0.22198129
10.036839,1.0529963,7.1068764,0.88349456,1.62229,1.3374386,0.9963749,0.73879546,-0.34106368
10.072817,0.5763898,6.7272663,-0.8036337,-0.97245085,1.2258055,1.2391102,-0.16881716,0.01330471
10.369081,0.738228,10.404158,-0.9084622,-0.8612811,1.222174,1.1960412,0.04718113,-0.026132822
10.435569,0.738228,10.522509,-0.9981496,-0.6183096,1.2666619,1.2459515,0.37983996,-0.02071035
10.435569,0.957058,10.522509,-0.7035526,-0.7430864,1.245666,1.2093526,-0.039533794,-0.036313415
12.7051935,1.4524248,19.409132,-0.74304336,-0.74790835,1.2302406,1.2225759,-0.0048649907,-0.0076646805
9.775671,0.6032137,1.5361309,-0.7592852,-0.7633306,1.2078205,1.206111,-0.0040453672,-0.0017095804
9.79197,0.028285278,2.1065712,-0.77395135,-0.767342,1.2040824,1.2030895,0.0066093802,-0.0009928942
9.79197,0.05075707,2.6069164,-0.77989775,-0.76523274,1.2055844,1.2022526,0.014665008,-0.0033317804
9.821584,0.05075707,2.6069164,-0.77077854,-0.78615296,1.2106959,1.2051661,-0.015374422,-0.0055297613
9.821584,0.047189277,1.6698837,-0.77078664,-0.7665072,1.1970365,1.2045525,0.0042794347,0.0075160265
9.801964,0.53330994,1.9689083,-0.7283724,-0.7651621,1.2172832,1.2244691,-0.036789715,0.0071858168
9.835915,0.051341873,2.3303509,-0.74818844,-0.7805675,1.217815,1.2286096,-0.03237909,0.01079452
9.863649,0.03749751,2.3303509,-0.7826837,-0.798429,1.223004,1.2222306,-0.015745342,-0.00077342987
9.863649,0.038129088,2.777195,-0.7829875,-0.7687562,1.2236621,1.2179701,0.014231265,-0.005692005
9.80231,0.038129088,2.777195,-0.7756403,-0.75424767,1.2220647,1.2109683,0.021392643,-0.0110964775
11.493949,1.8786492,7.82876,-0.81859094,-0.9828907,1.2240901,0.85493594,-0.16429979,-0.36915416
11.493949,1.8786492,12.817574,-0.7744762,-0.9991003,0.973565,0.61133343,-0.22462416,-0.36223155
11.8160515,3.39742,14.168406,-0.99555284,-0.6528174,0.7837128,1.084155,0.3427354,0.30044216
11.91716,3.39742,14.180326,-1.0136217,-0.78243864,0.7180186,1.1768692,0.23118305,0.45885056
11.91716,2.0826108,14.180326,-0.5580636,-0.8859733,1.1773496,1.0786674,-0.32790965,-0.098682165
10.351519,0.6378008,4.000139,-0.09086112,-0.07463143,-0.14276849,-0.14928629,0.01622969,-0.0065177977
9.972612,0.035807483,3.253889,-0.07807748,-0.07043947,-0.14893585,-0.14838684,0.0076380074,0.0005490184
9.972612,0.029579183,3.253889,-0.0756559,-0.07245003,-0.14870755,-0.14600158,0.003205873,0.0027059764
9.976435,0.030320765,2.701521,-0.07323905,-0.07015522,-0.14567901,-0.14587106,0.0030838326,-0.00019204617
9.976435,0.030320765,2.701521,-0.07332322,-0.07149299,-0.14551818,-0.14512214,0.0018302277,0.00039604306
9.997228,0.5986823,4.0129185,0.0027202102,-0.005241546,-0.11709754,-0.11840759,-0.007961756,-0.0013100505
10.326613,0.43562332,10.070515,-0.002036832,0.006221614,-0.118646204,-0.12613666,0.008258446,-0.007490456
10.326613,0.75618756,14.9793625,-0.011985151,-0.21974838,-0.11265141,-0.17258142,-0.20776322,-0.05993001
11.049136,0.8344609,14.9793625,-0.08386503,-0.32813346,-0.15563986,-0.27541503,-0.24426843,-0.119775176
11.120521,1.31928,21.853733,-0.26920986,-0.2657758,-0.1984192,-0.02797226,0.003434062,0.17044693
9.900308,0.57865,2.0016193,-0.5811719,-0.5842215,-0.07916165,-0.07777162,-0.003049612,0.0013900325
9.900308,0.024003403,3.1451225,-0.5788361,-0.582096,-0.07969729,-0.07765395,-0.0032598972,0.0020433366
9.887282,0.022582091,3.1451225,-0.5838892,-0.58602935,-0.07794229,-0.07880704,-0.0021401644,-0.00086475164
9.892596,0.022582091,2.2370815,-0.5854251,-0.58250076,-0.078375,-0.079358615,0.002924323,-0.0009836182
9.919068,0.03414308,2.3952007,-0.58546567,-0.58858436,-0.07755624,-0.080669165,-0.0031186938,-0.003112927
9.863991,0.5983744,2.1103382,-1.4562261,-1.4632953,-0.14316465,-0.14425673,-0.00706923,-0.0010920763
9.856458,0.021151355,2.4754047,-1.468145,-1.4657654,-0.14203557,-0.14250264,0.0023796558,-0.000467062
9.845522,0.018391263,2.4754047,-1.464266,-1.4645288,-0.14273755,-0.14259128,-0.00026285648,0.0001462698
9.8925,0.04458306,2.3719788,-1.4656776,-1.4680846,-0.14172792,-0.13743791,-0.0024069548,0.0042900145
11.574344,1.2117862,14.073038,-1.462524,-1.4384592,-0.14119273,-0.16054282,0.024064898,-0.019350082
10.311343,1.2728614,11.37352,-1.5872576,-1.4550098,0.09328743,0.08506219,0.1322478,-0.00822524
17.313751,2.497759,57.373238,-1.4748491,-1.4472255,0.083550066,0.22940154,0.027623653,0.14585148
17.313751,3.1440644,57.373238,-1.462047,-0.6831284,0.10830923,0.7841381,0.77891856,0.6758289
13.639037,4.2880077,43.048336,-1.1380142,-1.3538601,0.323054,0.5685304,-0.21584594,0.2454764
16.22134,4.2880077,50.14768,-0.78270626,-0.73410887,0.8579777,1.1426301,0.048597395,0.2846524
22.382166,2.9623582,117.185455,-0.9618329,-1.370639,0.9954103,0.44709903,-0.4088061,-0.5483113
33.714424,4.6094923,205.56537,-1.1456687,-1.6382625,0.9994613,0.6818607,-0.49259377,-0.3176006
33.714424,4.6094923,205.56537,-1.0637437,-1.3603134,-0.5546725,-0.12740926,-0.2965697,0.4272632
35.908302,4.7806,232.2277,-1.3665202,-0.9183586,1.2435474,1.0494316,0.44816154,-0.19411588
35.908302,4.7806,232.2277,-1.3103645,-1.1605886,-0.5566315,-0.64590085,0.14977586,-0.08926934
29.814314,1.7496723,193.6965,-0.6802414,-0.68362105,1.2216133,1.1375175,-0.003379643,-0.084095836
30.86464,3.0753922,193.6965,-0.71880996,-1.1765819,1.2284799,0.09978362,-0.4577719,-1.1286962
37.669296,3.3226783,371.165,-0.68481505,-0.19169644,1.1064329,-0.19279377,0.4931186,-1.2992266
49.62028,5.067152,492.9718,-1.4205306,-0.033135615,1.1151322,-0.5597374,1.3873949,-1.6748695
55.461266,5.067152,550.9728,-0.51236916,-0.098435,1.01921,0.24104007,0.41393417,-0.77816993
9.965731,1.2147413,5.5593967,-0.7101668,-0.6107147,1.2172325,1.2038157,0.09945214,-0.013416767
10.6929655,1.3151535,16.225004,-0.6959946,-0.5368803,1.2238895,1.1416067,0.1591143,-0.08228278
11.7309885,1.3151535,16.269302,-0.63967323,-0.85707694,1.1622422,1.289201,-0.21740371,0.12695885
11.7309885,1.3125942,13.238382,-0.61028624,-1.0265009,1.2251097,1.2629522,-0.4162147,0.037842512
19.534966,5.4412985,47.23406,-1.1193366,-0.19831857,1.2864141,0.5817788,0.921018,-0.7046353
10.42466,1.4289228,5.370903,-0.7719556,-0.5400301,1.1604348,1.157388,0.23192549,-0.0030468702
10.311368,1.4289228,5.0733566,-0.62141556,-0.45335203,1.1341456,1.1889212,0.16806352,0.054775596
10.311368,0.6967952,5.575609,-0.44898105,-0.5231811,1.150716,1.156151,-0.074200034,0.005435109
13.778702,0.65793175,37.44707,-0.51340663,-0.4668436,1.1872768,1.189065,0.04656303,0.0017881393
14.174015,1.3848922,37.44707,-0.425356,-0.8569802,1.1218706,1.222709,-0.4316242,0.1008383
11.275936,1.396984,11.154842,-0.8634381,-0.841421,1.1510996,0.7419783,0.022017121,-0.40912127
13.626219,3.1392248,29.279566,-0.523981,-0.6071919,1.1884581,0.35742515,-0.083210945,-0.83103293
19.080936,3.1392248,168.64543,-0.79425246,0.014333436,0.5131031,0.57584655,0.8085859,0.062743425
24.696606,3.7101886,345.6226,-0.18381462,-0.4140931,0.35300222,0.5109134,-0.23027849,0.15791115
24.696606,3.7101886,345.6226,-0.039180603,-0.23661497,0.036023915,0.016500046,-0.19743437,-0.019523868
10.346985,1.2061336,7.6717854,-0.61640096,-0.6970464,1.1391753,1.085253,-0.08064544,-0.053922296
21.653732,1.7624002,104.96712,-0.4879695,-0.6944138,1.185106,1.1944351,-0.2064443,0.009329081
22.35819,2.6193464,104.96712,-0.59691185,-1.1981368,1.1109673,1.2769626,-0.60122496,0.16599536
22.35819,2.6193464,104.16117,-0.7121462,-0.3061484,1.0679827,0.7804264,0.4059978,-0.2875563
21.234804,3.0497665,84.14421,-0.38022944,-1.222703,1.1144035,1.0394347,-0.8424735,-0.074968815
9.870456,0.5955381,2.1464348,-0.7535337,-0.7438617,1.2070152,1.2009263,0.009672046,-0.006088853
9.794315,0.032828126,3.0039787,-0.75124794,-0.7514226,1.2048643,1.2018639,-0.00017464161,-0.0030003786
9.793821,0.0648094,3.0039787,-0.74340385,-0.75030696,1.1960319,1.2046196,-0.006903112,0.008587718
9.800699,0.07013082,2.8334618,-0.7479224,-0.771282,1.2114245,1.2342188,-0.023359597,0.022794366
9.862092,0.6710877,4.2820454,-0.7630066,-0.7391468,1.2043794,1.341,0.023859799,0.13662052
9.854476,0.47954708,2.278757,-1.0765425,-1.0475523,1.1937635,1.2010984,0.02899015,0.0073349476
9.865074,0.14119445,2.7860165,-1.0876372,-1.0554928,1.1993374,1.1991158,0.032144427,-0.00022161007
9.902707,0.15079345,2.8873444,-1.0513588,-1.0464413,1.1974376,1.2107397,0.0049175024,0.013302088
9.923174,0.15079345,2.8873444,-1.0267946,-1.0480013,1.1868821,1.2069385,-0.021206737,0.020056367
10.718036,0.28431576,11.2810135,-1.0621055,-0.89857876,1.1990087,1.194264,0.16352677,-0.004744649
9.83726,0.59546095,2.5595188,-1.0338476,-1.0351477,1.1926591,1.1953809,-0.0013000965,0.0027217865
9.837747,0.022494663,2.5595188,-1.0355332,-1.0468363,1.190201,1.1952173,-0.011303067,0.0050162077
9.8560095,0.212075,2.415371,-1.0419071,-1.0230371,1.1927725,1.2420709,0.018869996,0.049298406
9.8560095,1.9243127,7.7953815,-1.0439985,-1.3620336,1.2049477,1.4038787,-0.31803513,0.19893098
11.076847,2.8337932,15.1239395,-1.0214846,2.0745556,1.2990187,1.2875836,3.0960402,-0.011435151
10.453761,1.0747486,9.88884,-0.8125572,-1.0092211,1.1961268,1.2381729,-0.19666386,0.04204607
10.03281,1.0747486,3.7664413,-1.0278063,-1.0603242,1.2402084,1.2117599,-0.03251791,-0.028448462
10.03281,0.2313958,3.7664413,-1.0209216,-1.0691249,1.1978841,1.2138835,-0.04820335,0.015999436
9.928421,0.07647413,3.7364483,-1.0579439,-1.0598505,1.216469,1.2152337,-0.0019065142,-0.0012353659
9.827342,0.09331403,2.415371,-1.0720359,-1.0756003,1.2128208,1.2176683,-0.0035643578,0.0048475266
9.893714,0.5818092,3.0792236,-1.0357348,-1.0505913,1.1936713,1.2055312,-0.014856577,0.011859894
9.864053,0.15890485,3.0792236,-1.0345753,-1.0381858,1.2313167,1.2133877,-0.0036104918,-0.017928958
9.868232,0.11066266,2.764511,-1.0342901,-1.0429296,1.2051356,1.2014918,-0.008639574,-0.0036437511
9.880686,0.30444574,2.6121616,-1.0366887,-1.0170629,1.2130338,1.2419341,0.019625783,0.028900266
10.405945,1.0233536,6.8962097,-1.0332494,-0.5970057,1.2151396,1.2928702,0.43624365,0.07773054
9.846661,0.5833987,2.0586014,-1.6083755,-1.6092999,-0.06354123,-0.06118825,-0.00092434883,0.0023529828
9.867316,0.007563559,2.0013332,-1.6095774,-1.6096996,-0.063772105,-0.06493601,-0.00012218952,-0.0011639073
9.898466,0.0069118794,2.0013332,-1.6107353,-1.6088749,-0.06389563,-0.06218038,0.0018603802,0.0017152466
9.898466,0.010148955,1.9554615,-1.6069858,-1.6097987,-0.06418114,-0.06368659,-0.0028128624,0.00049455464
9.8689165,0.011380249,2.058649,-1.6084058,-1.6074909,-0.063036665,-0.06445061,0.0009149313,-0.0014139414
9.846576,0.48778906,2.0341873,-1.6541246,-1.6552951,-0.07290222,-0.07242019,-0.001170516,0.0004820302
9.860773,0.0063490723,1.943779,-1.6530815,-1.655419,-0.06963228,-0.0696341,-0.0023374557,-1.8253922e-06
9.871656,0.0066924314,2.0548344,-1.655336,-1.6544224,-0.07256214,-0.07170339,0.00091362,0.0008587539
9.871656,0.0066924314,2.0548344,-1.653685,-1.6524932,-0.070834376,-0.07294123,0.0011917353,-0.0021068528
9.875383,0.030993618,1.9836903,-1.655584,-1.6539099,-0.06937547,-0.07350343,0.001674056,-0.004127957
9.869436,0.6142304,2.1094322,-1.5830424,-1.5847485,-0.09742306,-0.095326625,-0.0017061234,0.002096437
9.882517,0.0063490723,2.1094322,-1.5822072,-1.5856403,-0.09508129,-0.09593557,-0.0034331083,-0.0008542761
9.882517,0.008440253,1.8640041,-1.5828545,-1.5845734,-0.095091455,-0.09688886,-0.0017188787,-0.0017974079
9.892229,0.011330295,2.394867,-1.5843618,-1.5811603,-0.09651018,-0.09746886,0.0032014847,-0.0009586811
9.892229,0.0118556125,2.394867,-1.5828555,-1.5813506,-0.09488176,-0.09703437,0.0015048981,-0.0021526143
9.897161,0.5936406,2.6458263,-1.9995813,-1.9974477,-0.06674155,-0.06850018,0.0021336079,-0.001758635
9.897161,0.029586222,2.1765232,-2.0003595,-1.9977843,-0.06794748,-0.06794595,0.0025752783,1.527369e-06
9.904663,0.019547956,2.1765232,-1.9978437,-1.9993719,-0.07038058,-0.06745486,-0.0015281439,0.0029257238
9.904663,0.025406308,2.20685,-1.9970204,-1.9972506,-0.06786455,-0.06615887,-0.00023019314,0.0017056838
9.915426,0.032069113,2.6355743,-1.9976305,-1.989164,-0.066672914,-0.07024296,0.008466482,-0.0035700426
9.827664,0.5536675,2.2928715,-1.0282784,-1.0507214,1.2249585,1.2337416,-0.022443056,0.008783102
9.853907,0.11472567,2.6014805,-1.0460931,-1.0392051,1.2263274,1.2135127,0.006888032,-0.01281476
9.853907,0.11472567,2.6014805,-1.055146,-1.0348572,1.231635,1.2245928,0.020288825,-0.0070421696
9.863783,0.07416424,2.2755623,-1.0345848,-1.0003941,1.2193786,1.2161112,0.034190655,-0.0032674074
9.931217,0.1085692,3.1470776,-1.0028183,-1.0219114,1.217467,1.2116467,-0.019093037,-0.0058202744
9.876358,1.0391189,3.6803246,-1.0040092,-0.9783004,1.2180103,1.2163365,0.025708854,-0.0016738176
9.876358,0.11626282,3.6803246,-0.96473885,-1.0223261,1.2275774,1.2377585,-0.057587266,0.010181069
10.021245,0.76083827,2.5178432,-1.0158026,-0.8761662,1.2259843,1.2716198,0.1396364,0.04563546
10.629409,1.5927421,22.209978,-1.0037897,-0.9353796,1.2454301,1.1010373,0.06841004,-0.14439285
11.580275,2.1545415,22.209978,-0.90111697,-1.2880477,1.1697143,0.80405724,-0.3869307,-0.3656571
10.52347,1.3625641,12.077904,-2.3902867,-2.049851,0.8566888,0.8121174,0.34043574,-0.0445714
11.095471,4.778017,16.510534,-2.1212115,-1.6302805,0.8344676,0.7648643,0.49093103,-0.069603264
11.095471,4.778017,23.597765,-1.84732,-1.2002255,0.79670703,1.0099785,0.6470945,0.2132715
10.780847,4.233748,23.597765,-1.2661159,-1.1700208,0.9538914,1.1178676,0.096095085,0.16397619
10.197443,0.48744598,21.410418,-1.1746194,-1.1319736,1.053614,1.1442889,0.042645812,0.09067488
10.134717,0.5980501,10.953474,-0.58500206,-0.6892356,-0.2560462,-0.29314414,-0.10423356,-0.03709793
10.122437,0.21135843,10.953474,-0.67724216,-0.6744731,-0.2867879,-0.27673522,0.002769053,0.010052681
10.021798,0.20653754,5.0792694,-0.6764032,-0.6416198,-0.27406088,-0.26312456,0.034783423,0.01093632
10.051486,0.17257999,6.5135,-0.639475,-0.6266345,-0.26700824,-0.2597027,0.012840509,0.0073055327
10.051486,0.19456306,6.5135,-0.64011335,-0.5832049,-0.26447004,-0.2520009,0.05690843,0.012469143
9.998773,0.5775658,5.9564114,-1.0016072,-1.0481927,1.1522701,1.1465604,-0.04658556,-0.005709648
9.998773,0.27203745,5.9564114,-1.026564,-1.0037735,1.1625413,1.1970661,0.022790551,0.0345248
9.850644,0.27203745,2.3768425,-1.0401213,-1.0189781,1.1807567,1.1679142,0.021143198,-0.012842536
9.850644,0.14815721,2.7870655,-1.0133438,-1.0068014,1.1599778,1.1634706,0.006542444,0.0034928322
9.845084,0.1646514,2.7870655,-1.0082624,-1.0660299,1.1689421,1.1760606,-0.05776751,0.0071184635
9.964933,0.5661835,7.8536987,-0.98563147,-0.9522238,0.49252158,0.5312519,0.03340769,0.038730323
9.936338,0.11703902,7.8536987,-0.95628196,-0.95445764,0.5338002,0.5353627,0.0018243194,0.0015625358
9.92881,0.084960856,7.1152687,-0.95867425,-0.94643915,0.54186237,0.54140735,0.012235105,-0.00045502186
9.956707,0.103256434,5.9235573,-0.94827616,-0.92996293,0.542208,0.5542906,0.01831323,0.012082577
10.837306,1.7525116,17.150974,-0.9406665,-0.7887162,0.54360485,0.6613678,0.1519503,0.11776292
9.857885,0.5361773,2.8040886,-0.925125,-0.93635225,1.2409191,1.229218,-0.01122725,-0.011701107
9.857885,0.06873043,3.0306816,-0.9310621,-0.9293205,1.2320331,1.2236992,0.0017415881,-0.008333921
9.838432,0.14963144,3.0306816,-0.93293047,-0.9393445,1.2193506,1.1954759,-0.006414056,-0.02387464
9.862696,0.14963144,3.2108784,-0.9425849,-0.9492215,1.22018,1.2016621,-0.0066366196,-0.018517971
9.862696,0.10755511,3.2108784,-0.9337083,-0.9518892,1.2132311,1.2217367,-0.018180907,0.008505583
9.892869,0.5811038,2.8283596,-1.0571594,-1.0450212,1.1964678,1.199459,0.0121382475,0.0029911995
9.885473,0.04518763,2.6638985,-1.0572101,-1.0398023,1.1932001,1.1957104,0.017407775,0.0025103092
9.885473,0.108385645,2.5095463,-1.0454018,-1.0355313,1.1981761,1.186667,0.009870529,-0.01150918
9.81185,0.108385645,2.4688244,-1.0269064,-1.026583,1.1990602,1.1997111,0.0003234148,0.0006508827
9.852506,0.3717959,1.9676685,-1.0286515,-1.1030821,1.1844672,1.2280107,-0.074430585,0.043543458
13.793336,6.741261,102.60759,-1.6482149,-0.8026339,1.318195,1.1139412,0.84558105,-0.2042538
13.793336,6.741261,102.60759,-1.9288149,-0.839565,1.2619691,1.3706036,1.0892498,0.10863447
11.588774,3.2192774,15.368509,-1.8024021,-1.5469248,1.2060109,1.2378689,0.2554773,0.031857967
11.632249,3.2192774,18.260145,-1.6328243,-1.7383457,1.1972004,1.3093789,-0.10552144,0.112178445
11.632249,1.8518327,18.260145,-1.4914607,-1.6904761,1.2233844,1.2775776,-0.19901538,0.05419326
9.968777,0.587579,3.237009,-1.3000435,-1.350559,1.336899,1.3458549,-0.050515532,0.008955836
9.916136,0.1605728,3.237009,-1.2720077,-1.4469368,1.3691645,1.3308455,-0.17492914,-0.03831899
9.8980055,0.1605728,3.2115936,-1.4008334,-1.5263692,1.3398306,1.3220395,-0.12553585,-0.017791152
9.8980055,0.15153399,2.493,-1.4805537,-1.4921777,1.3227597,1.3206666,-0.011623979,-0.002093196
9.894526,0.14108002,2.493,-1.5023196,-1.5809686,1.3231561,1.3315146,-0.078649044,0.008358479
10.47505,3.0319414,7.7236176,-1.656291,-1.4944547,1.2298857,1.336994,0.16183627,0.107108355
10.236414,3.0319414,8.174324,-1.4301455,-1.5113347,1.1956795,1.250829,-0.081189156,0.055149436
10.572818,1.0399883,13.783884,-1.6804355,-1.6021004,1.3182114,1.3332493,0.078335166,0.015037894
10.881163,0.9594327,13.783884,-1.6437813,-1.3202858,1.3101466,1.3317772,0.3234955,0.021630645
10.881163,0.7267514,11.231756,-1.6580019,-1.4202993,1.289287,1.3717587,0.23770261,0.08247173
30.45914,8.017432,109.99985,-1.6369331,2.3615513,0.96765786,0.3430897,3.9984844,-0.62456816
30.45914,8.017432,84.405235,-2.5776637,-1.6458662,1.2817736,1.3286445,0.9317975,0.046870947
29.726877,7.368506,86.94115,-0.21541667,-1.9173043,1.1300294,1.1983578,-1.7018876,0.06832838
29.244625,7.619179,86.94115,-0.5274073,1.9928811,0.9045285,0.8736809,2.5202885,-0.030847609
30.764664,7.9498706,92.79509,-2.3185997,-1.7726963,1.3140723,1.2764678,0.54590344,-0.03760445
11.972978,4.378953,48.579742,0.17456308,-0.7909645,-0.9505092,-1.0368822,-0.96552753,-0.08637297
11.972978,4.378953,48.579742,-0.83236045,-0.5624372,-0.9140816,-0.74954486,0.26992327,0.16453671
11.030659,3.109839,31.885576,-0.67311823,-0.72968066,-0.9922069,-0.9165001,-0.056562424,0.07570678
22.167398,5.1215496,234.79796,-0.6248182,-1.4747378,-0.84088457,-0.057510804,-0.84991956,0.7833738
22.167398,5.1215496,234.79796,-1.5048444,-1.2783245,-0.15441939,-0.0030931882,0.22651994,0.15132621
9.906892,0.52623826,2.2150517,-0.29433754,-0.29791766,0.104890145,0.100349024,-0.0035801232,-0.0045411214
9.906892,0.018488416,2.2150517,-0.2960705,-0.29603702,0.10309688,0.104801476,3.3468008e-05,0.001704596
9.922982,0.012094927,2.7878761,-0.29738298,-0.2996629,0.1039132,0.10134435,-0.0022799075,-0.0025688559
9.922982,0.0107211135,2.7878761,-0.2984088,-0.29702276,0.10351975,0.1046138,0.0013860464,0.0010940507
9.888573,0.012519418,2.0653725,-0.29975152,-0.2980952,0.10352971,0.10359083,0.0016563237,6.112456e-05
9.911075,0.5577724,2.3461819,-0.34457746,-0.34677944,0.089013554,0.088034764,-0.0022019744,-0.0009787902
9.911075,0.009925879,2.1685123,-0.34676704,-0.3466933,0.08855103,0.087642744,7.3730946e-05,-0.0009082854
9.903446,0.009925879,2.0897388,-0.345705,-0.34399655,0.08913579,0.08863592,0.0017084479,-0.0004998669
9.888722,0.0085526975,2.0897388,-0.3453024,-0.34533083,0.087687075,0.088888034,-2.8431416e-05,0.0012009591
9.888722,0.010438955,1.7651558,-0.34539184,-0.34599552,0.08933273,0.08837571,-0.00060367584,-0.0009570196
9.898216,0.60569924,1.7003059,-2.955646,-2.953361,-0.024078282,-0.025769595,0.0022850037,-0.0016913135
9.919282,0.024347927,1.8498421,-2.9507217,-2.9535446,-0.02677311,-0.025852174,-0.002822876,0.00092093647
9.919282,0.030738287,1.8498421,-2.9517558,-2.957255,-0.02698113,-0.025176799,-0.0054991245,0.0018043313
9.911164,0.030738287,1.4734745,-2.9539294,-2.9533324,-0.026909253,-0.024626007,0.0005970001,0.0022832453
9.904303,0.02272573,1.3206959,-2.9539332,-2.9534256,-0.026359458,-0.02422874,0.00050759315,0.002130717
12.375762,4.366864,22.709656,-1.7949212,-1.7134479,1.1311541,1.2109302,0.08147323,0.07977617
16.462286,4.366864,86.16767,-1.5984801,-1.5496345,1.3277001,1.2177979,0.04884565,-0.10990226
16.462286,3.6604965,86.16767,-1.5883856,-2.066936,1.2016073,1.3503754,-0.47855043,0.14876807
16.046072,5.4312572,53.65286,-2.0416074,-1.6547238,1.321233,1.2728801,0.38688362,-0.048352957
16.73172,5.4312572,72.1365,-1.5460683,-1.4404411,1.2856767,1.3380907,0.10562718,0.05241394
12.498827,8.33462,14.341497,-1.9514707,-2.3643968,1.1882024,1.4088467,-0.41292608,0.22064435
12.498827,8.33462,21.373844,-2.119228,-1.7990057,1.192892,1.2875532,0.32022214,0.094661236
17.63882,8.104311,81.55566,-1.1689111,-1.6198635,1.1766574,0.6973338,-0.4509524,-0.47932363
27.129696,8.638824,108.012726,-1.6549256,1.2651883,1.2190009,1.0612667,2.920114,-0.15773427
35.068703,8.638824,162.35677,-1.8477507,-1.2809598,0.6494762,-0.6363863,0.5667908,-1.2858624
64.4986,6.3121233,806.3549,-1.4925891,1.2849091,1.1078074,0.06303738,2.7774982,-1.04477
64.4986,6.3121233,806.3549,-0.32059932,-1.1457889,-0.313245,-0.11030282,-0.8251896,0.20294218
64.462845,5.674188,719.39435,0.74507797,-0.55974954,0.82667446,-0.15589689,-1.3048275,-0.98257136
64.41649,5.8136353,719.39435,2.065866,0.114015244,0.201683,0.7217946,-1.9518508,0.5201116
48.73264,5.8136353,442.45264,-0.20182677,2.07652,-0.10651813,-0.24199465,2.2783468,-0.13547653
10.934044,1.0933464,28.96161,-0.47864446,-0.39586884,-0.0618865,0.035028018,0.08277562,0.096914515
10.498214,0.6390549,13.359356,-0.48594618,-0.32254404,-0.020006299,0.08557783,0.16340214,0.10558413
11.588215,2.484714,23.908281,-0.4037489,-0.17617533,0.09683822,-0.27399376,0.22757357,-0.37083197
11.588215,2.484714,53.50833,-0.34645426,0.0896784,0.06498803,-0.10700552,0.43613267,-0.17199355
11.504738,2.1470451,53.50833,0.065526225,-0.27935195,-0.33054173,0.06139604,-0.34487817,0.39193776
22.213362,4.390747,56.519127,-1.251816,-0.30144134,1.1879337,1.1321933,0.9503747,-0.055740356
13.593361,4.226394,20.531034,-0.8125016,-0.26085013,0.9890827,0.67304325,0.5516515,-0.31603944
11.513753,1.8917626,12.293243,-0.29343742,-0.29678515,0.89085495,0.6733584,-0.0033477247,-0.21749657
11.513753,1.8917626,20.852423,-0.37343842,-0.3223624,0.5223537,0.5676663,0.051076025,0.045312583
13.493388,1.3897741,25.426388,-0.2701929,-0.3723518,0.6814734,0.83672345,-0.102158904,0.15525007
14.580396,3.711135,35.112526,-2.0275002,-1.8649395,1.4048054,1.280916,0.1625607,-0.123889446
16.273256,5.425303,39.287567,-1.3237342,-1.4585083,1.2932885,1.2754188,-0.13477409,-0.01786971
16.273256,5.425303,39.287567,-1.736852,-1.1537689,1.2558753,1.2335336,0.58308315,-0.022341728
18.318392,4.750879,60.07185,-1.1845025,-1.9212204,1.1632667,1.2890989,-0.73671794,0.1258322
18.318392,4.561283,60.07185,-1.4665954,-1.3152224,1.3222178,1.279069,0.15137303,-0.043148875
20.160862,5.320653,55.398514,-0.4111158,-0.07891416,0.3931621,0.7388478,0.33220163,0.3456857
20.160862,5.659693,53.12362,-0.36209422,-0.5119952,0.16326475,0.47684184,-0.14990097,0.3135771
18.710962,5.659693,55.331135,-0.71622455,-0.495292,0.2711957,0.60159624,0.22093254,0.33040053
54.30435,32.064148,766.663,-1.0985425,-1.9539597,0.60393435,0.76658326,-0.85541725,0.16264892
54.30435,32.064148,766.663,-0.8173195,-1.5289212,1.1600815,1.2551304,-0.71160173,0.095048904
10.060076,0.6872394,5.349493,-1.5554011,-1.4910555,1.3311963,1.2922906,0.0643456,-0.03890574
10.060076,0.6872394,5.1536083,-1.4765035,-1.5259203,1.283307,1.2495077,-0.04941678,-0.03379929
9.931915,0.4410513,3.0130386,-1.5224489,-1.5703605,1.2741854,1.2966902,-0.047911644,0.022504807
9.931915,0.36967394,3.0130386,-1.5566709,-1.560058,1.2541964,1.3053831,-0.0033870935,0.05118668
9.806602,0.317304,2.6777267,-1.5377994,-1.5194439,1.276549,1.2926657,0.018355489,0.016116738
13.020753,2.5731688,23.324633,-0.917147,-1.0888078,1.1966976,1.356181,-0.17166084,0.15948343
12.593907,4.0299063,30.367804,-1.431611,-0.4790446,1.355992,1.303816,0.9525664,-0.052176
11.55106,4.0299063,30.367804,-0.54920727,-0.6510072,1.2832773,1.3530464,-0.101799905,0.069769144
11.556585,2.2205875,22.379637,-0.43835896,-1.1769955,1.3211182,1.1982319,-0.73863655,-0.1228863
11.556585,2.3063672,10.825729,-0.8975359,-1.4479594,1.2959027,1.3711649,-0.5504235,0.07526219
13.884852,4.511728,41.71486,1.8784012,0.17016551,1.400052,1.3815286,-1.7082356,-0.018523335
11.934894,4.511728,23.003864,1.7772434,-0.59991,1.3757726,1.2939411,-2.3771534,-0.081831455
10.609864,3.3212874,14.996529,-1.0363611,-0.9417707,1.3398803,1.2672098,0.094590425,-0.07267058
10.609864,1.4585618,6.9366455,-0.88405037,-0.9355403,1.326615,1.3378305,-0.05148995,0.011215568
10.550775,2.20255,11.45792,-0.7495285,-0.4931136,1.2659596,1.2399012,0.25641492,-0.026058435
9.983701,0.7972613,3.7440777,-1.0129675,-0.86284,1.3249253,1.3441954,0.15012747,0.019270062
9.944918,0.5771601,3.7440777,-0.92238986,-0.89887774,1.333104,1.3168511,0.023512125,-0.016252875
9.856617,0.08211089,3.46632,-0.855625,-0.8800575,1.3242332,1.3193552,-0.02443254,-0.004877925
9.856617,0.07674262,3.46632,-0.8841745,-0.8611771,1.3243546,1.3301699,0.022997439,0.0058152676
9.837618,0.07674262,3.4173012,-0.89037406,-0.8794092,1.3295519,1.3271505,0.01096487,-0.0024014711
21.6509,5.191088,33.82578,-0.46802106,-1.1430714,1.4610571,1.4057854,-0.6750504,-0.055271626
21.6509,5.191088,40.13958,-1.1412538,-1.1833166,1.0446552,1.2982731,-0.04206276,0.25361788
28.52489,8.448508,100.188354,-1.40112,-1.5314494,1.4059677,1.021741,-0.13032949,-0.38422668
28.52489,8.448508,100.188354,-0.9989424,-1.4483314,1.3466566,1.3518633,-0.44938898,0.005206704
25.423254,6.652879,44.423485,-1.4833233,-1.9602587,0.81487674,1.3529505,-0.4769354,0.5380737
10.150429,0.9164778,5.434847,-1.1941346,-1.1210873,-0.034073066,-0.027250757,0.07304728,0.0068223085
10.271685,0.75340766,12.478352,-1.133752,-1.0446124,-0.030251602,-0.033348646,0.08913958,-0.0030970443
10.337422,0.75340766,16.355658,-1.1427038,-1.1855831,-0.04346045,-0.066955104,-0.042879343,-0.023494653
10.515436,0.89819324,16.768885,-1.124857,-0.98236865,-0.047594663,-0.016037768,0.1424883,0.031556897
10.515436,0.89819324,16.768885,-1.1536138,-1.0159222,0.04664526,-0.06069566,0.13769162,-0.10734092
9.891218,0.58775526,3.0349255,-0.7807322,-0.77822983,-0.055813946,-0.05467671,0.0025023818,0.0011372343
9.905459,0.021663144,2.5491714,-0.7788836,-0.77836716,-0.054333556,-0.056013964,0.00051641464,-0.0016804077
9.905459,0.021663144,2.4520874,-0.7803039,-0.7795316,-0.055905126,-0.056566335,0.0007722974,-0.0006612092
9.929125,0.022938835,2.826357,-0.77736044,-0.78032863,-0.055084467,-0.05568084,-0.002968192,-0.0005963743
9.929125,0.023532402,2.826357,-0.7784742,-0.7800115,-0.054094873,-0.05668341,-0.0015372634,-0.0025885366
9.985816,0.599326,1.7045975,-0.16152996,-0.15711203,-0.7421939,-0.7540419,0.004417926,-0.0118480325
9.995677,0.057525314,2.9991627,-0.15758826,-0.15833497,-0.74958766,-0.747739,-0.0007467121,0.001848638
9.995692,0.057525314,2.9991627,-0.157555,-0.15933463,-0.7523525,-0.7449865,-0.0017796308,0.0073660016
10.029677,0.039963968,4.03018,-0.15746002,-0.16449122,-0.75067234,-0.7427542,-0.0070312023,0.007918119
10.029677,0.040593944,4.03018,-0.15829736,-0.16439527,-0.74130607,-0.7482606,-0.006097913,-0.0069545507
9.886995,0.5885691,2.111292,0.052884787,0.05219493,0.6475255,0.64712274,-0.0006898567,-0.00040274858
9.886995,0.026402002,2.111292,0.052430205,0.05117988,0.6487119,0.6424597,-0.0012503266,-0.006252229
9.871161,0.027306898,1.8048763,0.05166436,0.051273335,0.6452952,0.64767593,-0.0003910251,0.0023807287
9.893948,0.028179558,2.0784855,0.05361535,0.050507713,0.64758533,0.64569676,-0.0031076372,-0.0018885732
9.893948,0.028179558,2.126217,0.049892984,0.04971005,0.642847,0.64256823,-0.0001829341,-0.00027877092
13.245538,3.0784626,29.954481,-1.0900893,-0.8194088,1.3208296,1.0818193,0.27068055,-0.23901033
13.559028,3.590978,29.954481,-1.0095727,-1.7338762,1.2992343,1.3795705,-0.7243035,0.08033621
14.717578,6.353398,26.714277,-0.9243725,-0.5949216,1.3389857,1.3768098,0.3294509,0.037824154
14.717578,6.353398,57.679893,-1.2031739,-0.96752566,1.3414425,1.1947961,0.23564821,-0.14664638
15.378206,5.3474956,57.679893,-1.10543,-1.6034244,1.2236044,1.4069676,-0.49799442,0.1833632
21.645555,4.0153704,97.875885,-1.3850998,-1.5314794,0.6328741,-0.6220043,-0.14637959,-1.2548783
27.371397,6.2455297,131.77586,-1.0889487,0.3006213,0.53795254,0.93777275,1.38957,0.3998202
27.782331,6.2455297,216.23483,-1.5805547,-1.706879,-0.23809898,-1.0243239,-0.1263243,-0.78622496
34.73387,6.4867935,224.94583,-1.0092318,0.9132053,0.46785134,1.2198046,1.9224372,0.7519533
34.73387,6.4867935,224.94583,-1.6354316,-1.6310444,-0.2934667,-1.0640576,0.0043872595,-0.7705909
26.392723,1.768294,186.73363,-1.2258527,1.3418633,1.2796519,0.6946435,2.5677161,-0.5850084
34.731964,2.3766642,261.6289,-1.1617802,-1.055394,1.2359011,0.47078523,0.106386185,-0.76511586
35.61959,2.3777308,313.41174,-1.3508866,-1.2078907,1.3548169,0.076760605,0.14299583,-1.2780563
39.766743,2.6084082,425.34018,-0.7486516,-1.188987,1.27274,0.42390162,-0.4403354,-0.8488384
40.563213,3.4303458,425.34018,-1.1855785,-1.3539125,0.97400224,1.3692839,-0.168334,0.39528167
11.499497,2.8527732,40.45334,-0.23992427,-0.55902535,0.072667934,0.0063726916,-0.3191011,-0.066295244
11.499497,0.8748571,24.052238,-0.53405863,-0.606359,0.028895807,0.026424374,-0.072300375,-0.002471432
12.180201,2.343755,25.677538,-0.57737935,-0.47601572,0.05048139,0.0010565821,0.10136363,-0.04942481
12.345614,2.343755,86.99451,-0.58634126,-0.31273854,0.039762992,0.31022137,0.27360272,0.27045837
12.345614,2.244517,86.99451,-0.08233165,-0.45548353,-0.010562738,0.44835672,-0.37315187,0.45891947
11.416277,3.9023001,9.869909,-1.1216877,-0.7035667,1.169944,1.2318084,0.41812098,0.061864376
11.954069,4.1084485,12.929726,-1.0125256,-0.8311035,1.3184035,1.1629597,0.18142205,-0.15544379
12.155731,4.1084485,16.083574,-1.4448292,-0.5004428,1.1627765,1.293749,0.9443864,0.1309725
12.155731,3.3081627,16.083574,-0.3575667,-0.85219353,1.3598686,1.2055861,-0.49462682,-0.15428257
11.670589,2.793885,9.463215,-0.2697399,-0.43022028,1.2325982,1.214144,-0.16048038,-0.018454194
11.164646,3.5835016,10.271978,-1.0258625,-1.0551811,1.2746145,1.3512044,-0.02931869,0.07658994
11.164646,1.8118894,12.695789,-0.9683072,-1.3404983,1.2973502,1.0036154,-0.37219113,-0.2937348
14.155522,1.8855981,41.523457,-1.245553,0.7663469,1.2730205,1.4771202,2.0119,0.20409966
14.155522,1.9235432,41.523457,-1.3146708,-1.0076202,1.1779454,1.0710666,0.3070506,-0.10687876
16.328608,3.339832,47.807934,-0.9075472,-1.7811291,1.3017504,1.3996807,-0.87358195,0.09793031
16.624695,3.4631119,60.716774,-0.96487296,-0.7820891,1.2258694,1.091081,0.18278384,-0.1347884
16.624695,4.051031,60.716774,-1.2827952,-0.95020616,1.2823365,1.417373,0.33258903,0.13503647
16.575268,5.4689684,37.92858,-0.69731176,-1.9665737,1.2010094,1.3548417,-1.269262,0.15383232
17.315674,5.4689684,65.1702,-0.82243073,-0.41209072,1.2019203,1.1270618,0.41034,-0.07485843
17.315674,5.0657206,65.1702,-1.0836858,-1.0397348,1.1193063,1.2830602,0.043950915,0.16375387
9.78997,0.58719766,2.6224613,-0.7784602,-0.78035325,1.3089592,1.3128836,-0.0018930435,0.00392437
9.834398,0.052020565,2.2245407,-0.785929,-0.79100096,1.3212512,1.3139765,-0.005071938,-0.0072746277
9.834398,0.039851785,2.456379,-0.78085196,-0.78296745,1.3119605,1.3093365,-0.002115488,-0.0026239157
9.823269,0.07221663,2.6206017,-0.80339944,-0.7985288,1.3162825,1.3124176,0.004870653,-0.0038648844
9.823269,0.07221663,3.1200886,-0.8015684,-0.8050027,1.310338,1.3196356,-0.0034343004,0.009297609
13.259877,4.917856,22.713804,0.21628337,-1.217085,0.08892988,0.9451994,-1.4333683,0.8562695
13.259877,4.842016,22.713804,-0.59467745,-1.2102787,0.6483046,1.2048103,-0.6156013,0.5565057
13.22975,2.9653385,12.077427,-1.3084323,-1.2109104,1.0669446,1.3077823,0.0975219,0.2408377
11.696228,1.8913147,14.4712925,-1.7057152,-0.70014954,1.3809836,1.2931894,1.0055656,-0.087794185
12.753693,2.2339063,24.064589,-0.8627819,-1.4617432,1.2296485,1.3538642,-0.59896135,0.12421572
9.960459,1.0424933,7.095003,-0.7404573,-0.9979987,1.2928103,1.2283946,-0.25754142,-0.06441569
10.151564,1.0424933,6.072378,-0.7440496,-0.7921227,1.2703096,1.3039768,-0.048073113,0.033667207
10.151564,0.88788635,5.5745125,-1.0598423,-0.72874296,1.2348719,1.2888507,0.3310994,0.0539788
9.9426565,0.13070144,2.8103352,-0.8187663,-0.7984649,1.2989312,1.2963053,0.020301402,-0.0026259422
9.859397,0.26052395,2.5440216,-0.7647812,-0.79354435,1.3007702,1.3264551,-0.028763175,0.025684953
9.901642,0.5223049,3.130865,-1.4547046,-1.4548017,0.08643623,0.099230334,-9.703636e-05,0.012794107
9.945562,0.06394503,4.472351,-1.4539243,-1.4560571,0.09650744,0.10195079,-0.0021327734,0.0054433495
10.309897,0.39705282,10.081863,-1.4590904,-1.4534545,0.09761791,0.11856184,0.0056358576,0.020943932
10.309897,0.97800076,10.081863,-1.4449333,-1.3895199,0.11675326,0.23772088,0.055413365,0.12096762
11.093718,3.4202707,28.865671,-1.4236168,-1.3187214,0.12885009,1.0504234,0.10489535,0.9215733
22.134718,7.851316,45.977116,-0.16531727,-0.44355327,1.4618016,0.9885438,-0.278236,-0.47325784
23.214176,7.851316,104.75989,-0.7268015,-1.2334307,1.3581413,1.010587,-0.5066292,-0.34755433
27.304264,7.8558106,104.75989,1.1305144,-0.64527905,0.471243,0.825132,-1.7757934,0.35388902
28.333454,7.8558106,52.442074,-1.371431,-2.1942544,1.1739371,1.3919032,-0.8228234,0.21796608
28.333454,7.417129,51.368404,-0.62337667,0.8676977,0.96100605,1.1962608,1.4910743,0.23525476
9.938893,0.69117343,1.7128468,-0.2704032,-0.27157813,0.14047764,0.1406289,-0.0011749268,0.00015126169
9.911957,0.016069671,2.18997,-0.2699152,-0.26959315,0.13818637,0.14071302,0.0003220439,0.0025266558
9.91572,0.016069671,2.18997,-0.27359086,-0.2693523,0.1402268,0.14149304,0.0042385757,0.0012662411
9.932544,0.007124549,2.119875,-0.2711916,-0.27260223,0.1424215,0.14026198,-0.0014106333,-0.002159521
9.932544,0.006015924,2.6470184,-0.2726913,-0.269324,0.14041108,0.1423993,0.0033673048,0.0019882172
9.8974905,0.5261668,3.0198574,-0.39891303,-0.4019061,0.14004587,0.14173332,-0.002993077,0.0016874522
9.902856,0.0070190243,3.0198574,-0.40094504,-0.3992037,0.14210993,0.13923919,0.0017413497,-0.0028707385
9.902856,0.005626165,1.9573689,-0.39985508,-0.4003159,0.14192998,0.14132355,-0.0004608333,-0.00060643256
9.899654,0.0072285314,1.6968727,-0.39938864,-0.39929947,0.14239445,0.14119397,8.916855e-05,-0.0012004822
9.902953,0.0072285314,1.7864227,-0.39876872,-0.39768285,0.14200464,0.14333433,0.0010858774,0.0013296902
9.962597,0.5175124,2.118349,0.24172822,0.24063852,0.18839104,0.1855203,-0.0010896921,-0.0028707385
9.962597,0.024677936,2.118349,0.24321258,0.24340478,0.18933456,0.19037865,0.00019219518,0.0010440946
9.938754,0.024677936,1.4102936,0.2458028,0.24277619,0.18572488,0.1880056,-0.0030266196,0.0022807121
9.968062,0.009850418,2.5072575,0.24183917,0.2435348,0.18714467,0.18806191,0.0016956329,0.000917241
9.968062,0.008415471,2.5072575,0.24184999,0.24357644,0.18689954,0.18799534,0.0017264485,0.0010958016
10.028696,0.5941574,3.2448292,-0.31203192,-0.313532,-0.9504875,-0.9573842,-0.0015000701,-0.0068967342
10.015398,0.023327257,2.073431,-0.30166936,-0.3192048,-0.9485265,-0.96301395,-0.017535448,-0.014487445
10.016201,0.023327257,2.7628422,-0.31381452,-0.31148237,-0.9560334,-0.9628782,0.002332151,-0.0068448186
10.089539,0.07604353,2.8487682,-0.31597808,-0.30256093,-0.9658009,-0.9654357,0.013417155,0.00036519766
10.089539,0.2093369,4.72641,-0.32335168,-0.30950046,-0.9643074,-1.0108798,0.013851225,-0.046572328
10.295109,1.0973155,5.407572,-1.0047586,-1.0146453,1.3034847,1.2877657,-0.009886742,-0.015718937
10.86358,1.0973155,7.7065945,-1.2887638,-1.3522017,1.344271,1.1403381,-0.06343794,-0.20393288
11.568093,1.5483928,20.610285,-1.13288,-1.3925898,1.2501131,1.369806,-0.25970984,0.11969292
11.980726,1.7825902,24.59364,-1.3507636,-0.815944,1.1981996,1.2660301,0.53481954,0.06783044
12.513668,2.4537082,24.59364,-1.2330146,-1.2005466,1.2840925,1.2321888,0.03246796,-0.051903725
10.223758,0.7122311,5.2681446,-1.7312772,-1.7756296,0.3218988,0.28454897,-0.044352412,-0.03734982
11.872438,1.717638,21.310425,-1.7923197,-2.0056167,0.32862034,0.08369513,-0.21329701,-0.24492522
11.872438,1.717638,56.61912,-1.8908441,-1.7119884,0.20411381,0.008973839,0.17885566,-0.19513997
24.457254,4.3704367,105.45321,-2.0109823,-1.3976369,-0.10923834,0.63021696,0.6133454,0.7394553
27.668728,5.2684426,122.288704,-1.4940032,-1.5815697,0.4759086,0.49064583,-0.087566495,0.014737219
29.752995,2.1954594,214.36368,-1.1863396,-0.51777256,1.3307432,0.43383533,0.66856706,-0.89690787
48.26079,2.9590209,473.1372,-1.2089636,-0.2279867,0.9520383,-0.72045743,0.98097694,-1.6724957
51.165848,4.2552996,485.43207,-0.017843759,1.4339745,-0.003055477,-0.30203176,1.4518182,-0.29897627
51.165848,4.2552996,485.43207,-0.49747616,1.4235995,-0.19771454,-1.0429114,1.9210756,-0.84519684
50.3402,3.2197807,404.11255,-1.155606,1.3930097,0.5935785,-0.64988995,2.5486157,-1.2434685
10.152618,0.6754912,12.899971,-0.73667806,-0.75197566,0.7313914,0.67722166,-0.015297592,-0.054169714
10.25296,0.73478836,19.24944,-0.7111809,-0.9146167,0.72212374,0.6146922,-0.20343578,-0.10743153
10.663545,0.7812454,19.24944,-0.8366774,-0.93759614,0.5917816,0.64774483,-0.10091877,0.05596322
18.287231,1.7705176,289.41922,-0.92060137,-0.2611418,0.6199993,0.9002875,0.6594596,0.28028822
18.287231,1.7705176,289.41922,-0.9059512,-0.4298574,0.5001229,1.1693099,0.4760938,0.66918695
11.581867,1.3823414,12.657022,-0.8780993,-1.386852,1.2974948,1.3129331,-0.5087527,0.015438318
11.581867,1.3823414,12.657022,-1.2221769,-0.7701317,1.357848,1.289097,0.4520452,-0.0687511
10.181751,1.0844907,7.8440666,-1.2567027,-1.362675,1.3593938,1.3358328,-0.10597229,-0.023561
10.367555,1.0844907,8.232927,-0.8086376,-1.094044,1.3022317,1.2228541,-0.28540635,-0.07937753
12.600173,1.8805739,16.182709,-1.3138367,-0.7887707,1.3262436,1.4497564,0.525066,0.123512745
10.574622,2.9602041,11.278772,-1.545336,-0.88361615,1.106781,1.20297,0.66171986,0.09618902
12.891885,1.8689746,29.616451,-0.85818636,-1.6124032,1.3316548,1.24247,-0.7542168,-0.08918476
13.206523,2.669666,30.139494,-1.0383208,-1.794357,1.2152433,1.1916492,-0.75603616,-0.023594141
13.580834,2.669666,30.139494,-2.01124,-1.2406336,1.2219464,1.1956465,0.7706064,-0.026299834
13.789129,2.8085845,32.087566,-1.3005313,-2.14408,1.196022,1.2263598,-0.84354866,0.03033781
11.613941,4.360284,80.749275,-1.3374145,-1.2082932,0.4546981,0.56098735,0.1291213,0.10628927
15.367627,5.656735,80.749275,-1.3717569,-1.4791764,0.50017935,1.2625047,-0.10741949,0.76232535
20.00275,5.656735,92.331604,-0.9146579,-0.6912189,1.3186282,1.0539522,0.22343898,-0.26467597
20.00275,4.1733046,92.331604,-1.8638723,-0.8318036,1.2316129,1.1833897,1.0320687,-0.048223257
20.874008,3.1203146,82.79915,-0.16844316,-1.3883791,1.0806351,1.1660124,-1.2199359,0.085377336
10.0035925,0.59136426,5.107975,-0.71468955,-0.7491492,1.2481549,1.3302747,-0.03445965,0.08211982
10.0035925,0.49925894,5.107975,-0.6999783,-0.7500535,1.3273693,1.2912931,-0.050075233,-0.036076188
9.840776,0.26505077,3.1107903,-0.7325362,-0.7690692,1.3074402,1.3279153,-0.036532998,0.02047515
9.965441,0.20494144,3.1107903,-0.76075804,-0.7666385,1.301078,1.3265253,-0.005880475,0.025447369
10.439262,0.8956248,4.3581963,-0.7407586,-1.1311162,1.3281991,1.4203229,-0.39035755,0.09212375
10.533727,0.7940724,6.807518,-0.5749537,-0.6113891,1.1690629,1.1338779,-0.036435425,-0.03518498
10.810011,1.2653216,10.611486,-0.50377357,-0.98506784,1.1133664,1.2685568,-0.48129427,0.15519047
10.810011,1.2653216,10.611486,-0.7188689,-0.90225756,1.2249587,1.2278272,-0.18338865,0.0028685331
11.154109,0.69348896,12.142229,-1.0663341,-0.56804204,1.2508556,1.1951604,0.4982921,-0.055695176
11.154109,0.82571775,12.142229,-0.7593481,-0.47101507,1.2090923,1.1493834,0.28833303,-0.059708834
9.834329,0.56361383,2.882719,-0.6895086,-0.6611978,1.2513487,1.2683212,0.028310835,0.016972423
9.900623,0.20398879,2.78368,-0.6721506,-0.625639,1.267905,1.2807739,0.04651159,0.012868881
9.900623,0.20398879,2.4291039,-0.63300633,-0.66284865,1.2789228,1.2769148,-0.029842317,-0.0020079613
9.8774395,0.106030494,3.1298637,-0.6816253,-0.68343514,1.2905008,1.2752092,-0.0018098354,-0.015291572
10.102495,1.174761,6.082344,-0.6502305,-0.771431,1.2847052,1.2694463,-0.1212005,-0.015258908
9.887689,0.59702325,2.4808884,-0.60361546,-0.754986,1.2621071,1.2368481,-0.15137053,-0.025259018
9.869885,0.08927637,2.344799,-0.7371728,-0.76978606,1.2517661,1.2439283,-0.032613277,-0.007837772
9.846491,0.08927637,2.1508217,-0.7648926,-0.76148665,1.2398689,1.2371199,0.0034059286,-0.0027489662
9.846491,0.046841964,1.6161919,-0.77283865,-0.74838644,1.2344694,1.2436333,0.02445221,0.0091638565
9.830749,0.062608965,1.7455101,-0.7695958,-0.749097,1.2423505,1.2595938,0.020498812,0.017243385
17.178576,5.87629,28.894234,-0.9364171,-0.1054942,1.1452334,1.2291634,0.8309229,0.083930016
17.178576,5.87629,32.036877,0.4396761,-1.5765296,1.2484062,0.2261939,-2.0162058,-1.0222123
27.233994,6.8914895,116.34941,-0.9905778,-0.3480374,0.7284235,1.0277076,0.64254045,0.2992841
27.233994,6.8914895,116.34941,-1.43067,-0.52983767,1.0161408,1.3488411,0.90083236,0.33270025
26.480268,7.23709,76.812935,-0.71740973,-0.8549961,1.2037057,1.1685088,-0.13758636,-0.0351969
9.912663,0.52253807,1.8677711,-0.40786466,-0.40753895,-0.013756637,-0.016935226,0.00032570958,-0.003178588
9.899093,0.010000782,2.1102905,-0.40674067,-0.40674037,-0.014919927,-0.01455681,2.9802322e-07,0.00036311708
9.899093,0.009604919,2.1102905,-0.4053618,-0.4046472,-0.015110848,-0.01375903,0.0007146001,0.0013518175
9.902875,0.009162701,2.7784824,-0.40790194,-0.40823045,-0.014760482,-0.0137589555,-0.000328511,0.0010015266
9.913642,0.008639509,2.791214,-0.4077332,-0.40636176,-0.012109929,-0.014822686,0.0013714433,-0.0027127573
9.933524,0.7187047,2.1089077,-0.42691293,-0.42655596,-0.006407512,-0.005398822,0.00035697222,0.0010086899
9.933524,0.016796311,2.1089077,-0.4295844,-0.4270017,-0.0059806174,-0.006216061,0.002582699,-0.00023544347
9.906807,0.008995004,1.8639088,-0.42951614,-0.4286955,-0.0067356294,-0.0061774496,0.00082063675,0.0005581798
9.89127,0.008995004,1.7640591,-0.42831436,-0.43030557,-0.007481695,-0.0041926713,-0.0019912124,0.0032890239
9.892525,0.024947457,1.7751217,-0.42712235,-0.4233006,-0.0047649955,-0.006803201,0.0038217604,-0.0020382055
9.909092,0.59665877,1.8133163,-0.3602119,-0.36040455,-0.007161817,-0.008634359,-0.00019264221,-0.0014725416
9.949153,0.011845528,2.474165,-0.3603975,-0.3601222,-0.007095772,-0.009207892,0.00027528405,-0.0021121204
9.949153,0.008552702,2.474165,-0.35892087,-0.35870153,-0.007150597,-0.0075993924,0.0002193451,-0.0004487955
9.911223,0.016460601,2.106142,-0.36135888,-0.36562163,-0.007650959,-0.0055018226,-0.0042627454,0.0021491363
9.97888,0.025282627,2.7816772,-0.36142254,-0.36175105,-0.006674383,-0.007826226,-0.000328511,-0.001151843
9.876621,0.5280491,1.9032955,-1.77054,-1.769474,-0.092810914,-0.093744606,0.0010659695,-0.00093369186
9.876621,0.020364696,1.9985199,-1.7705934,-1.7723408,-0.09272028,-0.0913975,-0.0017473698,0.0013227761
9.870931,0.019171692,2.7713776,-1.7735393,-1.7723291,-0.091718905,-0.08965686,0.0012102127,0.002062045
9.912207,0.019171692,2.7729988,-1.7701937,-1.7770653,-0.090008125,-0.09036045,-0.006871581,-0.00035232306
9.912207,0.052491877,2.1539211,-1.7754377,-1.7759933,-0.09358063,-0.09060293,-0.0005556345,0.0029777065
10.696303,1.654428,7.4249744,-0.8898093,-0.68376046,1.1523132,1.1958382,0.20604885,0.04352498
13.531631,2.9343085,48.507072,-0.9737897,-0.35470718,1.236714,1.2209227,0.6190825,-0.015791297
13.531631,2.9343085,48.507072,-0.74537116,-0.43264127,1.2727041,1.2097275,0.3127299,-0.0629766
13.429836,1.5433034,48.47908,-0.35169968,-0.8439148,1.1301782,1.2998682,-0.49221513,0.16969001
13.195445,1.5433034,44.42892,-0.64321864,-0.44721478,1.1571379,1.2344368,0.19600385,0.07729888
14.674096,3.337411,48.109867,-1.52063,-1.476539,0.5153891,0.14040193,0.044090986,-0.37498716
25.636198,5.285511,96.42601,-1.5107911,-1.7125883,0.4034996,0.15512076,-0.20179725,-0.24837884
27.172485,5.285511,158.7801,-1.3518355,-1.3098211,-0.33974245,-0.038550936,0.04201436,0.3011915
30.984192,5.5600953,158.7801,-0.71362454,-1.5322587,1.0688801,0.009193088,-0.8186342,-1.059687
30.984192,5.5600953,156.61755,-1.0703294,-1.1224548,-0.84009683,-0.011128773,-0.052125335,0.82896805
14.553004,2.480078,122.49484,-0.7803334,-0.9358031,1.2248517,1.014803,-0.15546972,-0.21004868
26.532923,4.505786,124.84875,-0.80257624,-0.62254465,1.1963829,-0.2052098,0.1800316,-1.4015927
32.25828,6.1212893,161.79147,-1.3247149,0.05693475,0.9605156,-0.51795036,1.3816496,-1.478466
32.25828,6.1212893,161.79147,-1.402031,-1.2119414,0.32012275,0.08585613,0.19008958,-0.23426661
30.533941,4.343147,134.28545,-1.3654044,-1.3152305,-0.16268265,0.24119075,0.05017388,0.40387338
9.923231,0.5872489,9.093428,-0.83425206,-0.83116645,0.8024677,0.81293917,0.0030856133,0.010471463
10.507734,0.76137733,20.344877,-0.8335646,-0.99713886,0.80507773,0.7157438,-0.16357428,-0.08933395
11.508712,0.9278502,43.0439,-0.8722722,-1.0492493,0.79640895,0.5009066,-0.1769771,-0.29550236
11.508712,1.0134186,43.0439,-1.0300658,-1.1558692,0.71889365,0.55988157,-0.12580347,-0.15901208
10.243406,1.0134186,21.91472,-1.0556045,-1.2559448,0.7303523,0.64294153,-0.20034039,-0.08741075
10.073726,2.7166412,5.359888,-0.76006585,-0.5267738,1.2159876,1.1797165,0.23329204,-0.036271095
9.975656,0.9616991,6.3600063,-0.60596037,-0.5027658,1.2301388,1.1625896,0.103194594,-0.06754923
10.816646,0.75171,10.634232,-0.5447673,-0.53678286,1.0973719,1.1933503,0.007984459,0.09597838
11.475253,1.0390288,13.357306,-0.52927715,-0.9667878,1.1569264,1.2597883,-0.43751067,0.10286188
11.475253,1.0390288,13.357306,-0.7194159,-0.795804,1.2844414,1.2275293,-0.07638812,-0.056912065
14.480487,3.1794872,31.4785,-0.8019794,-1.5289011,1.2463617,1.292527,-0.7269217,0.046165228
14.354442,4.395113,46.450424,-0.64955866,-1.6273772,1.2294862,1.1287754,-0.9778185,-0.10071087
14.696269,4.395113,47.600033,-1.4564935,-0.44283062,1.2222764,1.1480997,1.0136628,-0.07417679
14.696269,1.418404,47.600033,-0.5718113,-0.68990225,1.3622528,1.2972556,-0.11809093,-0.064997196
14.420484,1.6376156,34.568073,-0.71392596,-0.99051636,1.1970172,1.2727416,-0.2765904,0.07572436
10.282621,0.83633316,10.258913,-0.7689098,-0.7276912,1.170992,1.2068795,0.04121864,0.03588748
15.971863,1.265734,48.423004,-0.8126937,-0.51740843,1.1855978,1.1919912,0.29528528,0.0063934326
15.971863,1.7881073,48.423004,-0.7172769,-0.35816613,1.1931301,1.1789123,0.35911074,-0.014217854
14.260239,1.7881073,39.692497,-0.21812388,-0.8237151,1.0940886,1.2411442,-0.6055912,0.14705563
14.260239,1.9984223,39.692497,-0.4526947,-0.727997,1.2454628,1.1699016,-0.2753023,-0.075561166
9.834191,0.58663523,2.769041,-0.7950456,-0.8082048,1.2179594,1.2381381,-0.013159215,0.020178676
9.836781,0.16109248,2.769041,-0.80713594,-0.8068882,1.2243226,1.2441952,0.0002477169,0.019872665
9.836781,0.16109248,2.21076,-0.80443877,-0.86264336,1.2357166,1.2481601,-0.05820459,0.0124435425
9.905651,0.28126797,2.21076,-0.8401946,-0.9174899,1.2406982,1.2705424,-0.0772953,0.029844165
10.013861,0.44325665,4.8832417,-0.86075294,-0.6008043,1.2711372,1.2920614,0.2599486,0.02092421
11.250088,1.051555,17.636538,-0.8959263,-1.144313,1.1601863,1.2358965,-0.24838668,0.07571018
11.988785,1.0296702,18.693829,-1.0776768,-0.91527444,1.2524105,1.1485732,0.16240233,-0.10383737
11.988785,1.7839012,18.693829,-1.0531539,-0.89762926,1.1944667,1.2520143,0.15552461,0.05754757
11.023027,1.7839012,16.711044,-0.86338997,-0.9091629,1.120171,1.1333077,-0.04577291,0.0131367445
11.497862,1.6959753,17.266369,-0.7404307,-0.86517364,1.121036,1.1155922,-0.124742925,-0.0054438114
9.854874,0.57842296,3.3143044,-1.0826871,-1.0488882,1.161142,1.1784337,0.033798933,0.017291665
9.857076,0.11590358,3.3143044,-1.052964,-1.0652666,1.1711293,1.1726758,-0.012302637,0.0015465021
9.857076,0.26234227,2.8165817,-1.060083,-1.0876304,1.1760812,1.2127464,-0.02754736,0.0366652
10.552541,2.9473264,13.21516,-1.0653794,1.0523026,1.1969799,1.4330586,2.117682,0.23607874
11.830619,2.9473264,50.14248,-1.0793885,1.6791042,1.3423078,1.1936145,2.7584927,-0.14869332
9.92749,0.67376417,4.8368454,1.9962158,1.4402459,1.5050036,1.5338217,-0.55596995,0.02881813
10.239202,1.2107904,6.655264,1.804581,-0.63670874,1.5186069,1.3802111,-2.44129,-0.13839579
10.239202,1.8660522,6.655264,0.78462523,-0.9847182,1.5311034,1.2999468,-1.7693434,-0.23115659
9.994353,1.8660522,13.6238575,-0.36181664,-0.81167316,1.4683928,1.4029696,-0.44985652,-0.06542325
14.240041,2.8444116,75.73471,-0.88978815,0.9039652,1.2864677,1.3547972,1.7937534,0.06832957
14.979291,4.231252,30.01318,-1.5366609,-1.8560909,1.1214561,0.9115278,-0.31943,-0.20992833
20.132563,5.7754664,38.219025,-1.3365474,-1.5098855,1.1953032,1.0587138,-0.17333817,-0.13658941
20.132563,5.7754664,38.219025,-1.3986067,-1.747035,1.1394223,1.2154154,-0.34842837,0.07599306
22.427223,5.4071274,55.848217,-2.0970435,-1.7068226,1.2526177,1.0390618,0.39022088,-0.21355593
22.427223,5.4436984,55.848217,-1.2394661,-1.4212403,1.1723094,1.1398134,-0.18177426,-0.032495975
10.207314,0.9456034,6.0836315,0.16158497,-0.040865604,-1.0024801,-1.0048223,-0.20245057,-0.002342105
10.135654,0.22440964,4.091263,-0.047715433,-0.034119304,-1.0114878,-1.0006378,0.013596129,0.010850072
10.049149,0.05372845,2.8333187,-0.051235367,-0.047777668,-1.0020759,-0.99953204,0.003457699,0.0025438666
10.021302,0.05372845,2.252102,-0.044993903,-0.04528017,-1.0031254,-0.9969429,-0.0002862662,0.0061825514
10.067683,0.052803736,2.252102,-0.0433164,-0.06791486,-0.9994725,-0.99469197,-0.024598457,0.004780531
10.015266,0.036447853,2.5267124,0.13703617,0.13427731,-0.9489871,-0.954018,-0.0027588606,-0.0050308704
10.018622,0.036085676,2.5483608,0.14235894,0.12515488,-0.95256203,-0.9497409,-0.017204061,0.0028211474
10.018622,0.03135083,2.5483608,0.1353345,0.12504975,-0.95319194,-0.9500753,-0.010284752,0.0031166077
10.137202,0.09343648,5.843544,0.12595853,0.14687675,-0.9516395,-0.939744,0.02091822,0.011895478
10.309646,0.9000001,8.621407,0.121775165,0.26514852,-0.9418484,-0.9359275,0.14337336,0.005920887
9.96253,0.037237864,2.9753685,1.1844323,1.17554,0.067547366,0.07164298,-0.008892298,0.004095614
10.01393,0.037237864,2.0617008,1.1796634,1.176285,0.06640338,0.06746854,-0.0033783913,0.0010651574
10.01393,0.03564035,2.0617008,1.1818289,1.180563,0.06657301,0.06580364,-0.0012658834,-0.0007693693
9.967391,0.03564035,4.105377,1.1756307,1.1874927,0.06569354,0.061796915,0.01186204,-0.0038966276
10.08846,0.6048094,5.98464,1.1838052,1.216408,0.065877765,0.04217131,0.032602787,-0.023706455
9.957298,0.028116977,3.7912846,2.5524693,2.5543694,0.032875896,0.03213597,0.0019001961,-0.0007399246
9.952223,0.028116977,2.4531364,2.5553517,2.55316,0.031799845,0.033823315,-0.002191782,0.0020234697
9.954332,0.022294726,2.3596764,2.553433,2.5545678,0.03341072,0.032545477,0.0011348724,-0.0008652434
9.954332,0.022294726,2.3596764,2.5547438,2.5540118,0.03382682,0.03298283,-0.00073194504,-0.0008439906
9.981073,0.04924478,3.0883312,2.5543556,2.5492716,0.03219769,0.032086715,-0.005084038,-0.0001109764
13.144206,3.5901492,31.770802,-0.84375584,-0.6854465,1.1547036,1.0628715,0.15830934,-0.09183216
18.134172,3.7596073,68.57815,-0.89548683,-0.80811083,1.2660733,1.2074357,0.087376,-0.05863762
18.134172,3.7596073,68.57815,-0.8668478,-1.1716799,1.1615238,1.262044,-0.30483204,0.100520134
12.565306,4.150515,26.601124,-1.0411679,-0.6415874,1.1350157,1.2020277,0.39958048,0.06701195
16.467455,4.150515,57.416916,-0.92401123,-0.80517447,1.1167079,1.0989096,0.11883676,-0.017798305
15.515877,3.3176906,42.332985,-1.3554863,-1.4043107,0.70966214,0.7114405,-0.04882443,0.0017783642
30.340225,4.6419373,186.87144,-1.5974609,-1.9138838,0.29531097,-0.60441744,-0.31642294,-0.8997284
30.340225,4.6419373,186.87144,-1.3752058,-1.2977692,0.5585605,0.53177106,0.07743657,-0.026789427
34.26486,4.821732,265.97452,-1.7478597,-1.6996733,-0.24718031,-0.1141326,0.04818642,0.13304771
34.26486,4.821732,265.97452,-2.0030591,-1.7376025,1.0124092,0.44098458,0.26545668,-0.5714246
44.948,8.478245,387.99368,-0.33892027,1.1795535,0.70841306,-0.10226786,1.5184737,-0.8106809
46.169735,5.9787493,502.52478,-1.6208149,-0.5144793,0.13254696,-0.23825867,1.1063356,-0.37080562
46.340923,5.9787493,502.52478,0.22522959,-1.7069136,-0.6431327,-0.046669025,-1.9321432,0.5964637
46.340923,5.9316583,348.07092,1.0557934,-1.7952778,-0.76660585,0.058079075,-2.8510714,0.8246849
45.402977,4.032521,341.3016,1.4774592,-0.05136966,-0.43839613,-0.45492846,-1.5288289,-0.016532332
11.3863125,1.8087467,24.229527,-1.3814726,-0.6022941,0.7274855,1.3765948,0.7791785,0.6491093
12.684154,3.2473338,24.229527,-1.2782272,-0.6687705,1.0499567,1.2207171,0.6094567,0.1707604
12.684154,6.133246,32.206917,0.03450986,-0.038398,1.4068305,0.4376193,-0.072907865,-0.9692112
15.238049,6.133246,104.85735,-1.1125635,-0.9425848,0.98184574,0.23371315,0.16997868,-0.7481326
15.238049,4.379801,104.85735,-0.4040629,-1.0562186,0.4768981,0.43179408,-0.65215576,-0.045104027
9.737064,2.450689,9.188795,-0.664548,-0.574793,1.0998118,1.0965335,0.089755,-0.0032782555
11.468939,0.73389584,17.521667,-0.64187413,-0.8031988,1.1251916,1.175562,-0.16132468,0.050370455
12.331452,1.0383364,17.547512,-0.6491616,-0.91702163,1.1257184,1.2053671,-0.26786005,0.07964873
12.331452,1.0383364,17.487335,-0.91352475,-1.0252078,1.2401977,1.1851192,-0.11168301,-0.055078506
9.949929,0.8548467,6.336546,-0.9602343,-0.8436817,1.1853688,1.1614331,0.11655259,-0.023935676
16.291313,2.180541,52.39811,-1.2305915,-1.2557666,1.1392007,1.2654145,-0.025175095,0.12621379
16.291313,2.196253,52.39811,-1.1949744,-0.9967135,1.1199766,1.0648463,0.1982609,-0.055130363
18.078588,2.5989037,68.22887,-1.042865,-0.90752727,1.1871996,1.1135507,0.13533777,-0.07364893
18.078588,2.9965837,68.22887,-0.9849533,-1.3363479,1.1801237,1.3228335,-0.35139465,0.14270985
14.28059,3.8407311,38.530495,-0.70984554,-0.82682335,1.2370429,1.0944395,-0.11697781,-0.1426034
10.261634,1.1439054,6.0962677,-0.8970634,-0.8041276,1.1414891,1.0950401,0.0929358,-0.046449065
22.691982,1.8099611,91.53271,-0.7220658,-0.85336655,1.1465276,1.2074138,-0.13130075,0.060886145
22.691982,3.5404615,91.805176,-0.78625923,-0.78508276,1.0236309,1.1737328,0.0011764765,0.1501019
21.311777,5.30021,118.47439,-1.0072107,-0.99291515,1.1757008,0.824391,0.014295578,-0.35130978
21.311777,5.30021,118.47439,-1.2402575,-1.0752449,1.2750676,1.2621387,0.1650126,-0.0129288435
9.909448,0.57677454,3.4140587,-0.9080046,-0.89821494,1.1770455,1.2032264,0.009789646,0.026180983
9.856441,0.17983113,3.4140587,-0.90237683,-0.9559375,1.1892061,1.1946583,-0.053560674,0.005452156
9.847415,0.12980853,3.0825138,-0.93636024,-0.9282974,1.199755,1.2106456,0.0080628395,0.010890603
9.847415,0.3127001,2.024889,-0.9467386,-0.92631483,1.2009275,1.2084854,0.02042377,0.007557869
9.791024,0.3127001,2.6654243,-0.93266696,-0.9428643,1.2073653,1.2368834,-0.010197341,0.029518127
13.395442,2.045151,32.841923,-1.1469294,-0.64403725,1.2512182,1.4007723,0.50289214,0.14955413
15.152412,2.045151,45.897533,-1.0259191,-1.0447603,1.2972021,1.2258741,-0.018841267,-0.071328044
15.152412,1.9917626,45.897533,-0.93315506,-1.2094179,1.2735159,1.3141997,-0.27626288,0.040683746
13.724899,1.5370882,40.165615,-0.9222339,-1.0308311,1.1531332,1.1574328,-0.10859722,0.0042996407
13.724899,2.090774,38.77702,-1.321555,-0.9877733,1.3118289,1.1827563,0.33378172,-0.12907255
9.953548,0.58134115,3.6603928,-1.0618789,-1.1224725,1.284842,1.2881389,-0.060593605,0.003296852
9.953548,0.17830154,3.6603928,-1.1337197,-1.1137769,1.3003181,1.2911136,0.01994276,-0.009204507
9.8331175,0.07015125,2.1255493,-1.1184089,-1.0960267,1.2955775,1.2916963,0.02238226,-0.003881216
9.850268,0.054391123,1.791811,-1.0974591,-1.0810724,1.2949606,1.2766031,0.016386628,-0.018357515
9.850268,0.035682198,2.285719,-1.0958261,-1.0971761,1.2894435,1.2818679,-0.001349926,-0.007575631
9.879457,0.5903349,3.010273,-1.0623544,-1.0948082,1.2780826,1.2984624,-0.032453775,0.020379782
9.8645315,0.046586342,1.8489838,-1.0714705,-1.0828683,1.2903737,1.2969489,-0.011397839,0.006575227
9.824867,0.02505492,2.3776054,-1.0740286,-1.0801752,1.2966524,1.2957144,-0.00614655,-0.0009380579
9.826836,0.02256094,2.3776054,-1.0771028,-1.0833812,1.2994959,1.3006297,-0.0062783957,0.0011337996
9.826836,0.030670222,2.030754,-1.0928743,-1.08435,1.2966201,1.2977989,0.008524299,0.0011787415
17.603039,5.685238,52.66347,-0.6643375,-1.0218701,0.9193058,1.2325603,-0.35753262,0.31325448
18.78351,5.685238,52.66347,-1.8686132,-0.7551366,1.1367677,0.83517903,1.1134766,-0.3015887
24.341345,7.0313454,45.113373,-0.7791054,-0.94854563,1.2842579,1.1026832,-0.16944021,-0.1815747
24.341345,7.0313454,45.113373,-0.6518625,-0.15009864,1.0766585,1.1363657,0.5017639,0.059707165
41.60428,10.443312,203.48827,-1.5449853,-0.5755021,1.0908926,1.2683774,0.9694832,0.17748487
10.053497,0.59021235,2.8664112,0.16393194,0.15999523,-0.9352558,-0.93271303,-0.003936708,0.0025427938
10.053497,0.061096877,2.7396202,0.15867057,0.15420714,-0.9347536,-0.9342408,-0.004463434,0.00051277876
10.03438,0.054116003,2.1169186,0.15644231,0.15219894,-0.93409586,-0.9316332,-0.004243374,0.002462685
10.018483,0.054116003,2.0555973,0.15493141,0.1556507,-0.92998,-0.9306389,0.00071929395,-0.00065892935
10.018483,0.0550051,2.1637917,0.15500385,0.15212265,-0.9318992,-0.93022186,-0.0028811991,0.0016773343
10.008279,0.58913004,1.6850948,-0.099408016,-0.09538819,-1.0008256,-0.99738437,0.0040198267,0.0034412742
10.00032,0.12944584,1.809597,-0.10172846,-0.09783898,-0.9989033,-1.0069017,0.0038894787,-0.0079984665
10.00032,0.12944584,1.809597,-0.0923666,-0.095672615,-1.0086927,-1.0105044,-0.0033060163,-0.0018116236
9.977707,0.042760696,1.6261578,-0.09412457,-0.09266032,-1.0084403,-1.0122366,0.0014642477,-0.003796339
10.006751,0.051964868,2.1584034,-0.09473193,-0.100867905,-1.0093582,-1.0078017,-0.006135978,0.0015565157
10.017584,0.5085079,2.1538734,-0.049458843,-0.039202552,-1.0277578,-1.0359392,0.01025629,-0.008181453
10.023957,0.05310815,2.1538734,-0.037439253,-0.033466198,-1.029649,-1.0409956,0.0039730556,-0.011346579
10.023957,0.04895539,1.8257618,-0.03517743,-0.03926038,-1.0361081,-1.0333266,-0.0040829517,0.0027815104
10.014618,0.036304247,2.6065826,-0.03450478,-0.046083666,-1.0373077,-1.0290037,-0.011578888,0.008304
10.014618,0.034642175,2.6065826,-0.036508735,-0.039631527,-1.0296749,-1.0289248,-0.0031227916,0.00075006485
9.9623995,0.66258353,2.6554585,2.7525985,2.7462218,-0.10142938,-0.10059295,-0.0063767433,0.000836432
9.981153,0.06689468,2.6042938,2.7520115,2.742938,-0.09933065,-0.101769805,-0.009073496,-0.0024391562
9.981153,0.06689468,2.0314693,2.743073,2.742602,-0.09958372,-0.1002305,-0.0004708767,-0.00064677745
9.969364,0.03336928,2.5089264,2.740334,2.7399366,-0.099929854,-0.101688266,-0.00039744377,-0.0017584115
9.969364,0.020948552,2.5089264,2.7400997,2.7427754,-0.10247028,-0.100819334,0.0026757717,0.0016509444
13.959881,4.0151734,43.262913,-1.08097,-1.161551,1.1925913,1.2447928,-0.08058095,0.05220151
14.162579,2.7232845,43.262913,-0.7896224,-1.3454092,1.2675021,1.3353322,-0.5557867,0.067830086
14.162579,2.721746,41.17422,-1.2697766,-0.8925873,1.3810136,1.1869442,0.37718928,-0.19406939
15.602519,3.0405087,58.956146,-0.9623758,-1.111552,1.1101502,1.2761611,-0.14917618,0.16601086
15.602519,3.0405087,58.956146,-0.891331,-1.2362139,1.1263678,1.2824186,-0.3448829,0.1560508
47.89019,6.6184797,293.52664,-1.5953029,-1.5279843,0.75537467,-0.2535319,0.06731868,-1.0089066
47.89019,6.6184797,466.75674,-1.7340219,-0.71861655,-0.14816341,0.58135235,1.0154054,0.7295158
47.448982,7.3365884,466.75674,-0.79194343,-2.0833035,1.0019054,0.16764309,-1.29136,-0.8342624
51.162373,7.3365884,471.79318,-1.3439875,-1.7484382,-1.0535524,-0.21207368,-0.40445077,0.8414787
51.162373,8.039053,471.79318,-0.26236585,-0.9823763,1.1032339,0.93838584,-0.7200104,-0.16484809
24.16457,2.9018848,219.16057,-1.2032851,-0.07967488,1.2703447,-0.16406728,1.1236103,-1.434412
41.788147,4.078744,529.3638,-1.9497993,0.19710134,1.2421111,-1.0815111,2.1469007,-2.3236222
59.56469,8.821163,597.6593,-1.4067578,1.1141536,1.0086582,-0.73777276,2.5209115,-1.7464309
62.141033,8.821163,845.9572,-1.4793618,-0.74775827,0.67090565,0.42299476,0.7316035,-0.24791089
92.05281,10.743608,1437.2313,0.11385441,-1.6109669,-1.0676672,0.37715396,-1.7248213,1.4448212
10.792606,0.57833606,10.625315,-1.0654316,-1.3118683,1.2505723,1.3024918,-0.24643672,0.05191946
10.792606,0.50490886,10.625315,-1.1073115,-1.2237501,1.2694209,1.2990209,-0.11643863,0.029600024
10.695342,1.0888584,8.633375,-1.3238182,-0.84110004,1.2961768,1.3277646,0.48271817,0.03158784
10.170447,1.0888584,4.48308,-1.0293121,-0.7479693,1.317479,1.1664608,0.2813428,-0.15101826
10.038506,1.012434,4.868126,-0.92410505,-0.8007935,1.2560269,1.2820458,0.12331152,0.026018977
10.600539,0.8268359,8.750153,-1.2482173,-1.4100783,1.3046271,1.3271307,-0.16186094,0.022503614
13.052747,2.1307719,41.77246,-1.3213491,-1.1091938,1.3090794,1.2160238,0.21215534,-0.093055606
13.425262,2.1887033,41.77246,-1.5141133,-0.99131346,1.3271564,1.2580844,0.52279985,-0.06907201
14.070483,2.1887033,52.739906,-0.52576,-1.1832358,1.4075872,1.3395598,-0.65747577,-0.06802738
14.070483,1.4386544,52.739906,-1.0271581,-1.0631355,1.2474198,1.268646,-0.035977364,0.021226168
14.43184,1.6574101,30.647182,-1.0050279,-1.6828089,1.1940039,1.3716447,-0.677781,0.1776408
13.915659,1.7745378,25.684214,-1.5059739,-0.45556372,1.2639896,1.3586242,1.0504103,0.09463465
14.37858,1.7745378,40.22527,-1.1181914,-0.80411565,1.3205884,1.2393788,0.3140757,-0.08120954
14.37858,1.6964597,40.22527,-0.8365679,-1.264416,1.2663612,1.2731917,-0.4278481,0.006830454
15.220295,1.6964597,39.456367,-0.89550793,-0.97253543,1.2246517,1.276202,-0.0770275,0.05155027
20.076973,5.2660437,82.36537,-2.356093,-0.29732555,1.1965256,1.0945449,2.0587673,-0.101980686
20.076973,5.2660437,77.74382,-1.0322394,-1.1923627,1.2151533,1.3725157,-0.16012323,0.15736234
25.27674,3.1320584,177.49043,-1.1342175,-1.6634346,1.181195,1.3202798,-0.5292171,0.13908482
25.27674,6.7110786,177.49043,-1.4896085,-0.6211399,1.1830746,1.0949867,0.86846864,-0.08808792
19.143774,6.7110786,98.20657,-0.9475826,-1.1402439,1.1261473,1.2095665,-0.19266129,0.083419204
9.829923,0.5505048,2.0129204,-1.1299077,-1.134381,1.2530862,1.2536325,-0.0044733286,0.0005463362
9.850819,0.028126534,2.0129204,-1.1312481,-1.1313107,1.259577,1.2571185,-6.258488e-05,-0.0024585724
9.850819,0.028126534,2.004671,-1.1544607,-1.1395686,1.257012,1.2569323,0.014892101,-7.9751015e-05
9.865639,0.025158342,3.2407284,-1.1557338,-1.1507432,1.2579933,1.2550833,0.0049905777,-0.002910018
9.865639,0.023647564,3.2407284,-1.1398509,-1.1570638,1.2545174,1.2563474,-0.017212987,0.0018299818
10.021975,0.62886256,5.586481,-1.0426052,-1.1171712,1.169397,1.1824006,-0.07456601,0.013003588
10.259773,0.70435023,3.4017563,-1.1462889,-1.0990844,1.1525805,1.1707644,0.047204494,0.018183947
10.259773,0.91062534,9.426451,-1.1373718,-1.0080574,1.1825193,1.0914786,0.12931442,-0.09104073
11.319477,0.91062534,15.7289505,-1.1082374,-1.1897895,1.1598151,1.1689235,-0.08155215,0.009108424
11.319477,0.81426555,15.7289505,-0.96472216,-1.3989947,1.0835456,1.1744778,-0.43427253,0.09093225
10.071022,0.6778601,3.2568932,-1.1044981,-1.02399,1.149742,1.1661017,0.08050811,0.016359687
9.983251,0.53426653,3.1765938,-1.0322952,-1.0833291,1.19503,1.1715858,-0.051033854,-0.023444176
9.983251,0.44984245,3.55587,-1.0827221,-1.051494,1.1594472,1.1828492,0.031228065,0.023401976
9.938695,0.2740498,3.55587,-1.0632994,-1.0880361,1.1852115,1.1670923,-0.024736643,-0.018119216
10.469955,1.4958428,9.630728,-1.0633911,-1.1218776,1.1679487,1.4396467,-0.05848646,0.271698
9.888536,0.5909468,2.2140026,-1.0908065,-1.0868336,1.102918,1.1105677,0.003972888,0.00764966
9.816493,0.035786614,2.1405697,-1.0994794,-1.0938647,1.1048541,1.1111116,0.0056147575,0.006257534
9.894084,0.03370308,2.7892113,-1.0893259,-1.0962237,1.1085138,1.105268,-0.006897807,-0.0032458305
9.894084,0.05627082,2.7892113,-1.0831027,-1.0910108,1.1061522,1.1205238,-0.007908106,0.0143716335
10.283337,0.26431665,3.4582615,-1.0843251,-1.0682104,1.1123154,1.121004,0.016114712,0.008688569
15.883,5.0835023,28.225374,-1.4234056,-1.2876879,1.4139441,1.1286299,0.13571775,-0.2853142
15.883,5.0835023,38.49373,-0.7270289,-1.2906497,0.9659995,0.70788956,-0.56362075,-0.25810993
16.74719,5.0202074,38.49373,-1.4051676,-0.9577993,1.0507226,0.9594423,0.44736826,-0.09128028
16.74719,5.0202074,32.221176,-1.0670817,-1.1007364,1.0896182,1.1530697,-0.03365469,0.06345153
14.776403,4.1011047,24.48821,-0.89595,-1.1612117,0.92773503,0.98602045,-0.2652617,0.058285415
10.074011,0.6640826,4.047203,-0.86499774,-0.89456975,-0.1832972,-0.18059127,-0.02957201,0.0027059317
9.9188,0.051750742,2.5386333,-0.8886964,-0.887907,-0.18428308,-0.18330178,0.0007893443,0.0009813011
9.896615,0.040483497,2.4067402,-0.88954926,-0.88974035,-0.18078534,-0.17802688,-0.00019109249,0.0027584583
9.893153,0.02446534,2.3539543,-0.8907582,-0.8928369,-0.17863886,-0.18068084,-0.002078712,-0.0020419806
9.893153,0.02369046,2.0383358,-0.89187735,-0.8959845,-0.18022251,-0.17970699,-0.0041071177,0.0005155206
9.937862,0.47798625,3.001833,-0.8801314,-0.8813553,-0.5441576,-0.54381686,-0.0012238622,0.00034075975
9.937862,0.016617639,3.001833,-0.88328487,-0.88301975,-0.5439121,-0.5451682,0.00026512146,-0.0012561083
9.980924,0.017830843,3.7709713,-0.8816293,-0.8808924,-0.547943,-0.5479321,0.0007368922,1.090765e-05
9.980924,0.017830843,3.7709713,-0.884117,-0.87915456,-0.54927343,-0.5462477,0.0049624443,0.0030257106
10.380546,0.88092583,11.453533,-0.8862095,-0.87544024,-0.5463386,-0.5593868,0.010769248,-0.013048172
9.913265,0.49385175,2.3631573,-0.808066,-0.8058375,-0.5514392,-0.5510951,0.0022284985,0.0003440976
9.913265,0.01770484,2.390051,-0.8060461,-0.80613005,-0.5502572,-0.55350333,-8.392334e-05,-0.0032461286
9.950448,0.014987327,2.7681828,-0.80614567,-0.80477446,-0.55190575,-0.55155337,0.0013712049,0.00035238266
9.950448,0.014987327,2.7681828,-0.8073654,-0.80309457,-0.55320036,-0.55259,0.0042708516,0.00061035156
13.16542,2.9681382,28.233576,-0.8044246,-0.70556176,-0.5519153,-0.7143756,0.09886283,-0.16246033
10.142358,0.6775677,3.727913,0.6394821,0.6331333,-0.9263298,-0.89545184,-0.0063487887,0.030877948
10.164815,0.19836105,5.853224,0.60670006,0.62933844,-0.91110194,-0.8500102,0.02263838,0.06109172
10.164815,0.179548,5.853224,0.6337675,0.6350873,-0.90331125,-0.87216365,0.0013198256,0.0311476
10.201737,0.07536212,4.3712616,0.6430283,0.64610946,-0.8755191,-0.8672702,0.003081143,0.008248925
10.201737,0.07536212,4.3712616,0.6504029,0.6426408,-0.86268556,-0.87386096,-0.0077620745,-0.011175394
13.789115,3.3416805,41.167927,-1.5634747,-1.2695282,1.0047696,1.062349,0.2939465,0.0575794
13.789115,2.7561247,41.167927,-0.6078341,-1.3850311,1.1393224,1.1700323,-0.777197,0.030709863
15.083217,3.1654034,43.15977,-1.4568595,-1.0465822,1.1150237,1.1578652,0.41027725,0.042841434
15.511158,3.1654034,51.170826,-1.0314358,-1.0533335,1.0928564,1.1080925,-0.021897674,0.015236139
15.511158,3.9014952,51.170826,-1.0639273,-1.3840795,0.98663026,1.1474495,-0.32015216,0.16081923
58.0871,7.606612,461.5881,-1.3339546,-0.6011294,0.71279407,1.0426035,0.73282516,0.32980943
58.0871,7.606612,461.5881,-0.5054529,-1.5535367,1.0065743,0.10000445,-1.0480838,-0.90656984
56.77943,6.9341817,761.5019,-1.3642937,-0.3803501,0.076171346,0.9642587,0.9839436,0.88808733
56.77943,6.9150734,761.5019,-0.42130432,-1.5263722,1.0968406,0.38506094,-1.1050678,-0.7117797
47.568737,8.007109,347.47296,-1.3656375,-1.0396291,-0.035539445,0.9819002,0.32600844,1.0174396
42.44016,3.6481762,333.85486,-1.4706781,0.4137393,0.60455066,-0.07505225,1.8844174,-0.6796029
62.32784,5.3478084,955.5752,0.7811387,1.8620659,-0.95916635,-1.088731,1.0809271,-0.1295647
100.23605,5.4012613,1283.2699,-1.2574216,0.5755328,0.43870974,-0.5433227,1.8329544,-0.9820324
103.13289,5.4012613,1409.0985,0.13729641,-1.0991106,-0.6161674,0.55385256,-1.236407,1.17002
103.13289,4.5694118,1409.0985,0.0010380506,-1.7193406,-1.1265665,-0.37039414,-1.7203786,0.7561724
9.962914,1.2377697,3.5169125,-0.18600439,-0.2198663,0.5951903,0.56740797,-0.03386192,-0.027782321
10.378807,0.3502566,22.778416,-0.21247783,-0.24588716,0.56666315,0.56464773,-0.033409327,-0.0020154119
10.979444,1.2686878,25.801468,-0.22899893,-0.41228247,0.5609557,0.543646,-0.18328354,-0.017309725
10.979444,1.2686878,25.801468,-0.26479113,-0.41553885,0.5801827,0.60216737,-0.15074772,0.021984696
10.733107,1.6660126,13.516283,-0.43720922,-0.6441625,0.5774721,0.65040225,-0.20695326,0.07293016
11.3386755,1.3547636,19.878435,-1.0789146,-0.93318284,1.409322,1.2532535,0.1457318,-0.15606856
11.3386755,0.97119963,19.878435,-0.6198938,-0.6564403,1.2882849,1.2314247,-0.03654653,-0.05686021
11.885509,1.1152539,8.590031,-0.788437,-0.94032496,1.2286209,1.0633032,-0.15188795,-0.16531765
12.003349,1.3873221,14.497519,-0.92514086,-0.9901907,1.1074084,1.0161755,-0.06504983,-0.091232896
12.003349,1.3873221,14.497519,-0.9555065,-0.805828,1.1865596,1.1647455,0.14967853,-0.021814108
10.350878,1.1500021,9.060764,-0.84026176,-0.8659881,1.1768,1.1738167,-0.025726318,-0.0029833317
11.439307,1.1214647,21.120071,-0.81277627,-1.399282,1.1474494,1.2539419,-0.5865057,0.10649252
17.19492,1.6767503,39.89692,-1.1001397,-1.3083779,1.1559217,1.2880155,-0.20823812,0.13209379
17.19492,3.396026,55.46794,-1.3772619,-0.94340676,1.2164066,1.248802,0.43385512,0.032395363
17.111513,3.396026,55.46794,-0.9586155,-1.0189986,1.2619758,1.2567685,-0.06038314,-0.0052073
10.447509,0.80754936,13.871193,-0.8623811,-0.88293254,1.164695,1.1897128,-0.020551443,0.025017738
15.533024,0.93332607,57.61056,-1.0168089,-0.97855395,1.2357917,1.1527231,0.038254917,-0.08306861
19.094791,1.833077,58.106804,-0.89873904,-1.3034434,1.0602438,1.2263433,-0.4047044,0.16609943
22.742117,3.737807,125.416565,-1.2622528,-1.1234996,1.3202103,1.193063,0.13875318,-0.12714732
22.742117,3.737807,125.416565,-1.6288188,-0.9906384,1.2104164,1.0534842,0.6381804,-0.15693223
10.172497,1.026266,7.1625233,-1.1225641,0.41706628,1.2295355,1.531574,1.5396304,0.30203855
10.044288,1.026266,6.7168236,-0.7796327,2.708085,1.3787929,1.3204962,3.4877176,-0.05829668
10.685516,0.99293643,10.637522,2.3326614,2.6760716,1.4536337,1.1622697,0.34341025,-0.29136395
10.685516,0.9594693,22.711372,2.6714177,2.7547612,1.2145145,1.1975006,0.083343506,-0.017013907
10.790848,1.097884,22.711372,2.6975207,2.42034,1.1816087,1.51233,-0.27718067,0.33072138
9.961695,0.5986853,4.6218395,-0.8824929,-0.755673,1.2374653,1.2280767,0.12681991,-0.009388566
10.014127,0.3703889,4.6218395,-0.81851786,-0.6331021,1.2396752,1.1982855,0.18541574,-0.041389704
10.014127,0.46024668,5.731678,-0.66637915,-0.6837959,1.2158928,1.1829567,-0.017416775,-0.032936096
10.257394,0.6262951,7.1725845,-0.6627101,-0.816229,1.1986804,1.2360371,-0.15351892,0.037356734
10.257394,0.6262951,7.1725845,-0.6802925,-1.1089771,1.1920793,1.258796,-0.4286846,0.06671667
9.867088,0.58865047,2.8604507,-1.2817836,-1.2725544,1.2362456,1.2425768,0.009229183,0.0063312054
9.867088,0.06512185,2.8604507,-1.2713754,-1.2896234,1.2411244,1.2414787,-0.018247962,0.00035429
10.13763,0.14602785,5.7689667,-1.2809923,-1.2600982,1.242108,1.2774394,0.02089405,0.03533137
10.13763,1.0018235,5.7689667,-1.284367,-1.4087383,1.2476757,1.399868,-0.12437129,0.15219235
10.783726,1.3229504,16.307259,-1.233751,1.846163,1.315496,1.3521198,3.079914,0.036623836
9.8768015,0.6424551,3.376484,-1.2678058,-1.1446245,1.2486885,1.3675363,0.12318134,0.11884785
9.913875,0.6424551,7.151556,-1.1784669,-0.32538715,1.3103038,1.4824927,0.8530798,0.17218888
9.95034,0.73399365,7.151556,-1.106613,1.2397306,1.3885497,1.3946006,2.3463435,0.0060509443
10.511504,1.1050625,19.793272,0.6839353,1.9099128,1.4686257,1.2236019,1.2259775,-0.24502373
12.342887,1.1050625,35.709953,1.4439772,2.153037,1.3268391,1.1371177,0.70905983,-0.18972135
10.390787,1.1904607,8.325863,-1.2280188,-1.4466069,1.0824614,1.0588908,-0.21858811,-0.023570538
11.425982,1.9593645,11.070585,-1.3842585,-1.2074692,0.93933135,1.3009079,0.17678928,0.3615765
11.425982,1.9593645,11.070585,-1.3723346,-1.4498835,1.162802,1.2852757,-0.07754886,0.12247372
11.757807,2.8124456,12.663174,-1.4497061,-1.3229067,1.3140811,1.2649906,0.12679935,-0.049090505
11.757807,2.8124456,12.663174,-1.4251711,-1.349899,1.2008555,1.0234737,0.07527208,-0.17738175
9.911915,0.5110567,2.4178028,-0.45761377,-0.46099132,-0.044198185,-0.045386013,-0.0033775568,-0.0011878274
9.914987,0.029751243,2.4178028,-0.46035403,-0.46055245,-0.04475016,-0.044085726,-0.00019842386,0.0006644353
9.917021,0.029751243,2.1017075,-0.4595425,-0.46293896,-0.045050725,-0.046366014,-0.0033964515,-0.0013152882
9.917021,0.025352195,1.7733574,-0.46156874,-0.4609363,-0.046274893,-0.04418982,0.0006324351,0.0020850748
9.895134,0.022834484,1.9704819,-0.46420535,-0.45990452,-0.043451004,-0.045246117,0.0043008327,-0.0017951131
10.188379,0.5534974,6.5643787,-0.3449137,-0.30124965,0.0032509498,0.03988693,0.04366404,0.03663598
10.26391,0.23978311,6.688738,-0.33452854,-0.31785685,0.016210547,0.07462075,0.016671687,0.058410205
10.26391,0.32523057,8.917618,-0.3030753,-0.31283283,0.056890406,0.17357253,-0.009757519,0.11668212
10.675902,0.48157167,21.900225,-0.3137909,-0.27807868,0.088562354,0.23789151,0.035712212,0.14932916
10.675902,0.48157167,21.900225,-0.29101622,-0.26986143,0.21904206,0.33479914,0.021154791,0.11575708
10.1192875,0.6121077,6.653118,-0.52766824,-0.39501244,-0.051728398,0.024395723,0.1326558,0.07612412
10.643934,0.71328247,9.470844,-0.46686655,-0.28950393,-0.02127548,0.14177153,0.17736262,0.163047
10.691616,0.9683854,26.323032,-0.35875183,-0.14459163,0.065801725,0.36756766,0.2141602,0.30176592
10.691616,0.9683854,26.323032,-0.26323086,-0.27327174,0.2442408,0.55066955,-0.010040879,0.30642873
10.79978,0.8369166,22.00551,-0.14239903,-0.38800693,0.43960518,0.7136262,-0.2456079,0.27402103
9.931809,0.50833267,3.9443016,-1.9417751,-1.9429557,-0.006264639,-0.004614768,-0.0011806488,0.001649871
9.936722,0.037794884,5.073166,-1.9465472,-1.9370792,-0.005031712,-0.0047465907,0.009467959,0.00028512115
9.936722,0.04421934,5.073166,-1.9413764,-1.9436699,-0.0061131027,-0.007568913,-0.0022934675,-0.0014558104
10.616012,0.24691656,15.58671,-1.949899,-1.9398159,-0.006247062,-0.011075222,0.010083079,-0.00482816
10.928169,1.1042409,37.08625,-1.9428447,-1.874224,-0.0054346863,-0.035984803,0.0686208,-0.030550117
9.832407,0.56481224,1.7818451,-0.83515227,-0.84035045,1.241298,1.2493958,-0.0051981807,0.008097887
9.982433,0.11026486,3.4547806,-0.8137965,-0.8634968,1.2406561,1.2335206,-0.04970026,-0.0071355104
10.051995,0.25699645,3.9744377,-0.833175,-0.7563763,1.2441138,1.2642047,0.07679868,0.020090938
10.051995,0.26570535,3.9744377,-0.8144596,-0.7116952,1.2466006,1.2286761,0.10276443,-0.017924547
9.91104,0.377981,3.587103,-0.73708755,-0.7099964,1.265091,1.1995994,0.027091146,-0.06549156
10.094736,0.60120785,5.8119297,-1.3065826,-1.0764275,1.2155595,1.2360684,0.23015511,0.020508885
10.133568,0.9895226,5.8119297,-1.2407768,-1.070092,1.2425725,1.1798666,0.17068481,-0.06270599
15.115993,1.1639401,35.768986,-0.9978738,-1.4176166,1.2568539,1.2681904,-0.41974282,0.011336446
19.457973,1.5646392,96.65108,-1.0921772,-1.728322,1.1569523,1.2282535,-0.6361449,0.07130122
25.25329,1.9098076,169.92012,-1.5838397,-1.5939462,1.3039501,0.08143135,-0.010106564,-1.2225187
47.784424,4.826719,641.2057,-0.8904532,-0.6896949,1.1381867,0.8337005,0.20075834,-0.30448622
47.784424,4.826719,641.2057,0.51796657,0.6138198,-0.14222099,-0.22269337,0.09585321,-0.08047238
60.504734,7.8246756,648.5507,-0.09456411,-0.6132027,0.37638852,0.10871641,-0.5186386,-0.26767212
60.504734,7.8246756,827.70557,-0.65284663,-0.5812915,0.8772295,0.92100203,0.07155514,0.04377252
60.949055,7.9824357,827.70557,1.3658954,-0.8032363,-0.3334071,0.6431278,-2.1691318,0.9765349
11.082994,0.65308094,34.435844,-0.66480297,-0.65635073,0.2085242,0.30418953,0.008452237,0.095665336
10.28988,0.7839981,19.816446,-0.608984,-0.83893144,0.28512138,0.27171758,-0.22994745,-0.013403803
10.247754,0.7839981,19.816446,-0.72427106,-0.9634277,0.28007856,0.22097084,-0.23915666,-0.05910772
10.247458,1.2558773,16.470337,-0.9057827,-1.0176947,0.23469977,0.397919,-0.11191201,0.16321923
10.257272,1.553166,16.470337,-0.9829922,-0.95707715,0.25571042,0.8390994,0.025915027,0.583389
11.001072,2.8713644,15.011644,-1.5761672,-1.5879817,1.1687086,1.2497512,-0.011814475,0.08104265
11.6616125,2.9963276,23.525286,-1.5035064,0.31110197,1.2531064,1.4771416,1.8146083,0.22403526
11.6616125,2.9963276,23.525286,-0.626138,-0.58873886,1.4027402,1.4801362,0.037399113,0.077395916
10.028973,2.7666395,12.401152,-1.0988555,0.4712955,1.4716806,1.4458358,1.570151,-0.025844812
11.166046,2.718121,46.844627,1.1220796,-1.2527002,1.5337077,1.3302191,-2.3747797,-0.20348859
10.120748,0.5112197,4.994631,-1.1397911,-1.0036764,1.2372882,1.179436,0.13611472,-0.05785227
10.120748,0.32743156,5.6268215,-1.0191606,-1.0286129,1.2244196,1.2018741,-0.009452224,-0.022545457
9.996875,0.38281706,8.03051,-1.0137354,-1.0626154,1.1994439,1.2594473,-0.04887998,0.0600034
11.663156,0.57758605,16.628647,-1.0067867,-1.3489041,1.2102545,1.36249,-0.34211743,0.15223551
11.663156,0.7062691,16.628647,-1.1914809,-1.9152548,1.2854521,1.3514483,-0.72377396,0.06599617
9.867768,0.58953875,2.8373241,-1.1355621,-1.1299517,1.2629222,1.2544267,0.005610347,-0.00849545
9.971515,0.4383596,7.293892,-1.110429,-1.0194652,1.259128,1.2086118,0.09096384,-0.05051613
9.971515,0.49205565,7.293892,-1.102856,-0.9942268,1.245367,1.1653831,0.10862923,-0.07998395
10.01164,0.49205565,5.7856083,-0.9046254,-1.2958958,1.2053417,1.249221,-0.3912704,0.04387927
10.151765,0.34194708,5.7856083,-1.0503865,-1.4362868,1.2020421,1.2681198,-0.38590026,0.06607771
9.832669,2.4357476,2.877903,-1.2783457,-1.2842101,1.2468774,1.2545514,-0.005864382,0.007673979
10.027695,0.40491706,5.078888,-1.2798954,-1.2767199,1.2481854,1.2681434,0.003175497,0.01995802
10.065653,0.64800036,10.185385,-1.2804146,-1.0705993,1.2590991,1.3602283,0.20981526,0.101129174
10.065653,0.64800036,10.185385,-1.2575152,-0.7644526,1.303633,1.4541506,0.49306262,0.15051758
9.94248,0.5656325,3.3637524,-1.089426,0.8627149,1.3745857,1.4927366,1.9521409,0.11815083
10.682084,1.3117235,4.5289516,-0.4511218,-0.9510972,1.381589,1.1638248,-0.49997538,-0.21776426
10.682084,1.7786909,4.84972,-0.66704834,-0.93332607,1.2195617,1.2749096,-0.26627773,0.05534792
10.514307,1.7786909,7.205868,-1.0642378,-0.36732274,1.2384577,1.1929195,0.6969151,-0.045538187
14.260781,2.2001843,26.448822,-0.64869165,-1.418986,1.1886618,1.4210806,-0.7702943,0.23241878
14.260781,2.2001843,26.448822,-0.44893727,-0.99281895,1.299333,1.3091514,-0.54388165,0.009818435
9.845247,0.7165137,1.9963741,-0.7315094,-0.7206545,1.2860962,1.2858175,0.0108549,-0.00027871132
9.845247,0.102879606,1.9963741,-0.71238446,-0.7384882,1.2893966,1.2840283,-0.026103735,-0.005368352
9.839302,0.11615803,2.0540714,-0.7380353,-0.7207061,1.280808,1.2952622,0.017329216,0.014454246
9.867307,0.16097367,2.2577763,-0.73302084,-0.62275034,1.2894493,1.3244021,0.1102705,0.03495276
10.378375,1.2253742,4.4721603,-0.71701133,0.603909,1.2971299,1.4107784,1.3209203,0.113648534
9.87455,0.67405814,2.8569221,-0.9161917,-0.90993994,1.3649058,1.341564,0.0062517524,-0.023341775
9.87455,0.10555078,2.8569221,-0.86026096,-0.88409007,1.3495369,1.3393024,-0.023829103,-0.010234475
9.883136,0.087675706,2.52676,-0.88916796,-0.8357312,1.3439003,1.3522437,0.053436756,0.008343339
10.119789,0.429036,2.52676,-0.8704392,-0.48823076,1.3415287,1.4248979,0.3822084,0.083369255
10.150063,1.1438938,4.1445255,-0.84349936,1.1860818,1.3630872,1.5020617,2.029581,0.13897455
13.088192,3.222695,15.486145,-0.19955096,-0.7041033,1.0820901,1.1676909,-0.50455236,0.085600734
12.738858,3.222695,15.486145,-0.2427403,-0.73212266,1.0778791,0.8103526,-0.48938236,-0.26752645
12.154794,3.4823532,11.853218,-0.8004513,-0.80618924,1.0830352,1.2033435,-0.0057379603,0.12030828
13.7545595,3.5388863,11.853218,-0.64482236,-0.64010257,0.91723746,1.1444703,0.004719794,0.22723287
13.7545595,3.5388863,6.3492775,-0.84647894,-0.12515534,1.29781,1.113726,0.7213236,-0.18408394
10.037946,0.65482795,1.7342567,0.11950196,0.118921936,-0.733059,-0.7266093,-0.0005800277,0.0064496994
10.037946,0.042515647,1.5650749,0.111249365,0.11771707,-0.7292585,-0.72618556,0.0064677075,0.0030729175
10.028012,0.04061234,1.8772602,0.113823235,0.108076595,-0.7267305,-0.72152317,-0.0057466403,0.00520736
10.029095,0.03836948,2.0959377,0.11710136,0.10786911,-0.7250954,-0.72124684,-0.009232245,0.0038485527
10.029095,0.03836948,2.828312,0.121560596,0.11476456,-0.72438425,-0.7227616,-0.0067960396,0.0016226768
10.003894,0.6550903,2.080059,-0.07961864,-0.0737737,-0.63595897,-0.6380817,0.005844943,-0.0021227598
10.003894,0.04203474,3.094101,-0.07113223,-0.07619528,-0.6416564,-0.64331424,-0.0050630495,-0.0016578436
9.99978,0.030426897,3.094101,-0.07551978,-0.071728386,-0.64308053,-0.64160013,0.0037913918,0.0014804006
10.005076,0.034474593,2.2660732,-0.076836005,-0.078603186,-0.64085895,-0.6388279,-0.0017671809,0.0020310283
10.084233,0.09100053,4.3695927,-0.07968197,-0.07904579,-0.6398326,-0.6454935,0.0006361827,-0.0056608915
10.063778,1.3784823,2.3245811,0.581446,0.5832528,-0.73038614,-0.7273754,0.0018067956,0.0030107498
10.059692,0.04064246,2.3446083,0.58347875,0.5741521,-0.7291492,-0.7308907,-0.009326637,-0.0017414689
10.059692,0.041347343,2.3446083,0.5794518,0.57752246,-0.73002565,-0.7258738,-0.0019293427,0.004151821
10.053802,0.041347343,2.1411896,0.5814833,0.5691,-0.7265755,-0.73193085,-0.012383282,-0.005355358
10.984799,0.31569177,8.0367565,0.5720964,0.60492176,-0.7286712,-0.75412184,0.03282535,-0.025450647
10.600352,1.2429851,3.9458275,0.23057945,0.22509825,1.1954924,1.181696,-0.0054811984,-0.0137963295
10.600352,0.49578482,8.070946,0.24545531,0.46961492,1.1911907,1.1699791,0.22415961,-0.021211624
10.510123,0.49578482,8.070946,0.2991907,0.39523098,1.1570137,1.1665227,0.09604028,0.009509087
10.014001,0.35099193,2.7955055,0.32483378,0.39570838,1.1540349,1.1621835,0.0708746,0.00814867
9.923156,0.10393594,2.308178,0.38734898,0.4284598,1.1697438,1.1519679,0.041110814,-0.017775893
14.552648,2.6491559,31.018448,-0.5382888,-1.2563016,1.3414186,1.3215445,-0.71801287,-0.019874096
11.483516,2.697885,20.84837,-1.9414003,-0.6560769,1.4398489,1.1799035,1.2853234,-0.2599454
17.413738,4.2223454,35.104465,-0.7674472,-1.4812268,1.2102476,1.2533159,-0.7137796,0.04306829
17.413738,4.2223454,35.104465,-0.66252196,-0.80626804,1.298765,1.178704,-0.14374608,-0.12006092
11.325516,3.3096993,16.24713,-1.1532437,-0.45364124,1.2498324,1.295424,0.6996024,0.045591593
30.520853,7.8472967,78.41921,-1.7972885,-1.6137146,0.92451733,0.95623076,0.18357396,0.031713426
30.520853,7.8472967,78.41921,-0.79392403,-1.6914062,1.2980793,0.19909996,-0.8974822,-1.0989792
45.768864,7.6861978,150.99258,-1.5078762,1.2817212,0.44487387,0.9242834,2.7895975,0.47940952
45.768864,8.231112,150.99258,-1.8512175,-1.18802,0.9809057,1.2335675,0.6631975,0.25266176
39.726067,8.658007,99.65553,1.5482743,-1.6751381,0.28558147,-0.08158364,-3.2234125,-0.36716512
37.644264,2.4623306,197.68906,-2.655871,-0.57609797,1.4950373,-0.16695452,2.079773,-1.6619918
50.695297,2.373653,329.96292,0.04352576,0.22770286,0.3228228,1.399843,0.1841771,1.0770202
50.695297,2.373653,329.96292,-0.030813325,-0.43009052,1.4008989,0.33343777,-0.39927718,-1.0674611
55.777737,3.0330791,542.29376,0.27560097,-1.9264221,-0.43138188,1.4818256,-2.202023,1.9132075
55.777737,3.0330791,542.29376,1.6887972,-0.18098298,0.53523195,0.42180276,-1.8697802,-0.11342919
12.070217,1.9833633,42.567303,-0.66507286,-0.3538099,0.54338735,0.81845444,0.31126297,0.2750671
12.070217,1.7325505,47.056915,-0.42615142,-0.40844148,0.80000734,0.85680944,0.01770994,0.056802094
12.358447,2.6792274,47.056915,-0.38525918,0.28453204,0.8518027,1.1094862,0.6697912,0.25768352
12.358447,2.6792274,41.382267,0.0022891,0.69222224,0.87094057,0.88397485,0.6899331,0.013034284
13.660231,3.2415137,27.877283,0.5366583,0.6217655,1.1501772,1.02649,0.08510721,-0.12368727
9.993605,0.6886432,3.4650326,-0.66818804,-0.6993393,1.2867788,1.3200371,-0.031151235,0.03325832
9.993605,0.45701456,3.6788464,-0.65362686,-0.85114354,1.2959254,1.3745668,-0.19751668,0.078641415
9.965917,1.2548518,3.6788464,-0.7242077,-0.9202943,1.3049688,1.3495381,-0.19608659,0.044569254
10.549292,1.2548518,4.5212746,-0.91440165,-0.5778899,1.4077022,1.278057,0.33651173,-0.12964523
10.549292,1.8479434,12.885666,-0.8120295,0.08099483,1.3033533,1.4019077,0.8930243,0.09855437
11.658547,2.370529,26.710176,-0.80907476,-0.78733236,0.4931981,0.37779298,0.021742404,-0.11540511
10.755861,0.8237414,20.190525,-0.7978088,-0.7411202,0.39811572,0.33826178,0.056688607,-0.05985394
10.755861,1.6019506,20.190525,-0.7859939,-0.65612155,0.34510314,0.48762017,0.12987232,0.14251703
17.073328,3.7963185,93.06808,-0.7142161,-0.4495569,0.5251596,0.89432573,0.26465923,0.36916614
17.073328,4.3699555,215.02042,-0.5228338,0.23839359,0.5966932,1.2948112,0.7612274,0.69811803
20.138834,1.917493,53.1147,-1.2925204,0.44810787,1.4430729,1.1075921,1.7406282,-0.3354808
17.217665,1.452322,51.649857,1.688283,-0.5386857,1.3495796,1.0927291,-2.2269688,-0.25685048
18.158796,3.7388575,51.933002,-0.16188446,2.414554,0.91087353,1.4310479,2.5764387,0.5201744
18.158796,3.7388575,51.933002,-1.0703337,1.7249123,1.4155407,1.1292293,2.7952461,-0.2863114
17.509209,3.4069245,43.278313,0.526574,-0.5861574,1.1132894,1.2088583,-1.1127315,0.095568895
9.939277,0.78514415,3.1962395,-0.6768045,-0.34189492,1.3469282,1.4120554,0.33490956,0.065127134
10.0893,0.81083614,3.765583,-0.50608116,-0.14750089,1.3777504,1.4484915,0.3585803,0.07074106
10.0893,0.81083614,3.8375854,-0.1444097,0.34168524,1.4267894,1.4329183,0.48609495,0.006128907
9.868088,0.9429529,3.8375854,0.07696294,0.9282446,1.4556766,1.3735812,0.85128164,-0.082095385
10.008922,1.6289369,8.967066,0.5923892,1.2082164,1.3730386,1.309211,0.6158272,-0.063827634
11.518017,1.2071697,15.274668,-1.539288,-1.5048666,0.8326728,0.59121263,0.034421444,-0.24146014
11.518017,1.2071697,12.295723,-1.537921,-1.4185398,0.8399633,0.54072875,0.11938119,-0.29923457
11.276142,1.1408458,16.921806,-1.4380547,-1.4884274,0.53801167,0.69228107,-0.05037272,0.1542694
11.276142,1.1408458,16.921806,-1.4041257,-1.7798532,0.5320743,0.7524793,-0.37572753,0.22040504
10.478923,1.0313873,14.809275,-1.673928,-1.5276786,0.76003915,0.8971132,0.14624941,0.13707405
9.823837,0.60524035,2.3753166,-1.1867105,-1.1991065,0.60039604,0.5975463,-0.012395978,-0.0028497577
9.823837,0.056859802,1.9562721,-1.1920292,-1.2011002,0.59733397,0.60099256,-0.0090709925,0.0036585927
9.856597,0.07264487,1.8217087,-1.2032189,-1.2081494,0.59838605,0.6196941,-0.004930496,0.021308064
9.856597,0.07264487,3.3138275,-1.2039149,-1.2211566,0.6115802,0.6255133,-0.017241716,0.013933122
9.871934,0.042410195,3.3138275,-1.2184603,-1.2268751,0.6213783,0.6256956,-0.008414745,0.0043172836
19.919567,15.879875,201.54897,-1.7183428,-0.8806151,0.1581214,1.1988297,0.83772767,1.0407083
18.159143,7.270594,77.25849,-0.91846246,-0.9444739,0.9618455,1.2046049,-0.026011467,0.24275935
10.699365,1.5632155,7.9417706,-0.8670472,-0.9065709,1.1963829,1.152647,-0.03952372,-0.04373586
10.071679,0.8522632,3.3724785,-0.9396035,-0.9258251,1.1823964,1.2140329,0.0137783885,0.031636477
9.929988,0.5200957,2.175331,-0.9288341,-0.938573,1.1873074,1.1849158,-0.009738922,-0.0023915768
12.320272,3.8591883,13.800669,-0.83941805,-0.42755827,1.214608,1.0592768,0.41185978,-0.15533113
22.601566,6.77851,57.01933,-0.8594314,-0.9865867,1.2066789,0.9091112,-0.1271553,-0.29756767
34.28918,7.989781,93.28251,1.53936,-0.6965693,1.0858324,1.1865572,-2.2359295,0.10072482
34.28918,7.989781,93.28251,-1.0741442,2.1574383,0.5578638,0.6515072,3.2315826,0.09364343
42.43975,10.887212,173.84834,-0.011010146,-0.777771,1.2623824,0.7822846,-0.7667608,-0.48009777
9.952294,0.5960303,3.6797523,2.9631333,2.9634585,0.11547204,0.116208956,0.00032520294,0.0007369146
9.952294,0.028370647,3.6797523,2.9631276,2.964691,0.116284706,0.11535851,0.0015633106,-0.0009261966
9.935898,0.03216207,2.132225,2.965556,2.9658759,0.11562,0.11322272,0.00031995773,-0.002397284
9.935898,0.03216207,2.132225,2.963513,2.964643,0.11384944,0.10921291,0.0011301041,-0.004636526
9.927958,0.025656523,1.8736839,2.9619033,2.963301,0.11010945,0.109178886,0.0013976097,-0.0009305626
9.965869,0.5095105,2.443409,2.7099798,2.7136745,-0.22257781,-0.22123694,0.0036947727,0.0013408661
9.965869,0.014208188,2.627182,2.7113051,2.713641,-0.22093269,-0.22390275,0.0023357868,-0.0029700547
9.983798,0.014208188,2.627182,2.7143111,2.7140117,-0.22150548,-0.22206125,-0.00029945374,-0.0005557686
10.026597,0.013235734,2.8171062,2.7114263,2.7147655,-0.22256699,-0.22277668,0.0033392906,-0.00020968914
10.026597,0.013235734,2.8171062,2.7115352,2.7114966,-0.22026317,-0.22284432,-3.862381e-05,-0.0025811493
9.972925,0.59646696,2.3353577,2.5079317,2.5082057,-0.25661308,-0.25554442,0.00027394295,0.0010686517
9.969432,0.015693739,2.3353577,2.5075614,2.5086036,-0.25704998,-0.25368333,0.0010421276,0.0033666492
9.992048,0.01648234,2.8487682,2.509338,2.511925,-0.25619784,-0.25708568,0.00258708,-0.000887841
9.997591,0.01648234,2.8487682,2.5096903,2.511803,-0.25690666,-0.25865158,0.002112627,-0.001744926
10.32091,0.10517366,5.4507732,2.5097606,2.4974234,-0.2586651,-0.2487067,-0.012337208,0.009958416
9.950681,0.593677,2.029848,3.0723538,3.0737538,-0.128068,-0.12655517,0.0013999939,0.0015128255
9.939909,0.02018656,2.3702145,3.0740085,3.0748742,-0.12843597,-0.12680036,0.00086569786,0.001635611
9.989793,0.04035424,4.0099144,3.0748012,3.0757082,-0.12981932,-0.12515667,0.0009069443,0.004662648
9.989793,0.04035424,4.0099144,3.0746248,3.0755293,-0.12665178,-0.12768312,0.0009045601,-0.0010313392
9.948332,0.017015278,1.5850067,3.074547,3.0737958,-0.12761003,-0.12825952,-0.00075125694,-0.0006494969
11.981997,2.2498088,21.594954,-0.8237661,-0.6595062,1.02789,1.1866678,0.16425991,0.15877783
11.571699,1.9638861,24.810076,-0.9457345,-0.6321249,1.2459899,1.1422905,0.3136096,-0.103699446
16.289173,3.043156,54.253437,-0.52298224,-0.8636034,1.1179762,1.236961,-0.34062117,0.11898482
16.289173,3.043156,54.253437,-0.8293813,-0.67975795,1.1578319,1.1410877,0.14962333,-0.016744256
12.929171,1.8577238,28.490019,-1.128981,-0.74938846,1.308224,1.1558914,0.37959254,-0.15233254
16.36141,5.3452272,27.622986,-0.5688876,-1.0603245,1.2892386,0.42188063,-0.49143696,-0.86735797
20.704483,5.515226,293.17795,-1.2150745,0.9739626,0.96675664,1.0460523,2.189037,0.079295695
47.99503,6.413769,324.61472,-1.4380059,-1.0440332,0.510147,-0.61563504,0.39397275,-1.125782
47.99503,8.891682,555.5972,-1.2578986,1.3628039,0.43108606,0.8451656,2.6207025,0.41407955
66.2777,9.178748,600.2634,-1.447473,-1.5143242,0.66050947,-0.6629111,-0.06685114,-1.3234205
44.33573,7.6381254,364.61655,-0.61278224,-0.4054911,0.8602831,-0.23568249,0.20729113,-1.0959656
46.438667,5.749482,321.04398,-1.8174292,-0.6147392,0.39893088,-0.8721453,1.20269,-1.2710762
56.195267,5.3238153,718.3768,-1.3772672,0.32714167,0.8929289,-0.8926865,1.7044089,-1.7856154
56.195267,7.17593,718.3768,-1.3701458,0.6318607,1.0514456,-0.012556238,2.0020065,-1.0640018
48.916878,7.17593,310.88544,-0.83471286,0.53912973,0.59429353,-0.39729398,1.3738426,-0.9915875
11.196168,1.131654,18.607903,-0.6998223,-0.10823113,0.86328965,0.9700702,0.5915912,0.10678053
14.123775,4.6096663,42.27548,-0.30940318,-0.63785726,0.97589904,0.22874276,-0.32845408,-0.74715626
31.718454,4.6096663,520.0278,-0.24437527,-0.83958846,0.5359364,0.025662849,-0.5952132,-0.5102736
31.718454,3.5657792,520.0278,-0.75244325,-1.0838145,0.65094686,0.2856569,-0.33137125,-0.36528996
10.491937,1.1026982,19.72251,-0.98284453,-1.1134031,0.097632386,0.29430717,-0.13055855,0.1966748
16.919687,6.394474,51.249027,-0.5166591,-0.37766486,1.1798943,1.1456653,0.13899422,-0.03422904
13.459086,2.5543857,22.12081,-0.4208269,-0.9963131,0.9051875,1.0225565,-0.5754862,0.117369056
12.3700075,2.5543857,20.004034,-0.6112946,-0.5682908,1.2056453,1.1199876,0.043003798,-0.085657716
11.404206,2.7200494,10.367012,-0.9259362,-1.1848316,0.9480079,1.179158,-0.2588954,0.23115009
11.404206,2.7790194,13.976145,-0.80305547,-0.6303161,1.1720254,1.1120636,0.17273939,-0.059961796
10.51205,3.3437622,13.47661,-0.953757,-1.0876276,1.1961737,0.9878866,-0.13387066,-0.20828706
16.458714,3.9201376,48.76876,-0.82303584,-0.6744591,1.1057702,1.2652215,0.14857674,0.15945125
16.458714,3.9201376,48.76876,-0.86238164,-1.8822482,1.2367592,1.2446408,-1.0198665,0.007881641
15.347478,2.802595,34.833767,-1.4188083,-0.07780148,1.324702,1.1258774,1.3410069,-0.19882464
15.347478,2.6960647,34.833767,-1.158088,-0.8208622,1.2828027,1.1334436,0.3372258,-0.1493591
28.929224,5.936835,234.7356,-0.83757436,-0.93790656,0.9103352,1.0543557,-0.1003322,0.14402056
24.35375,3.3129559,165.2815,-0.7126603,-0.638563,1.1544771,0.84460366,0.074097335,-0.30987346
24.35375,3.1667154,165.2815,-0.8649414,-1.1113132,1.1432261,1.264172,-0.2463718,0.12094581
18.11294,3.1667154,70.639084,-0.7169845,-1.171284,1.0852163,1.0536203,-0.45429945,-0.031595945
24.660976,5.7774696,134.7867,-1.1096246,1.0544449,1.0500494,0.9950342,2.1640697,-0.055015206
13.484189,6.072867,37.554836,-0.96493864,-0.63990533,1.0353906,1.2028326,0.3250333,0.16744196
10.228919,2.0332263,3.850174,-0.4384071,-0.7945024,1.2682459,1.1820232,-0.35609528,-0.08622277
10.228919,0.9919937,3.9954662,-0.7111237,-0.7561072,1.1963173,1.2288033,-0.044983506,0.032485962
10.386809,1.4088056,7.004118,-0.8015849,-0.7887786,1.1778287,1.3663156,0.012806296,0.18848693
10.614313,1.4884268,9.91292,-0.68660647,-0.81745225,1.2484964,1.1984468,-0.13084579,-0.050049663
10.494431,1.0916153,9.192562,-0.7720356,-0.7340398,1.4046223,1.2582233,0.037995815,-0.14639902
10.806655,1.0916153,11.463213,-0.64203316,-0.698552,1.341038,1.2096807,-0.056518853,-0.13135731
11.544735,1.8285857,16.024733,-0.63528544,-1.1118648,1.2692035,1.3989418,-0.47657937,0.12973821
11.544735,1.8285857,16.024733,-0.89947146,-1.3309438,1.3023522,1.2961495,-0.43147236,-0.0062026978
10.77717,0.7362738,12.844515,-1.3062556,-0.894752,1.3119742,1.332739,0.41150355,0.020764828
9.853801,0.5931633,3.5752773,-1.0916424,-1.0946164,1.3972434,1.3946095,-0.0029740334,-0.0026339293
9.874754,0.06639074,2.0683765,-1.0935047,-1.0930046,1.3971584,1.386164,0.00050008297,-0.010994434
9.874754,0.06639074,2.0683765,-1.1348774,-1.0998724,1.3977805,1.3941276,0.035005093,-0.0036529303
9.854886,0.040038593,1.8138409,-1.1099596,-1.1457418,1.3910288,1.3997786,-0.035782218,0.008749843
9.855777,0.040038593,2.543497,-1.1109498,-1.1039798,1.3924798,1.397327,0.0069699287,0.004847169
9.821764,0.60639995,2.4381638,-1.1256075,-1.1353424,1.4079187,1.3992977,-0.009734869,-0.008620977
9.8289385,0.059618033,2.7109146,-1.1172078,-1.2014225,1.3976269,1.4019492,-0.08421469,0.0043222904
9.852771,0.06548574,2.7109146,-1.1484373,-1.1070688,1.4136806,1.3986572,0.041368484,-0.015023351
9.852771,0.06548574,2.558899,-1.1292392,-1.1415927,1.402871,1.4043525,-0.0123535395,0.001481533
9.831584,0.07222903,2.2057056,-1.1660254,-1.1408169,1.4018959,1.400711,0.025208473,-0.0011848211
15.355076,3.3850846,21.450853,-0.9924795,-1.4971774,1.410888,1.4038317,-0.50469786,-0.0070562363
15.862937,3.9442656,33.918,-0.8959346,-0.43343705,1.2882774,1.4373635,0.46249753,0.14908612
16.502413,4.0302386,33.918,-2.157589,-1.1559088,1.406906,1.0765231,1.0016801,-0.33038294
18.933943,5.144709,45.91694,-0.7873575,-1.1093056,1.3421384,1.4150349,-0.3219481,0.07289648
18.933943,5.144709,53.470802,-1.3552407,-2.4294121,1.2123599,1.1716971,-1.0741714,-0.040662766
9.983892,0.6575737,3.3023357,0.37158722,0.36247534,-0.2526785,-0.24820848,-0.009111881,0.0044700354
10.047169,0.0467782,4.0678024,0.3611458,0.3616932,-0.2506414,-0.24857113,0.00054740906,0.002070278
10.047169,0.0467782,4.0678024,0.36172986,0.3540292,-0.24919096,-0.24686944,-0.007700652,0.0023215115
10.077991,0.043108337,4.2857647,0.3555204,0.3480378,-0.24497254,-0.24536589,-0.0074825883,-0.00039334595
10.077991,0.043108337,4.2857647,0.3499715,0.35881355,-0.24569634,-0.24793787,0.008842051,-0.002241537
9.959572,0.588586,3.6018848,-0.37996268,-0.3860252,0.05421708,0.05130709,-0.0060625076,-0.002909992
9.959572,0.030956032,3.6018848,-0.3848638,-0.38217133,0.052274518,0.053729165,0.002692461,0.0014546476
9.942188,0.029868413,2.374649,-0.3846168,-0.38484725,0.052708358,0.05212728,-0.00023046136,-0.00058107823
9.942553,0.029549878,3.2004356,-0.38607252,-0.38469747,0.052698474,0.05253123,0.0013750494,-0.00016724318
9.942553,0.029549878,3.2004356,-0.38566977,-0.38671142,0.0529586,0.05264921,-0.0010416508,-0.00030938908
10.052144,0.5241502,4.4256687,0.9483387,0.9570795,-0.1462087,-0.1516434,0.008740842,-0.005434692
10.010761,0.024461692,4.4256687,0.9626877,0.95564187,-0.14843892,-0.15134224,-0.0070458055,-0.0029033273
10.0616255,0.04049012,5.0389767,0.9568394,0.9508096,-0.14771488,-0.14834253,-0.0060297847,-0.0006276518
10.0616255,0.04049012,5.0389767,0.951512,0.94481915,-0.15114447,-0.14677556,-0.0066928267,0.004368916
10.041058,0.025888208,4.0424824,0.9450391,0.9416798,-0.14548424,-0.14482436,-0.0033593178,0.000659883
10.025761,0.58644617,3.79467,2.585979,2.5801477,-0.22160931,-0.21922414,-0.0058312416,0.0023851693
10.041669,0.04649013,5.806923,2.587759,2.5773242,-0.2209644,-0.22117963,-0.010434866,-0.00021523237
10.080065,0.039506435,5.806923,2.5801044,2.579509,-0.22094874,-0.22256787,-0.0005953312,-0.0016191304
10.080065,0.039506435,3.3910751,2.577248,2.574119,-0.22234789,-0.21967487,-0.0031290054,0.002673015
10.037409,0.03083526,3.739643,2.5741467,2.5774114,-0.22048208,-0.21891911,0.0032646656,0.0015629679
13.548367,3.2503748,33.881664,-0.5669952,-1.2852342,1.3062148,1.3184655,-0.718239,0.012250662
13.548367,3.2503748,33.881664,-0.98916036,-1.1039524,1.1612184,1.3814211,-0.11479205,0.22020268
13.611067,3.1327262,30.403996,-1.6867106,-1.21921,1.2110202,1.3488655,0.46750057,0.13784528
15.040765,4.6156807,30.83744,-0.25876635,-0.82654846,1.3369744,1.262062,-0.5677821,-0.07491243
15.17845,4.6156807,54.104996,-0.57247245,-1.7206013,1.1869962,1.3111484,-1.1481289,0.12415218
12.667245,1.7386177,30.519962,-1.082061,-1.7685217,1.4097724,1.3266834,-0.6864606,-0.083088994
21.586344,2.6368337,70.70503,0.06057926,-1.4876049,1.4649801,0.77016276,-1.5481842,-0.69481736
33.16022,3.5653548,262.61627,-1.0300043,-0.39695373,0.79960966,1.1598313,0.63305056,0.36022162
34.67542,3.6091979,262.61627,-1.9027271,-1.4823554,1.1760699,0.24432185,0.42037177,-0.93174803
39.676987,5.499884,322.9577,-1.1022327,0.15112804,0.3289533,1.0124397,1.2533607,0.68348646
41.056477,3.4860775,374.52325,-0.90339166,-0.9798789,0.9048852,1.035753,-0.07648724,0.13086784
35.255245,3.502932,374.52325,-0.9345072,-0.73092836,0.27457136,0.7814442,0.20357883,0.50687283
29.573515,3.502932,309.16766,-1.1244556,-0.5378567,0.7200345,0.51543,0.5865989,-0.2046045
31.799002,3.2118676,309.16766,-1.3369536,-0.17735654,1.0933707,0.17044047,1.1595972,-0.92293024
31.799002,3.012144,307.07132,-1.4635818,0.18428072,1.2068136,-0.38973334,1.6478626,-1.5965469
15.429737,1.3332158,111.44815,-0.7628035,-0.836238,0.8104145,0.76725745,-0.07343453,-0.04315704
15.429737,3.3449917,111.44815,-0.8581541,-0.56451625,0.7762989,0.24132998,0.29363787,-0.5349689
39.295994,3.9645207,708.7246,-0.7706062,-0.9323491,0.2878329,0.20233837,-0.16174287,-0.08549452
39.295994,3.9645207,708.7246,-0.711252,-0.96344966,0.64165473,0.19866084,-0.25219768,-0.44299388
11.024139,1.2234988,53.771305,-0.9558134,-0.9673077,0.19333169,0.3212124,-0.011494279,0.12788072
14.048904,3.4598026,66.90421,-1.5727303,-1.8445632,1.1329582,1.0816555,-0.27183294,-0.05130267
12.766378,3.4598026,65.63258,-0.9918272,-1.486871,1.2004862,1.0923221,-0.4950438,-0.10816407
11.001656,1.1633576,31.598377,-1.3778288,-1.4470038,1.1613463,1.117638,-0.069175005,-0.043708324
11.621493,1.1633576,37.88328,-1.5252072,-1.6470678,1.1069759,1.2214429,-0.12186062,0.114467025
12.746789,5.9376493,47.523643,-1.6923567,-0.9078369,1.0030493,1.3437316,0.7845198,0.3406824
14.182264,3.2628438,40.0383,-0.74719524,-1.7293007,1.3557829,1.3788517,-0.9821055,0.023068786
18.66329,3.7098684,90.033104,-0.14936668,-0.88710976,1.4385517,1.2771475,-0.7377431,-0.16140413
18.66329,6.5662603,90.033104,-1.8865398,-0.4417644,1.4246272,1.1709217,1.4447753,-0.2537055
15.761714,6.5662603,42.3759,0.7903112,-1.3934005,1.2953522,1.1607882,-2.1837118,-0.13456404
15.761714,5.1617413,42.3759,-1.3481859,-1.7432674,1.0075463,1.3168243,-0.39508152,0.309278
15.112844,2.972761,81.79503,-2.0106225,-0.4945632,1.3211911,1.3487937,1.5160593,0.027602673
11.996089,2.5117526,18.073273,-1.2622823,-0.99851495,1.2833056,1.304152,0.2637673,0.020846367
11.996089,2.5117526,18.073273,-0.71837026,-1.1547912,1.2073332,1.2126168,-0.43642098,0.005283594
19.191387,5.96111,54.43268,-1.2669312,-0.9259831,1.2704557,1.0720009,0.3409481,-0.19845486
19.191387,5.96111,54.43268,-0.978327,-0.6557469,1.1564298,1.2654388,0.3225801,0.10900903
9.941223,0.5263693,2.5889874,-1.1015232,-1.1208382,1.4008716,1.3995173,-0.019315004,-0.0013543367
9.826806,0.047459267,2.8862,-1.0992765,-1.1205807,1.4052249,1.4096172,-0.02130413,0.0043922663
9.885538,0.046499122,2.8862,-1.1160395,-1.0948576,1.4030272,1.4042797,0.021181941,0.001252532
9.885538,0.08717203,2.6103973,-1.0967085,-1.1007459,1.4021819,1.4015158,-0.00403738,-0.0006660223
9.907468,0.08717203,3.0220032,-1.0764908,-1.0827442,1.4118661,1.407238,-0.006253481,-0.0046280622
13.099231,2.308987,25.982666,-0.408948,-1.7176123,1.3788964,1.4014395,-1.3086643,0.022543192
13.099231,2.2892654,25.982666,-1.1008728,-1.4875615,1.3692235,1.4049866,-0.3866887,0.035763144
12.509542,3.172639,25.128126,-1.7269987,-1.6012547,1.3818439,1.4255775,0.12574399,0.043733597
12.509542,3.172639,25.128126,-1.6646719,-1.3362002,1.4526922,1.4062697,0.32847166,-0.04642248
12.491298,2.551058,22.360516,-1.751672,-1.5962651,1.4298855,1.4185055,0.15540695,-0.011379957
9.96165,0.70512587,2.7561665,-0.32661504,-0.4064351,1.4171661,1.4105554,-0.07982007,-0.006610751
9.96165,0.27476195,3.058672,-0.3622904,-0.25145566,1.4061806,1.3854817,0.11083475,-0.020698905
9.933113,0.27476195,3.6416054,-0.40427357,-0.38000888,1.3979905,1.4072131,0.024264693,0.009222627
9.92903,0.19884206,3.6416054,-0.3092663,-0.32560053,1.4172044,1.4084738,-0.016334236,-0.008730531
10.191913,1.0077071,4.2669773,-0.39096275,0.5682085,1.3943231,1.4185688,0.9591713,0.024245739
9.9856615,0.66242087,2.7091503,-0.4086532,-0.24376015,1.4504583,1.4306489,0.16489305,-0.019809365
10.02886,0.22356668,2.2316456,-0.34305856,-0.17929175,1.44849,1.4295442,0.1637668,-0.018945813
10.02886,0.93131626,2.546215,-0.18069716,-0.28228214,1.4175446,1.4113247,-0.101584986,-0.006219864
9.815068,1.4169844,6.5359592,-0.17967173,1.5019792,1.423476,1.2957828,1.681651,-0.12769318
10.767659,1.7010704,9.327269,0.42396984,1.8934834,1.4013656,1.2886099,1.4695135,-0.112755775
18.627266,4.1291723,23.08867,-1.271506,1.1542349,1.0258893,0.9811274,2.4257407,-0.044761896
12.966544,3.9947066,23.08867,-1.261863,-0.14285758,1.1052699,1.3772773,1.1190054,0.27200735
24.010307,5.7245865,38.493824,1.6617352,-1.6603298,0.50912696,1.11457,-3.3220649,0.60544306
24.010307,5.7245865,38.493824,-1.5401918,-1.5887051,1.2372282,1.2041876,-0.048513293,-0.033040524
22.705538,4.944323,16.625547,-1.4974357,-1.3648447,1.1700282,1.0238492,0.13259101,-0.14617896
10.07517,0.6780648,2.6946545,0.18637873,0.16212264,-0.95986545,-0.9653651,-0.024256095,-0.005499661
10.233539,0.28258857,3.694582,0.15298584,0.13845716,-0.95651686,-0.9546547,-0.014528677,0.0018621683
12.849566,1.6267364,38.33547,0.1483312,0.43276834,-0.9658572,-0.7054781,0.28443715,0.26037914
12.891554,3.3149302,38.33547,0.12078718,0.36975005,-0.92837846,-1.1753776,0.24896288,-0.24699914
12.891554,4.753617,18.208265,0.56064427,-1.6354339,-0.76826525,-1.2388932,-2.1960783,-0.4706279
10.0153475,0.65773046,1.8710136,-0.47360677,-0.47388,-0.64616257,-0.64808637,-0.0002732277,-0.0019237995
10.0153475,0.048439834,1.8841267,-0.472329,-0.4730119,-0.6481341,-0.6463134,-0.0006829202,0.0018206835
9.995678,0.048439834,1.8841267,-0.47230735,-0.47406095,-0.6428965,-0.64349437,-0.0017535985,-0.0005978942
10.013129,0.040941026,1.6856194,-0.47401443,-0.47415623,-0.6461925,-0.6494706,-0.00014179945,-0.0032781363
10.013129,0.04508843,1.7113209,-0.47457975,-0.47850257,-0.64677256,-0.64466465,-0.00392282,0.0021079183
10.022603,0.6638192,2.7846813,0.13330282,0.13014856,-0.5859753,-0.5875376,-0.003154263,-0.0015622973
10.022603,0.059679575,2.7846813,0.1408858,0.1271489,-0.5893848,-0.58972144,-0.013736904,-0.00033664703
10.003605,0.05336609,2.0092964,0.14538832,0.13903767,-0.5882614,-0.58974946,-0.0063506514,-0.00148803
10.05988,0.05411599,1.8173218,0.13570863,0.1455352,-0.588671,-0.58625597,0.009826571,0.002415061
10.05988,0.05411599,2.0751,0.13476911,0.1366233,-0.58870775,-0.5860402,0.0018541813,0.0026675463
9.899565,0.66253173,2.1808624,3.000172,3.0067317,0.0056103375,0.0036164238,0.006559849,-0.0019939137
9.93084,0.027859911,2.1808624,3.0033543,3.0064206,0.0044574505,0.006440129,0.0030663013,0.0019826787
9.93084,0.025675142,2.607441,3.0057945,3.006523,0.006594359,0.005709193,0.00072836876,-0.00088516576
9.923653,0.025675142,2.607441,3.003957,3.0012553,0.0039585633,0.0065663448,-0.0027017593,0.0026077814
9.935355,0.18339802,2.4806976,3.0055242,2.9969156,0.0056327526,0.008616209,-0.00860858,0.0029834565
12.324229,2.2902317,29.134464,-1.3824381,-2.1730752,1.163734,1.350371,-0.79063714,0.18663704
12.324229,2.239089,22.798681,-1.0974268,-0.67603546,1.3852684,1.4080894,0.4213913,0.02282095
12.272476,2.2173288,21.399069,-1.3859407,-1.500394,1.358178,1.329684,-0.114453316,-0.028494
12.454217,2.2173288,21.399069,-1.037328,-1.024403,1.4439795,1.3633239,0.012925029,-0.080655575
15.418586,3.9474597,45.772457,-1.8076149,-0.86604226,1.3040321,1.4567082,0.94157267,0.1526761
26.992739,4.5882916,127.22388,-1.1320735,-0.83233756,0.46799788,0.83436424,0.29973596,0.36636636
33.361385,4.983401,127.22388,-0.5560347,-1.9106983,0.886644,-0.5312904,-1.3546636,-1.4179344
33.361385,4.983401,96.61713,-1.4572489,-1.6747055,0.34617049,0.0697844,-0.21745658,-0.27638608
33.11545,6.0447407,135.97794,-0.2042346,-1.6200001,-1.1119416,0.683226,-1.4157655,1.7951676
33.11545,6.0447407,135.97794,-1.5198296,0.10143818,0.34498465,1.0796753,1.6212678,0.73469067
39.285206,4.11959,163.39912,-1.0827588,-1.8132519,-0.53081656,1.0149364,-0.73049307,1.545753
39.285206,5.411431,163.39912,1.3446249,-0.6004523,-0.39064783,0.044213757,-1.9450772,0.4348616
36.346222,5.411431,107.42321,-1.3226975,-1.4213749,0.77373654,-0.065021105,-0.0986774,-0.83875763
45.27467,4.201049,161.56082,2.0755887,-1.564333,-0.51167464,0.75418556,-3.6399217,1.2658602
45.27467,4.201049,161.56082,-1.5069491,-0.28788725,0.65886813,-0.70369583,1.2190619,-1.362564
10.105631,0.663899,4.818487,-0.743662,-0.75609386,0.31353825,0.33724767,-0.01243186,0.023709416
10.813025,0.9661582,10.003996,-0.7428438,-0.73817235,0.3196247,0.31594637,0.0046714544,-0.0036783218
13.71007,2.2075126,22.130632,-0.7648325,-0.7818058,0.33400005,0.52262485,-0.016973317,0.1886248
13.71007,2.2610445,44.330215,-0.6607243,-0.13230267,0.4170819,0.6168944,0.52842164,0.19981253
13.17343,2.2610445,44.330215,-0.8823875,-0.38122007,0.71508646,0.45942727,0.5011674,-0.2556592
10.255036,0.9315886,2.9045582,-0.4595259,-0.2691047,1.3511612,1.3366166,0.19042122,-0.014544606
10.255036,0.9315886,2.6438236,-0.36264047,-0.40830556,1.3185871,1.3625845,-0.045665085,0.043997407
10.1108885,0.71085405,3.8935184,-0.375635,-0.5051098,1.3489475,1.2752228,-0.12947479,-0.07372475
9.817739,2.2962458,4.5148373,-0.54046065,-0.69000787,1.3383003,1.1798228,-0.14954722,-0.15847754
11.076825,3.882199,10.493231,-0.30660847,-1.4017812,1.3226256,0.7896201,-1.0951728,-0.53300554
14.351884,2.2185287,14.409733,-0.7991121,-0.06794912,1.2961495,1.3768561,0.73116297,0.0807066
14.418059,4.146856,16.546535,-0.58203053,-0.35449994,1.3754755,1.3730632,0.2275306,-0.0024123192
14.418059,4.146856,16.546535,-0.764489,-1.0018286,1.3355256,0.9760543,-0.23733956,-0.35947132
12.886411,4.0949535,11.651659,-0.6513623,-0.861537,1.213381,1.1636444,-0.21017468,-0.04973662
12.886411,3.500484,10.726976,-1.0546745,-0.52391565,1.0350505,1.2913885,0.53075886,0.256338
10.174615,1.8223754,3.813982,-0.33479708,-0.28796807,1.3363657,1.3213149,0.046829015,-0.015050769
10.00126,1.0765685,6.125498,-0.30411494,-0.3397366,1.3564234,1.2977808,-0.035621673,-0.058642626
10.390187,1.084673,6.125498,-0.26944345,-0.32931033,1.3172481,1.3093046,-0.059866875,-0.007943511
10.390187,1.084673,3.771782,-0.28632465,-0.07932468,1.3299164,1.2295095,0.20699997,-0.100406885
10.2873,1.0324194,5.937481,-0.26097965,-0.12945816,1.2977594,1.2580788,0.1315215,-0.0396806
9.959311,0.6835451,4.1512012,-0.42721277,-0.33485538,1.3429,1.3604978,0.0923574,0.017597795
9.907566,0.52157277,4.1512012,-0.36416632,-0.32018936,1.3780029,1.3401194,0.043976963,-0.03788352
10.177437,0.37467667,3.5462856,-0.349149,-0.40396348,1.3738186,1.3587081,-0.054814488,-0.015110493
10.177437,1.0007101,7.7997684,-0.3919799,0.33850774,1.3485532,1.4011267,0.73048764,0.05257356
10.224385,1.2240093,7.7997684,-0.3470235,0.87635964,1.3648573,1.3657342,1.2233832,0.00087690353
10.513347,0.7538394,3.0652046,-1.3776743,-1.0695689,1.2730776,1.3237543,0.30810547,0.050676703
11.325683,0.55619204,9.386301,-1.2772028,-1.0057368,1.3101413,1.3045914,0.27146602,-0.0055499077
11.325683,0.84492666,9.386301,-0.9706289,-0.7962408,1.3361082,1.3248647,0.17438811,-0.011243463
11.212669,1.1247281,8.287573,-0.90788764,-0.76133364,1.2685797,1.3197682,0.146554,0.05118847
11.212669,1.1247281,7.3260307,-0.65352225,-0.7946232,1.4032148,1.2442945,-0.14110094,-0.15892029
9.825241,0.666269,2.1018505,-1.0990201,-1.1025939,1.2922571,1.2946031,-0.0035737753,0.0023460388
9.825241,0.029951245,2.1018505,-1.1166366,-1.0979955,1.2944086,1.2815844,0.018641114,-0.012824178
9.913996,0.06697275,2.0848274,-1.0983001,-1.081,1.2853127,1.2956846,0.017300129,0.010371923
9.913996,0.06697275,1.7614365,-1.1185215,-1.1145368,1.2833138,1.2859733,0.0039846897,0.0026595592
9.822287,0.035932302,1.8944263,-1.0848544,-1.094614,1.2888744,1.2882278,-0.009759665,-0.0006465912
9.813639,0.67878175,1.8658638,-1.0195994,-1.0393312,1.289247,1.2882211,-0.01973176,-0.0010259151
9.91699,0.10625716,2.1901608,-1.0030752,-1.0236136,1.3030411,1.2660177,-0.02053833,-0.037023425
9.91699,0.11058522,2.1901608,-1.0486295,-1.0330942,1.2792556,1.2722464,0.015535355,-0.007009268
9.913628,0.11058522,2.1192074,-1.0224345,-1.0343157,1.2630689,1.2885177,-0.011881232,0.0254488
9.842728,0.058707256,2.2508144,-1.0377953,-1.0171874,1.2811993,1.2897379,0.020607948,0.008538604
10.670238,1.2931619,3.6710262,-1.019409,-1.527889,1.2671137,1.3389896,-0.5084801,0.07187593
10.747304,2.136894,5.7426453,-1.0918926,-2.7989306,1.2119355,1.4866488,-1.707038,0.27471328
12.252879,3.4699752,5.829954,-1.9728922,-1.5300027,1.3869283,1.2659886,0.44288945,-0.12093973
12.33293,3.4699752,11.832905,-2.4698765,-1.0058991,1.393131,1.0297344,1.4639775,-0.36339664
18.106855,3.6592083,19.833565,-1.3710326,-1.1897523,1.125691,1.1892829,0.18128026,0.06359184
10.041376,1.2744067,2.8798103,0.06802644,0.08609206,-0.60474426,-0.6044675,0.018065624,0.00027674437
10.041376,0.08402457,3.824854,0.07962428,0.10263147,-0.6025352,-0.6026714,0.023007192,-0.00013619661
10.067005,0.08542514,3.824854,0.09662323,0.11845698,-0.60417044,-0.6031678,0.021833755,0.0010026693
10.067005,0.08542514,1.8210411,0.10056545,0.11998437,-0.60393786,-0.6024828,0.019418925,0.0014550686
10.034143,0.083989024,2.0493984,0.11546452,0.13132171,-0.60625404,-0.604701,0.01585719,0.0015530586
10.077184,0.7367399,2.4393082,0.2578572,0.24692369,-0.8120662,-0.80958194,-0.010933518,0.002484262
10.061677,0.03274344,2.4393082,0.2609139,0.24840614,-0.81245196,-0.8134521,-0.0125077665,-0.0010001659
10.035194,0.027318897,2.7816772,0.24815874,0.23542364,-0.8088934,-0.80750906,-0.012735099,0.0013843179
10.035194,0.027318897,2.7816772,0.25040466,0.24390776,-0.80964434,-0.80744046,-0.0064968914,0.0022038817
10.047639,0.017281622,1.6659737,0.23727922,0.23479012,-0.8092675,-0.80718136,-0.0024891049,0.0020861626
10.06125,0.66169536,2.243328,0.03576633,0.019515615,-0.75905067,-0.7608952,-0.016250715,-0.0018445253
10.041207,0.030469041,1.6386032,0.022529855,0.010955868,-0.7577158,-0.75768054,-0.011573987,3.528595e-05
10.043248,0.030469041,2.044487,0.03065696,0.007004405,-0.7574104,-0.75616,-0.023652555,0.0012503862
10.043248,0.021979164,2.044487,0.022252696,0.01080843,-0.7560952,-0.7553942,-0.011444266,0.0007009506
10.025186,0.021614864,2.837944,0.01586641,0.010174648,-0.75448376,-0.75878847,-0.005691762,-0.004304707
9.961698,0.6829911,2.1563053,2.5599792,2.5605953,-0.16357061,-0.15875301,0.0006160736,0.004817605
9.957008,0.03024978,2.1563053,2.5612197,2.5591006,-0.15472756,-0.15601724,-0.0021190643,-0.0012896806
9.981334,0.04598978,2.2114277,2.5642064,2.565599,-0.15757248,-0.15439895,0.0013926029,0.00317353
10.002029,0.04598978,2.9302597,2.5609136,2.5639157,-0.15554324,-0.15579031,0.0030021667,-0.00024707615
10.002029,0.02821131,2.9302597,2.5628936,2.5624065,-0.1532546,-0.1561194,-0.00048708916,-0.0028648078
10.052163,0.6907388,2.1728516,-1.0206019,-0.9671098,1.3249878,1.2941525,0.05349207,-0.03083527
10.019091,0.47752312,2.7816772,-0.87845767,-1.0267465,1.2918024,1.3098291,-0.14828885,0.01802671
10.171557,1.172375,7.383919,-1.0296724,-0.6223644,1.2962646,1.2888206,0.40730798,-0.007444024
10.171557,1.6040052,7.383919,-0.9167248,-0.74367714,1.3212478,1.2026111,0.17304766,-0.11863673
10.1263485,1.6040052,6.582546,-0.45350447,-0.7501494,1.2299244,1.2469422,-0.29664496,0.017017722
29.279106,5.1607304,70.070076,-1.2461972,-1.011207,0.7240642,-0.99492836,0.23499024,-1.7189925
42.201653,7.0925565,186.22275,-1.4962192,-2.2378075,-0.92685413,0.8520589,-0.74158835,1.778913
42.201653,7.0925565,186.22275,-1.5092125,-0.25676304,-0.1581159,1.1075372,1.2524495,1.265653
45.273933,5.808338,183.59843,2.3292754,-1.3956511,0.8683837,-0.39312038,-3.7249265,-1.261504
45.273933,5.808338,169.50064,-1.6006396,-1.6710281,0.50485605,-1.0453207,-0.070388556,-1.5501769
15.845203,2.1430933,25.438833,-1.2479438,-0.33717865,1.1819276,1.2691003,0.9107651,0.08717275
13.666941,2.1430933,11.645508,-1.0280194,-1.002308,1.2804161,1.3161049,0.025711417,0.035688758
13.833591,2.0063784,15.858841,-0.53861725,-1.101853,1.2156774,1.2083938,-0.56323576,-0.0072835684
13.833591,2.0063784,15.858841,-1.478038,-1.331651,1.3571373,1.3330394,0.14638698,-0.02409792
11.673018,1.7796973,11.474466,-1.2118165,-0.9751297,1.241908,1.2295374,0.23668683,-0.012370586
10.973245,0.67765963,38.185265,-0.97255296,-1.0035472,0.5101017,0.49639454,-0.030994236,-0.013707131
10.973245,0.30560714,38.185265,-0.9854495,-1.028704,0.5192382,0.5011665,-0.043254554,-0.018071651
10.703323,0.44280574,16.146898,-1.008743,-1.0553443,0.48442417,0.4683407,-0.046601295,-0.016083479
10.703323,0.4464017,16.146898,-1.0444919,-1.1312277,0.49250293,0.45738435,-0.086735845,-0.03511858
10.27453,0.4464017,15.860033,-1.1166443,-1.1431533,0.46546715,0.48721424,-0.026509047,0.021747082
9.930831,0.65069735,2.0051956,-0.9432198,-0.9489309,1.268004,1.3291533,-0.0057111382,0.06114936
9.98256,0.35465902,2.7990818,-0.9522436,-0.89316577,1.3159331,1.3545892,0.05907786,0.038656116
10.152119,1.1629913,4.9083233,-0.89790374,-1.0423437,1.3406987,1.3443662,-0.14444,0.0036674738
10.961143,1.4230062,4.9083233,-0.9438472,-1.5070653,1.3512845,1.3244205,-0.5632181,-0.026864052
10.961143,1.6581843,4.286003,-1.1861386,-1.4696851,1.3514994,1.241269,-0.28354645,-0.110230446
10.191865,0.82184786,3.8561344,-0.47833785,-0.5963849,1.2274609,1.123729,-0.11804703,-0.10373187
11.757365,1.4759126,11.5374565,-0.8240269,-1.0286691,1.1888766,1.3572669,-0.20464224,0.16839027
11.757365,1.4759126,11.5374565,-0.43342322,-1.478614,1.1836774,1.2621276,-1.0451908,0.0784502
10.484092,0.83140355,6.4737797,-1.0220478,-1.6187124,1.3509724,1.2328844,-0.59666467,-0.11808801
11.006226,1.6324866,5.4585934,-1.5233725,-1.0053027,1.2026618,1.2589364,0.51806986,0.056274652
9.46353,2.1225908,2.4383068,-0.33555788,-0.6481925,1.1553183,1.1129967,-0.31263465,-0.042321563
9.555014,0.79941356,5.739975,-0.6453363,-0.5681292,1.1664838,1.0613685,0.07720709,-0.105115294
13.788993,0.8816284,38.570168,-0.6440955,-0.7449742,1.0542127,1.2820654,-0.100878716,0.2278527
18.779121,0.8816284,45.759727,-0.6231247,-0.7036247,1.1485441,1.3248838,-0.08050001,0.17633975
18.779121,0.9830313,45.759727,-0.75037897,-0.87536323,1.3893863,1.2015414,-0.124984264,-0.18784487
10.044902,0.693561,2.9828548,-0.9833585,-0.9842852,1.3105698,1.2707106,-0.0009266734,-0.039859176
10.044902,0.15657231,2.9828548,-1.033941,-1.0223576,1.2989038,1.2998054,0.011583447,0.00090157986
9.9022875,0.11650728,2.4552822,-1.0137316,-0.9762765,1.2905709,1.3034346,0.037455082,0.012863755
9.807204,0.11650728,2.579403,-0.9892729,-0.9796955,1.3030179,1.2950342,0.0095773935,-0.007983685
9.807204,0.07650226,2.946949,-0.98350346,-0.991718,1.3009619,1.2977993,-0.008214533,-0.0031625032
10.909205,0.98567647,7.4796677,-1.3950685,-1.4932615,1.1851535,1.127571,-0.09819293,-0.057582498
10.269751,0.9829231,5.660343,-1.5568949,-1.3663741,1.2136647,1.0894922,0.19052076,-0.12417245
11.040019,0.43772018,8.754158,-1.4673147,-1.3035929,1.1364689,1.1172622,0.1637218,-0.019206643
11.040019,0.7101842,13.144398,-1.321985,-1.17199,1.0875163,1.1100904,0.14999497,0.022574067
10.869375,1.4469979,13.144398,-1.2881887,-1.161359,1.1546996,1.0679343,0.12682974,-0.08676529
11.114302,4.611097,13.110781,-0.10682221,-0.6519495,1.0998813,1.1633561,-0.54512733,0.063474774
11.114302,4.008231,13.110781,-1.2165298,-0.88227797,1.061083,1.1920499,0.33425188,0.1309669
9.902153,0.65105397,3.7333012,-0.80242956,-0.8747579,1.1733468,1.1428219,-0.07232833,-0.03052485
9.977522,0.38546517,2.6940346,-0.881656,-0.8382847,1.1547692,1.1289772,0.04337132,-0.025792003
10.038027,0.38546517,2.6994228,-0.88397396,-0.87814844,1.1354145,1.1665967,0.0058255196,0.03118217
11.524449,4.954528,22.375727,-2.378691,-1.5221926,1.246434,1.3254118,0.85649836,0.07897782
11.397731,5.371798,11.202908,-0.92678165,-1.2926599,1.2608521,1.1723536,-0.36587822,-0.08849847
10.612215,5.371798,11.202908,-1.5237602,-1.0657994,1.2512176,1.157644,0.45796084,-0.09357357
10.7918825,1.7845724,4.7030926,-0.9044894,-0.9718811,1.0900459,1.1341796,-0.06739169,0.044133663
10.7918825,1.4315606,3.8323402,-0.9104519,-1.1380167,1.1374716,1.2027615,-0.22756481,0.065289974
14.744405,7.9571013,12.847996,-0.8494314,-1.7791355,1.1430814,0.7754867,-0.92970407,-0.36759472
14.7433195,7.9571013,11.75909,-1.4730694,-1.3095797,1.1712813,0.91751796,0.1634897,-0.25376338
16.038692,4.0952983,11.75909,-1.6496735,-1.1325908,0.8002919,1.092199,0.5170827,0.29190707
16.038692,4.281709,12.883186,-1.0655738,-1.8381999,0.972494,1.13917,-0.77262604,0.16667604
15.980853,4.281709,12.883186,-1.4411108,-1.0939114,1.0791014,1.2194626,0.34719944,0.14036119
10.171713,0.6805215,5.0560474,-0.118475296,0.12605557,-0.770107,-0.7509938,0.24453086,0.019113183
10.112294,0.652963,2.3055077,0.1422036,0.050586723,-0.7508415,-0.75795996,-0.09161688,-0.0071184635
10.112294,0.2367796,2.270937,0.016915288,-0.018996881,-0.7536243,-0.7462074,-0.03591217,0.007416904
10.053931,0.23348163,2.0253658,0.03433687,-0.014675826,-0.75370944,-0.7479684,-0.049012695,0.00574106
10.053931,0.10306082,2.0253658,-0.021388177,-0.035534464,-0.7510114,-0.74580324,-0.014146287,0.0052081347
10.081773,0.6543949,1.5539169,0.035267707,0.02817187,-0.7776748,-0.7733702,-0.007095836,0.004304588
10.027299,0.07347676,2.6475906,0.030889293,0.034655593,-0.77445453,-0.77377474,0.0037663002,0.000679791
10.427612,0.36834517,4.6596527,0.03040624,0.069497675,-0.77405775,-0.7717273,0.039091434,0.0023304224
10.53825,0.5947886,6.0887814,0.02419281,0.12365434,-0.78037167,-0.76233923,0.09946153,0.018032432
10.53825,1.3234338,6.0887814,0.078322746,0.19489619,-0.7739723,-0.94094306,0.116573445,-0.16697079
10.774232,0.68678534,10.061073,-0.05926186,-0.052381,-0.11561922,-0.11600156,0.006880857,-0.00038234144
11.470664,1.7348698,10.088158,-0.060307942,-0.16629922,-0.12005284,-0.11221735,-0.10599128,0.007835485
12.196531,1.7348698,9.9170685,0.09285558,-0.5011011,-0.072326675,-0.6504894,-0.59395665,-0.5781627
15.154614,2.210232,30.666828,-0.40046597,-0.5493861,-0.31548753,0.0466483,-0.14892012,0.36213583
15.154614,2.210232,30.666828,-0.6271611,-0.3593738,-0.30009806,0.11332462,0.26778728,0.41342267
10.054762,0.6580785,2.3851871,0.68339515,0.6796752,-0.8647957,-0.8693987,-0.0037199259,-0.0046030283
10.113219,0.044726796,3.0484676,0.676793,0.6841597,-0.86494434,-0.8634688,0.007366717,0.001475513
10.113219,0.044726796,3.0484676,0.6807366,0.6717507,-0.8647227,-0.8615383,-0.008985877,0.0031844378
10.095797,0.041932374,1.714325,0.6719892,0.6672805,-0.862398,-0.8600637,-0.0047087073,0.0023343563
10.095797,0.018649172,1.8404007,0.6774243,0.6703186,-0.86233044,-0.8635527,-0.007105708,-0.0012222528
12.652794,0.8780373,18.711185,-1.3298908,-1.2262946,0.9801029,1.1239046,0.10359621,0.14380169
12.652794,1.6747167,18.711185,-1.4768336,-1.1153843,1.182884,1.0154365,0.36144924,-0.16744745
10.232583,1.6747167,15.639925,-1.3309152,-1.0067651,1.278588,1.0396378,0.3241501,-0.23895025
14.813071,1.5404441,24.057531,-1.1198528,-1.1614553,1.0032659,1.0655525,-0.041602492,0.062286615
14.813071,2.53676,27.948666,-1.0226853,-1.4748384,0.9622928,1.171775,-0.4521531,0.2094822
32.76212,4.180192,108.663086,-1.3503544,-1.5208347,-0.040407885,-0.47024947,-0.17048025,-0.42984158
32.76212,5.2707524,108.663086,-0.91289866,-1.0414294,-0.8559433,1.1716342,-0.12853074,2.0275774
32.965908,6.432769,111.61452,-1.5021106,-1.5693471,-0.029150773,-0.10607588,-0.06723654,-0.076925114
32.965908,6.432769,111.61452,0.63335097,-0.8094207,1.2571708,-1.0937569,-1.4427717,-2.3509278
42.061737,5.4014554,206.60992,-1.3436482,-1.6515414,-0.4373869,-0.07233348,-0.30789316,0.36505342
10.092599,2.0930877,54.844143,-1.0399224,-0.99695766,1.1206819,0.70203674,0.042964697,-0.41864514
52.11903,4.258039,306.96277,-1.1035547,-0.5126878,1.1312581,-0.034113996,0.5908669,-1.1653721
52.11903,4.258039,306.96277,-1.4628704,-0.19065283,0.90324605,0.30811363,1.2722175,-0.5951324
41.87009,4.0655746,217.41544,0.42567474,-0.56392926,-0.4526046,-0.3433931,-0.989604,0.109211504
41.87009,4.0655746,217.41544,-1.5572034,0.96310824,0.25675339,-0.46020085,2.5203116,-0.71695423
12.683777,3.2985969,33.42333,-0.35049313,-0.074177995,0.91213435,0.809882,0.27631515,-0.102252364
21.442465,3.218925,117.764046,-0.27342668,-0.39136702,0.42633492,0.37505093,-0.11794034,-0.051283985
21.442465,2.0999541,117.764046,-0.025732031,-0.36807722,0.98680365,0.776425,-0.34234518,-0.21037865
13.208073,2.1239557,28.371906,-0.34858903,-0.7057184,0.5567392,0.49800214,-0.35712937,-0.05873707
13.208073,3.8249288,16.078758,-0.39325854,-0.5070925,0.9283258,0.46313247,-0.113833934,-0.4651933
10.170614,0.63925165,4.6101093,-1.0228026,-1.0699654,1.1401072,1.2171804,-0.04716277,0.07707322
9.764491,0.6647954,3.5354614,-0.99777097,-0.969357,1.204204,1.1079209,0.028413951,-0.09628308
9.797413,0.6647954,12.809849,-1.1387126,-1.0099318,1.2157452,1.0963619,0.12878084,-0.119383335
9.797413,0.602847,24.33052,-0.9538084,-1.223304,1.1692597,1.0487384,-0.2694956,-0.12052131
16.855415,2.3451679,25.089931,-1.128206,-0.8412797,1.1127697,1.0803555,0.28692633,-0.032414198
11.217108,1.0876597,7.02157,-1.1041982,-1.1136787,1.1384637,1.1226044,-0.009480476,-0.015859365
13.741941,1.1192918,11.593437,-1.0003399,-1.0652626,1.1401427,1.3223763,-0.06492269,0.18223357
13.741941,1.2408143,20.761156,-1.0555804,-0.82886744,1.1850216,1.3232858,0.22671294,0.13826418
13.5836525,1.2408143,20.761156,-0.57532287,-0.87133086,1.4048398,1.2033327,-0.296008,-0.20150709
9.99739,0.509469,7.859993,-0.8861915,-0.7989622,1.245249,1.1611382,0.08722931,-0.084110856
19.453682,2.825256,33.177998,-0.96390885,-0.7621807,1.0760028,1.0185258,0.20172817,-0.057476997
19.453682,2.825256,33.177998,-1.424521,-0.8728135,1.3204366,1.0646462,0.55170745,-0.25579035
10.18087,2.2015657,17.398739,-0.8602041,-0.92719746,1.1763967,1.0292647,-0.066993356,-0.14713204
15.051501,1.5325092,63.87601,-0.9075449,-1.0961229,1.0844506,0.9666359,-0.18857795,-0.11781472
25.063164,2.5946674,95.6481,-1.0960026,-0.7896126,1.0332893,1.0580091,0.30639,0.024719834
9.886471,0.64977455,2.0975113,-1.0500511,-1.103902,1.1290578,1.1495473,-0.05385089,0.020489573
9.831947,0.093850285,2.3734093,-1.0835217,-1.0768893,1.1294805,1.1534501,0.0066324472,0.02396965
9.836856,0.08023418,2.3734093,-1.1035464,-1.0530176,1.1557947,1.1352379,0.050528765,-0.020556808
9.836856,0.060976546,2.0169258,-1.0549152,-1.1056466,1.1444652,1.1411254,-0.05073142,-0.0033397675
9.827328,0.060976546,1.7122269,-1.0698134,-1.0848475,1.1421685,1.1364739,-0.01503408,-0.0056946278
10.475209,0.65560955,5.9348106,-1.129808,-1.1821314,1.0430828,0.9970727,-0.05232346,-0.046010137
10.475209,0.61612296,5.6051254,-1.2186937,-1.1438152,1.0017703,1.0682325,0.07487857,0.06646228
10.847002,0.5880132,13.026953,-1.136406,-1.0963037,1.024154,1.0458362,0.040102243,0.021682262
11.528982,0.91513765,13.026953,-1.1496829,-1.0944818,1.0778656,0.9834355,0.055201054,-0.09443009
11.528982,1.1122191,10.492802,-1.103909,-0.98825634,1.0647984,1.1130912,0.11565268,0.048292875
10.31205,0.9704133,4.040146,-0.9960346,-1.0443298,1.0735887,1.0638858,-0.04829514,-0.009702921
10.158208,0.9704133,4.24366,-1.0889065,-0.8243412,1.0937842,1.073395,0.26456535,-0.0203892
10.158208,1.4385891,5.5387974,-0.9861838,-0.8430912,1.0520983,1.3010957,0.14309263,0.24899745
9.986556,2.1742811,8.982277,-0.6490313,1.6646618,1.1943758,1.4547809,2.313693,0.26040518
11.319475,2.1742811,18.039417,-1.0749731,2.7481549,1.4609377,1.2509224,3.823128,-0.2100153
10.12536,0.9067933,6.6821575,-1.0465829,-0.91583145,1.0307953,1.1027966,0.13075149,0.07200122
10.12536,0.9067933,6.6821575,-1.0251426,-0.85680187,1.0665711,1.1305602,0.16834068,0.06398904
10.465013,1.4915807,11.493206,-0.85297155,-1.470189,1.06348,1.3396823,-0.6172174,0.27620232
10.753036,1.4985964,11.493206,-0.9388374,-2.4216504,1.1264398,1.311074,-1.482813,0.18463421
10.753036,1.4985964,8.206987,-2.041224,0.5688108,1.3610721,1.3471973,2.610035,-0.013874769
22.732529,4.783266,23.414707,-1.185561,-0.7847656,1.0976288,0.89144075,0.40079534,-0.20618808
23.786583,5.770729,34.238483,-0.79623985,-0.9447867,0.75719357,1.3179325,-0.14854687,0.5607389
23.786583,5.770729,34.238483,-0.79629976,2.2628329,1.0319903,0.9481553,3.0591326,-0.083835006
27.835052,7.9073877,45.29047,0.9345586,-1.2344509,1.3970464,1.2423513,-2.1690094,-0.15469515
32.827236,8.473491,45.607853,-1.0857049,-0.9436518,1.4105378,0.9478852,0.14205313,-0.46265262
10.035806,0.6473742,2.1975517,-0.34882593,-0.32918668,-0.7664347,-0.7625731,0.019639254,0.0038616061
10.035806,0.050317015,2.1090508,-0.35379323,-0.34664732,-0.7661767,-0.769341,0.0071459115,-0.0031642914
10.068224,0.04857828,2.8588772,-0.35953403,-0.36630648,-0.76299876,-0.7600548,-0.0067724586,0.002943933
10.068224,0.04483946,2.8588772,-0.3448515,-0.3615735,-0.7648903,-0.76166993,-0.016721994,0.0032203794
10.079007,0.045085113,2.1687508,-0.36147287,-0.37583065,-0.76236516,-0.7625752,-0.014357775,-0.00021004677
10.088521,0.6785611,3.4097195,-0.38517433,-0.387473,-0.7748929,-0.77160144,-0.0022986531,0.0032914877
10.089117,0.04711392,3.4097195,-0.38839763,-0.40001908,-0.7757703,-0.7755338,-0.011621445,0.00023651123
10.409617,0.52992415,8.397055,-0.3931079,-0.31767786,-0.7754882,-0.753488,0.075430036,0.022000194
10.498261,1.1844329,8.397055,-0.389849,-0.15733755,-0.7670504,-0.7007247,0.23251146,0.066325665
10.498261,1.6308926,6.333351,-0.31619424,-0.3145322,-0.71251017,-0.6877862,0.0016620457,0.024723947
10.06892,0.67486537,2.325058,-0.32171217,-0.3071697,-0.7787712,-0.7809689,0.01454246,-0.0021976829
10.06892,0.032737046,2.325058,-0.32874537,-0.32272354,-0.7812208,-0.7832297,0.0060218275,-0.002008915
10.026519,0.030038835,1.8782139,-0.32152212,-0.33172756,-0.7791453,-0.779512,-0.010205448,-0.00036668777
10.077999,0.07132612,2.384472,-0.3128469,-0.3366408,-0.7803036,-0.78190714,-0.023793906,-0.0016035438
10.077999,0.07515427,2.384472,-0.32042083,-0.3233465,-0.7812888,-0.7740711,-0.0029256642,0.0072177052
10.119577,0.6554593,2.8151512,1.1264254,1.1119794,-0.98083556,-0.9810959,-0.01444602,-0.0002603531
10.141216,0.34656978,3.5425186,1.1269312,1.0281538,-0.9817854,-0.95369256,-0.09877741,0.028092861
10.624456,1.0330249,3.6582947,1.134832,1.1380141,-0.9787801,-0.9861058,0.0031820536,-0.007325709
10.624456,1.133669,3.6582947,1.0824383,1.8263849,-0.9172513,-1.2044848,0.74394655,-0.28723353
10.477951,1.133669,4.2800903,1.40835,1.9571375,-1.0325938,-1.2914519,0.5487875,-0.25885808
10.450531,0.71925586,4.2428017,-1.0170962,-0.95806664,0.9844597,1.0030233,0.05902952,0.018563569
12.460535,0.53595793,7.9642773,-0.9634119,-0.89963293,0.97417146,1.0975755,0.063779,0.123404086
12.460535,1.367165,11.865616,-0.9528651,-0.92833346,1.0322659,1.0945567,0.024531662,0.062290788
12.205417,1.5028173,11.865616,-0.87767065,-0.98653394,1.0934662,1.0414187,-0.108863294,-0.05204749
10.148452,1.5028173,6.5834045,-0.97594535,-1.0033119,1.1589105,0.9506876,-0.027366519,-0.20822293
11.405758,4.1021605,11.837292,-1.0344782,-1.395931,0.96880424,0.90867853,-0.36145282,-0.06012571
10.847862,0.84064454,6.4194202,-1.2622,-1.2737596,0.8937966,1.0419775,-0.011559606,0.1481809
20.226707,1.529711,44.03534,-1.4469824,-1.1478608,0.9460136,1.0844364,0.29912162,0.13842279
20.226707,1.6267225,44.03534,-1.1011689,-1.412813,1.166035,-0.6331221,-0.31164408,-1.7991571
47.735683,5.1733675,244.15036,-1.2525758,-1.4622653,0.83359367,0.4798995,-0.2096895,-0.35369417
26.44882,1.8769808,67.04011,-1.0409831,-1.929586,0.91580904,-1.2201687,-0.888603,-2.1359777
26.44882,1.964654,183.32634,-1.110869,-1.3706119,1.0944922,0.38491064,-0.25974286,-0.70958155
44.736225,3.625969,185.96545,-1.931237,-0.38808984,-0.81922215,-0.021906018,1.5431471,0.79731613
44.736225,3.625969,163.26256,-1.4147542,-1.7549667,1.0264763,-0.7256714,-0.34021258,-1.7521477
45.988117,6.0335712,204.82826,0.16693752,-1.3803717,-1.0189372,1.0564656,-1.5473092,2.0754027
10.292455,0.97713774,8.922005,-1.1328732,-1.0885066,0.03800904,0.060448848,0.044366598,0.022439808
10.292455,0.27862424,8.922005,-1.1149876,-1.1123806,0.053063653,0.079014726,0.002606988,0.025951073
10.214468,0.55183953,7.8806877,-1.1126492,-1.0938945,0.07188295,0.12082219,0.01875472,0.048939243
10.844602,1.5665098,14.070177,-1.1127771,-1.1858184,0.08342396,0.28998157,-0.07304132,0.20655762
10.845189,1.7704252,14.679003,-1.0921425,-1.1274225,0.16279991,0.6039168,-0.03527999,0.44111693
10.462375,0.8723301,5.1788807,-0.9875228,-1.0614054,1.049752,1.119375,-0.07388264,0.06962299
10.040101,0.58227605,4.171467,-1.0284812,-0.9796438,1.1007984,1.0872624,0.048837423,-0.013535976
9.885889,0.77152544,2.6432037,-1.0423329,-0.95600617,1.1050155,1.0060538,0.08632672,-0.09896171
10.148369,0.858461,5.299473,-0.95124894,-0.99356115,1.0158659,1.0466232,-0.042312205,0.030757308
10.204077,0.858461,5.299473,-0.9845015,-0.88541394,1.0108081,1.0170637,0.09908754,0.0062556267
12.823341,1.7650195,16.139412,-1.064654,-1.0018394,1.311172,1.1845796,0.06281459,-0.1265924
9.3360405,1.7650195,4.4508457,-0.741967,-0.98544043,1.3823894,1.093231,-0.24347341,-0.28915846
13.88648,1.1942552,12.295914,-0.99405146,-1.0124338,1.1059172,1.090511,-0.01838231,-0.015406251
14.058063,1.7180606,13.379049,-0.9851252,-1.4155651,1.1001964,1.2170339,-0.43043995,0.1168375
14.058063,1.7363143,13.379049,-1.1600645,-1.8047758,1.1909325,1.1857494,-0.6447114,-0.0051831007
10.50241,1.8486559,5.955982,-0.8190748,-0.9463884,1.0526807,1.0662233,-0.12731361,0.013542533
9.795932,0.9573582,5.7567596,-0.85655004,-0.83149767,1.0026813,0.9932429,0.025052369,-0.009438336
12.413441,1.4848082,8.591986,-0.98435545,-0.68382853,1.0415776,1.0459865,0.30052692,0.0044089556
12.548376,1.4848082,10.687685,-0.78543925,-0.69789314,0.9527254,1.0681117,0.08754611,0.11538625
12.548376,1.2977257,10.687685,-0.7493284,-0.7840048,0.95864785,0.90820205,-0.034676433,-0.050445795
9.836669,0.66710514,2.1779537,-1.0568333,-1.0561744,1.0318992,1.0370947,0.00065886974,0.0051954985
9.790668,0.053261932,1.6353607,-1.0504893,-1.068115,1.0414768,1.0254382,-0.01762569,-0.016038656
9.84685,0.08515774,2.4458408,-1.0648253,-1.0465074,1.0309972,1.0439073,0.018317938,0.012910128
9.84685,0.09407934,2.4458408,-1.0637039,-1.0513142,1.0274838,1.0540149,0.01238966,0.0265311
9.81963,0.09407934,2.1125793,-1.0457003,-1.0888376,1.0485566,1.0327346,-0.043137312,-0.015821934
9.965405,0.7000569,3.8345337,-0.52532315,-0.63173306,1.1270229,1.1613964,-0.10640991,0.03437352
10.042281,0.47829923,3.8437843,-0.6134816,-0.6569363,1.1519477,1.1598846,-0.043454707,0.007936835
10.1847,0.47829923,3.0247211,-0.64559793,-0.616574,1.1770698,1.184052,0.029023945,0.0069822073
10.654759,0.3650379,4.8139095,-0.62846386,-0.5259249,1.1674829,1.160219,0.10253894,-0.007263899
10.654759,1.0739125,4.8139095,-0.5866443,-0.33522588,1.1925222,1.1731224,0.2514184,-0.019399762
9.831501,0.65560555,1.8079758,-0.4935797,-0.51371247,1.1590431,1.1547298,-0.02013278,-0.0043132305
9.908065,0.041610755,2.0814419,-0.49567524,-0.4842643,1.153359,1.1634742,0.011410922,0.010115147
9.908065,0.06372944,2.0814419,-0.5092756,-0.51643646,1.1596209,1.1781882,-0.0071608424,0.018567324
10.291186,0.32255122,4.152775,-0.50923437,-0.52337223,1.1647422,1.2342342,-0.014137864,0.06949198
10.291186,1.0795857,4.152775,-0.49132428,-0.3409099,1.1968868,1.3118968,0.15041438,0.11501002
9.910019,2.0272615,1.9677639,-0.59525096,-0.5342005,1.1477913,1.1640543,0.061050475,0.016263008
9.939966,0.26726037,1.7443657,-0.6240856,-0.46934837,1.1554425,1.1881413,0.15473723,0.03269887
9.939966,0.26726037,1.7940044,-0.50647366,-0.5287468,1.1707199,1.2048265,-0.022273123,0.034106612
9.848176,0.73184615,4.3059826,-0.516878,-0.6353485,1.1903929,1.2498473,-0.11847049,0.05945444
9.52262,1.4128737,5.384779,-0.5368968,-0.870392,1.2264819,1.4579301,-0.3334952,0.23144817
14.649613,3.249884,11.214995,0.7839991,-1.2008398,1.1186152,0.8214482,-1.9848388,-0.29716694
18.194162,4.3981414,24.202728,-0.29214576,-0.7760905,1.2466675,1.0624211,-0.48394474,-0.18424642
23.202707,6.116774,24.202728,-1.1456985,0.15601768,0.769912,1.1174477,1.3017162,0.34753573
23.202707,6.116774,24.290037,-0.45622867,-1.0033188,1.2078769,0.8077221,-0.5470901,-0.40015483
18.014172,5.302878,24.290037,-0.31909624,-1.9060173,0.9495595,1.1144526,-1.5869211,0.16489309
10.052731,0.82334393,1.9910336,0.4907841,0.48252782,-0.7636151,-0.7588672,-0.008256286,0.0047478676
10.047588,0.018316457,2.0530224,0.49405962,0.4930845,-0.7611908,-0.7598602,-0.000975132,0.0013305545
10.047588,0.015707033,2.0530224,0.48831734,0.49541053,-0.7628554,-0.7628921,0.007093191,-3.671646e-05
10.065821,0.014661116,1.9947052,0.48829874,0.48809814,-0.75777334,-0.76103,-0.00020059943,-0.0032566786
10.065821,0.014661116,2.446413,0.49058875,0.49815148,-0.76302487,-0.75997394,0.0075627267,0.0030509233
10.059681,0.68214476,2.3871422,0.51375055,0.4963069,-0.7605422,-0.7684423,-0.017443657,-0.007900059
10.251774,0.089059435,4.1636944,0.50371,0.5043972,-0.7619697,-0.74804986,0.00068724155,0.01391983
10.251774,0.089059435,4.1636944,0.47426492,0.5056767,-0.7644354,-0.7666576,0.031411767,-0.0022221804
10.07776,0.09474649,2.874899,0.52317226,0.5432605,-0.75155705,-0.758947,0.020088255,-0.0073899627
10.071386,0.10483876,2.1162033,0.5124241,0.51815575,-0.76376987,-0.7611576,0.0057316422,0.0026122928
10.764817,1.2245815,4.8835278,0.4861837,0.5327419,-0.78938913,-0.6717299,0.0465582,0.11765921
10.842259,3.6526272,5.3094387,0.54107094,0.19822633,-0.76904565,-0.90677434,-0.3428446,-0.13772869
10.842259,4.3963494,12.330675,0.5075392,-0.63398963,-0.7523837,-0.7098652,-1.1415288,0.042518497
12.147347,4.3963494,15.626907,0.23596886,-1.3075159,-1.0422951,-0.3573136,-1.5434847,0.68498147
15.507761,4.078527,56.862545,-0.9755066,-1.1949985,-0.5865074,-0.17196172,-0.2194919,0.41454566
9.863634,0.7103257,1.6536236,-1.2359649,-1.2397127,-0.10519062,-0.10627111,-0.0037478209,-0.0010804906
9.890985,0.05372845,2.2078514,-1.2335918,-1.2408845,-0.108025834,-0.10844046,-0.0072927475,-0.0004146248
9.890985,0.08825841,2.9512882,-1.2406603,-1.2483076,-0.106557764,-0.109761454,-0.007647276,-0.00320369
9.893863,0.1197234,2.9512882,-1.2440872,-1.2671849,-0.11054325,-0.106185034,-0.023097634,0.004358217
9.893863,0.19395526,3.8606644,-1.2563951,-1.2862171,-0.108135,-0.1010509,-0.029821992,0.0070841014
10.341545,0.7747785,3.2268047,-0.4512678,-0.38955384,1.155205,1.079176,0.061713964,-0.07602906
10.341545,0.6922739,3.2268047,-0.42721304,-0.62925744,1.0958984,0.9531897,-0.2020444,-0.14270872
10.952025,1.0382559,7.4121475,-0.4251992,-0.73438513,1.1077864,0.972215,-0.30918592,-0.13557142
10.952025,1.0450724,7.4121475,-0.7093618,-0.7110883,0.9046152,1.0852015,-0.0017265081,0.18058628
12.276728,1.0450724,12.895823,-0.7936644,-0.37411666,0.98740005,1.102685,0.41954774,0.11528492
11.203518,2.0380285,9.7055435,-0.7333144,-0.99132615,1.0925119,0.6000059,-0.25801176,-0.49250597
16.635363,2.6735408,25.423098,-0.96416473,-1.2707326,0.86505127,0.3886204,-0.3065679,-0.47643086
16.635363,2.6735408,36.256744,-1.2057192,-0.33013046,0.4212206,0.58244735,0.8755888,0.16122675
43.62576,3.3955295,204.9118,-1.2729483,-0.9590332,0.35865146,-0.1641216,0.31391507,-0.522773
43.62576,3.3955295,204.9118,-0.98835623,0.41001266,0.74850184,-1.2249634,1.3983688,-1.9734652
19.576307,1.2441057,87.25567,-0.44838768,-0.7297676,1.1057112,1.1956751,-0.28137994,0.08996391
26.811619,3.4557908,87.4816,-0.47418404,0.53820497,1.0467117,-0.50361216,1.012389,-1.5503238
37.288353,3.4557908,204.82265,-0.45403838,-1.0650252,1.3263644,1.3800383,-0.6109868,0.053673863
37.288353,2.101961,204.82265,0.094950825,0.33102286,-0.8779933,-0.93005115,0.23607203,-0.052057862
37.767857,2.9560428,233.20905,-0.11042887,-0.6055523,1.0811325,1.3893936,-0.49512345,0.30826104
10.321301,0.81557876,8.753109,-0.7395956,-0.6656265,0.22351527,0.26091492,0.073969066,0.03739965
10.507138,0.8146841,14.352226,-0.6130165,-0.7059691,0.310852,0.22854249,-0.09295261,-0.0823095
11.457058,0.95743155,20.946836,-0.7006776,-0.7541471,0.27519983,0.16032737,-0.05346954,-0.114872456
12.527033,1.0212827,51.222755,-0.78294885,-0.61197174,0.19132215,-0.17048739,0.17097712,-0.36180955
12.527033,1.0212827,51.222755,-0.5934526,-0.70639634,0.1490422,0.122414425,-0.11294377,-0.026627779
11.213193,1.7970247,8.725786,-0.15483412,-0.33926302,1.0636469,1.0960667,-0.1844289,0.0324198
11.213193,1.7970247,8.443451,-0.28631827,-0.47182888,1.0270703,1.0703633,-0.1855106,0.043293
10.722153,1.0365939,3.6896706,-0.36808425,-0.3802034,1.1342533,1.1512418,-0.012119144,0.016988516
10.348522,1.1965929,3.6750793,-0.3739185,-0.42954025,1.1063414,1.0992515,-0.055621743,-0.0070898533
11.341428,1.1965929,9.098864,-0.435618,-0.49206597,1.1238906,1.2197678,-0.056447953,0.09587717
12.761267,1.1965766,13.925028,-0.33098647,-0.6841913,1.0304826,1.1528594,-0.35320482,0.1223768
12.761267,1.2196352,13.925028,-0.6104752,-0.7364603,1.0748951,1.1741346,-0.12598515,0.09923947
13.8322115,1.2196352,11.636019,-0.7527138,-0.54326284,1.1175718,1.2613008,0.20945096,0.14372897
15.907137,1.3910838,22.902203,-0.7206644,0.15383747,1.2004104,1.1261051,0.8745018,-0.074305296
15.907137,3.171567,22.902203,-0.39824927,-0.55063695,1.2367634,1.057301,-0.15238768,-0.17946231
11.387776,1.4585288,11.879349,-0.12860385,-0.2873364,1.0300953,1.0366938,-0.15873256,0.0065984726
10.247891,1.1653389,3.9237022,-0.2319552,-0.27783275,0.9858619,1.081776,-0.045877546,0.095914125
10.279808,0.79497606,3.9237022,-0.21050307,-0.31268454,1.0451959,1.0904888,-0.102181464,0.045292854
10.629376,1.0338974,12.948513,-0.27998534,-0.47457725,1.0649226,1.1133444,-0.19459191,0.04842186
12.148134,1.0338974,12.948513,-0.35667813,-0.54059523,1.0435569,1.0953074,-0.1839171,0.05175042
9.84363,0.73807937,1.9042969,-0.47631702,-0.47461206,1.1532278,1.1423863,0.0017049611,-0.010841489
9.886807,0.26217723,2.095604,-0.46045828,-0.4794632,1.153587,1.1313175,-0.019004911,-0.022269487
9.930623,0.26217723,2.239132,-0.4832472,-0.4935255,1.1422429,1.144702,-0.010278314,0.0024590492
9.930623,0.17918254,2.5098324,-0.47798747,-0.46114165,1.131459,1.1662431,0.016845822,0.03478408
9.855952,0.17364812,2.5679111,-0.48988423,-0.45451728,1.1543225,1.1703898,0.035366952,0.016067266
13.677964,8.621497,245.8646,-0.7613369,0.5731844,1.2603863,0.050190657,1.3345213,-1.2101957
20.436768,9.255283,292.7073,-0.8273107,-2.9351764,1.167411,-0.060403734,-2.1078658,-1.2278147
34.66461,2.1393733,552.8535,1.3972746,0.9916278,-0.35315853,0.49123034,-0.4056468,0.84438884
18.850924,5.66607,179.05083,-0.85479724,0.19676188,1.2049224,1.3255403,1.0515591,0.12061787
13.916308,8.882012,480.0622,-1.063376,-3.120373,1.0095623,-0.24047399,-2.056997,-1.2500362
41.71643,4.5968885,321.67072,-0.22056344,-0.9058873,1.1271578,1.3900034,-0.68532383,0.26284564
33.657383,13.907696,190.59515,-0.81486356,1.3548346,-0.6283077,0.84064436,2.1696982,1.4689521
77.19435,18.679493,1556.7551,-0.5003404,-1.895853,-0.22200537,-0.43483916,-1.3955126,-0.21283379
55.216522,6.203845,737.6177,-0.26510474,-1.0999674,1.0209404,1.0091206,-0.8348626,-0.0118198395
24.533667,5.9047923,254.60826,-1.0472907,-2.3583183,-0.23982279,-0.15987852,-1.3110276,0.07994427
83.10318,20.241022,1429.7596,0.14258644,-0.6778851,0.46263504,0.0834203,-0.8204715,-0.37921473
26.604473,7.995862,134.35316,-0.3448084,0.33916956,-1.0126927,-0.767213,0.68397796,0.2454797
33.346634,4.5792303,326.07758,0.93464917,-0.8579208,0.8767749,0.6092418,-1.79257,-0.26753312
31.26628,3.0992634,703.0158,-0.8879818,-0.15416929,-0.233664,0.35733742,0.73381245,0.5910014
12.256839,3.6420825,91.99095,-1.4667332,-0.4539507,0.67219955,0.7913535,1.0127826,0.11915398
52.64259,6.911496,616.91534,0.26266804,-0.6510913,1.0018725,0.9856801,-0.91375935,-0.016192436
81.47098,6.851819,861.9705,0.55125797,-1.0259405,0.97228634,0.71373165,-1.5771985,-0.2585547
34.13129,8.409219,270.6605,-1.2224739,-2.6579547,0.11810346,-0.17713983,-1.4354808,-0.2952433
93.407196,5.7382317,1673.5055,-0.73442376,-0.96256906,1.038313,0.7174971,-0.2281453,-0.32081592
18.692924,5.350055,68.43395,-1.3299156,0.4350664,-0.052720837,-1.1944121,1.764982,-1.1416913
113.83285,13.010481,2304.736,1.8418639,-0.33326006,0.23724537,-0.34542406,-2.175124,-0.58266944
45.827045,5.0179896,563.42957,-0.7922512,0.7968078,0.56986827,1.3571858,1.5890591,0.7873176
83.781654,23.803509,1101.1617,-0.6261588,0.77442443,1.2949747,-0.10466735,1.4005833,-1.399642
91.76092,16.785322,2094.0916,0.7846002,-1.2772292,1.228123,0.15805984,-2.0618293,-1.0700631
97.90777,13.991806,1142.2825,-0.4680434,2.8041968,0.8177253,0.27634484,3.2722402,-0.54138047
34.93844,6.456479,642.39465,1.1036325,0.34686604,0.37166935,0.59040517,-0.75676644,0.21873581
83.52421,7.25003,2272.3374,-0.7100419,-0.9652567,0.15787844,1.1621263,-0.2552148,1.0042479
41.817566,8.598701,433.64127,-0.06771143,2.2380023,-0.31150818,-0.21833575,2.3057137,0.09317243
86.23752,12.522202,1487.5792,-0.63878506,-0.7764862,-0.32925045,-0.17037222,-0.13770115,0.15887824
28.343874,7.258109,212.05855,-1.1147404,-0.820113,1.1407483,1.3141857,0.29462737,0.17343748
26.557533,7.9501166,240.60368,-0.92969054,0.28393131,-0.59446245,0.7280855,1.2136219,1.3225479
73.330345,14.008093,1649.6691,0.23914108,0.8701895,1.0362718,0.25408906,0.63104844,-0.78218275
76.22238,19.769209,1607.4802,-1.3729603,-0.651106,-0.6834788,0.20892254,0.7218543,0.89240134
23.43847,8.357192,185.55809,-0.7042815,0.945539,0.48102555,0.26050943,1.6498206,-0.22051612
10.959925,0.9694058,17.514515,-1.5807325,-1.6003065,1.3262615,1.3151371,-0.019574046,-0.0111243725
46.361828,7.178671,536.2225,-0.995601,2.9153988,-0.03928223,-0.23298228,3.9109998,-0.19370005
99.51389,9.650754,1874.9498,0.0050430177,-0.67302674,-0.15725112,0.22601418,-0.6780698,0.38326532
15.975587,1.5915008,197.73898,-0.31709185,2.916927,1.0721203,1.0651941,3.234019,-0.006926179
23.738684,7.091722,188.65176,1.5659503,-0.085193254,0.43814096,0.52785075,-1.6511436,0.08970979
13.736528,1.9868101,66.001465,0.121903315,-0.014407495,0.07053153,-0.021428969,-0.13631082,-0.091960505
49.281563,10.681046,750.07764,-0.6457173,0.13958377,0.61219,0.4771486,0.7853011,-0.13504142
16.321646,4.043192,195.57228,0.9903388,1.1524684,0.64832175,0.5269453,0.16212964,-0.121376455
46.972836,4.84044,777.8759,-0.2920277,-0.7614486,0.73405683,1.1073974,-0.4694209,0.3733406
17.66868,3.132895,103.326324,0.36365336,-0.19170521,-0.8250167,0.1222855,-0.5553586,0.94730216
92.92725,11.930908,1447.698,-0.32112038,-0.33818117,-0.040922835,0.89053285,-0.017060786,0.9314557
47.692608,5.627873,651.29645,-1.1394227,-0.6627606,0.8213938,1.0691135,0.47666204,0.2477197
41.05942,11.192765,248.43236,-0.12592271,1.0771191,0.12604943,-0.023541208,1.2030418,-0.14959064
104.18565,17.971525,1911.7871,-1.5673016,0.85061866,0.24566384,-0.2016035,2.4179204,-0.44726735
71.990204,9.4846115,1419.4594,-1.3341136,-1.8524954,-0.4560801,-0.39456588,-0.51838183,0.06151423
37.979336,7.965112,485.14807,-1.1223991,2.4155593,-0.18118396,-0.26879165,3.5379584,-0.08760768
63.7229,6.8839326,1602.203,-0.86490697,-1.165549,1.059952,0.93408024,-0.30064207,-0.12587178
28.36643,4.635571,201.73102,-0.80372065,1.3270926,-0.26030844,0.14424329,2.1308134,0.40455174
103.31296,13.922742,2256.0518,-0.79214823,-0.47138882,-0.36277547,0.7996579,0.32075942,1.1624334
95.545494,9.451623,1701.8331,-1.0416646,-0.7218305,0.48479992,-0.0421324,0.3198341,-0.5269323
32.51491,8.0215645,203.92761,-1.6123898,1.5705729,1.1577117,-0.0938856,3.1829627,-1.2515974
82.51027,14.17115,1541.8182,1.1733887,-1.8753608,0.87190264,-0.693349,-3.0487494,-1.5652516
77.72275,8.056382,2146.0142,-1.0211089,-0.87579477,-0.25919753,0.14437751,0.1453141,0.40357506
21.685596,6.075429,174.47014,-2.469359,-0.9382866,-0.21246772,-0.5843418,1.5310724,-0.3718741
92.70764,6.641099,2572.4216,-1.0659807,-0.6013252,-0.22282295,0.8870522,0.46465546,1.1098751
20.939186,3.7921162,161.16887,-0.53283954,-0.53999877,0.94785196,0.39724228,-0.007159233,-0.5506097
92.47329,12.564659,2354.0203,-0.798023,-0.5321207,0.102453984,0.050173014,0.26590228,-0.05228097
45.419033,7.769871,900.2161,0.34300798,-0.64854926,0.46589947,0.9333534,-0.99155724,0.46745396
89.68263,8.463064,1798.8107,-0.38751635,-0.2442331,0.64074373,0.5946089,0.14328325,-0.04613483
76.6759,11.11215,1427.1008,-0.23610261,-2.4680192,-0.12944642,-0.4434654,-2.2319167,-0.314019
104.19114,13.9464445,2580.9858,0.3952542,-1.2562354,0.13793585,0.63489634,-1.6514895,0.4969605
17.024105,3.2945623,285.06805,-2.0899408,2.1792598,-0.5006114,0.34440902,4.2692003,0.8450204
110.30731,8.569958,2431.7202,-0.10033785,-0.36369935,0.35219124,1.0881183,-0.2633615,0.7359271
24.046104,8.578429,131.80037,1.5664256,1.4157647,-0.7286823,-0.6972512,-0.15066087,0.03143108
78.81639,15.604741,2199.9807,0.31765085,-1.2283055,-0.38643304,-0.07110974,-1.5459564,0.3153233
61.64027,5.3659163,973.176,-0.15124908,-0.4021327,0.67436945,1.2799807,-0.2508836,0.6056112
60.27096,13.940948,873.81824,-2.0155184,0.26541576,0.79165065,0.9337184,2.280934,0.14206773
92.60584,10.768584,1443.7302,0.8103698,-0.4370366,1.0712836,-0.22321248,-1.2474064,-1.294496
62.912537,4.914275,1014.8195,-0.71052784,-0.37494698,0.66886795,1.0973905,0.33558086,0.4285226
23.390959,13.7841,464.1183,-1.6272007,0.046196677,0.16580103,-0.465344,1.6733974,-0.63114506
71.78419,4.1024923,1361.4082,-0.68940383,-0.46807495,0.70353156,1.2641876,0.22132888,0.560656
32.81373,4.2385163,275.56058,-0.38873595,-0.5479065,-0.040999684,-0.48546156,-0.15917057,-0.44446188
117.217094,11.564162,2370.1145,0.106601045,-0.1948633,-0.51824176,-0.23842421,-0.30146435,0.27981755
34.248142,5.056507,491.91208,-0.6501492,-0.9066533,0.7050734,0.10952671,-0.25650406,-0.5955467
34.51686,11.434315,309.81064,-2.2592914,0.39195514,0.89397204,0.9070282,2.6512465,0.013056159
59.912315,11.459446,996.2744,0.70404595,-2.050671,0.67255694,-0.167658,-2.754717,-0.84021497
65.28613,9.673596,909.623,-1.376987,-0.4968392,0.9985674,1.0952581,0.8801478,0.096690714
18.369104,4.369645,139.49132,-1.4725093,-1.7340847,-0.7639746,-0.9519094,-0.26157546,-0.18793482
63.312737,7.4655895,1411.8892,-0.60993767,-0.93244314,1.013091,0.9824979,-0.32250547,-0.030593097
17.831135,6.413891,91.10122,-1.2632654,-0.45327467,-0.19504654,-0.5595738,0.8099907,-0.3645273
79.81954,9.495536,1417.7805,-0.042749584,-0.8926622,0.5816907,0.75436985,-0.84991264,0.17267913
42.382217,5.966941,410.43558,-0.79758054,-0.7971891,0.689141,0.85163677,0.0003914237,0.16249579
42.300728,8.926799,467.66608,-0.47669443,2.242539,0.7707723,-0.3313494,2.7192333,-1.1021217
88.2773,11.752845,2492.7773,-0.21651462,-0.0022185564,1.2446517,-0.12609282,0.21429606,-1.3707445
111.66455,6.351331,2054.274,0.09107558,-1.668437,0.84950143,1.2803748,-1.7595125,0.43087333
19.521212,6.8960233,83.80637,0.2045017,0.6318132,-0.26452416,-0.32997182,0.42731154,-0.06544766
70.115364,5.402594,1342.5282,-0.4616433,-0.7914581,-0.092219375,0.98490965,-0.32981476,1.077129
26.16366,5.1604323,458.7569,0.4547596,-0.52051795,-0.72085994,-0.06877844,-0.97527754,0.6520815
49.861458,5.3030076,858.07666,1.3339057,-0.692886,-0.48559394,0.79163754,-2.0267916,1.2772315
97.10947,15.10897,1717.7747,-0.14033231,-0.3680653,0.3839925,0.0014315369,-0.22773299,-0.38256097
105.33795,16.887539,2799.769,-0.3491203,-0.6176407,-1.2583971,0.23059635,-0.26852039,1.4889934
81.35414,12.862716,1389.4283,-1.335597,1.1629529,-1.0849282,0.32624385,2.49855,1.411172
94.10761,22.672815,3054.4636,-0.38342157,-0.25763068,-0.17381744,-0.052249033,0.1257909,0.12156841
20.237886,10.698508,343.36377,-0.27976242,0.6721974,-0.6009799,-0.10473968,0.95195985,0.49624026
115.70652,7.7919765,2441.3906,0.045504846,0.38525742,-0.07446459,-1.1260364,0.33975258,-1.0515718
19.93109,4.114488,112.57205,-0.56263316,0.3696482,0.5336352,0.8888322,0.9322814,0.355197
80.64343,22.57189,2233.903,-0.43425503,-0.648278,-0.083902664,-0.14131296,-0.21402296,-0.057410292
17.283699,3.4547665,416.9224,-1.2561905,-0.27038708,1.20492,0.42351824,0.9858035,-0.7814018
27.047396,3.9820576,383.44693,-0.97949886,-0.67742497,0.978821,0.8964303,0.3020739,-0.082390666
45.142143,7.192639,1021.55164,-0.23943481,-0.87679607,0.8490607,0.9960699,-0.6373613,0.1470092
79.93335,17.76055,1888.01,-0.41263515,-0.53374004,0.9240874,0.025639702,-0.121104896,-0.8984477
14.034444,2.6092103,253.25146,-1.8364351,2.258228,0.37598783,-0.26767364,4.094663,-0.6436615
21.713713,3.1565344,117.7238,-0.7995859,-0.41452178,1.182882,0.823238,0.3850641,-0.35964394
15.4816675,5.022804,78.133705,0.00031797885,-0.29613703,-0.006748946,-0.51090986,-0.29645503,-0.5041609
67.72027,7.815659,1323.3137,-0.62318456,-0.3420251,-0.015316464,0.8404465,0.28115946,0.85576296
44.877075,5.515543,706.0175,-1.0239981,1.9396648,1.1187072,0.37408325,2.963663,-0.7446239
14.088607,3.1886759,339.0215,-0.37361673,0.7957449,1.3062317,-0.08721769,1.1693616,-1.3934494
94.20203,19.472944,2674.469,0.8523731,-1.7884321,0.8342109,0.053287257,-2.6408052,-0.7809236
108.03228,9.976649,3020.8506,-0.7212312,1.6608616,0.4280445,0.7072928,2.382093,0.2792483
25.863117,7.9639606,415.76453,-0.6005193,1.9822382,0.31366208,0.45142943,2.5827575,0.13776734
88.281,13.175807,1582.6287,1.8620173,2.6111572,0.76432025,-0.033757925,0.7491399,-0.7980782
75.87773,13.516926,979.9294,0.84858865,-2.0559855,-1.1255182,-0.117115185,-2.9045742,1.0084031
103.244286,6.027308,2018.2238,1.8469757,-0.37623295,0.8983954,0.9105054,-2.2232087,0.012109995
48.426605,5.3964024,1014.213,0.04972286,-0.49670178,0.9135419,1.0839157,-0.5464246,0.1703738
100.22106,10.765905,1827.3043,-1.5675066,0.52340066,0.5974824,0.24158247,2.090907,-0.35589993
10.111589,0.6183477,4.945898,-1.061164,-1.0921631,1.2607601,1.3211449,-0.030999064,0.06038487
99.72874,11.789536,3117.7478,-1.035474,-0.105651304,-0.1578194,0.96115094,0.9298226,1.1189704
19.31803,5.0731444,499.03842,-0.9177181,-1.0187632,-0.7341286,0.1002604,-0.10104507,0.834389
134.65762,10.31307,2425.0645,-0.9999337,-0.65253705,-0.10162361,0.99237186,0.34739667,1.0939955
18.592222,5.7563386,112.453514,-0.9618702,0.7460011,-0.70294416,-0.5880618,1.7078713,0.11488235
75.463554,16.225403,1279.3513,-0.19815114,-1.0788043,-0.34939393,-0.0057819774,-0.88065314,0.34361196
73.28132,9.734663,1592.503,-1.0684842,-0.2236164,-0.28315407,-0.20146155,0.84486777,0.08169252
117.98885,11.355313,3326.188,-0.78601545,-1.5422971,-1.3058956,0.21564539,-0.7562817,1.521541
28.95317,5.644877,360.7438,-0.33452854,0.62008893,-1.2267444,0.94489783,0.9546175,2.1716423
63.806293,7.358197,826.97375,-0.9584119,-0.3702347,-0.074480034,-0.6260605,0.5881772,-0.5515804
27.996632,5.1320643,172.19315,-0.9677436,0.19434653,-0.53060186,-0.044029873,1.1620901,0.486572
102.97782,7.2922926,1622.9016,-0.71538544,-0.23904388,-0.7528642,-1.193918,0.47634155,-0.4410538
11.653872,2.6944542,21.835352,-0.32568434,-0.084387936,-0.21569137,0.1166638,0.24129641,0.33235517
103.92896,13.383528,2582.682,0.0069815903,0.74947023,0.06850271,-0.0021150857,0.7424886,-0.070617795
87.83336,12.065136,1983.3767,-0.305849,-0.65562516,0.31775415,0.8574432,-0.34977618,0.53968906
50.31956,14.148587,750.26685,-1.2404857,0.7049387,0.6717409,0.36259407,1.9454243,-0.30914682
81.01051,18.021551,1849.3163,-0.6325561,-2.1389804,0.70613796,-0.17579734,-1.5064243,-0.8819353
101.61367,10.048536,2425.821,-0.32160226,-1.6497848,-0.21191064,1.1781068,-1.3281826,1.3900174
21.065832,6.8683558,175.2546,-0.16381732,0.22952506,0.32547706,0.68826914,0.39334238,0.36279207
114.85637,12.315688,2423.9065,-0.25298414,-1.2119324,-0.19815822,1.0408078,-0.95894825,1.2389661
31.044857,5.7205787,272.45438,0.02080333,-0.8082345,-0.1217735,-0.18383488,-0.82903785,-0.062061377
121.09788,18.161093,4161.367,-0.32912964,0.022786835,-0.21133427,0.11738489,0.35191646,0.32871917
63.46453,6.5542054,689.7749,-0.71629775,-0.56167763,-0.4149058,0.96616954,0.15462011,1.3810754
56.45184,7.9076114,872.68353,1.8213173,0.07307005,-0.09316738,-0.011493645,-1.7482473,0.081673734
85.3345,15.548149,2603.3384,-0.85236883,-0.9269613,1.3418065,-0.43552,-0.07459247,-1.7773266
82.78445,7.933641,1233.6743,-0.6218663,-0.1635584,0.29326266,1.1898435,0.4583079,0.8965809
16.814579,3.6334784,70.4844,-0.95168173,-0.5405521,0.06743716,-0.11447869,0.41112965,-0.18191585
82.46898,8.272509,1464.4625,-0.6988778,-0.66395926,0.5776433,1.0094483,0.034918547,0.431805
18.377556,5.005575,121.27767,0.5932062,-0.29320195,-0.8827788,-0.77104557,-0.8864082,0.11173326
94.1363,12.786759,1745.0743,-0.10639153,-0.30934983,0.13395913,0.7087391,-0.20295832,0.57478
9.994494,0.43715668,6.496525,-0.99548376,-0.9809537,1.1940038,1.2031131,0.014530063,0.009109259
79.19943,13.390342,914.89734,-1.5617903,0.35169226,1.012824,0.4421567,1.9134827,-0.5706674
94.609474,12.764515,1903.5448,-0.8000992,-1.2817415,0.31958628,-0.49444658,-0.4816423,-0.81403285
97.21695,15.279827,2020.1876,-0.07719359,1.9456316,0.7451039,0.85286844,2.0228252,0.10776454
27.7679,7.080934,288.49002,-0.5269907,-2.6401865,-0.83155596,-0.34208965,-2.113196,0.4894663
85.1694,9.896319,2889.2332,-0.67232996,-0.6378333,-0.59079355,1.0802131,0.034496665,1.6710067
29.922277,4.308303,308.5518,-0.85375625,0.546579,-0.3614078,-0.8744062,1.4003353,-0.51299846
63.076572,14.300822,1119.518,-1.8571413,-1.3200575,0.33347017,-0.037223913,0.53708375,-0.37069407
71.952126,18.825136,1648.2407,-0.64266497,-0.19418958,-0.63286483,-0.1514364,0.4484754,0.48142844
45.115463,6.510155,583.2046,-0.22192451,-1.1896936,-0.93828046,0.28304994,-0.967769,1.2213304
55.453667,6.610572,1306.0603,-0.94103277,0.5611353,-0.5647837,-0.29058903,1.502168,0.27419466
78.97509,13.961827,1915.0818,-0.6037518,-0.65408725,-0.24772878,-0.0771278,-0.050335467,0.17060098
77.04709,6.8829627,1292.85,-0.81166697,0.5879835,-0.050610892,-1.2597278,1.3996505,-1.2091169
79.129135,13.599684,2786.2783,-0.66314566,-0.19748834,-0.17817074,-0.30194104,0.46565732,-0.1237703
37.105366,6.0981336,1023.251,0.47148734,0.47656974,0.6012448,0.68144244,0.0050823987,0.08019763
78.97509,13.961827,1915.0818,-0.6037518,-0.65408725,-0.24772878,-0.0771278,-0.050335467,0.17060098
72.09479,7.1732216,1446.1399,-0.8509402,-1.2452312,0.57955754,0.9647563,-0.39429092,0.38519877
31.313791,12.783802,476.6247,1.121857,1.5739906,-0.5288921,0.24267098,0.45213354,0.77156305
126.371704,12.78734,2604.2715,-0.5107017,-0.92402875,1.1358312,0.31910393,-0.41332704,-0.8167273
106.594955,14.93774,1869.9202,-0.93748647,-2.225041,0.5899272,-0.13312168,-1.2875545,-0.72304887
41.23041,13.153525,641.26636,-0.2440174,1.8895028,0.58823955,0.48614568,2.1335201,-0.102093875
83.32534,11.158156,2610.5562,-0.11948768,-0.93111914,1.1343496,1.3256838,-0.81163144,0.19133425
21.828495,8.742833,212.71286,-0.1927446,-1.5316365,-0.13644935,-0.11908245,-1.3388919,0.017366901
67.41528,10.185001,1148.3536,-0.5613172,-0.7411218,-0.16367342,-1.0015453,-0.17980462,-0.8378719
76.93189,5.690833,1703.414,-1.0991076,-1.1329982,1.0327351,1.0221119,-0.033890605,-0.010623217
36.19573,4.703166,641.2284,-1.9084256,-0.54272044,0.7554323,1.2134633,1.3657051,0.458031
50.14091,18.650331,896.62,-0.8429073,1.9340556,0.47751173,-0.14039162,2.7769628,-0.61790335
78.82909,8.130654,1244.3423,-0.7903336,-0.8880986,1.0166552,1.1431246,-0.09776497,0.12646937
28.91424,5.3148365,556.8992,-0.9955803,-1.3758438,0.42398128,-0.32312524,-0.38026345,-0.74710655
53.417355,4.065698,847.9834,-1.057843,-0.8208038,1.1934334,0.9814383,0.23703915,-0.21199512
71.35114,17.146313,1398.1686,-2.0870385,-0.95661104,-0.47087947,-0.3505142,1.1304275,0.12036526
115.98997,11.694624,1756.001,0.11137954,-1.1914179,0.22549677,-0.11859975,-1.3027974,-0.3440965
55.486794,13.521374,661.2496,-0.89107525,-0.39765635,1.0127317,0.4064482,0.4934189,-0.6062835
58.27958,4.175743,1204.1218,1.0699635,0.24596806,-0.2855467,0.11899936,-0.8239954,0.40454605
76.98701,14.328516,1637.0884,-0.24392542,-1.9453398,0.88482285,-0.45173353,-1.7014143,-1.3365564
40.599842,5.772107,785.9024,0.45883423,0.61744267,0.4825128,0.2645924,0.15860844,-0.2179204
35.908157,5.6390333,264.2917,-0.21336393,1.2016507,-1.1609118,-0.11186371,1.4150146,1.0490481
37.743107,4.481526,728.43713,-0.54547006,-0.63023436,0.6354796,0.48429832,-0.0847643,-0.15118131
34.84708,5.7314615,495.3518,-0.24220927,-1.0962031,-0.069040164,-0.3866518,-0.85399383,-0.31761163
84.056915,5.9747334,1843.2847,-0.22973129,0.37669837,-0.24768881,-0.124785855,0.6064297,0.12290296
23.336313,3.1802223,139.47034,-0.9990927,-0.19828181,0.6702831,1.2483832,0.8008109,0.5781001
74.38045,9.347697,1426.324,0.47840843,-1.5659734,1.1140579,-0.14119479,-2.0443819,-1.2552527
108.85487,4.4445357,2003.679,-0.8241185,-0.23113796,0.19034368,1.1545861,0.5929805,0.9642424
101.269615,6.4722176,1989.8917,-0.5967445,-0.5680205,0.8286495,1.1536248,0.028723955,0.32497525
34.796753,5.0253596,525.9316,0.21077316,0.31193268,1.1949795,-0.8000103,0.10115953,-1.9949899
21.658232,5.458901,206.26755,-0.85285985,-2.6865637,-1.0091192,-0.4585081,-1.8337039,0.550611
40.93912,5.1172094,440.0259,-0.59382266,-1.9183804,0.19272012,-0.5213242,-1.3245578,-0.71404433
94.53017,10.240602,2670.1135,-0.4082904,-0.5907046,-0.68379414,-0.44793612,-0.18241423,0.23585802
55.10187,8.935568,964.9227,-0.9291588,-1.3813782,0.90277064,0.26352233,-0.45221937,-0.6392483
39.897793,13.888809,469.79684,-0.16050267,0.045034643,0.69120395,0.48684144,0.20553732,-0.20436251
11.656245,3.5249498,135.26149,-0.8905427,2.9634955,1.0816829,-0.029024702,3.8540382,-1.1107076
65.43707,10.957096,1488.259,-1.2623911,-0.07402058,-0.6264177,0.8254005,1.1883705,1.4518182
32.543476,7.8242846,783.375,-0.5269821,-2.4674916,0.17277321,-0.23429337,-1.9405096,-0.40706658
72.18264,4.6392083,918.7847,-0.8755709,-0.64085406,0.9237689,0.9478296,0.23471683,0.024060726
19.115536,5.33903,200.2492,-0.028274033,-0.09970592,0.46230927,-0.13834228,-0.07143189,-0.60065156
90.266045,12.226745,1727.5316,0.33516896,0.33799148,-0.5355198,1.0951823,0.0028225183,1.630702
22.026379,5.4302497,260.90402,-0.3460379,-0.5457039,1.0708824,1.1774317,-0.199666,0.10654926
27.216736,8.696091,308.75186,-0.87671053,1.5293787,0.746034,0.73339903,2.4060893,-0.012634993
98.272964,12.496132,2210.994,0.5472563,-0.46426314,0.99911386,-0.080343425,-1.0115194,-1.0794573
110.74163,9.298521,2024.9958,-0.67159164,-0.30551264,0.51422197,1.032624,0.366079,0.51840204
12.872233,1.9566708,320.63446,-0.76281404,2.6030629,0.4877397,-0.15881051,3.365877,-0.64655024
78.088326,7.171707,1895.2399,-0.3966604,2.2984788,0.8141304,0.44451633,2.6951392,-0.3696141
19.108778,4.92076,80.696396,0.92703474,-0.046364613,-0.7764394,-0.6294086,-0.97339934,0.14703083
37.806465,5.4001155,342.5875,1.29314,-0.5732006,-0.3609994,0.95734054,-1.8663406,1.31834
10.354318,0.3409854,44.427776,-1.4036269,-0.57116634,1.3677776,0.8382537,0.8324606,-0.5295239
12.9380865,2.914658,36.39717,0.81892884,1.0388913,0.03065139,-0.04398334,0.21996248,-0.07463473
49.30107,7.3652716,784.1315,0.5998224,-0.8795702,1.0408431,1.110412,-1.4793925,0.06956887
66.37666,8.004735,1725.9884,0.11008257,-1.2787194,0.6414474,1.2401421,-1.388802,0.5986947
39.551105,4.8377204,295.91064,-0.07888853,-1.4394232,0.28318268,-0.71078086,-1.3605347,-0.99396354
62.886177,3.92875,989.94293,0.04038019,-0.7209007,0.71381783,1.3628619,-0.7612809,0.64904404
19.70795,5.122109,101.00975,-0.6308459,-0.65374684,-0.9326156,-0.14990787,-0.022900939,0.7827077
11.775804,1.8973002,58.47173,-0.97713584,-0.56326544,0.8285848,0.88849527,0.4138704,0.059910476
45.054714,5.932756,610.9909,-0.04985208,-0.5812443,0.5534371,0.8792097,-0.5313922,0.32577258
39.828693,12.079157,424.8996,-0.38857928,1.4105761,0.96043885,-0.095800295,1.7991554,-1.0562391
47.76267,7.01936,532.10376,-1.117444,-0.5305932,0.46371365,-0.9275729,0.5868508,-1.3912866
79.10761,10.102405,1143.928,-1.1828617,-0.86755896,-0.55522025,0.89570296,0.31530273,1.4509232
21.748352,9.698819,289.22684,-0.30633184,1.1420968,-0.63481784,-0.8943281,1.4484286,-0.25951028
115.60183,7.0782313,2118.2087,-0.65271366,-1.0180447,0.530856,1.1760783,-0.36533105,0.6452223
24.681774,8.636714,260.14862,-0.18303035,1.6327102,0.3366273,-0.72421896,1.8157406,-1.0608463
63.140686,7.4960046,1162.9208,0.6805727,-1.2136775,-1.0103205,0.931106,-1.8942502,1.9414265
70.765785,7.3177576,949.74536,-0.96407986,-0.53449243,0.60490507,0.51285607,0.42958742,-0.092049
11.335604,3.4485269,56.86765,-1.1201563,-0.60973513,0.87540495,0.96391517,0.51042116,0.088510215
42.3383,15.797059,796.407,-0.97365427,-2.8596358,0.9455727,-0.29376167,-1.8859816,-1.2393343
111.454926,6.933351,1501.4729,-0.85166675,-0.91160077,0.81055486,1.2887182,-0.05993402,0.47816336
66.42296,11.580716,1487.4073,0.05152888,-0.60081947,0.41739935,0.23146562,-0.65234834,-0.18593372
94.23598,6.1177454,1700.6998,-0.6203586,-0.5543746,0.8713337,1.0182666,0.06598401,0.14693284
20.80806,5.501565,92.45978,0.29975486,1.7609221,0.3790031,-0.7076571,1.4611672,-1.0866601
117.029884,12.746396,4733.454,-0.29130974,-0.6418858,-0.5350208,1.2369195,-0.35057607,1.7719404
40.499454,4.149042,803.94,-0.22099516,-1.3217627,1.0580822,0.5514518,-1.1007675,-0.5066304
29.506042,5.8882875,222.12105,-1.7838356,0.98143256,1.0766416,0.5435178,2.7652683,-0.53312373
47.128716,9.306852,867.4347,-0.76137793,-1.692276,0.9148854,-0.35593167,-0.9308981,-1.270817
83.12757,11.091375,2096.2305,-1.3749816,-1.1513609,0.2906488,0.14098565,0.22362077,-0.14966314
39.4862,4.9368715,526.28345,-1.4440192,0.8598741,0.17799892,-0.5346413,2.3038933,-0.7126402
78.516975,5.084364,1916.3254,-0.5080759,-1.2020428,0.7001401,1.3761472,-0.6939669,0.67600703
28.828497,4.8104143,179.9017,-1.694196,-0.68261826,-0.07708956,-1.372675,1.0115777,-1.2955854
46.149952,8.206578,667.39484,-0.31403875,-0.94369537,-0.056281544,-0.19360363,-0.6296566,-0.1373221
86.17976,10.191236,1765.1462,-0.9171134,-1.1257532,0.4099597,0.12484048,-0.20863974,-0.28511924
25.432384,7.231313,169.36446,1.2065212,-0.19400045,0.83274996,-0.5265043,-1.4005216,-1.3592542
57.65986,10.560108,1163.7771,-1.1704571,0.10081081,0.97420275,-0.16433908,1.2712679,-1.1385418
118.60914,15.366328,2490.49,-0.80206454,-2.0780752,-0.42616025,-0.18558954,-1.2760106,0.24057071
34.69432,10.006937,621.1892,-1.7101059,2.4428697,-0.838987,0.03805311,4.1529756,0.8770401
79.78987,11.917487,2053.4966,-0.4723836,-0.29878142,0.41213602,1.185677,0.17360216,0.77354103
40.36742,14.432127,394.83395,-0.27081445,1.3191725,-0.18493342,-0.80162334,1.5899869,-0.6166899
113.811935,12.8518715,1809.6256,0.57230127,-0.5593399,0.07018198,0.9762825,-1.1316411,0.9061005
94.133484,8.397826,1947.0309,-0.45386267,-0.41889992,0.58826035,0.73800135,0.034962744,0.149741
39.02825,9.33924,483.77982,-0.8596265,1.7868626,0.97948617,-0.69390345,2.6464891,-1.6733897
73.96369,8.206154,1152.971,-0.88512623,-1.1101143,1.0298345,-0.35757798,-0.2249881,-1.3874125
79.19339,11.709796,2130.094,-0.029724414,-0.3825939,0.72350943,0.6048721,-0.35286948,-0.11863732
38.56084,7.7536125,417.5911,1.0745547,-2.4413326,-0.5612585,-0.1141095,-3.5158873,0.44714898
71.91056,8.657539,1673.8541,-0.41999954,-0.6247092,0.96745664,0.9726448,-0.20470965,0.005188167
23.937057,2.370915,305.25494,-1.0695984,-1.5989823,-0.21561956,-0.3480774,-0.5293839,-0.13245782
116.90024,14.290406,3058.1978,0.8854737,-0.40380746,0.23056646,0.94661444,-1.2892811,0.716048
68.29349,11.26998,835.0754,0.5331882,-0.05816459,1.2643399,0.17521928,-0.5913528,-1.0891206
97.49388,14.949623,1114.6893,-0.87757313,-0.78319705,0.114175096,0.6923453,0.09437609,0.57817024
89.38485,12.143433,1601.5258,0.8414192,-1.386853,0.6477936,0.3779407,-2.2282722,-0.26985288
114.40694,19.061491,1587.5789,1.6150919,-0.84348613,0.0693924,0.15197365,-2.458578,0.08258125
40.853966,5.675287,338.8279,-0.46029186,-0.9772787,0.44208688,0.46486646,-0.51698685,0.022779584
115.9263,9.946107,2006.5869,0.60420036,-0.5997158,0.61509764,1.3411373,-1.2039162,0.72603965
42.23134,10.431304,320.73526,0.03350688,0.10224883,-0.6204015,-0.06470834,0.06874195,0.55569315
48.613285,4.1886125,349.5847,0.58117783,-0.2467151,0.40966925,0.4899835,-0.8278929,0.08031425
86.80281,8.823477,1729.6675,-1.263339,-0.32074273,0.62110484,0.81915027,0.9425963,0.19804543
41.974964,6.5903525,337.36783,-1.4696776,-0.0024888397,0.065953575,1.2304026,1.4671887,1.164449
87.73527,8.32186,2820.773,0.105500914,-1.6523101,0.65476847,0.055833746,-1.7578111,-0.5989347
11.111036,1.6399617,236.2882,-0.8913764,-2.7534556,1.184645,-0.36956555,-1.8620793,-1.5542107
38.97483,7.185538,511.58505,-0.80798036,2.025693,-0.05498438,-0.63148963,2.8336732,-0.57650524
39.68495,7.706674,548.03595,-0.7109525,-0.610862,1.0586729,1.1176655,0.1000905,0.058992624
12.2119055,4.56245,169.8566,-0.87473834,-0.024596112,0.35841146,-0.7080589,0.85014224,-1.0664704
117.536575,17.331694,3313.2805,0.6511032,-0.9911722,-0.26345974,0.027720803,-1.6422753,0.29118055
82.75568,6.6276035,1960.7733,-0.36194453,-0.30846822,0.17764203,0.2687888,0.053476304,0.09114678
38.697945,7.8720827,525.5737,-1.2122581,0.71240485,0.43097624,-0.0073382994,1.924663,-0.43831453
15.359504,3.2657201,268.2951,-0.76078093,-0.92347556,1.356197,0.07981433,-0.16269463,-1.2763827
63.702377,8.270121,1145.6879,-0.30570024,-0.2780093,0.12430946,0.30382878,0.027690947,0.17951933
11.886036,0.7555798,213.33592,-0.3994882,-2.5497503,0.5370491,-0.08318354,-2.150262,-0.62023264
28.776152,9.49514,417.8933,-1.1375148,-1.0055429,0.7011908,1.3011277,0.13197196,0.59993684
39.692482,13.74803,442.02444,-0.8092435,0.16387865,0.3512507,-0.52865905,0.9731221,-0.87990975
115.09172,9.552755,2235.323,0.87344515,-0.46682033,-0.21802957,0.61946225,-1.3402655,0.8374918
47.69115,3.8209832,403.1538,0.031127531,-0.54162747,1.0598538,1.2977989,-0.572755,0.23794508
15.00619,4.978678,88.71799,-1.411342,-0.5142313,0.807759,0.95756465,0.8971107,0.14980567
55.287872,6.8723707,501.28174,1.0090142,-0.46037346,0.80687934,1.1064862,-1.4693878,0.29960686
41.576805,6.024585,246.59195,-2.3262372,-0.65694916,1.4013455,1.1457461,1.669288,-0.25559938
78.97228,10.231247,1191.647,-1.245227,-1.3458248,0.5688914,0.10465642,-0.10059786,-0.46423498
90.705185,9.482965,1612.4308,0.48626995,-0.81326497,0.5540868,0.73793656,-1.2995349,0.18384975
19.055115,3.4661565,200.18817,-0.22323918,0.95266247,0.05508964,-0.81986535,1.1759017,-0.874955
60.390022,10.808423,795.96466,-1.3514912,-1.230699,0.47317815,0.6070603,0.12079227,0.13388216
11.167069,0.8844698,7.856369,-1.149632,-1.232963,1.2599403,1.3035598,-0.08333099,0.043619514
11.95975,3.5515351,39.166977,-1.3355227,0.4698898,1.216576,0.87039155,1.8054124,-0.34618443
87.92693,17.698448,946.60077,-1.1815438,-1.723679,0.0685186,-0.14390153,-0.5421351,-0.21242014
112.37502,8.510192,2391.2227,-0.8023774,-1.2076691,0.65513283,0.7781135,-0.40529174,0.122980654
41.829945,9.567351,474.8417,2.367562,2.038648,-0.2382522,-0.2419354,-0.32891417,-0.0036832094
67.975815,8.296067,806.63513,-0.9275201,0.38521203,-0.17133142,0.035616547,1.3127321,0.20694797
9.94803,0.020038119,339.73077,-1.1644753,2.4655957,0.13273922,-0.09702112,3.6300712,-0.22976033
102.380806,9.496573,847.7244,0.73108476,-0.6978512,0.2977326,0.47062644,-1.428936,0.17289385
32.696175,5.372957,461.57666,-1.0847367,-0.17355639,1.2599576,1.1867168,0.9111803,-0.07324076
112.56088,8.923774,1907.3708,-2.3038518,-0.6719626,-0.42022848,0.9726774,1.6318892,1.392906
102.31291,14.725229,1247.2412,1.8596163,-0.8413164,0.26910168,-0.07264706,-2.7009327,-0.34174874
108.55955,9.385713,2908.399,1.0571445,-0.9073661,-0.38941124,0.8876392,-1.9645107,1.2770505
29.518208,4.110808,138.49649,2.9367478,2.412848,-0.56878203,-0.3233238,-0.5238998,0.24545825
106.23558,9.096453,2886.8242,-1.6550468,-0.88531476,1.2681844,1.1113822,0.76973206,-0.15680218
25.454576,3.0796607,157.35799,-0.6764891,-0.7570523,-0.0803938,0.11354004,-0.08056319,0.19393384
111.21707,12.952163,2850.319,1.8066797,-0.094731346,0.026410768,-0.110133246,-1.901411,-0.13654402
99.01494,7.0813923,1210.3287,0.51979446,-0.20463946,-0.25117928,1.2746011,-0.7244339,1.5257804
40.562004,10.913498,318.23187,-1.5248106,0.70186204,0.7191606,1.1868633,2.2266726,0.4677027
115.03217,18.433138,1388.2487,-0.16196536,-1.3445941,-1.2654836,0.5153721,-1.1826288,1.7808557
93.470566,8.441198,1834.5546,-1.143664,-0.44701377,0.76353854,0.8696723,0.69665027,0.10613376
92.050934,11.113335,745.4611,-1.3392614,0.93259126,-0.45824584,-0.4685897,2.2718527,-0.01034385
112.75451,9.934214,3656.1985,1.5115297,0.943169,0.81354105,1.058246,-0.5683607,0.24470496
74.053375,13.789976,743.067,-0.4962918,1.8294165,0.3677165,-0.10237777,2.3257084,-0.47009426
134.82886,8.724676,2686.0264,-1.422508,0.1384688,0.9119232,0.16007629,1.5609767,-0.7518469
72.796135,4.907877,708.5179,1.1825281,-0.26896477,0.74791205,1.3202941,-1.4514929,0.5723821
46.98946,11.919509,307.35168,-0.8541422,2.4014218,0.24839315,0.66186863,3.255564,0.41347548
121.20717,11.035938,2332.6199,-0.6020746,-1.0474087,1.3054422,-0.22352588,-0.44533408,-1.5289681
113.44262,8.624935,2387.3623,0.3242242,-0.90732384,0.116788626,1.0849674,-1.2315481,0.96817875
34.903194,5.21672,243.44608,-2.327953,0.552249,-0.3073311,-0.07119838,2.880202,0.23613271
103.9868,6.6498523,1397.6033,1.7808788,-0.8780545,1.2631865,1.3427958,-2.6589332,0.079609394
21.287271,6.281653,64.26182,1.0297706,1.1902958,0.1813547,-0.6946636,0.1605252,-0.8760183
106.62414,19.405573,1418.5891,2.0701156,-0.6085511,0.40357885,0.72061974,-2.6786666,0.3170409
3.805101,326.6811,75.13964,0.8921439,-0.57230717,0.8458123,-1.1168717,-1.4644511,-1.962684
6.7645216,326.0605,170.87161,0.20131692,0.8410553,-0.72566307,-0.70893,0.6397383,0.01673305
8.679527,342.24982,195.5373,-0.15277354,-0.8064655,-0.6282819,-0.8807209,-0.65369195,-0.25243902
8.679527,342.24982,195.5373,-0.23990527,0.36637318,-0.6921987,-0.8595835,0.6062784,-0.1673848
3.9990165,334.86044,104.01073,0.4258434,0.595194,-0.98836154,-1.0820028,0.1693506,-0.09364122
1.7528136,236.6764,8.962784,1.1171849,-0.21568045,0.68751216,-0.81725323,-1.3328654,-1.5047654
1.7528136,275.40155,14.833659,0.5858883,-0.53901935,0.28863087,-0.7582503,-1.1249077,-1.0468812
1.5643075,275.40155,25.780315,-0.27333608,-1.0977873,-0.98866826,-0.87885016,-0.8244512,0.1098181
1.5643075,291.8952,18.709225,-0.69271195,-0.2599944,-0.8027582,-0.8356806,0.43271756,-0.032922387
1.5307941,291.8952,12.974813,-0.581509,0.5782524,-0.87047863,-0.002657644,1.1597614,0.867821
1.3305417,120.632965,7.8073473,1.0683738,0.29649773,0.83094704,0.497921,-0.7718761,-0.33302605
1.2293813,120.632965,7.8073473,0.89589566,0.74046814,0.44116598,0.4171525,-0.15542752,-0.02401349
1.2380993,181.82661,7.619888,0.47316557,1.2455467,0.4166959,-0.02731317,0.7723811,-0.44400907
1.3820875,244.79193,9.24404,0.6735321,0.92967904,0.2715824,-0.8250532,0.2561469,-1.0966356
1.3820875,244.79193,9.24404,1.7645887,-0.7063805,-0.35545975,-0.8789317,-2.4709692,-0.52347195
1.0544407,7.9835997,1.443997,1.1182482,1.1284368,0.68866557,0.6935495,0.01018858,0.004883945
1.0415968,5.753211,2.3964734,1.120071,1.1225427,0.68982446,0.70742524,0.0024716854,0.017600775
1.0559434,8.122036,2.7651043,1.1252948,1.1042619,0.7177773,0.75948304,-0.02103293,0.041705728
1.0559434,29.816818,2.7651043,1.1189133,1.1338357,0.732314,0.74706686,0.01492238,0.014752865
1.0390178,29.816818,2.2723317,1.1171453,1.0744048,0.7440185,0.77176845,-0.042740464,0.027749956
1.1252757,118.03195,3.674817,0.7302226,1.0138582,0.60785943,0.7051177,0.28363562,0.09725827
1.2116368,118.03195,4.562265,0.93201715,1.0206796,0.72914416,0.5382713,0.088662446,-0.19087285
1.2116368,92.37528,4.562265,1.2747779,0.7865094,0.79148734,0.23941228,-0.4882685,-0.552075
1.0669384,36.281776,1.483947,0.83039653,0.797754,0.254378,0.26165015,-0.032642543,0.007272154
1.0316384,9.227813,1.505363,0.792837,0.79534745,0.25736663,0.26130912,0.0025104284,0.0039424896
1.0573206,102.47632,3.3195407,1.116246,1.1845515,0.9055815,0.7786102,0.06830549,-0.12697124
1.2497761,102.47632,4.735142,1.1427683,1.0458337,0.9354685,0.8040005,-0.09693456,-0.131468
1.2497761,173.53435,4.9292984,1.1613867,0.8574132,0.75191075,0.8719956,-0.30397356,0.12008488
1.2837309,173.53435,6.3221636,1.2589194,1.1722915,0.90296936,0.84724295,-0.08662784,-0.05572641
1.3192686,163.09357,7.5342836,1.0941947,1.3913314,0.778634,0.915702,0.29713678,0.13706797
1.6200612,281.84927,6.760478,0.65717685,0.5169388,1.2230318,-1.0395954,-0.14023805,-2.2626271
3.2893715,302.4653,79.12634,1.0466822,1.2364504,0.5192501,-0.7602379,0.1897682,-1.279488
9.80037,414.58618,261.85104,0.9426149,1.6042944,-1.1495018,-0.51305544,0.6616795,0.63644636
9.80037,414.58618,261.85104,0.9301955,1.3060977,-0.75074327,-0.5546114,0.37590224,0.19613189
9.547424,403.73874,231.11714,0.95271003,1.2381706,-0.5018881,0.73711264,0.2854606,1.2390008
1.4301202,222.77629,10.718489,-1.4774014,-1.6324943,0.5996018,0.8915073,-0.15509295,0.29190552
1.391023,91.079216,7.868892,-1.4819194,-2.1065245,1.0140917,0.97750854,-0.62460506,-0.036583185
1.391023,91.079216,7.868892,-1.9130695,-1.9960102,1.0886629,0.92262256,-0.0829407,-0.1660403
1.3855637,188.46394,3.9513469,-1.9593709,-1.6492277,0.9235529,1.2012534,0.3101431,0.27770054
1.4458373,296.056,4.864082,-1.9441725,-1.4344997,0.92744046,1.1503847,0.50967276,0.2229442
2.161884,399.1355,12.423599,0.67210585,-0.62125856,1.2652647,-1.2866323,-1.2933644,-2.551897
2.161884,399.1355,23.900211,0.66145784,-0.05934819,0.91985023,-0.9502897,-0.720806,-1.87014
2.582818,388.92593,25.693638,-0.007690066,0.95915425,-0.77021366,-0.10084065,0.9668443,0.66937304
2.582818,388.92593,26.048262,0.9828226,0.6710431,-0.07775422,1.3134615,-0.3117795,1.3912158
1.824884,316.83853,26.048262,0.893134,0.5307802,1.0668929,1.2981454,-0.3623538,0.23125255
2.6842978,54.496933,24.672895,-1.015945,-1.1479069,1.2968805,1.2953991,-0.13196194,-0.0014814138
4.359067,232.9701,68.84013,-1.1188579,-1.1760496,1.3589828,0.5425199,-0.05719173,-0.8164629
4.359067,247.32698,80.94972,-0.9277998,-1.0924149,0.15507881,0.3960089,-0.16461504,0.2409301
4.0943584,247.32698,80.94972,-1.093709,-0.7230678,0.19171837,0.21803991,0.37064117,0.026321545
4.067934,254.90881,73.079155,-1.1638452,-0.9407361,0.5966071,0.1402665,0.22310907,-0.4563406
3.0817153,338.38495,50.394047,-1.6633898,-0.9736398,1.1472212,0.19911253,0.68975,-0.9481087
6.048726,382.84143,77.82791,-1.634691,-1.3934901,0.8074112,-0.17166248,0.24120092,-0.97907364
6.048726,382.84143,77.82791,-0.2809112,-1.0495157,0.70242363,0.7194389,-0.7686045,0.017015278
5.661461,405.68823,72.022415,-0.76577085,-0.7983421,0.56501585,0.4314242,-0.032571256,-0.13359165
6.214497,433.48245,96.07976,-1.8884127,-2.016933,-0.38824928,-0.042965986,-0.12852025,0.3452833
1.0699018,160.60844,2.9690623,-1.0817864,-1.8503768,1.2919543,1.4602886,-0.76859045,0.16833436
1.7301567,324.19244,9.5678835,-1.1208074,-0.38188273,1.293533,0.65719235,0.7389247,-0.6363406
7.403054,379.0743,169.77446,0.6740182,-1.3705312,1.2667816,-0.013017665,-2.0445495,-1.2797992
7.403054,379.0743,169.77446,0.028477263,-0.57533866,0.6681288,0.0002353915,-0.6038159,-0.6678934
2.323537,224.73192,28.266483,-0.94869244,-0.5334888,-0.16614679,-0.015512821,0.41520363,0.15063396
1.3778164,199.81483,13.249311,0.5171916,0.74846804,1.2585224,0.80329335,0.23127645,-0.45522904
1.3778164,199.81483,13.249311,0.7729994,0.7893602,0.9985283,0.9427848,0.01636082,-0.055743515
1.3853412,220.96674,12.801678,0.81404144,1.148755,1.0278037,0.85941774,0.33471352,-0.16838592
1.4801803,256.48154,12.801678,0.87630665,0.24162528,0.94103605,-1.2703694,-0.63468134,-2.2114055
1.4801803,256.48154,6.4007673,1.7468841,-0.4141191,-0.16332406,-1.2641828,-2.161003,-1.1008587
1.2657589,264.05133,9.519494,0.5503744,-0.6986663,1.2678558,0.51439613,-1.2490406,-0.75345963
1.4637866,267.71146,12.602294,0.32809022,-0.29001182,0.23344406,0.22092028,-0.6181021,-0.012523785
1.4722615,267.71146,12.602294,-1.6409905,0.48404545,0.62488544,0.73180157,2.125036,0.10691613
1.7240435,226.13521,18.210573,-0.14468631,0.600422,0.11034129,1.3018881,0.74510837,1.1915468
1.7240435,186.10367,18.210573,0.29811934,1.1876394,1.2202642,1.3297449,0.88952005,0.10948074
1.050223,139.84128,2.7860017,-1.0933361,-2.2031047,1.2805908,1.3287444,-1.1097686,0.04815364
1.1978928,183.51753,4.11101,-1.3676536,-0.5242416,1.2805382,0.35936457,0.843412,-0.92117363
1.1978928,183.51753,7.3457956,-0.7598535,-0.38778618,1.2968954,0.037622266,0.3720673,-1.2592732
1.1796364,151.00479,7.3457956,-0.3932975,-0.28562063,0.035711817,0.076270156,0.10767686,0.04055834
1.1052911,20.260818,1.4890134,-0.35938314,-0.27899918,0.05113151,0.08493885,0.08038396,0.033807337
1.6245258,193.75883,9.854854,-1.1189473,-1.3056701,1.2752023,1.1970571,-0.18672287,-0.07814515
1.6245258,216.73439,9.854854,-0.6863739,-1.1973006,1.2233886,1.3215407,-0.51092666,0.09815216
1.5461828,302.57233,9.6875725,-1.3806028,-1.1854185,1.270595,1.1993966,0.19518435,-0.071198344
1.4739355,302.57233,7.0284486,-1.7522806,-1.0468827,1.2670344,1.2405592,0.70539784,-0.026475191
1.5522178,285.93655,7.5508895,-1.5798813,-0.5412406,1.2557487,1.1510502,1.0386407,-0.10469854
3.130253,385.9409,42.194595,-0.94767916,-0.32122153,1.332356,-0.64566743,0.62645763,-1.9780234
2.8153574,386.11746,49.97144,-1.1695642,-0.8569072,1.2296689,-0.05962185,0.31265706,-1.2892907
4.6341095,367.67627,93.24452,-1.0372176,-1.931497,1.3327582,-0.22215852,-0.89427936,-1.5549167
8.201447,367.3513,158.43924,-0.8643945,-0.7449957,1.3065777,-0.73798025,0.11939877,-2.044558
3.7000158,422.56693,54.05017,-0.9245347,-0.5097414,1.313832,-1.0251118,0.41479325,-2.338944
3.5336568,346.2732,44.09078,-0.799353,-1.5577005,1.2834723,-0.18531077,-0.7583475,-1.468783
7.655561,357.91458,154.32153,-1.3741488,-0.39510944,1.3269885,0.27680492,0.97903943,-1.0501835
7.1738796,313.70294,147.03331,-1.2463859,-0.8004902,0.42958695,0.050831456,0.44589573,-0.37875548
8.171089,409.97614,211.68204,-0.9146471,-1.3565351,1.0598173,-0.12245412,-0.44188797,-1.1822715
6.5166783,349.79895,162.34792,-1.1873858,-0.72262424,1.2840525,-0.0103105735,0.46476156,-1.294363
9.349441,422.12558,235.91466,-0.7957991,-0.6188258,1.2805827,0.039154306,0.17697328,-1.2414284
9.369305,372.6155,227.0731,-1.0613207,-1.0564667,1.3224306,-0.011658377,0.004853964,-1.334089
9.6008415,379.2688,210.66402,-0.7790706,-1.3217461,1.2824434,-0.0014027357,-0.5426755,-1.2838461
4.427249,417.63153,84.577934,-1.14811,2.2104366,1.2585357,-0.11430849,3.3585467,-1.3728442
4.703818,385.52887,87.78923,-0.931973,0.79827607,1.3717867,0.082627065,1.730249,-1.2891597
7.98674,432.11017,152.02878,-0.5962955,1.8918577,1.3410304,-0.3269549,2.4881532,-1.6679852
5.5611854,429.1988,74.27267,-0.7319385,2.4195502,1.3441551,-0.14611547,3.1514888,-1.4902705
5.856272,405.39862,122.84484,-1.1322906,2.156917,1.3686612,-0.23366413,3.2892077,-1.6023253
5.3297186,390.7653,107.53379,-1.1008837,-1.0511713,1.1799392,-0.45216244,0.04971242,-1.6321015
8.094555,350.47693,212.61896,-1.3625764,-1.4262267,-0.9981705,0.52646947,-0.06365037,1.52464
8.094555,350.47693,212.61896,-1.8515034,-1.2115223,-0.1882669,0.28323862,0.63998103,0.47150552
4.2961054,340.49533,76.416824,-0.021465963,-1.2258409,0.4943439,0.54491377,-1.2043749,0.050569862
4.9288306,386.04764,127.51609,-1.720218,-1.1686893,0.50113195,0.2848936,0.5515287,-0.21623835
4.9288306,386.04764,127.51609,-1.709178,-1.4261744,0.5408143,-0.760035,0.28300357,-1.3008492
2.1271248,282.48386,10.219693,-1.3713701,-0.24706402,-1.020484,0.64696515,1.1243061,1.6674491
2.7260833,347.08112,35.609997,-1.4612172,-1.2601511,0.20597878,-0.67752165,0.20106602,-0.88350046
2.7260833,347.08112,35.609997,-1.2602525,-1.345917,0.98922044,-0.893806,-0.08566451,-1.8830264
1.3410656,127.83012,3.9799273,-1.2771256,-1.3633455,-1.0265583,-0.9075406,-0.08621991,0.11901766
1.1009607,21.464905,1.5260518,-1.3361456,-1.344304,-0.94050276,-0.88368595,-0.008158326,0.056816816
1.4888073,245.10011,10.707176,-1.4867417,-1.6468407,-0.99131364,-0.69961613,-0.16009903,0.2916975
1.6123887,245.10011,21.726765,-1.4625425,-1.6079311,-0.9683026,-0.7660802,-0.1453886,0.2022224
1.6123887,214.83478,21.726765,-1.6545569,-2.7453663,-0.6666084,-0.114164844,-1.0908095,0.55244356
1.5924418,330.9593,11.835999,-2.1666744,-1.3608097,-0.4628183,0.922375,0.8058647,1.3851933
1.5924418,330.9593,11.835999,-2.9102175,-0.4484419,0.04973144,0.80401164,2.4617755,0.7542802
1.5471107,136.54736,9.09946,-1.2766426,-0.7864674,-0.89322174,-0.3934694,0.4901752,0.49975234
1.5471107,188.6927,11.954511,-1.4409308,-0.9864998,-0.44514957,-0.34966174,0.45443106,0.09548783
1.4339727,252.95448,8.50997,-0.6868029,-1.3702229,-0.430206,-0.6763503,-0.68342,-0.2461443
1.4647069,252.95448,7.811016,-1.6982899,-1.544643,-0.052053727,-0.7399102,0.15364683,-0.68785644
1.7246283,238.79381,11.943132,-1.2490416,-1.2688913,-0.85517967,-0.82305706,-0.019849777,0.032122612
1.3190814,68.061295,7.2461786,-1.34166,-1.4040029,-0.9885187,-1.0407535,-0.062342882,-0.05223477
1.3247266,102.91632,8.515039,-1.4676896,-1.8731979,-1.000541,-1.1126744,-0.40550828,-0.112133384
1.3247266,124.606384,6.8648934,-1.1839962,-1.8122318,-1.0192991,-1.1818001,-0.6282356,-0.16250098
1.2326224,124.64594,6.8648934,-1.7788817,-1.5347455,-1.0640386,-0.46501416,0.24413621,0.5990245
1.2208526,145.52473,5.6814137,-1.8657954,-1.1952899,-0.86665595,-0.76360315,0.6705055,0.103052795
1.5053649,91.19512,6.0684204,-1.3817074,-1.4833833,-1.008757,-1.0680629,-0.10167587,-0.059305906
1.6032209,118.85011,9.162987,-1.2452974,-1.3053925,-0.9040068,-0.94516593,-0.06009507,-0.041159153
1.6032209,160.49829,9.162987,-1.3635124,-1.6054885,-0.9519246,-0.08450609,-0.24197614,0.8674185
1.8635371,296.4818,13.642019,-1.7077024,-1.5284908,-0.8289717,-0.4669001,0.17921162,0.36207157
2.0184176,334.65268,17.54244,-1.7576253,-1.5211977,0.3801134,-0.9907676,0.23642766,-1.370881
2.2126358,364.21133,76.18134,-1.1638765,0.66619694,-1.230644,0.63633144,1.8300735,1.8669754
10.414983,364.21133,252.87877,-1.0323907,1.0483139,-0.58524215,0.7703827,2.0807047,1.3556249
10.414983,360.99387,252.87877,1.1123911,0.89349574,0.75068367,0.9564886,-0.21889538,0.20580494
9.327652,358.03534,410.5644,1.0516293,0.9486948,0.6605745,0.561999,-0.10293448,-0.09857547
9.327652,428.9172,410.5644,0.569569,1.3741438,0.93498147,0.6489016,0.80457485,-0.28607988
1.0635716,84.58129,3.250888,-0.474969,-0.64033353,1.128102,1.0601084,-0.16536453,-0.06799352
1.2593529,173.8297,4.247844,-0.4715113,-0.07098434,1.1317275,1.4085579,0.40052697,0.27683043
1.607429,173.8297,12.879408,-0.85675,-0.23290265,1.2481996,1.330826,0.62384737,0.08262646
1.607429,159.52696,12.879408,-0.3695949,-0.6688371,1.3280404,1.1686532,-0.29924217,-0.15938711
1.2847599,154.08809,2.7365148,-0.817632,-0.4381059,1.3663596,1.161619,0.3795261,-0.20474064
1.4732744,193.59735,3.455627,-1.0556914,-0.8442543,-1.1999652,-0.63643086,0.21143705,0.5635344
1.4732744,193.59735,3.455627,-0.81473434,-0.20664623,-1.2181947,0.9697563,0.60808814,2.187951
1.1592662,185.5872,6.902227,-0.48995963,-0.22511268,0.1532937,0.9074998,0.26484695,0.75420606
1.5533458,318.7839,7.903564,-0.12572786,-0.9560655,0.9730546,-0.13463737,-0.83033764,-1.107692
1.6307006,318.7839,7.903564,0.550682,-0.922798,0.7665809,-1.1714225,-1.47348,-1.9380033
2.0792432,77.75314,26.291985,-0.45008808,-0.46764475,1.1449032,1.045242,-0.017556667,-0.09966123
3.5105412,168.88568,56.361557,-0.52321297,-0.7617972,1.1615905,0.3605724,-0.23858422,-0.80101806
4.257546,172.37924,68.9191,-0.6354074,-0.83171004,0.5802149,0.8419298,-0.19630265,0.26171488
4.3975587,172.37924,70.64734,-0.6747939,-0.63054514,0.3355073,0.31467605,0.04424876,-0.020831257
4.494446,149.62025,70.64734,-0.9525229,-0.84713876,0.33797744,0.08193613,0.10538411,-0.25604132
1.6403891,183.26016,4.4956207,-0.4716665,-0.8353696,1.1444762,0.8613046,-0.36370307,-0.2831716
3.639944,333.16785,59.434345,-0.53299415,-1.0207846,1.1856279,0.12868327,-0.48779047,-1.0569446
5.0284076,368.05673,64.098885,-0.49405533,0.5213591,1.0193844,0.57413423,1.0154145,-0.44525015
5.0284076,372.8314,86.879326,-0.16254708,-1.059746,0.24740262,-0.3112627,-0.8971989,-0.55866534
6.727817,372.8314,127.89374,-1.1163644,-0.5930772,0.26687053,0.013173205,0.5232872,-0.25369734
1.0606544,129.87534,3.3462853,-0.530319,0.8264018,1.1257398,1.3375676,1.3567208,0.21182775
2.0482903,300.52307,20.245314,-0.5125226,-0.5837365,1.1852909,0.107719734,-0.0712139,-1.0775712
2.0482903,300.52307,20.245314,0.3289872,-0.10130234,1.2692899,0.1473948,-0.43028957,-1.1218951
1.268863,115.242096,6.3279867,-0.09621323,0.12561913,-0.25825185,-0.06621699,0.22183236,0.19203486
1.3245982,246.07909,10.594333,0.07421271,-0.11573498,-0.03647295,-0.08654596,-0.1899477,-0.05007301
1.3597709,103.61039,11.540947,-0.96423733,-1.3404852,-1.2287368,-0.9408266,-0.37624788,0.28791016
1.2954731,77.21419,11.540947,-1.1992046,-1.5176415,-1.0498173,-1.2845418,-0.31843698,-0.23472452
1.2264215,133.66148,5.4967556,-1.6772639,-1.100751,-1.0969716,-0.29369545,0.5765128,0.8032762
1.2546868,152.75444,7.025406,-1.4809921,-0.33404395,-1.0020144,0.89277923,1.1469481,1.8947936
1.2546868,152.75444,7.025406,-0.9920699,0.09468829,0.3616751,0.8186617,1.0867581,0.45698658
1.7604989,254.09549,10.060483,-1.0937972,-0.17100134,-1.2085321,-0.42674714,0.9227959,0.78178495
1.7604989,254.09549,17.270447,-0.8418371,0.5001539,-0.72569895,-0.67075807,1.341991,0.05494088
1.6019148,266.3355,17.270447,0.20490503,-0.12835932,-0.43792528,-0.534079,-0.33326435,-0.096153736
1.6019148,266.3355,9.119946,0.3040274,-1.0566565,-0.5092557,-0.950731,-1.3606839,-0.44147527
1.566808,239.21057,9.211314,-1.2379746,-1.4776323,-0.45229048,-1.2477806,-0.23965764,-0.7954901
1.0592334,27.222927,0.95615387,-0.4972276,-0.40354818,1.1489183,1.1617084,0.09367943,0.012790084
1.2549458,120.84936,4.216701,-0.46507877,-0.6312191,1.1440834,1.0498636,-0.16614032,-0.094219804
1.3015639,169.00127,4.216701,-0.45709807,-0.24945967,1.2154262,-0.24474654,0.2076384,-1.4601728
1.6682519,303.0304,24.421507,-0.42219505,-0.54408735,0.3967834,0.45185083,-0.1218923,0.05506742
1.6682519,303.0304,24.421507,-0.3357882,-0.55104136,-0.11796053,1.1355278,-0.21525317,1.2534884
1.2896295,101.49174,4.455006,-0.47955188,-0.8538579,1.1322976,0.9755224,-0.374306,-0.15677524
1.2896295,186.40695,6.3905063,-0.6673473,-0.55180967,1.2069862,1.1616642,0.11553764,-0.04532194
1.7061985,256.58478,9.280551,-0.8551289,-0.43059668,1.0388741,1.1033503,0.4245322,0.06447613
1.7061985,277.2742,9.280551,-1.048889,-0.94797736,1.0860119,0.99495363,0.10091168,-0.091058254
1.5843179,277.2742,8.468962,-0.78778946,-0.6911784,1.0863882,1.218944,0.09661108,0.13255572
10.339036,393.5252,205.05667,0.08855637,-1.4493005,1.0983611,-0.5303172,-1.5378569,-1.6286783
9.301218,388.34753,156.47943,-0.20633228,-1.4028785,1.1788191,-0.5399927,-1.1965462,-1.7188118
3.573265,313.5266,49.729195,0.059089232,-1.1946094,1.0329806,-0.75840324,-1.2536986,-1.7913837
7.179797,361.79266,188.1305,-0.15490644,-0.18946841,0.7962163,0.054662682,-0.034561977,-0.7415536
10.882109,397.65414,250.71996,-0.3500614,-0.07706239,1.1586344,-0.055928618,0.272999,-1.214563
13.6663265,414.58542,572.44806,-0.50719583,-0.6804623,1.0951388,0.2830584,-0.17326647,-0.8120804
5.082183,313.44897,124.73754,-0.7758241,0.058883883,0.09837869,0.08231649,0.83470803,-0.0160622
2.7608256,320.20944,51.522266,-0.4846941,0.13437685,1.0462494,-0.0025688694,0.61907095,-1.0488182
13.784051,443.405,223.14673,-0.54187185,-0.075473376,0.8253808,0.044459723,0.46639848,-0.7809211
7.138079,367.77643,168.63103,-0.37701675,0.29772115,1.0793445,-0.32102054,0.67473793,-1.4003651
5.667188,405.9368,137.93915,-0.37426263,-1.1560488,1.162005,-0.32573178,-0.78178614,-1.4877367
10.74001,367.19852,271.96664,-0.30581027,-1.169893,1.0911751,-0.5089991,-0.86408275,-1.6001742
1.6996197,346.01028,14.816546,1.1211503,1.8929008,-1.308631,0.04117342,0.77175057,1.3498044
10.642284,376.0832,145.96045,1.9065683,2.0174417,-0.3883112,0.27465,0.11087346,0.66296124
10.642284,376.0832,145.96045,1.5797869,2.2674067,-0.077676676,0.32198733,0.6876198,0.399664
7.522038,319.51373,191.07635,2.3028207,1.7499998,0.39294264,0.1313639,-0.5528209,-0.26157874
7.522038,319.51373,191.07635,2.056555,0.8772241,0.24973257,-1.4547125,-1.179331,-1.7044451
1.0834646,67.38114,4.1282773,1.2072551,1.3831328,-0.6582784,-0.8928318,0.17587769,-0.2345534
1.3089111,67.38114,4.1282773,1.2292386,1.6389004,-0.74278927,-0.9706333,0.40966177,-0.22784406
1.3089111,58.09006,3.9378583,1.5968778,1.7091528,-1.083967,-0.9596122,0.112275004,0.12435478
1.4613225,66.24042,5.641836,1.6436222,1.8026127,-0.9266648,-1.1118942,0.1589905,-0.18522942
1.4613225,121.722435,5.641836,1.6636512,1.3490995,-0.97723377,-0.8852175,-0.3145517,0.09201628
1.4680074,189.85306,13.035175,1.2562764,0.32104066,-0.3519264,0.4319157,-0.93523574,0.7838421
1.4680074,189.85306,9.346384,1.2665156,-0.25399286,-0.20877667,0.8498195,-1.5205085,1.0585961
1.14253,172.7889,5.903453,0.023283336,-0.21239495,0.58083785,0.79379,-0.23567829,0.21295214
1.14253,112.57282,5.773115,-0.08795959,-0.0926765,0.84414256,0.5654692,-0.0047169104,-0.27867335
1.5458935,247.83867,7.4310603,-0.11363999,1.7452726,0.76313573,-1.0959284,1.8589126,-1.8590641
2.4209077,124.06451,38.145607,1.1226771,0.8837821,-1.2285464,-0.9249514,-0.238895,0.303595
2.4209077,124.06451,39.04398,1.6387342,1.583297,-0.8471943,-0.6702727,-0.055437207,0.1769216
3.1359155,122.01229,41.400547,1.4135206,1.368839,-0.753943,-0.7806771,-0.04468155,-0.026734054
3.1359155,103.9324,46.258827,1.5521393,1.6938581,-0.8366397,-0.7003325,0.14171886,0.13630718
2.777378,103.9324,46.258827,1.5264452,1.2884071,-0.5982335,-0.43569183,-0.23803806,0.16254169
2.6098611,255.7212,19.700695,0.359313,1.8252522,-1.0029409,-0.5907103,1.4659392,0.4122306
4.42916,360.39636,70.032265,0.33182094,1.5350587,-1.0282881,-0.61973083,1.2032378,0.4085573
4.42916,402.92676,78.96503,0.4616157,0.834782,-0.9478348,-0.77978694,0.3731663,0.16804785
3.8957696,402.92676,78.96503,0.7133112,1.6716814,-0.24451157,-0.18556178,0.9583702,0.0589498
3.0262406,263.5916,70.678116,1.8445991,1.1908956,-0.004268849,-0.8522186,-0.6537036,-0.8479498
1.1724571,40.260094,4.257423,1.2535524,1.3422127,-1.2209643,-1.2845631,0.08866024,-0.06359875
1.1724571,164.24178,4.257423,1.1239086,-0.3681901,-1.2970396,-1.4015567,-1.4920988,-0.1045171
1.8514113,311.7985,20.09033,1.4389122,0.91189826,-1.3738519,-0.9821577,-0.5270139,0.3916942
2.2034802,311.7985,27.900053,0.30036107,0.88753206,-1.2845701,0.1680443,0.58717096,1.4526144
2.2034802,268.74976,35.237785,0.2757154,0.8774864,-0.49576682,0.46266255,0.601771,0.95842934
1.1881857,96.04265,5.5053773,1.1432947,0.8856268,-1.0563712,-0.9039952,-0.2576679,0.152376
1.433807,276.34985,12.536056,1.032177,0.828537,-0.9284874,-0.6524719,-0.20363998,0.27601552
1.433807,296.7945,15.583542,0.84169376,1.3799542,-0.94823873,0.9024372,0.53826046,1.850676
1.421043,296.7945,15.583542,1.6018362,-0.44081268,-0.11090455,0.94808066,-2.0426488,1.0589852
1.0684704,95.938194,2.7163239,-0.37071905,-0.46388492,0.9384804,0.95986855,-0.093165874,0.021388173
1.4304737,196.28906,14.83301,1.4780667,0.7741018,-1.129091,-0.39749146,-0.7039649,0.73159957
1.4304737,264.5946,14.83301,1.227169,1.4886582,-0.63942146,-0.19166777,0.26148915,0.4477537
1.6228334,287.08975,23.613626,0.70532686,1.9422264,-0.1185868,-0.6112614,1.2368996,-0.49267462
1.6228334,287.08975,23.613626,0.9249743,2.03194,-0.31358442,-1.2006884,1.1069657,-0.8871039
1.5449117,249.14264,10.662651,2.331108,1.7782605,-0.93464077,-1.1833533,-0.5528476,-0.24871254
1.3996584,254.32167,10.71685,1.708876,1.5979555,-1.1127752,-0.7155116,-0.11092055,0.3972636
1.8590897,136.15518,17.865313,1.4333949,1.4519372,-0.7496644,-1.2027692,0.01854229,-0.45310473
1.8590897,195.65083,17.865313,1.8156834,-0.17279537,-1.0691854,-1.3383511,-1.9884788,-0.26916575
2.7042782,195.65083,39.398777,2.017867,0.7060899,-1.3769865,-0.9454346,-1.3117771,0.43155193
2.7042782,266.7175,39.398777,-1.3281021,0.5395789,-1.0716699,-0.032166354,1.867681,1.0395036
1.8204892,337.19177,15.3632765,0.44996372,1.6133442,-1.0523952,-1.0943482,1.1633805,-0.041952968
1.8048449,306.99866,15.245402,1.2046038,1.1980829,-0.7324589,-1.1164924,-0.0065208673,-0.3840335
1.7161936,289.80615,12.240536,0.8397563,0.3803349,-1.3144332,-0.925432,-0.4594214,0.3890012
1.5655583,246.04378,9.6075,1.3015072,1.1969692,-0.8669041,-1.0119804,-0.10453808,-0.14507633
1.6169137,246.78723,10.337907,0.7134036,0.9316796,-1.1185255,-1.2004864,0.21827602,-0.08196092
7.4158053,439.9274,139.66165,0.47843838,-2.0798998,-1.3762811,-0.1968032,-2.5583382,1.1794779
7.315561,399.62506,98.25149,0.2917123,-2.0085187,-0.8102766,-0.555523,-2.300231,0.25475365
4.4315987,397.76865,80.12063,0.34059402,-2.0798404,-0.87711716,-0.3859753,-2.4204345,0.49114186
4.1779165,394.33957,50.548817,0.52695596,-1.6246865,-0.8437208,-0.3019549,-2.1516423,0.5417659
8.082181,379.89633,197.97728,-0.95718277,0.63365686,-0.54066575,0.19592515,1.5908396,0.73659086
5.148625,360.02414,101.95197,0.594332,-1.8623438,-1.1537621,-0.5726029,-2.4566758,0.5811592
11.6501,372.45914,279.53314,1.0083978,-0.113890216,-0.89047825,-0.4652265,-1.122288,0.42525175
8.445171,375.0639,227.30289,0.50887644,-0.03249627,-1.0225134,-0.36646393,-0.5413727,0.6560495
7.1646295,344.91425,161.71394,1.0433748,-0.122748986,-0.6236414,-0.17310917,-1.1661237,0.4505322
13.21912,423.1988,295.36588,1.1612653,0.3396549,-0.9353973,-0.13561974,-0.82161033,0.79977757
7.1424327,395.21002,204.68326,0.85933274,0.054214787,-1.0532237,-0.2836447,-0.80511796,0.76957905
13.020276,384.80215,261.1736,0.7997314,0.12884517,-0.8668685,-0.24554682,-0.6708862,0.6213217
9.039116,325.3443,237.62508,0.5023465,0.86411715,-0.9099005,0.17800044,0.36177063,1.0879009
9.631424,432.1536,223.8867,0.4704338,0.66418976,-1.0887587,0.24684015,0.19375595,1.3355988
11.063873,405.50058,313.9598,0.6147323,0.9698809,-1.1670883,0.29521433,0.35514855,1.4623026
4.50929,386.2778,95.47964,0.7514303,1.3006217,-1.2583865,0.28013167,0.5491915,1.5385182
8.805393,371.84518,265.78046,0.5409547,1.1909263,-0.9213216,0.21556346,0.6499716,1.136885
9.201144,432.58838,304.8155,0.6214043,0.3383918,-1.0614761,0.25410175,-0.28301248,1.3155779
2.097703,314.2526,53.96126,0.9913581,0.26223654,0.971249,-0.4809084,-0.72912157,-1.4521574
3.026037,314.2526,59.34503,0.79098856,-0.32417327,0.37213823,-0.74732083,-1.1151619,-1.119459
3.026037,163.0248,59.34503,0.22636612,-0.2627713,-0.52266586,-0.56575435,-0.4891374,-0.043088496
4.7095566,150.10281,89.56699,0.06172768,0.16051842,-0.54669976,-0.32272622,0.09879074,0.22397354
4.7095566,137.71422,93.42741,0.12109826,-0.019101214,-0.5658272,-0.5435861,-0.14019947,0.022241116
1.0441638,6.5000753,0.5708039,-2.0305629,-2.0356882,0.6011607,0.5951475,-0.005125284,-0.0060132146
1.0448588,41.734325,2.5758119,-2.0273845,-2.1048708,0.5970037,0.63811356,-0.07748628,0.04110986
1.1568846,228.77364,6.10016,-2.037724,-1.6514527,0.5933162,1.1389937,0.38627136,0.54567754
1.3069828,228.77364,6.10016,-1.8212268,-1.3751321,0.83043176,1.133953,0.44609475,0.30352122
1.3069828,208.09639,4.5728354,-0.92395556,-2.062122,0.98403215,0.78761804,-1.1381665,-0.19641411
1.5620203,393.9884,13.895381,1.2372673,-0.50974476,0.7087964,-0.8509034,-1.747012,-1.5596998
1.5620203,393.9884,13.895381,0.6328157,-0.6258421,0.07887769,-0.7663731,-1.2586578,-0.8452508
1.4539785,167.74959,6.512484,-0.4645812,0.5090091,-0.8500482,-0.5704287,0.9735903,0.27961946
1.4539785,167.74959,4.832065,-0.020252027,0.67540646,-0.6120914,-0.54504764,0.6956585,0.06704378
1.0908787,240.27025,2.4664521,0.57787836,0.7944253,-0.5613903,-0.5742629,0.21654695,-0.012872636
2.9452114,102.97325,42.011612,-1.4652202,-0.060924362,1.0902662,0.27573642,1.4042958,-0.8145298
3.122724,149.9747,42.011612,-1.1847396,0.25832647,0.6922854,0.26434752,1.4430661,-0.4279379
3.2612555,154.69351,37.909664,-0.5252261,0.08128307,0.46787745,0.34712726,0.6065092,-0.12075019
3.2612555,248.62636,37.909664,-0.50853395,-1.0581748,0.5586893,0.6079506,-0.5496409,0.04926133
3.2315748,248.62636,35.235092,-0.536003,-1.475746,0.7191902,0.85575247,-0.93974304,0.13656229
3.2333267,277.68497,52.40633,-2.5918326,-1.3851215,-0.44405967,-0.8426126,1.2067112,-0.39855295
3.4569747,355.42404,56.515953,-1.7925646,-0.83740294,-0.4382794,-0.4360509,0.9551617,0.0022284985
4.4748425,368.08014,72.82422,-1.3481455,-1.086749,0.29552084,0.6088409,0.26139653,0.31332004
4.4748425,368.08014,80.00019,-1.2752633,-1.7278938,0.15510055,0.58748376,-0.45263052,0.4323832
4.3993864,373.69757,80.00019,-1.9066925,-1.0484258,-0.63566506,0.12510802,0.8582667,0.76077306
1.101009,166.08582,2.5099814,-1.2471024,-1.4456327,1.1659194,1.166446,-0.19853032,0.00052654743
1.101009,220.54594,3.3863277,-1.4368931,-1.6303581,1.1391249,1.200202,-0.193465,0.061077118
2.3749804,251.86835,39.61456,-2.1217778,-1.6107781,1.2432859,0.09718395,0.5109997,-1.146102
2.3749804,251.86835,39.61456,-1.6764227,-1.0234699,0.56094503,-0.1111546,0.6529528,-0.67209965
1.1879419,128.76768,3.7770033,-1.5002791,-0.19778226,0.090400085,-0.7596675,1.3024968,-0.8500676
1.3011838,116.65362,5.66777,0.63844764,0.6381735,-0.11906302,0.4222034,-0.00027412176,0.54126644
1.2853934,216.6694,7.5015545,0.8144434,0.62466425,0.06606902,1.058729,-0.18977916,0.99266005
1.3143373,216.6694,7.5015545,0.67972314,1.3393497,0.79574376,0.22556281,0.6596266,-0.57018095
1.3143373,195.02835,5.8541656,0.6915144,1.8897161,0.9606509,-0.516811,1.1982018,-1.4774619
1.2158953,289.80737,9.88583,1.5303271,-0.3127266,-0.27441156,-1.0441272,-1.8430537,-0.76971567
1.1513883,113.5154,3.5796463,0.91817653,0.35367328,1.0694958,0.53854454,-0.56450325,-0.53095126
1.2888991,224.42601,6.5559864,0.5315697,-0.5477332,0.7263934,0.5831513,-1.0793029,-0.14324212
1.484788,310.47482,16.400152,-0.051398583,0.72546685,0.51032156,0.5602318,0.7768654,0.049910247
1.484788,312.918,16.400152,0.3351578,0.84734714,0.30224326,1.1254612,0.5121893,0.823218
1.3963395,312.918,4.446048,1.1458013,0.89145774,0.9262134,1.0783756,-0.25434357,0.1521622
1.3382958,118.48552,9.860206,-1.5039084,-1.3720261,1.0743186,0.84856284,0.13188231,-0.22575581
1.3382958,243.54614,9.860206,-1.504209,-0.96716917,1.1541226,-0.07964028,0.5370399,-1.2337629
1.3352684,243.54614,7.8027787,-1.1069338,-0.48244968,0.41483188,0.26768732,0.6244842,-0.14714456
1.3732399,157.13187,7.8027787,-0.45962018,-0.5954534,0.22868156,0.19988534,-0.1358332,-0.028796226
1.618129,157.13187,18.413162,-0.52304727,-1.33221,0.2525205,0.72841954,-0.8091627,0.47589904
1.1641734,205.46489,7.1826577,-2.1687367,-1.3663514,0.5910185,1.1300006,0.80238533,0.5389821
1.4270301,163.78299,5.242306,-1.5896347,-1.8368483,1.0503981,1.1613868,-0.2472136,0.110988736
1.4839815,239.00645,7.2439313,-1.303365,-1.5778286,1.1092389,1.1021937,-0.27446365,-0.00704515
1.5106055,259.1668,7.486597,-1.3860906,-1.515561,1.0410554,1.1036412,-0.12947035,0.06258571
1.5106055,259.1668,7.486597,-1.8350092,-1.4924085,1.0441144,1.1390898,0.3426007,0.09497547
4.1185117,329.70947,70.082954,-1.1680756,-0.38676777,1.0209217,-0.7468389,0.7813078,-1.7677606
3.6293592,356.02628,62.972523,-0.5168044,-0.30294624,0.25480276,0.12740761,0.21385816,-0.12739515
3.5285676,323.04617,69.70949,-1.1685629,-0.37614006,1.1360822,0.104360715,0.79242283,-1.0317215
5.1407213,389.57828,105.73789,-0.99519,-0.60095406,1.14975,0.084436044,0.39423597,-1.0653139
7.9145603,441.08963,128.85466,-1.0371072,2.9069226,0.70020705,-0.003947344,3.9440298,-0.7041544
3.5069134,359.57825,48.49179,-0.8930063,-1.0481958,1.321253,-0.08253,-0.15518951,-1.403783
5.05112,355.7721,99.17022,-1.4790895,-0.48036337,1.2906312,-0.013963407,0.9987261,-1.3045946
9.759858,316.30984,233.50316,-1.334002,-0.45402622,1.0488288,-0.024697628,0.8799758,-1.0735265
4.719631,321.1659,120.21356,-1.2380742,-0.35200918,1.1235571,0.28318852,0.886065,-0.84036857
4.0995646,219.11624,111.29232,-0.58192194,-0.42322105,1.3482866,0.259935,0.15870088,-1.0883516
6.181785,349.42963,119.580666,0.0009066999,-0.28723425,1.4489529,0.4326612,-0.28814095,-1.0162917
5.210196,404.73108,167.57549,-0.9609973,0.5657934,1.1828665,0.06887318,1.5267906,-1.1139933
3.2673917,411.6582,46.63484,-1.1623795,0.84464437,0.80023956,-0.018843,2.0070238,-0.81908256
10.273113,404.9267,197.08142,-0.1346706,-2.6097922,1.1007081,-0.23486915,-2.4751217,-1.3355772
3.26605,413.3923,71.11975,-0.3934495,-2.359671,1.0666646,-0.046631735,-1.9662216,-1.1132963
5.0994425,366.61276,121.98674,-0.5859116,-2.0207229,0.4728608,-0.13653031,-1.4348114,-0.6093911
7.3180037,405.47247,162.4772,-0.5871849,-2.5069592,0.69782394,-0.082384944,-1.9197743,-0.7802089
7.3896317,378.8394,172.5205,-0.95035267,-1.163389,-1.3312908,0.45383614,-0.2130363,1.7851269
7.3896317,378.8394,172.5205,-1.4798388,-1.2247907,-0.38136417,0.40109062,0.25504816,0.7824548
4.568005,249.53531,134.60507,-1.1879761,-1.4009115,0.60602343,0.7718956,-0.21293533,0.16587216
3.369535,258.04327,73.25937,-1.3127596,-1.1301305,0.42913264,0.5803489,0.18262911,0.15121627
3.369535,258.04327,62.061623,-1.0361156,-1.3791721,0.70395106,0.6402471,-0.34305644,-0.063703954
1.1802285,60.785492,3.3315241,0.46604496,0.85929376,-1.1835059,-1.3013884,0.3932488,-0.11788249
1.2325138,55.278755,3.69336,0.67092466,0.87183917,-1.1729121,-1.4207793,0.2009145,-0.24786723
1.3490475,54.926228,4.450166,1.0232021,0.8297102,-1.3479195,-1.4173911,-0.19349188,-0.0694716
1.3490475,35.510166,4.450166,0.9651772,0.6623081,-1.4258993,-1.2179809,-0.30286908,0.2079184
1.2043378,48.340084,3.3971012,0.82922906,0.47687045,-1.3649246,-1.1803045,-0.3523586,0.18462002
2.7264152,337.75314,19.189758,-1.2190831,-1.0761607,-1.3924351,-0.33601815,0.1429224,1.056417
2.7264152,337.75314,19.189758,-1.2144791,-0.4797681,-1.2856375,0.90860546,0.734711,2.194243
1.83669,338.65265,7.119715,-0.6190187,-1.221448,0.84433794,-0.78646314,-0.6024293,-1.6308011
1.83669,338.65265,7.119715,0.12199585,-0.9018756,0.75498295,-1.2185209,-1.0238714,-1.9735038
1.1485665,187.4157,3.6652386,-0.99840367,-0.7411033,-1.1556498,-1.2998111,0.25730038,-0.14416134
1.1001512,17.623468,2.151835,0.58745646,0.4672888,-1.2230966,-1.1726176,-0.12016767,0.050479054
2.51639,90.81715,29.345734,0.5102397,0.6098234,-1.2078941,-0.7413767,0.099583685,0.4665174
2.5977876,137.1433,40.29176,0.5769201,0.59725827,-1.210933,-0.68299156,0.020338178,0.5279414
2.660234,137.1433,40.817654,0.6619208,0.7057267,-0.6090549,-0.65311056,0.043805897,-0.04405564
2.8059535,152.66083,46.30947,0.54497135,0.600462,-0.46431106,-0.5655065,0.055490673,-0.101195455
1.1554862,114.644554,4.8583536,0.4659566,0.4766251,-1.1745725,-1.0909255,0.010668516,0.08364701
1.4676759,234.53975,12.61937,0.45851523,-2.5675676,-1.1421909,-1.2310851,-3.0260828,-0.08889413
1.4676759,234.53975,12.61937,0.135635,0.002778563,-1.1111938,-0.75890076,-0.13285644,0.352293
1.3970925,150.86067,9.152865,1.8826641,0.38827744,-1.3464696,0.24619642,-1.4943867,1.592666
1.3970925,183.23082,9.152865,0.034908906,-0.34560922,-0.2331312,0.5100483,-0.38051814,0.74317944
1.0843592,17.097334,1.1872053,-0.89412487,-0.83898485,-1.2593563,-1.2668945,0.05514002,-0.0075381994
1.3322635,258.5447,17.096975,-0.9455544,-0.31663415,-1.2666649,-0.76635695,0.6289202,0.5003079
1.397554,258.5447,17.096975,-1.0404868,-0.8374883,-1.068258,-0.69711673,0.20299852,0.3711413
1.5830774,243.8832,18.50577,-0.30600244,-1.8065411,-0.8867648,-0.4328801,-1.5005386,0.45388472
1.5830774,357.40964,18.50577,-0.8342559,0.7841471,-0.7489079,0.960903,1.618403,1.709811
1.7367576,235.82399,11.760879,-1.2276585,-0.32878608,-1.3381513,-0.71217847,0.89887244,0.62597287
1.9800104,298.83078,20.815928,-1.0881689,0.09038794,-0.76451916,-0.78802687,1.1785568,-0.023507714
1.9800104,298.83078,20.815928,0.71615446,0.37654907,-0.8956057,-1.0588872,-0.3396054,-0.16328156
1.982149,367.91113,11.378023,0.03287611,-0.6475175,-0.6614558,-1.3642391,-0.68039364,-0.7027833
1.982149,367.91113,10.65563,-0.63205725,-1.1946132,-1.0666609,-1.4091569,-0.56255597,-0.34249604
1.1796362,92.366875,2.156067,0.24498336,0.47655353,-1.2623091,-1.320638,0.23157017,-0.058328867
1.1796362,105.31716,6.431794,0.29022413,2.0500743,-1.2625296,-1.0155096,1.7598503,0.24702
1.313697,143.31815,6.431794,1.4298079,0.29445153,-1.2308134,-0.2825283,-1.1353564,0.9482851
1.313697,143.31815,4.5565906,0.6748351,0.28130227,-0.96997947,-0.2141395,-0.3935328,0.75583994
1.3246921,225.77007,10.297939,0.32633966,0.27075338,-0.24432576,-0.5490767,-0.05558628,-0.30475092
1.100556,45.192074,1.9382656,0.5456902,0.5752108,-1.2159077,-1.1545031,0.02952063,0.061404586
1.3770964,153.40062,10.34255,0.49808273,0.75000894,-1.2152009,-1.1853732,0.2519262,0.029827714
1.5442568,196.03537,10.34255,0.7621219,0.62240213,-1.1948532,-1.2215939,-0.13971978,-0.02674067
1.5442568,215.40211,7.279548,0.88853234,0.6587421,-1.1310333,-1.2765166,-0.22979027,-0.14548326
1.5843308,248.26904,7.901973,0.6102498,0.37415913,-1.1133764,-1.1659701,-0.23609069,-0.052593708
7.837993,375.38937,164.08022,0.62990844,0.79298776,-1.1497185,0.49636546,0.16307932,1.646084
4.6958733,360.7896,65.56547,0.17823073,0.72778904,-0.74575156,0.32408515,0.5495583,1.0698367
7.1433268,384.76633,170.28987,0.7371406,0.496313,-1.2345101,0.85126257,-0.24082759,2.0857725
5.538384,332.4529,127.25622,0.12159316,0.6458303,-1.2109373,0.30962524,0.5242371,1.5205625
6.8236217,355.49524,147.03459,0.30676213,-0.04313914,-1.1021453,1.2631049,-0.34990126,2.36525
4.5771594,359.02353,108.9628,-0.36121714,0.34660414,-0.10683022,-0.010433435,0.70782125,0.09639678
1.3142997,85.58154,4.2844653,0.5542202,0.45297456,-1.3644049,-1.2405062,-0.10124564,0.123898745
1.3142997,216.14166,8.362633,0.51873136,-0.087225065,-1.3827078,-1.1662347,-0.60595644,0.2164731
1.5484583,216.14166,8.362633,0.6860532,-0.17948677,-1.0755055,-1.2099116,-0.86553997,-0.13440609
1.5484583,267.46103,18.377167,-0.1072345,0.5987335,-1.3010504,-1.3128263,0.70596796,-0.011775851
1.2519655,267.46103,4.224676,0.0778751,0.6471683,-1.4175875,-1.3139582,0.5692932,0.10362935
1.891883,440.37534,17.011494,-0.21994439,0.86329615,1.1998672,-1.2307816,1.0832405,-2.4306488
1.7987583,333.2037,7.7133837,1.2618028,0.94142044,-1.0919832,-1.3300894,-0.32038236,-0.23810625
1.1424733,111.75785,3.1998992,0.9613816,0.9951712,-1.3202575,-1.2486231,0.033789575,0.07163441
1.0717549,43.946457,1.908341,0.92116135,1.0042453,-1.2757168,-1.2635506,0.08308393,0.012166142
1.0773035,24.272694,1.4429688,0.96298087,0.9346794,-1.2787559,-1.2589686,-0.028301477,0.019787312
1.2521659,305.43768,11.749551,0.92077243,0.9622734,-1.3172462,-0.6365512,0.041500986,0.680695
1.7158817,355.82462,15.17312,1.1205978,1.425012,-0.98454255,-0.7938944,0.30441415,0.19064814
1.7158817,355.82462,15.17312,1.08319,1.1357629,-1.0957623,-1.3229157,0.052572966,-0.22715342
1.2993103,251.0725,5.5923314,0.7837744,0.7259953,-1.2108743,-1.1708637,-0.057779074,0.04001057
1.5364017,272.04565,11.310124,1.1391381,0.6903756,-1.3219477,-1.3030801,-0.44876248,0.018867612
4.6107583,434.7369,50.156296,0.41414517,-1.4535803,-1.0739992,0.030886542,-1.8677254,1.1048857
3.818751,409.8013,96.97658,0.33186466,0.6327792,-1.1957651,0.14771542,0.30091453,1.3434806
10.527929,443.405,221.9023,0.23962645,0.44138408,-0.80551434,0.15521555,0.20175762,0.9607299
5.3421187,419.56775,79.67259,0.25784707,0.49579018,-0.83506984,0.123508215,0.23794311,0.95857805
3.3102038,436.95132,105.01759,1.8145428,-1.6235034,-0.24344572,0.43805408,-3.4380462,0.68149984
3.099055,426.63632,76.25486,1.9590019,-1.2619421,-0.5596144,-0.03260227,-3.220944,0.52701217
1.5828499,283.82434,10.800427,0.9010309,0.91256535,1.1601852,-0.42288476,0.011534452,-1.58307
6.9487915,285.31244,189.47499,0.93699586,0.7774133,0.9130907,-0.72113216,-0.15958256,-1.6342229
6.9487915,285.31244,189.47499,0.9484793,1.1516618,-0.53715336,-0.8259241,0.20318246,-0.28877074
6.863541,236.2538,184.69427,1.0915211,0.92416114,-0.69647187,-0.58235586,-0.16736001,0.11411601
6.863541,236.2538,184.69427,1.1713604,0.9261864,-0.7437259,-0.778293,-0.24517399,-0.034567118
1.0419233,39.679413,1.6324103,-0.5261275,-0.54564077,1.2006462,1.2201521,-0.01951325,0.019505978
1.2172283,73.121414,2.9013188,-0.63935226,-0.16830197,1.2628098,1.061193,0.4710503,-0.20161676
1.3860285,73.88147,7.994783,-0.4237268,0.30760047,1.1356481,0.97866267,0.7313273,-0.15698546
1.3860285,77.82573,7.994783,0.19227049,-0.28631067,0.9527339,1.2138612,-0.47858116,0.26112735
1.1172439,77.82573,5.7562175,0.16151747,-0.62405044,1.1260579,1.2589859,-0.7855679,0.13292801
1.0514019,26.020746,2.2320628,-0.58477926,-0.81706154,1.3517172,1.1934559,-0.23228228,-0.1582613
1.922883,156.18225,17.611233,-0.86468565,-0.24776253,1.2899312,1.0319735,0.6169231,-0.2579577
2.2353678,240.10616,17.611233,-0.6938041,-0.13061868,1.1217444,1.1258548,0.5631854,0.0041104555
2.2353678,263.91226,34.641003,-0.5827435,-0.45118457,1.1309263,1.1272845,0.13155895,-0.0036417246
2.2489154,263.91226,34.641003,-0.41376653,-0.4942097,1.207003,1.0654074,-0.08044317,-0.1415956
1.0549964,43.29404,2.2634625,-0.3795864,-0.0017128356,1.2791913,1.2271223,0.37787357,-0.05206895
1.5142537,119.82386,10.813183,-0.27291262,-0.8146,1.2956901,1.0897382,-0.54168737,-0.20595181
1.5142537,136.11803,10.813183,-0.53797096,-0.23652747,1.0577346,1.1931825,0.3014435,0.13544786
1.52823,170.05429,6.8691015,0.093752876,-0.22514096,1.1944485,1.1295507,-0.31889385,-0.064897776
1.7222441,227.4536,16.849682,0.07938867,-0.042949937,1.2316625,1.0066497,-0.12233861,-0.22501278
1.4492326,240.2145,3.9077997,0.95721406,1.0508416,1.273491,0.4697345,0.09362751,-0.80375654
1.4492326,240.2145,4.1260424,1.0000741,0.13937819,1.2351835,-0.8820904,-0.86069596,-2.1172738
1.3000273,233.43019,4.1260424,0.41265464,0.04710465,-0.25430518,-0.85639584,-0.36554998,-0.60209066
1.1621994,146.21951,3.1392515,0.12258254,0.117518306,-0.827267,-0.56602424,-0.005064234,0.26124275
1.3120196,214.50853,4.5374217,0.0867645,1.4121741,-0.7774325,0.075315066,1.3254097,0.85274756
2.7074442,174.46225,22.517885,-0.5113689,-0.66358566,1.1673157,1.116054,-0.15221679,-0.051261663
4.850845,342.14224,96.932106,-0.5547367,-0.64837164,1.2146119,0.54881436,-0.09363496,-0.66579753
4.850845,342.14224,96.932106,-0.63069737,-0.4929152,0.32313305,1.0388967,0.13778216,0.7157636
2.8404825,162.81154,44.394424,-0.27897403,-0.7456063,0.541467,1.1901063,-0.46663228,0.64863926
2.287882,139.96912,15.525311,-0.7529685,-0.7074439,1.0435733,1.2091544,0.045524597,0.1655811
1.0798858,13.890841,3.0094714,-0.6397447,-0.6152944,1.2684109,1.2469395,0.024450302,-0.021471381
1.0915407,115.927704,5.330226,-0.62839,-1.7039726,1.2535743,1.2533816,-1.0755825,-0.00019264221
1.2231927,155.88727,11.387426,-0.19660023,-0.66366345,1.2866358,1.3316154,-0.46706322,0.04497969
1.5606152,322.3373,23.07607,-2.7115219,-0.26334378,1.1698295,-0.51688606,2.448178,-1.6867156
1.5606152,322.3373,23.07607,0.6012019,1.455239,0.8764728,-0.22909085,0.85403717,-1.1055636
1.1600462,111.64967,5.9016647,0.9616833,1.5971036,1.2499728,1.1055218,0.6354203,-0.14445102
1.1161268,64.12894,5.9016647,1.1855161,1.6577793,1.1083418,1.0329249,0.47226322,-0.07541692
1.1937495,103.46101,4.7986507,1.7035078,1.8130604,1.1210989,1.0202005,0.10955262,-0.100898385
1.4050148,265.3121,9.165144,1.8918082,1.4958776,1.0719572,-0.16886984,-0.39593053,-1.2408271
1.4050148,265.3121,9.165144,1.9031852,0.52831113,1.0918192,-0.87816846,-1.3748741,-1.9699876
1.1692872,121.3937,3.116271,0.783699,0.36473468,1.22392,0.30011186,-0.4189643,-0.9238081
1.4455963,250.47574,9.644198,0.74957734,-0.3116202,0.98575574,0.5638094,-1.0611975,-0.42194635
1.4455963,250.47574,9.644198,-0.0037594126,0.17665988,0.52427137,0.04072266,0.1804193,-0.4835487
1.287532,173.51628,8.076406,0.07571765,0.09909728,0.31217593,0.3371007,0.023379631,0.024924785
1.287532,107.36681,6.509936,0.101583086,0.2153962,0.29909328,0.47275558,0.11381311,0.1736623
1.0424438,36.79203,1.6508609,-0.7068242,-0.32914287,1.3304917,1.3485401,0.37768131,0.018048406
1.2743479,128.6598,6.330222,-0.67606467,-0.92232645,1.3296906,1.0910112,-0.24626178,-0.23867941
1.2743479,128.6598,10.898161,-0.47959846,0.37372637,1.317249,0.92201585,0.85332483,-0.3952331
1.1681148,94.25362,10.898161,-0.5921874,0.27382863,0.77602476,0.8295757,0.86601603,0.05355096
1.0822148,50.81371,3.0771673,0.51380664,0.2600053,0.8139988,0.8291985,-0.25380135,0.015199661
1.0559591,16.116322,1.1572838,-0.6647109,-0.46960098,1.1490855,1.2113667,0.1951099,0.06228113
1.2773738,64.11052,4.1484895,-0.5397478,-0.76966065,1.1993928,1.1964327,-0.22991288,-0.0029600859
1.3342179,107.66916,5.095023,-0.3892032,-0.38438776,1.1403946,1.1684421,0.0048154294,0.028047562
1.5360414,140.72324,8.305401,-0.586911,-0.6222402,1.0673149,1.2568027,-0.035329163,0.18948781
1.5815675,140.72324,10.983819,-0.69859415,-0.7837886,1.2004911,1.1219816,-0.08519447,-0.07850945
1.0631841,23.756092,2.8763444,-0.73942304,-0.827833,1.2369806,1.2942705,-0.08840996,0.057289958
1.0631841,53.371815,2.8763444,-0.5908505,-0.40317526,1.2685423,1.2035763,0.18767521,-0.06496596
1.3631898,163.48732,8.452296,-0.59173733,-0.3342394,1.2914556,0.5355919,0.25749794,-0.7558637
1.3631898,163.48732,8.452296,-0.6950909,-0.46706557,1.1953084,1.0848926,0.22802532,-0.11041582
1.2095523,110.36182,5.050516,-0.20579359,-0.6304018,0.39960107,1.2260449,-0.4246082,0.8264438
1.9084079,115.894615,20.995104,-0.8674682,-0.5278457,1.2356265,1.2244089,0.3396225,-0.011217594
1.916563,118.95877,26.276094,-0.8871622,-0.92322,1.2470624,1.1024241,-0.03605777,-0.1446383
1.916563,188.18085,45.77722,-0.85795164,-0.9147752,1.0833261,1.1393121,-0.05682355,0.055986047
2.1267865,188.18085,45.77722,-0.993233,-0.7970685,0.9983799,1.1226103,0.19616455,0.124230444
2.5246062,251.58194,40.98726,-1.292702,-0.9084967,1.2163675,1.0830257,0.38420528,-0.13334179
1.6575854,226.87964,14.398444,-0.7693182,0.74592733,1.2333534,1.4383237,1.5152456,0.20497036
1.6575854,226.87964,14.398444,-0.023617353,-1.368176,1.297699,1.399782,-1.3445586,0.10208297
1.6238853,151.13231,12.56761,-0.72227496,-1.0350158,1.1855184,1.3596807,-0.31274086,0.17416227
1.6866825,227.66286,15.564502,-0.7269899,-1.1522444,1.1648824,1.2447438,-0.42525452,0.0798614
1.6866825,227.66286,15.564502,-0.6521051,-1.3489212,1.1939819,1.270957,-0.6968161,0.07697511
1.7376845,73.54922,19.900257,-0.91197646,-0.8905905,1.1989448,1.029194,0.021385968,-0.16975081
3.9309392,128.426,75.05061,-0.8681595,-0.9831398,1.1733932,0.7364596,-0.11498034,-0.43693364
3.9309392,193.8686,79.82575,-0.8340006,-0.34497675,0.6291228,0.6951431,0.48902383,0.06602031
4.0585585,193.8686,84.34364,-0.84818876,-0.9915636,0.42529282,0.40528065,-0.14337486,-0.02001217
4.0585585,223.32391,84.34364,-0.8297059,-0.74350625,0.5367998,0.48881048,0.08619964,-0.04798931
1.8609403,271.11505,23.972197,-1.0281574,-0.9948617,1.1912829,1.0300577,0.03329563,-0.1612252
1.8609403,271.11505,28.00327,0.015154004,-0.8548604,1.3365104,0.08754532,-0.8700144,-1.2489651
1.7500306,264.3377,28.00327,-1.1471227,-0.024489447,0.5421369,-0.040223848,1.1226333,-0.58236074
1.2258378,223.04857,8.643073,-0.13241103,-0.23200357,-0.14690286,-0.0017213782,-0.09959254,0.14518148
1.371906,200.54669,11.818123,-0.010844628,-0.65963125,0.009503134,0.556483,-0.6487866,0.54697984
1.2695091,82.13096,5.482671,-0.921868,-1.072854,1.1713598,0.9029148,-0.15098602,-0.26844496
1.2695091,82.13096,6.493524,-1.2286206,-0.8911756,1.159106,0.41926804,0.33744502,-0.739838
1.4630119,106.76029,7.887113,-0.88800544,-1.167577,0.5270593,0.96018183,-0.2795716,0.43312252
1.4630119,106.76029,7.887113,-0.9290724,-1.0088737,0.43147868,1.1691988,-0.07980132,0.7377201
1.1278268,60.814648,5.141735,-1.1595194,-0.90160435,1.2578485,1.1812279,0.25791508,-0.07662058
1.3566406,134.12125,12.574813,-0.8030629,-1.1658605,1.1984775,1.255156,-0.36279762,0.056678534
1.3566406,135.89537,12.574813,-0.6876256,-0.9093649,1.0728552,1.1498003,-0.22173929,0.07694507
1.2931873,135.89537,7.8619423,-1.4521837,-0.8653871,1.2103326,1.1425194,0.58679664,-0.06781328
1.2700747,102.057205,7.8619423,-1.0722086,-0.9495862,1.193198,1.2037266,0.12262243,0.010528684
1.3086698,134.40744,7.388407,-0.8586795,-0.94528466,1.128349,1.2883661,-0.08660519,0.16001713
1.1690736,61.604355,5.26602,0.5993095,0.5928522,-0.87569493,-0.86800003,-0.006457329,0.0076949
1.2844337,121.7515,5.9440794,0.48022357,0.14527205,-0.9023346,-0.7519149,-0.33495152,0.15041965
1.5467285,121.7515,5.9440794,0.42638412,-0.040286426,-0.744769,-0.64163786,-0.46667054,0.103131115
1.5467285,107.64736,4.996991,-0.038701203,0.15421075,-0.6640762,-0.92895925,0.19291195,-0.26488304
1.490506,197.68137,4.996991,-0.13776758,0.6269587,-0.6933807,-1.1191952,0.7647263,-0.4258145
3.6445563,240.56894,60.4082,0.33879444,0.30519697,-0.81256866,-0.22008462,-0.03359747,0.59248406
4.444898,252.97498,73.79504,0.30991656,0.3001407,-0.83036995,-0.30203614,-0.009775847,0.5283338
4.444898,280.2392,83.09542,0.4412465,0.2509755,-0.0850572,-0.06893059,-0.19027102,0.01612661
4.1667933,344.12024,83.09542,-0.10337286,0.23186965,-0.06252506,0.24192846,0.3352425,0.30445352
4.8163986,344.12024,98.59793,0.35405213,0.40175182,0.14173894,-0.16373122,0.04769969,-0.30547017
1.2480124,56.46189,4.5518756,0.6627399,1.0506666,-1.018799,-1.0368927,0.3879267,-0.018093705
1.906727,168.2052,12.510848,0.9276842,1.0649292,-1.026476,-0.54991114,0.13724506,0.47656488
5.506735,301.10895,86.326866,1.3879248,1.3188865,-0.88071555,0.22206584,-0.06903827,1.1027814
5.506735,313.59348,95.83695,0.65915316,-0.18592739,-0.6915749,-0.90214235,-0.84508055,-0.21056747
5.4121404,313.59348,102.10211,0.050916605,1.2647214,-0.7469673,0.24865799,1.2138048,0.9956253
1.272764,226.76872,6.1232567,1.4404519,-0.10972947,-0.5949396,-1.2844379,-1.5501814,-0.6894983
1.4533265,226.76872,11.94095,1.2677144,0.5347723,-0.82897985,-0.66347015,-0.7329421,0.1655097
1.5611143,223.02016,11.94095,0.07266949,1.3800914,-1.2557878,-0.12684712,1.3074219,1.1289407
1.5611143,154.92868,11.865843,0.94119996,1.088638,-0.30461773,1.2574387,0.14743799,1.5620564
1.9447087,219.03534,19.899714,1.2804241,-0.19654575,0.20662408,0.5842711,-1.4769698,0.37764698
1.0706282,88.63703,1.98524,0.48572102,-0.08462472,-1.0695928,-1.4000243,-0.57034576,-0.33043146
1.8667091,227.05731,22.403908,0.5830513,2.2362294,-1.1108031,-1.2972157,1.6531781,-0.18641257
1.8667091,227.05731,22.403908,-2.1437476,0.456221,-1.3737153,-0.16889974,2.5999687,1.2048155
1.337877,170.63472,11.135313,1.0207672,0.657118,-1.1608249,-0.016916994,-0.3636492,1.1439079
1.1803446,107.30791,3.6299884,0.6425169,0.59582144,0.009214541,0.05893935,-0.04669547,0.04972481
1.6471208,178.97586,9.490031,0.62779516,0.6974679,-1.1204039,-1.1876757,0.06967276,-0.06727183
1.2544379,90.89285,3.8376927,0.5489157,0.65615094,-1.0968769,-1.1547221,0.10723525,-0.057845235
1.1128036,44.89283,2.2473724,0.6481117,0.7452214,-1.1595237,-1.1258721,0.097109675,0.03365159
1.1850814,91.38228,2.286768,0.76969254,0.606367,-1.1377078,-1.1062256,-0.16332555,0.03148222
1.1850814,98.55947,2.38176,0.64997995,0.6132486,-1.0453222,-1.0216675,-0.036731362,0.0236547
9.439709,428.24667,233.13165,-0.30328402,-2.4616408,-1.0473925,0.12949368,-2.158357,1.1768862
7.8343472,356.5344,215.8695,0.5583829,0.26711887,-0.99453527,0.30708188,-0.29126406,1.3016171
9.388943,434.5395,217.61842,0.73314464,-2.2791486,-0.73082584,0.46731097,-3.0122933,1.1981368
7.43792,432.9451,170.01965,0.33426535,-2.20277,-0.95272017,-0.042242367,-2.5370355,0.9104778
7.855018,369.60605,161.27112,0.20392016,-2.408645,-0.66593057,0.21980715,-2.612565,0.8857377
8.194761,438.07007,162.79584,0.26479214,-2.4251266,-0.82797563,0.3529184,-2.6899188,1.180894
4.698103,298.6565,69.038414,0.63095367,0.26664832,-1.0900708,-1.234247,-0.36430535,-0.14417613
8.742881,301.82114,155.96852,1.1691992,0.12250463,-0.78639054,-1.2914594,-1.0466946,-0.5050689
8.003507,310.19833,269.86835,0.6971418,0.16017476,-1.0378165,-1.3995627,-0.53696704,-0.3617462
10.530005,343.16354,182.2043,0.6295509,0.023731131,-1.021744,-0.8717613,-0.60581976,0.14998269
3.8528354,303.28857,55.7835,0.533453,0.57715464,-0.6916437,-0.21818475,0.04370165,0.47345895
4.945686,305.15546,131.6927,1.4143927,0.45148644,-0.2260063,-0.55110663,-0.96290624,-0.32510033
6.9894896,439.42917,101.3362,0.7505086,-2.3205478,-1.051776,0.3696354,-3.0710564,1.4214115
4.1311126,435.49506,64.359856,0.4920025,-2.2093832,-1.0732999,0.22355056,-2.7013857,1.2968504
7.8622184,352.9201,197.7276,0.56813323,-1.1386511,-1.0374682,0.96237004,-1.7067844,1.9998382
6.791214,400.05502,136.40918,0.3832561,-2.4073904,-0.79930985,0.16822532,-2.7906466,0.96753514
4.623382,428.9585,97.06851,0.3997805,1.255091,-0.8720452,0.59000075,0.85531044,1.4620459
10.453705,366.23587,256.5387,0.22995281,-2.5950432,-0.74298906,0.16161428,-2.824996,0.90460336
7.0600085,275.92596,171.77592,-1.7942626,-0.9271221,-1.2689936,0.6189009,0.86714053,1.8878945
7.0600085,278.09183,171.77592,-1.3456671,-0.3377541,0.3024681,0.58155173,1.007913,0.27908364
3.289166,278.09183,82.86571,-0.87247837,-0.6835833,0.74542856,0.6902388,0.18889505,-0.05518979
3.7524512,258.03287,83.18367,-0.72394025,-1.0016315,0.74643815,0.7915925,-0.27769125,0.045154333
3.7524512,258.03287,83.18367,-0.3287197,-0.35520798,1.0295782,0.8456768,-0.026488274,-0.18390143
1.324747,90.608406,6.5383315,1.5211143,1.5644982,-1.2911483,-1.3648924,0.043383837,-0.07374406
1.324747,103.53886,11.424795,1.2976601,2.2538517,-1.293327,-1.398949,0.95619154,-0.10562205
1.3582205,118.37489,11.424795,1.9030237,0.50634277,-1.406106,-1.4567418,-1.396681,-0.050635815
1.5181735,199.2306,10.4002,2.25592,1.6608242,-1.3829564,-1.3682466,-0.59509575,0.01470983
1.5181735,199.2306,10.4002,1.402237,1.5719566,-1.2582504,-1.3259138,0.16971958,-0.06766343
1.1399375,84.270454,4.223752,1.6436619,1.1663396,-1.2655073,-1.2712934,-0.47732222,-0.0057860613
1.6834538,87.14553,6.3278737,1.6726668,1.6473484,-1.2727795,-1.4075361,-0.025318384,-0.13475668
2.562331,272.2058,45.5251,1.3852711,0.46992072,-1.1575778,-1.2548624,-0.9153503,-0.097284675
2.562331,272.2058,45.5251,1.9286315,1.6146389,-1.2412815,-1.1971103,-0.31399262,0.044171214
2.2206807,241.60194,43.723583,0.7411381,1.7787006,-1.3906915,-1.2156298,1.0375625,0.1750617
1.6609037,319.85443,12.489599,1.5672209,0.59433395,-1.2532816,0.4533287,-0.972887,1.7066103
1.3656548,226.30417,11.813262,0.65376055,0.73216134,0.29461023,0.44808048,0.07840079,0.15347025
1.4912628,187.63652,18.47194,0.86560136,0.2283082,0.82847726,0.4088965,-0.63729316,-0.41958076
1.4912628,182.28568,18.47194,0.87209666,0.47870055,0.26396146,0.43246475,-0.3933961,0.16850328
1.4912628,200.56895,9.411812,0.48006892,0.772754,0.33145112,-0.37761793,0.2926851,-0.709069
1.4083047,248.40468,3.5141528,-1.5865611,-1.8298256,-1.2918619,-0.12370384,-0.24326456,1.168158
1.4083047,248.40468,3.5141528,-1.4938116,-0.7769959,-1.2724627,1.0731039,0.7168157,2.3455667
1.0487658,123.84515,1.7567724,-1.5579385,-0.24970205,0.7556118,1.0318139,1.3082364,0.27620208
1.1167877,39.768665,3.2070727,-0.47459745,-0.2421618,1.0572616,0.9812353,0.23243566,-0.07602626
1.1167877,51.989655,3.3373327,-0.28638196,-0.18918332,1.0183971,0.9143689,0.097198635,-0.104028165
2.2086246,78.74001,14.635617,1.6330284,1.4438927,-1.3189586,-1.395514,-0.18913567,-0.07655537
2.2962723,122.88452,31.772476,1.6853853,0.2825758,-1.3592134,-0.6217257,-1.4028096,0.7374877
2.6477618,242.06873,31.772476,1.0791341,0.38093138,-0.55397063,-0.63408464,-0.6982027,-0.08011401
3.1981807,242.06873,32.788647,0.21432824,-0.075152315,-0.7351743,-0.93507826,-0.28948057,-0.19990396
3.5496054,212.05177,46.56166,-0.5602151,0.6258862,-1.3143127,-1.4354924,1.1861013,-0.1211797
1.1125449,62.382946,4.0933967,1.6024592,0.14695339,-1.3152668,-1.468476,-1.4555058,-0.15320921
1.3184642,268.9829,5.774695,1.6572526,-0.6585051,-1.3184355,-1.1593422,-2.3157578,0.15909338
1.5622714,268.9829,29.07518,-0.088407144,1.3221684,-1.3932211,0.06311521,1.4105755,1.4563364
1.5622714,198.25963,29.07518,0.7144431,1.4923646,-0.9656852,0.021059208,0.77792156,0.9867444
1.0488107,133.08218,4.5306473,1.2760055,1.5815418,0.16215307,0.027166862,0.30553627,-0.1349862
1.611027,219.6802,12.72713,-1.4126147,-1.2397873,-1.2700396,-0.65467,0.17282736,0.61536956
1.611027,226.16971,15.484819,-1.3874238,-1.8512766,-0.81194973,-0.98734504,-0.46385288,-0.17539531
1.4418159,254.52167,15.484819,-1.1493943,-1.5558735,-0.8775029,0.09603055,-0.40647924,0.97353345
1.3461611,254.52167,8.036238,-2.1938124,-1.4392166,-0.70253205,0.30321342,0.75459576,1.0057454
1.1322621,113.76618,4.132855,-1.1813215,-1.3858436,0.44454613,0.31369552,-0.20452213,-0.13085061
1.6129802,224.6098,8.972221,-1.7832582,-0.32584858,-1.3302728,-0.46620002,1.4574096,0.8640728
1.5120552,280.70825,15.357221,-1.1457964,-0.47314772,-0.66791594,-0.54719764,0.67264867,0.1207183
1.3592079,280.70825,15.357221,0.482915,-0.22542472,-0.59323144,-0.009156295,-0.70833975,0.58407515
1.3592079,206.70389,12.642965,-0.7977869,-0.2751241,0.12136941,-0.17910583,0.52266276,-0.30047524
1.184857,131.48085,2.5306463,-0.09502933,-0.0032357934,-0.08344482,-0.28587946,0.09179354,-0.20243464
1.1500081,218.32263,8.318696,1.2707405,0.7071772,-1.3928072,-1.3209383,-0.5635633,0.0718689
1.1500081,218.32263,8.318696,1.2986325,1.0353559,-1.3479483,-0.7336658,-0.26327658,0.6142825
1.1096667,65.98663,4.6606483,0.93693817,1.0114189,-0.9318075,-0.7493348,0.07448077,0.1824727
1.2944028,108.34541,4.0233016,1.0077912,1.2847596,-0.7485469,-1.0887554,0.27696848,-0.34020847
1.2992772,128.02663,4.49374,1.0566552,1.4331071,-0.7402797,-1.3019339,0.37645197,-0.5616542
1.0685456,165.91763,2.3694932,1.5939206,1.5870435,-1.246496,-1.2389889,-0.0068770647,0.007507086
1.4479063,246.55025,12.52445,1.4196014,1.5909301,-1.3107898,-1.2780862,0.17132866,0.032703638
1.5852255,246.55025,17.273302,1.778747,1.3877505,-1.3198428,-1.3167832,-0.39099646,0.0030596256
1.7227302,247.68689,17.273302,1.4818026,1.1853663,-1.2016094,-1.2685497,-0.2964363,-0.06694031
1.7227302,251.43391,11.820779,1.6355524,1.4441969,-1.1855,-1.3605545,-0.19135547,-0.17505443
1.7229133,270.19278,17.028738,-1.2794815,-1.3005984,0.9614924,0.6792513,-0.021116853,-0.2822411
1.7229133,270.19278,17.028738,-0.91184825,-1.1874166,0.7612205,0.8236705,-0.2755683,0.06244999
1.2957262,140.87038,7.8426123,-1.1861107,-1.0612509,0.6341052,1.0357442,0.12485981,0.40163898
1.2957262,202.10817,7.8426123,-1.0430737,-1.7407852,1.0280598,-0.30785954,-0.6977116,-1.3359194
1.2430508,202.10817,6.3408914,-1.140704,-1.542279,0.86273545,-0.95702285,-0.40157497,-1.8197583
1.7729399,173.25925,23.339016,-1.0184549,-0.61204696,1.0428958,0.53053606,0.40640795,-0.51235974
1.7729399,207.90718,23.339016,-1.1193135,-1.0191586,0.8797735,0.6314256,0.10015488,-0.24834788
1.8319265,207.90718,11.973256,-0.44251695,-1.2879698,0.37461436,0.95415246,-0.8454529,0.5795381
1.8319265,208.83354,11.973256,-1.076104,-1.2327329,0.8449639,0.839698,-0.15662885,-0.0052658916
1.8564943,208.83354,24.85692,-1.1599423,-1.0476172,0.97802037,1.0303833,0.11232507,0.05236298
1.1908442,114.54597,6.6122146,-1.0253919,-1.121769,1.0315284,1.151282,-0.096377015,0.1197536
1.3468045,188.01218,6.6122146,-1.1488495,-1.3898855,1.0322161,1.1228554,-0.24103606,0.09063935
1.428044,226.07831,9.118292,-0.99092484,-1.4797163,1.1346515,1.0869879,-0.48879147,-0.04766369
1.6382812,226.07831,11.343062,-1.0697591,-1.0510739,1.0309553,1.0333357,0.018685222,0.002380371
1.6382812,194.40298,15.225431,-1.3429136,-1.0909091,1.0520663,1.1417996,0.2520045,0.08973324
2.8750618,204.66188,34.547447,-0.93766594,-1.1250011,0.35782564,0.98018235,-0.18733513,0.6223567
3.2886558,205.27664,83.63889,-1.2683942,-0.973742,1.0271715,0.46443573,0.29465222,-0.5627358
3.516075,205.27664,83.63889,-1.2394173,-0.7929887,0.371239,0.55844533,0.4464286,0.18720633
3.516075,212.37741,73.89174,-1.0194852,-1.0400913,0.4449528,0.64551073,-0.020606041,0.20055795
3.3236864,212.37741,58.68918,-0.9951787,-1.2888544,0.6734083,0.45384517,-0.29367566,-0.21956316
1.0645946,67.07566,3.1709404,-1.1217318,-1.3938777,1.1202189,1.2435429,-0.272146,0.12332404
1.3659568,166.39218,9.704351,-1.065222,-1.2751527,1.1456412,1.0944672,-0.20993066,-0.051174045
1.3919929,166.39218,11.319864,-0.9771288,-0.45473403,1.3694507,0.522616,0.5223948,-0.84683466
1.4122064,150.71613,11.319864,-1.6406014,-0.37315196,1.1479949,-0.10543005,1.2674494,-1.2534249
1.5807714,182.29773,16.567266,-0.3899742,-0.11743665,0.21702445,-0.013891864,0.27253756,-0.2309163
1.1168735,127.06079,4.060692,-1.1509326,-1.40281,1.1853459,1.4282658,-0.25187743,0.24291992
1.2421676,180.04256,9.297135,-0.9201441,-1.1390928,1.1830351,1.220628,-0.21894872,0.037592888
1.4890882,180.04256,9.297135,2.3352952,-1.1286948,1.2143084,0.5865318,-3.46399,-0.62777656
1.4890882,148.06209,8.375812,-0.7667116,-1.0425427,0.8222534,0.58939135,-0.2758311,-0.23286206
1.2388388,103.2561,4.2925596,-0.9814798,-0.9116985,0.5204379,1.1790237,0.0697813,0.65858585
1.169371,112.341705,5.9624496,-1.8641949,-1.0815018,0.8211924,1.1042238,0.782693,0.28303146
1.7793964,256.30267,33.360626,-1.3157555,-1.5128831,1.0182757,1.1549073,-0.19712758,0.13663161
1.7793964,256.30267,33.360626,-0.9978692,-1.1040509,1.2023914,1.1088984,-0.10618168,-0.093492985
1.5481027,208.97737,12.844313,-1.3479856,-1.4395244,0.9833517,1.1094671,-0.09153879,0.12611544
1.5481027,169.3216,12.844313,-1.1098137,-1.2771419,1.196484,1.0419382,-0.16732824,-0.15454578
1.115549,87.46573,4.8809915,0.8168098,0.98062783,0.48996457,0.4055881,0.16381806,-0.084376484
1.056555,94.74429,3.445506,0.9652626,1.0575968,0.3548036,0.50703156,0.09233421,0.15222797
1.3193761,110.84433,5.2188873,1.0477434,1.6595078,0.30443746,1.233082,0.6117643,0.9286446
1.3987856,148.64413,5.2188873,1.237145,0.84423715,1.1575599,0.62182343,-0.3929078,-0.53573644
1.3987856,148.64413,4.828772,1.2446339,0.67750496,1.2314111,0.13565126,-0.56712896,-1.0957599
2.244194,263.73376,52.0813,1.8575977,1.6613086,1.1360438,1.1249197,-0.19628906,-0.011124134
2.244194,362.46924,52.0813,1.7356102,1.2804579,0.9022989,1.1268619,-0.4551524,0.224563
2.9125326,362.46924,53.841072,2.2090554,1.2105253,0.9851931,0.9746405,-0.99853015,-0.010552585
2.9125326,367.85004,53.841072,1.8283803,1.4051244,0.80029285,0.4803235,-0.42325592,-0.31996936
2.346229,367.85004,34.75369,1.3700569,1.6564258,0.69490725,0.47047964,0.28636897,-0.22442761
1.8494265,340.15085,18.326408,0.9199173,0.93151265,0.04224524,0.3277258,0.011595368,0.28548056
1.8494265,340.4115,18.326408,0.65251094,0.80575436,-0.071526736,0.2820757,0.15324342,0.35360244
1.6111118,340.4115,11.283977,0.6975977,0.863634,0.30461463,0.44701806,0.16603631,0.14240342
1.5466113,295.1543,7.4986815,0.40571842,0.52774584,0.5197354,0.93316,0.12202743,0.4134246
1.5798546,374.32184,8.26208,0.86458427,0.58048725,0.7096851,0.95824337,-0.28409702,0.24855828
2.6880052,277.67343,38.350986,1.6531429,0.38400072,0.8558915,0.13326281,-1.2691422,-0.7226287
2.788682,277.67343,50.87329,1.8401496,0.6960581,1.0085661,0.025801355,-1.1440916,-0.9827648
2.7949748,108.935135,50.87329,0.50781834,0.6157991,0.26840025,0.13876589,0.10798079,-0.12963437
3.6183941,208.6442,45.530098,0.12108376,0.24418513,0.1464059,0.2333142,0.123101376,0.086908296
3.6183941,208.6442,43.270306,0.40586606,1.1361995,0.11101774,-0.05144764,0.73033345,-0.16246538
1.0495738,180.32692,3.5454185,1.8463064,-0.46490306,1.1388931,1.2137619,-2.3112094,0.0748688
1.6685218,208.58263,32.213196,2.1368365,1.1534073,1.3087974,0.3917773,-0.9834292,-0.9170201
1.6685218,208.58263,32.213196,-1.0047904,1.5887688,1.0546949,-0.12784234,2.5935593,-1.1825372
1.5617518,264.64133,36.89297,1.0980786,1.9950483,-0.23282814,-0.17473333,0.8969697,0.058094814
1.5617518,264.64133,36.89297,1.9538171,1.9072425,-0.14741017,-0.21846335,-0.046574593,-0.07105318
1.2476134,294.39346,11.25913,1.1580577,1.0671952,0.5381456,0.48399934,-0.09086251,-0.05414626
1.2476134,294.39346,11.25913,1.5203363,1.7023277,0.702377,0.5421846,0.18199146,-0.16019243
1.2288527,119.46369,8.073762,1.411648,1.683678,0.52476716,0.5531002,0.27203,0.028333068
1.0907534,71.385284,8.073762,1.6238127,1.6108176,0.58145255,0.5274777,-0.012995124,-0.053974867
1.5168246,163.65633,13.119411,1.6084296,1.6424878,0.52034557,0.46107188,0.034058213,-0.05927369
1.1545295,129.9478,3.238091,1.0122743,0.65996206,0.43232876,-0.054917544,-0.3523122,-0.4872463
1.2503817,109.039276,7.217109,0.8216518,0.84864676,0.067616895,-0.030488094,0.026994944,-0.09810499
1.3402193,117.02307,7.217109,0.66640353,0.9430876,-0.12171753,0.04300454,0.27668405,0.16472207
1.3402193,117.02307,6.5583944,0.8661645,1.0097079,-0.061123826,-0.07597325,0.14354342,-0.014849424
1.5270268,226.75478,15.859532,0.9784066,1.0524849,0.032726116,0.25651324,0.07407826,0.22378713
2.3845282,441.66144,37.798668,1.4676365,-1.4807818,-0.0627994,-0.11854172,-2.9484181,-0.055742316
3.2454138,386.97745,69.26187,1.2913523,-1.5643203,0.621971,-0.045839958,-2.8556726,-0.667811
2.9319494,343.66397,45.439423,-1.1431997,-1.0934087,0.29400674,-0.1299916,0.04979098,-0.42399836
3.490251,390.26245,82.15656,1.659951,1.4350126,-0.49392748,-0.22470984,-0.2249384,0.26921764
5.070825,363.22278,73.264786,1.2797594,0.93485147,-0.8497926,-0.2522954,-0.34490794,0.5974972
3.6362383,430.70673,43.085056,0.9725374,0.70933944,0.034698628,-0.021384768,-0.26319796,-0.056083396
3.741267,364.5104,31.42897,1.9641962,-1.3013283,0.34262493,-0.41238418,-3.2655244,-0.7550091
2.9667852,406.7608,53.432175,1.0384098,0.580279,-0.07270893,-0.16182922,-0.45813084,-0.08912029
4.3319793,425.54993,47.19237,1.3758266,-1.3111246,0.27058664,-0.33525932,-2.6869512,-0.6058459
3.838655,410.21487,112.874405,0.37238163,0.9310161,1.1710762,-0.129492,0.55863446,-1.3005682
3.838655,410.21487,112.874405,0.69744474,1.2279868,0.86324614,0.14893731,0.5305421,-0.71430886
4.805841,367.5324,133.71085,1.2499179,1.2131588,-0.053628933,-0.17859806,-0.03675902,-0.124969125
4.805841,345.84427,141.3659,1.4157908,0.65331006,-0.23379166,0.53824943,-0.76248074,0.7720411
4.2560253,324.37378,141.3659,0.7295992,0.239548,-0.08316809,1.1545938,-0.49005118,1.237762
1.0918412,20.621466,1.4117599,0.25251788,0.40704584,-1.1820457,-1.2556329,0.15452796,-0.07358718
1.3453497,107.97029,5.4289165,0.21812074,0.5477897,-1.1911075,-1.2424328,0.32966894,-0.05132532
1.3453497,107.97029,5.4289165,0.5082184,0.37253946,-1.2315437,-1.0407751,-0.13567895,0.1907686
1.4660636,88.64082,5.0888243,0.3614021,0.2346811,-1.0851736,-1.2331742,-0.126721,-0.1480006
1.4660636,88.64082,4.989922,0.25727338,0.2284861,-1.1547158,-1.2335098,-0.02878727,-0.078794
1.4039258,356.22366,7.76217,0.53358155,0.31908715,1.1365027,-0.9623908,-0.2144944,-2.0988936
1.4039258,356.22366,9.964371,0.653199,0.16917683,0.8572796,-1.0112984,-0.4840222,-1.868578
2.4127262,357.739,15.530753,0.28352875,0.7292214,-1.0235544,0.1107202,0.44569266,1.1342746
2.4127262,357.739,22.982126,0.010413629,0.650308,-0.9136947,1.2003958,0.63989437,2.1140904
2.080118,326.68057,22.982126,0.78397083,0.5443963,1.0678983,1.1847621,-0.23957455,0.11686385
2.128872,103.780464,37.34971,0.35660082,-0.3466033,-1.1715821,-1.0212355,-0.70320415,0.15034664
2.4608874,137.82176,37.34971,0.3936923,-0.07425277,-1.1699212,-1.0491121,-0.4679451,0.12080908
2.4608874,137.82176,32.853504,0.108225025,-0.019690126,-0.8351959,-0.6847872,-0.12791514,0.15040869
2.7142243,137.93697,35.885044,-0.08120471,-0.0348204,-0.85566634,-0.75044847,0.046384312,0.105217874
2.7142243,137.93697,35.885044,-0.17008993,-0.13487265,-0.8731971,-0.53661263,0.035217285,0.33658445
1.6089699,206.60077,18.067183,0.32612437,0.9796792,-1.1966646,-0.38463217,0.65355486,0.8120324
3.9218698,321.83838,76.736595,0.28768343,0.6202864,-1.1864986,-0.5801573,0.33260298,0.60634136
3.9218698,321.83838,76.736595,0.8168942,0.5477002,-0.62711966,0.32279906,-0.26919395,0.94991875
3.6567488,325.337,62.412598,0.72967565,0.9760836,0.50812757,0.5739826,0.24640793,0.065855026
4.1839237,325.337,76.374054,0.9694176,0.9086665,-0.13165672,-0.51208997,-0.06075108,-0.38043326
1.0949495,103.189415,4.2871356,0.38456398,1.1807499,-1.1729586,-1.3561454,0.7961859,-0.18318677
1.4582103,200.37485,7.707274,0.3584332,-1.1451157,-1.1648413,-1.2145684,-1.5035489,-0.049727082
1.6434282,200.37485,11.907709,-1.8320261,0.35374048,-1.3374329,0.2900746,2.1857667,1.6275074
1.6434282,197.04462,11.907709,0.03031958,-0.0971946,-0.1534578,0.06985567,-0.12751418,0.22331348
1.4981899,188.98186,8.395928,-0.18936846,-0.14661732,0.059677087,0.07118616,0.042751133,0.011509076
1.6333413,245.52783,19.767141,0.34585285,-0.0825661,1.1743586,1.1258122,-0.42841893,-0.048546433
1.6315322,327.64456,19.767141,0.63779724,2.2074704,0.74641585,-0.009201704,1.5696732,-0.75561756
1.3112198,330.2846,8.449784,0.7521941,-0.9434059,0.6142802,-0.9531438,-1.6956,-1.567424
1.0955229,330.2846,5.2116065,0.4322413,-0.79570305,-0.88156784,-0.9306696,-1.2279444,-0.04910177
1.4124122,250.01613,14.908791,-0.94695073,1.0741946,-0.9614005,0.5705195,2.0211453,1.53192
1.6065354,271.71454,11.873931,0.5135194,0.37045848,1.204505,0.2242152,-0.14306092,-0.98028976
1.5546111,271.71454,11.873931,0.5172308,-0.05071776,0.6361194,0.29503986,-0.5679486,-0.34107956
1.3219639,161.22017,7.1380916,0.4881044,0.07118338,0.13225189,0.15317419,-0.41692102,0.020922303
1.8094518,354.36288,13.743222,0.1262565,0.47556406,0.1474527,0.9075152,0.34930757,0.7600625
1.8094518,354.36288,13.743222,0.085792415,0.4122488,0.24478641,1.1180012,0.32645637,0.87321484
1.1002272,56.41792,4.4441195,0.37096485,0.42000142,-1.1960084,-1.218436,0.049036562,-0.022427559
1.4519353,126.00184,8.941465,0.36320102,0.6132854,-1.1961632,-0.44374055,0.2500844,0.75242263
1.4519353,126.00184,10.060721,0.5781775,0.10576694,-1.107784,-0.18936042,-0.47241056,0.9184236
1.2698147,112.71058,10.060721,0.40753847,0.090337135,-0.0064559416,-0.19045947,-0.31720135,-0.18400353
1.2020836,33.073643,5.4786506,0.14039215,0.13358907,-0.18203197,-0.18327431,-0.0068030804,-0.0012423396
1.0969199,5.961796,1.5835643,0.34380823,0.2823217,-1.1890203,-1.1741569,-0.061486542,0.014863372
1.105069,28.204004,1.8196702,0.32412562,0.14921492,-1.1729956,-1.2375598,-0.1749107,-0.06456423
1.105069,28.204004,1.898253,0.29066083,0.25385335,-1.1813166,-1.202797,-0.036807477,-0.021480441
1.0957181,19.20342,1.898253,0.17214338,0.20501158,-1.2269197,-1.1955693,0.03286819,0.031350374
1.0933342,8.061599,1.6085386,0.14306822,0.30676693,-1.1985519,-1.2071816,0.1636987,-0.00862968
5.461416,401.93024,105.03186,0.05590825,0.36595288,-1.3338934,-0.03631571,0.31004462,1.2975777
4.4889345,372.71365,72.13608,-0.00043496318,1.6162527,-1.2201183,-0.109607205,1.6166877,1.1105111
2.5490184,376.6416,75.188484,-0.3716723,1.6699063,-1.0292203,-0.07654695,2.0415785,0.9526734
8.820801,424.83167,222.66061,0.0021150056,0.5595542,-1.2706813,-0.033296973,0.5574392,1.2373843
10.9454365,339.98062,195.70952,0.2231276,0.3174847,-1.1708335,-0.064255245,0.0943571,1.1065782
6.1531153,441.08963,66.47258,0.27198368,0.25725636,-1.1400096,-0.066167444,-0.014727324,1.0738422
7.808754,405.36542,224.73088,0.35985,0.47970143,-1.1514719,-0.12153437,0.11985144,1.0299375
9.956731,405.10495,237.47922,0.27573663,0.36686796,-1.1532604,-0.0765381,0.09113133,1.0767223
3.0710156,398.8396,46.60571,0.23080325,0.032836515,-1.100464,-0.1871425,-0.19796674,0.9133215
3.1739872,298.8989,48.214962,-0.07299428,-0.71581155,-0.9539676,-0.33417112,-0.64281726,0.61979645
3.1432974,287.03043,58.83565,0.0002067145,-0.7831848,-1.2173351,-0.63490313,-0.78339154,0.582432
3.2052784,370.77365,74.75663,0.23486252,-0.50596136,-1.1754086,-0.68725085,-0.74082386,0.48815775
1.1502311,36.73384,3.4442663,0.15900777,0.37428924,-1.2791772,-1.3528018,0.21528147,-0.07362461
1.2052977,74.67784,3.4442663,0.29269272,0.21364705,-1.2922038,-1.2059088,-0.07904567,0.08629501
1.3263841,74.67784,4.400331,0.79404575,-0.007017256,-1.2516043,-1.2598524,-0.801063,-0.008248091
1.3263841,39.50945,4.400331,-0.17351608,0.034051713,-1.2643367,-1.2092459,0.2075678,0.055090785
1.2927176,90.50564,3.803426,0.0056942017,0.31121603,-1.2528487,-1.2061006,0.30552182,0.04674816
1.1267947,101.324425,3.1558156,0.16525196,-1.1297576,-1.2550938,-1.3381131,-1.2950096,-0.08301926
1.5149431,276.1716,8.426088,-0.023260431,0.6945362,-1.3229373,-0.20465887,0.7177966,1.1182784
1.5673482,276.1716,15.027714,-0.21208882,0.31565264,-1.0661609,-0.29584682,0.52774143,0.7703141
1.5673482,300.96368,15.027714,0.40999395,0.3819942,-0.062544905,-1.0850433,-0.027999759,-1.0224984
1.7180632,300.96368,13.460714,0.52154577,1.2164872,-0.19786641,-1.2219185,0.6949414,-1.024052
1.5457624,271.2507,14.495838,0.96615946,-0.24840891,0.22002888,0.293189,-1.2145684,0.07316011
1.5457624,143.07597,14.495838,0.09692447,0.4397803,0.20387745,0.57449466,0.3428558,0.3706172
1.5413686,236.23087,19.068546,-0.47986478,0.11882025,0.13397208,0.07980789,0.598685,-0.054164186
1.4146407,253.48239,19.068546,0.30588764,0.9126953,0.4537011,0.33708346,0.60680765,-0.11661765
1.2953026,253.48239,13.481338,0.28133145,1.2156546,0.15672119,0.8784048,0.9343232,0.7216836
5.0383205,380.19168,115.20426,0.17137901,1.0116541,-1.3034,1.2288923,0.8402751,2.5322924
5.369273,338.28757,88.8141,0.35875225,-0.12735754,-1.2544633,1.1954157,-0.4861098,2.4498792
5.615844,294.91046,90.33772,0.32610935,-0.017251732,-1.1093595,-0.3348514,-0.34336108,0.7745081
5.5760646,218.29784,56.754757,0.47886595,0.09916581,-1.2119043,-0.19445862,-0.37970012,1.0174457
9.436214,394.8514,202.9949,-0.028067848,-0.11470693,-0.9448816,0.15814479,-0.086639084,1.1030264
6.0849905,409.0504,157.58293,0.2443308,-0.84483445,-1.1672498,0.07888183,-1.0891652,1.2461317
1.2883229,253.43819,12.728149,-1.0526168,-1.3826139,1.2002399,1.177254,-0.32999706,-0.022985935
1.2883229,253.43819,12.728149,-1.0727854,-1.4395254,1.1948373,1.1886597,-0.36674,-0.006177664
1.1309472,50.988132,4.295522,-1.3858662,-1.1497972,1.1903265,1.0041792,0.23606896,-0.18614721
1.1309472,56.034603,4.450643,-1.3486131,-1.5921842,1.132242,0.9073883,-0.24357104,-0.22485363
1.2949276,107.36978,4.5562625,-1.1949503,-1.52648,1.0335014,1.0041647,-0.33152962,-0.02933669
1.039214,13.112843,1.3171583,-1.0900931,-0.93518275,1.201884,1.2331026,0.15491039,0.031218529
1.039214,22.504278,1.5502036,-1.0855451,-0.87368345,1.2104161,1.2446499,0.21186161,0.03423381
2.446304,95.88822,24.7104,-0.9410679,-1.3289262,1.2548649,0.56776154,-0.38785833,-0.6871034
2.7473464,106.25069,31.050676,-0.9174175,-1.4679341,0.74344265,0.6952719,-0.5505166,-0.048170745
2.7473464,114.244225,31.87435,-1.4937661,-1.3452375,0.66908854,0.69549924,0.14852858,0.026410699
1.0747463,137.77081,2.4564893,-0.9805681,-1.0884748,1.267594,1.2331425,-0.10790664,-0.034451485
3.5586123,419.3093,30.479288,-1.0843302,-1.3387766,1.2355411,1.0201881,-0.2544464,-0.21535301
4.6842465,442.24887,41.791428,-0.44269943,-0.22230525,1.143821,1.0191975,0.22039418,-0.12462354
4.6842465,442.24887,45.957947,-0.43679255,-1.4875387,0.8423799,0.70243967,-1.0507462,-0.13994026
4.4703608,438.88638,59.661903,-1.930036,-1.1593306,0.6581704,0.40562907,0.77070534,-0.25254133
0.99100494,10.85817,1.1405855,-0.9301689,-1.1654826,1.2559512,1.2695571,-0.23531371,0.013605952
1.0366842,69.00606,2.0587118,-1.104817,-0.9409177,1.2783506,1.3224518,0.16389936,0.04410124
1.2664826,146.2258,4.915309,-1.1522205,0.50101197,1.2700433,1.3160979,1.6532325,0.0460546
1.526903,319.78745,7.728893,0.22393274,0.5477508,1.37693,1.2023166,0.32381803,-0.17461336
1.8868265,319.78745,31.401491,0.19858348,-0.6683443,1.260283,-0.13928643,-0.8669278,-1.3995694
1.035575,11.755868,2.9682965,-1.0743895,-0.8533389,1.2012534,1.252713,0.22105056,0.05145955
1.266551,223.66281,4.916269,-1.0184472,1.4390198,1.2246405,1.2418253,2.457467,0.017184854
1.349034,223.66281,20.424805,0.29383546,-0.9529182,1.3980831,0.86741316,-1.2467537,-0.5306699
1.349034,146.1147,20.424805,0.77945125,-0.7174851,1.337764,0.1803891,-1.4969363,-1.1573749
1.1561337,103.52372,2.8529823,-0.92900336,-0.94502753,0.32636368,0.114937544,-0.016024172,-0.21142614
1.0432881,34.750576,1.2803793,-1.106374,-1.052951,1.1765814,1.113558,0.053423047,-0.06302333
1.2132441,80.23168,6.540862,-1.1637414,-0.80947,1.1549735,1.2759907,0.35427135,0.12101722
1.4308207,158.35846,10.0525675,-1.30763,-0.98391753,1.1518755,1.1935267,0.3237124,0.04165125
1.6449169,193.4901,10.0525675,-1.170603,-1.4637583,1.0849422,1.2799265,-0.2931553,0.19498432
1.6449169,193.4901,10.88602,-1.3503106,-1.2899003,0.9786717,1.3009188,0.06041026,0.3222471
2.9577887,374.72516,66.89872,-0.93454397,-0.6141488,1.4024103,-0.013569405,0.32039517,-1.4159796
4.599153,419.4769,54.76838,-0.7035297,-1.2911252,1.3061084,-0.046092056,-0.58759546,-1.3522004
3.4315975,370.69528,73.38998,0.69230145,-0.9157442,1.0198343,-0.070822686,-1.6080456,-1.090657
4.0343266,384.00342,40.801807,-0.79257154,-1.2569374,1.3268056,-0.044476017,-0.46436584,-1.3712816
3.1943102,293.55045,71.91799,-0.7244619,-0.7068905,1.2071503,0.12804434,0.01757139,-1.079106
4.0810943,377.68283,60.56086,-0.86377347,-0.7835733,1.3283265,0.13077477,0.080200136,-1.1975517
4.627875,320.06738,75.3689,-0.8135039,-0.7232531,1.2562832,0.123369716,0.09025085,-1.1329135
6.494606,397.82498,124.548294,0.33231667,2.838257,1.0707605,-0.24001631,2.5059404,-1.3107768
5.4338474,420.92203,87.37545,-1.0816624,0.8732169,0.34186196,-0.2385767,1.9548793,-0.5804387
6.029447,360.12054,148.15125,0.55893224,0.19324045,0.12128554,0.436241,-0.36569178,0.31495547
3.6977122,356.7519,64.81239,-0.017290425,-0.06185294,0.8561758,0.42958015,-0.044562515,-0.42659563
1.5407612,307.63477,10.44552,0.73199344,1.2888345,1.2715873,0.34980813,0.556841,-0.92177916
3.170663,307.63477,56.112957,0.78697014,1.058599,1.3075254,-0.32669243,0.27162886,-1.6342179
4.9494224,259.06155,113.57955,1.0943768,1.1682103,-0.33332855,-0.5472009,0.073833466,-0.21387237
8.189609,258.4166,170.31145,1.1044873,1.4084013,-0.5148502,-0.46853322,0.30391395,0.04631698
8.189609,261.85068,170.31145,1.4152523,1.415227,-0.4471559,-0.3866489,-2.527237e-05,0.060507
1.1168725,34.141003,2.4725914,0.22048232,0.13331583,1.1137593,1.0606854,-0.08716649,-0.053073883
1.0606242,56.164772,3.853366,0.09523095,-0.0139127225,1.0676615,1.0144498,-0.109143674,-0.05321169
1.2446043,56.164772,4.32446,0.14236978,-0.47545487,1.0709018,1.0792615,-0.6178247,0.00835979
1.2446043,44.417007,4.32446,-0.35519707,-0.5087384,1.0589097,1.021092,-0.15354133,-0.037817597
1.2981249,52.52214,3.587395,-0.51464885,-0.7052929,1.030734,1.0912794,-0.19064403,0.060545444
1.2021767,103.22948,6.433782,-0.85066736,-0.13418216,1.156047,1.1945931,0.7164852,0.038546085
2.6476583,296.38254,32.89353,-0.94737804,-0.7309545,1.1133329,1.1704125,0.21642351,0.057079673
2.6476583,296.38254,32.89353,-0.38765547,-0.6904901,1.073784,1.1169364,-0.30283466,0.04315245
2.4285867,289.7986,23.026718,-0.75979674,-0.7497179,0.9167613,1.122205,0.010078847,0.20544374
2.3382933,271.905,26.80008,-0.9359323,-0.78979236,1.0602577,1.0663126,0.14613992,0.0060548782
1.483438,110.5056,7.8493357,-0.9533536,-0.81527185,1.0690087,1.2525148,0.13808173,0.18350613
1.6583893,154.08693,7.8493357,-0.69513124,-1.0285625,0.9658516,1.2010176,-0.3334313,0.23516601
1.6583893,193.29027,11.972339,-0.8752433,-0.8614421,1.2208607,1.1452534,0.013801217,-0.0756073
1.5423099,193.29027,11.972339,-0.85785294,-0.8039249,1.3124605,1.0233163,0.053928018,-0.28914428
1.6963362,226.03651,10.398197,-1.1191628,-0.896849,1.23938,1.0582451,0.22231382,-0.18113494
1.0456308,20.208479,2.3252041,0.57092756,0.70340693,1.1820892,1.1634946,0.13247937,-0.018594623
1.7914048,368.56647,9.22584,0.6046578,0.6198097,1.1667553,0.5961823,0.015151858,-0.57057303
1.7914048,368.56647,11.025542,0.5862212,-0.40723795,1.2149143,-0.91568756,-0.99345917,-2.130602
1.4057041,346.00214,11.025542,-0.71016866,-0.92418337,-0.8051627,-1.1306695,-0.21401471,-0.32550675
1.2829413,292.43744,12.419501,-0.41408205,-0.9610879,-0.95788586,0.097471744,-0.54700583,1.0553576
2.5731049,252.99417,50.562695,-0.38087398,-0.06449762,1.0852019,0.6497117,0.31637636,-0.43549013
2.5731049,191.9179,72.37393,-0.6713301,-0.08232082,0.22460926,0.6914166,0.5890093,0.46680737
2.9731407,191.9179,72.37393,0.04263552,-0.050503563,0.6826426,0.65829605,-0.09313908,-0.02434653
2.9731407,170.96854,37.11617,0.1797298,-0.2353754,0.69178075,0.71063745,-0.41510522,0.018856704
2.396003,170.96854,52.196186,0.233653,0.305725,1.2233145,0.8006964,0.072072014,-0.42261815
2.5654209,298.55722,34.892883,0.051007915,-0.5435599,1.1257341,0.05760991,-0.59456784,-1.0681242
5.2053113,340.26868,109.374374,-0.3322388,-0.9243081,0.54277724,-0.26945668,-0.5920693,-0.8122339
5.2053113,340.26868,109.374374,0.28103128,0.23851497,0.36264724,0.43582314,-0.042516306,0.07317591
4.86587,330.11172,105.7384,0.24802575,-0.30133778,-0.032548577,-0.49446648,-0.5493635,-0.4619179
5.1721625,349.82385,105.7384,0.37748417,-0.20595154,-0.5195448,-0.45375532,-0.5834357,0.06578946
1.3476503,298.05777,6.86965,0.08901884,0.20076469,0.44708228,0.9817071,0.11174585,0.5346248
1.2777447,151.97282,8.9129305,0.057861876,-0.06860139,1.1485904,1.4090627,-0.12646326,0.2604723
2.6513157,279.98242,39.56315,0.042982485,0.16114783,1.0792776,-0.10515924,0.118165344,-1.1844369
2.6513157,279.98242,39.56315,0.6214663,0.48900265,1.1452739,-0.037458453,-0.13246363,-1.1827323
1.1855391,57.12764,7.317871,0.40914702,0.47718233,-0.0013429128,-0.12403457,0.068035305,-0.12269165
1.102337,130.81213,2.8482199,0.9813606,1.3305601,1.1925972,0.81401396,0.34919947,-0.3785832
1.2128758,166.3773,6.116888,1.0888277,1.2544398,0.9817486,0.92958087,0.1656121,-0.052167714
1.4168582,326.90005,8.030894,1.2014223,1.9437164,0.7489665,0.20809439,0.7422941,-0.5408721
1.4168582,356.45978,11.422095,1.3352835,-0.75590074,0.7191986,-0.6501463,-2.0911841,-1.369345
1.132171,356.45978,11.422095,0.43832844,-0.91330004,-0.6391791,-0.49890918,-1.3516285,0.14026994
1.4091098,179.67656,5.339372,0.44204903,-0.1363166,1.2328933,0.45256743,-0.5783656,-0.7803259
2.6752243,252.21985,74.209724,0.62132746,-0.28104475,0.8362564,0.63412905,-0.90237224,-0.20212734
2.6752243,252.21985,74.209724,-0.046546385,0.49265727,0.44882149,0.18147947,0.53920364,-0.26734203
1.3194119,179.92058,8.844834,-0.1693503,0.6295663,0.48984036,1.2197758,0.7989166,0.7299354
1.3194119,220.61646,4.337904,0.5753196,0.83234406,0.5564995,1.1255915,0.25702447,0.56909204
1.0825254,30.95286,4.029867,-0.049335845,0.3611496,1.1230986,1.0878805,0.41048545,-0.03521812
1.1883903,91.27898,4.1100264,0.12550512,0.14339517,1.119664,1.1203426,0.017890051,0.0006786585
1.1953092,170.64331,4.3500066,0.14629705,-0.5130938,1.1016057,1.1236308,-0.65939087,0.022025108
1.4301584,170.64331,4.9015107,0.35716465,0.06467669,1.0040734,0.41476846,-0.29248798,-0.5893049
1.4301584,167.03653,6.173682,-0.29122725,0.5787451,0.7888816,0.35053045,0.86997235,-0.43835115
1.1101758,124.73403,2.9147744,0.12203535,-0.013526576,1.0483978,1.0471483,-0.13556193,-0.0012494326
1.2529862,109.82608,4.744846,0.24496345,0.22980769,1.0003049,1.0803771,-0.015155762,0.080072165
1.4799483,163.50757,6.945288,0.01030363,0.20956004,1.1207235,1.0353967,0.1992564,-0.08532679
1.4799483,163.50757,9.466582,-0.011374801,0.252496,1.1414566,1.1167612,0.2638708,-0.024695396
1.374884,109.887505,9.466582,0.19263583,-0.03690613,1.071528,1.1439888,-0.22954196,0.07246089
4.5060525,437.5471,64.87663,0.47475368,1.6217682,0.50316334,-0.42381293,1.1470146,-0.92697626
5.112204,426.45026,90.49148,-0.36134726,0.57104003,1.1429714,-0.76928806,0.9323873,-1.9122595
6.625811,379.10754,128.54474,-0.50148356,1.0747135,1.0798128,-0.06781722,1.576197,-1.14763
4.9315023,398.80783,100.436676,0.068130165,0.74113905,1.0799662,-1.0133989,0.6730089,-2.0933652
6.8257413,402.09164,176.68494,0.8935216,0.51363444,1.0593008,-0.96267873,-0.37988716,-2.0219796
10.837383,418.49844,161.96623,0.31882745,0.8313457,1.236748,0.015130965,0.5125182,-1.221617
8.002519,371.4131,164.4479,0.06194403,0.85396034,1.2177562,-0.09404432,0.7920163,-1.3118005
11.288379,362.7534,302.15704,0.87297165,0.9696169,0.98329145,-0.121994756,0.096645236,-1.1052862
7.9376655,441.08963,150.20052,-0.71107996,-0.1287281,-0.37821233,0.042765833,0.58235186,0.42097816
7.0756736,429.77087,138.38771,2.040276,-1.7421297,0.984501,-0.13204846,-3.7824059,-1.1165495
7.652693,366.42886,285.19308,-0.3330063,0.053270243,-1.1046764,-0.026866328,0.38627654,1.07781
7.632909,416.56998,153.53287,1.987746,-1.5187526,1.136425,-0.29214337,-3.5064986,-1.4285684
6.9571033,355.12256,170.80165,-0.16093755,0.268964,-1.1429949,0.04725125,0.42990154,1.1902461
4.4289336,424.0211,59.20933,2.726355,-2.6648633,1.0597851,-0.4873186,-5.391218,-1.5471038
6.7544904,392.3146,163.40614,1.9935167,-2.446385,1.4379536,-0.43498307,-4.4399014,-1.8729367
6.4631906,431.76086,199.48271,1.7435167,1.3274205,1.3866044,-0.730641,-0.4160962,-2.1172454
8.660217,373.03162,184.37958,0.06937661,-2.7828474,1.1789534,-0.46351212,-2.852224,-1.6424656
5.1949134,403.7853,113.76135,-0.88463247,-2.7789183,1.3631748,-0.71260935,-1.8942858,-2.0757842
3.430752,423.96765,90.48139,0.21569291,0.8737415,1.1618825,-0.43476588,0.6580486,-1.5966485
6.09943,341.40646,202.4246,0.8473424,-1.3992817,1.2031875,1.0123765,-2.246624,-0.19081092
12.412072,389.95465,278.28955,0.78067315,0.58724004,0.63797843,0.114254095,-0.1934331,-0.5237243
12.073555,369.9336,371.79272,-0.11134611,0.26860237,1.290931,0.0648006,0.3799485,-1.2261304
4.57908,313.45813,76.30036,0.4117902,0.3524473,1.2426269,0.12792978,-0.05934289,-1.1146971
4.7763286,339.35373,117.914406,0.42656463,0.6210395,1.0845246,0.11317108,0.19447488,-0.97135353
10.759909,391.90512,312.72513,-0.8200515,0.1071687,1.0898708,0.14631824,0.92722017,-0.94355255
4.774384,390.0541,103.11243,0.67326593,0.32813805,1.202447,-0.10149614,-0.34512788,-1.3039432
4.2472596,362.26355,98.810555,-1.5411199,-1.2572647,1.38236,-0.17113216,0.2838552,-1.5534922
11.660165,392.50592,205.78122,0.5960357,0.44946536,0.66352654,0.15420489,-0.14657035,-0.50932163
6.956254,271.649,162.51204,0.6903932,-0.17921747,1.2337272,0.025004527,-0.86961067,-1.2087227
7.049296,408.86905,137.07812,0.2619428,0.7084888,-1.2995627,-0.5737998,0.44654602,0.7257629
2.6712174,421.12885,62.047222,0.602116,0.33926493,-1.2589021,-0.09205128,-0.26285106,1.1668508
8.83497,266.6914,157.69876,1.4848272,0.0690583,1.2044055,0.9401844,-1.4157689,-0.26422113
7.715499,303.2625,144.23985,-0.34977236,0.3214931,1.3384056,0.5581648,0.6712655,-0.78024083
6.607622,400.45535,190.09444,0.46656018,0.61947215,1.1297396,-0.118482806,0.15291196,-1.2482225
8.888248,377.82596,276.99634,0.915404,0.82153213,0.6113934,0.1886676,-0.09387189,-0.4227258
9.2592325,403.8125,208.14001,1.7016506,0.7774161,1.1932236,0.11962257,-0.9242345,-1.073601
7.1035876,417.30786,116.29412,0.25126886,0.39974117,1.1930641,0.19951817,0.14847231,-0.9935459
9.351114,415.099,297.1593,-0.19069669,0.36473018,0.76037765,0.1386399,0.55542684,-0.6217377
4.2450504,355.1628,98.3772,-0.39122576,0.43664584,1.0188614,0.1474253,0.82787156,-0.8714361
8.439339,384.85007,274.77542,0.22185978,-1.7555888,1.2607661,-0.10756608,-1.9774486,-1.3683323
7.443338,370.20978,150.96333,0.055797487,-1.8800218,1.3707466,-0.21515536,-1.9358193,-1.585902
12.035234,374.74805,313.4709,-0.077172436,-1.7157171,1.105237,-0.3139718,-1.6385447,-1.4192088
8.342735,380.55673,131.72269,-0.009434938,-2.1861918,1.3216704,-0.33850133,-2.1767569,-1.6601717
5.5452495,368.00226,225.84996,0.41043377,-1.7348678,1.2338817,-0.26172665,-2.1453016,-1.4956083
7.4097238,361.4217,223.6807,0.07491019,-1.7517173,1.3975967,-0.14007996,-1.8266275,-1.5376767
11.024672,380.37613,263.40167,-1.0857723,-1.821801,1.3878852,-0.22534211,-0.7360287,-1.6132274
5.974724,360.56995,99.795654,0.41847205,-1.1967165,1.174291,-0.060019862,-1.6151886,-1.2343109
4.9975643,385.26956,123.85752,0.28575647,1.4912744,-1.1177385,0.022092717,1.2055179,1.1398312
6.2954545,358.6242,163.58603,0.3888641,-1.0757549,1.3028767,-0.16477424,-1.4646189,-1.4676509
5.317557,416.16537,103.26169,0.35871714,-1.6495883,1.136131,-0.27927944,-2.0083055,-1.4154105
11.473347,442.24887,330.3351,1.3454281,-2.0397305,1.3729389,-0.214482,-3.3851585,-1.5874208
9.267356,420.04825,260.77182,0.675507,-2.1653652,1.2924381,-0.18128785,-2.8408723,-1.473726
6.9767184,381.39905,161.01747,0.034184486,-2.0945852,1.1739075,-0.24916187,-2.1287696,-1.4230694
2.54172,374.28058,57.118294,0.32279074,-1.9543288,1.2756108,-0.14199713,-2.2771196,-1.4176079
2.4831572,358.97055,38.49178,0.57895416,-1.9907434,0.95896137,-0.19753326,-2.5696976,-1.1564946
11.082094,365.64426,239.87523,-0.5541533,-2.1041305,1.1885316,-0.28819317,-1.5499772,-1.4767249
4.6181116,392.87436,107.01158,1.8325151,1.3373777,-1.3663836,0.5871677,-0.49513745,1.9535513
6.5643425,392.87436,112.688995,0.5437426,1.6103989,0.46848196,0.5896894,1.0666564,0.121207416
6.5643425,334.768,118.54362,2.23038,1.7582738,0.2594585,-0.08659337,-0.47210622,-0.34605187
4.259007,259.60376,118.54362,1.4756143,1.2970746,0.64347106,-1.204083,-0.17853975,-1.847554
1.3058343,203.9484,5.6823316,1.7611659,1.4405448,-0.97775936,-1.2076919,-0.320621,-0.22993255
1.0661793,72.24287,3.9477677,-1.9589726,-2.1247554,1.2438912,1.2817156,-0.16578281,0.037824392
1.4685436,143.48209,7.8023734,-2.131895,-1.2416389,1.1892579,0.837018,0.89025617,-0.35223985
1.4685436,143.48209,7.8023734,-1.5956551,-0.9591116,0.99466735,1.1202304,0.6365435,0.12556309
1.1072806,134.18013,5.7507577,-0.94316405,-1.4968517,1.0351555,1.1417309,-0.55368763,0.10657537
1.1072806,100.78724,6.4520273,-1.3930526,-2.1510584,1.0976238,1.279815,-0.75800586,0.18219113
1.989636,363.9024,19.324982,-0.5293244,-0.9592868,-1.275801,-0.05547843,-0.4299624,1.2203225
1.989636,363.9024,19.324982,-0.8851021,0.5584904,-0.99832904,0.2287763,1.4435925,1.2271054
1.5614994,264.51077,11.294103,-1.0247076,-0.33866024,-0.15193322,0.75599664,0.6860473,0.9079299
1.9450073,288.45844,13.623786,0.9795995,-1.8726438,0.5820811,0.023779739,-2.8522434,-0.5583013
1.9450073,361.92252,13.623786,-0.4050444,-1.3503723,0.8614766,-0.5701201,-0.9453279,-1.4315968
3.9302151,323.41217,71.217575,-1.5213826,-1.0016586,1.2133687,-0.20441313,0.519724,-1.4177818
3.9302151,313.5289,59.691048,-0.11981934,-0.93592703,-0.09452463,-0.07307465,-0.8161077,0.021449983
3.5527053,241.48419,76.2364,-0.7438582,0.1291517,-0.17112084,-0.14491923,0.8730099,0.026201606
3.8227093,248.1959,76.2364,-0.5201554,-0.6787874,-0.05940054,-0.12048252,-0.15863204,-0.06108198
3.8229089,248.1959,86.41809,-0.92886066,-0.012826013,-0.05615192,-0.06345509,0.91603464,-0.007303171
3.6051364,335.2101,45.191994,-1.3130841,-0.97942036,1.2273066,0.63070583,0.33366376,-0.5966008
4.1069493,363.18155,82.69842,-1.3800147,-0.6786285,-0.2548869,-0.35505635,0.70138615,-0.10016945
4.9388037,363.18155,82.69842,-0.8625226,-1.0830755,-0.79430926,-0.54829645,-0.22055292,0.2460128
4.9388037,406.33398,79.50597,-0.5382129,-0.5059582,0.016259542,0.45034963,0.032254696,0.43409008
4.716876,410.69223,79.50597,-0.95064354,-0.99641657,0.50708246,0.11505048,-0.04577303,-0.39203197
1.6947405,321.9362,30.873764,-1.3779322,-1.7952238,0.97718465,0.9692826,-0.41729164,-0.007902026
1.4185388,309.89105,9.38375,-2.668779,1.7277362,0.8666056,0.99598235,4.396515,0.12937677
1.6825311,261.26794,10.242856,0.3878273,-1.0104991,1.3397205,0.97244895,-1.3983264,-0.36727154
1.734753,438.686,29.54156,-0.72888947,-0.13862295,1.1556722,-0.7692651,0.5902665,-1.9249372
1.734753,438.686,29.54156,-0.68668497,-0.55210817,0.5905741,-0.4757468,0.1345768,-1.0663209
1.3226254,246.55751,8.943186,-1.1752753,-0.7681085,-0.26187778,-0.9603733,0.40716684,-0.6984955
1.4499941,213.93488,8.943186,-0.74880147,-1.7349682,-0.8235769,-1.0464771,-0.9861667,-0.22290015
1.5087494,356.60922,13.422472,-1.3343707,0.5136293,-1.1477959,1.0084732,1.848,2.156269
1.5087494,356.60922,13.422472,-1.447475,0.27270433,0.024535235,1.1062833,1.7201793,1.0817481
1.1709521,57.563805,3.179905,0.5367792,0.20837414,1.0728256,1.1069643,-0.32840508,0.0341388
1.5772256,245.86414,15.135223,-1.2120831,1.5284014,-0.6454776,-0.46629706,2.7404845,0.17918053
1.5772256,291.24762,15.135223,0.53467435,1.0919307,-0.7568525,-0.61961776,0.5572564,0.13723475
1.6924341,291.24762,14.6279335,1.8976446,0.43229017,-0.46232724,-0.6476823,-1.4653544,-0.18535507
1.8405478,294.55798,14.759672,-0.04532472,-1.2807406,-0.25632048,-0.83273315,-1.2354159,-0.5764127
1.8405478,294.55798,19.121052,0.31432354,-1.5615118,-0.6272926,-0.8947976,-1.8758353,-0.26750505
1.6275162,263.8673,27.64796,-1.1340023,-1.5173509,1.2400935,1.0570713,-0.38334858,-0.18302214
1.6275162,271.5971,27.64796,-1.4090745,-2.1382403,1.0289675,1.1556333,-0.7291658,0.12666583
1.0851893,271.5971,4.7531633,-1.4528918,-2.783697,1.0875279,0.91778773,-1.3308051,-0.16974014
1.1421522,307.74316,14.204851,-2.6650794,-2.5063388,1.018266,1.1347979,0.15874052,0.11653197
1.676341,319.49078,19.621216,-1.5869915,-1.8017027,0.9910989,-0.3845691,-0.21471119,-1.375668
2.0179033,355.44104,11.687119,-1.4289752,-1.7029245,1.1825976,0.04234715,-0.27394927,-1.1402504
2.0179033,367.86032,11.687119,-1.2344697,-0.89048845,1.070689,0.553079,0.3439812,-0.51760995
1.7286363,367.86032,22.388489,-0.3882915,-1.0803266,-1.0081072,0.88700753,-0.6920351,1.8951147
1.6818866,297.54034,22.388489,-1.4453051,-1.0313876,0.97062624,0.9930069,0.41391754,0.02238065
1.9082654,298.74625,17.519844,-1.5946205,-1.2709597,1.0489442,1.0347073,0.32366073,-0.014236927
5.7250853,425.06784,102.86657,-1.3153759,0.0248381,0.4659516,-0.37545383,1.340214,-0.8414054
4.990161,430.7757,136.58527,-1.7593822,-0.1689757,1.3576099,-0.2691007,1.5904065,-1.6267105
7.0185905,441.08963,172.44594,-1.6234903,0.19021007,0.8275585,-0.39145368,1.8137004,-1.2190123
5.963317,348.64114,65.03215,-0.45055357,-0.15501711,1.04361,-0.59050167,0.29553646,-1.6341116
5.3997416,415.86725,151.93448,-1.1540681,0.47567445,1.0894219,-0.59841835,1.6297426,-1.6878402
4.2637672,397.29144,117.350494,-1.1066391,0.035260193,1.1494628,-0.47432223,1.1418993,-1.623785
4.2523193,421.0745,138.64046,-0.0048057497,-0.9448999,1.1020439,-0.079088226,-0.9400942,-1.1811321
7.0626273,431.36826,54.0724,-1.929843,-1.8128449,0.54474115,-0.24813609,0.11699808,-0.79287726
2.5455263,349.9645,54.217487,-1.587496,-2.0892854,1.2163613,-0.30755165,-0.50178933,-1.5239129
11.577826,394.7147,283.122,-1.2423238,-2.9169793,1.1093277,-0.12016322,-1.6746556,-1.2294909
11.07743,391.77383,229.8425,-1.1989458,-0.9281622,1.021932,-0.10966568,0.27078354,-1.1315976
2.5147073,332.09988,47.527596,-1.2030876,-2.6665187,0.93439233,-0.12409514,-1.4634311,-1.0584874
3.1998494,372.51035,29.624163,-1.1424913,0.73725307,1.2679757,-0.036935218,1.8797444,-1.3049109
2.401113,316.80045,34.466713,0.83449996,-0.47885364,0.10278438,-0.42363867,-1.3133535,-0.52642304
9.991554,369.9412,262.24908,-1.160791,1.4887989,1.2230619,-0.15237497,2.64959,-1.3754369
3.844439,325.22806,87.9663,-1.1440265,-0.17460665,1.2376276,0.4442154,0.96941984,-0.7934122
2.4270775,441.08963,61.697533,-0.9925191,2.233789,1.0450181,0.1615901,3.226308,-0.883428
10.023086,425.5726,291.89346,-1.3331035,1.646724,1.2040441,-0.04532524,2.9798274,-1.2493694
