window_id,dataset,source_path,source_folder,subject_id,trial_id,activity_id,activity_name,activity,fall_label,direction_label,direction_supervised,start_idx,end_idx,start_time,end_time,sampling_rate,window_size,stride_size,feature_order,source_hz,target_hz,resampling_method,window_rule,original_length,processed_length,fall_interval_start,fall_interval_end,unit_conversion,sensor_position,dataset_name,acc_unit_before,gyro_unit_before,acc_unit_after,gyro_unit_after,conversion_factor_acc,conversion_factor_gyro,unit_harmonized,split,true_fall,pred_fall,fall_prob,true_direction,pred_direction
w25_00000595,bits,C:\Users\ADMIN\Desktop\ds-fall\data\raw\Dataset\adl\user17\user17_adl1.csv,C:\Users\ADMIN\Desktop\ds-fall\data\raw\Dataset,user17,user17_adl1,adl1,walking_slowly,walking_slowly,0,none,False,0,50,0.0,2.0,25.0,50,12,"ax,ay,az,gx,gy,gz,acc_mag,gyro_mag,jerk,roll,pitch,tilt_delta",20.0,25.0,uniform_20hz_time_interpolation_to_25hz,adl_sliding_capped,505,631,,,dataset_unit_map,wrist,bits,m/s^2,rad/s,m/s^2,rad/s,1.0,1.0,True,test,non_fall,non_fall,4.6995199909360963e-07,none,forward
w25_00000596,bits,C:\Users\ADMIN\Desktop\ds-fall\data\raw\Dataset\adl\user17\user17_adl1.csv,C:\Users\ADMIN\Desktop\ds-fall\data\raw\Dataset,user17,user17_adl1,adl1,walking_slowly,walking_slowly,0,none,False,12,62,0.48,2.48,25.0,50,12,"ax,ay,az,gx,gy,gz,acc_mag,gyro_mag,jerk,roll,pitch,tilt_delta",20.0,25.0,uniform_20hz_time_interpolation_to_25hz,adl_sliding_capped,505,631,,,dataset_unit_map,wrist,bits,m/s^2,rad/s,m/s^2,rad/s,1.0,1.0,True,test,non_fall,non_fall,5.631057774735382e-06,none,forward
w25_00000597,bits,C:\Users\ADMIN\Desktop\ds-fall\data\raw\Dataset\adl\user17\user17_adl1.csv,C:\Users\ADMIN\Desktop\ds-fall\data\raw\Dataset,user17,user17_adl1,adl1,walking_slowly,walking_slowly,0,none,False,24,74,0.96,2.96,25.0,50,12,"ax,ay,az,gx,gy,gz,acc_mag,gyro_mag,jerk,roll,pitch,tilt_delta",20.0,25.0,uniform_20hz_time_interpolation_to_25hz,adl_sliding_capped,505,631,,,dataset_unit_map,wrist,bits,m/s^2,rad/s,m/s^2,rad/s,1.0,1.0,True,test,non_fall,non_fall,1.1694525028360658e-06,none,forward
w25_00000598,bits,C:\Users\ADMIN\Desktop\ds-fall\data\raw\Dataset\adl\user17\user17_adl1.csv,C:\Users\ADMIN\Desktop\ds-fall\data\raw\Dataset,user17,user17_adl1,adl1,walking_slowly,walking_slowly,0,none,False,36,86,1.44,3.44,25.0,50,12,"ax,ay,az,gx,gy,gz,acc_mag,gyro_mag,jerk,roll,pitch,tilt_delta",20.0,25.0,uniform_20hz_time_interpolation_to_25hz,adl_sliding_capped,505,631,,,dataset_unit_map,wrist,bits,m/s^2,rad/s,m/s^2,rad/s,1.0,1.0,True,test,non_fall,non_fall,1.5037286402730388e-06,none,forward
w25_00000599,bits,C:\Users\ADMIN\Desktop\ds-fall\data\raw\Dataset\adl\user17\user17_adl1.csv,C:\Users\ADMIN\Desktop\ds-fall\data\raw\Dataset,user17,user17_adl1,adl1,walking_slowly,walking_slowly,0,none,False,48,98,1.92,3.92,25.0,50,12,"ax,ay,az,gx,gy,gz,acc_mag,gyro_mag,jerk,roll,pitch,tilt_delta",20.0,25.0,uniform_20hz_time_interpolation_to_25hz,adl_sliding_capped,505,631,,,dataset_unit_map,wrist,bits,m/s^2,rad/s,m/s^2,rad/s,1.0,1.0,True,test,non_fall,non_fall,0.0006544929929077625,none,forward
w25_00000600,bits,C:\Users\ADMIN\Desktop\ds-fall\data\raw\Dataset\adl\user17\user17_adl10.csv,C:\Users\ADMIN\Desktop\ds-fall\data\raw\Dataset,user17,user17_adl10,adl10,rapidly_sitting_on_chair,rapidly_sitting_on_chair,0,none,False,0,50,0.0,2.0,25.0,50,12,"ax,ay,az,gx,gy,gz,acc_mag,gyro_mag,jerk,roll,pitch,tilt_delta",20.0,25.0,uniform_20hz_time_interpolation_to_25hz,adl_sliding_capped,240,299,,,dataset_unit_map,wrist,bits,m/s^2,rad/s,m/s^2,rad/s,1.0,1.0,True,test,non_fall,non_fall,5.033431875745009e-07,none,backward
w25_00000601,bits,C:\Users\ADMIN\Desktop\ds-fall\data\raw\Dataset\adl\user17\user17_adl10.csv,C:\Users\ADMIN\Desktop\ds-fall\data\raw\Dataset,user17,user17_adl10,adl10,rapidly_sitting_on_chair,rapidly_sitting_on_chair,0,none,False,12,62,0.48,2.48,25.0,50,12,"ax,ay,az,gx,gy,gz,acc_mag,gyro_mag,jerk,roll,pitch,tilt_delta",20.0,25.0,uniform_20hz_time_interpolation_to_25hz,adl_sliding_capped,240,299,,,dataset_unit_map,wrist,bits,m/s^2,rad/s,m/s^2,rad/s,1.0,1.0,True,test,non_fall,non_fall,1.735435404270902e-07,none,backward
w25_00000602,bits,C:\Users\ADMIN\Desktop\ds-fall\data\raw\Dataset\adl\user17\user17_adl10.csv,C:\Users\ADMIN\Desktop\ds-fall\data\raw\Dataset,user17,user17_adl10,adl10,rapidly_sitting_on_chair,rapidly_sitting_on_chair,0,none,False,24,74,0.96,2.96,25.0,50,12,"ax,ay,az,gx,gy,gz,acc_mag,gyro_mag,jerk,roll,pitch,tilt_delta",20.0,25.0,uniform_20hz_time_interpolation_to_25hz,adl_sliding_capped,240,299,,,dataset_unit_map,wrist,bits,m/s^2,rad/s,m/s^2,rad/s,1.0,1.0,True,test,non_fall,non_fall,7.125579237765578e-09,none,forward
w25_00000603,bits,C:\Users\ADMIN\Desktop\ds-fall\data\raw\Dataset\adl\user17\user17_adl10.csv,C:\Users\ADMIN\Desktop\ds-fall\data\raw\Dataset,user17,user17_adl10,adl10,rapidly_sitting_on_chair,rapidly_sitting_on_chair,0,none,False,36,86,1.44,3.44,25.0,50,12,"ax,ay,az,gx,gy,gz,acc_mag,gyro_mag,jerk,roll,pitch,tilt_delta",20.0,25.0,uniform_20hz_time_interpolation_to_25hz,adl_sliding_capped,240,299,,,dataset_unit_map,wrist,bits,m/s^2,rad/s,m/s^2,rad/s,1.0,1.0,True,test,non_fall,non_fall,3.534922043968436e-08,none,forward
w25_00000604,bits,C:\Users\ADMIN\Desktop\ds-fall\data\raw\Dataset\adl\user17\user17_adl10.csv,C:\Users\ADMIN\Desktop\ds-fall\data\raw\Dataset,user17,user17_adl10,adl10,rapidly_sitting_on_chair,rapidly_sitting_on_chair,0,none,False,48,98,1.92,3.92,25.0,50,12,"ax,ay,az,gx,gy,gz,acc_mag,gyro_mag,jerk,roll,pitch,tilt_delta",20.0,25.0,uniform_20hz_time_interpolation_to_25hz,adl_sliding_capped,240,299,,,dataset_unit_map,wrist,bits,m/s^2,rad/s,m/s^2,rad/s,1.0,1.0,True,test,non_fall,non_fall,4.523580798831972e-08,none,forward
w25_00000605,bits,C:\Users\ADMIN\Desktop\ds-fall\data\raw\Dataset\adl\user17\user17_adl11.csv,C:\Users\ADMIN\Desktop\ds-fall\data\raw\Dataset,user17,user17_adl11,adl11,nearly_sitting_and_getting_up,nearly_sitting_and_getting_up,0,none,False,0,50,0.0,2.0,25.0,50,12,"ax,ay,az,gx,gy,gz,acc_mag,gyro_mag,jerk,roll,pitch,tilt_delta",20.0,25.0,uniform_20hz_time_interpolation_to_25hz,adl_sliding_capped,233,291,,,dataset_unit_map,wrist,bits,m/s^2,rad/s,m/s^2,rad/s,1.0,1.0,True,test,non_fall,non_fall,2.677330996903038e-07,none,backward
w25_00000606,bits,C:\Users\ADMIN\Desktop\ds-fall\data\raw\Dataset\adl\user17\user17_adl11.csv,C:\Users\ADMIN\Desktop\ds-fall\data\raw\Dataset,user17,user17_adl11,adl11,nearly_sitting_and_getting_up,nearly_sitting_and_getting_up,0,none,False,12,62,0.48,2.48,25.0,50,12,"ax,ay,az,gx,gy,gz,acc_mag,gyro_mag,jerk,roll,pitch,tilt_delta",20.0,25.0,uniform_20hz_time_interpolation_to_25hz,adl_sliding_capped,233,291,,,dataset_unit_map,wrist,bits,m/s^2,rad/s,m/s^2,rad/s,1.0,1.0,True,test,non_fall,non_fall,1.2170018237611657e-07,none,backward
w25_00000607,bits,C:\Users\ADMIN\Desktop\ds-fall\data\raw\Dataset\adl\user17\user17_adl11.csv,C:\Users\ADMIN\Desktop\ds-fall\data\raw\Dataset,user17,user17_adl11,adl11,nearly_sitting_and_getting_up,nearly_sitting_and_getting_up,0,none,False,24,74,0.96,2.96,25.0,50,12,"ax,ay,az,gx,gy,gz,acc_mag,gyro_mag,jerk,roll,pitch,tilt_delta",20.0,25.0,uniform_20hz_time_interpolation_to_25hz,adl_sliding_capped,233,291,,,dataset_unit_map,wrist,bits,m/s^2,rad/s,m/s^2,rad/s,1.0,1.0,True,test,non_fall,non_fall,6.705441535359569e-08,none,backward
w25_00000608,bits,C:\Users\ADMIN\Desktop\ds-fall\data\raw\Dataset\adl\user17\user17_adl11.csv,C:\Users\ADMIN\Desktop\ds-fall\data\raw\Dataset,user17,user17_adl11,adl11,nearly_sitting_and_getting_up,nearly_sitting_and_getting_up,0,none,False,36,86,1.44,3.44,25.0,50,12,"ax,ay,az,gx,gy,gz,acc_mag,gyro_mag,jerk,roll,pitch,tilt_delta",20.0,25.0,uniform_20hz_time_interpolation_to_25hz,adl_sliding_capped,233,291,,,dataset_unit_map,wrist,bits,m/s^2,rad/s,m/s^2,rad/s,1.0,1.0,True,test,non_fall,non_fall,4.934437924930535e-08,none,backward
w25_00000609,bits,C:\Users\ADMIN\Desktop\ds-fall\data\raw\Dataset\adl\user17\user17_adl11.csv,C:\Users\ADMIN\Desktop\ds-fall\data\raw\Dataset,user17,user17_adl11,adl11,nearly_sitting_and_getting_up,nearly_sitting_and_getting_up,0,none,False,48,98,1.92,3.92,25.0,50,12,"ax,ay,az,gx,gy,gz,acc_mag,gyro_mag,jerk,roll,pitch,tilt_delta",20.0,25.0,uniform_20hz_time_interpolation_to_25hz,adl_sliding_capped,233,291,,,dataset_unit_map,wrist,bits,m/s^2,rad/s,m/s^2,rad/s,1.0,1.0,True,test,non_fall,non_fall,6.011831743535367e-08,none,backward
w25_00000610,bits,C:\Users\ADMIN\Desktop\ds-fall\data\raw\Dataset\adl\user17\user17_adl12.csv,C:\Users\ADMIN\Desktop\ds-fall\data\raw\Dataset,user17,user17_adl12,adl12,swinging_hands,swinging_hands,0,none,False,0,50,0.0,2.0,25.0,50,12,"ax,ay,az,gx,gy,gz,acc_mag,gyro_mag,jerk,roll,pitch,tilt_delta",20.0,25.0,uniform_20hz_time_interpolation_to_25hz,adl_sliding_capped,375,468,,,dataset_unit_map,wrist,bits,m/s^2,rad/s,m/s^2,rad/s,1.0,1.0,True,test,non_fall,non_fall,7.497995829908177e-05,none,lateral
w25_00000611,bits,C:\Users\ADMIN\Desktop\ds-fall\data\raw\Dataset\adl\user17\user17_adl12.csv,C:\Users\ADMIN\Desktop\ds-fall\data\raw\Dataset,user17,user17_adl12,adl12,swinging_hands,swinging_hands,0,none,False,12,62,0.48,2.48,25.0,50,12,"ax,ay,az,gx,gy,gz,acc_mag,gyro_mag,jerk,roll,pitch,tilt_delta",20.0,25.0,uniform_20hz_time_interpolation_to_25hz,adl_sliding_capped,375,468,,,dataset_unit_map,wrist,bits,m/s^2,rad/s,m/s^2,rad/s,1.0,1.0,True,test,non_fall,non_fall,7.282418664544821e-05,none,lateral
w25_00000612,bits,C:\Users\ADMIN\Desktop\ds-fall\data\raw\Dataset\adl\user17\user17_adl12.csv,C:\Users\ADMIN\Desktop\ds-fall\data\raw\Dataset,user17,user17_adl12,adl12,swinging_hands,swinging_hands,0,none,False,24,74,0.96,2.96,25.0,50,12,"ax,ay,az,gx,gy,gz,acc_mag,gyro_mag,jerk,roll,pitch,tilt_delta",20.0,25.0,uniform_20hz_time_interpolation_to_25hz,adl_sliding_capped,375,468,,,dataset_unit_map,wrist,bits,m/s^2,rad/s,m/s^2,rad/s,1.0,1.0,True,test,non_fall,non_fall,0.0015320625388994813,none,forward
w25_00000613,bits,C:\Users\ADMIN\Desktop\ds-fall\data\raw\Dataset\adl\user17\user17_adl12.csv,C:\Users\ADMIN\Desktop\ds-fall\data\raw\Dataset,user17,user17_adl12,adl12,swinging_hands,swinging_hands,0,none,False,36,86,1.44,3.44,25.0,50,12,"ax,ay,az,gx,gy,gz,acc_mag,gyro_mag,jerk,roll,pitch,tilt_delta",20.0,25.0,uniform_20hz_time_interpolation_to_25hz,adl_sliding_capped,375,468,,,dataset_unit_map,wrist,bits,m/s^2,rad/s,m/s^2,rad/s,1.0,1.0,True,test,non_fall,non_fall,0.0011121653951704502,none,forward
w25_00000614,bits,C:\Users\ADMIN\Desktop\ds-fall\data\raw\Dataset\adl\user17\user17_adl12.csv,C:\Users\ADMIN\Desktop\ds-fall\data\raw\Dataset,user17,user17_adl12,adl12,swinging_hands,swinging_hands,0,none,False,48,98,1.92,3.92,25.0,50,12,"ax,ay,az,gx,gy,gz,acc_mag,gyro_mag,jerk,roll,pitch,tilt_delta",20.0,25.0,uniform_20hz_time_interpolation_to_25hz,adl_sliding_capped,375,468,,,dataset_unit_map,wrist,bits,m/s^2,rad/s,m/s^2,rad/s,1.0,1.0,True,test,non_fall,non_fall,0.004058525897562504,none,lateral
w25_00000615,bits,C:\Users\ADMIN\Desktop\ds-fall\data\raw\Dataset\adl\user17\user17_adl13.csv,C:\Users\ADMIN\Desktop\ds-fall\data\raw\Dataset,user17,user17_adl13,adl13,lying_on_bed,lying_on_bed,0,none,False,0,50,0.0,2.0,25.0,50,12,"ax,ay,az,gx,gy,gz,acc_mag,gyro_mag,jerk,roll,pitch,tilt_delta",20.0,25.0,uniform_20hz_time_interpolation_to_25hz,adl_sliding_capped,495,618,,,dataset_unit_map,wrist,bits,m/s^2,rad/s,m/s^2,rad/s,1.0,1.0,True,test,non_fall,non_fall,2.508422767277807e-06,none,backward
w25_00000616,bits,C:\Users\ADMIN\Desktop\ds-fall\data\raw\Dataset\adl\user17\user17_adl13.csv,C:\Users\ADMIN\Desktop\ds-fall\data\raw\Dataset,user17,user17_adl13,adl13,lying_on_bed,lying_on_bed,0,none,False,12,62,0.48,2.48,25.0,50,12,"ax,ay,az,gx,gy,gz,acc_mag,gyro_mag,jerk,roll,pitch,tilt_delta",20.0,25.0,uniform_20hz_time_interpolation_to_25hz,adl_sliding_capped,495,618,,,dataset_unit_map,wrist,bits,m/s^2,rad/s,m/s^2,rad/s,1.0,1.0,True,test,non_fall,non_fall,2.6727441309049027e-06,none,backward
w25_00000617,bits,C:\Users\ADMIN\Desktop\ds-fall\data\raw\Dataset\adl\user17\user17_adl13.csv,C:\Users\ADMIN\Desktop\ds-fall\data\raw\Dataset,user17,user17_adl13,adl13,lying_on_bed,lying_on_bed,0,none,False,24,74,0.96,2.96,25.0,50,12,"ax,ay,az,gx,gy,gz,acc_mag,gyro_mag,jerk,roll,pitch,tilt_delta",20.0,25.0,uniform_20hz_time_interpolation_to_25hz,adl_sliding_capped,495,618,,,dataset_unit_map,wrist,bits,m/s^2,rad/s,m/s^2,rad/s,1.0,1.0,True,test,non_fall,non_fall,3.322701786601101e-06,none,backward
w25_00000618,bits,C:\Users\ADMIN\Desktop\ds-fall\data\raw\Dataset\adl\user17\user17_adl13.csv,C:\Users\ADMIN\Desktop\ds-fall\data\raw\Dataset,user17,user17_adl13,adl13,lying_on_bed,lying_on_bed,0,none,False,36,86,1.44,3.44,25.0,50,12,"ax,ay,az,gx,gy,gz,acc_mag,gyro_mag,jerk,roll,pitch,tilt_delta",20.0,25.0,uniform_20hz_time_interpolation_to_25hz,adl_sliding_capped,495,618,,,dataset_unit_map,wrist,bits,m/s^2,rad/s,m/s^2,rad/s,1.0,1.0,True,test,non_fall,non_fall,2.225493290097802e-06,none,backward
w25_00000619,bits,C:\Users\ADMIN\Desktop\ds-fall\data\raw\Dataset\adl\user17\user17_adl13.csv,C:\Users\ADMIN\Desktop\ds-fall\data\raw\Dataset,user17,user17_adl13,adl13,lying_on_bed,lying_on_bed,0,none,False,48,98,1.92,3.92,25.0,50,12,"ax,ay,az,gx,gy,gz,acc_mag,gyro_mag,jerk,roll,pitch,tilt_delta",20.0,25.0,uniform_20hz_time_interpolation_to_25hz,adl_sliding_capped,495,618,,,dataset_unit_map,wrist,bits,m/s^2,rad/s,m/s^2,rad/s,1.0,1.0,True,test,non_fall,non_fall,1.581144601914275e-06,none,backward
w25_00000620,bits,C:\Users\ADMIN\Desktop\ds-fall\data\raw\Dataset\adl\user17\user17_adl14.csv,C:\Users\ADMIN\Desktop\ds-fall\data\raw\Dataset,user17,user17_adl14,adl14,lying_on_back_getting_up_slowly,lying_on_back_getting_up_slowly,0,none,False,0,50,0.0,2.0,25.0,50,12,"ax,ay,az,gx,gy,gz,acc_mag,gyro_mag,jerk,roll,pitch,tilt_delta",20.0,25.0,uniform_20hz_time_interpolation_to_25hz,adl_sliding_capped,570,712,,,dataset_unit_map,wrist,bits,m/s^2,rad/s,m/s^2,rad/s,1.0,1.0,True,test,non_fall,non_fall,8.800628847893677e-07,none,backward
w25_00000621,bits,C:\Users\ADMIN\Desktop\ds-fall\data\raw\Dataset\adl\user17\user17_adl14.csv,C:\Users\ADMIN\Desktop\ds-fall\data\raw\Dataset,user17,user17_adl14,adl14,lying_on_back_getting_up_slowly,lying_on_back_getting_up_slowly,0,none,False,12,62,0.48,2.48,25.0,50,12,"ax,ay,az,gx,gy,gz,acc_mag,gyro_mag,jerk,roll,pitch,tilt_delta",20.0,25.0,uniform_20hz_time_interpolation_to_25hz,adl_sliding_capped,570,712,,,dataset_unit_map,wrist,bits,m/s^2,rad/s,m/s^2,rad/s,1.0,1.0,True,test,non_fall,non_fall,3.8759452536396566e-07,none,backward
w25_00000622,bits,C:\Users\ADMIN\Desktop\ds-fall\data\raw\Dataset\adl\user17\user17_adl14.csv,C:\Users\ADMIN\Desktop\ds-fall\data\raw\Dataset,user17,user17_adl14,adl14,lying_on_back_getting_up_slowly,lying_on_back_getting_up_slowly,0,none,False,24,74,0.96,2.96,25.0,50,12,"ax,ay,az,gx,gy,gz,acc_mag,gyro_mag,jerk,roll,pitch,tilt_delta",20.0,25.0,uniform_20hz_time_interpolation_to_25hz,adl_sliding_capped,570,712,,,dataset_unit_map,wrist,bits,m/s^2,rad/s,m/s^2,rad/s,1.0,1.0,True,test,non_fall,non_fall,6.263370551096159e-07,none,backward
w25_00000623,bits,C:\Users\ADMIN\Desktop\ds-fall\data\raw\Dataset\adl\user17\user17_adl14.csv,C:\Users\ADMIN\Desktop\ds-fall\data\raw\Dataset,user17,user17_adl14,adl14,lying_on_back_getting_up_slowly,lying_on_back_getting_up_slowly,0,none,False,36,86,1.44,3.44,25.0,50,12,"ax,ay,az,gx,gy,gz,acc_mag,gyro_mag,jerk,roll,pitch,tilt_delta",20.0,25.0,uniform_20hz_time_interpolation_to_25hz,adl_sliding_capped,570,712,,,dataset_unit_map,wrist,bits,m/s^2,rad/s,m/s^2,rad/s,1.0,1.0,True,test,non_fall,non_fall,1.403746978212439e-06,none,backward
w25_00000624,bits,C:\Users\ADMIN\Desktop\ds-fall\data\raw\Dataset\adl\user17\user17_adl14.csv,C:\Users\ADMIN\Desktop\ds-fall\data\raw\Dataset,user17,user17_adl14,adl14,lying_on_back_getting_up_slowly,lying_on_back_getting_up_slowly,0,none,False,48,98,1.92,3.92,25.0,50,12,"ax,ay,az,gx,gy,gz,acc_mag,gyro_mag,jerk,roll,pitch,tilt_delta",20.0,25.0,uniform_20hz_time_interpolation_to_25hz,adl_sliding_capped,570,712,,,dataset_unit_map,wrist,bits,m/s^2,rad/s,m/s^2,rad/s,1.0,1.0,True,test,non_fall,non_fall,2.8770693916158052e-06,none,backward
w25_00000625,bits,C:\Users\ADMIN\Desktop\ds-fall\data\raw\Dataset\adl\user17\user17_adl15.csv,C:\Users\ADMIN\Desktop\ds-fall\data\raw\Dataset,user17,user17_adl15,adl15,lying_on_back_getting_up_normally,lying_on_back_getting_up_normally,0,none,False,0,50,0.0,2.0,25.0,50,12,"ax,ay,az,gx,gy,gz,acc_mag,gyro_mag,jerk,roll,pitch,tilt_delta",20.0,25.0,uniform_20hz_time_interpolation_to_25hz,adl_sliding_capped,429,536,,,dataset_unit_map,wrist,bits,m/s^2,rad/s,m/s^2,rad/s,1.0,1.0,True,test,non_fall,non_fall,4.568756821754505e-07,none,backward
w25_00000626,bits,C:\Users\ADMIN\Desktop\ds-fall\data\raw\Dataset\adl\user17\user17_adl15.csv,C:\Users\ADMIN\Desktop\ds-fall\data\raw\Dataset,user17,user17_adl15,adl15,lying_on_back_getting_up_normally,lying_on_back_getting_up_normally,0,none,False,12,62,0.48,2.48,25.0,50,12,"ax,ay,az,gx,gy,gz,acc_mag,gyro_mag,jerk,roll,pitch,tilt_delta",20.0,25.0,uniform_20hz_time_interpolation_to_25hz,adl_sliding_capped,429,536,,,dataset_unit_map,wrist,bits,m/s^2,rad/s,m/s^2,rad/s,1.0,1.0,True,test,non_fall,non_fall,2.181881626484028e-07,none,backward
w25_00000627,bits,C:\Users\ADMIN\Desktop\ds-fall\data\raw\Dataset\adl\user17\user17_adl15.csv,C:\Users\ADMIN\Desktop\ds-fall\data\raw\Dataset,user17,user17_adl15,adl15,lying_on_back_getting_up_normally,lying_on_back_getting_up_normally,0,none,False,24,74,0.96,2.96,25.0,50,12,"ax,ay,az,gx,gy,gz,acc_mag,gyro_mag,jerk,roll,pitch,tilt_delta",20.0,25.0,uniform_20hz_time_interpolation_to_25hz,adl_sliding_capped,429,536,,,dataset_unit_map,wrist,bits,m/s^2,rad/s,m/s^2,rad/s,1.0,1.0,True,test,non_fall,non_fall,1.666841775715966e-08,none,forward
w25_00000628,bits,C:\Users\ADMIN\Desktop\ds-fall\data\raw\Dataset\adl\user17\user17_adl15.csv,C:\Users\ADMIN\Desktop\ds-fall\data\raw\Dataset,user17,user17_adl15,adl15,lying_on_back_getting_up_normally,lying_on_back_getting_up_normally,0,none,False,36,86,1.44,3.44,25.0,50,12,"ax,ay,az,gx,gy,gz,acc_mag,gyro_mag,jerk,roll,pitch,tilt_delta",20.0,25.0,uniform_20hz_time_interpolation_to_25hz,adl_sliding_capped,429,536,,,dataset_unit_map,wrist,bits,m/s^2,rad/s,m/s^2,rad/s,1.0,1.0,True,test,non_fall,non_fall,5.443880368716236e-08,none,forward
w25_00000629,bits,C:\Users\ADMIN\Desktop\ds-fall\data\raw\Dataset\adl\user17\user17_adl15.csv,C:\Users\ADMIN\Desktop\ds-fall\data\raw\Dataset,user17,user17_adl15,adl15,lying_on_back_getting_up_normally,lying_on_back_getting_up_normally,0,none,False,48,98,1.92,3.92,25.0,50,12,"ax,ay,az,gx,gy,gz,acc_mag,gyro_mag,jerk,roll,pitch,tilt_delta",20.0,25.0,uniform_20hz_time_interpolation_to_25hz,adl_sliding_capped,429,536,,,dataset_unit_map,wrist,bits,m/s^2,rad/s,m/s^2,rad/s,1.0,1.0,True,test,non_fall,non_fall,1.8616619001932122e-07,none,forward
w25_00000630,bits,C:\Users\ADMIN\Desktop\ds-fall\data\raw\Dataset\adl\user17\user17_adl16.csv,C:\Users\ADMIN\Desktop\ds-fall\data\raw\Dataset,user17,user17_adl16,adl16,lying_sideways_to_back,lying_sideways_to_back,0,none,False,0,50,0.0,2.0,25.0,50,12,"ax,ay,az,gx,gy,gz,acc_mag,gyro_mag,jerk,roll,pitch,tilt_delta",20.0,25.0,uniform_20hz_time_interpolation_to_25hz,adl_sliding_capped,349,436,,,dataset_unit_map,wrist,bits,m/s^2,rad/s,m/s^2,rad/s,1.0,1.0,True,test,non_fall,non_fall,1.4159418242343236e-06,none,backward
w25_00000631,bits,C:\Users\ADMIN\Desktop\ds-fall\data\raw\Dataset\adl\user17\user17_adl16.csv,C:\Users\ADMIN\Desktop\ds-fall\data\raw\Dataset,user17,user17_adl16,adl16,lying_sideways_to_back,lying_sideways_to_back,0,none,False,12,62,0.48,2.48,25.0,50,12,"ax,ay,az,gx,gy,gz,acc_mag,gyro_mag,jerk,roll,pitch,tilt_delta",20.0,25.0,uniform_20hz_time_interpolation_to_25hz,adl_sliding_capped,349,436,,,dataset_unit_map,wrist,bits,m/s^2,rad/s,m/s^2,rad/s,1.0,1.0,True,test,non_fall,non_fall,1.3980662743051653e-06,none,backward
w25_00000632,bits,C:\Users\ADMIN\Desktop\ds-fall\data\raw\Dataset\adl\user17\user17_adl16.csv,C:\Users\ADMIN\Desktop\ds-fall\data\raw\Dataset,user17,user17_adl16,adl16,lying_sideways_to_back,lying_sideways_to_back,0,none,False,24,74,0.96,2.96,25.0,50,12,"ax,ay,az,gx,gy,gz,acc_mag,gyro_mag,jerk,roll,pitch,tilt_delta",20.0,25.0,uniform_20hz_time_interpolation_to_25hz,adl_sliding_capped,349,436,,,dataset_unit_map,wrist,bits,m/s^2,rad/s,m/s^2,rad/s,1.0,1.0,True,test,non_fall,non_fall,1.3746794138569385e-06,none,backward
w25_00000633,bits,C:\Users\ADMIN\Desktop\ds-fall\data\raw\Dataset\adl\user17\user17_adl16.csv,C:\Users\ADMIN\Desktop\ds-fall\data\raw\Dataset,user17,user17_adl16,adl16,lying_sideways_to_back,lying_sideways_to_back,0,none,False,36,86,1.44,3.44,25.0,50,12,"ax,ay,az,gx,gy,gz,acc_mag,gyro_mag,jerk,roll,pitch,tilt_delta",20.0,25.0,uniform_20hz_time_interpolation_to_25hz,adl_sliding_capped,349,436,,,dataset_unit_map,wrist,bits,m/s^2,rad/s,m/s^2,rad/s,1.0,1.0,True,test,non_fall,non_fall,1.3158165756976814e-06,none,backward
w25_00000634,bits,C:\Users\ADMIN\Desktop\ds-fall\data\raw\Dataset\adl\user17\user17_adl16.csv,C:\Users\ADMIN\Desktop\ds-fall\data\raw\Dataset,user17,user17_adl16,adl16,lying_sideways_to_back,lying_sideways_to_back,0,none,False,48,98,1.92,3.92,25.0,50,12,"ax,ay,az,gx,gy,gz,acc_mag,gyro_mag,jerk,roll,pitch,tilt_delta",20.0,25.0,uniform_20hz_time_interpolation_to_25hz,adl_sliding_capped,349,436,,,dataset_unit_map,wrist,bits,m/s^2,rad/s,m/s^2,rad/s,1.0,1.0,True,test,non_fall,non_fall,1.2888242508779513e-06,none,backward
w25_00000635,bits,C:\Users\ADMIN\Desktop\ds-fall\data\raw\Dataset\adl\user17\user17_adl2.csv,C:\Users\ADMIN\Desktop\ds-fall\data\raw\Dataset,user17,user17_adl2,adl2,walking_quickly,walking_quickly,0,none,False,0,50,0.0,2.0,25.0,50,12,"ax,ay,az,gx,gy,gz,acc_mag,gyro_mag,jerk,roll,pitch,tilt_delta",20.0,25.0,uniform_20hz_time_interpolation_to_25hz,adl_sliding_capped,425,531,,,dataset_unit_map,wrist,bits,m/s^2,rad/s,m/s^2,rad/s,1.0,1.0,True,test,non_fall,non_fall,3.3159804502247425e-07,none,forward
w25_00000636,bits,C:\Users\ADMIN\Desktop\ds-fall\data\raw\Dataset\adl\user17\user17_adl2.csv,C:\Users\ADMIN\Desktop\ds-fall\data\raw\Dataset,user17,user17_adl2,adl2,walking_quickly,walking_quickly,0,none,False,12,62,0.48,2.48,25.0,50,12,"ax,ay,az,gx,gy,gz,acc_mag,gyro_mag,jerk,roll,pitch,tilt_delta",20.0,25.0,uniform_20hz_time_interpolation_to_25hz,adl_sliding_capped,425,531,,,dataset_unit_map,wrist,bits,m/s^2,rad/s,m/s^2,rad/s,1.0,1.0,True,test,non_fall,non_fall,5.90398656186153e-07,none,forward
w25_00000637,bits,C:\Users\ADMIN\Desktop\ds-fall\data\raw\Dataset\adl\user17\user17_adl2.csv,C:\Users\ADMIN\Desktop\ds-fall\data\raw\Dataset,user17,user17_adl2,adl2,walking_quickly,walking_quickly,0,none,False,24,74,0.96,2.96,25.0,50,12,"ax,ay,az,gx,gy,gz,acc_mag,gyro_mag,jerk,roll,pitch,tilt_delta",20.0,25.0,uniform_20hz_time_interpolation_to_25hz,adl_sliding_capped,425,531,,,dataset_unit_map,wrist,bits,m/s^2,rad/s,m/s^2,rad/s,1.0,1.0,True,test,non_fall,non_fall,5.236177571532608e-07,none,forward
w25_00000638,bits,C:\Users\ADMIN\Desktop\ds-fall\data\raw\Dataset\adl\user17\user17_adl2.csv,C:\Users\ADMIN\Desktop\ds-fall\data\raw\Dataset,user17,user17_adl2,adl2,walking_quickly,walking_quickly,0,none,False,36,86,1.44,3.44,25.0,50,12,"ax,ay,az,gx,gy,gz,acc_mag,gyro_mag,jerk,roll,pitch,tilt_delta",20.0,25.0,uniform_20hz_time_interpolation_to_25hz,adl_sliding_capped,425,531,,,dataset_unit_map,wrist,bits,m/s^2,rad/s,m/s^2,rad/s,1.0,1.0,True,test,non_fall,non_fall,6.117113002801489e-07,none,forward
w25_00000639,bits,C:\Users\ADMIN\Desktop\ds-fall\data\raw\Dataset\adl\user17\user17_adl2.csv,C:\Users\ADMIN\Desktop\ds-fall\data\raw\Dataset,user17,user17_adl2,adl2,walking_quickly,walking_quickly,0,none,False,48,98,1.92,3.92,25.0,50,12,"ax,ay,az,gx,gy,gz,acc_mag,gyro_mag,jerk,roll,pitch,tilt_delta",20.0,25.0,uniform_20hz_time_interpolation_to_25hz,adl_sliding_capped,425,531,,,dataset_unit_map,wrist,bits,m/s^2,rad/s,m/s^2,rad/s,1.0,1.0,True,test,non_fall,non_fall,1.2508170584624168e-05,none,forward
w25_00000640,bits,C:\Users\ADMIN\Desktop\ds-fall\data\raw\Dataset\adl\user17\user17_adl3.csv,C:\Users\ADMIN\Desktop\ds-fall\data\raw\Dataset,user17,user17_adl3,adl3,jogging,jogging,0,none,False,0,50,0.0,2.0,25.0,50,12,"ax,ay,az,gx,gy,gz,acc_mag,gyro_mag,jerk,roll,pitch,tilt_delta",20.0,25.0,uniform_20hz_time_interpolation_to_25hz,adl_sliding_capped,1621,2026,,,dataset_unit_map,wrist,bits,m/s^2,rad/s,m/s^2,rad/s,1.0,1.0,True,test,non_fall,non_fall,4.394401287299843e-08,none,lateral
w25_00000641,bits,C:\Users\ADMIN\Desktop\ds-fall\data\raw\Dataset\adl\user17\user17_adl3.csv,C:\Users\ADMIN\Desktop\ds-fall\data\raw\Dataset,user17,user17_adl3,adl3,jogging,jogging,0,none,False,12,62,0.48,2.48,25.0,50,12,"ax,ay,az,gx,gy,gz,acc_mag,gyro_mag,jerk,roll,pitch,tilt_delta",20.0,25.0,uniform_20hz_time_interpolation_to_25hz,adl_sliding_capped,1621,2026,,,dataset_unit_map,wrist,bits,m/s^2,rad/s,m/s^2,rad/s,1.0,1.0,True,test,non_fall,non_fall,6.824066645094717e-08,none,forward
w25_00000642,bits,C:\Users\ADMIN\Desktop\ds-fall\data\raw\Dataset\adl\user17\user17_adl3.csv,C:\Users\ADMIN\Desktop\ds-fall\data\raw\Dataset,user17,user17_adl3,adl3,jogging,jogging,0,none,False,24,74,0.96,2.96,25.0,50,12,"ax,ay,az,gx,gy,gz,acc_mag,gyro_mag,jerk,roll,pitch,tilt_delta",20.0,25.0,uniform_20hz_time_interpolation_to_25hz,adl_sliding_capped,1621,2026,,,dataset_unit_map,wrist,bits,m/s^2,rad/s,m/s^2,rad/s,1.0,1.0,True,test,non_fall,non_fall,2.9279275892690748e-08,none,forward
w25_00000643,bits,C:\Users\ADMIN\Desktop\ds-fall\data\raw\Dataset\adl\user17\user17_adl3.csv,C:\Users\ADMIN\Desktop\ds-fall\data\raw\Dataset,user17,user17_adl3,adl3,jogging,jogging,0,none,False,36,86,1.44,3.44,25.0,50,12,"ax,ay,az,gx,gy,gz,acc_mag,gyro_mag,jerk,roll,pitch,tilt_delta",20.0,25.0,uniform_20hz_time_interpolation_to_25hz,adl_sliding_capped,1621,2026,,,dataset_unit_map,wrist,bits,m/s^2,rad/s,m/s^2,rad/s,1.0,1.0,True,test,non_fall,non_fall,1.4521742919271219e-08,none,forward
w25_00000644,bits,C:\Users\ADMIN\Desktop\ds-fall\data\raw\Dataset\adl\user17\user17_adl3.csv,C:\Users\ADMIN\Desktop\ds-fall\data\raw\Dataset,user17,user17_adl3,adl3,jogging,jogging,0,none,False,48,98,1.92,3.92,25.0,50,12,"ax,ay,az,gx,gy,gz,acc_mag,gyro_mag,jerk,roll,pitch,tilt_delta",20.0,25.0,uniform_20hz_time_interpolation_to_25hz,adl_sliding_capped,1621,2026,,,dataset_unit_map,wrist,bits,m/s^2,rad/s,m/s^2,rad/s,1.0,1.0,True,test,non_fall,non_fall,1.0463129918036884e-08,none,forward
w25_00000645,bits,C:\Users\ADMIN\Desktop\ds-fall\data\raw\Dataset\adl\user17\user17_adl4.csv,C:\Users\ADMIN\Desktop\ds-fall\data\raw\Dataset,user17,user17_adl4,adl4,jumping,jumping,0,none,False,0,50,0.0,2.0,25.0,50,12,"ax,ay,az,gx,gy,gz,acc_mag,gyro_mag,jerk,roll,pitch,tilt_delta",20.0,25.0,uniform_20hz_time_interpolation_to_25hz,adl_sliding_capped,708,884,,,dataset_unit_map,wrist,bits,m/s^2,rad/s,m/s^2,rad/s,1.0,1.0,True,test,non_fall,non_fall,2.738744626640255e-07,none,lateral
w25_00000646,bits,C:\Users\ADMIN\Desktop\ds-fall\data\raw\Dataset\adl\user17\user17_adl4.csv,C:\Users\ADMIN\Desktop\ds-fall\data\raw\Dataset,user17,user17_adl4,adl4,jumping,jumping,0,none,False,12,62,0.48,2.48,25.0,50,12,"ax,ay,az,gx,gy,gz,acc_mag,gyro_mag,jerk,roll,pitch,tilt_delta",20.0,25.0,uniform_20hz_time_interpolation_to_25hz,adl_sliding_capped,708,884,,,dataset_unit_map,wrist,bits,m/s^2,rad/s,m/s^2,rad/s,1.0,1.0,True,test,non_fall,non_fall,1.468313166697044e-05,none,forward
w25_00000647,bits,C:\Users\ADMIN\Desktop\ds-fall\data\raw\Dataset\adl\user17\user17_adl4.csv,C:\Users\ADMIN\Desktop\ds-fall\data\raw\Dataset,user17,user17_adl4,adl4,jumping,jumping,0,none,False,24,74,0.96,2.96,25.0,50,12,"ax,ay,az,gx,gy,gz,acc_mag,gyro_mag,jerk,roll,pitch,tilt_delta",20.0,25.0,uniform_20hz_time_interpolation_to_25hz,adl_sliding_capped,708,884,,,dataset_unit_map,wrist,bits,m/s^2,rad/s,m/s^2,rad/s,1.0,1.0,True,test,non_fall,non_fall,0.0008197586284950376,none,lateral
w25_00000648,bits,C:\Users\ADMIN\Desktop\ds-fall\data\raw\Dataset\adl\user17\user17_adl4.csv,C:\Users\ADMIN\Desktop\ds-fall\data\raw\Dataset,user17,user17_adl4,adl4,jumping,jumping,0,none,False,36,86,1.44,3.44,25.0,50,12,"ax,ay,az,gx,gy,gz,acc_mag,gyro_mag,jerk,roll,pitch,tilt_delta",20.0,25.0,uniform_20hz_time_interpolation_to_25hz,adl_sliding_capped,708,884,,,dataset_unit_map,wrist,bits,m/s^2,rad/s,m/s^2,rad/s,1.0,1.0,True,test,non_fall,non_fall,0.006259930785745382,none,lateral
w25_00000649,bits,C:\Users\ADMIN\Desktop\ds-fall\data\raw\Dataset\adl\user17\user17_adl4.csv,C:\Users\ADMIN\Desktop\ds-fall\data\raw\Dataset,user17,user17_adl4,adl4,jumping,jumping,0,none,False,48,98,1.92,3.92,25.0,50,12,"ax,ay,az,gx,gy,gz,acc_mag,gyro_mag,jerk,roll,pitch,tilt_delta",20.0,25.0,uniform_20hz_time_interpolation_to_25hz,adl_sliding_capped,708,884,,,dataset_unit_map,wrist,bits,m/s^2,rad/s,m/s^2,rad/s,1.0,1.0,True,test,non_fall,non_fall,0.018295278772711754,none,lateral
w25_00000650,bits,C:\Users\ADMIN\Desktop\ds-fall\data\raw\Dataset\adl\user17\user17_adl5.csv,C:\Users\ADMIN\Desktop\ds-fall\data\raw\Dataset,user17,user17_adl5,adl5,climbing_up_slowly,climbing_up_slowly,0,none,False,0,50,0.0,2.0,25.0,50,12,"ax,ay,az,gx,gy,gz,acc_mag,gyro_mag,jerk,roll,pitch,tilt_delta",20.0,25.0,uniform_20hz_time_interpolation_to_25hz,adl_sliding_capped,182,227,,,dataset_unit_map,wrist,bits,m/s^2,rad/s,m/s^2,rad/s,1.0,1.0,True,test,non_fall,non_fall,1.833815076679457e-06,none,backward
w25_00000651,bits,C:\Users\ADMIN\Desktop\ds-fall\data\raw\Dataset\adl\user17\user17_adl5.csv,C:\Users\ADMIN\Desktop\ds-fall\data\raw\Dataset,user17,user17_adl5,adl5,climbing_up_slowly,climbing_up_slowly,0,none,False,12,62,0.48,2.48,25.0,50,12,"ax,ay,az,gx,gy,gz,acc_mag,gyro_mag,jerk,roll,pitch,tilt_delta",20.0,25.0,uniform_20hz_time_interpolation_to_25hz,adl_sliding_capped,182,227,,,dataset_unit_map,wrist,bits,m/s^2,rad/s,m/s^2,rad/s,1.0,1.0,True,test,non_fall,non_fall,2.5278832254116423e-05,none,backward
w25_00000652,bits,C:\Users\ADMIN\Desktop\ds-fall\data\raw\Dataset\adl\user17\user17_adl5.csv,C:\Users\ADMIN\Desktop\ds-fall\data\raw\Dataset,user17,user17_adl5,adl5,climbing_up_slowly,climbing_up_slowly,0,none,False,24,74,0.96,2.96,25.0,50,12,"ax,ay,az,gx,gy,gz,acc_mag,gyro_mag,jerk,roll,pitch,tilt_delta",20.0,25.0,uniform_20hz_time_interpolation_to_25hz,adl_sliding_capped,182,227,,,dataset_unit_map,wrist,bits,m/s^2,rad/s,m/s^2,rad/s,1.0,1.0,True,test,non_fall,non_fall,4.408552558743395e-05,none,backward
w25_00000653,bits,C:\Users\ADMIN\Desktop\ds-fall\data\raw\Dataset\adl\user17\user17_adl5.csv,C:\Users\ADMIN\Desktop\ds-fall\data\raw\Dataset,user17,user17_adl5,adl5,climbing_up_slowly,climbing_up_slowly,0,none,False,36,86,1.44,3.44,25.0,50,12,"ax,ay,az,gx,gy,gz,acc_mag,gyro_mag,jerk,roll,pitch,tilt_delta",20.0,25.0,uniform_20hz_time_interpolation_to_25hz,adl_sliding_capped,182,227,,,dataset_unit_map,wrist,bits,m/s^2,rad/s,m/s^2,rad/s,1.0,1.0,True,test,non_fall,non_fall,0.003154709469527006,none,backward
w25_00000654,bits,C:\Users\ADMIN\Desktop\ds-fall\data\raw\Dataset\adl\user17\user17_adl5.csv,C:\Users\ADMIN\Desktop\ds-fall\data\raw\Dataset,user17,user17_adl5,adl5,climbing_up_slowly,climbing_up_slowly,0,none,False,48,98,1.92,3.92,25.0,50,12,"ax,ay,az,gx,gy,gz,acc_mag,gyro_mag,jerk,roll,pitch,tilt_delta",20.0,25.0,uniform_20hz_time_interpolation_to_25hz,adl_sliding_capped,182,227,,,dataset_unit_map,wrist,bits,m/s^2,rad/s,m/s^2,rad/s,1.0,1.0,True,test,non_fall,non_fall,0.0024947274941951036,none,backward
w25_00000655,bits,C:\Users\ADMIN\Desktop\ds-fall\data\raw\Dataset\adl\user17\user17_adl6.csv,C:\Users\ADMIN\Desktop\ds-fall\data\raw\Dataset,user17,user17_adl6,adl6,climbing_down_slowly,climbing_down_slowly,0,none,False,0,50,0.0,2.0,25.0,50,12,"ax,ay,az,gx,gy,gz,acc_mag,gyro_mag,jerk,roll,pitch,tilt_delta",20.0,25.0,uniform_20hz_time_interpolation_to_25hz,adl_sliding_capped,406,507,,,dataset_unit_map,wrist,bits,m/s^2,rad/s,m/s^2,rad/s,1.0,1.0,True,test,non_fall,non_fall,1.9579012189296918e-07,none,forward
w25_00000656,bits,C:\Users\ADMIN\Desktop\ds-fall\data\raw\Dataset\adl\user17\user17_adl6.csv,C:\Users\ADMIN\Desktop\ds-fall\data\raw\Dataset,user17,user17_adl6,adl6,climbing_down_slowly,climbing_down_slowly,0,none,False,12,62,0.48,2.48,25.0,50,12,"ax,ay,az,gx,gy,gz,acc_mag,gyro_mag,jerk,roll,pitch,tilt_delta",20.0,25.0,uniform_20hz_time_interpolation_to_25hz,adl_sliding_capped,406,507,,,dataset_unit_map,wrist,bits,m/s^2,rad/s,m/s^2,rad/s,1.0,1.0,True,test,non_fall,non_fall,1.0137870987136921e-07,none,forward
w25_00000657,bits,C:\Users\ADMIN\Desktop\ds-fall\data\raw\Dataset\adl\user17\user17_adl6.csv,C:\Users\ADMIN\Desktop\ds-fall\data\raw\Dataset,user17,user17_adl6,adl6,climbing_down_slowly,climbing_down_slowly,0,none,False,24,74,0.96,2.96,25.0,50,12,"ax,ay,az,gx,gy,gz,acc_mag,gyro_mag,jerk,roll,pitch,tilt_delta",20.0,25.0,uniform_20hz_time_interpolation_to_25hz,adl_sliding_capped,406,507,,,dataset_unit_map,wrist,bits,m/s^2,rad/s,m/s^2,rad/s,1.0,1.0,True,test,non_fall,non_fall,1.6591255302955688e-07,none,forward
w25_00000658,bits,C:\Users\ADMIN\Desktop\ds-fall\data\raw\Dataset\adl\user17\user17_adl6.csv,C:\Users\ADMIN\Desktop\ds-fall\data\raw\Dataset,user17,user17_adl6,adl6,climbing_down_slowly,climbing_down_slowly,0,none,False,36,86,1.44,3.44,25.0,50,12,"ax,ay,az,gx,gy,gz,acc_mag,gyro_mag,jerk,roll,pitch,tilt_delta",20.0,25.0,uniform_20hz_time_interpolation_to_25hz,adl_sliding_capped,406,507,,,dataset_unit_map,wrist,bits,m/s^2,rad/s,m/s^2,rad/s,1.0,1.0,True,test,non_fall,non_fall,2.1485257661879587e-07,none,forward
w25_00000659,bits,C:\Users\ADMIN\Desktop\ds-fall\data\raw\Dataset\adl\user17\user17_adl6.csv,C:\Users\ADMIN\Desktop\ds-fall\data\raw\Dataset,user17,user17_adl6,adl6,climbing_down_slowly,climbing_down_slowly,0,none,False,48,98,1.92,3.92,25.0,50,12,"ax,ay,az,gx,gy,gz,acc_mag,gyro_mag,jerk,roll,pitch,tilt_delta",20.0,25.0,uniform_20hz_time_interpolation_to_25hz,adl_sliding_capped,406,507,,,dataset_unit_map,wrist,bits,m/s^2,rad/s,m/s^2,rad/s,1.0,1.0,True,test,non_fall,non_fall,5.507312835106859e-06,none,forward
w25_00000660,bits,C:\Users\ADMIN\Desktop\ds-fall\data\raw\Dataset\adl\user17\user17_adl7.csv,C:\Users\ADMIN\Desktop\ds-fall\data\raw\Dataset,user17,user17_adl7,adl7,climbing_up_normally,climbing_up_normally,0,none,False,0,50,0.0,2.0,25.0,50,12,"ax,ay,az,gx,gy,gz,acc_mag,gyro_mag,jerk,roll,pitch,tilt_delta",20.0,25.0,uniform_20hz_time_interpolation_to_25hz,adl_sliding_capped,213,266,,,dataset_unit_map,wrist,bits,m/s^2,rad/s,m/s^2,rad/s,1.0,1.0,True,test,non_fall,non_fall,0.00041199178667739034,none,lateral
w25_00000661,bits,C:\Users\ADMIN\Desktop\ds-fall\data\raw\Dataset\adl\user17\user17_adl7.csv,C:\Users\ADMIN\Desktop\ds-fall\data\raw\Dataset,user17,user17_adl7,adl7,climbing_up_normally,climbing_up_normally,0,none,False,12,62,0.48,2.48,25.0,50,12,"ax,ay,az,gx,gy,gz,acc_mag,gyro_mag,jerk,roll,pitch,tilt_delta",20.0,25.0,uniform_20hz_time_interpolation_to_25hz,adl_sliding_capped,213,266,,,dataset_unit_map,wrist,bits,m/s^2,rad/s,m/s^2,rad/s,1.0,1.0,True,test,non_fall,non_fall,8.333814548677765e-06,none,backward
w25_00000662,bits,C:\Users\ADMIN\Desktop\ds-fall\data\raw\Dataset\adl\user17\user17_adl7.csv,C:\Users\ADMIN\Desktop\ds-fall\data\raw\Dataset,user17,user17_adl7,adl7,climbing_up_normally,climbing_up_normally,0,none,False,24,74,0.96,2.96,25.0,50,12,"ax,ay,az,gx,gy,gz,acc_mag,gyro_mag,jerk,roll,pitch,tilt_delta",20.0,25.0,uniform_20hz_time_interpolation_to_25hz,adl_sliding_capped,213,266,,,dataset_unit_map,wrist,bits,m/s^2,rad/s,m/s^2,rad/s,1.0,1.0,True,test,non_fall,non_fall,1.4791801731917076e-05,none,lateral
w25_00000663,bits,C:\Users\ADMIN\Desktop\ds-fall\data\raw\Dataset\adl\user17\user17_adl7.csv,C:\Users\ADMIN\Desktop\ds-fall\data\raw\Dataset,user17,user17_adl7,adl7,climbing_up_normally,climbing_up_normally,0,none,False,36,86,1.44,3.44,25.0,50,12,"ax,ay,az,gx,gy,gz,acc_mag,gyro_mag,jerk,roll,pitch,tilt_delta",20.0,25.0,uniform_20hz_time_interpolation_to_25hz,adl_sliding_capped,213,266,,,dataset_unit_map,wrist,bits,m/s^2,rad/s,m/s^2,rad/s,1.0,1.0,True,test,non_fall,non_fall,0.3350742757320404,none,lateral
w25_00000664,bits,C:\Users\ADMIN\Desktop\ds-fall\data\raw\Dataset\adl\user17\user17_adl7.csv,C:\Users\ADMIN\Desktop\ds-fall\data\raw\Dataset,user17,user17_adl7,adl7,climbing_up_normally,climbing_up_normally,0,none,False,48,98,1.92,3.92,25.0,50,12,"ax,ay,az,gx,gy,gz,acc_mag,gyro_mag,jerk,roll,pitch,tilt_delta",20.0,25.0,uniform_20hz_time_interpolation_to_25hz,adl_sliding_capped,213,266,,,dataset_unit_map,wrist,bits,m/s^2,rad/s,m/s^2,rad/s,1.0,1.0,True,test,non_fall,non_fall,0.2841952443122864,none,forward
w25_00000665,bits,C:\Users\ADMIN\Desktop\ds-fall\data\raw\Dataset\adl\user17\user17_adl8.csv,C:\Users\ADMIN\Desktop\ds-fall\data\raw\Dataset,user17,user17_adl8,adl8,climbing_down_normally,climbing_down_normally,0,none,False,0,50,0.0,2.0,25.0,50,12,"ax,ay,az,gx,gy,gz,acc_mag,gyro_mag,jerk,roll,pitch,tilt_delta",20.0,25.0,uniform_20hz_time_interpolation_to_25hz,adl_sliding_capped,261,326,,,dataset_unit_map,wrist,bits,m/s^2,rad/s,m/s^2,rad/s,1.0,1.0,True,test,non_fall,non_fall,4.6757014615650405e-07,none,forward
w25_00000666,bits,C:\Users\ADMIN\Desktop\ds-fall\data\raw\Dataset\adl\user17\user17_adl8.csv,C:\Users\ADMIN\Desktop\ds-fall\data\raw\Dataset,user17,user17_adl8,adl8,climbing_down_normally,climbing_down_normally,0,none,False,12,62,0.48,2.48,25.0,50,12,"ax,ay,az,gx,gy,gz,acc_mag,gyro_mag,jerk,roll,pitch,tilt_delta",20.0,25.0,uniform_20hz_time_interpolation_to_25hz,adl_sliding_capped,261,326,,,dataset_unit_map,wrist,bits,m/s^2,rad/s,m/s^2,rad/s,1.0,1.0,True,test,non_fall,non_fall,2.8611668767553056e-07,none,forward
w25_00000667,bits,C:\Users\ADMIN\Desktop\ds-fall\data\raw\Dataset\adl\user17\user17_adl8.csv,C:\Users\ADMIN\Desktop\ds-fall\data\raw\Dataset,user17,user17_adl8,adl8,climbing_down_normally,climbing_down_normally,0,none,False,24,74,0.96,2.96,25.0,50,12,"ax,ay,az,gx,gy,gz,acc_mag,gyro_mag,jerk,roll,pitch,tilt_delta",20.0,25.0,uniform_20hz_time_interpolation_to_25hz,adl_sliding_capped,261,326,,,dataset_unit_map,wrist,bits,m/s^2,rad/s,m/s^2,rad/s,1.0,1.0,True,test,non_fall,non_fall,1.2672593641127605e-07,none,forward
w25_00000668,bits,C:\Users\ADMIN\Desktop\ds-fall\data\raw\Dataset\adl\user17\user17_adl8.csv,C:\Users\ADMIN\Desktop\ds-fall\data\raw\Dataset,user17,user17_adl8,adl8,climbing_down_normally,climbing_down_normally,0,none,False,36,86,1.44,3.44,25.0,50,12,"ax,ay,az,gx,gy,gz,acc_mag,gyro_mag,jerk,roll,pitch,tilt_delta",20.0,25.0,uniform_20hz_time_interpolation_to_25hz,adl_sliding_capped,261,326,,,dataset_unit_map,wrist,bits,m/s^2,rad/s,m/s^2,rad/s,1.0,1.0,True,test,non_fall,non_fall,8.241950695264677e-07,none,lateral
w25_00000669,bits,C:\Users\ADMIN\Desktop\ds-fall\data\raw\Dataset\adl\user17\user17_adl8.csv,C:\Users\ADMIN\Desktop\ds-fall\data\raw\Dataset,user17,user17_adl8,adl8,climbing_down_normally,climbing_down_normally,0,none,False,48,98,1.92,3.92,25.0,50,12,"ax,ay,az,gx,gy,gz,acc_mag,gyro_mag,jerk,roll,pitch,tilt_delta",20.0,25.0,uniform_20hz_time_interpolation_to_25hz,adl_sliding_capped,261,326,,,dataset_unit_map,wrist,bits,m/s^2,rad/s,m/s^2,rad/s,1.0,1.0,True,test,non_fall,non_fall,1.1275661790932645e-06,none,forward
w25_00000670,bits,C:\Users\ADMIN\Desktop\ds-fall\data\raw\Dataset\adl\user17\user17_adl9.csv,C:\Users\ADMIN\Desktop\ds-fall\data\raw\Dataset,user17,user17_adl9,adl9,slowly_sitting_on_chair,slowly_sitting_on_chair,0,none,False,0,50,0.0,2.0,25.0,50,12,"ax,ay,az,gx,gy,gz,acc_mag,gyro_mag,jerk,roll,pitch,tilt_delta",20.0,25.0,uniform_20hz_time_interpolation_to_25hz,adl_sliding_capped,305,381,,,dataset_unit_map,wrist,bits,m/s^2,rad/s,m/s^2,rad/s,1.0,1.0,True,test,non_fall,non_fall,1.1673026165226474e-05,none,lateral
w25_00000671,bits,C:\Users\ADMIN\Desktop\ds-fall\data\raw\Dataset\adl\user17\user17_adl9.csv,C:\Users\ADMIN\Desktop\ds-fall\data\raw\Dataset,user17,user17_adl9,adl9,slowly_sitting_on_chair,slowly_sitting_on_chair,0,none,False,12,62,0.48,2.48,25.0,50,12,"ax,ay,az,gx,gy,gz,acc_mag,gyro_mag,jerk,roll,pitch,tilt_delta",20.0,25.0,uniform_20hz_time_interpolation_to_25hz,adl_sliding_capped,305,381,,,dataset_unit_map,wrist,bits,m/s^2,rad/s,m/s^2,rad/s,1.0,1.0,True,test,non_fall,non_fall,6.777286216674838e-06,none,lateral
w25_00000672,bits,C:\Users\ADMIN\Desktop\ds-fall\data\raw\Dataset\adl\user17\user17_adl9.csv,C:\Users\ADMIN\Desktop\ds-fall\data\raw\Dataset,user17,user17_adl9,adl9,slowly_sitting_on_chair,slowly_sitting_on_chair,0,none,False,24,74,0.96,2.96,25.0,50,12,"ax,ay,az,gx,gy,gz,acc_mag,gyro_mag,jerk,roll,pitch,tilt_delta",20.0,25.0,uniform_20hz_time_interpolation_to_25hz,adl_sliding_capped,305,381,,,dataset_unit_map,wrist,bits,m/s^2,rad/s,m/s^2,rad/s,1.0,1.0,True,test,non_fall,non_fall,2.2384285784937674e-06,none,forward
w25_00000673,bits,C:\Users\ADMIN\Desktop\ds-fall\data\raw\Dataset\adl\user17\user17_adl9.csv,C:\Users\ADMIN\Desktop\ds-fall\data\raw\Dataset,user17,user17_adl9,adl9,slowly_sitting_on_chair,slowly_sitting_on_chair,0,none,False,36,86,1.44,3.44,25.0,50,12,"ax,ay,az,gx,gy,gz,acc_mag,gyro_mag,jerk,roll,pitch,tilt_delta",20.0,25.0,uniform_20hz_time_interpolation_to_25hz,adl_sliding_capped,305,381,,,dataset_unit_map,wrist,bits,m/s^2,rad/s,m/s^2,rad/s,1.0,1.0,True,test,non_fall,non_fall,2.3814156975277e-06,none,forward
w25_00000674,bits,C:\Users\ADMIN\Desktop\ds-fall\data\raw\Dataset\adl\user17\user17_adl9.csv,C:\Users\ADMIN\Desktop\ds-fall\data\raw\Dataset,user17,user17_adl9,adl9,slowly_sitting_on_chair,slowly_sitting_on_chair,0,none,False,48,98,1.92,3.92,25.0,50,12,"ax,ay,az,gx,gy,gz,acc_mag,gyro_mag,jerk,roll,pitch,tilt_delta",20.0,25.0,uniform_20hz_time_interpolation_to_25hz,adl_sliding_capped,305,381,,,dataset_unit_map,wrist,bits,m/s^2,rad/s,m/s^2,rad/s,1.0,1.0,True,test,non_fall,non_fall,8.622330369689735e-07,none,forward
w25_00001475,bits,C:\Users\ADMIN\Desktop\ds-fall\data\raw\Dataset\adl\user27\user27_adl1.csv,C:\Users\ADMIN\Desktop\ds-fall\data\raw\Dataset,user27,user27_adl1,adl1,walking_slowly,walking_slowly,0,none,False,0,50,0.0,2.0,25.0,50,12,"ax,ay,az,gx,gy,gz,acc_mag,gyro_mag,jerk,roll,pitch,tilt_delta",20.0,25.0,uniform_20hz_time_interpolation_to_25hz,adl_sliding_capped,886,1107,,,dataset_unit_map,wrist,bits,m/s^2,rad/s,m/s^2,rad/s,1.0,1.0,True,test,non_fall,non_fall,3.085655464474257e-08,none,forward
w25_00001476,bits,C:\Users\ADMIN\Desktop\ds-fall\data\raw\Dataset\adl\user27\user27_adl1.csv,C:\Users\ADMIN\Desktop\ds-fall\data\raw\Dataset,user27,user27_adl1,adl1,walking_slowly,walking_slowly,0,none,False,12,62,0.48,2.48,25.0,50,12,"ax,ay,az,gx,gy,gz,acc_mag,gyro_mag,jerk,roll,pitch,tilt_delta",20.0,25.0,uniform_20hz_time_interpolation_to_25hz,adl_sliding_capped,886,1107,,,dataset_unit_map,wrist,bits,m/s^2,rad/s,m/s^2,rad/s,1.0,1.0,True,test,non_fall,non_fall,1.885777400900679e-08,none,forward
w25_00001477,bits,C:\Users\ADMIN\Desktop\ds-fall\data\raw\Dataset\adl\user27\user27_adl1.csv,C:\Users\ADMIN\Desktop\ds-fall\data\raw\Dataset,user27,user27_adl1,adl1,walking_slowly,walking_slowly,0,none,False,24,74,0.96,2.96,25.0,50,12,"ax,ay,az,gx,gy,gz,acc_mag,gyro_mag,jerk,roll,pitch,tilt_delta",20.0,25.0,uniform_20hz_time_interpolation_to_25hz,adl_sliding_capped,886,1107,,,dataset_unit_map,wrist,bits,m/s^2,rad/s,m/s^2,rad/s,1.0,1.0,True,test,non_fall,non_fall,1.3651415109450227e-08,none,forward
w25_00001478,bits,C:\Users\ADMIN\Desktop\ds-fall\data\raw\Dataset\adl\user27\user27_adl1.csv,C:\Users\ADMIN\Desktop\ds-fall\data\raw\Dataset,user27,user27_adl1,adl1,walking_slowly,walking_slowly,0,none,False,36,86,1.44,3.44,25.0,50,12,"ax,ay,az,gx,gy,gz,acc_mag,gyro_mag,jerk,roll,pitch,tilt_delta",20.0,25.0,uniform_20hz_time_interpolation_to_25hz,adl_sliding_capped,886,1107,,,dataset_unit_map,wrist,bits,m/s^2,rad/s,m/s^2,rad/s,1.0,1.0,True,test,non_fall,non_fall,9.832690217592699e-09,none,forward
w25_00001479,bits,C:\Users\ADMIN\Desktop\ds-fall\data\raw\Dataset\adl\user27\user27_adl1.csv,C:\Users\ADMIN\Desktop\ds-fall\data\raw\Dataset,user27,user27_adl1,adl1,walking_slowly,walking_slowly,0,none,False,48,98,1.92,3.92,25.0,50,12,"ax,ay,az,gx,gy,gz,acc_mag,gyro_mag,jerk,roll,pitch,tilt_delta",20.0,25.0,uniform_20hz_time_interpolation_to_25hz,adl_sliding_capped,886,1107,,,dataset_unit_map,wrist,bits,m/s^2,rad/s,m/s^2,rad/s,1.0,1.0,True,test,non_fall,non_fall,2.7437112137818076e-08,none,forward
w25_00001480,bits,C:\Users\ADMIN\Desktop\ds-fall\data\raw\Dataset\adl\user27\user27_adl10.csv,C:\Users\ADMIN\Desktop\ds-fall\data\raw\Dataset,user27,user27_adl10,adl10,rapidly_sitting_on_chair,rapidly_sitting_on_chair,0,none,False,0,50,0.0,2.0,25.0,50,12,"ax,ay,az,gx,gy,gz,acc_mag,gyro_mag,jerk,roll,pitch,tilt_delta",20.0,25.0,uniform_20hz_time_interpolation_to_25hz,adl_sliding_capped,194,242,,,dataset_unit_map,wrist,bits,m/s^2,rad/s,m/s^2,rad/s,1.0,1.0,True,test,non_fall,non_fall,2.235533656858024e-06,none,forward
w25_00001481,bits,C:\Users\ADMIN\Desktop\ds-fall\data\raw\Dataset\adl\user27\user27_adl10.csv,C:\Users\ADMIN\Desktop\ds-fall\data\raw\Dataset,user27,user27_adl10,adl10,rapidly_sitting_on_chair,rapidly_sitting_on_chair,0,none,False,12,62,0.48,2.48,25.0,50,12,"ax,ay,az,gx,gy,gz,acc_mag,gyro_mag,jerk,roll,pitch,tilt_delta",20.0,25.0,uniform_20hz_time_interpolation_to_25hz,adl_sliding_capped,194,242,,,dataset_unit_map,wrist,bits,m/s^2,rad/s,m/s^2,rad/s,1.0,1.0,True,test,non_fall,non_fall,2.509298383301939e-06,none,forward
w25_00001482,bits,C:\Users\ADMIN\Desktop\ds-fall\data\raw\Dataset\adl\user27\user27_adl10.csv,C:\Users\ADMIN\Desktop\ds-fall\data\raw\Dataset,user27,user27_adl10,adl10,rapidly_sitting_on_chair,rapidly_sitting_on_chair,0,none,False,24,74,0.96,2.96,25.0,50,12,"ax,ay,az,gx,gy,gz,acc_mag,gyro_mag,jerk,roll,pitch,tilt_delta",20.0,25.0,uniform_20hz_time_interpolation_to_25hz,adl_sliding_capped,194,242,,,dataset_unit_map,wrist,bits,m/s^2,rad/s,m/s^2,rad/s,1.0,1.0,True,test,non_fall,non_fall,2.805200438160682e-06,none,forward
w25_00001483,bits,C:\Users\ADMIN\Desktop\ds-fall\data\raw\Dataset\adl\user27\user27_adl10.csv,C:\Users\ADMIN\Desktop\ds-fall\data\raw\Dataset,user27,user27_adl10,adl10,rapidly_sitting_on_chair,rapidly_sitting_on_chair,0,none,False,36,86,1.44,3.44,25.0,50,12,"ax,ay,az,gx,gy,gz,acc_mag,gyro_mag,jerk,roll,pitch,tilt_delta",20.0,25.0,uniform_20hz_time_interpolation_to_25hz,adl_sliding_capped,194,242,,,dataset_unit_map,wrist,bits,m/s^2,rad/s,m/s^2,rad/s,1.0,1.0,True,test,non_fall,non_fall,3.902601747540757e-06,none,forward
w25_00001484,bits,C:\Users\ADMIN\Desktop\ds-fall\data\raw\Dataset\adl\user27\user27_adl10.csv,C:\Users\ADMIN\Desktop\ds-fall\data\raw\Dataset,user27,user27_adl10,adl10,rapidly_sitting_on_chair,rapidly_sitting_on_chair,0,none,False,48,98,1.92,3.92,25.0,50,12,"ax,ay,az,gx,gy,gz,acc_mag,gyro_mag,jerk,roll,pitch,tilt_delta",20.0,25.0,uniform_20hz_time_interpolation_to_25hz,adl_sliding_capped,194,242,,,dataset_unit_map,wrist,bits,m/s^2,rad/s,m/s^2,rad/s,1.0,1.0,True,test,non_fall,non_fall,5.2612481340474915e-06,none,forward
w25_00001485,bits,C:\Users\ADMIN\Desktop\ds-fall\data\raw\Dataset\adl\user27\user27_adl11.csv,C:\Users\ADMIN\Desktop\ds-fall\data\raw\Dataset,user27,user27_adl11,adl11,nearly_sitting_and_getting_up,nearly_sitting_and_getting_up,0,none,False,0,50,0.0,2.0,25.0,50,12,"ax,ay,az,gx,gy,gz,acc_mag,gyro_mag,jerk,roll,pitch,tilt_delta",20.0,25.0,uniform_20hz_time_interpolation_to_25hz,adl_sliding_capped,646,807,,,dataset_unit_map,wrist,bits,m/s^2,rad/s,m/s^2,rad/s,1.0,1.0,True,test,non_fall,non_fall,2.8877124691462086e-08,none,forward
w25_00001486,bits,C:\Users\ADMIN\Desktop\ds-fall\data\raw\Dataset\adl\user27\user27_adl11.csv,C:\Users\ADMIN\Desktop\ds-fall\data\raw\Dataset,user27,user27_adl11,adl11,nearly_sitting_and_getting_up,nearly_sitting_and_getting_up,0,none,False,12,62,0.48,2.48,25.0,50,12,"ax,ay,az,gx,gy,gz,acc_mag,gyro_mag,jerk,roll,pitch,tilt_delta",20.0,25.0,uniform_20hz_time_interpolation_to_25hz,adl_sliding_capped,646,807,,,dataset_unit_map,wrist,bits,m/s^2,rad/s,m/s^2,rad/s,1.0,1.0,True,test,non_fall,non_fall,1.4906667900049797e-07,none,forward
w25_00001487,bits,C:\Users\ADMIN\Desktop\ds-fall\data\raw\Dataset\adl\user27\user27_adl11.csv,C:\Users\ADMIN\Desktop\ds-fall\data\raw\Dataset,user27,user27_adl11,adl11,nearly_sitting_and_getting_up,nearly_sitting_and_getting_up,0,none,False,24,74,0.96,2.96,25.0,50,12,"ax,ay,az,gx,gy,gz,acc_mag,gyro_mag,jerk,roll,pitch,tilt_delta",20.0,25.0,uniform_20hz_time_interpolation_to_25hz,adl_sliding_capped,646,807,,,dataset_unit_map,wrist,bits,m/s^2,rad/s,m/s^2,rad/s,1.0,1.0,True,test,non_fall,non_fall,2.10887174034724e-05,none,forward
w25_00001488,bits,C:\Users\ADMIN\Desktop\ds-fall\data\raw\Dataset\adl\user27\user27_adl11.csv,C:\Users\ADMIN\Desktop\ds-fall\data\raw\Dataset,user27,user27_adl11,adl11,nearly_sitting_and_getting_up,nearly_sitting_and_getting_up,0,none,False,36,86,1.44,3.44,25.0,50,12,"ax,ay,az,gx,gy,gz,acc_mag,gyro_mag,jerk,roll,pitch,tilt_delta",20.0,25.0,uniform_20hz_time_interpolation_to_25hz,adl_sliding_capped,646,807,,,dataset_unit_map,wrist,bits,m/s^2,rad/s,m/s^2,rad/s,1.0,1.0,True,test,non_fall,non_fall,2.0846551706199534e-05,none,forward
w25_00001489,bits,C:\Users\ADMIN\Desktop\ds-fall\data\raw\Dataset\adl\user27\user27_adl11.csv,C:\Users\ADMIN\Desktop\ds-fall\data\raw\Dataset,user27,user27_adl11,adl11,nearly_sitting_and_getting_up,nearly_sitting_and_getting_up,0,none,False,48,98,1.92,3.92,25.0,50,12,"ax,ay,az,gx,gy,gz,acc_mag,gyro_mag,jerk,roll,pitch,tilt_delta",20.0,25.0,uniform_20hz_time_interpolation_to_25hz,adl_sliding_capped,646,807,,,dataset_unit_map,wrist,bits,m/s^2,rad/s,m/s^2,rad/s,1.0,1.0,True,test,non_fall,non_fall,5.6974554354383145e-06,none,forward
w25_00001490,bits,C:\Users\ADMIN\Desktop\ds-fall\data\raw\Dataset\adl\user27\user27_adl12.csv,C:\Users\ADMIN\Desktop\ds-fall\data\raw\Dataset,user27,user27_adl12,adl12,swinging_hands,swinging_hands,0,none,False,0,50,0.0,2.0,25.0,50,12,"ax,ay,az,gx,gy,gz,acc_mag,gyro_mag,jerk,roll,pitch,tilt_delta",20.0,25.0,uniform_20hz_time_interpolation_to_25hz,adl_sliding_capped,474,592,,,dataset_unit_map,wrist,bits,m/s^2,rad/s,m/s^2,rad/s,1.0,1.0,True,test,non_fall,non_fall,4.364910637377761e-06,none,forward
w25_00001491,bits,C:\Users\ADMIN\Desktop\ds-fall\data\raw\Dataset\adl\user27\user27_adl12.csv,C:\Users\ADMIN\Desktop\ds-fall\data\raw\Dataset,user27,user27_adl12,adl12,swinging_hands,swinging_hands,0,none,False,12,62,0.48,2.48,25.0,50,12,"ax,ay,az,gx,gy,gz,acc_mag,gyro_mag,jerk,roll,pitch,tilt_delta",20.0,25.0,uniform_20hz_time_interpolation_to_25hz,adl_sliding_capped,474,592,,,dataset_unit_map,wrist,bits,m/s^2,rad/s,m/s^2,rad/s,1.0,1.0,True,test,non_fall,non_fall,1.8104230548487976e-05,none,lateral
w25_00001492,bits,C:\Users\ADMIN\Desktop\ds-fall\data\raw\Dataset\adl\user27\user27_adl12.csv,C:\Users\ADMIN\Desktop\ds-fall\data\raw\Dataset,user27,user27_adl12,adl12,swinging_hands,swinging_hands,0,none,False,24,74,0.96,2.96,25.0,50,12,"ax,ay,az,gx,gy,gz,acc_mag,gyro_mag,jerk,roll,pitch,tilt_delta",20.0,25.0,uniform_20hz_time_interpolation_to_25hz,adl_sliding_capped,474,592,,,dataset_unit_map,wrist,bits,m/s^2,rad/s,m/s^2,rad/s,1.0,1.0,True,test,non_fall,non_fall,0.006299631204456091,none,lateral
w25_00001493,bits,C:\Users\ADMIN\Desktop\ds-fall\data\raw\Dataset\adl\user27\user27_adl12.csv,C:\Users\ADMIN\Desktop\ds-fall\data\raw\Dataset,user27,user27_adl12,adl12,swinging_hands,swinging_hands,0,none,False,36,86,1.44,3.44,25.0,50,12,"ax,ay,az,gx,gy,gz,acc_mag,gyro_mag,jerk,roll,pitch,tilt_delta",20.0,25.0,uniform_20hz_time_interpolation_to_25hz,adl_sliding_capped,474,592,,,dataset_unit_map,wrist,bits,m/s^2,rad/s,m/s^2,rad/s,1.0,1.0,True,test,non_fall,non_fall,0.281495064496994,none,forward
w25_00001494,bits,C:\Users\ADMIN\Desktop\ds-fall\data\raw\Dataset\adl\user27\user27_adl12.csv,C:\Users\ADMIN\Desktop\ds-fall\data\raw\Dataset,user27,user27_adl12,adl12,swinging_hands,swinging_hands,0,none,False,48,98,1.92,3.92,25.0,50,12,"ax,ay,az,gx,gy,gz,acc_mag,gyro_mag,jerk,roll,pitch,tilt_delta",20.0,25.0,uniform_20hz_time_interpolation_to_25hz,adl_sliding_capped,474,592,,,dataset_unit_map,wrist,bits,m/s^2,rad/s,m/s^2,rad/s,1.0,1.0,True,test,non_fall,non_fall,0.00016459081962238997,none,lateral
w25_00001495,bits,C:\Users\ADMIN\Desktop\ds-fall\data\raw\Dataset\adl\user27\user27_adl13.csv,C:\Users\ADMIN\Desktop\ds-fall\data\raw\Dataset,user27,user27_adl13,adl13,lying_on_bed,lying_on_bed,0,none,False,0,50,0.0,2.0,25.0,50,12,"ax,ay,az,gx,gy,gz,acc_mag,gyro_mag,jerk,roll,pitch,tilt_delta",20.0,25.0,uniform_20hz_time_interpolation_to_25hz,adl_sliding_capped,845,1056,,,dataset_unit_map,wrist,bits,m/s^2,rad/s,m/s^2,rad/s,1.0,1.0,True,test,non_fall,non_fall,3.03639580145898e-09,none,backward
w25_00001496,bits,C:\Users\ADMIN\Desktop\ds-fall\data\raw\Dataset\adl\user27\user27_adl13.csv,C:\Users\ADMIN\Desktop\ds-fall\data\raw\Dataset,user27,user27_adl13,adl13,lying_on_bed,lying_on_bed,0,none,False,12,62,0.48,2.48,25.0,50,12,"ax,ay,az,gx,gy,gz,acc_mag,gyro_mag,jerk,roll,pitch,tilt_delta",20.0,25.0,uniform_20hz_time_interpolation_to_25hz,adl_sliding_capped,845,1056,,,dataset_unit_map,wrist,bits,m/s^2,rad/s,m/s^2,rad/s,1.0,1.0,True,test,non_fall,non_fall,2.480859295772575e-09,none,backward
w25_00001497,bits,C:\Users\ADMIN\Desktop\ds-fall\data\raw\Dataset\adl\user27\user27_adl13.csv,C:\Users\ADMIN\Desktop\ds-fall\data\raw\Dataset,user27,user27_adl13,adl13,lying_on_bed,lying_on_bed,0,none,False,24,74,0.96,2.96,25.0,50,12,"ax,ay,az,gx,gy,gz,acc_mag,gyro_mag,jerk,roll,pitch,tilt_delta",20.0,25.0,uniform_20hz_time_interpolation_to_25hz,adl_sliding_capped,845,1056,,,dataset_unit_map,wrist,bits,m/s^2,rad/s,m/s^2,rad/s,1.0,1.0,True,test,non_fall,non_fall,2.196138160215355e-09,none,backward
w25_00001498,bits,C:\Users\ADMIN\Desktop\ds-fall\data\raw\Dataset\adl\user27\user27_adl13.csv,C:\Users\ADMIN\Desktop\ds-fall\data\raw\Dataset,user27,user27_adl13,adl13,lying_on_bed,lying_on_bed,0,none,False,36,86,1.44,3.44,25.0,50,12,"ax,ay,az,gx,gy,gz,acc_mag,gyro_mag,jerk,roll,pitch,tilt_delta",20.0,25.0,uniform_20hz_time_interpolation_to_25hz,adl_sliding_capped,845,1056,,,dataset_unit_map,wrist,bits,m/s^2,rad/s,m/s^2,rad/s,1.0,1.0,True,test,non_fall,non_fall,1.869845389634861e-09,none,backward
w25_00001499,bits,C:\Users\ADMIN\Desktop\ds-fall\data\raw\Dataset\adl\user27\user27_adl13.csv,C:\Users\ADMIN\Desktop\ds-fall\data\raw\Dataset,user27,user27_adl13,adl13,lying_on_bed,lying_on_bed,0,none,False,48,98,1.92,3.92,25.0,50,12,"ax,ay,az,gx,gy,gz,acc_mag,gyro_mag,jerk,roll,pitch,tilt_delta",20.0,25.0,uniform_20hz_time_interpolation_to_25hz,adl_sliding_capped,845,1056,,,dataset_unit_map,wrist,bits,m/s^2,rad/s,m/s^2,rad/s,1.0,1.0,True,test,non_fall,non_fall,1.6061896257468788e-09,none,backward
w25_00001500,bits,C:\Users\ADMIN\Desktop\ds-fall\data\raw\Dataset\adl\user27\user27_adl14.csv,C:\Users\ADMIN\Desktop\ds-fall\data\raw\Dataset,user27,user27_adl14,adl14,lying_on_back_getting_up_slowly,lying_on_back_getting_up_slowly,0,none,False,0,50,0.0,2.0,25.0,50,12,"ax,ay,az,gx,gy,gz,acc_mag,gyro_mag,jerk,roll,pitch,tilt_delta",20.0,25.0,uniform_20hz_time_interpolation_to_25hz,adl_sliding_capped,591,738,,,dataset_unit_map,wrist,bits,m/s^2,rad/s,m/s^2,rad/s,1.0,1.0,True,test,non_fall,non_fall,5.083009124717819e-09,none,backward
w25_00001501,bits,C:\Users\ADMIN\Desktop\ds-fall\data\raw\Dataset\adl\user27\user27_adl14.csv,C:\Users\ADMIN\Desktop\ds-fall\data\raw\Dataset,user27,user27_adl14,adl14,lying_on_back_getting_up_slowly,lying_on_back_getting_up_slowly,0,none,False,12,62,0.48,2.48,25.0,50,12,"ax,ay,az,gx,gy,gz,acc_mag,gyro_mag,jerk,roll,pitch,tilt_delta",20.0,25.0,uniform_20hz_time_interpolation_to_25hz,adl_sliding_capped,591,738,,,dataset_unit_map,wrist,bits,m/s^2,rad/s,m/s^2,rad/s,1.0,1.0,True,test,non_fall,non_fall,4.5884909205540225e-09,none,backward
w25_00001502,bits,C:\Users\ADMIN\Desktop\ds-fall\data\raw\Dataset\adl\user27\user27_adl14.csv,C:\Users\ADMIN\Desktop\ds-fall\data\raw\Dataset,user27,user27_adl14,adl14,lying_on_back_getting_up_slowly,lying_on_back_getting_up_slowly,0,none,False,24,74,0.96,2.96,25.0,50,12,"ax,ay,az,gx,gy,gz,acc_mag,gyro_mag,jerk,roll,pitch,tilt_delta",20.0,25.0,uniform_20hz_time_interpolation_to_25hz,adl_sliding_capped,591,738,,,dataset_unit_map,wrist,bits,m/s^2,rad/s,m/s^2,rad/s,1.0,1.0,True,test,non_fall,non_fall,4.241693662976331e-09,none,backward
w25_00001503,bits,C:\Users\ADMIN\Desktop\ds-fall\data\raw\Dataset\adl\user27\user27_adl14.csv,C:\Users\ADMIN\Desktop\ds-fall\data\raw\Dataset,user27,user27_adl14,adl14,lying_on_back_getting_up_slowly,lying_on_back_getting_up_slowly,0,none,False,36,86,1.44,3.44,25.0,50,12,"ax,ay,az,gx,gy,gz,acc_mag,gyro_mag,jerk,roll,pitch,tilt_delta",20.0,25.0,uniform_20hz_time_interpolation_to_25hz,adl_sliding_capped,591,738,,,dataset_unit_map,wrist,bits,m/s^2,rad/s,m/s^2,rad/s,1.0,1.0,True,test,non_fall,non_fall,4.470510184262366e-09,none,backward
w25_00001504,bits,C:\Users\ADMIN\Desktop\ds-fall\data\raw\Dataset\adl\user27\user27_adl14.csv,C:\Users\ADMIN\Desktop\ds-fall\data\raw\Dataset,user27,user27_adl14,adl14,lying_on_back_getting_up_slowly,lying_on_back_getting_up_slowly,0,none,False,48,98,1.92,3.92,25.0,50,12,"ax,ay,az,gx,gy,gz,acc_mag,gyro_mag,jerk,roll,pitch,tilt_delta",20.0,25.0,uniform_20hz_time_interpolation_to_25hz,adl_sliding_capped,591,738,,,dataset_unit_map,wrist,bits,m/s^2,rad/s,m/s^2,rad/s,1.0,1.0,True,test,non_fall,non_fall,4.363770234050435e-09,none,backward
w25_00001505,bits,C:\Users\ADMIN\Desktop\ds-fall\data\raw\Dataset\adl\user27\user27_adl15.csv,C:\Users\ADMIN\Desktop\ds-fall\data\raw\Dataset,user27,user27_adl15,adl15,lying_on_back_getting_up_normally,lying_on_back_getting_up_normally,0,none,False,0,50,0.0,2.0,25.0,50,12,"ax,ay,az,gx,gy,gz,acc_mag,gyro_mag,jerk,roll,pitch,tilt_delta",20.0,25.0,uniform_20hz_time_interpolation_to_25hz,adl_sliding_capped,277,346,,,dataset_unit_map,wrist,bits,m/s^2,rad/s,m/s^2,rad/s,1.0,1.0,True,test,non_fall,non_fall,7.170379401344462e-09,none,forward
w25_00001506,bits,C:\Users\ADMIN\Desktop\ds-fall\data\raw\Dataset\adl\user27\user27_adl15.csv,C:\Users\ADMIN\Desktop\ds-fall\data\raw\Dataset,user27,user27_adl15,adl15,lying_on_back_getting_up_normally,lying_on_back_getting_up_normally,0,none,False,12,62,0.48,2.48,25.0,50,12,"ax,ay,az,gx,gy,gz,acc_mag,gyro_mag,jerk,roll,pitch,tilt_delta",20.0,25.0,uniform_20hz_time_interpolation_to_25hz,adl_sliding_capped,277,346,,,dataset_unit_map,wrist,bits,m/s^2,rad/s,m/s^2,rad/s,1.0,1.0,True,test,non_fall,non_fall,6.24398399651227e-09,none,forward
w25_00001507,bits,C:\Users\ADMIN\Desktop\ds-fall\data\raw\Dataset\adl\user27\user27_adl15.csv,C:\Users\ADMIN\Desktop\ds-fall\data\raw\Dataset,user27,user27_adl15,adl15,lying_on_back_getting_up_normally,lying_on_back_getting_up_normally,0,none,False,24,74,0.96,2.96,25.0,50,12,"ax,ay,az,gx,gy,gz,acc_mag,gyro_mag,jerk,roll,pitch,tilt_delta",20.0,25.0,uniform_20hz_time_interpolation_to_25hz,adl_sliding_capped,277,346,,,dataset_unit_map,wrist,bits,m/s^2,rad/s,m/s^2,rad/s,1.0,1.0,True,test,non_fall,non_fall,6.339675895361552e-09,none,forward
w25_00001508,bits,C:\Users\ADMIN\Desktop\ds-fall\data\raw\Dataset\adl\user27\user27_adl15.csv,C:\Users\ADMIN\Desktop\ds-fall\data\raw\Dataset,user27,user27_adl15,adl15,lying_on_back_getting_up_normally,lying_on_back_getting_up_normally,0,none,False,36,86,1.44,3.44,25.0,50,12,"ax,ay,az,gx,gy,gz,acc_mag,gyro_mag,jerk,roll,pitch,tilt_delta",20.0,25.0,uniform_20hz_time_interpolation_to_25hz,adl_sliding_capped,277,346,,,dataset_unit_map,wrist,bits,m/s^2,rad/s,m/s^2,rad/s,1.0,1.0,True,test,non_fall,non_fall,6.464418778051595e-09,none,forward
w25_00001509,bits,C:\Users\ADMIN\Desktop\ds-fall\data\raw\Dataset\adl\user27\user27_adl15.csv,C:\Users\ADMIN\Desktop\ds-fall\data\raw\Dataset,user27,user27_adl15,adl15,lying_on_back_getting_up_normally,lying_on_back_getting_up_normally,0,none,False,48,98,1.92,3.92,25.0,50,12,"ax,ay,az,gx,gy,gz,acc_mag,gyro_mag,jerk,roll,pitch,tilt_delta",20.0,25.0,uniform_20hz_time_interpolation_to_25hz,adl_sliding_capped,277,346,,,dataset_unit_map,wrist,bits,m/s^2,rad/s,m/s^2,rad/s,1.0,1.0,True,test,non_fall,non_fall,6.55012000194688e-09,none,forward
w25_00001510,bits,C:\Users\ADMIN\Desktop\ds-fall\data\raw\Dataset\adl\user27\user27_adl16.csv,C:\Users\ADMIN\Desktop\ds-fall\data\raw\Dataset,user27,user27_adl16,adl16,lying_sideways_to_back,lying_sideways_to_back,0,none,False,0,50,0.0,2.0,25.0,50,12,"ax,ay,az,gx,gy,gz,acc_mag,gyro_mag,jerk,roll,pitch,tilt_delta",20.0,25.0,uniform_20hz_time_interpolation_to_25hz,adl_sliding_capped,179,223,,,dataset_unit_map,wrist,bits,m/s^2,rad/s,m/s^2,rad/s,1.0,1.0,True,test,non_fall,non_fall,1.1225268281123135e-05,none,lateral
w25_00001511,bits,C:\Users\ADMIN\Desktop\ds-fall\data\raw\Dataset\adl\user27\user27_adl16.csv,C:\Users\ADMIN\Desktop\ds-fall\data\raw\Dataset,user27,user27_adl16,adl16,lying_sideways_to_back,lying_sideways_to_back,0,none,False,12,62,0.48,2.48,25.0,50,12,"ax,ay,az,gx,gy,gz,acc_mag,gyro_mag,jerk,roll,pitch,tilt_delta",20.0,25.0,uniform_20hz_time_interpolation_to_25hz,adl_sliding_capped,179,223,,,dataset_unit_map,wrist,bits,m/s^2,rad/s,m/s^2,rad/s,1.0,1.0,True,test,non_fall,non_fall,9.947952094080392e-06,none,lateral
w25_00001512,bits,C:\Users\ADMIN\Desktop\ds-fall\data\raw\Dataset\adl\user27\user27_adl16.csv,C:\Users\ADMIN\Desktop\ds-fall\data\raw\Dataset,user27,user27_adl16,adl16,lying_sideways_to_back,lying_sideways_to_back,0,none,False,24,74,0.96,2.96,25.0,50,12,"ax,ay,az,gx,gy,gz,acc_mag,gyro_mag,jerk,roll,pitch,tilt_delta",20.0,25.0,uniform_20hz_time_interpolation_to_25hz,adl_sliding_capped,179,223,,,dataset_unit_map,wrist,bits,m/s^2,rad/s,m/s^2,rad/s,1.0,1.0,True,test,non_fall,non_fall,9.844251508184243e-06,none,lateral
w25_00001513,bits,C:\Users\ADMIN\Desktop\ds-fall\data\raw\Dataset\adl\user27\user27_adl16.csv,C:\Users\ADMIN\Desktop\ds-fall\data\raw\Dataset,user27,user27_adl16,adl16,lying_sideways_to_back,lying_sideways_to_back,0,none,False,36,86,1.44,3.44,25.0,50,12,"ax,ay,az,gx,gy,gz,acc_mag,gyro_mag,jerk,roll,pitch,tilt_delta",20.0,25.0,uniform_20hz_time_interpolation_to_25hz,adl_sliding_capped,179,223,,,dataset_unit_map,wrist,bits,m/s^2,rad/s,m/s^2,rad/s,1.0,1.0,True,test,non_fall,non_fall,9.658268027123995e-06,none,lateral
w25_00001514,bits,C:\Users\ADMIN\Desktop\ds-fall\data\raw\Dataset\adl\user27\user27_adl16.csv,C:\Users\ADMIN\Desktop\ds-fall\data\raw\Dataset,user27,user27_adl16,adl16,lying_sideways_to_back,lying_sideways_to_back,0,none,False,48,98,1.92,3.92,25.0,50,12,"ax,ay,az,gx,gy,gz,acc_mag,gyro_mag,jerk,roll,pitch,tilt_delta",20.0,25.0,uniform_20hz_time_interpolation_to_25hz,adl_sliding_capped,179,223,,,dataset_unit_map,wrist,bits,m/s^2,rad/s,m/s^2,rad/s,1.0,1.0,True,test,non_fall,non_fall,9.932793545885943e-06,none,lateral
w25_00001515,bits,C:\Users\ADMIN\Desktop\ds-fall\data\raw\Dataset\adl\user27\user27_adl2.csv,C:\Users\ADMIN\Desktop\ds-fall\data\raw\Dataset,user27,user27_adl2,adl2,walking_quickly,walking_quickly,0,none,False,0,50,0.0,2.0,25.0,50,12,"ax,ay,az,gx,gy,gz,acc_mag,gyro_mag,jerk,roll,pitch,tilt_delta",20.0,25.0,uniform_20hz_time_interpolation_to_25hz,adl_sliding_capped,571,713,,,dataset_unit_map,wrist,bits,m/s^2,rad/s,m/s^2,rad/s,1.0,1.0,True,test,non_fall,non_fall,1.444685608475993e-06,none,forward
w25_00001516,bits,C:\Users\ADMIN\Desktop\ds-fall\data\raw\Dataset\adl\user27\user27_adl2.csv,C:\Users\ADMIN\Desktop\ds-fall\data\raw\Dataset,user27,user27_adl2,adl2,walking_quickly,walking_quickly,0,none,False,12,62,0.48,2.48,25.0,50,12,"ax,ay,az,gx,gy,gz,acc_mag,gyro_mag,jerk,roll,pitch,tilt_delta",20.0,25.0,uniform_20hz_time_interpolation_to_25hz,adl_sliding_capped,571,713,,,dataset_unit_map,wrist,bits,m/s^2,rad/s,m/s^2,rad/s,1.0,1.0,True,test,non_fall,non_fall,8.622001246294531e-07,none,forward
w25_00001517,bits,C:\Users\ADMIN\Desktop\ds-fall\data\raw\Dataset\adl\user27\user27_adl2.csv,C:\Users\ADMIN\Desktop\ds-fall\data\raw\Dataset,user27,user27_adl2,adl2,walking_quickly,walking_quickly,0,none,False,24,74,0.96,2.96,25.0,50,12,"ax,ay,az,gx,gy,gz,acc_mag,gyro_mag,jerk,roll,pitch,tilt_delta",20.0,25.0,uniform_20hz_time_interpolation_to_25hz,adl_sliding_capped,571,713,,,dataset_unit_map,wrist,bits,m/s^2,rad/s,m/s^2,rad/s,1.0,1.0,True,test,non_fall,non_fall,9.745161833052407e-07,none,forward
w25_00001518,bits,C:\Users\ADMIN\Desktop\ds-fall\data\raw\Dataset\adl\user27\user27_adl2.csv,C:\Users\ADMIN\Desktop\ds-fall\data\raw\Dataset,user27,user27_adl2,adl2,walking_quickly,walking_quickly,0,none,False,36,86,1.44,3.44,25.0,50,12,"ax,ay,az,gx,gy,gz,acc_mag,gyro_mag,jerk,roll,pitch,tilt_delta",20.0,25.0,uniform_20hz_time_interpolation_to_25hz,adl_sliding_capped,571,713,,,dataset_unit_map,wrist,bits,m/s^2,rad/s,m/s^2,rad/s,1.0,1.0,True,test,non_fall,non_fall,1.4116408237896394e-06,none,forward
w25_00001519,bits,C:\Users\ADMIN\Desktop\ds-fall\data\raw\Dataset\adl\user27\user27_adl2.csv,C:\Users\ADMIN\Desktop\ds-fall\data\raw\Dataset,user27,user27_adl2,adl2,walking_quickly,walking_quickly,0,none,False,48,98,1.92,3.92,25.0,50,12,"ax,ay,az,gx,gy,gz,acc_mag,gyro_mag,jerk,roll,pitch,tilt_delta",20.0,25.0,uniform_20hz_time_interpolation_to_25hz,adl_sliding_capped,571,713,,,dataset_unit_map,wrist,bits,m/s^2,rad/s,m/s^2,rad/s,1.0,1.0,True,test,non_fall,non_fall,1.5895432170509594e-06,none,forward
w25_00001520,bits,C:\Users\ADMIN\Desktop\ds-fall\data\raw\Dataset\adl\user27\user27_adl3.csv,C:\Users\ADMIN\Desktop\ds-fall\data\raw\Dataset,user27,user27_adl3,adl3,jogging,jogging,0,none,False,0,50,0.0,2.0,25.0,50,12,"ax,ay,az,gx,gy,gz,acc_mag,gyro_mag,jerk,roll,pitch,tilt_delta",20.0,25.0,uniform_20hz_time_interpolation_to_25hz,adl_sliding_capped,339,423,,,dataset_unit_map,wrist,bits,m/s^2,rad/s,m/s^2,rad/s,1.0,1.0,True,test,non_fall,non_fall,1.6328623360095662e-06,none,backward
w25_00001521,bits,C:\Users\ADMIN\Desktop\ds-fall\data\raw\Dataset\adl\user27\user27_adl3.csv,C:\Users\ADMIN\Desktop\ds-fall\data\raw\Dataset,user27,user27_adl3,adl3,jogging,jogging,0,none,False,12,62,0.48,2.48,25.0,50,12,"ax,ay,az,gx,gy,gz,acc_mag,gyro_mag,jerk,roll,pitch,tilt_delta",20.0,25.0,uniform_20hz_time_interpolation_to_25hz,adl_sliding_capped,339,423,,,dataset_unit_map,wrist,bits,m/s^2,rad/s,m/s^2,rad/s,1.0,1.0,True,test,non_fall,non_fall,2.3118595890991855e-06,none,forward
w25_00001522,bits,C:\Users\ADMIN\Desktop\ds-fall\data\raw\Dataset\adl\user27\user27_adl3.csv,C:\Users\ADMIN\Desktop\ds-fall\data\raw\Dataset,user27,user27_adl3,adl3,jogging,jogging,0,none,False,24,74,0.96,2.96,25.0,50,12,"ax,ay,az,gx,gy,gz,acc_mag,gyro_mag,jerk,roll,pitch,tilt_delta",20.0,25.0,uniform_20hz_time_interpolation_to_25hz,adl_sliding_capped,339,423,,,dataset_unit_map,wrist,bits,m/s^2,rad/s,m/s^2,rad/s,1.0,1.0,True,test,non_fall,non_fall,5.655021595885046e-06,none,forward
w25_00001523,bits,C:\Users\ADMIN\Desktop\ds-fall\data\raw\Dataset\adl\user27\user27_adl3.csv,C:\Users\ADMIN\Desktop\ds-fall\data\raw\Dataset,user27,user27_adl3,adl3,jogging,jogging,0,none,False,36,86,1.44,3.44,25.0,50,12,"ax,ay,az,gx,gy,gz,acc_mag,gyro_mag,jerk,roll,pitch,tilt_delta",20.0,25.0,uniform_20hz_time_interpolation_to_25hz,adl_sliding_capped,339,423,,,dataset_unit_map,wrist,bits,m/s^2,rad/s,m/s^2,rad/s,1.0,1.0,True,test,non_fall,non_fall,4.4983625713257425e-08,none,forward
w25_00001524,bits,C:\Users\ADMIN\Desktop\ds-fall\data\raw\Dataset\adl\user27\user27_adl3.csv,C:\Users\ADMIN\Desktop\ds-fall\data\raw\Dataset,user27,user27_adl3,adl3,jogging,jogging,0,none,False,48,98,1.92,3.92,25.0,50,12,"ax,ay,az,gx,gy,gz,acc_mag,gyro_mag,jerk,roll,pitch,tilt_delta",20.0,25.0,uniform_20hz_time_interpolation_to_25hz,adl_sliding_capped,339,423,,,dataset_unit_map,wrist,bits,m/s^2,rad/s,m/s^2,rad/s,1.0,1.0,True,test,non_fall,non_fall,8.803822026948183e-08,none,forward
w25_00001525,bits,C:\Users\ADMIN\Desktop\ds-fall\data\raw\Dataset\adl\user27\user27_adl4.csv,C:\Users\ADMIN\Desktop\ds-fall\data\raw\Dataset,user27,user27_adl4,adl4,jumping,jumping,0,none,False,0,50,0.0,2.0,25.0,50,12,"ax,ay,az,gx,gy,gz,acc_mag,gyro_mag,jerk,roll,pitch,tilt_delta",20.0,25.0,uniform_20hz_time_interpolation_to_25hz,adl_sliding_capped,1792,2239,,,dataset_unit_map,wrist,bits,m/s^2,rad/s,m/s^2,rad/s,1.0,1.0,True,test,non_fall,non_fall,6.683670505935879e-08,none,forward
w25_00001526,bits,C:\Users\ADMIN\Desktop\ds-fall\data\raw\Dataset\adl\user27\user27_adl4.csv,C:\Users\ADMIN\Desktop\ds-fall\data\raw\Dataset,user27,user27_adl4,adl4,jumping,jumping,0,none,False,12,62,0.48,2.48,25.0,50,12,"ax,ay,az,gx,gy,gz,acc_mag,gyro_mag,jerk,roll,pitch,tilt_delta",20.0,25.0,uniform_20hz_time_interpolation_to_25hz,adl_sliding_capped,1792,2239,,,dataset_unit_map,wrist,bits,m/s^2,rad/s,m/s^2,rad/s,1.0,1.0,True,test,non_fall,non_fall,2.5713754894240992e-06,none,forward
w25_00001527,bits,C:\Users\ADMIN\Desktop\ds-fall\data\raw\Dataset\adl\user27\user27_adl4.csv,C:\Users\ADMIN\Desktop\ds-fall\data\raw\Dataset,user27,user27_adl4,adl4,jumping,jumping,0,none,False,24,74,0.96,2.96,25.0,50,12,"ax,ay,az,gx,gy,gz,acc_mag,gyro_mag,jerk,roll,pitch,tilt_delta",20.0,25.0,uniform_20hz_time_interpolation_to_25hz,adl_sliding_capped,1792,2239,,,dataset_unit_map,wrist,bits,m/s^2,rad/s,m/s^2,rad/s,1.0,1.0,True,test,non_fall,non_fall,6.269573873396439e-07,none,forward
w25_00001528,bits,C:\Users\ADMIN\Desktop\ds-fall\data\raw\Dataset\adl\user27\user27_adl4.csv,C:\Users\ADMIN\Desktop\ds-fall\data\raw\Dataset,user27,user27_adl4,adl4,jumping,jumping,0,none,False,36,86,1.44,3.44,25.0,50,12,"ax,ay,az,gx,gy,gz,acc_mag,gyro_mag,jerk,roll,pitch,tilt_delta",20.0,25.0,uniform_20hz_time_interpolation_to_25hz,adl_sliding_capped,1792,2239,,,dataset_unit_map,wrist,bits,m/s^2,rad/s,m/s^2,rad/s,1.0,1.0,True,test,non_fall,non_fall,5.125956477058935e-07,none,forward
w25_00001529,bits,C:\Users\ADMIN\Desktop\ds-fall\data\raw\Dataset\adl\user27\user27_adl4.csv,C:\Users\ADMIN\Desktop\ds-fall\data\raw\Dataset,user27,user27_adl4,adl4,jumping,jumping,0,none,False,48,98,1.92,3.92,25.0,50,12,"ax,ay,az,gx,gy,gz,acc_mag,gyro_mag,jerk,roll,pitch,tilt_delta",20.0,25.0,uniform_20hz_time_interpolation_to_25hz,adl_sliding_capped,1792,2239,,,dataset_unit_map,wrist,bits,m/s^2,rad/s,m/s^2,rad/s,1.0,1.0,True,test,non_fall,non_fall,3.7840655409127066e-07,none,forward
w25_00001530,bits,C:\Users\ADMIN\Desktop\ds-fall\data\raw\Dataset\adl\user27\user27_adl5.csv,C:\Users\ADMIN\Desktop\ds-fall\data\raw\Dataset,user27,user27_adl5,adl5,climbing_up_slowly,climbing_up_slowly,0,none,False,0,50,0.0,2.0,25.0,50,12,"ax,ay,az,gx,gy,gz,acc_mag,gyro_mag,jerk,roll,pitch,tilt_delta",20.0,25.0,uniform_20hz_time_interpolation_to_25hz,adl_sliding_capped,837,1046,,,dataset_unit_map,wrist,bits,m/s^2,rad/s,m/s^2,rad/s,1.0,1.0,True,test,non_fall,non_fall,1.4200429632182932e-07,none,forward
w25_00001531,bits,C:\Users\ADMIN\Desktop\ds-fall\data\raw\Dataset\adl\user27\user27_adl5.csv,C:\Users\ADMIN\Desktop\ds-fall\data\raw\Dataset,user27,user27_adl5,adl5,climbing_up_slowly,climbing_up_slowly,0,none,False,12,62,0.48,2.48,25.0,50,12,"ax,ay,az,gx,gy,gz,acc_mag,gyro_mag,jerk,roll,pitch,tilt_delta",20.0,25.0,uniform_20hz_time_interpolation_to_25hz,adl_sliding_capped,837,1046,,,dataset_unit_map,wrist,bits,m/s^2,rad/s,m/s^2,rad/s,1.0,1.0,True,test,non_fall,non_fall,8.134877305110422e-08,none,forward
w25_00001532,bits,C:\Users\ADMIN\Desktop\ds-fall\data\raw\Dataset\adl\user27\user27_adl5.csv,C:\Users\ADMIN\Desktop\ds-fall\data\raw\Dataset,user27,user27_adl5,adl5,climbing_up_slowly,climbing_up_slowly,0,none,False,24,74,0.96,2.96,25.0,50,12,"ax,ay,az,gx,gy,gz,acc_mag,gyro_mag,jerk,roll,pitch,tilt_delta",20.0,25.0,uniform_20hz_time_interpolation_to_25hz,adl_sliding_capped,837,1046,,,dataset_unit_map,wrist,bits,m/s^2,rad/s,m/s^2,rad/s,1.0,1.0,True,test,non_fall,non_fall,6.337212710150197e-08,none,backward
w25_00001533,bits,C:\Users\ADMIN\Desktop\ds-fall\data\raw\Dataset\adl\user27\user27_adl5.csv,C:\Users\ADMIN\Desktop\ds-fall\data\raw\Dataset,user27,user27_adl5,adl5,climbing_up_slowly,climbing_up_slowly,0,none,False,36,86,1.44,3.44,25.0,50,12,"ax,ay,az,gx,gy,gz,acc_mag,gyro_mag,jerk,roll,pitch,tilt_delta",20.0,25.0,uniform_20hz_time_interpolation_to_25hz,adl_sliding_capped,837,1046,,,dataset_unit_map,wrist,bits,m/s^2,rad/s,m/s^2,rad/s,1.0,1.0,True,test,non_fall,non_fall,1.5298697064736189e-07,none,backward
w25_00001534,bits,C:\Users\ADMIN\Desktop\ds-fall\data\raw\Dataset\adl\user27\user27_adl5.csv,C:\Users\ADMIN\Desktop\ds-fall\data\raw\Dataset,user27,user27_adl5,adl5,climbing_up_slowly,climbing_up_slowly,0,none,False,48,98,1.92,3.92,25.0,50,12,"ax,ay,az,gx,gy,gz,acc_mag,gyro_mag,jerk,roll,pitch,tilt_delta",20.0,25.0,uniform_20hz_time_interpolation_to_25hz,adl_sliding_capped,837,1046,,,dataset_unit_map,wrist,bits,m/s^2,rad/s,m/s^2,rad/s,1.0,1.0,True,test,non_fall,non_fall,5.956270570095512e-07,none,backward
w25_00001535,bits,C:\Users\ADMIN\Desktop\ds-fall\data\raw\Dataset\adl\user27\user27_adl6.csv,C:\Users\ADMIN\Desktop\ds-fall\data\raw\Dataset,user27,user27_adl6,adl6,climbing_down_slowly,climbing_down_slowly,0,none,False,0,50,0.0,2.0,25.0,50,12,"ax,ay,az,gx,gy,gz,acc_mag,gyro_mag,jerk,roll,pitch,tilt_delta",20.0,25.0,uniform_20hz_time_interpolation_to_25hz,adl_sliding_capped,1076,1344,,,dataset_unit_map,wrist,bits,m/s^2,rad/s,m/s^2,rad/s,1.0,1.0,True,test,non_fall,non_fall,2.386624510108959e-05,none,forward
w25_00001536,bits,C:\Users\ADMIN\Desktop\ds-fall\data\raw\Dataset\adl\user27\user27_adl6.csv,C:\Users\ADMIN\Desktop\ds-fall\data\raw\Dataset,user27,user27_adl6,adl6,climbing_down_slowly,climbing_down_slowly,0,none,False,12,62,0.48,2.48,25.0,50,12,"ax,ay,az,gx,gy,gz,acc_mag,gyro_mag,jerk,roll,pitch,tilt_delta",20.0,25.0,uniform_20hz_time_interpolation_to_25hz,adl_sliding_capped,1076,1344,,,dataset_unit_map,wrist,bits,m/s^2,rad/s,m/s^2,rad/s,1.0,1.0,True,test,non_fall,non_fall,0.0009218247723765671,none,lateral
w25_00001537,bits,C:\Users\ADMIN\Desktop\ds-fall\data\raw\Dataset\adl\user27\user27_adl6.csv,C:\Users\ADMIN\Desktop\ds-fall\data\raw\Dataset,user27,user27_adl6,adl6,climbing_down_slowly,climbing_down_slowly,0,none,False,24,74,0.96,2.96,25.0,50,12,"ax,ay,az,gx,gy,gz,acc_mag,gyro_mag,jerk,roll,pitch,tilt_delta",20.0,25.0,uniform_20hz_time_interpolation_to_25hz,adl_sliding_capped,1076,1344,,,dataset_unit_map,wrist,bits,m/s^2,rad/s,m/s^2,rad/s,1.0,1.0,True,test,non_fall,non_fall,0.0003050439991056919,none,lateral
w25_00001538,bits,C:\Users\ADMIN\Desktop\ds-fall\data\raw\Dataset\adl\user27\user27_adl6.csv,C:\Users\ADMIN\Desktop\ds-fall\data\raw\Dataset,user27,user27_adl6,adl6,climbing_down_slowly,climbing_down_slowly,0,none,False,36,86,1.44,3.44,25.0,50,12,"ax,ay,az,gx,gy,gz,acc_mag,gyro_mag,jerk,roll,pitch,tilt_delta",20.0,25.0,uniform_20hz_time_interpolation_to_25hz,adl_sliding_capped,1076,1344,,,dataset_unit_map,wrist,bits,m/s^2,rad/s,m/s^2,rad/s,1.0,1.0,True,test,non_fall,non_fall,0.0006098847952671349,none,lateral
w25_00001539,bits,C:\Users\ADMIN\Desktop\ds-fall\data\raw\Dataset\adl\user27\user27_adl6.csv,C:\Users\ADMIN\Desktop\ds-fall\data\raw\Dataset,user27,user27_adl6,adl6,climbing_down_slowly,climbing_down_slowly,0,none,False,48,98,1.92,3.92,25.0,50,12,"ax,ay,az,gx,gy,gz,acc_mag,gyro_mag,jerk,roll,pitch,tilt_delta",20.0,25.0,uniform_20hz_time_interpolation_to_25hz,adl_sliding_capped,1076,1344,,,dataset_unit_map,wrist,bits,m/s^2,rad/s,m/s^2,rad/s,1.0,1.0,True,test,non_fall,non_fall,0.0004836798761971295,none,lateral
w25_00001540,bits,C:\Users\ADMIN\Desktop\ds-fall\data\raw\Dataset\adl\user27\user27_adl7.csv,C:\Users\ADMIN\Desktop\ds-fall\data\raw\Dataset,user27,user27_adl7,adl7,climbing_up_normally,climbing_up_normally,0,none,False,0,50,0.0,2.0,25.0,50,12,"ax,ay,az,gx,gy,gz,acc_mag,gyro_mag,jerk,roll,pitch,tilt_delta",20.0,25.0,uniform_20hz_time_interpolation_to_25hz,adl_sliding_capped,776,969,,,dataset_unit_map,wrist,bits,m/s^2,rad/s,m/s^2,rad/s,1.0,1.0,True,test,non_fall,non_fall,2.724094194661575e-08,none,lateral
w25_00001541,bits,C:\Users\ADMIN\Desktop\ds-fall\data\raw\Dataset\adl\user27\user27_adl7.csv,C:\Users\ADMIN\Desktop\ds-fall\data\raw\Dataset,user27,user27_adl7,adl7,climbing_up_normally,climbing_up_normally,0,none,False,12,62,0.48,2.48,25.0,50,12,"ax,ay,az,gx,gy,gz,acc_mag,gyro_mag,jerk,roll,pitch,tilt_delta",20.0,25.0,uniform_20hz_time_interpolation_to_25hz,adl_sliding_capped,776,969,,,dataset_unit_map,wrist,bits,m/s^2,rad/s,m/s^2,rad/s,1.0,1.0,True,test,non_fall,non_fall,3.1216114138032935e-08,none,lateral
w25_00001542,bits,C:\Users\ADMIN\Desktop\ds-fall\data\raw\Dataset\adl\user27\user27_adl7.csv,C:\Users\ADMIN\Desktop\ds-fall\data\raw\Dataset,user27,user27_adl7,adl7,climbing_up_normally,climbing_up_normally,0,none,False,24,74,0.96,2.96,25.0,50,12,"ax,ay,az,gx,gy,gz,acc_mag,gyro_mag,jerk,roll,pitch,tilt_delta",20.0,25.0,uniform_20hz_time_interpolation_to_25hz,adl_sliding_capped,776,969,,,dataset_unit_map,wrist,bits,m/s^2,rad/s,m/s^2,rad/s,1.0,1.0,True,test,non_fall,non_fall,1.9105918624973128e-08,none,lateral
w25_00001543,bits,C:\Users\ADMIN\Desktop\ds-fall\data\raw\Dataset\adl\user27\user27_adl7.csv,C:\Users\ADMIN\Desktop\ds-fall\data\raw\Dataset,user27,user27_adl7,adl7,climbing_up_normally,climbing_up_normally,0,none,False,36,86,1.44,3.44,25.0,50,12,"ax,ay,az,gx,gy,gz,acc_mag,gyro_mag,jerk,roll,pitch,tilt_delta",20.0,25.0,uniform_20hz_time_interpolation_to_25hz,adl_sliding_capped,776,969,,,dataset_unit_map,wrist,bits,m/s^2,rad/s,m/s^2,rad/s,1.0,1.0,True,test,non_fall,non_fall,2.7863610739586875e-05,none,lateral
w25_00001544,bits,C:\Users\ADMIN\Desktop\ds-fall\data\raw\Dataset\adl\user27\user27_adl7.csv,C:\Users\ADMIN\Desktop\ds-fall\data\raw\Dataset,user27,user27_adl7,adl7,climbing_up_normally,climbing_up_normally,0,none,False,48,98,1.92,3.92,25.0,50,12,"ax,ay,az,gx,gy,gz,acc_mag,gyro_mag,jerk,roll,pitch,tilt_delta",20.0,25.0,uniform_20hz_time_interpolation_to_25hz,adl_sliding_capped,776,969,,,dataset_unit_map,wrist,bits,m/s^2,rad/s,m/s^2,rad/s,1.0,1.0,True,test,non_fall,non_fall,1.4251580068957992e-05,none,lateral
w25_00001545,bits,C:\Users\ADMIN\Desktop\ds-fall\data\raw\Dataset\adl\user27\user27_adl8.csv,C:\Users\ADMIN\Desktop\ds-fall\data\raw\Dataset,user27,user27_adl8,adl8,climbing_down_normally,climbing_down_normally,0,none,False,0,50,0.0,2.0,25.0,50,12,"ax,ay,az,gx,gy,gz,acc_mag,gyro_mag,jerk,roll,pitch,tilt_delta",20.0,25.0,uniform_20hz_time_interpolation_to_25hz,adl_sliding_capped,813,1016,,,dataset_unit_map,wrist,bits,m/s^2,rad/s,m/s^2,rad/s,1.0,1.0,True,test,non_fall,non_fall,1.0299981113348622e-05,none,lateral
w25_00001546,bits,C:\Users\ADMIN\Desktop\ds-fall\data\raw\Dataset\adl\user27\user27_adl8.csv,C:\Users\ADMIN\Desktop\ds-fall\data\raw\Dataset,user27,user27_adl8,adl8,climbing_down_normally,climbing_down_normally,0,none,False,12,62,0.48,2.48,25.0,50,12,"ax,ay,az,gx,gy,gz,acc_mag,gyro_mag,jerk,roll,pitch,tilt_delta",20.0,25.0,uniform_20hz_time_interpolation_to_25hz,adl_sliding_capped,813,1016,,,dataset_unit_map,wrist,bits,m/s^2,rad/s,m/s^2,rad/s,1.0,1.0,True,test,non_fall,non_fall,4.5329602471610997e-07,none,forward
w25_00001547,bits,C:\Users\ADMIN\Desktop\ds-fall\data\raw\Dataset\adl\user27\user27_adl8.csv,C:\Users\ADMIN\Desktop\ds-fall\data\raw\Dataset,user27,user27_adl8,adl8,climbing_down_normally,climbing_down_normally,0,none,False,24,74,0.96,2.96,25.0,50,12,"ax,ay,az,gx,gy,gz,acc_mag,gyro_mag,jerk,roll,pitch,tilt_delta",20.0,25.0,uniform_20hz_time_interpolation_to_25hz,adl_sliding_capped,813,1016,,,dataset_unit_map,wrist,bits,m/s^2,rad/s,m/s^2,rad/s,1.0,1.0,True,test,non_fall,non_fall,4.223298049055302e-07,none,forward
w25_00001548,bits,C:\Users\ADMIN\Desktop\ds-fall\data\raw\Dataset\adl\user27\user27_adl8.csv,C:\Users\ADMIN\Desktop\ds-fall\data\raw\Dataset,user27,user27_adl8,adl8,climbing_down_normally,climbing_down_normally,0,none,False,36,86,1.44,3.44,25.0,50,12,"ax,ay,az,gx,gy,gz,acc_mag,gyro_mag,jerk,roll,pitch,tilt_delta",20.0,25.0,uniform_20hz_time_interpolation_to_25hz,adl_sliding_capped,813,1016,,,dataset_unit_map,wrist,bits,m/s^2,rad/s,m/s^2,rad/s,1.0,1.0,True,test,non_fall,non_fall,3.28270658656038e-07,none,forward
w25_00001549,bits,C:\Users\ADMIN\Desktop\ds-fall\data\raw\Dataset\adl\user27\user27_adl8.csv,C:\Users\ADMIN\Desktop\ds-fall\data\raw\Dataset,user27,user27_adl8,adl8,climbing_down_normally,climbing_down_normally,0,none,False,48,98,1.92,3.92,25.0,50,12,"ax,ay,az,gx,gy,gz,acc_mag,gyro_mag,jerk,roll,pitch,tilt_delta",20.0,25.0,uniform_20hz_time_interpolation_to_25hz,adl_sliding_capped,813,1016,,,dataset_unit_map,wrist,bits,m/s^2,rad/s,m/s^2,rad/s,1.0,1.0,True,test,non_fall,non_fall,2.5821483973231807e-07,none,forward
w25_00001550,bits,C:\Users\ADMIN\Desktop\ds-fall\data\raw\Dataset\adl\user27\user27_adl9.csv,C:\Users\ADMIN\Desktop\ds-fall\data\raw\Dataset,user27,user27_adl9,adl9,slowly_sitting_on_chair,slowly_sitting_on_chair,0,none,False,0,50,0.0,2.0,25.0,50,12,"ax,ay,az,gx,gy,gz,acc_mag,gyro_mag,jerk,roll,pitch,tilt_delta",20.0,25.0,uniform_20hz_time_interpolation_to_25hz,adl_sliding_capped,289,361,,,dataset_unit_map,wrist,bits,m/s^2,rad/s,m/s^2,rad/s,1.0,1.0,True,test,non_fall,non_fall,1.9928586425521644e-06,none,backward
w25_00001551,bits,C:\Users\ADMIN\Desktop\ds-fall\data\raw\Dataset\adl\user27\user27_adl9.csv,C:\Users\ADMIN\Desktop\ds-fall\data\raw\Dataset,user27,user27_adl9,adl9,slowly_sitting_on_chair,slowly_sitting_on_chair,0,none,False,12,62,0.48,2.48,25.0,50,12,"ax,ay,az,gx,gy,gz,acc_mag,gyro_mag,jerk,roll,pitch,tilt_delta",20.0,25.0,uniform_20hz_time_interpolation_to_25hz,adl_sliding_capped,289,361,,,dataset_unit_map,wrist,bits,m/s^2,rad/s,m/s^2,rad/s,1.0,1.0,True,test,non_fall,non_fall,6.3970442276684025e-09,none,backward
w25_00001552,bits,C:\Users\ADMIN\Desktop\ds-fall\data\raw\Dataset\adl\user27\user27_adl9.csv,C:\Users\ADMIN\Desktop\ds-fall\data\raw\Dataset,user27,user27_adl9,adl9,slowly_sitting_on_chair,slowly_sitting_on_chair,0,none,False,24,74,0.96,2.96,25.0,50,12,"ax,ay,az,gx,gy,gz,acc_mag,gyro_mag,jerk,roll,pitch,tilt_delta",20.0,25.0,uniform_20hz_time_interpolation_to_25hz,adl_sliding_capped,289,361,,,dataset_unit_map,wrist,bits,m/s^2,rad/s,m/s^2,rad/s,1.0,1.0,True,test,non_fall,non_fall,8.490417258144589e-09,none,forward
w25_00001553,bits,C:\Users\ADMIN\Desktop\ds-fall\data\raw\Dataset\adl\user27\user27_adl9.csv,C:\Users\ADMIN\Desktop\ds-fall\data\raw\Dataset,user27,user27_adl9,adl9,slowly_sitting_on_chair,slowly_sitting_on_chair,0,none,False,36,86,1.44,3.44,25.0,50,12,"ax,ay,az,gx,gy,gz,acc_mag,gyro_mag,jerk,roll,pitch,tilt_delta",20.0,25.0,uniform_20hz_time_interpolation_to_25hz,adl_sliding_capped,289,361,,,dataset_unit_map,wrist,bits,m/s^2,rad/s,m/s^2,rad/s,1.0,1.0,True,test,non_fall,non_fall,8.021977748740028e-09,none,forward
w25_00001554,bits,C:\Users\ADMIN\Desktop\ds-fall\data\raw\Dataset\adl\user27\user27_adl9.csv,C:\Users\ADMIN\Desktop\ds-fall\data\raw\Dataset,user27,user27_adl9,adl9,slowly_sitting_on_chair,slowly_sitting_on_chair,0,none,False,48,98,1.92,3.92,25.0,50,12,"ax,ay,az,gx,gy,gz,acc_mag,gyro_mag,jerk,roll,pitch,tilt_delta",20.0,25.0,uniform_20hz_time_interpolation_to_25hz,adl_sliding_capped,289,361,,,dataset_unit_map,wrist,bits,m/s^2,rad/s,m/s^2,rad/s,1.0,1.0,True,test,non_fall,non_fall,6.358834347963693e-09,none,forward
w25_00001635,bits,C:\Users\ADMIN\Desktop\ds-fall\data\raw\Dataset\adl\user29\user29_adl1.csv,C:\Users\ADMIN\Desktop\ds-fall\data\raw\Dataset,user29,user29_adl1,adl1,walking_slowly,walking_slowly,0,none,False,0,50,0.0,2.0,25.0,50,12,"ax,ay,az,gx,gy,gz,acc_mag,gyro_mag,jerk,roll,pitch,tilt_delta",20.0,25.0,uniform_20hz_time_interpolation_to_25hz,adl_sliding_capped,340,424,,,dataset_unit_map,wrist,bits,m/s^2,rad/s,m/s^2,rad/s,1.0,1.0,True,test,non_fall,non_fall,1.5609441561537096e-07,none,forward
w25_00001636,bits,C:\Users\ADMIN\Desktop\ds-fall\data\raw\Dataset\adl\user29\user29_adl1.csv,C:\Users\ADMIN\Desktop\ds-fall\data\raw\Dataset,user29,user29_adl1,adl1,walking_slowly,walking_slowly,0,none,False,12,62,0.48,2.48,25.0,50,12,"ax,ay,az,gx,gy,gz,acc_mag,gyro_mag,jerk,roll,pitch,tilt_delta",20.0,25.0,uniform_20hz_time_interpolation_to_25hz,adl_sliding_capped,340,424,,,dataset_unit_map,wrist,bits,m/s^2,rad/s,m/s^2,rad/s,1.0,1.0,True,test,non_fall,non_fall,8.691186081932756e-08,none,forward
w25_00001637,bits,C:\Users\ADMIN\Desktop\ds-fall\data\raw\Dataset\adl\user29\user29_adl1.csv,C:\Users\ADMIN\Desktop\ds-fall\data\raw\Dataset,user29,user29_adl1,adl1,walking_slowly,walking_slowly,0,none,False,24,74,0.96,2.96,25.0,50,12,"ax,ay,az,gx,gy,gz,acc_mag,gyro_mag,jerk,roll,pitch,tilt_delta",20.0,25.0,uniform_20hz_time_interpolation_to_25hz,adl_sliding_capped,340,424,,,dataset_unit_map,wrist,bits,m/s^2,rad/s,m/s^2,rad/s,1.0,1.0,True,test,non_fall,non_fall,3.0651898441647063e-07,none,forward
w25_00001638,bits,C:\Users\ADMIN\Desktop\ds-fall\data\raw\Dataset\adl\user29\user29_adl1.csv,C:\Users\ADMIN\Desktop\ds-fall\data\raw\Dataset,user29,user29_adl1,adl1,walking_slowly,walking_slowly,0,none,False,36,86,1.44,3.44,25.0,50,12,"ax,ay,az,gx,gy,gz,acc_mag,gyro_mag,jerk,roll,pitch,tilt_delta",20.0,25.0,uniform_20hz_time_interpolation_to_25hz,adl_sliding_capped,340,424,,,dataset_unit_map,wrist,bits,m/s^2,rad/s,m/s^2,rad/s,1.0,1.0,True,test,non_fall,non_fall,8.225366627812036e-07,none,forward
w25_00001639,bits,C:\Users\ADMIN\Desktop\ds-fall\data\raw\Dataset\adl\user29\user29_adl1.csv,C:\Users\ADMIN\Desktop\ds-fall\data\raw\Dataset,user29,user29_adl1,adl1,walking_slowly,walking_slowly,0,none,False,48,98,1.92,3.92,25.0,50,12,"ax,ay,az,gx,gy,gz,acc_mag,gyro_mag,jerk,roll,pitch,tilt_delta",20.0,25.0,uniform_20hz_time_interpolation_to_25hz,adl_sliding_capped,340,424,,,dataset_unit_map,wrist,bits,m/s^2,rad/s,m/s^2,rad/s,1.0,1.0,True,test,non_fall,non_fall,2.205671989941038e-06,none,forward
w25_00001640,bits,C:\Users\ADMIN\Desktop\ds-fall\data\raw\Dataset\adl\user29\user29_adl10.csv,C:\Users\ADMIN\Desktop\ds-fall\data\raw\Dataset,user29,user29_adl10,adl10,rapidly_sitting_on_chair,rapidly_sitting_on_chair,0,none,False,0,50,0.0,2.0,25.0,50,12,"ax,ay,az,gx,gy,gz,acc_mag,gyro_mag,jerk,roll,pitch,tilt_delta",20.0,25.0,uniform_20hz_time_interpolation_to_25hz,adl_sliding_capped,547,683,,,dataset_unit_map,wrist,bits,m/s^2,rad/s,m/s^2,rad/s,1.0,1.0,True,test,non_fall,non_fall,1.0667915375961456e-05,none,forward
w25_00001641,bits,C:\Users\ADMIN\Desktop\ds-fall\data\raw\Dataset\adl\user29\user29_adl10.csv,C:\Users\ADMIN\Desktop\ds-fall\data\raw\Dataset,user29,user29_adl10,adl10,rapidly_sitting_on_chair,rapidly_sitting_on_chair,0,none,False,12,62,0.48,2.48,25.0,50,12,"ax,ay,az,gx,gy,gz,acc_mag,gyro_mag,jerk,roll,pitch,tilt_delta",20.0,25.0,uniform_20hz_time_interpolation_to_25hz,adl_sliding_capped,547,683,,,dataset_unit_map,wrist,bits,m/s^2,rad/s,m/s^2,rad/s,1.0,1.0,True,test,non_fall,non_fall,8.418760444328655e-06,none,forward
w25_00001642,bits,C:\Users\ADMIN\Desktop\ds-fall\data\raw\Dataset\adl\user29\user29_adl10.csv,C:\Users\ADMIN\Desktop\ds-fall\data\raw\Dataset,user29,user29_adl10,adl10,rapidly_sitting_on_chair,rapidly_sitting_on_chair,0,none,False,24,74,0.96,2.96,25.0,50,12,"ax,ay,az,gx,gy,gz,acc_mag,gyro_mag,jerk,roll,pitch,tilt_delta",20.0,25.0,uniform_20hz_time_interpolation_to_25hz,adl_sliding_capped,547,683,,,dataset_unit_map,wrist,bits,m/s^2,rad/s,m/s^2,rad/s,1.0,1.0,True,test,non_fall,non_fall,1.1740783520508558e-05,none,forward
w25_00001643,bits,C:\Users\ADMIN\Desktop\ds-fall\data\raw\Dataset\adl\user29\user29_adl10.csv,C:\Users\ADMIN\Desktop\ds-fall\data\raw\Dataset,user29,user29_adl10,adl10,rapidly_sitting_on_chair,rapidly_sitting_on_chair,0,none,False,36,86,1.44,3.44,25.0,50,12,"ax,ay,az,gx,gy,gz,acc_mag,gyro_mag,jerk,roll,pitch,tilt_delta",20.0,25.0,uniform_20hz_time_interpolation_to_25hz,adl_sliding_capped,547,683,,,dataset_unit_map,wrist,bits,m/s^2,rad/s,m/s^2,rad/s,1.0,1.0,True,test,non_fall,non_fall,1.5662792065995745e-05,none,forward
w25_00001644,bits,C:\Users\ADMIN\Desktop\ds-fall\data\raw\Dataset\adl\user29\user29_adl10.csv,C:\Users\ADMIN\Desktop\ds-fall\data\raw\Dataset,user29,user29_adl10,adl10,rapidly_sitting_on_chair,rapidly_sitting_on_chair,0,none,False,48,98,1.92,3.92,25.0,50,12,"ax,ay,az,gx,gy,gz,acc_mag,gyro_mag,jerk,roll,pitch,tilt_delta",20.0,25.0,uniform_20hz_time_interpolation_to_25hz,adl_sliding_capped,547,683,,,dataset_unit_map,wrist,bits,m/s^2,rad/s,m/s^2,rad/s,1.0,1.0,True,test,non_fall,non_fall,1.5242353583744261e-05,none,forward
w25_00001645,bits,C:\Users\ADMIN\Desktop\ds-fall\data\raw\Dataset\adl\user29\user29_adl11.csv,C:\Users\ADMIN\Desktop\ds-fall\data\raw\Dataset,user29,user29_adl11,adl11,nearly_sitting_and_getting_up,nearly_sitting_and_getting_up,0,none,False,0,50,0.0,2.0,25.0,50,12,"ax,ay,az,gx,gy,gz,acc_mag,gyro_mag,jerk,roll,pitch,tilt_delta",20.0,25.0,uniform_20hz_time_interpolation_to_25hz,adl_sliding_capped,300,374,,,dataset_unit_map,wrist,bits,m/s^2,rad/s,m/s^2,rad/s,1.0,1.0,True,test,non_fall,non_fall,0.029883667826652527,none,lateral
w25_00001646,bits,C:\Users\ADMIN\Desktop\ds-fall\data\raw\Dataset\adl\user29\user29_adl11.csv,C:\Users\ADMIN\Desktop\ds-fall\data\raw\Dataset,user29,user29_adl11,adl11,nearly_sitting_and_getting_up,nearly_sitting_and_getting_up,0,none,False,12,62,0.48,2.48,25.0,50,12,"ax,ay,az,gx,gy,gz,acc_mag,gyro_mag,jerk,roll,pitch,tilt_delta",20.0,25.0,uniform_20hz_time_interpolation_to_25hz,adl_sliding_capped,300,374,,,dataset_unit_map,wrist,bits,m/s^2,rad/s,m/s^2,rad/s,1.0,1.0,True,test,non_fall,non_fall,0.0009128089877776802,none,lateral
w25_00001647,bits,C:\Users\ADMIN\Desktop\ds-fall\data\raw\Dataset\adl\user29\user29_adl11.csv,C:\Users\ADMIN\Desktop\ds-fall\data\raw\Dataset,user29,user29_adl11,adl11,nearly_sitting_and_getting_up,nearly_sitting_and_getting_up,0,none,False,24,74,0.96,2.96,25.0,50,12,"ax,ay,az,gx,gy,gz,acc_mag,gyro_mag,jerk,roll,pitch,tilt_delta",20.0,25.0,uniform_20hz_time_interpolation_to_25hz,adl_sliding_capped,300,374,,,dataset_unit_map,wrist,bits,m/s^2,rad/s,m/s^2,rad/s,1.0,1.0,True,test,non_fall,non_fall,0.00013334494724404067,none,lateral
w25_00001648,bits,C:\Users\ADMIN\Desktop\ds-fall\data\raw\Dataset\adl\user29\user29_adl11.csv,C:\Users\ADMIN\Desktop\ds-fall\data\raw\Dataset,user29,user29_adl11,adl11,nearly_sitting_and_getting_up,nearly_sitting_and_getting_up,0,none,False,36,86,1.44,3.44,25.0,50,12,"ax,ay,az,gx,gy,gz,acc_mag,gyro_mag,jerk,roll,pitch,tilt_delta",20.0,25.0,uniform_20hz_time_interpolation_to_25hz,adl_sliding_capped,300,374,,,dataset_unit_map,wrist,bits,m/s^2,rad/s,m/s^2,rad/s,1.0,1.0,True,test,non_fall,non_fall,8.134989184327424e-05,none,lateral
w25_00001649,bits,C:\Users\ADMIN\Desktop\ds-fall\data\raw\Dataset\adl\user29\user29_adl11.csv,C:\Users\ADMIN\Desktop\ds-fall\data\raw\Dataset,user29,user29_adl11,adl11,nearly_sitting_and_getting_up,nearly_sitting_and_getting_up,0,none,False,48,98,1.92,3.92,25.0,50,12,"ax,ay,az,gx,gy,gz,acc_mag,gyro_mag,jerk,roll,pitch,tilt_delta",20.0,25.0,uniform_20hz_time_interpolation_to_25hz,adl_sliding_capped,300,374,,,dataset_unit_map,wrist,bits,m/s^2,rad/s,m/s^2,rad/s,1.0,1.0,True,test,non_fall,non_fall,8.562946459278464e-05,none,lateral
w25_00001650,bits,C:\Users\ADMIN\Desktop\ds-fall\data\raw\Dataset\adl\user29\user29_adl12.csv,C:\Users\ADMIN\Desktop\ds-fall\data\raw\Dataset,user29,user29_adl12,adl12,swinging_hands,swinging_hands,0,none,False,0,50,0.0,2.0,25.0,50,12,"ax,ay,az,gx,gy,gz,acc_mag,gyro_mag,jerk,roll,pitch,tilt_delta",20.0,25.0,uniform_20hz_time_interpolation_to_25hz,adl_sliding_capped,617,771,,,dataset_unit_map,wrist,bits,m/s^2,rad/s,m/s^2,rad/s,1.0,1.0,True,test,non_fall,non_fall,1.9387130123504903e-06,none,lateral
w25_00001651,bits,C:\Users\ADMIN\Desktop\ds-fall\data\raw\Dataset\adl\user29\user29_adl12.csv,C:\Users\ADMIN\Desktop\ds-fall\data\raw\Dataset,user29,user29_adl12,adl12,swinging_hands,swinging_hands,0,none,False,12,62,0.48,2.48,25.0,50,12,"ax,ay,az,gx,gy,gz,acc_mag,gyro_mag,jerk,roll,pitch,tilt_delta",20.0,25.0,uniform_20hz_time_interpolation_to_25hz,adl_sliding_capped,617,771,,,dataset_unit_map,wrist,bits,m/s^2,rad/s,m/s^2,rad/s,1.0,1.0,True,test,non_fall,non_fall,2.219931047875434e-06,none,lateral
w25_00001652,bits,C:\Users\ADMIN\Desktop\ds-fall\data\raw\Dataset\adl\user29\user29_adl12.csv,C:\Users\ADMIN\Desktop\ds-fall\data\raw\Dataset,user29,user29_adl12,adl12,swinging_hands,swinging_hands,0,none,False,24,74,0.96,2.96,25.0,50,12,"ax,ay,az,gx,gy,gz,acc_mag,gyro_mag,jerk,roll,pitch,tilt_delta",20.0,25.0,uniform_20hz_time_interpolation_to_25hz,adl_sliding_capped,617,771,,,dataset_unit_map,wrist,bits,m/s^2,rad/s,m/s^2,rad/s,1.0,1.0,True,test,non_fall,non_fall,7.491384224067588e-08,none,lateral
w25_00001653,bits,C:\Users\ADMIN\Desktop\ds-fall\data\raw\Dataset\adl\user29\user29_adl12.csv,C:\Users\ADMIN\Desktop\ds-fall\data\raw\Dataset,user29,user29_adl12,adl12,swinging_hands,swinging_hands,0,none,False,36,86,1.44,3.44,25.0,50,12,"ax,ay,az,gx,gy,gz,acc_mag,gyro_mag,jerk,roll,pitch,tilt_delta",20.0,25.0,uniform_20hz_time_interpolation_to_25hz,adl_sliding_capped,617,771,,,dataset_unit_map,wrist,bits,m/s^2,rad/s,m/s^2,rad/s,1.0,1.0,True,test,non_fall,non_fall,3.2365836233338996e-08,none,lateral
w25_00001654,bits,C:\Users\ADMIN\Desktop\ds-fall\data\raw\Dataset\adl\user29\user29_adl12.csv,C:\Users\ADMIN\Desktop\ds-fall\data\raw\Dataset,user29,user29_adl12,adl12,swinging_hands,swinging_hands,0,none,False,48,98,1.92,3.92,25.0,50,12,"ax,ay,az,gx,gy,gz,acc_mag,gyro_mag,jerk,roll,pitch,tilt_delta",20.0,25.0,uniform_20hz_time_interpolation_to_25hz,adl_sliding_capped,617,771,,,dataset_unit_map,wrist,bits,m/s^2,rad/s,m/s^2,rad/s,1.0,1.0,True,test,non_fall,non_fall,1.2695814177732245e-08,none,lateral
w25_00001655,bits,C:\Users\ADMIN\Desktop\ds-fall\data\raw\Dataset\adl\user29\user29_adl13.csv,C:\Users\ADMIN\Desktop\ds-fall\data\raw\Dataset,user29,user29_adl13,adl13,lying_on_bed,lying_on_bed,0,none,False,0,50,0.0,2.0,25.0,50,12,"ax,ay,az,gx,gy,gz,acc_mag,gyro_mag,jerk,roll,pitch,tilt_delta",20.0,25.0,uniform_20hz_time_interpolation_to_25hz,adl_sliding_capped,304,379,,,dataset_unit_map,wrist,bits,m/s^2,rad/s,m/s^2,rad/s,1.0,1.0,True,test,non_fall,non_fall,1.7777901462068257e-07,none,backward
w25_00001656,bits,C:\Users\ADMIN\Desktop\ds-fall\data\raw\Dataset\adl\user29\user29_adl13.csv,C:\Users\ADMIN\Desktop\ds-fall\data\raw\Dataset,user29,user29_adl13,adl13,lying_on_bed,lying_on_bed,0,none,False,12,62,0.48,2.48,25.0,50,12,"ax,ay,az,gx,gy,gz,acc_mag,gyro_mag,jerk,roll,pitch,tilt_delta",20.0,25.0,uniform_20hz_time_interpolation_to_25hz,adl_sliding_capped,304,379,,,dataset_unit_map,wrist,bits,m/s^2,rad/s,m/s^2,rad/s,1.0,1.0,True,test,non_fall,non_fall,1.5877179748713388e-07,none,backward
w25_00001657,bits,C:\Users\ADMIN\Desktop\ds-fall\data\raw\Dataset\adl\user29\user29_adl13.csv,C:\Users\ADMIN\Desktop\ds-fall\data\raw\Dataset,user29,user29_adl13,adl13,lying_on_bed,lying_on_bed,0,none,False,24,74,0.96,2.96,25.0,50,12,"ax,ay,az,gx,gy,gz,acc_mag,gyro_mag,jerk,roll,pitch,tilt_delta",20.0,25.0,uniform_20hz_time_interpolation_to_25hz,adl_sliding_capped,304,379,,,dataset_unit_map,wrist,bits,m/s^2,rad/s,m/s^2,rad/s,1.0,1.0,True,test,non_fall,non_fall,1.4481945243005612e-07,none,backward
w25_00001658,bits,C:\Users\ADMIN\Desktop\ds-fall\data\raw\Dataset\adl\user29\user29_adl13.csv,C:\Users\ADMIN\Desktop\ds-fall\data\raw\Dataset,user29,user29_adl13,adl13,lying_on_bed,lying_on_bed,0,none,False,36,86,1.44,3.44,25.0,50,12,"ax,ay,az,gx,gy,gz,acc_mag,gyro_mag,jerk,roll,pitch,tilt_delta",20.0,25.0,uniform_20hz_time_interpolation_to_25hz,adl_sliding_capped,304,379,,,dataset_unit_map,wrist,bits,m/s^2,rad/s,m/s^2,rad/s,1.0,1.0,True,test,non_fall,non_fall,1.4191441266575566e-07,none,backward
w25_00001659,bits,C:\Users\ADMIN\Desktop\ds-fall\data\raw\Dataset\adl\user29\user29_adl13.csv,C:\Users\ADMIN\Desktop\ds-fall\data\raw\Dataset,user29,user29_adl13,adl13,lying_on_bed,lying_on_bed,0,none,False,48,98,1.92,3.92,25.0,50,12,"ax,ay,az,gx,gy,gz,acc_mag,gyro_mag,jerk,roll,pitch,tilt_delta",20.0,25.0,uniform_20hz_time_interpolation_to_25hz,adl_sliding_capped,304,379,,,dataset_unit_map,wrist,bits,m/s^2,rad/s,m/s^2,rad/s,1.0,1.0,True,test,non_fall,non_fall,1.3342079796530015e-07,none,backward
w25_00001660,bits,C:\Users\ADMIN\Desktop\ds-fall\data\raw\Dataset\adl\user29\user29_adl14.csv,C:\Users\ADMIN\Desktop\ds-fall\data\raw\Dataset,user29,user29_adl14,adl14,lying_on_back_getting_up_slowly,lying_on_back_getting_up_slowly,0,none,False,0,50,0.0,2.0,25.0,50,12,"ax,ay,az,gx,gy,gz,acc_mag,gyro_mag,jerk,roll,pitch,tilt_delta",20.0,25.0,uniform_20hz_time_interpolation_to_25hz,adl_sliding_capped,225,281,,,dataset_unit_map,wrist,bits,m/s^2,rad/s,m/s^2,rad/s,1.0,1.0,True,test,non_fall,non_fall,6.17948842318583e-07,none,backward
w25_00001661,bits,C:\Users\ADMIN\Desktop\ds-fall\data\raw\Dataset\adl\user29\user29_adl14.csv,C:\Users\ADMIN\Desktop\ds-fall\data\raw\Dataset,user29,user29_adl14,adl14,lying_on_back_getting_up_slowly,lying_on_back_getting_up_slowly,0,none,False,12,62,0.48,2.48,25.0,50,12,"ax,ay,az,gx,gy,gz,acc_mag,gyro_mag,jerk,roll,pitch,tilt_delta",20.0,25.0,uniform_20hz_time_interpolation_to_25hz,adl_sliding_capped,225,281,,,dataset_unit_map,wrist,bits,m/s^2,rad/s,m/s^2,rad/s,1.0,1.0,True,test,non_fall,non_fall,5.395552875597787e-07,none,backward
w25_00001662,bits,C:\Users\ADMIN\Desktop\ds-fall\data\raw\Dataset\adl\user29\user29_adl14.csv,C:\Users\ADMIN\Desktop\ds-fall\data\raw\Dataset,user29,user29_adl14,adl14,lying_on_back_getting_up_slowly,lying_on_back_getting_up_slowly,0,none,False,24,74,0.96,2.96,25.0,50,12,"ax,ay,az,gx,gy,gz,acc_mag,gyro_mag,jerk,roll,pitch,tilt_delta",20.0,25.0,uniform_20hz_time_interpolation_to_25hz,adl_sliding_capped,225,281,,,dataset_unit_map,wrist,bits,m/s^2,rad/s,m/s^2,rad/s,1.0,1.0,True,test,non_fall,non_fall,5.289015234666294e-07,none,backward
w25_00001663,bits,C:\Users\ADMIN\Desktop\ds-fall\data\raw\Dataset\adl\user29\user29_adl14.csv,C:\Users\ADMIN\Desktop\ds-fall\data\raw\Dataset,user29,user29_adl14,adl14,lying_on_back_getting_up_slowly,lying_on_back_getting_up_slowly,0,none,False,36,86,1.44,3.44,25.0,50,12,"ax,ay,az,gx,gy,gz,acc_mag,gyro_mag,jerk,roll,pitch,tilt_delta",20.0,25.0,uniform_20hz_time_interpolation_to_25hz,adl_sliding_capped,225,281,,,dataset_unit_map,wrist,bits,m/s^2,rad/s,m/s^2,rad/s,1.0,1.0,True,test,non_fall,non_fall,5.239339202489646e-07,none,backward
w25_00001664,bits,C:\Users\ADMIN\Desktop\ds-fall\data\raw\Dataset\adl\user29\user29_adl14.csv,C:\Users\ADMIN\Desktop\ds-fall\data\raw\Dataset,user29,user29_adl14,adl14,lying_on_back_getting_up_slowly,lying_on_back_getting_up_slowly,0,none,False,48,98,1.92,3.92,25.0,50,12,"ax,ay,az,gx,gy,gz,acc_mag,gyro_mag,jerk,roll,pitch,tilt_delta",20.0,25.0,uniform_20hz_time_interpolation_to_25hz,adl_sliding_capped,225,281,,,dataset_unit_map,wrist,bits,m/s^2,rad/s,m/s^2,rad/s,1.0,1.0,True,test,non_fall,non_fall,5.411073402683542e-07,none,backward
w25_00001665,bits,C:\Users\ADMIN\Desktop\ds-fall\data\raw\Dataset\adl\user29\user29_adl15.csv,C:\Users\ADMIN\Desktop\ds-fall\data\raw\Dataset,user29,user29_adl15,adl15,lying_on_back_getting_up_normally,lying_on_back_getting_up_normally,0,none,False,0,50,0.0,2.0,25.0,50,12,"ax,ay,az,gx,gy,gz,acc_mag,gyro_mag,jerk,roll,pitch,tilt_delta",20.0,25.0,uniform_20hz_time_interpolation_to_25hz,adl_sliding_capped,342,427,,,dataset_unit_map,wrist,bits,m/s^2,rad/s,m/s^2,rad/s,1.0,1.0,True,test,non_fall,non_fall,6.342618235066766e-07,none,backward
w25_00001666,bits,C:\Users\ADMIN\Desktop\ds-fall\data\raw\Dataset\adl\user29\user29_adl15.csv,C:\Users\ADMIN\Desktop\ds-fall\data\raw\Dataset,user29,user29_adl15,adl15,lying_on_back_getting_up_normally,lying_on_back_getting_up_normally,0,none,False,12,62,0.48,2.48,25.0,50,12,"ax,ay,az,gx,gy,gz,acc_mag,gyro_mag,jerk,roll,pitch,tilt_delta",20.0,25.0,uniform_20hz_time_interpolation_to_25hz,adl_sliding_capped,342,427,,,dataset_unit_map,wrist,bits,m/s^2,rad/s,m/s^2,rad/s,1.0,1.0,True,test,non_fall,non_fall,5.335522246241453e-07,none,backward
w25_00001667,bits,C:\Users\ADMIN\Desktop\ds-fall\data\raw\Dataset\adl\user29\user29_adl15.csv,C:\Users\ADMIN\Desktop\ds-fall\data\raw\Dataset,user29,user29_adl15,adl15,lying_on_back_getting_up_normally,lying_on_back_getting_up_normally,0,none,False,24,74,0.96,2.96,25.0,50,12,"ax,ay,az,gx,gy,gz,acc_mag,gyro_mag,jerk,roll,pitch,tilt_delta",20.0,25.0,uniform_20hz_time_interpolation_to_25hz,adl_sliding_capped,342,427,,,dataset_unit_map,wrist,bits,m/s^2,rad/s,m/s^2,rad/s,1.0,1.0,True,test,non_fall,non_fall,5.184214160181e-07,none,backward
w25_00001668,bits,C:\Users\ADMIN\Desktop\ds-fall\data\raw\Dataset\adl\user29\user29_adl15.csv,C:\Users\ADMIN\Desktop\ds-fall\data\raw\Dataset,user29,user29_adl15,adl15,lying_on_back_getting_up_normally,lying_on_back_getting_up_normally,0,none,False,36,86,1.44,3.44,25.0,50,12,"ax,ay,az,gx,gy,gz,acc_mag,gyro_mag,jerk,roll,pitch,tilt_delta",20.0,25.0,uniform_20hz_time_interpolation_to_25hz,adl_sliding_capped,342,427,,,dataset_unit_map,wrist,bits,m/s^2,rad/s,m/s^2,rad/s,1.0,1.0,True,test,non_fall,non_fall,5.02324667195353e-07,none,backward
w25_00001669,bits,C:\Users\ADMIN\Desktop\ds-fall\data\raw\Dataset\adl\user29\user29_adl15.csv,C:\Users\ADMIN\Desktop\ds-fall\data\raw\Dataset,user29,user29_adl15,adl15,lying_on_back_getting_up_normally,lying_on_back_getting_up_normally,0,none,False,48,98,1.92,3.92,25.0,50,12,"ax,ay,az,gx,gy,gz,acc_mag,gyro_mag,jerk,roll,pitch,tilt_delta",20.0,25.0,uniform_20hz_time_interpolation_to_25hz,adl_sliding_capped,342,427,,,dataset_unit_map,wrist,bits,m/s^2,rad/s,m/s^2,rad/s,1.0,1.0,True,test,non_fall,non_fall,4.803630417882232e-07,none,backward
w25_00001670,bits,C:\Users\ADMIN\Desktop\ds-fall\data\raw\Dataset\adl\user29\user29_adl16.csv,C:\Users\ADMIN\Desktop\ds-fall\data\raw\Dataset,user29,user29_adl16,adl16,lying_sideways_to_back,lying_sideways_to_back,0,none,False,0,50,0.0,2.0,25.0,50,12,"ax,ay,az,gx,gy,gz,acc_mag,gyro_mag,jerk,roll,pitch,tilt_delta",20.0,25.0,uniform_20hz_time_interpolation_to_25hz,adl_sliding_capped,568,709,,,dataset_unit_map,wrist,bits,m/s^2,rad/s,m/s^2,rad/s,1.0,1.0,True,test,non_fall,non_fall,7.113642823242117e-06,none,lateral
w25_00001671,bits,C:\Users\ADMIN\Desktop\ds-fall\data\raw\Dataset\adl\user29\user29_adl16.csv,C:\Users\ADMIN\Desktop\ds-fall\data\raw\Dataset,user29,user29_adl16,adl16,lying_sideways_to_back,lying_sideways_to_back,0,none,False,12,62,0.48,2.48,25.0,50,12,"ax,ay,az,gx,gy,gz,acc_mag,gyro_mag,jerk,roll,pitch,tilt_delta",20.0,25.0,uniform_20hz_time_interpolation_to_25hz,adl_sliding_capped,568,709,,,dataset_unit_map,wrist,bits,m/s^2,rad/s,m/s^2,rad/s,1.0,1.0,True,test,non_fall,non_fall,7.64987817092333e-06,none,lateral
w25_00001672,bits,C:\Users\ADMIN\Desktop\ds-fall\data\raw\Dataset\adl\user29\user29_adl16.csv,C:\Users\ADMIN\Desktop\ds-fall\data\raw\Dataset,user29,user29_adl16,adl16,lying_sideways_to_back,lying_sideways_to_back,0,none,False,24,74,0.96,2.96,25.0,50,12,"ax,ay,az,gx,gy,gz,acc_mag,gyro_mag,jerk,roll,pitch,tilt_delta",20.0,25.0,uniform_20hz_time_interpolation_to_25hz,adl_sliding_capped,568,709,,,dataset_unit_map,wrist,bits,m/s^2,rad/s,m/s^2,rad/s,1.0,1.0,True,test,non_fall,non_fall,7.713671038800385e-06,none,lateral
w25_00001673,bits,C:\Users\ADMIN\Desktop\ds-fall\data\raw\Dataset\adl\user29\user29_adl16.csv,C:\Users\ADMIN\Desktop\ds-fall\data\raw\Dataset,user29,user29_adl16,adl16,lying_sideways_to_back,lying_sideways_to_back,0,none,False,36,86,1.44,3.44,25.0,50,12,"ax,ay,az,gx,gy,gz,acc_mag,gyro_mag,jerk,roll,pitch,tilt_delta",20.0,25.0,uniform_20hz_time_interpolation_to_25hz,adl_sliding_capped,568,709,,,dataset_unit_map,wrist,bits,m/s^2,rad/s,m/s^2,rad/s,1.0,1.0,True,test,non_fall,non_fall,7.986788659763988e-06,none,lateral
w25_00001674,bits,C:\Users\ADMIN\Desktop\ds-fall\data\raw\Dataset\adl\user29\user29_adl16.csv,C:\Users\ADMIN\Desktop\ds-fall\data\raw\Dataset,user29,user29_adl16,adl16,lying_sideways_to_back,lying_sideways_to_back,0,none,False,48,98,1.92,3.92,25.0,50,12,"ax,ay,az,gx,gy,gz,acc_mag,gyro_mag,jerk,roll,pitch,tilt_delta",20.0,25.0,uniform_20hz_time_interpolation_to_25hz,adl_sliding_capped,568,709,,,dataset_unit_map,wrist,bits,m/s^2,rad/s,m/s^2,rad/s,1.0,1.0,True,test,non_fall,non_fall,8.174401955329813e-06,none,lateral
w25_00001675,bits,C:\Users\ADMIN\Desktop\ds-fall\data\raw\Dataset\adl\user29\user29_adl2.csv,C:\Users\ADMIN\Desktop\ds-fall\data\raw\Dataset,user29,user29_adl2,adl2,walking_quickly,walking_quickly,0,none,False,0,50,0.0,2.0,25.0,50,12,"ax,ay,az,gx,gy,gz,acc_mag,gyro_mag,jerk,roll,pitch,tilt_delta",20.0,25.0,uniform_20hz_time_interpolation_to_25hz,adl_sliding_capped,831,1038,,,dataset_unit_map,wrist,bits,m/s^2,rad/s,m/s^2,rad/s,1.0,1.0,True,test,non_fall,non_fall,5.958827387075871e-07,none,forward
w25_00001676,bits,C:\Users\ADMIN\Desktop\ds-fall\data\raw\Dataset\adl\user29\user29_adl2.csv,C:\Users\ADMIN\Desktop\ds-fall\data\raw\Dataset,user29,user29_adl2,adl2,walking_quickly,walking_quickly,0,none,False,12,62,0.48,2.48,25.0,50,12,"ax,ay,az,gx,gy,gz,acc_mag,gyro_mag,jerk,roll,pitch,tilt_delta",20.0,25.0,uniform_20hz_time_interpolation_to_25hz,adl_sliding_capped,831,1038,,,dataset_unit_map,wrist,bits,m/s^2,rad/s,m/s^2,rad/s,1.0,1.0,True,test,non_fall,non_fall,1.923297787698175e-07,none,forward
w25_00001677,bits,C:\Users\ADMIN\Desktop\ds-fall\data\raw\Dataset\adl\user29\user29_adl2.csv,C:\Users\ADMIN\Desktop\ds-fall\data\raw\Dataset,user29,user29_adl2,adl2,walking_quickly,walking_quickly,0,none,False,24,74,0.96,2.96,25.0,50,12,"ax,ay,az,gx,gy,gz,acc_mag,gyro_mag,jerk,roll,pitch,tilt_delta",20.0,25.0,uniform_20hz_time_interpolation_to_25hz,adl_sliding_capped,831,1038,,,dataset_unit_map,wrist,bits,m/s^2,rad/s,m/s^2,rad/s,1.0,1.0,True,test,non_fall,non_fall,4.852311690228817e-07,none,forward
w25_00001678,bits,C:\Users\ADMIN\Desktop\ds-fall\data\raw\Dataset\adl\user29\user29_adl2.csv,C:\Users\ADMIN\Desktop\ds-fall\data\raw\Dataset,user29,user29_adl2,adl2,walking_quickly,walking_quickly,0,none,False,36,86,1.44,3.44,25.0,50,12,"ax,ay,az,gx,gy,gz,acc_mag,gyro_mag,jerk,roll,pitch,tilt_delta",20.0,25.0,uniform_20hz_time_interpolation_to_25hz,adl_sliding_capped,831,1038,,,dataset_unit_map,wrist,bits,m/s^2,rad/s,m/s^2,rad/s,1.0,1.0,True,test,non_fall,non_fall,1.344969859928824e-07,none,forward
w25_00001679,bits,C:\Users\ADMIN\Desktop\ds-fall\data\raw\Dataset\adl\user29\user29_adl2.csv,C:\Users\ADMIN\Desktop\ds-fall\data\raw\Dataset,user29,user29_adl2,adl2,walking_quickly,walking_quickly,0,none,False,48,98,1.92,3.92,25.0,50,12,"ax,ay,az,gx,gy,gz,acc_mag,gyro_mag,jerk,roll,pitch,tilt_delta",20.0,25.0,uniform_20hz_time_interpolation_to_25hz,adl_sliding_capped,831,1038,,,dataset_unit_map,wrist,bits,m/s^2,rad/s,m/s^2,rad/s,1.0,1.0,True,test,non_fall,non_fall,1.4538875348080182e-07,none,forward
w25_00001680,bits,C:\Users\ADMIN\Desktop\ds-fall\data\raw\Dataset\adl\user29\user29_adl3.csv,C:\Users\ADMIN\Desktop\ds-fall\data\raw\Dataset,user29,user29_adl3,adl3,jogging,jogging,0,none,False,0,50,0.0,2.0,25.0,50,12,"ax,ay,az,gx,gy,gz,acc_mag,gyro_mag,jerk,roll,pitch,tilt_delta",20.0,25.0,uniform_20hz_time_interpolation_to_25hz,adl_sliding_capped,1351,1688,,,dataset_unit_map,wrist,bits,m/s^2,rad/s,m/s^2,rad/s,1.0,1.0,True,test,non_fall,non_fall,6.151710607582572e-08,none,forward
w25_00001681,bits,C:\Users\ADMIN\Desktop\ds-fall\data\raw\Dataset\adl\user29\user29_adl3.csv,C:\Users\ADMIN\Desktop\ds-fall\data\raw\Dataset,user29,user29_adl3,adl3,jogging,jogging,0,none,False,12,62,0.48,2.48,25.0,50,12,"ax,ay,az,gx,gy,gz,acc_mag,gyro_mag,jerk,roll,pitch,tilt_delta",20.0,25.0,uniform_20hz_time_interpolation_to_25hz,adl_sliding_capped,1351,1688,,,dataset_unit_map,wrist,bits,m/s^2,rad/s,m/s^2,rad/s,1.0,1.0,True,test,non_fall,non_fall,7.228908316392335e-08,none,forward
w25_00001682,bits,C:\Users\ADMIN\Desktop\ds-fall\data\raw\Dataset\adl\user29\user29_adl3.csv,C:\Users\ADMIN\Desktop\ds-fall\data\raw\Dataset,user29,user29_adl3,adl3,jogging,jogging,0,none,False,24,74,0.96,2.96,25.0,50,12,"ax,ay,az,gx,gy,gz,acc_mag,gyro_mag,jerk,roll,pitch,tilt_delta",20.0,25.0,uniform_20hz_time_interpolation_to_25hz,adl_sliding_capped,1351,1688,,,dataset_unit_map,wrist,bits,m/s^2,rad/s,m/s^2,rad/s,1.0,1.0,True,test,non_fall,non_fall,1.1409187372635188e-08,none,forward
w25_00001683,bits,C:\Users\ADMIN\Desktop\ds-fall\data\raw\Dataset\adl\user29\user29_adl3.csv,C:\Users\ADMIN\Desktop\ds-fall\data\raw\Dataset,user29,user29_adl3,adl3,jogging,jogging,0,none,False,36,86,1.44,3.44,25.0,50,12,"ax,ay,az,gx,gy,gz,acc_mag,gyro_mag,jerk,roll,pitch,tilt_delta",20.0,25.0,uniform_20hz_time_interpolation_to_25hz,adl_sliding_capped,1351,1688,,,dataset_unit_map,wrist,bits,m/s^2,rad/s,m/s^2,rad/s,1.0,1.0,True,test,non_fall,non_fall,4.957522392601277e-08,none,forward
w25_00001684,bits,C:\Users\ADMIN\Desktop\ds-fall\data\raw\Dataset\adl\user29\user29_adl3.csv,C:\Users\ADMIN\Desktop\ds-fall\data\raw\Dataset,user29,user29_adl3,adl3,jogging,jogging,0,none,False,48,98,1.92,3.92,25.0,50,12,"ax,ay,az,gx,gy,gz,acc_mag,gyro_mag,jerk,roll,pitch,tilt_delta",20.0,25.0,uniform_20hz_time_interpolation_to_25hz,adl_sliding_capped,1351,1688,,,dataset_unit_map,wrist,bits,m/s^2,rad/s,m/s^2,rad/s,1.0,1.0,True,test,non_fall,non_fall,4.8277502884275236e-08,none,forward
w25_00001685,bits,C:\Users\ADMIN\Desktop\ds-fall\data\raw\Dataset\adl\user29\user29_adl4.csv,C:\Users\ADMIN\Desktop\ds-fall\data\raw\Dataset,user29,user29_adl4,adl4,jumping,jumping,0,none,False,0,50,0.0,2.0,25.0,50,12,"ax,ay,az,gx,gy,gz,acc_mag,gyro_mag,jerk,roll,pitch,tilt_delta",20.0,25.0,uniform_20hz_time_interpolation_to_25hz,adl_sliding_capped,1147,1433,,,dataset_unit_map,wrist,bits,m/s^2,rad/s,m/s^2,rad/s,1.0,1.0,True,test,non_fall,non_fall,4.92941990160034e-06,none,forward
w25_00001686,bits,C:\Users\ADMIN\Desktop\ds-fall\data\raw\Dataset\adl\user29\user29_adl4.csv,C:\Users\ADMIN\Desktop\ds-fall\data\raw\Dataset,user29,user29_adl4,adl4,jumping,jumping,0,none,False,12,62,0.48,2.48,25.0,50,12,"ax,ay,az,gx,gy,gz,acc_mag,gyro_mag,jerk,roll,pitch,tilt_delta",20.0,25.0,uniform_20hz_time_interpolation_to_25hz,adl_sliding_capped,1147,1433,,,dataset_unit_map,wrist,bits,m/s^2,rad/s,m/s^2,rad/s,1.0,1.0,True,test,non_fall,non_fall,0.005586329847574234,none,forward
w25_00001687,bits,C:\Users\ADMIN\Desktop\ds-fall\data\raw\Dataset\adl\user29\user29_adl4.csv,C:\Users\ADMIN\Desktop\ds-fall\data\raw\Dataset,user29,user29_adl4,adl4,jumping,jumping,0,none,False,24,74,0.96,2.96,25.0,50,12,"ax,ay,az,gx,gy,gz,acc_mag,gyro_mag,jerk,roll,pitch,tilt_delta",20.0,25.0,uniform_20hz_time_interpolation_to_25hz,adl_sliding_capped,1147,1433,,,dataset_unit_map,wrist,bits,m/s^2,rad/s,m/s^2,rad/s,1.0,1.0,True,test,non_fall,non_fall,0.03659888729453087,none,forward
w25_00001688,bits,C:\Users\ADMIN\Desktop\ds-fall\data\raw\Dataset\adl\user29\user29_adl4.csv,C:\Users\ADMIN\Desktop\ds-fall\data\raw\Dataset,user29,user29_adl4,adl4,jumping,jumping,0,none,False,36,86,1.44,3.44,25.0,50,12,"ax,ay,az,gx,gy,gz,acc_mag,gyro_mag,jerk,roll,pitch,tilt_delta",20.0,25.0,uniform_20hz_time_interpolation_to_25hz,adl_sliding_capped,1147,1433,,,dataset_unit_map,wrist,bits,m/s^2,rad/s,m/s^2,rad/s,1.0,1.0,True,test,non_fall,non_fall,0.0044076512567698956,none,forward
w25_00001689,bits,C:\Users\ADMIN\Desktop\ds-fall\data\raw\Dataset\adl\user29\user29_adl4.csv,C:\Users\ADMIN\Desktop\ds-fall\data\raw\Dataset,user29,user29_adl4,adl4,jumping,jumping,0,none,False,48,98,1.92,3.92,25.0,50,12,"ax,ay,az,gx,gy,gz,acc_mag,gyro_mag,jerk,roll,pitch,tilt_delta",20.0,25.0,uniform_20hz_time_interpolation_to_25hz,adl_sliding_capped,1147,1433,,,dataset_unit_map,wrist,bits,m/s^2,rad/s,m/s^2,rad/s,1.0,1.0,True,test,non_fall,non_fall,0.0006103584310039878,none,forward
w25_00001690,bits,C:\Users\ADMIN\Desktop\ds-fall\data\raw\Dataset\adl\user29\user29_adl5.csv,C:\Users\ADMIN\Desktop\ds-fall\data\raw\Dataset,user29,user29_adl5,adl5,climbing_up_slowly,climbing_up_slowly,0,none,False,0,50,0.0,2.0,25.0,50,12,"ax,ay,az,gx,gy,gz,acc_mag,gyro_mag,jerk,roll,pitch,tilt_delta",20.0,25.0,uniform_20hz_time_interpolation_to_25hz,adl_sliding_capped,182,227,,,dataset_unit_map,wrist,bits,m/s^2,rad/s,m/s^2,rad/s,1.0,1.0,True,test,non_fall,non_fall,3.3640580454630253e-07,none,forward
w25_00001691,bits,C:\Users\ADMIN\Desktop\ds-fall\data\raw\Dataset\adl\user29\user29_adl5.csv,C:\Users\ADMIN\Desktop\ds-fall\data\raw\Dataset,user29,user29_adl5,adl5,climbing_up_slowly,climbing_up_slowly,0,none,False,12,62,0.48,2.48,25.0,50,12,"ax,ay,az,gx,gy,gz,acc_mag,gyro_mag,jerk,roll,pitch,tilt_delta",20.0,25.0,uniform_20hz_time_interpolation_to_25hz,adl_sliding_capped,182,227,,,dataset_unit_map,wrist,bits,m/s^2,rad/s,m/s^2,rad/s,1.0,1.0,True,test,non_fall,non_fall,9.401460374647286e-07,none,forward
w25_00001692,bits,C:\Users\ADMIN\Desktop\ds-fall\data\raw\Dataset\adl\user29\user29_adl5.csv,C:\Users\ADMIN\Desktop\ds-fall\data\raw\Dataset,user29,user29_adl5,adl5,climbing_up_slowly,climbing_up_slowly,0,none,False,24,74,0.96,2.96,25.0,50,12,"ax,ay,az,gx,gy,gz,acc_mag,gyro_mag,jerk,roll,pitch,tilt_delta",20.0,25.0,uniform_20hz_time_interpolation_to_25hz,adl_sliding_capped,182,227,,,dataset_unit_map,wrist,bits,m/s^2,rad/s,m/s^2,rad/s,1.0,1.0,True,test,non_fall,non_fall,8.630264147768685e-08,none,forward
w25_00001693,bits,C:\Users\ADMIN\Desktop\ds-fall\data\raw\Dataset\adl\user29\user29_adl5.csv,C:\Users\ADMIN\Desktop\ds-fall\data\raw\Dataset,user29,user29_adl5,adl5,climbing_up_slowly,climbing_up_slowly,0,none,False,36,86,1.44,3.44,25.0,50,12,"ax,ay,az,gx,gy,gz,acc_mag,gyro_mag,jerk,roll,pitch,tilt_delta",20.0,25.0,uniform_20hz_time_interpolation_to_25hz,adl_sliding_capped,182,227,,,dataset_unit_map,wrist,bits,m/s^2,rad/s,m/s^2,rad/s,1.0,1.0,True,test,non_fall,non_fall,7.812617752733786e-08,none,forward
w25_00001694,bits,C:\Users\ADMIN\Desktop\ds-fall\data\raw\Dataset\adl\user29\user29_adl5.csv,C:\Users\ADMIN\Desktop\ds-fall\data\raw\Dataset,user29,user29_adl5,adl5,climbing_up_slowly,climbing_up_slowly,0,none,False,48,98,1.92,3.92,25.0,50,12,"ax,ay,az,gx,gy,gz,acc_mag,gyro_mag,jerk,roll,pitch,tilt_delta",20.0,25.0,uniform_20hz_time_interpolation_to_25hz,adl_sliding_capped,182,227,,,dataset_unit_map,wrist,bits,m/s^2,rad/s,m/s^2,rad/s,1.0,1.0,True,test,non_fall,non_fall,4.979042955710611e-08,none,backward
w25_00001695,bits,C:\Users\ADMIN\Desktop\ds-fall\data\raw\Dataset\adl\user29\user29_adl6.csv,C:\Users\ADMIN\Desktop\ds-fall\data\raw\Dataset,user29,user29_adl6,adl6,climbing_down_slowly,climbing_down_slowly,0,none,False,0,50,0.0,2.0,25.0,50,12,"ax,ay,az,gx,gy,gz,acc_mag,gyro_mag,jerk,roll,pitch,tilt_delta",20.0,25.0,uniform_20hz_time_interpolation_to_25hz,adl_sliding_capped,818,1022,,,dataset_unit_map,wrist,bits,m/s^2,rad/s,m/s^2,rad/s,1.0,1.0,True,test,non_fall,non_fall,1.2972565855307039e-05,none,forward
w25_00001696,bits,C:\Users\ADMIN\Desktop\ds-fall\data\raw\Dataset\adl\user29\user29_adl6.csv,C:\Users\ADMIN\Desktop\ds-fall\data\raw\Dataset,user29,user29_adl6,adl6,climbing_down_slowly,climbing_down_slowly,0,none,False,12,62,0.48,2.48,25.0,50,12,"ax,ay,az,gx,gy,gz,acc_mag,gyro_mag,jerk,roll,pitch,tilt_delta",20.0,25.0,uniform_20hz_time_interpolation_to_25hz,adl_sliding_capped,818,1022,,,dataset_unit_map,wrist,bits,m/s^2,rad/s,m/s^2,rad/s,1.0,1.0,True,test,non_fall,non_fall,3.4542521461844444e-05,none,forward
w25_00001697,bits,C:\Users\ADMIN\Desktop\ds-fall\data\raw\Dataset\adl\user29\user29_adl6.csv,C:\Users\ADMIN\Desktop\ds-fall\data\raw\Dataset,user29,user29_adl6,adl6,climbing_down_slowly,climbing_down_slowly,0,none,False,24,74,0.96,2.96,25.0,50,12,"ax,ay,az,gx,gy,gz,acc_mag,gyro_mag,jerk,roll,pitch,tilt_delta",20.0,25.0,uniform_20hz_time_interpolation_to_25hz,adl_sliding_capped,818,1022,,,dataset_unit_map,wrist,bits,m/s^2,rad/s,m/s^2,rad/s,1.0,1.0,True,test,non_fall,non_fall,7.823717169230804e-05,none,lateral
w25_00001698,bits,C:\Users\ADMIN\Desktop\ds-fall\data\raw\Dataset\adl\user29\user29_adl6.csv,C:\Users\ADMIN\Desktop\ds-fall\data\raw\Dataset,user29,user29_adl6,adl6,climbing_down_slowly,climbing_down_slowly,0,none,False,36,86,1.44,3.44,25.0,50,12,"ax,ay,az,gx,gy,gz,acc_mag,gyro_mag,jerk,roll,pitch,tilt_delta",20.0,25.0,uniform_20hz_time_interpolation_to_25hz,adl_sliding_capped,818,1022,,,dataset_unit_map,wrist,bits,m/s^2,rad/s,m/s^2,rad/s,1.0,1.0,True,test,non_fall,non_fall,6.562326598213986e-05,none,forward
w25_00001699,bits,C:\Users\ADMIN\Desktop\ds-fall\data\raw\Dataset\adl\user29\user29_adl6.csv,C:\Users\ADMIN\Desktop\ds-fall\data\raw\Dataset,user29,user29_adl6,adl6,climbing_down_slowly,climbing_down_slowly,0,none,False,48,98,1.92,3.92,25.0,50,12,"ax,ay,az,gx,gy,gz,acc_mag,gyro_mag,jerk,roll,pitch,tilt_delta",20.0,25.0,uniform_20hz_time_interpolation_to_25hz,adl_sliding_capped,818,1022,,,dataset_unit_map,wrist,bits,m/s^2,rad/s,m/s^2,rad/s,1.0,1.0,True,test,non_fall,non_fall,2.8940401534782723e-05,none,forward
w25_00001700,bits,C:\Users\ADMIN\Desktop\ds-fall\data\raw\Dataset\adl\user29\user29_adl7.csv,C:\Users\ADMIN\Desktop\ds-fall\data\raw\Dataset,user29,user29_adl7,adl7,climbing_up_normally,climbing_up_normally,0,none,False,0,50,0.0,2.0,25.0,50,12,"ax,ay,az,gx,gy,gz,acc_mag,gyro_mag,jerk,roll,pitch,tilt_delta",20.0,25.0,uniform_20hz_time_interpolation_to_25hz,adl_sliding_capped,809,1011,,,dataset_unit_map,wrist,bits,m/s^2,rad/s,m/s^2,rad/s,1.0,1.0,True,test,non_fall,non_fall,1.1845361314044567e-06,none,forward
w25_00001701,bits,C:\Users\ADMIN\Desktop\ds-fall\data\raw\Dataset\adl\user29\user29_adl7.csv,C:\Users\ADMIN\Desktop\ds-fall\data\raw\Dataset,user29,user29_adl7,adl7,climbing_up_normally,climbing_up_normally,0,none,False,12,62,0.48,2.48,25.0,50,12,"ax,ay,az,gx,gy,gz,acc_mag,gyro_mag,jerk,roll,pitch,tilt_delta",20.0,25.0,uniform_20hz_time_interpolation_to_25hz,adl_sliding_capped,809,1011,,,dataset_unit_map,wrist,bits,m/s^2,rad/s,m/s^2,rad/s,1.0,1.0,True,test,non_fall,non_fall,7.418765335387434e-07,none,forward
w25_00001702,bits,C:\Users\ADMIN\Desktop\ds-fall\data\raw\Dataset\adl\user29\user29_adl7.csv,C:\Users\ADMIN\Desktop\ds-fall\data\raw\Dataset,user29,user29_adl7,adl7,climbing_up_normally,climbing_up_normally,0,none,False,24,74,0.96,2.96,25.0,50,12,"ax,ay,az,gx,gy,gz,acc_mag,gyro_mag,jerk,roll,pitch,tilt_delta",20.0,25.0,uniform_20hz_time_interpolation_to_25hz,adl_sliding_capped,809,1011,,,dataset_unit_map,wrist,bits,m/s^2,rad/s,m/s^2,rad/s,1.0,1.0,True,test,non_fall,non_fall,3.187773813806416e-07,none,backward
w25_00001703,bits,C:\Users\ADMIN\Desktop\ds-fall\data\raw\Dataset\adl\user29\user29_adl7.csv,C:\Users\ADMIN\Desktop\ds-fall\data\raw\Dataset,user29,user29_adl7,adl7,climbing_up_normally,climbing_up_normally,0,none,False,36,86,1.44,3.44,25.0,50,12,"ax,ay,az,gx,gy,gz,acc_mag,gyro_mag,jerk,roll,pitch,tilt_delta",20.0,25.0,uniform_20hz_time_interpolation_to_25hz,adl_sliding_capped,809,1011,,,dataset_unit_map,wrist,bits,m/s^2,rad/s,m/s^2,rad/s,1.0,1.0,True,test,non_fall,non_fall,2.633885287650628e-07,none,backward
w25_00001704,bits,C:\Users\ADMIN\Desktop\ds-fall\data\raw\Dataset\adl\user29\user29_adl7.csv,C:\Users\ADMIN\Desktop\ds-fall\data\raw\Dataset,user29,user29_adl7,adl7,climbing_up_normally,climbing_up_normally,0,none,False,48,98,1.92,3.92,25.0,50,12,"ax,ay,az,gx,gy,gz,acc_mag,gyro_mag,jerk,roll,pitch,tilt_delta",20.0,25.0,uniform_20hz_time_interpolation_to_25hz,adl_sliding_capped,809,1011,,,dataset_unit_map,wrist,bits,m/s^2,rad/s,m/s^2,rad/s,1.0,1.0,True,test,non_fall,non_fall,1.5766488559165737e-07,none,forward
w25_00001705,bits,C:\Users\ADMIN\Desktop\ds-fall\data\raw\Dataset\adl\user29\user29_adl8.csv,C:\Users\ADMIN\Desktop\ds-fall\data\raw\Dataset,user29,user29_adl8,adl8,climbing_down_normally,climbing_down_normally,0,none,False,0,50,0.0,2.0,25.0,50,12,"ax,ay,az,gx,gy,gz,acc_mag,gyro_mag,jerk,roll,pitch,tilt_delta",20.0,25.0,uniform_20hz_time_interpolation_to_25hz,adl_sliding_capped,330,412,,,dataset_unit_map,wrist,bits,m/s^2,rad/s,m/s^2,rad/s,1.0,1.0,True,test,non_fall,non_fall,3.240612932131626e-05,none,forward
w25_00001706,bits,C:\Users\ADMIN\Desktop\ds-fall\data\raw\Dataset\adl\user29\user29_adl8.csv,C:\Users\ADMIN\Desktop\ds-fall\data\raw\Dataset,user29,user29_adl8,adl8,climbing_down_normally,climbing_down_normally,0,none,False,12,62,0.48,2.48,25.0,50,12,"ax,ay,az,gx,gy,gz,acc_mag,gyro_mag,jerk,roll,pitch,tilt_delta",20.0,25.0,uniform_20hz_time_interpolation_to_25hz,adl_sliding_capped,330,412,,,dataset_unit_map,wrist,bits,m/s^2,rad/s,m/s^2,rad/s,1.0,1.0,True,test,non_fall,non_fall,6.437680440285476e-06,none,forward
w25_00001707,bits,C:\Users\ADMIN\Desktop\ds-fall\data\raw\Dataset\adl\user29\user29_adl8.csv,C:\Users\ADMIN\Desktop\ds-fall\data\raw\Dataset,user29,user29_adl8,adl8,climbing_down_normally,climbing_down_normally,0,none,False,24,74,0.96,2.96,25.0,50,12,"ax,ay,az,gx,gy,gz,acc_mag,gyro_mag,jerk,roll,pitch,tilt_delta",20.0,25.0,uniform_20hz_time_interpolation_to_25hz,adl_sliding_capped,330,412,,,dataset_unit_map,wrist,bits,m/s^2,rad/s,m/s^2,rad/s,1.0,1.0,True,test,non_fall,non_fall,2.870954403988435e-06,none,forward
w25_00001708,bits,C:\Users\ADMIN\Desktop\ds-fall\data\raw\Dataset\adl\user29\user29_adl8.csv,C:\Users\ADMIN\Desktop\ds-fall\data\raw\Dataset,user29,user29_adl8,adl8,climbing_down_normally,climbing_down_normally,0,none,False,36,86,1.44,3.44,25.0,50,12,"ax,ay,az,gx,gy,gz,acc_mag,gyro_mag,jerk,roll,pitch,tilt_delta",20.0,25.0,uniform_20hz_time_interpolation_to_25hz,adl_sliding_capped,330,412,,,dataset_unit_map,wrist,bits,m/s^2,rad/s,m/s^2,rad/s,1.0,1.0,True,test,non_fall,non_fall,2.327346464880975e-06,none,forward
w25_00001709,bits,C:\Users\ADMIN\Desktop\ds-fall\data\raw\Dataset\adl\user29\user29_adl8.csv,C:\Users\ADMIN\Desktop\ds-fall\data\raw\Dataset,user29,user29_adl8,adl8,climbing_down_normally,climbing_down_normally,0,none,False,48,98,1.92,3.92,25.0,50,12,"ax,ay,az,gx,gy,gz,acc_mag,gyro_mag,jerk,roll,pitch,tilt_delta",20.0,25.0,uniform_20hz_time_interpolation_to_25hz,adl_sliding_capped,330,412,,,dataset_unit_map,wrist,bits,m/s^2,rad/s,m/s^2,rad/s,1.0,1.0,True,test,non_fall,non_fall,7.877834832470398e-06,none,forward
w25_00001710,bits,C:\Users\ADMIN\Desktop\ds-fall\data\raw\Dataset\adl\user29\user29_adl9.csv,C:\Users\ADMIN\Desktop\ds-fall\data\raw\Dataset,user29,user29_adl9,adl9,slowly_sitting_on_chair,slowly_sitting_on_chair,0,none,False,0,50,0.0,2.0,25.0,50,12,"ax,ay,az,gx,gy,gz,acc_mag,gyro_mag,jerk,roll,pitch,tilt_delta",20.0,25.0,uniform_20hz_time_interpolation_to_25hz,adl_sliding_capped,569,711,,,dataset_unit_map,wrist,bits,m/s^2,rad/s,m/s^2,rad/s,1.0,1.0,True,test,non_fall,non_fall,6.160132670629537e-06,none,forward
w25_00001711,bits,C:\Users\ADMIN\Desktop\ds-fall\data\raw\Dataset\adl\user29\user29_adl9.csv,C:\Users\ADMIN\Desktop\ds-fall\data\raw\Dataset,user29,user29_adl9,adl9,slowly_sitting_on_chair,slowly_sitting_on_chair,0,none,False,12,62,0.48,2.48,25.0,50,12,"ax,ay,az,gx,gy,gz,acc_mag,gyro_mag,jerk,roll,pitch,tilt_delta",20.0,25.0,uniform_20hz_time_interpolation_to_25hz,adl_sliding_capped,569,711,,,dataset_unit_map,wrist,bits,m/s^2,rad/s,m/s^2,rad/s,1.0,1.0,True,test,non_fall,non_fall,1.7798506632971112e-06,none,forward
w25_00001712,bits,C:\Users\ADMIN\Desktop\ds-fall\data\raw\Dataset\adl\user29\user29_adl9.csv,C:\Users\ADMIN\Desktop\ds-fall\data\raw\Dataset,user29,user29_adl9,adl9,slowly_sitting_on_chair,slowly_sitting_on_chair,0,none,False,24,74,0.96,2.96,25.0,50,12,"ax,ay,az,gx,gy,gz,acc_mag,gyro_mag,jerk,roll,pitch,tilt_delta",20.0,25.0,uniform_20hz_time_interpolation_to_25hz,adl_sliding_capped,569,711,,,dataset_unit_map,wrist,bits,m/s^2,rad/s,m/s^2,rad/s,1.0,1.0,True,test,non_fall,non_fall,4.942265832141857e-07,none,forward
w25_00001713,bits,C:\Users\ADMIN\Desktop\ds-fall\data\raw\Dataset\adl\user29\user29_adl9.csv,C:\Users\ADMIN\Desktop\ds-fall\data\raw\Dataset,user29,user29_adl9,adl9,slowly_sitting_on_chair,slowly_sitting_on_chair,0,none,False,36,86,1.44,3.44,25.0,50,12,"ax,ay,az,gx,gy,gz,acc_mag,gyro_mag,jerk,roll,pitch,tilt_delta",20.0,25.0,uniform_20hz_time_interpolation_to_25hz,adl_sliding_capped,569,711,,,dataset_unit_map,wrist,bits,m/s^2,rad/s,m/s^2,rad/s,1.0,1.0,True,test,non_fall,non_fall,6.151523734843067e-07,none,forward
w25_00001714,bits,C:\Users\ADMIN\Desktop\ds-fall\data\raw\Dataset\adl\user29\user29_adl9.csv,C:\Users\ADMIN\Desktop\ds-fall\data\raw\Dataset,user29,user29_adl9,adl9,slowly_sitting_on_chair,slowly_sitting_on_chair,0,none,False,48,98,1.92,3.92,25.0,50,12,"ax,ay,az,gx,gy,gz,acc_mag,gyro_mag,jerk,roll,pitch,tilt_delta",20.0,25.0,uniform_20hz_time_interpolation_to_25hz,adl_sliding_capped,569,711,,,dataset_unit_map,wrist,bits,m/s^2,rad/s,m/s^2,rad/s,1.0,1.0,True,test,non_fall,non_fall,5.19927539244236e-07,none,forward
w25_00001875,bits,C:\Users\ADMIN\Desktop\ds-fall\data\raw\Dataset\adl\user31\user31_adl1.csv,C:\Users\ADMIN\Desktop\ds-fall\data\raw\Dataset,user31,user31_adl1,adl1,walking_slowly,walking_slowly,0,none,False,0,50,0.0,2.0,25.0,50,12,"ax,ay,az,gx,gy,gz,acc_mag,gyro_mag,jerk,roll,pitch,tilt_delta",20.0,25.0,uniform_20hz_time_interpolation_to_25hz,adl_sliding_capped,747,933,,,dataset_unit_map,wrist,bits,m/s^2,rad/s,m/s^2,rad/s,1.0,1.0,True,test,non_fall,non_fall,9.789661817194428e-06,none,forward
w25_00001876,bits,C:\Users\ADMIN\Desktop\ds-fall\data\raw\Dataset\adl\user31\user31_adl1.csv,C:\Users\ADMIN\Desktop\ds-fall\data\raw\Dataset,user31,user31_adl1,adl1,walking_slowly,walking_slowly,0,none,False,12,62,0.48,2.48,25.0,50,12,"ax,ay,az,gx,gy,gz,acc_mag,gyro_mag,jerk,roll,pitch,tilt_delta",20.0,25.0,uniform_20hz_time_interpolation_to_25hz,adl_sliding_capped,747,933,,,dataset_unit_map,wrist,bits,m/s^2,rad/s,m/s^2,rad/s,1.0,1.0,True,test,non_fall,non_fall,9.352791494166013e-06,none,forward
w25_00001877,bits,C:\Users\ADMIN\Desktop\ds-fall\data\raw\Dataset\adl\user31\user31_adl1.csv,C:\Users\ADMIN\Desktop\ds-fall\data\raw\Dataset,user31,user31_adl1,adl1,walking_slowly,walking_slowly,0,none,False,24,74,0.96,2.96,25.0,50,12,"ax,ay,az,gx,gy,gz,acc_mag,gyro_mag,jerk,roll,pitch,tilt_delta",20.0,25.0,uniform_20hz_time_interpolation_to_25hz,adl_sliding_capped,747,933,,,dataset_unit_map,wrist,bits,m/s^2,rad/s,m/s^2,rad/s,1.0,1.0,True,test,non_fall,non_fall,8.485541911795735e-06,none,forward
w25_00001878,bits,C:\Users\ADMIN\Desktop\ds-fall\data\raw\Dataset\adl\user31\user31_adl1.csv,C:\Users\ADMIN\Desktop\ds-fall\data\raw\Dataset,user31,user31_adl1,adl1,walking_slowly,walking_slowly,0,none,False,36,86,1.44,3.44,25.0,50,12,"ax,ay,az,gx,gy,gz,acc_mag,gyro_mag,jerk,roll,pitch,tilt_delta",20.0,25.0,uniform_20hz_time_interpolation_to_25hz,adl_sliding_capped,747,933,,,dataset_unit_map,wrist,bits,m/s^2,rad/s,m/s^2,rad/s,1.0,1.0,True,test,non_fall,non_fall,7.075484518281883e-06,none,forward
w25_00001879,bits,C:\Users\ADMIN\Desktop\ds-fall\data\raw\Dataset\adl\user31\user31_adl1.csv,C:\Users\ADMIN\Desktop\ds-fall\data\raw\Dataset,user31,user31_adl1,adl1,walking_slowly,walking_slowly,0,none,False,48,98,1.92,3.92,25.0,50,12,"ax,ay,az,gx,gy,gz,acc_mag,gyro_mag,jerk,roll,pitch,tilt_delta",20.0,25.0,uniform_20hz_time_interpolation_to_25hz,adl_sliding_capped,747,933,,,dataset_unit_map,wrist,bits,m/s^2,rad/s,m/s^2,rad/s,1.0,1.0,True,test,non_fall,non_fall,1.2073140169377439e-05,none,forward
w25_00001880,bits,C:\Users\ADMIN\Desktop\ds-fall\data\raw\Dataset\adl\user31\user31_adl10.csv,C:\Users\ADMIN\Desktop\ds-fall\data\raw\Dataset,user31,user31_adl10,adl10,rapidly_sitting_on_chair,rapidly_sitting_on_chair,0,none,False,0,50,0.0,2.0,25.0,50,12,"ax,ay,az,gx,gy,gz,acc_mag,gyro_mag,jerk,roll,pitch,tilt_delta",20.0,25.0,uniform_20hz_time_interpolation_to_25hz,adl_sliding_capped,477,596,,,dataset_unit_map,wrist,bits,m/s^2,rad/s,m/s^2,rad/s,1.0,1.0,True,test,non_fall,non_fall,5.478490493260324e-06,none,forward
w25_00001881,bits,C:\Users\ADMIN\Desktop\ds-fall\data\raw\Dataset\adl\user31\user31_adl10.csv,C:\Users\ADMIN\Desktop\ds-fall\data\raw\Dataset,user31,user31_adl10,adl10,rapidly_sitting_on_chair,rapidly_sitting_on_chair,0,none,False,12,62,0.48,2.48,25.0,50,12,"ax,ay,az,gx,gy,gz,acc_mag,gyro_mag,jerk,roll,pitch,tilt_delta",20.0,25.0,uniform_20hz_time_interpolation_to_25hz,adl_sliding_capped,477,596,,,dataset_unit_map,wrist,bits,m/s^2,rad/s,m/s^2,rad/s,1.0,1.0,True,test,non_fall,non_fall,4.622043888957705e-06,none,forward
w25_00001882,bits,C:\Users\ADMIN\Desktop\ds-fall\data\raw\Dataset\adl\user31\user31_adl10.csv,C:\Users\ADMIN\Desktop\ds-fall\data\raw\Dataset,user31,user31_adl10,adl10,rapidly_sitting_on_chair,rapidly_sitting_on_chair,0,none,False,24,74,0.96,2.96,25.0,50,12,"ax,ay,az,gx,gy,gz,acc_mag,gyro_mag,jerk,roll,pitch,tilt_delta",20.0,25.0,uniform_20hz_time_interpolation_to_25hz,adl_sliding_capped,477,596,,,dataset_unit_map,wrist,bits,m/s^2,rad/s,m/s^2,rad/s,1.0,1.0,True,test,non_fall,non_fall,4.869997610512655e-06,none,forward
w25_00001883,bits,C:\Users\ADMIN\Desktop\ds-fall\data\raw\Dataset\adl\user31\user31_adl10.csv,C:\Users\ADMIN\Desktop\ds-fall\data\raw\Dataset,user31,user31_adl10,adl10,rapidly_sitting_on_chair,rapidly_sitting_on_chair,0,none,False,36,86,1.44,3.44,25.0,50,12,"ax,ay,az,gx,gy,gz,acc_mag,gyro_mag,jerk,roll,pitch,tilt_delta",20.0,25.0,uniform_20hz_time_interpolation_to_25hz,adl_sliding_capped,477,596,,,dataset_unit_map,wrist,bits,m/s^2,rad/s,m/s^2,rad/s,1.0,1.0,True,test,non_fall,non_fall,5.600316853815457e-06,none,forward
w25_00001884,bits,C:\Users\ADMIN\Desktop\ds-fall\data\raw\Dataset\adl\user31\user31_adl10.csv,C:\Users\ADMIN\Desktop\ds-fall\data\raw\Dataset,user31,user31_adl10,adl10,rapidly_sitting_on_chair,rapidly_sitting_on_chair,0,none,False,48,98,1.92,3.92,25.0,50,12,"ax,ay,az,gx,gy,gz,acc_mag,gyro_mag,jerk,roll,pitch,tilt_delta",20.0,25.0,uniform_20hz_time_interpolation_to_25hz,adl_sliding_capped,477,596,,,dataset_unit_map,wrist,bits,m/s^2,rad/s,m/s^2,rad/s,1.0,1.0,True,test,non_fall,non_fall,6.700680387439206e-06,none,forward
w25_00001885,bits,C:\Users\ADMIN\Desktop\ds-fall\data\raw\Dataset\adl\user31\user31_adl11.csv,C:\Users\ADMIN\Desktop\ds-fall\data\raw\Dataset,user31,user31_adl11,adl11,nearly_sitting_and_getting_up,nearly_sitting_and_getting_up,0,none,False,0,50,0.0,2.0,25.0,50,12,"ax,ay,az,gx,gy,gz,acc_mag,gyro_mag,jerk,roll,pitch,tilt_delta",20.0,25.0,uniform_20hz_time_interpolation_to_25hz,adl_sliding_capped,334,417,,,dataset_unit_map,wrist,bits,m/s^2,rad/s,m/s^2,rad/s,1.0,1.0,True,test,non_fall,non_fall,1.0117189958691597e-05,none,forward
w25_00001886,bits,C:\Users\ADMIN\Desktop\ds-fall\data\raw\Dataset\adl\user31\user31_adl11.csv,C:\Users\ADMIN\Desktop\ds-fall\data\raw\Dataset,user31,user31_adl11,adl11,nearly_sitting_and_getting_up,nearly_sitting_and_getting_up,0,none,False,12,62,0.48,2.48,25.0,50,12,"ax,ay,az,gx,gy,gz,acc_mag,gyro_mag,jerk,roll,pitch,tilt_delta",20.0,25.0,uniform_20hz_time_interpolation_to_25hz,adl_sliding_capped,334,417,,,dataset_unit_map,wrist,bits,m/s^2,rad/s,m/s^2,rad/s,1.0,1.0,True,test,non_fall,non_fall,2.163992940040771e-05,none,forward
w25_00001887,bits,C:\Users\ADMIN\Desktop\ds-fall\data\raw\Dataset\adl\user31\user31_adl11.csv,C:\Users\ADMIN\Desktop\ds-fall\data\raw\Dataset,user31,user31_adl11,adl11,nearly_sitting_and_getting_up,nearly_sitting_and_getting_up,0,none,False,24,74,0.96,2.96,25.0,50,12,"ax,ay,az,gx,gy,gz,acc_mag,gyro_mag,jerk,roll,pitch,tilt_delta",20.0,25.0,uniform_20hz_time_interpolation_to_25hz,adl_sliding_capped,334,417,,,dataset_unit_map,wrist,bits,m/s^2,rad/s,m/s^2,rad/s,1.0,1.0,True,test,non_fall,non_fall,9.742989277583547e-06,none,forward
w25_00001888,bits,C:\Users\ADMIN\Desktop\ds-fall\data\raw\Dataset\adl\user31\user31_adl11.csv,C:\Users\ADMIN\Desktop\ds-fall\data\raw\Dataset,user31,user31_adl11,adl11,nearly_sitting_and_getting_up,nearly_sitting_and_getting_up,0,none,False,36,86,1.44,3.44,25.0,50,12,"ax,ay,az,gx,gy,gz,acc_mag,gyro_mag,jerk,roll,pitch,tilt_delta",20.0,25.0,uniform_20hz_time_interpolation_to_25hz,adl_sliding_capped,334,417,,,dataset_unit_map,wrist,bits,m/s^2,rad/s,m/s^2,rad/s,1.0,1.0,True,test,non_fall,non_fall,8.93162541615311e-06,none,forward
w25_00001889,bits,C:\Users\ADMIN\Desktop\ds-fall\data\raw\Dataset\adl\user31\user31_adl11.csv,C:\Users\ADMIN\Desktop\ds-fall\data\raw\Dataset,user31,user31_adl11,adl11,nearly_sitting_and_getting_up,nearly_sitting_and_getting_up,0,none,False,48,98,1.92,3.92,25.0,50,12,"ax,ay,az,gx,gy,gz,acc_mag,gyro_mag,jerk,roll,pitch,tilt_delta",20.0,25.0,uniform_20hz_time_interpolation_to_25hz,adl_sliding_capped,334,417,,,dataset_unit_map,wrist,bits,m/s^2,rad/s,m/s^2,rad/s,1.0,1.0,True,test,non_fall,non_fall,1.6379330190829933e-05,none,forward
w25_00001890,bits,C:\Users\ADMIN\Desktop\ds-fall\data\raw\Dataset\adl\user31\user31_adl12.csv,C:\Users\ADMIN\Desktop\ds-fall\data\raw\Dataset,user31,user31_adl12,adl12,swinging_hands,swinging_hands,0,none,False,0,50,0.0,2.0,25.0,50,12,"ax,ay,az,gx,gy,gz,acc_mag,gyro_mag,jerk,roll,pitch,tilt_delta",20.0,25.0,uniform_20hz_time_interpolation_to_25hz,adl_sliding_capped,281,351,,,dataset_unit_map,wrist,bits,m/s^2,rad/s,m/s^2,rad/s,1.0,1.0,True,test,non_fall,non_fall,1.7601883882889524e-05,none,forward
w25_00001891,bits,C:\Users\ADMIN\Desktop\ds-fall\data\raw\Dataset\adl\user31\user31_adl12.csv,C:\Users\ADMIN\Desktop\ds-fall\data\raw\Dataset,user31,user31_adl12,adl12,swinging_hands,swinging_hands,0,none,False,12,62,0.48,2.48,25.0,50,12,"ax,ay,az,gx,gy,gz,acc_mag,gyro_mag,jerk,roll,pitch,tilt_delta",20.0,25.0,uniform_20hz_time_interpolation_to_25hz,adl_sliding_capped,281,351,,,dataset_unit_map,wrist,bits,m/s^2,rad/s,m/s^2,rad/s,1.0,1.0,True,test,non_fall,non_fall,1.1098586583102588e-05,none,forward
w25_00001892,bits,C:\Users\ADMIN\Desktop\ds-fall\data\raw\Dataset\adl\user31\user31_adl12.csv,C:\Users\ADMIN\Desktop\ds-fall\data\raw\Dataset,user31,user31_adl12,adl12,swinging_hands,swinging_hands,0,none,False,24,74,0.96,2.96,25.0,50,12,"ax,ay,az,gx,gy,gz,acc_mag,gyro_mag,jerk,roll,pitch,tilt_delta",20.0,25.0,uniform_20hz_time_interpolation_to_25hz,adl_sliding_capped,281,351,,,dataset_unit_map,wrist,bits,m/s^2,rad/s,m/s^2,rad/s,1.0,1.0,True,test,non_fall,non_fall,9.083671102416702e-06,none,forward
w25_00001893,bits,C:\Users\ADMIN\Desktop\ds-fall\data\raw\Dataset\adl\user31\user31_adl12.csv,C:\Users\ADMIN\Desktop\ds-fall\data\raw\Dataset,user31,user31_adl12,adl12,swinging_hands,swinging_hands,0,none,False,36,86,1.44,3.44,25.0,50,12,"ax,ay,az,gx,gy,gz,acc_mag,gyro_mag,jerk,roll,pitch,tilt_delta",20.0,25.0,uniform_20hz_time_interpolation_to_25hz,adl_sliding_capped,281,351,,,dataset_unit_map,wrist,bits,m/s^2,rad/s,m/s^2,rad/s,1.0,1.0,True,test,non_fall,non_fall,1.1186495612491854e-05,none,forward
w25_00001894,bits,C:\Users\ADMIN\Desktop\ds-fall\data\raw\Dataset\adl\user31\user31_adl12.csv,C:\Users\ADMIN\Desktop\ds-fall\data\raw\Dataset,user31,user31_adl12,adl12,swinging_hands,swinging_hands,0,none,False,48,98,1.92,3.92,25.0,50,12,"ax,ay,az,gx,gy,gz,acc_mag,gyro_mag,jerk,roll,pitch,tilt_delta",20.0,25.0,uniform_20hz_time_interpolation_to_25hz,adl_sliding_capped,281,351,,,dataset_unit_map,wrist,bits,m/s^2,rad/s,m/s^2,rad/s,1.0,1.0,True,test,non_fall,non_fall,1.2067120223946404e-05,none,forward
w25_00001895,bits,C:\Users\ADMIN\Desktop\ds-fall\data\raw\Dataset\adl\user31\user31_adl13.csv,C:\Users\ADMIN\Desktop\ds-fall\data\raw\Dataset,user31,user31_adl13,adl13,lying_on_bed,lying_on_bed,0,none,False,0,50,0.0,2.0,25.0,50,12,"ax,ay,az,gx,gy,gz,acc_mag,gyro_mag,jerk,roll,pitch,tilt_delta",20.0,25.0,uniform_20hz_time_interpolation_to_25hz,adl_sliding_capped,224,279,,,dataset_unit_map,wrist,bits,m/s^2,rad/s,m/s^2,rad/s,1.0,1.0,True,test,non_fall,non_fall,1.4829950600869779e-08,none,forward
w25_00001896,bits,C:\Users\ADMIN\Desktop\ds-fall\data\raw\Dataset\adl\user31\user31_adl13.csv,C:\Users\ADMIN\Desktop\ds-fall\data\raw\Dataset,user31,user31_adl13,adl13,lying_on_bed,lying_on_bed,0,none,False,12,62,0.48,2.48,25.0,50,12,"ax,ay,az,gx,gy,gz,acc_mag,gyro_mag,jerk,roll,pitch,tilt_delta",20.0,25.0,uniform_20hz_time_interpolation_to_25hz,adl_sliding_capped,224,279,,,dataset_unit_map,wrist,bits,m/s^2,rad/s,m/s^2,rad/s,1.0,1.0,True,test,non_fall,non_fall,1.2492715306677837e-08,none,forward
w25_00001897,bits,C:\Users\ADMIN\Desktop\ds-fall\data\raw\Dataset\adl\user31\user31_adl13.csv,C:\Users\ADMIN\Desktop\ds-fall\data\raw\Dataset,user31,user31_adl13,adl13,lying_on_bed,lying_on_bed,0,none,False,24,74,0.96,2.96,25.0,50,12,"ax,ay,az,gx,gy,gz,acc_mag,gyro_mag,jerk,roll,pitch,tilt_delta",20.0,25.0,uniform_20hz_time_interpolation_to_25hz,adl_sliding_capped,224,279,,,dataset_unit_map,wrist,bits,m/s^2,rad/s,m/s^2,rad/s,1.0,1.0,True,test,non_fall,non_fall,1.2913096369970845e-08,none,forward
w25_00001898,bits,C:\Users\ADMIN\Desktop\ds-fall\data\raw\Dataset\adl\user31\user31_adl13.csv,C:\Users\ADMIN\Desktop\ds-fall\data\raw\Dataset,user31,user31_adl13,adl13,lying_on_bed,lying_on_bed,0,none,False,36,86,1.44,3.44,25.0,50,12,"ax,ay,az,gx,gy,gz,acc_mag,gyro_mag,jerk,roll,pitch,tilt_delta",20.0,25.0,uniform_20hz_time_interpolation_to_25hz,adl_sliding_capped,224,279,,,dataset_unit_map,wrist,bits,m/s^2,rad/s,m/s^2,rad/s,1.0,1.0,True,test,non_fall,non_fall,1.2950068573047702e-08,none,forward
w25_00001899,bits,C:\Users\ADMIN\Desktop\ds-fall\data\raw\Dataset\adl\user31\user31_adl13.csv,C:\Users\ADMIN\Desktop\ds-fall\data\raw\Dataset,user31,user31_adl13,adl13,lying_on_bed,lying_on_bed,0,none,False,48,98,1.92,3.92,25.0,50,12,"ax,ay,az,gx,gy,gz,acc_mag,gyro_mag,jerk,roll,pitch,tilt_delta",20.0,25.0,uniform_20hz_time_interpolation_to_25hz,adl_sliding_capped,224,279,,,dataset_unit_map,wrist,bits,m/s^2,rad/s,m/s^2,rad/s,1.0,1.0,True,test,non_fall,non_fall,1.2722745523774392e-08,none,forward
w25_00001900,bits,C:\Users\ADMIN\Desktop\ds-fall\data\raw\Dataset\adl\user31\user31_adl14.csv,C:\Users\ADMIN\Desktop\ds-fall\data\raw\Dataset,user31,user31_adl14,adl14,lying_on_back_getting_up_slowly,lying_on_back_getting_up_slowly,0,none,False,0,50,0.0,2.0,25.0,50,12,"ax,ay,az,gx,gy,gz,acc_mag,gyro_mag,jerk,roll,pitch,tilt_delta",20.0,25.0,uniform_20hz_time_interpolation_to_25hz,adl_sliding_capped,328,409,,,dataset_unit_map,wrist,bits,m/s^2,rad/s,m/s^2,rad/s,1.0,1.0,True,test,non_fall,non_fall,3.807036108582906e-08,none,forward
w25_00001901,bits,C:\Users\ADMIN\Desktop\ds-fall\data\raw\Dataset\adl\user31\user31_adl14.csv,C:\Users\ADMIN\Desktop\ds-fall\data\raw\Dataset,user31,user31_adl14,adl14,lying_on_back_getting_up_slowly,lying_on_back_getting_up_slowly,0,none,False,12,62,0.48,2.48,25.0,50,12,"ax,ay,az,gx,gy,gz,acc_mag,gyro_mag,jerk,roll,pitch,tilt_delta",20.0,25.0,uniform_20hz_time_interpolation_to_25hz,adl_sliding_capped,328,409,,,dataset_unit_map,wrist,bits,m/s^2,rad/s,m/s^2,rad/s,1.0,1.0,True,test,non_fall,non_fall,3.6053915408729154e-08,none,forward
w25_00001902,bits,C:\Users\ADMIN\Desktop\ds-fall\data\raw\Dataset\adl\user31\user31_adl14.csv,C:\Users\ADMIN\Desktop\ds-fall\data\raw\Dataset,user31,user31_adl14,adl14,lying_on_back_getting_up_slowly,lying_on_back_getting_up_slowly,0,none,False,24,74,0.96,2.96,25.0,50,12,"ax,ay,az,gx,gy,gz,acc_mag,gyro_mag,jerk,roll,pitch,tilt_delta",20.0,25.0,uniform_20hz_time_interpolation_to_25hz,adl_sliding_capped,328,409,,,dataset_unit_map,wrist,bits,m/s^2,rad/s,m/s^2,rad/s,1.0,1.0,True,test,non_fall,non_fall,3.6627550770163e-08,none,forward
w25_00001903,bits,C:\Users\ADMIN\Desktop\ds-fall\data\raw\Dataset\adl\user31\user31_adl14.csv,C:\Users\ADMIN\Desktop\ds-fall\data\raw\Dataset,user31,user31_adl14,adl14,lying_on_back_getting_up_slowly,lying_on_back_getting_up_slowly,0,none,False,36,86,1.44,3.44,25.0,50,12,"ax,ay,az,gx,gy,gz,acc_mag,gyro_mag,jerk,roll,pitch,tilt_delta",20.0,25.0,uniform_20hz_time_interpolation_to_25hz,adl_sliding_capped,328,409,,,dataset_unit_map,wrist,bits,m/s^2,rad/s,m/s^2,rad/s,1.0,1.0,True,test,non_fall,non_fall,3.586714569792093e-08,none,forward
w25_00001904,bits,C:\Users\ADMIN\Desktop\ds-fall\data\raw\Dataset\adl\user31\user31_adl14.csv,C:\Users\ADMIN\Desktop\ds-fall\data\raw\Dataset,user31,user31_adl14,adl14,lying_on_back_getting_up_slowly,lying_on_back_getting_up_slowly,0,none,False,48,98,1.92,3.92,25.0,50,12,"ax,ay,az,gx,gy,gz,acc_mag,gyro_mag,jerk,roll,pitch,tilt_delta",20.0,25.0,uniform_20hz_time_interpolation_to_25hz,adl_sliding_capped,328,409,,,dataset_unit_map,wrist,bits,m/s^2,rad/s,m/s^2,rad/s,1.0,1.0,True,test,non_fall,non_fall,3.527472713926727e-08,none,forward
w25_00001905,bits,C:\Users\ADMIN\Desktop\ds-fall\data\raw\Dataset\adl\user31\user31_adl15.csv,C:\Users\ADMIN\Desktop\ds-fall\data\raw\Dataset,user31,user31_adl15,adl15,lying_on_back_getting_up_normally,lying_on_back_getting_up_normally,0,none,False,0,50,0.0,2.0,25.0,50,12,"ax,ay,az,gx,gy,gz,acc_mag,gyro_mag,jerk,roll,pitch,tilt_delta",20.0,25.0,uniform_20hz_time_interpolation_to_25hz,adl_sliding_capped,256,319,,,dataset_unit_map,wrist,bits,m/s^2,rad/s,m/s^2,rad/s,1.0,1.0,True,test,non_fall,non_fall,1.0919893433936068e-08,none,forward
w25_00001906,bits,C:\Users\ADMIN\Desktop\ds-fall\data\raw\Dataset\adl\user31\user31_adl15.csv,C:\Users\ADMIN\Desktop\ds-fall\data\raw\Dataset,user31,user31_adl15,adl15,lying_on_back_getting_up_normally,lying_on_back_getting_up_normally,0,none,False,12,62,0.48,2.48,25.0,50,12,"ax,ay,az,gx,gy,gz,acc_mag,gyro_mag,jerk,roll,pitch,tilt_delta",20.0,25.0,uniform_20hz_time_interpolation_to_25hz,adl_sliding_capped,256,319,,,dataset_unit_map,wrist,bits,m/s^2,rad/s,m/s^2,rad/s,1.0,1.0,True,test,non_fall,non_fall,1.062512389182757e-08,none,forward
w25_00001907,bits,C:\Users\ADMIN\Desktop\ds-fall\data\raw\Dataset\adl\user31\user31_adl15.csv,C:\Users\ADMIN\Desktop\ds-fall\data\raw\Dataset,user31,user31_adl15,adl15,lying_on_back_getting_up_normally,lying_on_back_getting_up_normally,0,none,False,24,74,0.96,2.96,25.0,50,12,"ax,ay,az,gx,gy,gz,acc_mag,gyro_mag,jerk,roll,pitch,tilt_delta",20.0,25.0,uniform_20hz_time_interpolation_to_25hz,adl_sliding_capped,256,319,,,dataset_unit_map,wrist,bits,m/s^2,rad/s,m/s^2,rad/s,1.0,1.0,True,test,non_fall,non_fall,1.0759477753197189e-08,none,forward
w25_00001908,bits,C:\Users\ADMIN\Desktop\ds-fall\data\raw\Dataset\adl\user31\user31_adl15.csv,C:\Users\ADMIN\Desktop\ds-fall\data\raw\Dataset,user31,user31_adl15,adl15,lying_on_back_getting_up_normally,lying_on_back_getting_up_normally,0,none,False,36,86,1.44,3.44,25.0,50,12,"ax,ay,az,gx,gy,gz,acc_mag,gyro_mag,jerk,roll,pitch,tilt_delta",20.0,25.0,uniform_20hz_time_interpolation_to_25hz,adl_sliding_capped,256,319,,,dataset_unit_map,wrist,bits,m/s^2,rad/s,m/s^2,rad/s,1.0,1.0,True,test,non_fall,non_fall,1.0890690127496327e-08,none,forward
w25_00001909,bits,C:\Users\ADMIN\Desktop\ds-fall\data\raw\Dataset\adl\user31\user31_adl15.csv,C:\Users\ADMIN\Desktop\ds-fall\data\raw\Dataset,user31,user31_adl15,adl15,lying_on_back_getting_up_normally,lying_on_back_getting_up_normally,0,none,False,48,98,1.92,3.92,25.0,50,12,"ax,ay,az,gx,gy,gz,acc_mag,gyro_mag,jerk,roll,pitch,tilt_delta",20.0,25.0,uniform_20hz_time_interpolation_to_25hz,adl_sliding_capped,256,319,,,dataset_unit_map,wrist,bits,m/s^2,rad/s,m/s^2,rad/s,1.0,1.0,True,test,non_fall,non_fall,1.1038187253120668e-08,none,forward
w25_00001910,bits,C:\Users\ADMIN\Desktop\ds-fall\data\raw\Dataset\adl\user31\user31_adl16.csv,C:\Users\ADMIN\Desktop\ds-fall\data\raw\Dataset,user31,user31_adl16,adl16,lying_sideways_to_back,lying_sideways_to_back,0,none,False,0,50,0.0,2.0,25.0,50,12,"ax,ay,az,gx,gy,gz,acc_mag,gyro_mag,jerk,roll,pitch,tilt_delta",20.0,25.0,uniform_20hz_time_interpolation_to_25hz,adl_sliding_capped,570,712,,,dataset_unit_map,wrist,bits,m/s^2,rad/s,m/s^2,rad/s,1.0,1.0,True,test,non_fall,non_fall,6.651039711869089e-06,none,forward
w25_00001911,bits,C:\Users\ADMIN\Desktop\ds-fall\data\raw\Dataset\adl\user31\user31_adl16.csv,C:\Users\ADMIN\Desktop\ds-fall\data\raw\Dataset,user31,user31_adl16,adl16,lying_sideways_to_back,lying_sideways_to_back,0,none,False,12,62,0.48,2.48,25.0,50,12,"ax,ay,az,gx,gy,gz,acc_mag,gyro_mag,jerk,roll,pitch,tilt_delta",20.0,25.0,uniform_20hz_time_interpolation_to_25hz,adl_sliding_capped,570,712,,,dataset_unit_map,wrist,bits,m/s^2,rad/s,m/s^2,rad/s,1.0,1.0,True,test,non_fall,non_fall,5.600039003184065e-06,none,forward
w25_00001912,bits,C:\Users\ADMIN\Desktop\ds-fall\data\raw\Dataset\adl\user31\user31_adl16.csv,C:\Users\ADMIN\Desktop\ds-fall\data\raw\Dataset,user31,user31_adl16,adl16,lying_sideways_to_back,lying_sideways_to_back,0,none,False,24,74,0.96,2.96,25.0,50,12,"ax,ay,az,gx,gy,gz,acc_mag,gyro_mag,jerk,roll,pitch,tilt_delta",20.0,25.0,uniform_20hz_time_interpolation_to_25hz,adl_sliding_capped,570,712,,,dataset_unit_map,wrist,bits,m/s^2,rad/s,m/s^2,rad/s,1.0,1.0,True,test,non_fall,non_fall,5.695874733646633e-06,none,forward
w25_00001913,bits,C:\Users\ADMIN\Desktop\ds-fall\data\raw\Dataset\adl\user31\user31_adl16.csv,C:\Users\ADMIN\Desktop\ds-fall\data\raw\Dataset,user31,user31_adl16,adl16,lying_sideways_to_back,lying_sideways_to_back,0,none,False,36,86,1.44,3.44,25.0,50,12,"ax,ay,az,gx,gy,gz,acc_mag,gyro_mag,jerk,roll,pitch,tilt_delta",20.0,25.0,uniform_20hz_time_interpolation_to_25hz,adl_sliding_capped,570,712,,,dataset_unit_map,wrist,bits,m/s^2,rad/s,m/s^2,rad/s,1.0,1.0,True,test,non_fall,non_fall,5.594935828412417e-06,none,forward
w25_00001914,bits,C:\Users\ADMIN\Desktop\ds-fall\data\raw\Dataset\adl\user31\user31_adl16.csv,C:\Users\ADMIN\Desktop\ds-fall\data\raw\Dataset,user31,user31_adl16,adl16,lying_sideways_to_back,lying_sideways_to_back,0,none,False,48,98,1.92,3.92,25.0,50,12,"ax,ay,az,gx,gy,gz,acc_mag,gyro_mag,jerk,roll,pitch,tilt_delta",20.0,25.0,uniform_20hz_time_interpolation_to_25hz,adl_sliding_capped,570,712,,,dataset_unit_map,wrist,bits,m/s^2,rad/s,m/s^2,rad/s,1.0,1.0,True,test,non_fall,non_fall,5.565559604292503e-06,none,forward
w25_00001915,bits,C:\Users\ADMIN\Desktop\ds-fall\data\raw\Dataset\adl\user31\user31_adl2.csv,C:\Users\ADMIN\Desktop\ds-fall\data\raw\Dataset,user31,user31_adl2,adl2,walking_quickly,walking_quickly,0,none,False,0,50,0.0,2.0,25.0,50,12,"ax,ay,az,gx,gy,gz,acc_mag,gyro_mag,jerk,roll,pitch,tilt_delta",20.0,25.0,uniform_20hz_time_interpolation_to_25hz,adl_sliding_capped,425,531,,,dataset_unit_map,wrist,bits,m/s^2,rad/s,m/s^2,rad/s,1.0,1.0,True,test,non_fall,non_fall,0.000104511171230115,none,forward
w25_00001916,bits,C:\Users\ADMIN\Desktop\ds-fall\data\raw\Dataset\adl\user31\user31_adl2.csv,C:\Users\ADMIN\Desktop\ds-fall\data\raw\Dataset,user31,user31_adl2,adl2,walking_quickly,walking_quickly,0,none,False,12,62,0.48,2.48,25.0,50,12,"ax,ay,az,gx,gy,gz,acc_mag,gyro_mag,jerk,roll,pitch,tilt_delta",20.0,25.0,uniform_20hz_time_interpolation_to_25hz,adl_sliding_capped,425,531,,,dataset_unit_map,wrist,bits,m/s^2,rad/s,m/s^2,rad/s,1.0,1.0,True,test,non_fall,non_fall,4.02032419515308e-05,none,forward
w25_00001917,bits,C:\Users\ADMIN\Desktop\ds-fall\data\raw\Dataset\adl\user31\user31_adl2.csv,C:\Users\ADMIN\Desktop\ds-fall\data\raw\Dataset,user31,user31_adl2,adl2,walking_quickly,walking_quickly,0,none,False,24,74,0.96,2.96,25.0,50,12,"ax,ay,az,gx,gy,gz,acc_mag,gyro_mag,jerk,roll,pitch,tilt_delta",20.0,25.0,uniform_20hz_time_interpolation_to_25hz,adl_sliding_capped,425,531,,,dataset_unit_map,wrist,bits,m/s^2,rad/s,m/s^2,rad/s,1.0,1.0,True,test,non_fall,non_fall,1.9083112420048565e-05,none,forward
w25_00001918,bits,C:\Users\ADMIN\Desktop\ds-fall\data\raw\Dataset\adl\user31\user31_adl2.csv,C:\Users\ADMIN\Desktop\ds-fall\data\raw\Dataset,user31,user31_adl2,adl2,walking_quickly,walking_quickly,0,none,False,36,86,1.44,3.44,25.0,50,12,"ax,ay,az,gx,gy,gz,acc_mag,gyro_mag,jerk,roll,pitch,tilt_delta",20.0,25.0,uniform_20hz_time_interpolation_to_25hz,adl_sliding_capped,425,531,,,dataset_unit_map,wrist,bits,m/s^2,rad/s,m/s^2,rad/s,1.0,1.0,True,test,non_fall,non_fall,1.3073523405182641e-05,none,forward
w25_00001919,bits,C:\Users\ADMIN\Desktop\ds-fall\data\raw\Dataset\adl\user31\user31_adl2.csv,C:\Users\ADMIN\Desktop\ds-fall\data\raw\Dataset,user31,user31_adl2,adl2,walking_quickly,walking_quickly,0,none,False,48,98,1.92,3.92,25.0,50,12,"ax,ay,az,gx,gy,gz,acc_mag,gyro_mag,jerk,roll,pitch,tilt_delta",20.0,25.0,uniform_20hz_time_interpolation_to_25hz,adl_sliding_capped,425,531,,,dataset_unit_map,wrist,bits,m/s^2,rad/s,m/s^2,rad/s,1.0,1.0,True,test,non_fall,non_fall,1.74432043422712e-05,none,forward
w25_00001920,bits,C:\Users\ADMIN\Desktop\ds-fall\data\raw\Dataset\adl\user31\user31_adl3.csv,C:\Users\ADMIN\Desktop\ds-fall\data\raw\Dataset,user31,user31_adl3,adl3,jogging,jogging,0,none,False,0,50,0.0,2.0,25.0,50,12,"ax,ay,az,gx,gy,gz,acc_mag,gyro_mag,jerk,roll,pitch,tilt_delta",20.0,25.0,uniform_20hz_time_interpolation_to_25hz,adl_sliding_capped,173,216,,,dataset_unit_map,wrist,bits,m/s^2,rad/s,m/s^2,rad/s,1.0,1.0,True,test,non_fall,non_fall,5.803381100122351e-06,none,forward
w25_00001921,bits,C:\Users\ADMIN\Desktop\ds-fall\data\raw\Dataset\adl\user31\user31_adl3.csv,C:\Users\ADMIN\Desktop\ds-fall\data\raw\Dataset,user31,user31_adl3,adl3,jogging,jogging,0,none,False,12,62,0.48,2.48,25.0,50,12,"ax,ay,az,gx,gy,gz,acc_mag,gyro_mag,jerk,roll,pitch,tilt_delta",20.0,25.0,uniform_20hz_time_interpolation_to_25hz,adl_sliding_capped,173,216,,,dataset_unit_map,wrist,bits,m/s^2,rad/s,m/s^2,rad/s,1.0,1.0,True,test,non_fall,non_fall,5.2263776524341665e-06,none,forward
w25_00001922,bits,C:\Users\ADMIN\Desktop\ds-fall\data\raw\Dataset\adl\user31\user31_adl3.csv,C:\Users\ADMIN\Desktop\ds-fall\data\raw\Dataset,user31,user31_adl3,adl3,jogging,jogging,0,none,False,24,74,0.96,2.96,25.0,50,12,"ax,ay,az,gx,gy,gz,acc_mag,gyro_mag,jerk,roll,pitch,tilt_delta",20.0,25.0,uniform_20hz_time_interpolation_to_25hz,adl_sliding_capped,173,216,,,dataset_unit_map,wrist,bits,m/s^2,rad/s,m/s^2,rad/s,1.0,1.0,True,test,non_fall,non_fall,9.511025382380467e-06,none,forward
w25_00001923,bits,C:\Users\ADMIN\Desktop\ds-fall\data\raw\Dataset\adl\user31\user31_adl3.csv,C:\Users\ADMIN\Desktop\ds-fall\data\raw\Dataset,user31,user31_adl3,adl3,jogging,jogging,0,none,False,36,86,1.44,3.44,25.0,50,12,"ax,ay,az,gx,gy,gz,acc_mag,gyro_mag,jerk,roll,pitch,tilt_delta",20.0,25.0,uniform_20hz_time_interpolation_to_25hz,adl_sliding_capped,173,216,,,dataset_unit_map,wrist,bits,m/s^2,rad/s,m/s^2,rad/s,1.0,1.0,True,test,non_fall,non_fall,3.877612471114844e-05,none,forward
w25_00001924,bits,C:\Users\ADMIN\Desktop\ds-fall\data\raw\Dataset\adl\user31\user31_adl3.csv,C:\Users\ADMIN\Desktop\ds-fall\data\raw\Dataset,user31,user31_adl3,adl3,jogging,jogging,0,none,False,48,98,1.92,3.92,25.0,50,12,"ax,ay,az,gx,gy,gz,acc_mag,gyro_mag,jerk,roll,pitch,tilt_delta",20.0,25.0,uniform_20hz_time_interpolation_to_25hz,adl_sliding_capped,173,216,,,dataset_unit_map,wrist,bits,m/s^2,rad/s,m/s^2,rad/s,1.0,1.0,True,test,non_fall,non_fall,4.838129098061472e-05,none,forward
w25_00001925,bits,C:\Users\ADMIN\Desktop\ds-fall\data\raw\Dataset\adl\user31\user31_adl4.csv,C:\Users\ADMIN\Desktop\ds-fall\data\raw\Dataset,user31,user31_adl4,adl4,jumping,jumping,0,none,False,0,50,0.0,2.0,25.0,50,12,"ax,ay,az,gx,gy,gz,acc_mag,gyro_mag,jerk,roll,pitch,tilt_delta",20.0,25.0,uniform_20hz_time_interpolation_to_25hz,adl_sliding_capped,789,986,,,dataset_unit_map,wrist,bits,m/s^2,rad/s,m/s^2,rad/s,1.0,1.0,True,test,non_fall,non_fall,0.004259360954165459,none,forward
w25_00001926,bits,C:\Users\ADMIN\Desktop\ds-fall\data\raw\Dataset\adl\user31\user31_adl4.csv,C:\Users\ADMIN\Desktop\ds-fall\data\raw\Dataset,user31,user31_adl4,adl4,jumping,jumping,0,none,False,12,62,0.48,2.48,25.0,50,12,"ax,ay,az,gx,gy,gz,acc_mag,gyro_mag,jerk,roll,pitch,tilt_delta",20.0,25.0,uniform_20hz_time_interpolation_to_25hz,adl_sliding_capped,789,986,,,dataset_unit_map,wrist,bits,m/s^2,rad/s,m/s^2,rad/s,1.0,1.0,True,test,non_fall,non_fall,0.06029249727725983,none,lateral
w25_00001927,bits,C:\Users\ADMIN\Desktop\ds-fall\data\raw\Dataset\adl\user31\user31_adl4.csv,C:\Users\ADMIN\Desktop\ds-fall\data\raw\Dataset,user31,user31_adl4,adl4,jumping,jumping,0,none,False,24,74,0.96,2.96,25.0,50,12,"ax,ay,az,gx,gy,gz,acc_mag,gyro_mag,jerk,roll,pitch,tilt_delta",20.0,25.0,uniform_20hz_time_interpolation_to_25hz,adl_sliding_capped,789,986,,,dataset_unit_map,wrist,bits,m/s^2,rad/s,m/s^2,rad/s,1.0,1.0,True,test,non_fall,non_fall,9.90507542155683e-05,none,backward
w25_00001928,bits,C:\Users\ADMIN\Desktop\ds-fall\data\raw\Dataset\adl\user31\user31_adl4.csv,C:\Users\ADMIN\Desktop\ds-fall\data\raw\Dataset,user31,user31_adl4,adl4,jumping,jumping,0,none,False,36,86,1.44,3.44,25.0,50,12,"ax,ay,az,gx,gy,gz,acc_mag,gyro_mag,jerk,roll,pitch,tilt_delta",20.0,25.0,uniform_20hz_time_interpolation_to_25hz,adl_sliding_capped,789,986,,,dataset_unit_map,wrist,bits,m/s^2,rad/s,m/s^2,rad/s,1.0,1.0,True,test,non_fall,non_fall,9.890540241030976e-06,none,forward
w25_00001929,bits,C:\Users\ADMIN\Desktop\ds-fall\data\raw\Dataset\adl\user31\user31_adl4.csv,C:\Users\ADMIN\Desktop\ds-fall\data\raw\Dataset,user31,user31_adl4,adl4,jumping,jumping,0,none,False,48,98,1.92,3.92,25.0,50,12,"ax,ay,az,gx,gy,gz,acc_mag,gyro_mag,jerk,roll,pitch,tilt_delta",20.0,25.0,uniform_20hz_time_interpolation_to_25hz,adl_sliding_capped,789,986,,,dataset_unit_map,wrist,bits,m/s^2,rad/s,m/s^2,rad/s,1.0,1.0,True,test,non_fall,non_fall,1.8462072830516263e-06,none,forward
w25_00001930,bits,C:\Users\ADMIN\Desktop\ds-fall\data\raw\Dataset\adl\user31\user31_adl5.csv,C:\Users\ADMIN\Desktop\ds-fall\data\raw\Dataset,user31,user31_adl5,adl5,climbing_up_slowly,climbing_up_slowly,0,none,False,0,50,0.0,2.0,25.0,50,12,"ax,ay,az,gx,gy,gz,acc_mag,gyro_mag,jerk,roll,pitch,tilt_delta",20.0,25.0,uniform_20hz_time_interpolation_to_25hz,adl_sliding_capped,961,1201,,,dataset_unit_map,wrist,bits,m/s^2,rad/s,m/s^2,rad/s,1.0,1.0,True,test,non_fall,non_fall,5.748212515754858e-06,none,backward
w25_00001931,bits,C:\Users\ADMIN\Desktop\ds-fall\data\raw\Dataset\adl\user31\user31_adl5.csv,C:\Users\ADMIN\Desktop\ds-fall\data\raw\Dataset,user31,user31_adl5,adl5,climbing_up_slowly,climbing_up_slowly,0,none,False,12,62,0.48,2.48,25.0,50,12,"ax,ay,az,gx,gy,gz,acc_mag,gyro_mag,jerk,roll,pitch,tilt_delta",20.0,25.0,uniform_20hz_time_interpolation_to_25hz,adl_sliding_capped,961,1201,,,dataset_unit_map,wrist,bits,m/s^2,rad/s,m/s^2,rad/s,1.0,1.0,True,test,non_fall,non_fall,6.5782887759269215e-06,none,backward
w25_00001932,bits,C:\Users\ADMIN\Desktop\ds-fall\data\raw\Dataset\adl\user31\user31_adl5.csv,C:\Users\ADMIN\Desktop\ds-fall\data\raw\Dataset,user31,user31_adl5,adl5,climbing_up_slowly,climbing_up_slowly,0,none,False,24,74,0.96,2.96,25.0,50,12,"ax,ay,az,gx,gy,gz,acc_mag,gyro_mag,jerk,roll,pitch,tilt_delta",20.0,25.0,uniform_20hz_time_interpolation_to_25hz,adl_sliding_capped,961,1201,,,dataset_unit_map,wrist,bits,m/s^2,rad/s,m/s^2,rad/s,1.0,1.0,True,test,non_fall,non_fall,9.426693395653274e-06,none,backward
w25_00001933,bits,C:\Users\ADMIN\Desktop\ds-fall\data\raw\Dataset\adl\user31\user31_adl5.csv,C:\Users\ADMIN\Desktop\ds-fall\data\raw\Dataset,user31,user31_adl5,adl5,climbing_up_slowly,climbing_up_slowly,0,none,False,36,86,1.44,3.44,25.0,50,12,"ax,ay,az,gx,gy,gz,acc_mag,gyro_mag,jerk,roll,pitch,tilt_delta",20.0,25.0,uniform_20hz_time_interpolation_to_25hz,adl_sliding_capped,961,1201,,,dataset_unit_map,wrist,bits,m/s^2,rad/s,m/s^2,rad/s,1.0,1.0,True,test,non_fall,non_fall,1.3681106793228537e-05,none,backward
w25_00001934,bits,C:\Users\ADMIN\Desktop\ds-fall\data\raw\Dataset\adl\user31\user31_adl5.csv,C:\Users\ADMIN\Desktop\ds-fall\data\raw\Dataset,user31,user31_adl5,adl5,climbing_up_slowly,climbing_up_slowly,0,none,False,48,98,1.92,3.92,25.0,50,12,"ax,ay,az,gx,gy,gz,acc_mag,gyro_mag,jerk,roll,pitch,tilt_delta",20.0,25.0,uniform_20hz_time_interpolation_to_25hz,adl_sliding_capped,961,1201,,,dataset_unit_map,wrist,bits,m/s^2,rad/s,m/s^2,rad/s,1.0,1.0,True,test,non_fall,non_fall,5.499975031852955e-06,none,backward
w25_00001935,bits,C:\Users\ADMIN\Desktop\ds-fall\data\raw\Dataset\adl\user31\user31_adl6.csv,C:\Users\ADMIN\Desktop\ds-fall\data\raw\Dataset,user31,user31_adl6,adl6,climbing_down_slowly,climbing_down_slowly,0,none,False,0,50,0.0,2.0,25.0,50,12,"ax,ay,az,gx,gy,gz,acc_mag,gyro_mag,jerk,roll,pitch,tilt_delta",20.0,25.0,uniform_20hz_time_interpolation_to_25hz,adl_sliding_capped,830,1037,,,dataset_unit_map,wrist,bits,m/s^2,rad/s,m/s^2,rad/s,1.0,1.0,True,test,non_fall,non_fall,1.3994082337376312e-06,none,forward
w25_00001936,bits,C:\Users\ADMIN\Desktop\ds-fall\data\raw\Dataset\adl\user31\user31_adl6.csv,C:\Users\ADMIN\Desktop\ds-fall\data\raw\Dataset,user31,user31_adl6,adl6,climbing_down_slowly,climbing_down_slowly,0,none,False,12,62,0.48,2.48,25.0,50,12,"ax,ay,az,gx,gy,gz,acc_mag,gyro_mag,jerk,roll,pitch,tilt_delta",20.0,25.0,uniform_20hz_time_interpolation_to_25hz,adl_sliding_capped,830,1037,,,dataset_unit_map,wrist,bits,m/s^2,rad/s,m/s^2,rad/s,1.0,1.0,True,test,non_fall,non_fall,1.0114151791640325e-06,none,forward
w25_00001937,bits,C:\Users\ADMIN\Desktop\ds-fall\data\raw\Dataset\adl\user31\user31_adl6.csv,C:\Users\ADMIN\Desktop\ds-fall\data\raw\Dataset,user31,user31_adl6,adl6,climbing_down_slowly,climbing_down_slowly,0,none,False,24,74,0.96,2.96,25.0,50,12,"ax,ay,az,gx,gy,gz,acc_mag,gyro_mag,jerk,roll,pitch,tilt_delta",20.0,25.0,uniform_20hz_time_interpolation_to_25hz,adl_sliding_capped,830,1037,,,dataset_unit_map,wrist,bits,m/s^2,rad/s,m/s^2,rad/s,1.0,1.0,True,test,non_fall,non_fall,1.1869302397826687e-05,none,forward
w25_00001938,bits,C:\Users\ADMIN\Desktop\ds-fall\data\raw\Dataset\adl\user31\user31_adl6.csv,C:\Users\ADMIN\Desktop\ds-fall\data\raw\Dataset,user31,user31_adl6,adl6,climbing_down_slowly,climbing_down_slowly,0,none,False,36,86,1.44,3.44,25.0,50,12,"ax,ay,az,gx,gy,gz,acc_mag,gyro_mag,jerk,roll,pitch,tilt_delta",20.0,25.0,uniform_20hz_time_interpolation_to_25hz,adl_sliding_capped,830,1037,,,dataset_unit_map,wrist,bits,m/s^2,rad/s,m/s^2,rad/s,1.0,1.0,True,test,non_fall,non_fall,1.974984843400307e-05,none,forward
w25_00001939,bits,C:\Users\ADMIN\Desktop\ds-fall\data\raw\Dataset\adl\user31\user31_adl6.csv,C:\Users\ADMIN\Desktop\ds-fall\data\raw\Dataset,user31,user31_adl6,adl6,climbing_down_slowly,climbing_down_slowly,0,none,False,48,98,1.92,3.92,25.0,50,12,"ax,ay,az,gx,gy,gz,acc_mag,gyro_mag,jerk,roll,pitch,tilt_delta",20.0,25.0,uniform_20hz_time_interpolation_to_25hz,adl_sliding_capped,830,1037,,,dataset_unit_map,wrist,bits,m/s^2,rad/s,m/s^2,rad/s,1.0,1.0,True,test,non_fall,non_fall,6.089887392590754e-06,none,forward
w25_00001940,bits,C:\Users\ADMIN\Desktop\ds-fall\data\raw\Dataset\adl\user31\user31_adl7.csv,C:\Users\ADMIN\Desktop\ds-fall\data\raw\Dataset,user31,user31_adl7,adl7,climbing_up_normally,climbing_up_normally,0,none,False,0,50,0.0,2.0,25.0,50,12,"ax,ay,az,gx,gy,gz,acc_mag,gyro_mag,jerk,roll,pitch,tilt_delta",20.0,25.0,uniform_20hz_time_interpolation_to_25hz,adl_sliding_capped,1025,1281,,,dataset_unit_map,wrist,bits,m/s^2,rad/s,m/s^2,rad/s,1.0,1.0,True,test,non_fall,non_fall,3.341178285154456e-07,none,forward
w25_00001941,bits,C:\Users\ADMIN\Desktop\ds-fall\data\raw\Dataset\adl\user31\user31_adl7.csv,C:\Users\ADMIN\Desktop\ds-fall\data\raw\Dataset,user31,user31_adl7,adl7,climbing_up_normally,climbing_up_normally,0,none,False,12,62,0.48,2.48,25.0,50,12,"ax,ay,az,gx,gy,gz,acc_mag,gyro_mag,jerk,roll,pitch,tilt_delta",20.0,25.0,uniform_20hz_time_interpolation_to_25hz,adl_sliding_capped,1025,1281,,,dataset_unit_map,wrist,bits,m/s^2,rad/s,m/s^2,rad/s,1.0,1.0,True,test,non_fall,non_fall,3.06236444203023e-07,none,forward
w25_00001942,bits,C:\Users\ADMIN\Desktop\ds-fall\data\raw\Dataset\adl\user31\user31_adl7.csv,C:\Users\ADMIN\Desktop\ds-fall\data\raw\Dataset,user31,user31_adl7,adl7,climbing_up_normally,climbing_up_normally,0,none,False,24,74,0.96,2.96,25.0,50,12,"ax,ay,az,gx,gy,gz,acc_mag,gyro_mag,jerk,roll,pitch,tilt_delta",20.0,25.0,uniform_20hz_time_interpolation_to_25hz,adl_sliding_capped,1025,1281,,,dataset_unit_map,wrist,bits,m/s^2,rad/s,m/s^2,rad/s,1.0,1.0,True,test,non_fall,non_fall,3.143509843539505e-07,none,forward
w25_00001943,bits,C:\Users\ADMIN\Desktop\ds-fall\data\raw\Dataset\adl\user31\user31_adl7.csv,C:\Users\ADMIN\Desktop\ds-fall\data\raw\Dataset,user31,user31_adl7,adl7,climbing_up_normally,climbing_up_normally,0,none,False,36,86,1.44,3.44,25.0,50,12,"ax,ay,az,gx,gy,gz,acc_mag,gyro_mag,jerk,roll,pitch,tilt_delta",20.0,25.0,uniform_20hz_time_interpolation_to_25hz,adl_sliding_capped,1025,1281,,,dataset_unit_map,wrist,bits,m/s^2,rad/s,m/s^2,rad/s,1.0,1.0,True,test,non_fall,non_fall,2.786624122563808e-07,none,forward
w25_00001944,bits,C:\Users\ADMIN\Desktop\ds-fall\data\raw\Dataset\adl\user31\user31_adl7.csv,C:\Users\ADMIN\Desktop\ds-fall\data\raw\Dataset,user31,user31_adl7,adl7,climbing_up_normally,climbing_up_normally,0,none,False,48,98,1.92,3.92,25.0,50,12,"ax,ay,az,gx,gy,gz,acc_mag,gyro_mag,jerk,roll,pitch,tilt_delta",20.0,25.0,uniform_20hz_time_interpolation_to_25hz,adl_sliding_capped,1025,1281,,,dataset_unit_map,wrist,bits,m/s^2,rad/s,m/s^2,rad/s,1.0,1.0,True,test,non_fall,non_fall,3.185281798323558e-07,none,forward
w25_00001945,bits,C:\Users\ADMIN\Desktop\ds-fall\data\raw\Dataset\adl\user31\user31_adl8.csv,C:\Users\ADMIN\Desktop\ds-fall\data\raw\Dataset,user31,user31_adl8,adl8,climbing_down_normally,climbing_down_normally,0,none,False,0,50,0.0,2.0,25.0,50,12,"ax,ay,az,gx,gy,gz,acc_mag,gyro_mag,jerk,roll,pitch,tilt_delta",20.0,25.0,uniform_20hz_time_interpolation_to_25hz,adl_sliding_capped,297,371,,,dataset_unit_map,wrist,bits,m/s^2,rad/s,m/s^2,rad/s,1.0,1.0,True,test,non_fall,non_fall,4.288331183488481e-06,none,forward
w25_00001946,bits,C:\Users\ADMIN\Desktop\ds-fall\data\raw\Dataset\adl\user31\user31_adl8.csv,C:\Users\ADMIN\Desktop\ds-fall\data\raw\Dataset,user31,user31_adl8,adl8,climbing_down_normally,climbing_down_normally,0,none,False,12,62,0.48,2.48,25.0,50,12,"ax,ay,az,gx,gy,gz,acc_mag,gyro_mag,jerk,roll,pitch,tilt_delta",20.0,25.0,uniform_20hz_time_interpolation_to_25hz,adl_sliding_capped,297,371,,,dataset_unit_map,wrist,bits,m/s^2,rad/s,m/s^2,rad/s,1.0,1.0,True,test,non_fall,non_fall,3.831165486190002e-06,none,forward
w25_00001947,bits,C:\Users\ADMIN\Desktop\ds-fall\data\raw\Dataset\adl\user31\user31_adl8.csv,C:\Users\ADMIN\Desktop\ds-fall\data\raw\Dataset,user31,user31_adl8,adl8,climbing_down_normally,climbing_down_normally,0,none,False,24,74,0.96,2.96,25.0,50,12,"ax,ay,az,gx,gy,gz,acc_mag,gyro_mag,jerk,roll,pitch,tilt_delta",20.0,25.0,uniform_20hz_time_interpolation_to_25hz,adl_sliding_capped,297,371,,,dataset_unit_map,wrist,bits,m/s^2,rad/s,m/s^2,rad/s,1.0,1.0,True,test,non_fall,non_fall,4.947509296471253e-06,none,forward
w25_00001948,bits,C:\Users\ADMIN\Desktop\ds-fall\data\raw\Dataset\adl\user31\user31_adl8.csv,C:\Users\ADMIN\Desktop\ds-fall\data\raw\Dataset,user31,user31_adl8,adl8,climbing_down_normally,climbing_down_normally,0,none,False,36,86,1.44,3.44,25.0,50,12,"ax,ay,az,gx,gy,gz,acc_mag,gyro_mag,jerk,roll,pitch,tilt_delta",20.0,25.0,uniform_20hz_time_interpolation_to_25hz,adl_sliding_capped,297,371,,,dataset_unit_map,wrist,bits,m/s^2,rad/s,m/s^2,rad/s,1.0,1.0,True,test,non_fall,non_fall,7.85543306847103e-06,none,forward
w25_00001949,bits,C:\Users\ADMIN\Desktop\ds-fall\data\raw\Dataset\adl\user31\user31_adl8.csv,C:\Users\ADMIN\Desktop\ds-fall\data\raw\Dataset,user31,user31_adl8,adl8,climbing_down_normally,climbing_down_normally,0,none,False,48,98,1.92,3.92,25.0,50,12,"ax,ay,az,gx,gy,gz,acc_mag,gyro_mag,jerk,roll,pitch,tilt_delta",20.0,25.0,uniform_20hz_time_interpolation_to_25hz,adl_sliding_capped,297,371,,,dataset_unit_map,wrist,bits,m/s^2,rad/s,m/s^2,rad/s,1.0,1.0,True,test,non_fall,non_fall,7.192446446424583e-06,none,forward
w25_00001950,bits,C:\Users\ADMIN\Desktop\ds-fall\data\raw\Dataset\adl\user31\user31_adl9.csv,C:\Users\ADMIN\Desktop\ds-fall\data\raw\Dataset,user31,user31_adl9,adl9,slowly_sitting_on_chair,slowly_sitting_on_chair,0,none,False,0,50,0.0,2.0,25.0,50,12,"ax,ay,az,gx,gy,gz,acc_mag,gyro_mag,jerk,roll,pitch,tilt_delta",20.0,25.0,uniform_20hz_time_interpolation_to_25hz,adl_sliding_capped,694,867,,,dataset_unit_map,wrist,bits,m/s^2,rad/s,m/s^2,rad/s,1.0,1.0,True,test,non_fall,non_fall,1.3212007615948096e-05,none,forward
w25_00001951,bits,C:\Users\ADMIN\Desktop\ds-fall\data\raw\Dataset\adl\user31\user31_adl9.csv,C:\Users\ADMIN\Desktop\ds-fall\data\raw\Dataset,user31,user31_adl9,adl9,slowly_sitting_on_chair,slowly_sitting_on_chair,0,none,False,12,62,0.48,2.48,25.0,50,12,"ax,ay,az,gx,gy,gz,acc_mag,gyro_mag,jerk,roll,pitch,tilt_delta",20.0,25.0,uniform_20hz_time_interpolation_to_25hz,adl_sliding_capped,694,867,,,dataset_unit_map,wrist,bits,m/s^2,rad/s,m/s^2,rad/s,1.0,1.0,True,test,non_fall,non_fall,7.445312803611159e-06,none,forward
w25_00001952,bits,C:\Users\ADMIN\Desktop\ds-fall\data\raw\Dataset\adl\user31\user31_adl9.csv,C:\Users\ADMIN\Desktop\ds-fall\data\raw\Dataset,user31,user31_adl9,adl9,slowly_sitting_on_chair,slowly_sitting_on_chair,0,none,False,24,74,0.96,2.96,25.0,50,12,"ax,ay,az,gx,gy,gz,acc_mag,gyro_mag,jerk,roll,pitch,tilt_delta",20.0,25.0,uniform_20hz_time_interpolation_to_25hz,adl_sliding_capped,694,867,,,dataset_unit_map,wrist,bits,m/s^2,rad/s,m/s^2,rad/s,1.0,1.0,True,test,non_fall,non_fall,7.485394235118292e-06,none,forward
w25_00001953,bits,C:\Users\ADMIN\Desktop\ds-fall\data\raw\Dataset\adl\user31\user31_adl9.csv,C:\Users\ADMIN\Desktop\ds-fall\data\raw\Dataset,user31,user31_adl9,adl9,slowly_sitting_on_chair,slowly_sitting_on_chair,0,none,False,36,86,1.44,3.44,25.0,50,12,"ax,ay,az,gx,gy,gz,acc_mag,gyro_mag,jerk,roll,pitch,tilt_delta",20.0,25.0,uniform_20hz_time_interpolation_to_25hz,adl_sliding_capped,694,867,,,dataset_unit_map,wrist,bits,m/s^2,rad/s,m/s^2,rad/s,1.0,1.0,True,test,non_fall,non_fall,7.424487648677314e-06,none,forward
w25_00001954,bits,C:\Users\ADMIN\Desktop\ds-fall\data\raw\Dataset\adl\user31\user31_adl9.csv,C:\Users\ADMIN\Desktop\ds-fall\data\raw\Dataset,user31,user31_adl9,adl9,slowly_sitting_on_chair,slowly_sitting_on_chair,0,none,False,48,98,1.92,3.92,25.0,50,12,"ax,ay,az,gx,gy,gz,acc_mag,gyro_mag,jerk,roll,pitch,tilt_delta",20.0,25.0,uniform_20hz_time_interpolation_to_25hz,adl_sliding_capped,694,867,,,dataset_unit_map,wrist,bits,m/s^2,rad/s,m/s^2,rad/s,1.0,1.0,True,test,non_fall,non_fall,5.508116373675875e-06,none,forward
w25_00002275,bits,C:\Users\ADMIN\Desktop\ds-fall\data\raw\Dataset\adl\user36\user36_adl1.csv,C:\Users\ADMIN\Desktop\ds-fall\data\raw\Dataset,user36,user36_adl1,adl1,walking_slowly,walking_slowly,0,none,False,0,50,0.0,2.0,25.0,50,12,"ax,ay,az,gx,gy,gz,acc_mag,gyro_mag,jerk,roll,pitch,tilt_delta",20.0,25.0,uniform_20hz_time_interpolation_to_25hz,adl_sliding_capped,229,286,,,dataset_unit_map,wrist,bits,m/s^2,rad/s,m/s^2,rad/s,1.0,1.0,True,test,non_fall,non_fall,0.004334772936999798,none,forward
w25_00002276,bits,C:\Users\ADMIN\Desktop\ds-fall\data\raw\Dataset\adl\user36\user36_adl1.csv,C:\Users\ADMIN\Desktop\ds-fall\data\raw\Dataset,user36,user36_adl1,adl1,walking_slowly,walking_slowly,0,none,False,12,62,0.48,2.48,25.0,50,12,"ax,ay,az,gx,gy,gz,acc_mag,gyro_mag,jerk,roll,pitch,tilt_delta",20.0,25.0,uniform_20hz_time_interpolation_to_25hz,adl_sliding_capped,229,286,,,dataset_unit_map,wrist,bits,m/s^2,rad/s,m/s^2,rad/s,1.0,1.0,True,test,non_fall,non_fall,1.6373345488318591e-06,none,forward
w25_00002277,bits,C:\Users\ADMIN\Desktop\ds-fall\data\raw\Dataset\adl\user36\user36_adl1.csv,C:\Users\ADMIN\Desktop\ds-fall\data\raw\Dataset,user36,user36_adl1,adl1,walking_slowly,walking_slowly,0,none,False,24,74,0.96,2.96,25.0,50,12,"ax,ay,az,gx,gy,gz,acc_mag,gyro_mag,jerk,roll,pitch,tilt_delta",20.0,25.0,uniform_20hz_time_interpolation_to_25hz,adl_sliding_capped,229,286,,,dataset_unit_map,wrist,bits,m/s^2,rad/s,m/s^2,rad/s,1.0,1.0,True,test,non_fall,non_fall,2.4836518264237384e-07,none,forward
w25_00002278,bits,C:\Users\ADMIN\Desktop\ds-fall\data\raw\Dataset\adl\user36\user36_adl1.csv,C:\Users\ADMIN\Desktop\ds-fall\data\raw\Dataset,user36,user36_adl1,adl1,walking_slowly,walking_slowly,0,none,False,36,86,1.44,3.44,25.0,50,12,"ax,ay,az,gx,gy,gz,acc_mag,gyro_mag,jerk,roll,pitch,tilt_delta",20.0,25.0,uniform_20hz_time_interpolation_to_25hz,adl_sliding_capped,229,286,,,dataset_unit_map,wrist,bits,m/s^2,rad/s,m/s^2,rad/s,1.0,1.0,True,test,non_fall,non_fall,1.381191623295308e-07,none,forward
w25_00002279,bits,C:\Users\ADMIN\Desktop\ds-fall\data\raw\Dataset\adl\user36\user36_adl1.csv,C:\Users\ADMIN\Desktop\ds-fall\data\raw\Dataset,user36,user36_adl1,adl1,walking_slowly,walking_slowly,0,none,False,48,98,1.92,3.92,25.0,50,12,"ax,ay,az,gx,gy,gz,acc_mag,gyro_mag,jerk,roll,pitch,tilt_delta",20.0,25.0,uniform_20hz_time_interpolation_to_25hz,adl_sliding_capped,229,286,,,dataset_unit_map,wrist,bits,m/s^2,rad/s,m/s^2,rad/s,1.0,1.0,True,test,non_fall,non_fall,2.3255398673427408e-07,none,forward
w25_00002280,bits,C:\Users\ADMIN\Desktop\ds-fall\data\raw\Dataset\adl\user36\user36_adl10.csv,C:\Users\ADMIN\Desktop\ds-fall\data\raw\Dataset,user36,user36_adl10,adl10,rapidly_sitting_on_chair,rapidly_sitting_on_chair,0,none,False,0,50,0.0,2.0,25.0,50,12,"ax,ay,az,gx,gy,gz,acc_mag,gyro_mag,jerk,roll,pitch,tilt_delta",20.0,25.0,uniform_20hz_time_interpolation_to_25hz,adl_sliding_capped,278,347,,,dataset_unit_map,wrist,bits,m/s^2,rad/s,m/s^2,rad/s,1.0,1.0,True,test,non_fall,non_fall,6.813310847064713e-06,none,forward
w25_00002281,bits,C:\Users\ADMIN\Desktop\ds-fall\data\raw\Dataset\adl\user36\user36_adl10.csv,C:\Users\ADMIN\Desktop\ds-fall\data\raw\Dataset,user36,user36_adl10,adl10,rapidly_sitting_on_chair,rapidly_sitting_on_chair,0,none,False,12,62,0.48,2.48,25.0,50,12,"ax,ay,az,gx,gy,gz,acc_mag,gyro_mag,jerk,roll,pitch,tilt_delta",20.0,25.0,uniform_20hz_time_interpolation_to_25hz,adl_sliding_capped,278,347,,,dataset_unit_map,wrist,bits,m/s^2,rad/s,m/s^2,rad/s,1.0,1.0,True,test,non_fall,non_fall,3.946620836359216e-06,none,forward
w25_00002282,bits,C:\Users\ADMIN\Desktop\ds-fall\data\raw\Dataset\adl\user36\user36_adl10.csv,C:\Users\ADMIN\Desktop\ds-fall\data\raw\Dataset,user36,user36_adl10,adl10,rapidly_sitting_on_chair,rapidly_sitting_on_chair,0,none,False,24,74,0.96,2.96,25.0,50,12,"ax,ay,az,gx,gy,gz,acc_mag,gyro_mag,jerk,roll,pitch,tilt_delta",20.0,25.0,uniform_20hz_time_interpolation_to_25hz,adl_sliding_capped,278,347,,,dataset_unit_map,wrist,bits,m/s^2,rad/s,m/s^2,rad/s,1.0,1.0,True,test,non_fall,non_fall,3.5535911138140364e-06,none,forward
w25_00002283,bits,C:\Users\ADMIN\Desktop\ds-fall\data\raw\Dataset\adl\user36\user36_adl10.csv,C:\Users\ADMIN\Desktop\ds-fall\data\raw\Dataset,user36,user36_adl10,adl10,rapidly_sitting_on_chair,rapidly_sitting_on_chair,0,none,False,36,86,1.44,3.44,25.0,50,12,"ax,ay,az,gx,gy,gz,acc_mag,gyro_mag,jerk,roll,pitch,tilt_delta",20.0,25.0,uniform_20hz_time_interpolation_to_25hz,adl_sliding_capped,278,347,,,dataset_unit_map,wrist,bits,m/s^2,rad/s,m/s^2,rad/s,1.0,1.0,True,test,non_fall,non_fall,3.7146535305510042e-06,none,forward
w25_00002284,bits,C:\Users\ADMIN\Desktop\ds-fall\data\raw\Dataset\adl\user36\user36_adl10.csv,C:\Users\ADMIN\Desktop\ds-fall\data\raw\Dataset,user36,user36_adl10,adl10,rapidly_sitting_on_chair,rapidly_sitting_on_chair,0,none,False,48,98,1.92,3.92,25.0,50,12,"ax,ay,az,gx,gy,gz,acc_mag,gyro_mag,jerk,roll,pitch,tilt_delta",20.0,25.0,uniform_20hz_time_interpolation_to_25hz,adl_sliding_capped,278,347,,,dataset_unit_map,wrist,bits,m/s^2,rad/s,m/s^2,rad/s,1.0,1.0,True,test,non_fall,non_fall,2.9768502827209886e-06,none,forward
w25_00002285,bits,C:\Users\ADMIN\Desktop\ds-fall\data\raw\Dataset\adl\user36\user36_adl11.csv,C:\Users\ADMIN\Desktop\ds-fall\data\raw\Dataset,user36,user36_adl11,adl11,nearly_sitting_and_getting_up,nearly_sitting_and_getting_up,0,none,False,0,50,0.0,2.0,25.0,50,12,"ax,ay,az,gx,gy,gz,acc_mag,gyro_mag,jerk,roll,pitch,tilt_delta",20.0,25.0,uniform_20hz_time_interpolation_to_25hz,adl_sliding_capped,570,712,,,dataset_unit_map,wrist,bits,m/s^2,rad/s,m/s^2,rad/s,1.0,1.0,True,test,non_fall,non_fall,0.00033467786852270365,none,lateral
w25_00002286,bits,C:\Users\ADMIN\Desktop\ds-fall\data\raw\Dataset\adl\user36\user36_adl11.csv,C:\Users\ADMIN\Desktop\ds-fall\data\raw\Dataset,user36,user36_adl11,adl11,nearly_sitting_and_getting_up,nearly_sitting_and_getting_up,0,none,False,12,62,0.48,2.48,25.0,50,12,"ax,ay,az,gx,gy,gz,acc_mag,gyro_mag,jerk,roll,pitch,tilt_delta",20.0,25.0,uniform_20hz_time_interpolation_to_25hz,adl_sliding_capped,570,712,,,dataset_unit_map,wrist,bits,m/s^2,rad/s,m/s^2,rad/s,1.0,1.0,True,test,non_fall,non_fall,0.00031712494092062116,none,backward
w25_00002287,bits,C:\Users\ADMIN\Desktop\ds-fall\data\raw\Dataset\adl\user36\user36_adl11.csv,C:\Users\ADMIN\Desktop\ds-fall\data\raw\Dataset,user36,user36_adl11,adl11,nearly_sitting_and_getting_up,nearly_sitting_and_getting_up,0,none,False,24,74,0.96,2.96,25.0,50,12,"ax,ay,az,gx,gy,gz,acc_mag,gyro_mag,jerk,roll,pitch,tilt_delta",20.0,25.0,uniform_20hz_time_interpolation_to_25hz,adl_sliding_capped,570,712,,,dataset_unit_map,wrist,bits,m/s^2,rad/s,m/s^2,rad/s,1.0,1.0,True,test,non_fall,non_fall,6.82457448419882e-06,none,forward
w25_00002288,bits,C:\Users\ADMIN\Desktop\ds-fall\data\raw\Dataset\adl\user36\user36_adl11.csv,C:\Users\ADMIN\Desktop\ds-fall\data\raw\Dataset,user36,user36_adl11,adl11,nearly_sitting_and_getting_up,nearly_sitting_and_getting_up,0,none,False,36,86,1.44,3.44,25.0,50,12,"ax,ay,az,gx,gy,gz,acc_mag,gyro_mag,jerk,roll,pitch,tilt_delta",20.0,25.0,uniform_20hz_time_interpolation_to_25hz,adl_sliding_capped,570,712,,,dataset_unit_map,wrist,bits,m/s^2,rad/s,m/s^2,rad/s,1.0,1.0,True,test,non_fall,non_fall,2.4138034859788604e-05,none,forward
w25_00002289,bits,C:\Users\ADMIN\Desktop\ds-fall\data\raw\Dataset\adl\user36\user36_adl11.csv,C:\Users\ADMIN\Desktop\ds-fall\data\raw\Dataset,user36,user36_adl11,adl11,nearly_sitting_and_getting_up,nearly_sitting_and_getting_up,0,none,False,48,98,1.92,3.92,25.0,50,12,"ax,ay,az,gx,gy,gz,acc_mag,gyro_mag,jerk,roll,pitch,tilt_delta",20.0,25.0,uniform_20hz_time_interpolation_to_25hz,adl_sliding_capped,570,712,,,dataset_unit_map,wrist,bits,m/s^2,rad/s,m/s^2,rad/s,1.0,1.0,True,test,non_fall,non_fall,5.2304061682661995e-05,none,forward
w25_00002290,bits,C:\Users\ADMIN\Desktop\ds-fall\data\raw\Dataset\adl\user36\user36_adl12.csv,C:\Users\ADMIN\Desktop\ds-fall\data\raw\Dataset,user36,user36_adl12,adl12,swinging_hands,swinging_hands,0,none,False,0,50,0.0,2.0,25.0,50,12,"ax,ay,az,gx,gy,gz,acc_mag,gyro_mag,jerk,roll,pitch,tilt_delta",20.0,25.0,uniform_20hz_time_interpolation_to_25hz,adl_sliding_capped,481,601,,,dataset_unit_map,wrist,bits,m/s^2,rad/s,m/s^2,rad/s,1.0,1.0,True,test,non_fall,non_fall,2.1949588813185983e-07,none,forward
w25_00002291,bits,C:\Users\ADMIN\Desktop\ds-fall\data\raw\Dataset\adl\user36\user36_adl12.csv,C:\Users\ADMIN\Desktop\ds-fall\data\raw\Dataset,user36,user36_adl12,adl12,swinging_hands,swinging_hands,0,none,False,12,62,0.48,2.48,25.0,50,12,"ax,ay,az,gx,gy,gz,acc_mag,gyro_mag,jerk,roll,pitch,tilt_delta",20.0,25.0,uniform_20hz_time_interpolation_to_25hz,adl_sliding_capped,481,601,,,dataset_unit_map,wrist,bits,m/s^2,rad/s,m/s^2,rad/s,1.0,1.0,True,test,non_fall,non_fall,3.978196900789044e-07,none,lateral
w25_00002292,bits,C:\Users\ADMIN\Desktop\ds-fall\data\raw\Dataset\adl\user36\user36_adl12.csv,C:\Users\ADMIN\Desktop\ds-fall\data\raw\Dataset,user36,user36_adl12,adl12,swinging_hands,swinging_hands,0,none,False,24,74,0.96,2.96,25.0,50,12,"ax,ay,az,gx,gy,gz,acc_mag,gyro_mag,jerk,roll,pitch,tilt_delta",20.0,25.0,uniform_20hz_time_interpolation_to_25hz,adl_sliding_capped,481,601,,,dataset_unit_map,wrist,bits,m/s^2,rad/s,m/s^2,rad/s,1.0,1.0,True,test,non_fall,non_fall,0.000137490380438976,none,lateral
w25_00002293,bits,C:\Users\ADMIN\Desktop\ds-fall\data\raw\Dataset\adl\user36\user36_adl12.csv,C:\Users\ADMIN\Desktop\ds-fall\data\raw\Dataset,user36,user36_adl12,adl12,swinging_hands,swinging_hands,0,none,False,36,86,1.44,3.44,25.0,50,12,"ax,ay,az,gx,gy,gz,acc_mag,gyro_mag,jerk,roll,pitch,tilt_delta",20.0,25.0,uniform_20hz_time_interpolation_to_25hz,adl_sliding_capped,481,601,,,dataset_unit_map,wrist,bits,m/s^2,rad/s,m/s^2,rad/s,1.0,1.0,True,test,non_fall,non_fall,0.0005955489468760788,none,lateral
w25_00002294,bits,C:\Users\ADMIN\Desktop\ds-fall\data\raw\Dataset\adl\user36\user36_adl12.csv,C:\Users\ADMIN\Desktop\ds-fall\data\raw\Dataset,user36,user36_adl12,adl12,swinging_hands,swinging_hands,0,none,False,48,98,1.92,3.92,25.0,50,12,"ax,ay,az,gx,gy,gz,acc_mag,gyro_mag,jerk,roll,pitch,tilt_delta",20.0,25.0,uniform_20hz_time_interpolation_to_25hz,adl_sliding_capped,481,601,,,dataset_unit_map,wrist,bits,m/s^2,rad/s,m/s^2,rad/s,1.0,1.0,True,test,non_fall,non_fall,3.4968452382599935e-05,none,lateral
w25_00002295,bits,C:\Users\ADMIN\Desktop\ds-fall\data\raw\Dataset\adl\user36\user36_adl13.csv,C:\Users\ADMIN\Desktop\ds-fall\data\raw\Dataset,user36,user36_adl13,adl13,lying_on_bed,lying_on_bed,0,none,False,0,50,0.0,2.0,25.0,50,12,"ax,ay,az,gx,gy,gz,acc_mag,gyro_mag,jerk,roll,pitch,tilt_delta",20.0,25.0,uniform_20hz_time_interpolation_to_25hz,adl_sliding_capped,250,312,,,dataset_unit_map,wrist,bits,m/s^2,rad/s,m/s^2,rad/s,1.0,1.0,True,test,non_fall,non_fall,1.8325269479646522e-07,none,backward
w25_00002296,bits,C:\Users\ADMIN\Desktop\ds-fall\data\raw\Dataset\adl\user36\user36_adl13.csv,C:\Users\ADMIN\Desktop\ds-fall\data\raw\Dataset,user36,user36_adl13,adl13,lying_on_bed,lying_on_bed,0,none,False,12,62,0.48,2.48,25.0,50,12,"ax,ay,az,gx,gy,gz,acc_mag,gyro_mag,jerk,roll,pitch,tilt_delta",20.0,25.0,uniform_20hz_time_interpolation_to_25hz,adl_sliding_capped,250,312,,,dataset_unit_map,wrist,bits,m/s^2,rad/s,m/s^2,rad/s,1.0,1.0,True,test,non_fall,non_fall,8.324563509631844e-07,none,backward
w25_00002297,bits,C:\Users\ADMIN\Desktop\ds-fall\data\raw\Dataset\adl\user36\user36_adl13.csv,C:\Users\ADMIN\Desktop\ds-fall\data\raw\Dataset,user36,user36_adl13,adl13,lying_on_bed,lying_on_bed,0,none,False,24,74,0.96,2.96,25.0,50,12,"ax,ay,az,gx,gy,gz,acc_mag,gyro_mag,jerk,roll,pitch,tilt_delta",20.0,25.0,uniform_20hz_time_interpolation_to_25hz,adl_sliding_capped,250,312,,,dataset_unit_map,wrist,bits,m/s^2,rad/s,m/s^2,rad/s,1.0,1.0,True,test,non_fall,non_fall,8.834879849928257e-07,none,backward
w25_00002298,bits,C:\Users\ADMIN\Desktop\ds-fall\data\raw\Dataset\adl\user36\user36_adl13.csv,C:\Users\ADMIN\Desktop\ds-fall\data\raw\Dataset,user36,user36_adl13,adl13,lying_on_bed,lying_on_bed,0,none,False,36,86,1.44,3.44,25.0,50,12,"ax,ay,az,gx,gy,gz,acc_mag,gyro_mag,jerk,roll,pitch,tilt_delta",20.0,25.0,uniform_20hz_time_interpolation_to_25hz,adl_sliding_capped,250,312,,,dataset_unit_map,wrist,bits,m/s^2,rad/s,m/s^2,rad/s,1.0,1.0,True,test,non_fall,non_fall,6.492305146821309e-07,none,backward
w25_00002299,bits,C:\Users\ADMIN\Desktop\ds-fall\data\raw\Dataset\adl\user36\user36_adl13.csv,C:\Users\ADMIN\Desktop\ds-fall\data\raw\Dataset,user36,user36_adl13,adl13,lying_on_bed,lying_on_bed,0,none,False,48,98,1.92,3.92,25.0,50,12,"ax,ay,az,gx,gy,gz,acc_mag,gyro_mag,jerk,roll,pitch,tilt_delta",20.0,25.0,uniform_20hz_time_interpolation_to_25hz,adl_sliding_capped,250,312,,,dataset_unit_map,wrist,bits,m/s^2,rad/s,m/s^2,rad/s,1.0,1.0,True,test,non_fall,non_fall,5.819169928145129e-07,none,backward
w25_00002300,bits,C:\Users\ADMIN\Desktop\ds-fall\data\raw\Dataset\adl\user36\user36_adl14.csv,C:\Users\ADMIN\Desktop\ds-fall\data\raw\Dataset,user36,user36_adl14,adl14,lying_on_back_getting_up_slowly,lying_on_back_getting_up_slowly,0,none,False,0,50,0.0,2.0,25.0,50,12,"ax,ay,az,gx,gy,gz,acc_mag,gyro_mag,jerk,roll,pitch,tilt_delta",20.0,25.0,uniform_20hz_time_interpolation_to_25hz,adl_sliding_capped,718,897,,,dataset_unit_map,wrist,bits,m/s^2,rad/s,m/s^2,rad/s,1.0,1.0,True,test,non_fall,non_fall,1.4562549210950237e-07,none,backward
w25_00002301,bits,C:\Users\ADMIN\Desktop\ds-fall\data\raw\Dataset\adl\user36\user36_adl14.csv,C:\Users\ADMIN\Desktop\ds-fall\data\raw\Dataset,user36,user36_adl14,adl14,lying_on_back_getting_up_slowly,lying_on_back_getting_up_slowly,0,none,False,12,62,0.48,2.48,25.0,50,12,"ax,ay,az,gx,gy,gz,acc_mag,gyro_mag,jerk,roll,pitch,tilt_delta",20.0,25.0,uniform_20hz_time_interpolation_to_25hz,adl_sliding_capped,718,897,,,dataset_unit_map,wrist,bits,m/s^2,rad/s,m/s^2,rad/s,1.0,1.0,True,test,non_fall,non_fall,1.5559577093426924e-07,none,backward
w25_00002302,bits,C:\Users\ADMIN\Desktop\ds-fall\data\raw\Dataset\adl\user36\user36_adl14.csv,C:\Users\ADMIN\Desktop\ds-fall\data\raw\Dataset,user36,user36_adl14,adl14,lying_on_back_getting_up_slowly,lying_on_back_getting_up_slowly,0,none,False,24,74,0.96,2.96,25.0,50,12,"ax,ay,az,gx,gy,gz,acc_mag,gyro_mag,jerk,roll,pitch,tilt_delta",20.0,25.0,uniform_20hz_time_interpolation_to_25hz,adl_sliding_capped,718,897,,,dataset_unit_map,wrist,bits,m/s^2,rad/s,m/s^2,rad/s,1.0,1.0,True,test,non_fall,non_fall,1.524302177813297e-07,none,backward
w25_00002303,bits,C:\Users\ADMIN\Desktop\ds-fall\data\raw\Dataset\adl\user36\user36_adl14.csv,C:\Users\ADMIN\Desktop\ds-fall\data\raw\Dataset,user36,user36_adl14,adl14,lying_on_back_getting_up_slowly,lying_on_back_getting_up_slowly,0,none,False,36,86,1.44,3.44,25.0,50,12,"ax,ay,az,gx,gy,gz,acc_mag,gyro_mag,jerk,roll,pitch,tilt_delta",20.0,25.0,uniform_20hz_time_interpolation_to_25hz,adl_sliding_capped,718,897,,,dataset_unit_map,wrist,bits,m/s^2,rad/s,m/s^2,rad/s,1.0,1.0,True,test,non_fall,non_fall,1.512239435896845e-07,none,backward
w25_00002304,bits,C:\Users\ADMIN\Desktop\ds-fall\data\raw\Dataset\adl\user36\user36_adl14.csv,C:\Users\ADMIN\Desktop\ds-fall\data\raw\Dataset,user36,user36_adl14,adl14,lying_on_back_getting_up_slowly,lying_on_back_getting_up_slowly,0,none,False,48,98,1.92,3.92,25.0,50,12,"ax,ay,az,gx,gy,gz,acc_mag,gyro_mag,jerk,roll,pitch,tilt_delta",20.0,25.0,uniform_20hz_time_interpolation_to_25hz,adl_sliding_capped,718,897,,,dataset_unit_map,wrist,bits,m/s^2,rad/s,m/s^2,rad/s,1.0,1.0,True,test,non_fall,non_fall,1.4539014614456391e-07,none,backward
w25_00002305,bits,C:\Users\ADMIN\Desktop\ds-fall\data\raw\Dataset\adl\user36\user36_adl15.csv,C:\Users\ADMIN\Desktop\ds-fall\data\raw\Dataset,user36,user36_adl15,adl15,lying_on_back_getting_up_normally,lying_on_back_getting_up_normally,0,none,False,0,50,0.0,2.0,25.0,50,12,"ax,ay,az,gx,gy,gz,acc_mag,gyro_mag,jerk,roll,pitch,tilt_delta",20.0,25.0,uniform_20hz_time_interpolation_to_25hz,adl_sliding_capped,570,712,,,dataset_unit_map,wrist,bits,m/s^2,rad/s,m/s^2,rad/s,1.0,1.0,True,test,non_fall,non_fall,1.2540879197331378e-06,none,backward
w25_00002306,bits,C:\Users\ADMIN\Desktop\ds-fall\data\raw\Dataset\adl\user36\user36_adl15.csv,C:\Users\ADMIN\Desktop\ds-fall\data\raw\Dataset,user36,user36_adl15,adl15,lying_on_back_getting_up_normally,lying_on_back_getting_up_normally,0,none,False,12,62,0.48,2.48,25.0,50,12,"ax,ay,az,gx,gy,gz,acc_mag,gyro_mag,jerk,roll,pitch,tilt_delta",20.0,25.0,uniform_20hz_time_interpolation_to_25hz,adl_sliding_capped,570,712,,,dataset_unit_map,wrist,bits,m/s^2,rad/s,m/s^2,rad/s,1.0,1.0,True,test,non_fall,non_fall,1.2373174058666336e-06,none,backward
w25_00002307,bits,C:\Users\ADMIN\Desktop\ds-fall\data\raw\Dataset\adl\user36\user36_adl15.csv,C:\Users\ADMIN\Desktop\ds-fall\data\raw\Dataset,user36,user36_adl15,adl15,lying_on_back_getting_up_normally,lying_on_back_getting_up_normally,0,none,False,24,74,0.96,2.96,25.0,50,12,"ax,ay,az,gx,gy,gz,acc_mag,gyro_mag,jerk,roll,pitch,tilt_delta",20.0,25.0,uniform_20hz_time_interpolation_to_25hz,adl_sliding_capped,570,712,,,dataset_unit_map,wrist,bits,m/s^2,rad/s,m/s^2,rad/s,1.0,1.0,True,test,non_fall,non_fall,1.2323419014137471e-06,none,backward
w25_00002308,bits,C:\Users\ADMIN\Desktop\ds-fall\data\raw\Dataset\adl\user36\user36_adl15.csv,C:\Users\ADMIN\Desktop\ds-fall\data\raw\Dataset,user36,user36_adl15,adl15,lying_on_back_getting_up_normally,lying_on_back_getting_up_normally,0,none,False,36,86,1.44,3.44,25.0,50,12,"ax,ay,az,gx,gy,gz,acc_mag,gyro_mag,jerk,roll,pitch,tilt_delta",20.0,25.0,uniform_20hz_time_interpolation_to_25hz,adl_sliding_capped,570,712,,,dataset_unit_map,wrist,bits,m/s^2,rad/s,m/s^2,rad/s,1.0,1.0,True,test,non_fall,non_fall,1.254328367394919e-06,none,backward
w25_00002309,bits,C:\Users\ADMIN\Desktop\ds-fall\data\raw\Dataset\adl\user36\user36_adl15.csv,C:\Users\ADMIN\Desktop\ds-fall\data\raw\Dataset,user36,user36_adl15,adl15,lying_on_back_getting_up_normally,lying_on_back_getting_up_normally,0,none,False,48,98,1.92,3.92,25.0,50,12,"ax,ay,az,gx,gy,gz,acc_mag,gyro_mag,jerk,roll,pitch,tilt_delta",20.0,25.0,uniform_20hz_time_interpolation_to_25hz,adl_sliding_capped,570,712,,,dataset_unit_map,wrist,bits,m/s^2,rad/s,m/s^2,rad/s,1.0,1.0,True,test,non_fall,non_fall,1.2480211353249615e-06,none,backward
w25_00002310,bits,C:\Users\ADMIN\Desktop\ds-fall\data\raw\Dataset\adl\user36\user36_adl16.csv,C:\Users\ADMIN\Desktop\ds-fall\data\raw\Dataset,user36,user36_adl16,adl16,lying_sideways_to_back,lying_sideways_to_back,0,none,False,0,50,0.0,2.0,25.0,50,12,"ax,ay,az,gx,gy,gz,acc_mag,gyro_mag,jerk,roll,pitch,tilt_delta",20.0,25.0,uniform_20hz_time_interpolation_to_25hz,adl_sliding_capped,251,313,,,dataset_unit_map,wrist,bits,m/s^2,rad/s,m/s^2,rad/s,1.0,1.0,True,test,non_fall,non_fall,6.528976427944144e-06,none,backward
w25_00002311,bits,C:\Users\ADMIN\Desktop\ds-fall\data\raw\Dataset\adl\user36\user36_adl16.csv,C:\Users\ADMIN\Desktop\ds-fall\data\raw\Dataset,user36,user36_adl16,adl16,lying_sideways_to_back,lying_sideways_to_back,0,none,False,12,62,0.48,2.48,25.0,50,12,"ax,ay,az,gx,gy,gz,acc_mag,gyro_mag,jerk,roll,pitch,tilt_delta",20.0,25.0,uniform_20hz_time_interpolation_to_25hz,adl_sliding_capped,251,313,,,dataset_unit_map,wrist,bits,m/s^2,rad/s,m/s^2,rad/s,1.0,1.0,True,test,non_fall,non_fall,6.504893008241197e-06,none,backward
w25_00002312,bits,C:\Users\ADMIN\Desktop\ds-fall\data\raw\Dataset\adl\user36\user36_adl16.csv,C:\Users\ADMIN\Desktop\ds-fall\data\raw\Dataset,user36,user36_adl16,adl16,lying_sideways_to_back,lying_sideways_to_back,0,none,False,24,74,0.96,2.96,25.0,50,12,"ax,ay,az,gx,gy,gz,acc_mag,gyro_mag,jerk,roll,pitch,tilt_delta",20.0,25.0,uniform_20hz_time_interpolation_to_25hz,adl_sliding_capped,251,313,,,dataset_unit_map,wrist,bits,m/s^2,rad/s,m/s^2,rad/s,1.0,1.0,True,test,non_fall,non_fall,6.391049282683525e-06,none,backward
w25_00002313,bits,C:\Users\ADMIN\Desktop\ds-fall\data\raw\Dataset\adl\user36\user36_adl16.csv,C:\Users\ADMIN\Desktop\ds-fall\data\raw\Dataset,user36,user36_adl16,adl16,lying_sideways_to_back,lying_sideways_to_back,0,none,False,36,86,1.44,3.44,25.0,50,12,"ax,ay,az,gx,gy,gz,acc_mag,gyro_mag,jerk,roll,pitch,tilt_delta",20.0,25.0,uniform_20hz_time_interpolation_to_25hz,adl_sliding_capped,251,313,,,dataset_unit_map,wrist,bits,m/s^2,rad/s,m/s^2,rad/s,1.0,1.0,True,test,non_fall,non_fall,6.336260867101373e-06,none,backward
w25_00002314,bits,C:\Users\ADMIN\Desktop\ds-fall\data\raw\Dataset\adl\user36\user36_adl16.csv,C:\Users\ADMIN\Desktop\ds-fall\data\raw\Dataset,user36,user36_adl16,adl16,lying_sideways_to_back,lying_sideways_to_back,0,none,False,48,98,1.92,3.92,25.0,50,12,"ax,ay,az,gx,gy,gz,acc_mag,gyro_mag,jerk,roll,pitch,tilt_delta",20.0,25.0,uniform_20hz_time_interpolation_to_25hz,adl_sliding_capped,251,313,,,dataset_unit_map,wrist,bits,m/s^2,rad/s,m/s^2,rad/s,1.0,1.0,True,test,non_fall,non_fall,6.485814537882106e-06,none,backward
w25_00002315,bits,C:\Users\ADMIN\Desktop\ds-fall\data\raw\Dataset\adl\user36\user36_adl2.csv,C:\Users\ADMIN\Desktop\ds-fall\data\raw\Dataset,user36,user36_adl2,adl2,walking_quickly,walking_quickly,0,none,False,0,50,0.0,2.0,25.0,50,12,"ax,ay,az,gx,gy,gz,acc_mag,gyro_mag,jerk,roll,pitch,tilt_delta",20.0,25.0,uniform_20hz_time_interpolation_to_25hz,adl_sliding_capped,217,271,,,dataset_unit_map,wrist,bits,m/s^2,rad/s,m/s^2,rad/s,1.0,1.0,True,test,non_fall,non_fall,5.31238470102835e-07,none,forward
w25_00002316,bits,C:\Users\ADMIN\Desktop\ds-fall\data\raw\Dataset\adl\user36\user36_adl2.csv,C:\Users\ADMIN\Desktop\ds-fall\data\raw\Dataset,user36,user36_adl2,adl2,walking_quickly,walking_quickly,0,none,False,12,62,0.48,2.48,25.0,50,12,"ax,ay,az,gx,gy,gz,acc_mag,gyro_mag,jerk,roll,pitch,tilt_delta",20.0,25.0,uniform_20hz_time_interpolation_to_25hz,adl_sliding_capped,217,271,,,dataset_unit_map,wrist,bits,m/s^2,rad/s,m/s^2,rad/s,1.0,1.0,True,test,non_fall,non_fall,1.8430160935167805e-06,none,forward
w25_00002317,bits,C:\Users\ADMIN\Desktop\ds-fall\data\raw\Dataset\adl\user36\user36_adl2.csv,C:\Users\ADMIN\Desktop\ds-fall\data\raw\Dataset,user36,user36_adl2,adl2,walking_quickly,walking_quickly,0,none,False,24,74,0.96,2.96,25.0,50,12,"ax,ay,az,gx,gy,gz,acc_mag,gyro_mag,jerk,roll,pitch,tilt_delta",20.0,25.0,uniform_20hz_time_interpolation_to_25hz,adl_sliding_capped,217,271,,,dataset_unit_map,wrist,bits,m/s^2,rad/s,m/s^2,rad/s,1.0,1.0,True,test,non_fall,non_fall,2.0196452510390372e-07,none,forward
w25_00002318,bits,C:\Users\ADMIN\Desktop\ds-fall\data\raw\Dataset\adl\user36\user36_adl2.csv,C:\Users\ADMIN\Desktop\ds-fall\data\raw\Dataset,user36,user36_adl2,adl2,walking_quickly,walking_quickly,0,none,False,36,86,1.44,3.44,25.0,50,12,"ax,ay,az,gx,gy,gz,acc_mag,gyro_mag,jerk,roll,pitch,tilt_delta",20.0,25.0,uniform_20hz_time_interpolation_to_25hz,adl_sliding_capped,217,271,,,dataset_unit_map,wrist,bits,m/s^2,rad/s,m/s^2,rad/s,1.0,1.0,True,test,non_fall,non_fall,2.2559775914032798e-07,none,forward
w25_00002319,bits,C:\Users\ADMIN\Desktop\ds-fall\data\raw\Dataset\adl\user36\user36_adl2.csv,C:\Users\ADMIN\Desktop\ds-fall\data\raw\Dataset,user36,user36_adl2,adl2,walking_quickly,walking_quickly,0,none,False,48,98,1.92,3.92,25.0,50,12,"ax,ay,az,gx,gy,gz,acc_mag,gyro_mag,jerk,roll,pitch,tilt_delta",20.0,25.0,uniform_20hz_time_interpolation_to_25hz,adl_sliding_capped,217,271,,,dataset_unit_map,wrist,bits,m/s^2,rad/s,m/s^2,rad/s,1.0,1.0,True,test,non_fall,non_fall,1.655180881243723e-07,none,forward
w25_00002320,bits,C:\Users\ADMIN\Desktop\ds-fall\data\raw\Dataset\adl\user36\user36_adl3.csv,C:\Users\ADMIN\Desktop\ds-fall\data\raw\Dataset,user36,user36_adl3,adl3,jogging,jogging,0,none,False,0,50,0.0,2.0,25.0,50,12,"ax,ay,az,gx,gy,gz,acc_mag,gyro_mag,jerk,roll,pitch,tilt_delta",20.0,25.0,uniform_20hz_time_interpolation_to_25hz,adl_sliding_capped,3913,4891,,,dataset_unit_map,wrist,bits,m/s^2,rad/s,m/s^2,rad/s,1.0,1.0,True,test,non_fall,non_fall,0.00010997665958711877,none,lateral
w25_00002321,bits,C:\Users\ADMIN\Desktop\ds-fall\data\raw\Dataset\adl\user36\user36_adl3.csv,C:\Users\ADMIN\Desktop\ds-fall\data\raw\Dataset,user36,user36_adl3,adl3,jogging,jogging,0,none,False,12,62,0.48,2.48,25.0,50,12,"ax,ay,az,gx,gy,gz,acc_mag,gyro_mag,jerk,roll,pitch,tilt_delta",20.0,25.0,uniform_20hz_time_interpolation_to_25hz,adl_sliding_capped,3913,4891,,,dataset_unit_map,wrist,bits,m/s^2,rad/s,m/s^2,rad/s,1.0,1.0,True,test,non_fall,non_fall,6.766894244947252e-08,none,lateral
w25_00002322,bits,C:\Users\ADMIN\Desktop\ds-fall\data\raw\Dataset\adl\user36\user36_adl3.csv,C:\Users\ADMIN\Desktop\ds-fall\data\raw\Dataset,user36,user36_adl3,adl3,jogging,jogging,0,none,False,24,74,0.96,2.96,25.0,50,12,"ax,ay,az,gx,gy,gz,acc_mag,gyro_mag,jerk,roll,pitch,tilt_delta",20.0,25.0,uniform_20hz_time_interpolation_to_25hz,adl_sliding_capped,3913,4891,,,dataset_unit_map,wrist,bits,m/s^2,rad/s,m/s^2,rad/s,1.0,1.0,True,test,non_fall,non_fall,8.217670455223924e-08,none,lateral
w25_00002323,bits,C:\Users\ADMIN\Desktop\ds-fall\data\raw\Dataset\adl\user36\user36_adl3.csv,C:\Users\ADMIN\Desktop\ds-fall\data\raw\Dataset,user36,user36_adl3,adl3,jogging,jogging,0,none,False,36,86,1.44,3.44,25.0,50,12,"ax,ay,az,gx,gy,gz,acc_mag,gyro_mag,jerk,roll,pitch,tilt_delta",20.0,25.0,uniform_20hz_time_interpolation_to_25hz,adl_sliding_capped,3913,4891,,,dataset_unit_map,wrist,bits,m/s^2,rad/s,m/s^2,rad/s,1.0,1.0,True,test,non_fall,non_fall,1.7128891727224982e-07,none,forward
w25_00002324,bits,C:\Users\ADMIN\Desktop\ds-fall\data\raw\Dataset\adl\user36\user36_adl3.csv,C:\Users\ADMIN\Desktop\ds-fall\data\raw\Dataset,user36,user36_adl3,adl3,jogging,jogging,0,none,False,48,98,1.92,3.92,25.0,50,12,"ax,ay,az,gx,gy,gz,acc_mag,gyro_mag,jerk,roll,pitch,tilt_delta",20.0,25.0,uniform_20hz_time_interpolation_to_25hz,adl_sliding_capped,3913,4891,,,dataset_unit_map,wrist,bits,m/s^2,rad/s,m/s^2,rad/s,1.0,1.0,True,test,non_fall,non_fall,1.472457142881467e-07,none,forward
w25_00002325,bits,C:\Users\ADMIN\Desktop\ds-fall\data\raw\Dataset\adl\user36\user36_adl4.csv,C:\Users\ADMIN\Desktop\ds-fall\data\raw\Dataset,user36,user36_adl4,adl4,jumping,jumping,0,none,False,0,50,0.0,2.0,25.0,50,12,"ax,ay,az,gx,gy,gz,acc_mag,gyro_mag,jerk,roll,pitch,tilt_delta",20.0,25.0,uniform_20hz_time_interpolation_to_25hz,adl_sliding_capped,1266,1582,,,dataset_unit_map,wrist,bits,m/s^2,rad/s,m/s^2,rad/s,1.0,1.0,True,test,non_fall,non_fall,0.00012812578643206507,none,lateral
w25_00002326,bits,C:\Users\ADMIN\Desktop\ds-fall\data\raw\Dataset\adl\user36\user36_adl4.csv,C:\Users\ADMIN\Desktop\ds-fall\data\raw\Dataset,user36,user36_adl4,adl4,jumping,jumping,0,none,False,12,62,0.48,2.48,25.0,50,12,"ax,ay,az,gx,gy,gz,acc_mag,gyro_mag,jerk,roll,pitch,tilt_delta",20.0,25.0,uniform_20hz_time_interpolation_to_25hz,adl_sliding_capped,1266,1582,,,dataset_unit_map,wrist,bits,m/s^2,rad/s,m/s^2,rad/s,1.0,1.0,True,test,non_fall,non_fall,4.0164417441701517e-05,none,lateral
w25_00002327,bits,C:\Users\ADMIN\Desktop\ds-fall\data\raw\Dataset\adl\user36\user36_adl4.csv,C:\Users\ADMIN\Desktop\ds-fall\data\raw\Dataset,user36,user36_adl4,adl4,jumping,jumping,0,none,False,24,74,0.96,2.96,25.0,50,12,"ax,ay,az,gx,gy,gz,acc_mag,gyro_mag,jerk,roll,pitch,tilt_delta",20.0,25.0,uniform_20hz_time_interpolation_to_25hz,adl_sliding_capped,1266,1582,,,dataset_unit_map,wrist,bits,m/s^2,rad/s,m/s^2,rad/s,1.0,1.0,True,test,non_fall,non_fall,1.2054766557412222e-05,none,forward
w25_00002328,bits,C:\Users\ADMIN\Desktop\ds-fall\data\raw\Dataset\adl\user36\user36_adl4.csv,C:\Users\ADMIN\Desktop\ds-fall\data\raw\Dataset,user36,user36_adl4,adl4,jumping,jumping,0,none,False,36,86,1.44,3.44,25.0,50,12,"ax,ay,az,gx,gy,gz,acc_mag,gyro_mag,jerk,roll,pitch,tilt_delta",20.0,25.0,uniform_20hz_time_interpolation_to_25hz,adl_sliding_capped,1266,1582,,,dataset_unit_map,wrist,bits,m/s^2,rad/s,m/s^2,rad/s,1.0,1.0,True,test,non_fall,non_fall,0.0004473919398151338,none,lateral
w25_00002329,bits,C:\Users\ADMIN\Desktop\ds-fall\data\raw\Dataset\adl\user36\user36_adl4.csv,C:\Users\ADMIN\Desktop\ds-fall\data\raw\Dataset,user36,user36_adl4,adl4,jumping,jumping,0,none,False,48,98,1.92,3.92,25.0,50,12,"ax,ay,az,gx,gy,gz,acc_mag,gyro_mag,jerk,roll,pitch,tilt_delta",20.0,25.0,uniform_20hz_time_interpolation_to_25hz,adl_sliding_capped,1266,1582,,,dataset_unit_map,wrist,bits,m/s^2,rad/s,m/s^2,rad/s,1.0,1.0,True,test,non_fall,non_fall,1.2097424587409478e-05,none,lateral
w25_00002330,bits,C:\Users\ADMIN\Desktop\ds-fall\data\raw\Dataset\adl\user36\user36_adl5.csv,C:\Users\ADMIN\Desktop\ds-fall\data\raw\Dataset,user36,user36_adl5,adl5,climbing_up_slowly,climbing_up_slowly,0,none,False,0,50,0.0,2.0,25.0,50,12,"ax,ay,az,gx,gy,gz,acc_mag,gyro_mag,jerk,roll,pitch,tilt_delta",20.0,25.0,uniform_20hz_time_interpolation_to_25hz,adl_sliding_capped,209,261,,,dataset_unit_map,wrist,bits,m/s^2,rad/s,m/s^2,rad/s,1.0,1.0,True,test,non_fall,non_fall,2.008373940043384e-06,none,forward
w25_00002331,bits,C:\Users\ADMIN\Desktop\ds-fall\data\raw\Dataset\adl\user36\user36_adl5.csv,C:\Users\ADMIN\Desktop\ds-fall\data\raw\Dataset,user36,user36_adl5,adl5,climbing_up_slowly,climbing_up_slowly,0,none,False,12,62,0.48,2.48,25.0,50,12,"ax,ay,az,gx,gy,gz,acc_mag,gyro_mag,jerk,roll,pitch,tilt_delta",20.0,25.0,uniform_20hz_time_interpolation_to_25hz,adl_sliding_capped,209,261,,,dataset_unit_map,wrist,bits,m/s^2,rad/s,m/s^2,rad/s,1.0,1.0,True,test,non_fall,non_fall,2.8098056645831093e-06,none,forward
w25_00002332,bits,C:\Users\ADMIN\Desktop\ds-fall\data\raw\Dataset\adl\user36\user36_adl5.csv,C:\Users\ADMIN\Desktop\ds-fall\data\raw\Dataset,user36,user36_adl5,adl5,climbing_up_slowly,climbing_up_slowly,0,none,False,24,74,0.96,2.96,25.0,50,12,"ax,ay,az,gx,gy,gz,acc_mag,gyro_mag,jerk,roll,pitch,tilt_delta",20.0,25.0,uniform_20hz_time_interpolation_to_25hz,adl_sliding_capped,209,261,,,dataset_unit_map,wrist,bits,m/s^2,rad/s,m/s^2,rad/s,1.0,1.0,True,test,non_fall,non_fall,1.519925376669562e-06,none,forward
w25_00002333,bits,C:\Users\ADMIN\Desktop\ds-fall\data\raw\Dataset\adl\user36\user36_adl5.csv,C:\Users\ADMIN\Desktop\ds-fall\data\raw\Dataset,user36,user36_adl5,adl5,climbing_up_slowly,climbing_up_slowly,0,none,False,36,86,1.44,3.44,25.0,50,12,"ax,ay,az,gx,gy,gz,acc_mag,gyro_mag,jerk,roll,pitch,tilt_delta",20.0,25.0,uniform_20hz_time_interpolation_to_25hz,adl_sliding_capped,209,261,,,dataset_unit_map,wrist,bits,m/s^2,rad/s,m/s^2,rad/s,1.0,1.0,True,test,non_fall,non_fall,1.1501606422825716e-06,none,forward
w25_00002334,bits,C:\Users\ADMIN\Desktop\ds-fall\data\raw\Dataset\adl\user36\user36_adl5.csv,C:\Users\ADMIN\Desktop\ds-fall\data\raw\Dataset,user36,user36_adl5,adl5,climbing_up_slowly,climbing_up_slowly,0,none,False,48,98,1.92,3.92,25.0,50,12,"ax,ay,az,gx,gy,gz,acc_mag,gyro_mag,jerk,roll,pitch,tilt_delta",20.0,25.0,uniform_20hz_time_interpolation_to_25hz,adl_sliding_capped,209,261,,,dataset_unit_map,wrist,bits,m/s^2,rad/s,m/s^2,rad/s,1.0,1.0,True,test,non_fall,non_fall,1.1060819815611467e-06,none,forward
w25_00002335,bits,C:\Users\ADMIN\Desktop\ds-fall\data\raw\Dataset\adl\user36\user36_adl6.csv,C:\Users\ADMIN\Desktop\ds-fall\data\raw\Dataset,user36,user36_adl6,adl6,climbing_down_slowly,climbing_down_slowly,0,none,False,0,50,0.0,2.0,25.0,50,12,"ax,ay,az,gx,gy,gz,acc_mag,gyro_mag,jerk,roll,pitch,tilt_delta",20.0,25.0,uniform_20hz_time_interpolation_to_25hz,adl_sliding_capped,173,216,,,dataset_unit_map,wrist,bits,m/s^2,rad/s,m/s^2,rad/s,1.0,1.0,True,test,non_fall,non_fall,9.149215998149884e-07,none,forward
w25_00002336,bits,C:\Users\ADMIN\Desktop\ds-fall\data\raw\Dataset\adl\user36\user36_adl6.csv,C:\Users\ADMIN\Desktop\ds-fall\data\raw\Dataset,user36,user36_adl6,adl6,climbing_down_slowly,climbing_down_slowly,0,none,False,12,62,0.48,2.48,25.0,50,12,"ax,ay,az,gx,gy,gz,acc_mag,gyro_mag,jerk,roll,pitch,tilt_delta",20.0,25.0,uniform_20hz_time_interpolation_to_25hz,adl_sliding_capped,173,216,,,dataset_unit_map,wrist,bits,m/s^2,rad/s,m/s^2,rad/s,1.0,1.0,True,test,non_fall,non_fall,8.884078397386475e-07,none,forward
w25_00002337,bits,C:\Users\ADMIN\Desktop\ds-fall\data\raw\Dataset\adl\user36\user36_adl6.csv,C:\Users\ADMIN\Desktop\ds-fall\data\raw\Dataset,user36,user36_adl6,adl6,climbing_down_slowly,climbing_down_slowly,0,none,False,24,74,0.96,2.96,25.0,50,12,"ax,ay,az,gx,gy,gz,acc_mag,gyro_mag,jerk,roll,pitch,tilt_delta",20.0,25.0,uniform_20hz_time_interpolation_to_25hz,adl_sliding_capped,173,216,,,dataset_unit_map,wrist,bits,m/s^2,rad/s,m/s^2,rad/s,1.0,1.0,True,test,non_fall,non_fall,1.128618350776378e-06,none,forward
w25_00002338,bits,C:\Users\ADMIN\Desktop\ds-fall\data\raw\Dataset\adl\user36\user36_adl6.csv,C:\Users\ADMIN\Desktop\ds-fall\data\raw\Dataset,user36,user36_adl6,adl6,climbing_down_slowly,climbing_down_slowly,0,none,False,36,86,1.44,3.44,25.0,50,12,"ax,ay,az,gx,gy,gz,acc_mag,gyro_mag,jerk,roll,pitch,tilt_delta",20.0,25.0,uniform_20hz_time_interpolation_to_25hz,adl_sliding_capped,173,216,,,dataset_unit_map,wrist,bits,m/s^2,rad/s,m/s^2,rad/s,1.0,1.0,True,test,non_fall,non_fall,9.962608373825788e-07,none,forward
w25_00002339,bits,C:\Users\ADMIN\Desktop\ds-fall\data\raw\Dataset\adl\user36\user36_adl6.csv,C:\Users\ADMIN\Desktop\ds-fall\data\raw\Dataset,user36,user36_adl6,adl6,climbing_down_slowly,climbing_down_slowly,0,none,False,48,98,1.92,3.92,25.0,50,12,"ax,ay,az,gx,gy,gz,acc_mag,gyro_mag,jerk,roll,pitch,tilt_delta",20.0,25.0,uniform_20hz_time_interpolation_to_25hz,adl_sliding_capped,173,216,,,dataset_unit_map,wrist,bits,m/s^2,rad/s,m/s^2,rad/s,1.0,1.0,True,test,non_fall,non_fall,1.1607878604991129e-06,none,forward
w25_00002340,bits,C:\Users\ADMIN\Desktop\ds-fall\data\raw\Dataset\adl\user36\user36_adl7.csv,C:\Users\ADMIN\Desktop\ds-fall\data\raw\Dataset,user36,user36_adl7,adl7,climbing_up_normally,climbing_up_normally,0,none,False,0,50,0.0,2.0,25.0,50,12,"ax,ay,az,gx,gy,gz,acc_mag,gyro_mag,jerk,roll,pitch,tilt_delta",20.0,25.0,uniform_20hz_time_interpolation_to_25hz,adl_sliding_capped,776,969,,,dataset_unit_map,wrist,bits,m/s^2,rad/s,m/s^2,rad/s,1.0,1.0,True,test,non_fall,non_fall,4.746593447180203e-07,none,forward
w25_00002341,bits,C:\Users\ADMIN\Desktop\ds-fall\data\raw\Dataset\adl\user36\user36_adl7.csv,C:\Users\ADMIN\Desktop\ds-fall\data\raw\Dataset,user36,user36_adl7,adl7,climbing_up_normally,climbing_up_normally,0,none,False,12,62,0.48,2.48,25.0,50,12,"ax,ay,az,gx,gy,gz,acc_mag,gyro_mag,jerk,roll,pitch,tilt_delta",20.0,25.0,uniform_20hz_time_interpolation_to_25hz,adl_sliding_capped,776,969,,,dataset_unit_map,wrist,bits,m/s^2,rad/s,m/s^2,rad/s,1.0,1.0,True,test,non_fall,non_fall,1.6082138287742964e-08,none,forward
w25_00002342,bits,C:\Users\ADMIN\Desktop\ds-fall\data\raw\Dataset\adl\user36\user36_adl7.csv,C:\Users\ADMIN\Desktop\ds-fall\data\raw\Dataset,user36,user36_adl7,adl7,climbing_up_normally,climbing_up_normally,0,none,False,24,74,0.96,2.96,25.0,50,12,"ax,ay,az,gx,gy,gz,acc_mag,gyro_mag,jerk,roll,pitch,tilt_delta",20.0,25.0,uniform_20hz_time_interpolation_to_25hz,adl_sliding_capped,776,969,,,dataset_unit_map,wrist,bits,m/s^2,rad/s,m/s^2,rad/s,1.0,1.0,True,test,non_fall,non_fall,1.6633451949132905e-08,none,forward
w25_00002343,bits,C:\Users\ADMIN\Desktop\ds-fall\data\raw\Dataset\adl\user36\user36_adl7.csv,C:\Users\ADMIN\Desktop\ds-fall\data\raw\Dataset,user36,user36_adl7,adl7,climbing_up_normally,climbing_up_normally,0,none,False,36,86,1.44,3.44,25.0,50,12,"ax,ay,az,gx,gy,gz,acc_mag,gyro_mag,jerk,roll,pitch,tilt_delta",20.0,25.0,uniform_20hz_time_interpolation_to_25hz,adl_sliding_capped,776,969,,,dataset_unit_map,wrist,bits,m/s^2,rad/s,m/s^2,rad/s,1.0,1.0,True,test,non_fall,non_fall,1.4907003631492444e-08,none,forward
w25_00002344,bits,C:\Users\ADMIN\Desktop\ds-fall\data\raw\Dataset\adl\user36\user36_adl7.csv,C:\Users\ADMIN\Desktop\ds-fall\data\raw\Dataset,user36,user36_adl7,adl7,climbing_up_normally,climbing_up_normally,0,none,False,48,98,1.92,3.92,25.0,50,12,"ax,ay,az,gx,gy,gz,acc_mag,gyro_mag,jerk,roll,pitch,tilt_delta",20.0,25.0,uniform_20hz_time_interpolation_to_25hz,adl_sliding_capped,776,969,,,dataset_unit_map,wrist,bits,m/s^2,rad/s,m/s^2,rad/s,1.0,1.0,True,test,non_fall,non_fall,2.0644345966047695e-07,none,forward
w25_00002345,bits,C:\Users\ADMIN\Desktop\ds-fall\data\raw\Dataset\adl\user36\user36_adl8.csv,C:\Users\ADMIN\Desktop\ds-fall\data\raw\Dataset,user36,user36_adl8,adl8,climbing_down_normally,climbing_down_normally,0,none,False,0,50,0.0,2.0,25.0,50,12,"ax,ay,az,gx,gy,gz,acc_mag,gyro_mag,jerk,roll,pitch,tilt_delta",20.0,25.0,uniform_20hz_time_interpolation_to_25hz,adl_sliding_capped,165,206,,,dataset_unit_map,wrist,bits,m/s^2,rad/s,m/s^2,rad/s,1.0,1.0,True,test,non_fall,non_fall,5.637250524159754e-07,none,forward
w25_00002346,bits,C:\Users\ADMIN\Desktop\ds-fall\data\raw\Dataset\adl\user36\user36_adl8.csv,C:\Users\ADMIN\Desktop\ds-fall\data\raw\Dataset,user36,user36_adl8,adl8,climbing_down_normally,climbing_down_normally,0,none,False,12,62,0.48,2.48,25.0,50,12,"ax,ay,az,gx,gy,gz,acc_mag,gyro_mag,jerk,roll,pitch,tilt_delta",20.0,25.0,uniform_20hz_time_interpolation_to_25hz,adl_sliding_capped,165,206,,,dataset_unit_map,wrist,bits,m/s^2,rad/s,m/s^2,rad/s,1.0,1.0,True,test,non_fall,non_fall,5.599449082183128e-07,none,forward
w25_00002347,bits,C:\Users\ADMIN\Desktop\ds-fall\data\raw\Dataset\adl\user36\user36_adl8.csv,C:\Users\ADMIN\Desktop\ds-fall\data\raw\Dataset,user36,user36_adl8,adl8,climbing_down_normally,climbing_down_normally,0,none,False,24,74,0.96,2.96,25.0,50,12,"ax,ay,az,gx,gy,gz,acc_mag,gyro_mag,jerk,roll,pitch,tilt_delta",20.0,25.0,uniform_20hz_time_interpolation_to_25hz,adl_sliding_capped,165,206,,,dataset_unit_map,wrist,bits,m/s^2,rad/s,m/s^2,rad/s,1.0,1.0,True,test,non_fall,non_fall,6.503366307697434e-07,none,forward
w25_00002348,bits,C:\Users\ADMIN\Desktop\ds-fall\data\raw\Dataset\adl\user36\user36_adl8.csv,C:\Users\ADMIN\Desktop\ds-fall\data\raw\Dataset,user36,user36_adl8,adl8,climbing_down_normally,climbing_down_normally,0,none,False,36,86,1.44,3.44,25.0,50,12,"ax,ay,az,gx,gy,gz,acc_mag,gyro_mag,jerk,roll,pitch,tilt_delta",20.0,25.0,uniform_20hz_time_interpolation_to_25hz,adl_sliding_capped,165,206,,,dataset_unit_map,wrist,bits,m/s^2,rad/s,m/s^2,rad/s,1.0,1.0,True,test,non_fall,non_fall,2.4360528527722636e-07,none,forward
w25_00002349,bits,C:\Users\ADMIN\Desktop\ds-fall\data\raw\Dataset\adl\user36\user36_adl8.csv,C:\Users\ADMIN\Desktop\ds-fall\data\raw\Dataset,user36,user36_adl8,adl8,climbing_down_normally,climbing_down_normally,0,none,False,48,98,1.92,3.92,25.0,50,12,"ax,ay,az,gx,gy,gz,acc_mag,gyro_mag,jerk,roll,pitch,tilt_delta",20.0,25.0,uniform_20hz_time_interpolation_to_25hz,adl_sliding_capped,165,206,,,dataset_unit_map,wrist,bits,m/s^2,rad/s,m/s^2,rad/s,1.0,1.0,True,test,non_fall,non_fall,2.8300021881477733e-07,none,forward
w25_00002350,bits,C:\Users\ADMIN\Desktop\ds-fall\data\raw\Dataset\adl\user36\user36_adl9.csv,C:\Users\ADMIN\Desktop\ds-fall\data\raw\Dataset,user36,user36_adl9,adl9,slowly_sitting_on_chair,slowly_sitting_on_chair,0,none,False,0,50,0.0,2.0,25.0,50,12,"ax,ay,az,gx,gy,gz,acc_mag,gyro_mag,jerk,roll,pitch,tilt_delta",20.0,25.0,uniform_20hz_time_interpolation_to_25hz,adl_sliding_capped,178,222,,,dataset_unit_map,wrist,bits,m/s^2,rad/s,m/s^2,rad/s,1.0,1.0,True,test,non_fall,non_fall,2.262305997646763e-06,none,forward
w25_00002351,bits,C:\Users\ADMIN\Desktop\ds-fall\data\raw\Dataset\adl\user36\user36_adl9.csv,C:\Users\ADMIN\Desktop\ds-fall\data\raw\Dataset,user36,user36_adl9,adl9,slowly_sitting_on_chair,slowly_sitting_on_chair,0,none,False,12,62,0.48,2.48,25.0,50,12,"ax,ay,az,gx,gy,gz,acc_mag,gyro_mag,jerk,roll,pitch,tilt_delta",20.0,25.0,uniform_20hz_time_interpolation_to_25hz,adl_sliding_capped,178,222,,,dataset_unit_map,wrist,bits,m/s^2,rad/s,m/s^2,rad/s,1.0,1.0,True,test,non_fall,non_fall,9.694340405985713e-06,none,forward
w25_00002352,bits,C:\Users\ADMIN\Desktop\ds-fall\data\raw\Dataset\adl\user36\user36_adl9.csv,C:\Users\ADMIN\Desktop\ds-fall\data\raw\Dataset,user36,user36_adl9,adl9,slowly_sitting_on_chair,slowly_sitting_on_chair,0,none,False,24,74,0.96,2.96,25.0,50,12,"ax,ay,az,gx,gy,gz,acc_mag,gyro_mag,jerk,roll,pitch,tilt_delta",20.0,25.0,uniform_20hz_time_interpolation_to_25hz,adl_sliding_capped,178,222,,,dataset_unit_map,wrist,bits,m/s^2,rad/s,m/s^2,rad/s,1.0,1.0,True,test,non_fall,non_fall,7.356466994679067e-06,none,forward
w25_00002353,bits,C:\Users\ADMIN\Desktop\ds-fall\data\raw\Dataset\adl\user36\user36_adl9.csv,C:\Users\ADMIN\Desktop\ds-fall\data\raw\Dataset,user36,user36_adl9,adl9,slowly_sitting_on_chair,slowly_sitting_on_chair,0,none,False,36,86,1.44,3.44,25.0,50,12,"ax,ay,az,gx,gy,gz,acc_mag,gyro_mag,jerk,roll,pitch,tilt_delta",20.0,25.0,uniform_20hz_time_interpolation_to_25hz,adl_sliding_capped,178,222,,,dataset_unit_map,wrist,bits,m/s^2,rad/s,m/s^2,rad/s,1.0,1.0,True,test,non_fall,non_fall,2.980440967803588e-06,none,forward
w25_00002354,bits,C:\Users\ADMIN\Desktop\ds-fall\data\raw\Dataset\adl\user36\user36_adl9.csv,C:\Users\ADMIN\Desktop\ds-fall\data\raw\Dataset,user36,user36_adl9,adl9,slowly_sitting_on_chair,slowly_sitting_on_chair,0,none,False,48,98,1.92,3.92,25.0,50,12,"ax,ay,az,gx,gy,gz,acc_mag,gyro_mag,jerk,roll,pitch,tilt_delta",20.0,25.0,uniform_20hz_time_interpolation_to_25hz,adl_sliding_capped,178,222,,,dataset_unit_map,wrist,bits,m/s^2,rad/s,m/s^2,rad/s,1.0,1.0,True,test,non_fall,non_fall,2.2825797714176588e-06,none,forward
w25_00002515,bits,C:\Users\ADMIN\Desktop\ds-fall\data\raw\Dataset\adl\user39\user39_adl1.csv,C:\Users\ADMIN\Desktop\ds-fall\data\raw\Dataset,user39,user39_adl1,adl1,walking_slowly,walking_slowly,0,none,False,0,50,0.0,2.0,25.0,50,12,"ax,ay,az,gx,gy,gz,acc_mag,gyro_mag,jerk,roll,pitch,tilt_delta",20.0,25.0,uniform_20hz_time_interpolation_to_25hz,adl_sliding_capped,154,192,,,dataset_unit_map,wrist,bits,m/s^2,rad/s,m/s^2,rad/s,1.0,1.0,True,test,non_fall,non_fall,6.028677148606221e-07,none,forward
w25_00002516,bits,C:\Users\ADMIN\Desktop\ds-fall\data\raw\Dataset\adl\user39\user39_adl1.csv,C:\Users\ADMIN\Desktop\ds-fall\data\raw\Dataset,user39,user39_adl1,adl1,walking_slowly,walking_slowly,0,none,False,12,62,0.48,2.48,25.0,50,12,"ax,ay,az,gx,gy,gz,acc_mag,gyro_mag,jerk,roll,pitch,tilt_delta",20.0,25.0,uniform_20hz_time_interpolation_to_25hz,adl_sliding_capped,154,192,,,dataset_unit_map,wrist,bits,m/s^2,rad/s,m/s^2,rad/s,1.0,1.0,True,test,non_fall,non_fall,6.424670573323965e-07,none,forward
w25_00002517,bits,C:\Users\ADMIN\Desktop\ds-fall\data\raw\Dataset\adl\user39\user39_adl1.csv,C:\Users\ADMIN\Desktop\ds-fall\data\raw\Dataset,user39,user39_adl1,adl1,walking_slowly,walking_slowly,0,none,False,24,74,0.96,2.96,25.0,50,12,"ax,ay,az,gx,gy,gz,acc_mag,gyro_mag,jerk,roll,pitch,tilt_delta",20.0,25.0,uniform_20hz_time_interpolation_to_25hz,adl_sliding_capped,154,192,,,dataset_unit_map,wrist,bits,m/s^2,rad/s,m/s^2,rad/s,1.0,1.0,True,test,non_fall,non_fall,8.238508826252655e-07,none,forward
w25_00002518,bits,C:\Users\ADMIN\Desktop\ds-fall\data\raw\Dataset\adl\user39\user39_adl1.csv,C:\Users\ADMIN\Desktop\ds-fall\data\raw\Dataset,user39,user39_adl1,adl1,walking_slowly,walking_slowly,0,none,False,36,86,1.44,3.44,25.0,50,12,"ax,ay,az,gx,gy,gz,acc_mag,gyro_mag,jerk,roll,pitch,tilt_delta",20.0,25.0,uniform_20hz_time_interpolation_to_25hz,adl_sliding_capped,154,192,,,dataset_unit_map,wrist,bits,m/s^2,rad/s,m/s^2,rad/s,1.0,1.0,True,test,non_fall,non_fall,1.6306556744893896e-06,none,forward
w25_00002519,bits,C:\Users\ADMIN\Desktop\ds-fall\data\raw\Dataset\adl\user39\user39_adl1.csv,C:\Users\ADMIN\Desktop\ds-fall\data\raw\Dataset,user39,user39_adl1,adl1,walking_slowly,walking_slowly,0,none,False,48,98,1.92,3.92,25.0,50,12,"ax,ay,az,gx,gy,gz,acc_mag,gyro_mag,jerk,roll,pitch,tilt_delta",20.0,25.0,uniform_20hz_time_interpolation_to_25hz,adl_sliding_capped,154,192,,,dataset_unit_map,wrist,bits,m/s^2,rad/s,m/s^2,rad/s,1.0,1.0,True,test,non_fall,non_fall,8.326977081196674e-07,none,forward
w25_00002520,bits,C:\Users\ADMIN\Desktop\ds-fall\data\raw\Dataset\adl\user39\user39_adl10.csv,C:\Users\ADMIN\Desktop\ds-fall\data\raw\Dataset,user39,user39_adl10,adl10,rapidly_sitting_on_chair,rapidly_sitting_on_chair,0,none,False,0,50,0.0,2.0,25.0,50,12,"ax,ay,az,gx,gy,gz,acc_mag,gyro_mag,jerk,roll,pitch,tilt_delta",20.0,25.0,uniform_20hz_time_interpolation_to_25hz,adl_sliding_capped,329,411,,,dataset_unit_map,wrist,bits,m/s^2,rad/s,m/s^2,rad/s,1.0,1.0,True,test,non_fall,non_fall,0.0005434678751043975,none,forward
w25_00002521,bits,C:\Users\ADMIN\Desktop\ds-fall\data\raw\Dataset\adl\user39\user39_adl10.csv,C:\Users\ADMIN\Desktop\ds-fall\data\raw\Dataset,user39,user39_adl10,adl10,rapidly_sitting_on_chair,rapidly_sitting_on_chair,0,none,False,12,62,0.48,2.48,25.0,50,12,"ax,ay,az,gx,gy,gz,acc_mag,gyro_mag,jerk,roll,pitch,tilt_delta",20.0,25.0,uniform_20hz_time_interpolation_to_25hz,adl_sliding_capped,329,411,,,dataset_unit_map,wrist,bits,m/s^2,rad/s,m/s^2,rad/s,1.0,1.0,True,test,non_fall,non_fall,0.0008845991687849164,none,forward
w25_00002522,bits,C:\Users\ADMIN\Desktop\ds-fall\data\raw\Dataset\adl\user39\user39_adl10.csv,C:\Users\ADMIN\Desktop\ds-fall\data\raw\Dataset,user39,user39_adl10,adl10,rapidly_sitting_on_chair,rapidly_sitting_on_chair,0,none,False,24,74,0.96,2.96,25.0,50,12,"ax,ay,az,gx,gy,gz,acc_mag,gyro_mag,jerk,roll,pitch,tilt_delta",20.0,25.0,uniform_20hz_time_interpolation_to_25hz,adl_sliding_capped,329,411,,,dataset_unit_map,wrist,bits,m/s^2,rad/s,m/s^2,rad/s,1.0,1.0,True,test,non_fall,non_fall,0.0006697656353935599,none,forward
w25_00002523,bits,C:\Users\ADMIN\Desktop\ds-fall\data\raw\Dataset\adl\user39\user39_adl10.csv,C:\Users\ADMIN\Desktop\ds-fall\data\raw\Dataset,user39,user39_adl10,adl10,rapidly_sitting_on_chair,rapidly_sitting_on_chair,0,none,False,36,86,1.44,3.44,25.0,50,12,"ax,ay,az,gx,gy,gz,acc_mag,gyro_mag,jerk,roll,pitch,tilt_delta",20.0,25.0,uniform_20hz_time_interpolation_to_25hz,adl_sliding_capped,329,411,,,dataset_unit_map,wrist,bits,m/s^2,rad/s,m/s^2,rad/s,1.0,1.0,True,test,non_fall,non_fall,0.00047370573156513274,none,forward
w25_00002524,bits,C:\Users\ADMIN\Desktop\ds-fall\data\raw\Dataset\adl\user39\user39_adl10.csv,C:\Users\ADMIN\Desktop\ds-fall\data\raw\Dataset,user39,user39_adl10,adl10,rapidly_sitting_on_chair,rapidly_sitting_on_chair,0,none,False,48,98,1.92,3.92,25.0,50,12,"ax,ay,az,gx,gy,gz,acc_mag,gyro_mag,jerk,roll,pitch,tilt_delta",20.0,25.0,uniform_20hz_time_interpolation_to_25hz,adl_sliding_capped,329,411,,,dataset_unit_map,wrist,bits,m/s^2,rad/s,m/s^2,rad/s,1.0,1.0,True,test,non_fall,non_fall,0.0003886492340825498,none,forward
w25_00002525,bits,C:\Users\ADMIN\Desktop\ds-fall\data\raw\Dataset\adl\user39\user39_adl11.csv,C:\Users\ADMIN\Desktop\ds-fall\data\raw\Dataset,user39,user39_adl11,adl11,nearly_sitting_and_getting_up,nearly_sitting_and_getting_up,0,none,False,0,50,0.0,2.0,25.0,50,12,"ax,ay,az,gx,gy,gz,acc_mag,gyro_mag,jerk,roll,pitch,tilt_delta",20.0,25.0,uniform_20hz_time_interpolation_to_25hz,adl_sliding_capped,349,436,,,dataset_unit_map,wrist,bits,m/s^2,rad/s,m/s^2,rad/s,1.0,1.0,True,test,non_fall,non_fall,4.62743764728657e-06,none,forward
w25_00002526,bits,C:\Users\ADMIN\Desktop\ds-fall\data\raw\Dataset\adl\user39\user39_adl11.csv,C:\Users\ADMIN\Desktop\ds-fall\data\raw\Dataset,user39,user39_adl11,adl11,nearly_sitting_and_getting_up,nearly_sitting_and_getting_up,0,none,False,12,62,0.48,2.48,25.0,50,12,"ax,ay,az,gx,gy,gz,acc_mag,gyro_mag,jerk,roll,pitch,tilt_delta",20.0,25.0,uniform_20hz_time_interpolation_to_25hz,adl_sliding_capped,349,436,,,dataset_unit_map,wrist,bits,m/s^2,rad/s,m/s^2,rad/s,1.0,1.0,True,test,non_fall,non_fall,6.348040528791898e-07,none,forward
w25_00002527,bits,C:\Users\ADMIN\Desktop\ds-fall\data\raw\Dataset\adl\user39\user39_adl11.csv,C:\Users\ADMIN\Desktop\ds-fall\data\raw\Dataset,user39,user39_adl11,adl11,nearly_sitting_and_getting_up,nearly_sitting_and_getting_up,0,none,False,24,74,0.96,2.96,25.0,50,12,"ax,ay,az,gx,gy,gz,acc_mag,gyro_mag,jerk,roll,pitch,tilt_delta",20.0,25.0,uniform_20hz_time_interpolation_to_25hz,adl_sliding_capped,349,436,,,dataset_unit_map,wrist,bits,m/s^2,rad/s,m/s^2,rad/s,1.0,1.0,True,test,non_fall,non_fall,1.3399690601545444e-07,none,forward
w25_00002528,bits,C:\Users\ADMIN\Desktop\ds-fall\data\raw\Dataset\adl\user39\user39_adl11.csv,C:\Users\ADMIN\Desktop\ds-fall\data\raw\Dataset,user39,user39_adl11,adl11,nearly_sitting_and_getting_up,nearly_sitting_and_getting_up,0,none,False,36,86,1.44,3.44,25.0,50,12,"ax,ay,az,gx,gy,gz,acc_mag,gyro_mag,jerk,roll,pitch,tilt_delta",20.0,25.0,uniform_20hz_time_interpolation_to_25hz,adl_sliding_capped,349,436,,,dataset_unit_map,wrist,bits,m/s^2,rad/s,m/s^2,rad/s,1.0,1.0,True,test,non_fall,non_fall,5.822212756356748e-08,none,forward
w25_00002529,bits,C:\Users\ADMIN\Desktop\ds-fall\data\raw\Dataset\adl\user39\user39_adl11.csv,C:\Users\ADMIN\Desktop\ds-fall\data\raw\Dataset,user39,user39_adl11,adl11,nearly_sitting_and_getting_up,nearly_sitting_and_getting_up,0,none,False,48,98,1.92,3.92,25.0,50,12,"ax,ay,az,gx,gy,gz,acc_mag,gyro_mag,jerk,roll,pitch,tilt_delta",20.0,25.0,uniform_20hz_time_interpolation_to_25hz,adl_sliding_capped,349,436,,,dataset_unit_map,wrist,bits,m/s^2,rad/s,m/s^2,rad/s,1.0,1.0,True,test,non_fall,non_fall,7.958264092167155e-08,none,forward
w25_00002530,bits,C:\Users\ADMIN\Desktop\ds-fall\data\raw\Dataset\adl\user39\user39_adl12.csv,C:\Users\ADMIN\Desktop\ds-fall\data\raw\Dataset,user39,user39_adl12,adl12,swinging_hands,swinging_hands,0,none,False,0,50,0.0,2.0,25.0,50,12,"ax,ay,az,gx,gy,gz,acc_mag,gyro_mag,jerk,roll,pitch,tilt_delta",20.0,25.0,uniform_20hz_time_interpolation_to_25hz,adl_sliding_capped,381,476,,,dataset_unit_map,wrist,bits,m/s^2,rad/s,m/s^2,rad/s,1.0,1.0,True,test,non_fall,non_fall,4.520054062595591e-06,none,forward
w25_00002531,bits,C:\Users\ADMIN\Desktop\ds-fall\data\raw\Dataset\adl\user39\user39_adl12.csv,C:\Users\ADMIN\Desktop\ds-fall\data\raw\Dataset,user39,user39_adl12,adl12,swinging_hands,swinging_hands,0,none,False,12,62,0.48,2.48,25.0,50,12,"ax,ay,az,gx,gy,gz,acc_mag,gyro_mag,jerk,roll,pitch,tilt_delta",20.0,25.0,uniform_20hz_time_interpolation_to_25hz,adl_sliding_capped,381,476,,,dataset_unit_map,wrist,bits,m/s^2,rad/s,m/s^2,rad/s,1.0,1.0,True,test,non_fall,non_fall,5.167262770555681e-06,none,forward
w25_00002532,bits,C:\Users\ADMIN\Desktop\ds-fall\data\raw\Dataset\adl\user39\user39_adl12.csv,C:\Users\ADMIN\Desktop\ds-fall\data\raw\Dataset,user39,user39_adl12,adl12,swinging_hands,swinging_hands,0,none,False,24,74,0.96,2.96,25.0,50,12,"ax,ay,az,gx,gy,gz,acc_mag,gyro_mag,jerk,roll,pitch,tilt_delta",20.0,25.0,uniform_20hz_time_interpolation_to_25hz,adl_sliding_capped,381,476,,,dataset_unit_map,wrist,bits,m/s^2,rad/s,m/s^2,rad/s,1.0,1.0,True,test,non_fall,non_fall,9.556745226291241e-07,none,forward
w25_00002533,bits,C:\Users\ADMIN\Desktop\ds-fall\data\raw\Dataset\adl\user39\user39_adl12.csv,C:\Users\ADMIN\Desktop\ds-fall\data\raw\Dataset,user39,user39_adl12,adl12,swinging_hands,swinging_hands,0,none,False,36,86,1.44,3.44,25.0,50,12,"ax,ay,az,gx,gy,gz,acc_mag,gyro_mag,jerk,roll,pitch,tilt_delta",20.0,25.0,uniform_20hz_time_interpolation_to_25hz,adl_sliding_capped,381,476,,,dataset_unit_map,wrist,bits,m/s^2,rad/s,m/s^2,rad/s,1.0,1.0,True,test,non_fall,non_fall,5.941112490859268e-08,none,forward
w25_00002534,bits,C:\Users\ADMIN\Desktop\ds-fall\data\raw\Dataset\adl\user39\user39_adl12.csv,C:\Users\ADMIN\Desktop\ds-fall\data\raw\Dataset,user39,user39_adl12,adl12,swinging_hands,swinging_hands,0,none,False,48,98,1.92,3.92,25.0,50,12,"ax,ay,az,gx,gy,gz,acc_mag,gyro_mag,jerk,roll,pitch,tilt_delta",20.0,25.0,uniform_20hz_time_interpolation_to_25hz,adl_sliding_capped,381,476,,,dataset_unit_map,wrist,bits,m/s^2,rad/s,m/s^2,rad/s,1.0,1.0,True,test,non_fall,non_fall,1.0439030084796741e-08,none,forward
w25_00002535,bits,C:\Users\ADMIN\Desktop\ds-fall\data\raw\Dataset\adl\user39\user39_adl13.csv,C:\Users\ADMIN\Desktop\ds-fall\data\raw\Dataset,user39,user39_adl13,adl13,lying_on_bed,lying_on_bed,0,none,False,0,50,0.0,2.0,25.0,50,12,"ax,ay,az,gx,gy,gz,acc_mag,gyro_mag,jerk,roll,pitch,tilt_delta",20.0,25.0,uniform_20hz_time_interpolation_to_25hz,adl_sliding_capped,845,1056,,,dataset_unit_map,wrist,bits,m/s^2,rad/s,m/s^2,rad/s,1.0,1.0,True,test,non_fall,non_fall,1.548420129893202e-07,none,backward
w25_00002536,bits,C:\Users\ADMIN\Desktop\ds-fall\data\raw\Dataset\adl\user39\user39_adl13.csv,C:\Users\ADMIN\Desktop\ds-fall\data\raw\Dataset,user39,user39_adl13,adl13,lying_on_bed,lying_on_bed,0,none,False,12,62,0.48,2.48,25.0,50,12,"ax,ay,az,gx,gy,gz,acc_mag,gyro_mag,jerk,roll,pitch,tilt_delta",20.0,25.0,uniform_20hz_time_interpolation_to_25hz,adl_sliding_capped,845,1056,,,dataset_unit_map,wrist,bits,m/s^2,rad/s,m/s^2,rad/s,1.0,1.0,True,test,non_fall,non_fall,1.3937088283455523e-07,none,backward
w25_00002537,bits,C:\Users\ADMIN\Desktop\ds-fall\data\raw\Dataset\adl\user39\user39_adl13.csv,C:\Users\ADMIN\Desktop\ds-fall\data\raw\Dataset,user39,user39_adl13,adl13,lying_on_bed,lying_on_bed,0,none,False,24,74,0.96,2.96,25.0,50,12,"ax,ay,az,gx,gy,gz,acc_mag,gyro_mag,jerk,roll,pitch,tilt_delta",20.0,25.0,uniform_20hz_time_interpolation_to_25hz,adl_sliding_capped,845,1056,,,dataset_unit_map,wrist,bits,m/s^2,rad/s,m/s^2,rad/s,1.0,1.0,True,test,non_fall,non_fall,1.4142018756047037e-07,none,backward
w25_00002538,bits,C:\Users\ADMIN\Desktop\ds-fall\data\raw\Dataset\adl\user39\user39_adl13.csv,C:\Users\ADMIN\Desktop\ds-fall\data\raw\Dataset,user39,user39_adl13,adl13,lying_on_bed,lying_on_bed,0,none,False,36,86,1.44,3.44,25.0,50,12,"ax,ay,az,gx,gy,gz,acc_mag,gyro_mag,jerk,roll,pitch,tilt_delta",20.0,25.0,uniform_20hz_time_interpolation_to_25hz,adl_sliding_capped,845,1056,,,dataset_unit_map,wrist,bits,m/s^2,rad/s,m/s^2,rad/s,1.0,1.0,True,test,non_fall,non_fall,1.4491726574306085e-07,none,backward
w25_00002539,bits,C:\Users\ADMIN\Desktop\ds-fall\data\raw\Dataset\adl\user39\user39_adl13.csv,C:\Users\ADMIN\Desktop\ds-fall\data\raw\Dataset,user39,user39_adl13,adl13,lying_on_bed,lying_on_bed,0,none,False,48,98,1.92,3.92,25.0,50,12,"ax,ay,az,gx,gy,gz,acc_mag,gyro_mag,jerk,roll,pitch,tilt_delta",20.0,25.0,uniform_20hz_time_interpolation_to_25hz,adl_sliding_capped,845,1056,,,dataset_unit_map,wrist,bits,m/s^2,rad/s,m/s^2,rad/s,1.0,1.0,True,test,non_fall,non_fall,1.464432841657981e-07,none,backward
w25_00002540,bits,C:\Users\ADMIN\Desktop\ds-fall\data\raw\Dataset\adl\user39\user39_adl14.csv,C:\Users\ADMIN\Desktop\ds-fall\data\raw\Dataset,user39,user39_adl14,adl14,lying_on_back_getting_up_slowly,lying_on_back_getting_up_slowly,0,none,False,0,50,0.0,2.0,25.0,50,12,"ax,ay,az,gx,gy,gz,acc_mag,gyro_mag,jerk,roll,pitch,tilt_delta",20.0,25.0,uniform_20hz_time_interpolation_to_25hz,adl_sliding_capped,355,443,,,dataset_unit_map,wrist,bits,m/s^2,rad/s,m/s^2,rad/s,1.0,1.0,True,test,non_fall,non_fall,4.922810035168368e-07,none,backward
w25_00002541,bits,C:\Users\ADMIN\Desktop\ds-fall\data\raw\Dataset\adl\user39\user39_adl14.csv,C:\Users\ADMIN\Desktop\ds-fall\data\raw\Dataset,user39,user39_adl14,adl14,lying_on_back_getting_up_slowly,lying_on_back_getting_up_slowly,0,none,False,12,62,0.48,2.48,25.0,50,12,"ax,ay,az,gx,gy,gz,acc_mag,gyro_mag,jerk,roll,pitch,tilt_delta",20.0,25.0,uniform_20hz_time_interpolation_to_25hz,adl_sliding_capped,355,443,,,dataset_unit_map,wrist,bits,m/s^2,rad/s,m/s^2,rad/s,1.0,1.0,True,test,non_fall,non_fall,3.025676562629087e-07,none,backward
w25_00002542,bits,C:\Users\ADMIN\Desktop\ds-fall\data\raw\Dataset\adl\user39\user39_adl14.csv,C:\Users\ADMIN\Desktop\ds-fall\data\raw\Dataset,user39,user39_adl14,adl14,lying_on_back_getting_up_slowly,lying_on_back_getting_up_slowly,0,none,False,24,74,0.96,2.96,25.0,50,12,"ax,ay,az,gx,gy,gz,acc_mag,gyro_mag,jerk,roll,pitch,tilt_delta",20.0,25.0,uniform_20hz_time_interpolation_to_25hz,adl_sliding_capped,355,443,,,dataset_unit_map,wrist,bits,m/s^2,rad/s,m/s^2,rad/s,1.0,1.0,True,test,non_fall,non_fall,1.6182116269192193e-07,none,backward
w25_00002543,bits,C:\Users\ADMIN\Desktop\ds-fall\data\raw\Dataset\adl\user39\user39_adl14.csv,C:\Users\ADMIN\Desktop\ds-fall\data\raw\Dataset,user39,user39_adl14,adl14,lying_on_back_getting_up_slowly,lying_on_back_getting_up_slowly,0,none,False,36,86,1.44,3.44,25.0,50,12,"ax,ay,az,gx,gy,gz,acc_mag,gyro_mag,jerk,roll,pitch,tilt_delta",20.0,25.0,uniform_20hz_time_interpolation_to_25hz,adl_sliding_capped,355,443,,,dataset_unit_map,wrist,bits,m/s^2,rad/s,m/s^2,rad/s,1.0,1.0,True,test,non_fall,non_fall,1.4978718354541343e-07,none,backward
w25_00002544,bits,C:\Users\ADMIN\Desktop\ds-fall\data\raw\Dataset\adl\user39\user39_adl14.csv,C:\Users\ADMIN\Desktop\ds-fall\data\raw\Dataset,user39,user39_adl14,adl14,lying_on_back_getting_up_slowly,lying_on_back_getting_up_slowly,0,none,False,48,98,1.92,3.92,25.0,50,12,"ax,ay,az,gx,gy,gz,acc_mag,gyro_mag,jerk,roll,pitch,tilt_delta",20.0,25.0,uniform_20hz_time_interpolation_to_25hz,adl_sliding_capped,355,443,,,dataset_unit_map,wrist,bits,m/s^2,rad/s,m/s^2,rad/s,1.0,1.0,True,test,non_fall,non_fall,1.30188112734686e-07,none,backward
w25_00002545,bits,C:\Users\ADMIN\Desktop\ds-fall\data\raw\Dataset\adl\user39\user39_adl15.csv,C:\Users\ADMIN\Desktop\ds-fall\data\raw\Dataset,user39,user39_adl15,adl15,lying_on_back_getting_up_normally,lying_on_back_getting_up_normally,0,none,False,0,50,0.0,2.0,25.0,50,12,"ax,ay,az,gx,gy,gz,acc_mag,gyro_mag,jerk,roll,pitch,tilt_delta",20.0,25.0,uniform_20hz_time_interpolation_to_25hz,adl_sliding_capped,202,252,,,dataset_unit_map,wrist,bits,m/s^2,rad/s,m/s^2,rad/s,1.0,1.0,True,test,non_fall,non_fall,0.0014521927805617452,none,backward
w25_00002546,bits,C:\Users\ADMIN\Desktop\ds-fall\data\raw\Dataset\adl\user39\user39_adl15.csv,C:\Users\ADMIN\Desktop\ds-fall\data\raw\Dataset,user39,user39_adl15,adl15,lying_on_back_getting_up_normally,lying_on_back_getting_up_normally,0,none,False,12,62,0.48,2.48,25.0,50,12,"ax,ay,az,gx,gy,gz,acc_mag,gyro_mag,jerk,roll,pitch,tilt_delta",20.0,25.0,uniform_20hz_time_interpolation_to_25hz,adl_sliding_capped,202,252,,,dataset_unit_map,wrist,bits,m/s^2,rad/s,m/s^2,rad/s,1.0,1.0,True,test,non_fall,non_fall,0.00013699218106921762,none,backward
w25_00002547,bits,C:\Users\ADMIN\Desktop\ds-fall\data\raw\Dataset\adl\user39\user39_adl15.csv,C:\Users\ADMIN\Desktop\ds-fall\data\raw\Dataset,user39,user39_adl15,adl15,lying_on_back_getting_up_normally,lying_on_back_getting_up_normally,0,none,False,24,74,0.96,2.96,25.0,50,12,"ax,ay,az,gx,gy,gz,acc_mag,gyro_mag,jerk,roll,pitch,tilt_delta",20.0,25.0,uniform_20hz_time_interpolation_to_25hz,adl_sliding_capped,202,252,,,dataset_unit_map,wrist,bits,m/s^2,rad/s,m/s^2,rad/s,1.0,1.0,True,test,non_fall,non_fall,0.00014924208517186344,none,backward
w25_00002548,bits,C:\Users\ADMIN\Desktop\ds-fall\data\raw\Dataset\adl\user39\user39_adl15.csv,C:\Users\ADMIN\Desktop\ds-fall\data\raw\Dataset,user39,user39_adl15,adl15,lying_on_back_getting_up_normally,lying_on_back_getting_up_normally,0,none,False,36,86,1.44,3.44,25.0,50,12,"ax,ay,az,gx,gy,gz,acc_mag,gyro_mag,jerk,roll,pitch,tilt_delta",20.0,25.0,uniform_20hz_time_interpolation_to_25hz,adl_sliding_capped,202,252,,,dataset_unit_map,wrist,bits,m/s^2,rad/s,m/s^2,rad/s,1.0,1.0,True,test,non_fall,non_fall,0.00017937194206751883,none,backward
w25_00002549,bits,C:\Users\ADMIN\Desktop\ds-fall\data\raw\Dataset\adl\user39\user39_adl15.csv,C:\Users\ADMIN\Desktop\ds-fall\data\raw\Dataset,user39,user39_adl15,adl15,lying_on_back_getting_up_normally,lying_on_back_getting_up_normally,0,none,False,48,98,1.92,3.92,25.0,50,12,"ax,ay,az,gx,gy,gz,acc_mag,gyro_mag,jerk,roll,pitch,tilt_delta",20.0,25.0,uniform_20hz_time_interpolation_to_25hz,adl_sliding_capped,202,252,,,dataset_unit_map,wrist,bits,m/s^2,rad/s,m/s^2,rad/s,1.0,1.0,True,test,non_fall,non_fall,0.0003832552465610206,none,backward
w25_00002550,bits,C:\Users\ADMIN\Desktop\ds-fall\data\raw\Dataset\adl\user39\user39_adl16.csv,C:\Users\ADMIN\Desktop\ds-fall\data\raw\Dataset,user39,user39_adl16,adl16,lying_sideways_to_back,lying_sideways_to_back,0,none,False,0,50,0.0,2.0,25.0,50,12,"ax,ay,az,gx,gy,gz,acc_mag,gyro_mag,jerk,roll,pitch,tilt_delta",20.0,25.0,uniform_20hz_time_interpolation_to_25hz,adl_sliding_capped,255,318,,,dataset_unit_map,wrist,bits,m/s^2,rad/s,m/s^2,rad/s,1.0,1.0,True,test,non_fall,non_fall,5.431793397292495e-06,none,forward
w25_00002551,bits,C:\Users\ADMIN\Desktop\ds-fall\data\raw\Dataset\adl\user39\user39_adl16.csv,C:\Users\ADMIN\Desktop\ds-fall\data\raw\Dataset,user39,user39_adl16,adl16,lying_sideways_to_back,lying_sideways_to_back,0,none,False,12,62,0.48,2.48,25.0,50,12,"ax,ay,az,gx,gy,gz,acc_mag,gyro_mag,jerk,roll,pitch,tilt_delta",20.0,25.0,uniform_20hz_time_interpolation_to_25hz,adl_sliding_capped,255,318,,,dataset_unit_map,wrist,bits,m/s^2,rad/s,m/s^2,rad/s,1.0,1.0,True,test,non_fall,non_fall,4.476170033740345e-06,none,forward
w25_00002552,bits,C:\Users\ADMIN\Desktop\ds-fall\data\raw\Dataset\adl\user39\user39_adl16.csv,C:\Users\ADMIN\Desktop\ds-fall\data\raw\Dataset,user39,user39_adl16,adl16,lying_sideways_to_back,lying_sideways_to_back,0,none,False,24,74,0.96,2.96,25.0,50,12,"ax,ay,az,gx,gy,gz,acc_mag,gyro_mag,jerk,roll,pitch,tilt_delta",20.0,25.0,uniform_20hz_time_interpolation_to_25hz,adl_sliding_capped,255,318,,,dataset_unit_map,wrist,bits,m/s^2,rad/s,m/s^2,rad/s,1.0,1.0,True,test,non_fall,non_fall,4.500573140830966e-06,none,forward
w25_00002553,bits,C:\Users\ADMIN\Desktop\ds-fall\data\raw\Dataset\adl\user39\user39_adl16.csv,C:\Users\ADMIN\Desktop\ds-fall\data\raw\Dataset,user39,user39_adl16,adl16,lying_sideways_to_back,lying_sideways_to_back,0,none,False,36,86,1.44,3.44,25.0,50,12,"ax,ay,az,gx,gy,gz,acc_mag,gyro_mag,jerk,roll,pitch,tilt_delta",20.0,25.0,uniform_20hz_time_interpolation_to_25hz,adl_sliding_capped,255,318,,,dataset_unit_map,wrist,bits,m/s^2,rad/s,m/s^2,rad/s,1.0,1.0,True,test,non_fall,non_fall,5.620767296932172e-06,none,forward
w25_00002554,bits,C:\Users\ADMIN\Desktop\ds-fall\data\raw\Dataset\adl\user39\user39_adl16.csv,C:\Users\ADMIN\Desktop\ds-fall\data\raw\Dataset,user39,user39_adl16,adl16,lying_sideways_to_back,lying_sideways_to_back,0,none,False,48,98,1.92,3.92,25.0,50,12,"ax,ay,az,gx,gy,gz,acc_mag,gyro_mag,jerk,roll,pitch,tilt_delta",20.0,25.0,uniform_20hz_time_interpolation_to_25hz,adl_sliding_capped,255,318,,,dataset_unit_map,wrist,bits,m/s^2,rad/s,m/s^2,rad/s,1.0,1.0,True,test,non_fall,non_fall,4.585243914334569e-06,none,forward
w25_00002555,bits,C:\Users\ADMIN\Desktop\ds-fall\data\raw\Dataset\adl\user39\user39_adl2.csv,C:\Users\ADMIN\Desktop\ds-fall\data\raw\Dataset,user39,user39_adl2,adl2,walking_quickly,walking_quickly,0,none,False,0,50,0.0,2.0,25.0,50,12,"ax,ay,az,gx,gy,gz,acc_mag,gyro_mag,jerk,roll,pitch,tilt_delta",20.0,25.0,uniform_20hz_time_interpolation_to_25hz,adl_sliding_capped,1075,1343,,,dataset_unit_map,wrist,bits,m/s^2,rad/s,m/s^2,rad/s,1.0,1.0,True,test,non_fall,non_fall,9.309740676144429e-07,none,forward
w25_00002556,bits,C:\Users\ADMIN\Desktop\ds-fall\data\raw\Dataset\adl\user39\user39_adl2.csv,C:\Users\ADMIN\Desktop\ds-fall\data\raw\Dataset,user39,user39_adl2,adl2,walking_quickly,walking_quickly,0,none,False,12,62,0.48,2.48,25.0,50,12,"ax,ay,az,gx,gy,gz,acc_mag,gyro_mag,jerk,roll,pitch,tilt_delta",20.0,25.0,uniform_20hz_time_interpolation_to_25hz,adl_sliding_capped,1075,1343,,,dataset_unit_map,wrist,bits,m/s^2,rad/s,m/s^2,rad/s,1.0,1.0,True,test,non_fall,non_fall,8.312108548125252e-07,none,forward
w25_00002557,bits,C:\Users\ADMIN\Desktop\ds-fall\data\raw\Dataset\adl\user39\user39_adl2.csv,C:\Users\ADMIN\Desktop\ds-fall\data\raw\Dataset,user39,user39_adl2,adl2,walking_quickly,walking_quickly,0,none,False,24,74,0.96,2.96,25.0,50,12,"ax,ay,az,gx,gy,gz,acc_mag,gyro_mag,jerk,roll,pitch,tilt_delta",20.0,25.0,uniform_20hz_time_interpolation_to_25hz,adl_sliding_capped,1075,1343,,,dataset_unit_map,wrist,bits,m/s^2,rad/s,m/s^2,rad/s,1.0,1.0,True,test,non_fall,non_fall,1.4256543181545567e-06,none,forward
w25_00002558,bits,C:\Users\ADMIN\Desktop\ds-fall\data\raw\Dataset\adl\user39\user39_adl2.csv,C:\Users\ADMIN\Desktop\ds-fall\data\raw\Dataset,user39,user39_adl2,adl2,walking_quickly,walking_quickly,0,none,False,36,86,1.44,3.44,25.0,50,12,"ax,ay,az,gx,gy,gz,acc_mag,gyro_mag,jerk,roll,pitch,tilt_delta",20.0,25.0,uniform_20hz_time_interpolation_to_25hz,adl_sliding_capped,1075,1343,,,dataset_unit_map,wrist,bits,m/s^2,rad/s,m/s^2,rad/s,1.0,1.0,True,test,non_fall,non_fall,1.7534919152240036e-06,none,forward
w25_00002559,bits,C:\Users\ADMIN\Desktop\ds-fall\data\raw\Dataset\adl\user39\user39_adl2.csv,C:\Users\ADMIN\Desktop\ds-fall\data\raw\Dataset,user39,user39_adl2,adl2,walking_quickly,walking_quickly,0,none,False,48,98,1.92,3.92,25.0,50,12,"ax,ay,az,gx,gy,gz,acc_mag,gyro_mag,jerk,roll,pitch,tilt_delta",20.0,25.0,uniform_20hz_time_interpolation_to_25hz,adl_sliding_capped,1075,1343,,,dataset_unit_map,wrist,bits,m/s^2,rad/s,m/s^2,rad/s,1.0,1.0,True,test,non_fall,non_fall,1.2887406910522259e-06,none,forward
w25_00002560,bits,C:\Users\ADMIN\Desktop\ds-fall\data\raw\Dataset\adl\user39\user39_adl3.csv,C:\Users\ADMIN\Desktop\ds-fall\data\raw\Dataset,user39,user39_adl3,adl3,jogging,jogging,0,none,False,0,50,0.0,2.0,25.0,50,12,"ax,ay,az,gx,gy,gz,acc_mag,gyro_mag,jerk,roll,pitch,tilt_delta",20.0,25.0,uniform_20hz_time_interpolation_to_25hz,adl_sliding_capped,238,297,,,dataset_unit_map,wrist,bits,m/s^2,rad/s,m/s^2,rad/s,1.0,1.0,True,test,non_fall,non_fall,0.00033742215600796044,none,forward
w25_00002561,bits,C:\Users\ADMIN\Desktop\ds-fall\data\raw\Dataset\adl\user39\user39_adl3.csv,C:\Users\ADMIN\Desktop\ds-fall\data\raw\Dataset,user39,user39_adl3,adl3,jogging,jogging,0,none,False,12,62,0.48,2.48,25.0,50,12,"ax,ay,az,gx,gy,gz,acc_mag,gyro_mag,jerk,roll,pitch,tilt_delta",20.0,25.0,uniform_20hz_time_interpolation_to_25hz,adl_sliding_capped,238,297,,,dataset_unit_map,wrist,bits,m/s^2,rad/s,m/s^2,rad/s,1.0,1.0,True,test,non_fall,non_fall,0.00015660919598303735,none,forward
w25_00002562,bits,C:\Users\ADMIN\Desktop\ds-fall\data\raw\Dataset\adl\user39\user39_adl3.csv,C:\Users\ADMIN\Desktop\ds-fall\data\raw\Dataset,user39,user39_adl3,adl3,jogging,jogging,0,none,False,24,74,0.96,2.96,25.0,50,12,"ax,ay,az,gx,gy,gz,acc_mag,gyro_mag,jerk,roll,pitch,tilt_delta",20.0,25.0,uniform_20hz_time_interpolation_to_25hz,adl_sliding_capped,238,297,,,dataset_unit_map,wrist,bits,m/s^2,rad/s,m/s^2,rad/s,1.0,1.0,True,test,non_fall,non_fall,4.475009063753532e-06,none,forward
w25_00002563,bits,C:\Users\ADMIN\Desktop\ds-fall\data\raw\Dataset\adl\user39\user39_adl3.csv,C:\Users\ADMIN\Desktop\ds-fall\data\raw\Dataset,user39,user39_adl3,adl3,jogging,jogging,0,none,False,36,86,1.44,3.44,25.0,50,12,"ax,ay,az,gx,gy,gz,acc_mag,gyro_mag,jerk,roll,pitch,tilt_delta",20.0,25.0,uniform_20hz_time_interpolation_to_25hz,adl_sliding_capped,238,297,,,dataset_unit_map,wrist,bits,m/s^2,rad/s,m/s^2,rad/s,1.0,1.0,True,test,non_fall,non_fall,4.628823262464721e-07,none,forward
w25_00002564,bits,C:\Users\ADMIN\Desktop\ds-fall\data\raw\Dataset\adl\user39\user39_adl3.csv,C:\Users\ADMIN\Desktop\ds-fall\data\raw\Dataset,user39,user39_adl3,adl3,jogging,jogging,0,none,False,48,98,1.92,3.92,25.0,50,12,"ax,ay,az,gx,gy,gz,acc_mag,gyro_mag,jerk,roll,pitch,tilt_delta",20.0,25.0,uniform_20hz_time_interpolation_to_25hz,adl_sliding_capped,238,297,,,dataset_unit_map,wrist,bits,m/s^2,rad/s,m/s^2,rad/s,1.0,1.0,True,test,non_fall,non_fall,4.548124650227692e-07,none,forward
w25_00002565,bits,C:\Users\ADMIN\Desktop\ds-fall\data\raw\Dataset\adl\user39\user39_adl4.csv,C:\Users\ADMIN\Desktop\ds-fall\data\raw\Dataset,user39,user39_adl4,adl4,jumping,jumping,0,none,False,0,50,0.0,2.0,25.0,50,12,"ax,ay,az,gx,gy,gz,acc_mag,gyro_mag,jerk,roll,pitch,tilt_delta",20.0,25.0,uniform_20hz_time_interpolation_to_25hz,adl_sliding_capped,934,1167,,,dataset_unit_map,wrist,bits,m/s^2,rad/s,m/s^2,rad/s,1.0,1.0,True,test,non_fall,non_fall,1.5113353128981544e-06,none,forward
w25_00002566,bits,C:\Users\ADMIN\Desktop\ds-fall\data\raw\Dataset\adl\user39\user39_adl4.csv,C:\Users\ADMIN\Desktop\ds-fall\data\raw\Dataset,user39,user39_adl4,adl4,jumping,jumping,0,none,False,12,62,0.48,2.48,25.0,50,12,"ax,ay,az,gx,gy,gz,acc_mag,gyro_mag,jerk,roll,pitch,tilt_delta",20.0,25.0,uniform_20hz_time_interpolation_to_25hz,adl_sliding_capped,934,1167,,,dataset_unit_map,wrist,bits,m/s^2,rad/s,m/s^2,rad/s,1.0,1.0,True,test,non_fall,non_fall,1.2880590475106146e-05,none,forward
w25_00002567,bits,C:\Users\ADMIN\Desktop\ds-fall\data\raw\Dataset\adl\user39\user39_adl4.csv,C:\Users\ADMIN\Desktop\ds-fall\data\raw\Dataset,user39,user39_adl4,adl4,jumping,jumping,0,none,False,24,74,0.96,2.96,25.0,50,12,"ax,ay,az,gx,gy,gz,acc_mag,gyro_mag,jerk,roll,pitch,tilt_delta",20.0,25.0,uniform_20hz_time_interpolation_to_25hz,adl_sliding_capped,934,1167,,,dataset_unit_map,wrist,bits,m/s^2,rad/s,m/s^2,rad/s,1.0,1.0,True,test,non_fall,non_fall,4.409372195368633e-06,none,forward
w25_00002568,bits,C:\Users\ADMIN\Desktop\ds-fall\data\raw\Dataset\adl\user39\user39_adl4.csv,C:\Users\ADMIN\Desktop\ds-fall\data\raw\Dataset,user39,user39_adl4,adl4,jumping,jumping,0,none,False,36,86,1.44,3.44,25.0,50,12,"ax,ay,az,gx,gy,gz,acc_mag,gyro_mag,jerk,roll,pitch,tilt_delta",20.0,25.0,uniform_20hz_time_interpolation_to_25hz,adl_sliding_capped,934,1167,,,dataset_unit_map,wrist,bits,m/s^2,rad/s,m/s^2,rad/s,1.0,1.0,True,test,non_fall,non_fall,3.3177684599650092e-06,none,forward
w25_00002569,bits,C:\Users\ADMIN\Desktop\ds-fall\data\raw\Dataset\adl\user39\user39_adl4.csv,C:\Users\ADMIN\Desktop\ds-fall\data\raw\Dataset,user39,user39_adl4,adl4,jumping,jumping,0,none,False,48,98,1.92,3.92,25.0,50,12,"ax,ay,az,gx,gy,gz,acc_mag,gyro_mag,jerk,roll,pitch,tilt_delta",20.0,25.0,uniform_20hz_time_interpolation_to_25hz,adl_sliding_capped,934,1167,,,dataset_unit_map,wrist,bits,m/s^2,rad/s,m/s^2,rad/s,1.0,1.0,True,test,non_fall,non_fall,3.2617983379168436e-05,none,forward
w25_00002570,bits,C:\Users\ADMIN\Desktop\ds-fall\data\raw\Dataset\adl\user39\user39_adl5.csv,C:\Users\ADMIN\Desktop\ds-fall\data\raw\Dataset,user39,user39_adl5,adl5,climbing_up_slowly,climbing_up_slowly,0,none,False,0,50,0.0,2.0,25.0,50,12,"ax,ay,az,gx,gy,gz,acc_mag,gyro_mag,jerk,roll,pitch,tilt_delta",20.0,25.0,uniform_20hz_time_interpolation_to_25hz,adl_sliding_capped,923,1153,,,dataset_unit_map,wrist,bits,m/s^2,rad/s,m/s^2,rad/s,1.0,1.0,True,test,non_fall,non_fall,1.2454796660676948e-07,none,backward
w25_00002571,bits,C:\Users\ADMIN\Desktop\ds-fall\data\raw\Dataset\adl\user39\user39_adl5.csv,C:\Users\ADMIN\Desktop\ds-fall\data\raw\Dataset,user39,user39_adl5,adl5,climbing_up_slowly,climbing_up_slowly,0,none,False,12,62,0.48,2.48,25.0,50,12,"ax,ay,az,gx,gy,gz,acc_mag,gyro_mag,jerk,roll,pitch,tilt_delta",20.0,25.0,uniform_20hz_time_interpolation_to_25hz,adl_sliding_capped,923,1153,,,dataset_unit_map,wrist,bits,m/s^2,rad/s,m/s^2,rad/s,1.0,1.0,True,test,non_fall,non_fall,1.8692369962991506e-07,none,backward
w25_00002572,bits,C:\Users\ADMIN\Desktop\ds-fall\data\raw\Dataset\adl\user39\user39_adl5.csv,C:\Users\ADMIN\Desktop\ds-fall\data\raw\Dataset,user39,user39_adl5,adl5,climbing_up_slowly,climbing_up_slowly,0,none,False,24,74,0.96,2.96,25.0,50,12,"ax,ay,az,gx,gy,gz,acc_mag,gyro_mag,jerk,roll,pitch,tilt_delta",20.0,25.0,uniform_20hz_time_interpolation_to_25hz,adl_sliding_capped,923,1153,,,dataset_unit_map,wrist,bits,m/s^2,rad/s,m/s^2,rad/s,1.0,1.0,True,test,non_fall,non_fall,1.4111185464571463e-06,none,backward
w25_00002573,bits,C:\Users\ADMIN\Desktop\ds-fall\data\raw\Dataset\adl\user39\user39_adl5.csv,C:\Users\ADMIN\Desktop\ds-fall\data\raw\Dataset,user39,user39_adl5,adl5,climbing_up_slowly,climbing_up_slowly,0,none,False,36,86,1.44,3.44,25.0,50,12,"ax,ay,az,gx,gy,gz,acc_mag,gyro_mag,jerk,roll,pitch,tilt_delta",20.0,25.0,uniform_20hz_time_interpolation_to_25hz,adl_sliding_capped,923,1153,,,dataset_unit_map,wrist,bits,m/s^2,rad/s,m/s^2,rad/s,1.0,1.0,True,test,non_fall,non_fall,0.004050056450068951,none,backward
w25_00002574,bits,C:\Users\ADMIN\Desktop\ds-fall\data\raw\Dataset\adl\user39\user39_adl5.csv,C:\Users\ADMIN\Desktop\ds-fall\data\raw\Dataset,user39,user39_adl5,adl5,climbing_up_slowly,climbing_up_slowly,0,none,False,48,98,1.92,3.92,25.0,50,12,"ax,ay,az,gx,gy,gz,acc_mag,gyro_mag,jerk,roll,pitch,tilt_delta",20.0,25.0,uniform_20hz_time_interpolation_to_25hz,adl_sliding_capped,923,1153,,,dataset_unit_map,wrist,bits,m/s^2,rad/s,m/s^2,rad/s,1.0,1.0,True,test,non_fall,non_fall,0.0005418392829596996,none,backward
w25_00002575,bits,C:\Users\ADMIN\Desktop\ds-fall\data\raw\Dataset\adl\user39\user39_adl6.csv,C:\Users\ADMIN\Desktop\ds-fall\data\raw\Dataset,user39,user39_adl6,adl6,climbing_down_slowly,climbing_down_slowly,0,none,False,0,50,0.0,2.0,25.0,50,12,"ax,ay,az,gx,gy,gz,acc_mag,gyro_mag,jerk,roll,pitch,tilt_delta",20.0,25.0,uniform_20hz_time_interpolation_to_25hz,adl_sliding_capped,203,253,,,dataset_unit_map,wrist,bits,m/s^2,rad/s,m/s^2,rad/s,1.0,1.0,True,test,non_fall,non_fall,9.871288852991711e-08,none,forward
w25_00002576,bits,C:\Users\ADMIN\Desktop\ds-fall\data\raw\Dataset\adl\user39\user39_adl6.csv,C:\Users\ADMIN\Desktop\ds-fall\data\raw\Dataset,user39,user39_adl6,adl6,climbing_down_slowly,climbing_down_slowly,0,none,False,12,62,0.48,2.48,25.0,50,12,"ax,ay,az,gx,gy,gz,acc_mag,gyro_mag,jerk,roll,pitch,tilt_delta",20.0,25.0,uniform_20hz_time_interpolation_to_25hz,adl_sliding_capped,203,253,,,dataset_unit_map,wrist,bits,m/s^2,rad/s,m/s^2,rad/s,1.0,1.0,True,test,non_fall,non_fall,1.6705411098882905e-07,none,forward
w25_00002577,bits,C:\Users\ADMIN\Desktop\ds-fall\data\raw\Dataset\adl\user39\user39_adl6.csv,C:\Users\ADMIN\Desktop\ds-fall\data\raw\Dataset,user39,user39_adl6,adl6,climbing_down_slowly,climbing_down_slowly,0,none,False,24,74,0.96,2.96,25.0,50,12,"ax,ay,az,gx,gy,gz,acc_mag,gyro_mag,jerk,roll,pitch,tilt_delta",20.0,25.0,uniform_20hz_time_interpolation_to_25hz,adl_sliding_capped,203,253,,,dataset_unit_map,wrist,bits,m/s^2,rad/s,m/s^2,rad/s,1.0,1.0,True,test,non_fall,non_fall,8.345994046976557e-07,none,forward
w25_00002578,bits,C:\Users\ADMIN\Desktop\ds-fall\data\raw\Dataset\adl\user39\user39_adl6.csv,C:\Users\ADMIN\Desktop\ds-fall\data\raw\Dataset,user39,user39_adl6,adl6,climbing_down_slowly,climbing_down_slowly,0,none,False,36,86,1.44,3.44,25.0,50,12,"ax,ay,az,gx,gy,gz,acc_mag,gyro_mag,jerk,roll,pitch,tilt_delta",20.0,25.0,uniform_20hz_time_interpolation_to_25hz,adl_sliding_capped,203,253,,,dataset_unit_map,wrist,bits,m/s^2,rad/s,m/s^2,rad/s,1.0,1.0,True,test,non_fall,non_fall,3.1483716611546697e-06,none,forward
w25_00002579,bits,C:\Users\ADMIN\Desktop\ds-fall\data\raw\Dataset\adl\user39\user39_adl6.csv,C:\Users\ADMIN\Desktop\ds-fall\data\raw\Dataset,user39,user39_adl6,adl6,climbing_down_slowly,climbing_down_slowly,0,none,False,48,98,1.92,3.92,25.0,50,12,"ax,ay,az,gx,gy,gz,acc_mag,gyro_mag,jerk,roll,pitch,tilt_delta",20.0,25.0,uniform_20hz_time_interpolation_to_25hz,adl_sliding_capped,203,253,,,dataset_unit_map,wrist,bits,m/s^2,rad/s,m/s^2,rad/s,1.0,1.0,True,test,non_fall,non_fall,1.1266767785400589e-07,none,forward
w25_00002580,bits,C:\Users\ADMIN\Desktop\ds-fall\data\raw\Dataset\adl\user39\user39_adl7.csv,C:\Users\ADMIN\Desktop\ds-fall\data\raw\Dataset,user39,user39_adl7,adl7,climbing_up_normally,climbing_up_normally,0,none,False,0,50,0.0,2.0,25.0,50,12,"ax,ay,az,gx,gy,gz,acc_mag,gyro_mag,jerk,roll,pitch,tilt_delta",20.0,25.0,uniform_20hz_time_interpolation_to_25hz,adl_sliding_capped,843,1053,,,dataset_unit_map,wrist,bits,m/s^2,rad/s,m/s^2,rad/s,1.0,1.0,True,test,non_fall,non_fall,0.00010890219709835947,none,forward
w25_00002581,bits,C:\Users\ADMIN\Desktop\ds-fall\data\raw\Dataset\adl\user39\user39_adl7.csv,C:\Users\ADMIN\Desktop\ds-fall\data\raw\Dataset,user39,user39_adl7,adl7,climbing_up_normally,climbing_up_normally,0,none,False,12,62,0.48,2.48,25.0,50,12,"ax,ay,az,gx,gy,gz,acc_mag,gyro_mag,jerk,roll,pitch,tilt_delta",20.0,25.0,uniform_20hz_time_interpolation_to_25hz,adl_sliding_capped,843,1053,,,dataset_unit_map,wrist,bits,m/s^2,rad/s,m/s^2,rad/s,1.0,1.0,True,test,non_fall,non_fall,1.4094308426138014e-05,none,forward
w25_00002582,bits,C:\Users\ADMIN\Desktop\ds-fall\data\raw\Dataset\adl\user39\user39_adl7.csv,C:\Users\ADMIN\Desktop\ds-fall\data\raw\Dataset,user39,user39_adl7,adl7,climbing_up_normally,climbing_up_normally,0,none,False,24,74,0.96,2.96,25.0,50,12,"ax,ay,az,gx,gy,gz,acc_mag,gyro_mag,jerk,roll,pitch,tilt_delta",20.0,25.0,uniform_20hz_time_interpolation_to_25hz,adl_sliding_capped,843,1053,,,dataset_unit_map,wrist,bits,m/s^2,rad/s,m/s^2,rad/s,1.0,1.0,True,test,non_fall,non_fall,5.953992513241246e-06,none,forward
w25_00002583,bits,C:\Users\ADMIN\Desktop\ds-fall\data\raw\Dataset\adl\user39\user39_adl7.csv,C:\Users\ADMIN\Desktop\ds-fall\data\raw\Dataset,user39,user39_adl7,adl7,climbing_up_normally,climbing_up_normally,0,none,False,36,86,1.44,3.44,25.0,50,12,"ax,ay,az,gx,gy,gz,acc_mag,gyro_mag,jerk,roll,pitch,tilt_delta",20.0,25.0,uniform_20hz_time_interpolation_to_25hz,adl_sliding_capped,843,1053,,,dataset_unit_map,wrist,bits,m/s^2,rad/s,m/s^2,rad/s,1.0,1.0,True,test,non_fall,non_fall,3.2399270821770187e-06,none,forward
w25_00002584,bits,C:\Users\ADMIN\Desktop\ds-fall\data\raw\Dataset\adl\user39\user39_adl7.csv,C:\Users\ADMIN\Desktop\ds-fall\data\raw\Dataset,user39,user39_adl7,adl7,climbing_up_normally,climbing_up_normally,0,none,False,48,98,1.92,3.92,25.0,50,12,"ax,ay,az,gx,gy,gz,acc_mag,gyro_mag,jerk,roll,pitch,tilt_delta",20.0,25.0,uniform_20hz_time_interpolation_to_25hz,adl_sliding_capped,843,1053,,,dataset_unit_map,wrist,bits,m/s^2,rad/s,m/s^2,rad/s,1.0,1.0,True,test,non_fall,non_fall,5.195804078539368e-06,none,forward
w25_00002585,bits,C:\Users\ADMIN\Desktop\ds-fall\data\raw\Dataset\adl\user39\user39_adl8.csv,C:\Users\ADMIN\Desktop\ds-fall\data\raw\Dataset,user39,user39_adl8,adl8,climbing_down_normally,climbing_down_normally,0,none,False,0,50,0.0,2.0,25.0,50,12,"ax,ay,az,gx,gy,gz,acc_mag,gyro_mag,jerk,roll,pitch,tilt_delta",20.0,25.0,uniform_20hz_time_interpolation_to_25hz,adl_sliding_capped,783,978,,,dataset_unit_map,wrist,bits,m/s^2,rad/s,m/s^2,rad/s,1.0,1.0,True,test,non_fall,non_fall,0.0003273027250543237,none,forward
w25_00002586,bits,C:\Users\ADMIN\Desktop\ds-fall\data\raw\Dataset\adl\user39\user39_adl8.csv,C:\Users\ADMIN\Desktop\ds-fall\data\raw\Dataset,user39,user39_adl8,adl8,climbing_down_normally,climbing_down_normally,0,none,False,12,62,0.48,2.48,25.0,50,12,"ax,ay,az,gx,gy,gz,acc_mag,gyro_mag,jerk,roll,pitch,tilt_delta",20.0,25.0,uniform_20hz_time_interpolation_to_25hz,adl_sliding_capped,783,978,,,dataset_unit_map,wrist,bits,m/s^2,rad/s,m/s^2,rad/s,1.0,1.0,True,test,non_fall,non_fall,0.0003450557414907962,none,forward
w25_00002587,bits,C:\Users\ADMIN\Desktop\ds-fall\data\raw\Dataset\adl\user39\user39_adl8.csv,C:\Users\ADMIN\Desktop\ds-fall\data\raw\Dataset,user39,user39_adl8,adl8,climbing_down_normally,climbing_down_normally,0,none,False,24,74,0.96,2.96,25.0,50,12,"ax,ay,az,gx,gy,gz,acc_mag,gyro_mag,jerk,roll,pitch,tilt_delta",20.0,25.0,uniform_20hz_time_interpolation_to_25hz,adl_sliding_capped,783,978,,,dataset_unit_map,wrist,bits,m/s^2,rad/s,m/s^2,rad/s,1.0,1.0,True,test,non_fall,non_fall,0.00025293827638961375,none,forward
w25_00002588,bits,C:\Users\ADMIN\Desktop\ds-fall\data\raw\Dataset\adl\user39\user39_adl8.csv,C:\Users\ADMIN\Desktop\ds-fall\data\raw\Dataset,user39,user39_adl8,adl8,climbing_down_normally,climbing_down_normally,0,none,False,36,86,1.44,3.44,25.0,50,12,"ax,ay,az,gx,gy,gz,acc_mag,gyro_mag,jerk,roll,pitch,tilt_delta",20.0,25.0,uniform_20hz_time_interpolation_to_25hz,adl_sliding_capped,783,978,,,dataset_unit_map,wrist,bits,m/s^2,rad/s,m/s^2,rad/s,1.0,1.0,True,test,non_fall,non_fall,0.0001825910876505077,none,forward
w25_00002589,bits,C:\Users\ADMIN\Desktop\ds-fall\data\raw\Dataset\adl\user39\user39_adl8.csv,C:\Users\ADMIN\Desktop\ds-fall\data\raw\Dataset,user39,user39_adl8,adl8,climbing_down_normally,climbing_down_normally,0,none,False,48,98,1.92,3.92,25.0,50,12,"ax,ay,az,gx,gy,gz,acc_mag,gyro_mag,jerk,roll,pitch,tilt_delta",20.0,25.0,uniform_20hz_time_interpolation_to_25hz,adl_sliding_capped,783,978,,,dataset_unit_map,wrist,bits,m/s^2,rad/s,m/s^2,rad/s,1.0,1.0,True,test,non_fall,non_fall,0.00013951865548733622,none,forward
w25_00002590,bits,C:\Users\ADMIN\Desktop\ds-fall\data\raw\Dataset\adl\user39\user39_adl9.csv,C:\Users\ADMIN\Desktop\ds-fall\data\raw\Dataset,user39,user39_adl9,adl9,slowly_sitting_on_chair,slowly_sitting_on_chair,0,none,False,0,50,0.0,2.0,25.0,50,12,"ax,ay,az,gx,gy,gz,acc_mag,gyro_mag,jerk,roll,pitch,tilt_delta",20.0,25.0,uniform_20hz_time_interpolation_to_25hz,adl_sliding_capped,157,196,,,dataset_unit_map,wrist,bits,m/s^2,rad/s,m/s^2,rad/s,1.0,1.0,True,test,non_fall,non_fall,0.0001358372246613726,none,forward
w25_00002591,bits,C:\Users\ADMIN\Desktop\ds-fall\data\raw\Dataset\adl\user39\user39_adl9.csv,C:\Users\ADMIN\Desktop\ds-fall\data\raw\Dataset,user39,user39_adl9,adl9,slowly_sitting_on_chair,slowly_sitting_on_chair,0,none,False,12,62,0.48,2.48,25.0,50,12,"ax,ay,az,gx,gy,gz,acc_mag,gyro_mag,jerk,roll,pitch,tilt_delta",20.0,25.0,uniform_20hz_time_interpolation_to_25hz,adl_sliding_capped,157,196,,,dataset_unit_map,wrist,bits,m/s^2,rad/s,m/s^2,rad/s,1.0,1.0,True,test,non_fall,non_fall,0.0002513487415853888,none,forward
w25_00002592,bits,C:\Users\ADMIN\Desktop\ds-fall\data\raw\Dataset\adl\user39\user39_adl9.csv,C:\Users\ADMIN\Desktop\ds-fall\data\raw\Dataset,user39,user39_adl9,adl9,slowly_sitting_on_chair,slowly_sitting_on_chair,0,none,False,24,74,0.96,2.96,25.0,50,12,"ax,ay,az,gx,gy,gz,acc_mag,gyro_mag,jerk,roll,pitch,tilt_delta",20.0,25.0,uniform_20hz_time_interpolation_to_25hz,adl_sliding_capped,157,196,,,dataset_unit_map,wrist,bits,m/s^2,rad/s,m/s^2,rad/s,1.0,1.0,True,test,non_fall,non_fall,0.00026441802037879825,none,forward
w25_00002593,bits,C:\Users\ADMIN\Desktop\ds-fall\data\raw\Dataset\adl\user39\user39_adl9.csv,C:\Users\ADMIN\Desktop\ds-fall\data\raw\Dataset,user39,user39_adl9,adl9,slowly_sitting_on_chair,slowly_sitting_on_chair,0,none,False,36,86,1.44,3.44,25.0,50,12,"ax,ay,az,gx,gy,gz,acc_mag,gyro_mag,jerk,roll,pitch,tilt_delta",20.0,25.0,uniform_20hz_time_interpolation_to_25hz,adl_sliding_capped,157,196,,,dataset_unit_map,wrist,bits,m/s^2,rad/s,m/s^2,rad/s,1.0,1.0,True,test,non_fall,non_fall,0.00040735554648563266,none,forward
w25_00002594,bits,C:\Users\ADMIN\Desktop\ds-fall\data\raw\Dataset\adl\user39\user39_adl9.csv,C:\Users\ADMIN\Desktop\ds-fall\data\raw\Dataset,user39,user39_adl9,adl9,slowly_sitting_on_chair,slowly_sitting_on_chair,0,none,False,48,98,1.92,3.92,25.0,50,12,"ax,ay,az,gx,gy,gz,acc_mag,gyro_mag,jerk,roll,pitch,tilt_delta",20.0,25.0,uniform_20hz_time_interpolation_to_25hz,adl_sliding_capped,157,196,,,dataset_unit_map,wrist,bits,m/s^2,rad/s,m/s^2,rad/s,1.0,1.0,True,test,non_fall,non_fall,0.0006411094218492508,none,forward
w25_00003296,bits,C:\Users\ADMIN\Desktop\ds-fall\data\raw\Dataset\fall\user17\user17_fall1.csv,C:\Users\ADMIN\Desktop\ds-fall\data\raw\Dataset,user17,user17_fall1,fall1,forward_fall_landing_on_knee,forward_fall_landing_on_knee,1,forward,True,116,166,4.64,6.64,25.0,50,12,"ax,ay,az,gx,gy,gz,acc_mag,gyro_mag,jerk,roll,pitch,tilt_delta",20.0,25.0,uniform_20hz_time_interpolation_to_25hz,impact_peak_centered_label_by_activity,180,224,,,dataset_unit_map,wrist,bits,m/s^2,rad/s,m/s^2,rad/s,1.0,1.0,True,test,fall,fall,0.999994158744812,forward,forward
w25_00003297,bits,C:\Users\ADMIN\Desktop\ds-fall\data\raw\Dataset\fall\user17\user17_fall2.csv,C:\Users\ADMIN\Desktop\ds-fall\data\raw\Dataset,user17,user17_fall2,fall2,right_fall,right_fall,1,lateral,True,38,88,1.52,3.52,25.0,50,12,"ax,ay,az,gx,gy,gz,acc_mag,gyro_mag,jerk,roll,pitch,tilt_delta",20.0,25.0,uniform_20hz_time_interpolation_to_25hz,impact_peak_centered_label_by_activity,479,598,,,dataset_unit_map,wrist,bits,m/s^2,rad/s,m/s^2,rad/s,1.0,1.0,True,test,fall,fall,1.0,lateral,lateral
w25_00003298,bits,C:\Users\ADMIN\Desktop\ds-fall\data\raw\Dataset\fall\user17\user17_fall3.csv,C:\Users\ADMIN\Desktop\ds-fall\data\raw\Dataset,user17,user17_fall3,fall3,left_fall,left_fall,1,lateral,True,37,87,1.48,3.48,25.0,50,12,"ax,ay,az,gx,gy,gz,acc_mag,gyro_mag,jerk,roll,pitch,tilt_delta",20.0,25.0,uniform_20hz_time_interpolation_to_25hz,impact_peak_centered_label_by_activity,1145,1431,,,dataset_unit_map,wrist,bits,m/s^2,rad/s,m/s^2,rad/s,1.0,1.0,True,test,fall,fall,1.0,lateral,lateral
w25_00003299,bits,C:\Users\ADMIN\Desktop\ds-fall\data\raw\Dataset\fall\user17\user17_fall4.csv,C:\Users\ADMIN\Desktop\ds-fall\data\raw\Dataset,user17,user17_fall4,fall4,forward_fall,forward_fall,1,forward,True,59,109,2.36,4.36,25.0,50,12,"ax,ay,az,gx,gy,gz,acc_mag,gyro_mag,jerk,roll,pitch,tilt_delta",20.0,25.0,uniform_20hz_time_interpolation_to_25hz,impact_peak_centered_label_by_activity,391,488,,,dataset_unit_map,wrist,bits,m/s^2,rad/s,m/s^2,rad/s,1.0,1.0,True,test,fall,fall,1.0,forward,forward
w25_00003300,bits,C:\Users\ADMIN\Desktop\ds-fall\data\raw\Dataset\fall\user17\user17_fall5.csv,C:\Users\ADMIN\Desktop\ds-fall\data\raw\Dataset,user17,user17_fall5,fall5,seated_on_bed_falling_on_ground,seated_on_bed_falling_on_ground,1,other,False,166,216,6.64,8.64,25.0,50,12,"ax,ay,az,gx,gy,gz,acc_mag,gyro_mag,jerk,roll,pitch,tilt_delta",20.0,25.0,uniform_20hz_time_interpolation_to_25hz,impact_peak_centered_label_by_activity,1233,1541,,,dataset_unit_map,wrist,bits,m/s^2,rad/s,m/s^2,rad/s,1.0,1.0,True,test,fall,fall,0.8796560764312744,none,lateral
w25_00003301,bits,C:\Users\ADMIN\Desktop\ds-fall\data\raw\Dataset\fall\user17\user17_fall6.csv,C:\Users\ADMIN\Desktop\ds-fall\data\raw\Dataset,user17,user17_fall6,fall6,forward_fall_body_weight_on_hand,forward_fall_body_weight_on_hand,1,forward,True,135,185,5.4,7.4,25.0,50,12,"ax,ay,az,gx,gy,gz,acc_mag,gyro_mag,jerk,roll,pitch,tilt_delta",20.0,25.0,uniform_20hz_time_interpolation_to_25hz,impact_peak_centered_label_by_activity,702,877,,,dataset_unit_map,wrist,bits,m/s^2,rad/s,m/s^2,rad/s,1.0,1.0,True,test,fall,fall,1.0,forward,forward
w25_00003302,bits,C:\Users\ADMIN\Desktop\ds-fall\data\raw\Dataset\fall\user17\user17_fall7.csv,C:\Users\ADMIN\Desktop\ds-fall\data\raw\Dataset,user17,user17_fall7,fall7,backward_fall_from_seated,backward_fall_from_seated,1,backward,True,231,281,9.24,11.24,25.0,50,12,"ax,ay,az,gx,gy,gz,acc_mag,gyro_mag,jerk,roll,pitch,tilt_delta",20.0,25.0,uniform_20hz_time_interpolation_to_25hz,impact_peak_centered_label_by_activity,331,413,,,dataset_unit_map,wrist,bits,m/s^2,rad/s,m/s^2,rad/s,1.0,1.0,True,test,fall,fall,0.9985575079917908,backward,backward
w25_00003303,bits,C:\Users\ADMIN\Desktop\ds-fall\data\raw\Dataset\fall\user17\user17_fall8.csv,C:\Users\ADMIN\Desktop\ds-fall\data\raw\Dataset,user17,user17_fall8,fall8,grabbing_while_falling,grabbing_while_falling,1,other,False,119,169,4.76,6.76,25.0,50,12,"ax,ay,az,gx,gy,gz,acc_mag,gyro_mag,jerk,roll,pitch,tilt_delta",20.0,25.0,uniform_20hz_time_interpolation_to_25hz,impact_peak_centered_label_by_activity,1179,1473,,,dataset_unit_map,wrist,bits,m/s^2,rad/s,m/s^2,rad/s,1.0,1.0,True,test,fall,fall,0.9999998807907104,none,forward
w25_00003384,bits,C:\Users\ADMIN\Desktop\ds-fall\data\raw\Dataset\fall\user27\user27_fall1.csv,C:\Users\ADMIN\Desktop\ds-fall\data\raw\Dataset,user27,user27_fall1,fall1,forward_fall_landing_on_knee,forward_fall_landing_on_knee,1,forward,True,120,170,4.8,6.8,25.0,50,12,"ax,ay,az,gx,gy,gz,acc_mag,gyro_mag,jerk,roll,pitch,tilt_delta",20.0,25.0,uniform_20hz_time_interpolation_to_25hz,impact_peak_centered_label_by_activity,177,221,,,dataset_unit_map,wrist,bits,m/s^2,rad/s,m/s^2,rad/s,1.0,1.0,True,test,fall,non_fall,3.181770125593175e-06,forward,forward
w25_00003385,bits,C:\Users\ADMIN\Desktop\ds-fall\data\raw\Dataset\fall\user27\user27_fall2.csv,C:\Users\ADMIN\Desktop\ds-fall\data\raw\Dataset,user27,user27_fall2,fall2,right_fall,right_fall,1,lateral,True,229,279,9.16,11.16,25.0,50,12,"ax,ay,az,gx,gy,gz,acc_mag,gyro_mag,jerk,roll,pitch,tilt_delta",20.0,25.0,uniform_20hz_time_interpolation_to_25hz,impact_peak_centered_label_by_activity,756,944,,,dataset_unit_map,wrist,bits,m/s^2,rad/s,m/s^2,rad/s,1.0,1.0,True,test,fall,fall,0.9999998807907104,lateral,lateral
w25_00003386,bits,C:\Users\ADMIN\Desktop\ds-fall\data\raw\Dataset\fall\user27\user27_fall3.csv,C:\Users\ADMIN\Desktop\ds-fall\data\raw\Dataset,user27,user27_fall3,fall3,left_fall,left_fall,1,lateral,True,211,261,8.44,10.44,25.0,50,12,"ax,ay,az,gx,gy,gz,acc_mag,gyro_mag,jerk,roll,pitch,tilt_delta",20.0,25.0,uniform_20hz_time_interpolation_to_25hz,impact_peak_centered_label_by_activity,529,661,,,dataset_unit_map,wrist,bits,m/s^2,rad/s,m/s^2,rad/s,1.0,1.0,True,test,fall,fall,1.0,lateral,lateral
w25_00003387,bits,C:\Users\ADMIN\Desktop\ds-fall\data\raw\Dataset\fall\user27\user27_fall4.csv,C:\Users\ADMIN\Desktop\ds-fall\data\raw\Dataset,user27,user27_fall4,fall4,forward_fall,forward_fall,1,forward,True,234,284,9.36,11.36,25.0,50,12,"ax,ay,az,gx,gy,gz,acc_mag,gyro_mag,jerk,roll,pitch,tilt_delta",20.0,25.0,uniform_20hz_time_interpolation_to_25hz,impact_peak_centered_label_by_activity,244,304,,,dataset_unit_map,wrist,bits,m/s^2,rad/s,m/s^2,rad/s,1.0,1.0,True,test,fall,fall,0.9999891519546509,forward,forward
w25_00003388,bits,C:\Users\ADMIN\Desktop\ds-fall\data\raw\Dataset\fall\user27\user27_fall5.csv,C:\Users\ADMIN\Desktop\ds-fall\data\raw\Dataset,user27,user27_fall5,fall5,seated_on_bed_falling_on_ground,seated_on_bed_falling_on_ground,1,other,False,210,260,8.4,10.4,25.0,50,12,"ax,ay,az,gx,gy,gz,acc_mag,gyro_mag,jerk,roll,pitch,tilt_delta",20.0,25.0,uniform_20hz_time_interpolation_to_25hz,impact_peak_centered_label_by_activity,241,301,,,dataset_unit_map,wrist,bits,m/s^2,rad/s,m/s^2,rad/s,1.0,1.0,True,test,fall,fall,0.9999842643737793,none,backward
w25_00003389,bits,C:\Users\ADMIN\Desktop\ds-fall\data\raw\Dataset\fall\user27\user27_fall6.csv,C:\Users\ADMIN\Desktop\ds-fall\data\raw\Dataset,user27,user27_fall6,fall6,forward_fall_body_weight_on_hand,forward_fall_body_weight_on_hand,1,forward,True,190,240,7.6,9.6,25.0,50,12,"ax,ay,az,gx,gy,gz,acc_mag,gyro_mag,jerk,roll,pitch,tilt_delta",20.0,25.0,uniform_20hz_time_interpolation_to_25hz,impact_peak_centered_label_by_activity,272,339,,,dataset_unit_map,wrist,bits,m/s^2,rad/s,m/s^2,rad/s,1.0,1.0,True,test,fall,fall,1.0,forward,forward
w25_00003390,bits,C:\Users\ADMIN\Desktop\ds-fall\data\raw\Dataset\fall\user27\user27_fall7.csv,C:\Users\ADMIN\Desktop\ds-fall\data\raw\Dataset,user27,user27_fall7,fall7,backward_fall_from_seated,backward_fall_from_seated,1,backward,True,236,286,9.44,11.44,25.0,50,12,"ax,ay,az,gx,gy,gz,acc_mag,gyro_mag,jerk,roll,pitch,tilt_delta",20.0,25.0,uniform_20hz_time_interpolation_to_25hz,impact_peak_centered_label_by_activity,241,301,,,dataset_unit_map,wrist,bits,m/s^2,rad/s,m/s^2,rad/s,1.0,1.0,True,test,fall,fall,0.8450815081596375,backward,backward
w25_00003391,bits,C:\Users\ADMIN\Desktop\ds-fall\data\raw\Dataset\fall\user27\user27_fall8.csv,C:\Users\ADMIN\Desktop\ds-fall\data\raw\Dataset,user27,user27_fall8,fall8,grabbing_while_falling,grabbing_while_falling,1,other,False,199,249,7.96,9.96,25.0,50,12,"ax,ay,az,gx,gy,gz,acc_mag,gyro_mag,jerk,roll,pitch,tilt_delta",20.0,25.0,uniform_20hz_time_interpolation_to_25hz,impact_peak_centered_label_by_activity,496,619,,,dataset_unit_map,wrist,bits,m/s^2,rad/s,m/s^2,rad/s,1.0,1.0,True,test,fall,fall,0.997952938079834,none,forward
w25_00003400,bits,C:\Users\ADMIN\Desktop\ds-fall\data\raw\Dataset\fall\user29\user29_fall1.csv,C:\Users\ADMIN\Desktop\ds-fall\data\raw\Dataset,user29,user29_fall1,fall1,forward_fall_landing_on_knee,forward_fall_landing_on_knee,1,forward,True,222,272,8.88,10.88,25.0,50,12,"ax,ay,az,gx,gy,gz,acc_mag,gyro_mag,jerk,roll,pitch,tilt_delta",20.0,25.0,uniform_20hz_time_interpolation_to_25hz,impact_peak_centered_label_by_activity,1252,1564,,,dataset_unit_map,wrist,bits,m/s^2,rad/s,m/s^2,rad/s,1.0,1.0,True,test,fall,fall,0.9999696016311646,forward,forward
w25_00003401,bits,C:\Users\ADMIN\Desktop\ds-fall\data\raw\Dataset\fall\user29\user29_fall2.csv,C:\Users\ADMIN\Desktop\ds-fall\data\raw\Dataset,user29,user29_fall2,fall2,right_fall,right_fall,1,lateral,True,255,305,10.2,12.2,25.0,50,12,"ax,ay,az,gx,gy,gz,acc_mag,gyro_mag,jerk,roll,pitch,tilt_delta",20.0,25.0,uniform_20hz_time_interpolation_to_25hz,impact_peak_centered_label_by_activity,728,909,,,dataset_unit_map,wrist,bits,m/s^2,rad/s,m/s^2,rad/s,1.0,1.0,True,test,fall,fall,0.9976924657821655,lateral,lateral
w25_00003402,bits,C:\Users\ADMIN\Desktop\ds-fall\data\raw\Dataset\fall\user29\user29_fall3.csv,C:\Users\ADMIN\Desktop\ds-fall\data\raw\Dataset,user29,user29_fall3,fall3,left_fall,left_fall,1,lateral,True,187,237,7.48,9.48,25.0,50,12,"ax,ay,az,gx,gy,gz,acc_mag,gyro_mag,jerk,roll,pitch,tilt_delta",20.0,25.0,uniform_20hz_time_interpolation_to_25hz,impact_peak_centered_label_by_activity,727,908,,,dataset_unit_map,wrist,bits,m/s^2,rad/s,m/s^2,rad/s,1.0,1.0,True,test,fall,fall,1.0,lateral,lateral
w25_00003403,bits,C:\Users\ADMIN\Desktop\ds-fall\data\raw\Dataset\fall\user29\user29_fall4.csv,C:\Users\ADMIN\Desktop\ds-fall\data\raw\Dataset,user29,user29_fall4,fall4,forward_fall,forward_fall,1,forward,True,186,236,7.44,9.44,25.0,50,12,"ax,ay,az,gx,gy,gz,acc_mag,gyro_mag,jerk,roll,pitch,tilt_delta",20.0,25.0,uniform_20hz_time_interpolation_to_25hz,impact_peak_centered_label_by_activity,199,248,,,dataset_unit_map,wrist,bits,m/s^2,rad/s,m/s^2,rad/s,1.0,1.0,True,test,fall,fall,1.0,forward,lateral
w25_00003404,bits,C:\Users\ADMIN\Desktop\ds-fall\data\raw\Dataset\fall\user29\user29_fall5.csv,C:\Users\ADMIN\Desktop\ds-fall\data\raw\Dataset,user29,user29_fall5,fall5,seated_on_bed_falling_on_ground,seated_on_bed_falling_on_ground,1,other,False,244,294,9.76,11.76,25.0,50,12,"ax,ay,az,gx,gy,gz,acc_mag,gyro_mag,jerk,roll,pitch,tilt_delta",20.0,25.0,uniform_20hz_time_interpolation_to_25hz,impact_peak_centered_label_by_activity,546,682,,,dataset_unit_map,wrist,bits,m/s^2,rad/s,m/s^2,rad/s,1.0,1.0,True,test,fall,fall,0.9999970197677612,none,backward
w25_00003405,bits,C:\Users\ADMIN\Desktop\ds-fall\data\raw\Dataset\fall\user29\user29_fall6.csv,C:\Users\ADMIN\Desktop\ds-fall\data\raw\Dataset,user29,user29_fall6,fall6,forward_fall_body_weight_on_hand,forward_fall_body_weight_on_hand,1,forward,True,211,261,8.44,10.44,25.0,50,12,"ax,ay,az,gx,gy,gz,acc_mag,gyro_mag,jerk,roll,pitch,tilt_delta",20.0,25.0,uniform_20hz_time_interpolation_to_25hz,impact_peak_centered_label_by_activity,577,721,,,dataset_unit_map,wrist,bits,m/s^2,rad/s,m/s^2,rad/s,1.0,1.0,True,test,fall,fall,1.0,forward,forward
w25_00003406,bits,C:\Users\ADMIN\Desktop\ds-fall\data\raw\Dataset\fall\user29\user29_fall7.csv,C:\Users\ADMIN\Desktop\ds-fall\data\raw\Dataset,user29,user29_fall7,fall7,backward_fall_from_seated,backward_fall_from_seated,1,backward,True,232,282,9.28,11.28,25.0,50,12,"ax,ay,az,gx,gy,gz,acc_mag,gyro_mag,jerk,roll,pitch,tilt_delta",20.0,25.0,uniform_20hz_time_interpolation_to_25hz,impact_peak_centered_label_by_activity,1305,1631,,,dataset_unit_map,wrist,bits,m/s^2,rad/s,m/s^2,rad/s,1.0,1.0,True,test,fall,non_fall,9.18589921639068e-06,backward,backward
w25_00003407,bits,C:\Users\ADMIN\Desktop\ds-fall\data\raw\Dataset\fall\user29\user29_fall8.csv,C:\Users\ADMIN\Desktop\ds-fall\data\raw\Dataset,user29,user29_fall8,fall8,grabbing_while_falling,grabbing_while_falling,1,other,False,250,300,10.0,12.0,25.0,50,12,"ax,ay,az,gx,gy,gz,acc_mag,gyro_mag,jerk,roll,pitch,tilt_delta",20.0,25.0,uniform_20hz_time_interpolation_to_25hz,impact_peak_centered_label_by_activity,879,1098,,,dataset_unit_map,wrist,bits,m/s^2,rad/s,m/s^2,rad/s,1.0,1.0,True,test,fall,fall,0.9999998807907104,none,backward
w25_00003424,bits,C:\Users\ADMIN\Desktop\ds-fall\data\raw\Dataset\fall\user31\user31_.fall1.csv,C:\Users\ADMIN\Desktop\ds-fall\data\raw\Dataset,user31,user31_.fall1,fall1,forward_fall_landing_on_knee,forward_fall_landing_on_knee,1,forward,True,133,183,5.32,7.32,25.0,50,12,"ax,ay,az,gx,gy,gz,acc_mag,gyro_mag,jerk,roll,pitch,tilt_delta",20.0,25.0,uniform_20hz_time_interpolation_to_25hz,impact_peak_centered_label_by_activity,181,226,,,dataset_unit_map,wrist,bits,m/s^2,rad/s,m/s^2,rad/s,1.0,1.0,True,test,fall,non_fall,0.14108812808990479,forward,forward
w25_00003425,bits,C:\Users\ADMIN\Desktop\ds-fall\data\raw\Dataset\fall\user31\user31_.fall3.csv,C:\Users\ADMIN\Desktop\ds-fall\data\raw\Dataset,user31,user31_.fall3,fall3,left_fall,left_fall,1,lateral,True,162,212,6.48,8.48,25.0,50,12,"ax,ay,az,gx,gy,gz,acc_mag,gyro_mag,jerk,roll,pitch,tilt_delta",20.0,25.0,uniform_20hz_time_interpolation_to_25hz,impact_peak_centered_label_by_activity,328,409,,,dataset_unit_map,wrist,bits,m/s^2,rad/s,m/s^2,rad/s,1.0,1.0,True,test,fall,fall,0.9841923713684082,lateral,lateral
w25_00003426,bits,C:\Users\ADMIN\Desktop\ds-fall\data\raw\Dataset\fall\user31\user31_.fall4.csv,C:\Users\ADMIN\Desktop\ds-fall\data\raw\Dataset,user31,user31_.fall4,fall4,forward_fall,forward_fall,1,forward,True,207,257,8.28,10.28,25.0,50,12,"ax,ay,az,gx,gy,gz,acc_mag,gyro_mag,jerk,roll,pitch,tilt_delta",20.0,25.0,uniform_20hz_time_interpolation_to_25hz,impact_peak_centered_label_by_activity,379,473,,,dataset_unit_map,wrist,bits,m/s^2,rad/s,m/s^2,rad/s,1.0,1.0,True,test,fall,fall,1.0,forward,forward
w25_00003427,bits,C:\Users\ADMIN\Desktop\ds-fall\data\raw\Dataset\fall\user31\user31_.fall6.csv,C:\Users\ADMIN\Desktop\ds-fall\data\raw\Dataset,user31,user31_.fall6,fall6,forward_fall_body_weight_on_hand,forward_fall_body_weight_on_hand,1,forward,True,172,222,6.88,8.88,25.0,50,12,"ax,ay,az,gx,gy,gz,acc_mag,gyro_mag,jerk,roll,pitch,tilt_delta",20.0,25.0,uniform_20hz_time_interpolation_to_25hz,impact_peak_centered_label_by_activity,378,472,,,dataset_unit_map,wrist,bits,m/s^2,rad/s,m/s^2,rad/s,1.0,1.0,True,test,fall,fall,0.9999994039535522,forward,forward
w25_00003428,bits,C:\Users\ADMIN\Desktop\ds-fall\data\raw\Dataset\fall\user31\user31_fall2.csv,C:\Users\ADMIN\Desktop\ds-fall\data\raw\Dataset,user31,user31_fall2,fall2,right_fall,right_fall,1,lateral,True,131,181,5.24,7.24,25.0,50,12,"ax,ay,az,gx,gy,gz,acc_mag,gyro_mag,jerk,roll,pitch,tilt_delta",20.0,25.0,uniform_20hz_time_interpolation_to_25hz,impact_peak_centered_label_by_activity,698,872,,,dataset_unit_map,wrist,bits,m/s^2,rad/s,m/s^2,rad/s,1.0,1.0,True,test,fall,fall,0.9264896512031555,lateral,lateral
w25_00003429,bits,C:\Users\ADMIN\Desktop\ds-fall\data\raw\Dataset\fall\user31\user31_fall5.csv,C:\Users\ADMIN\Desktop\ds-fall\data\raw\Dataset,user31,user31_fall5,fall5,seated_on_bed_falling_on_ground,seated_on_bed_falling_on_ground,1,other,False,165,215,6.6,8.6,25.0,50,12,"ax,ay,az,gx,gy,gz,acc_mag,gyro_mag,jerk,roll,pitch,tilt_delta",20.0,25.0,uniform_20hz_time_interpolation_to_25hz,impact_peak_centered_label_by_activity,479,598,,,dataset_unit_map,wrist,bits,m/s^2,rad/s,m/s^2,rad/s,1.0,1.0,True,test,fall,non_fall,0.7352017164230347,none,lateral
w25_00003430,bits,C:\Users\ADMIN\Desktop\ds-fall\data\raw\Dataset\fall\user31\user31_fall7.csv,C:\Users\ADMIN\Desktop\ds-fall\data\raw\Dataset,user31,user31_fall7,fall7,backward_fall_from_seated,backward_fall_from_seated,1,backward,True,195,245,7.8,9.8,25.0,50,12,"ax,ay,az,gx,gy,gz,acc_mag,gyro_mag,jerk,roll,pitch,tilt_delta",20.0,25.0,uniform_20hz_time_interpolation_to_25hz,impact_peak_centered_label_by_activity,281,351,,,dataset_unit_map,wrist,bits,m/s^2,rad/s,m/s^2,rad/s,1.0,1.0,True,test,fall,fall,0.9992918968200684,backward,backward
w25_00003431,bits,C:\Users\ADMIN\Desktop\ds-fall\data\raw\Dataset\fall\user31\user31_fall8.csv,C:\Users\ADMIN\Desktop\ds-fall\data\raw\Dataset,user31,user31_fall8,fall8,grabbing_while_falling,grabbing_while_falling,1,other,False,151,201,6.04,8.04,25.0,50,12,"ax,ay,az,gx,gy,gz,acc_mag,gyro_mag,jerk,roll,pitch,tilt_delta",20.0,25.0,uniform_20hz_time_interpolation_to_25hz,impact_peak_centered_label_by_activity,277,346,,,dataset_unit_map,wrist,bits,m/s^2,rad/s,m/s^2,rad/s,1.0,1.0,True,test,fall,fall,0.9999997615814209,none,forward
w25_00003464,bits,C:\Users\ADMIN\Desktop\ds-fall\data\raw\Dataset\fall\user36\user36_fall1.csv,C:\Users\ADMIN\Desktop\ds-fall\data\raw\Dataset,user36,user36_fall1,fall1,forward_fall_landing_on_knee,forward_fall_landing_on_knee,1,forward,True,137,187,5.48,7.48,25.0,50,12,"ax,ay,az,gx,gy,gz,acc_mag,gyro_mag,jerk,roll,pitch,tilt_delta",20.0,25.0,uniform_20hz_time_interpolation_to_25hz,impact_peak_centered_label_by_activity,183,228,,,dataset_unit_map,wrist,bits,m/s^2,rad/s,m/s^2,rad/s,1.0,1.0,True,test,fall,fall,0.9999969005584717,forward,forward
w25_00003465,bits,C:\Users\ADMIN\Desktop\ds-fall\data\raw\Dataset\fall\user36\user36_fall2.csv,C:\Users\ADMIN\Desktop\ds-fall\data\raw\Dataset,user36,user36_fall2,fall2,right_fall,right_fall,1,lateral,True,204,254,8.16,10.16,25.0,50,12,"ax,ay,az,gx,gy,gz,acc_mag,gyro_mag,jerk,roll,pitch,tilt_delta",20.0,25.0,uniform_20hz_time_interpolation_to_25hz,impact_peak_centered_label_by_activity,204,254,,,dataset_unit_map,wrist,bits,m/s^2,rad/s,m/s^2,rad/s,1.0,1.0,True,test,fall,non_fall,8.544699085177854e-06,lateral,lateral
w25_00003466,bits,C:\Users\ADMIN\Desktop\ds-fall\data\raw\Dataset\fall\user36\user36_fall3.csv,C:\Users\ADMIN\Desktop\ds-fall\data\raw\Dataset,user36,user36_fall3,fall3,left_fall,left_fall,1,lateral,True,190,240,7.6,9.6,25.0,50,12,"ax,ay,az,gx,gy,gz,acc_mag,gyro_mag,jerk,roll,pitch,tilt_delta",20.0,25.0,uniform_20hz_time_interpolation_to_25hz,impact_peak_centered_label_by_activity,364,454,,,dataset_unit_map,wrist,bits,m/s^2,rad/s,m/s^2,rad/s,1.0,1.0,True,test,fall,fall,0.9999736547470093,lateral,lateral
w25_00003467,bits,C:\Users\ADMIN\Desktop\ds-fall\data\raw\Dataset\fall\user36\user36_fall4.csv,C:\Users\ADMIN\Desktop\ds-fall\data\raw\Dataset,user36,user36_fall4,fall4,forward_fall,forward_fall,1,forward,True,92,142,3.68,5.68,25.0,50,12,"ax,ay,az,gx,gy,gz,acc_mag,gyro_mag,jerk,roll,pitch,tilt_delta",20.0,25.0,uniform_20hz_time_interpolation_to_25hz,impact_peak_centered_label_by_activity,222,277,,,dataset_unit_map,wrist,bits,m/s^2,rad/s,m/s^2,rad/s,1.0,1.0,True,test,fall,fall,1.0,forward,forward
w25_00003468,bits,C:\Users\ADMIN\Desktop\ds-fall\data\raw\Dataset\fall\user36\user36_fall5.csv,C:\Users\ADMIN\Desktop\ds-fall\data\raw\Dataset,user36,user36_fall5,fall5,seated_on_bed_falling_on_ground,seated_on_bed_falling_on_ground,1,other,False,165,215,6.6,8.6,25.0,50,12,"ax,ay,az,gx,gy,gz,acc_mag,gyro_mag,jerk,roll,pitch,tilt_delta",20.0,25.0,uniform_20hz_time_interpolation_to_25hz,impact_peak_centered_label_by_activity,1251,1563,,,dataset_unit_map,wrist,bits,m/s^2,rad/s,m/s^2,rad/s,1.0,1.0,True,test,fall,non_fall,0.0032292334362864494,none,lateral
w25_00003469,bits,C:\Users\ADMIN\Desktop\ds-fall\data\raw\Dataset\fall\user36\user36_fall6.csv,C:\Users\ADMIN\Desktop\ds-fall\data\raw\Dataset,user36,user36_fall6,fall6,forward_fall_body_weight_on_hand,forward_fall_body_weight_on_hand,1,forward,True,136,186,5.44,7.44,25.0,50,12,"ax,ay,az,gx,gy,gz,acc_mag,gyro_mag,jerk,roll,pitch,tilt_delta",20.0,25.0,uniform_20hz_time_interpolation_to_25hz,impact_peak_centered_label_by_activity,244,304,,,dataset_unit_map,wrist,bits,m/s^2,rad/s,m/s^2,rad/s,1.0,1.0,True,test,fall,fall,1.0,forward,forward
w25_00003470,bits,C:\Users\ADMIN\Desktop\ds-fall\data\raw\Dataset\fall\user36\user36_fall7.csv,C:\Users\ADMIN\Desktop\ds-fall\data\raw\Dataset,user36,user36_fall7,fall7,backward_fall_from_seated,backward_fall_from_seated,1,backward,True,145,195,5.8,7.8,25.0,50,12,"ax,ay,az,gx,gy,gz,acc_mag,gyro_mag,jerk,roll,pitch,tilt_delta",20.0,25.0,uniform_20hz_time_interpolation_to_25hz,impact_peak_centered_label_by_activity,518,647,,,dataset_unit_map,wrist,bits,m/s^2,rad/s,m/s^2,rad/s,1.0,1.0,True,test,fall,fall,0.9988150596618652,backward,backward
w25_00003471,bits,C:\Users\ADMIN\Desktop\ds-fall\data\raw\Dataset\fall\user36\user36_fall8.csv,C:\Users\ADMIN\Desktop\ds-fall\data\raw\Dataset,user36,user36_fall8,fall8,grabbing_while_falling,grabbing_while_falling,1,other,False,171,221,6.84,8.84,25.0,50,12,"ax,ay,az,gx,gy,gz,acc_mag,gyro_mag,jerk,roll,pitch,tilt_delta",20.0,25.0,uniform_20hz_time_interpolation_to_25hz,impact_peak_centered_label_by_activity,773,966,,,dataset_unit_map,wrist,bits,m/s^2,rad/s,m/s^2,rad/s,1.0,1.0,True,test,fall,fall,1.0,none,forward
w25_00003488,bits,C:\Users\ADMIN\Desktop\ds-fall\data\raw\Dataset\fall\user39\user39_fall1.csv,C:\Users\ADMIN\Desktop\ds-fall\data\raw\Dataset,user39,user39_fall1,fall1,forward_fall_landing_on_knee,forward_fall_landing_on_knee,1,forward,True,140,190,5.6,7.6,25.0,50,12,"ax,ay,az,gx,gy,gz,acc_mag,gyro_mag,jerk,roll,pitch,tilt_delta",20.0,25.0,uniform_20hz_time_interpolation_to_25hz,impact_peak_centered_label_by_activity,376,469,,,dataset_unit_map,wrist,bits,m/s^2,rad/s,m/s^2,rad/s,1.0,1.0,True,test,fall,fall,0.9999996423721313,forward,forward
w25_00003489,bits,C:\Users\ADMIN\Desktop\ds-fall\data\raw\Dataset\fall\user39\user39_fall2.csv,C:\Users\ADMIN\Desktop\ds-fall\data\raw\Dataset,user39,user39_fall2,fall2,right_fall,right_fall,1,lateral,True,222,272,8.88,10.88,25.0,50,12,"ax,ay,az,gx,gy,gz,acc_mag,gyro_mag,jerk,roll,pitch,tilt_delta",20.0,25.0,uniform_20hz_time_interpolation_to_25hz,impact_peak_centered_label_by_activity,722,902,,,dataset_unit_map,wrist,bits,m/s^2,rad/s,m/s^2,rad/s,1.0,1.0,True,test,fall,fall,0.9999903440475464,lateral,lateral
w25_00003490,bits,C:\Users\ADMIN\Desktop\ds-fall\data\raw\Dataset\fall\user39\user39_fall3.csv,C:\Users\ADMIN\Desktop\ds-fall\data\raw\Dataset,user39,user39_fall3,fall3,left_fall,left_fall,1,lateral,True,178,228,7.12,9.12,25.0,50,12,"ax,ay,az,gx,gy,gz,acc_mag,gyro_mag,jerk,roll,pitch,tilt_delta",20.0,25.0,uniform_20hz_time_interpolation_to_25hz,impact_peak_centered_label_by_activity,428,534,,,dataset_unit_map,wrist,bits,m/s^2,rad/s,m/s^2,rad/s,1.0,1.0,True,test,fall,fall,0.9981513619422913,lateral,lateral
w25_00003491,bits,C:\Users\ADMIN\Desktop\ds-fall\data\raw\Dataset\fall\user39\user39_fall4.csv,C:\Users\ADMIN\Desktop\ds-fall\data\raw\Dataset,user39,user39_fall4,fall4,forward_fall,forward_fall,1,forward,True,154,204,6.16,8.16,25.0,50,12,"ax,ay,az,gx,gy,gz,acc_mag,gyro_mag,jerk,roll,pitch,tilt_delta",20.0,25.0,uniform_20hz_time_interpolation_to_25hz,impact_peak_centered_label_by_activity,475,593,,,dataset_unit_map,wrist,bits,m/s^2,rad/s,m/s^2,rad/s,1.0,1.0,True,test,fall,fall,0.9999998807907104,forward,forward
w25_00003492,bits,C:\Users\ADMIN\Desktop\ds-fall\data\raw\Dataset\fall\user39\user39_fall5.csv,C:\Users\ADMIN\Desktop\ds-fall\data\raw\Dataset,user39,user39_fall5,fall5,seated_on_bed_falling_on_ground,seated_on_bed_falling_on_ground,1,other,False,175,225,7.0,9.0,25.0,50,12,"ax,ay,az,gx,gy,gz,acc_mag,gyro_mag,jerk,roll,pitch,tilt_delta",20.0,25.0,uniform_20hz_time_interpolation_to_25hz,impact_peak_centered_label_by_activity,343,428,,,dataset_unit_map,wrist,bits,m/s^2,rad/s,m/s^2,rad/s,1.0,1.0,True,test,fall,fall,0.9999998807907104,none,lateral
w25_00003493,bits,C:\Users\ADMIN\Desktop\ds-fall\data\raw\Dataset\fall\user39\user39_fall6.csv,C:\Users\ADMIN\Desktop\ds-fall\data\raw\Dataset,user39,user39_fall6,fall6,forward_fall_body_weight_on_hand,forward_fall_body_weight_on_hand,1,forward,True,163,213,6.52,8.52,25.0,50,12,"ax,ay,az,gx,gy,gz,acc_mag,gyro_mag,jerk,roll,pitch,tilt_delta",20.0,25.0,uniform_20hz_time_interpolation_to_25hz,impact_peak_centered_label_by_activity,570,712,,,dataset_unit_map,wrist,bits,m/s^2,rad/s,m/s^2,rad/s,1.0,1.0,True,test,fall,fall,1.0,forward,forward
w25_00003494,bits,C:\Users\ADMIN\Desktop\ds-fall\data\raw\Dataset\fall\user39\user39_fall7.csv,C:\Users\ADMIN\Desktop\ds-fall\data\raw\Dataset,user39,user39_fall7,fall7,backward_fall_from_seated,backward_fall_from_seated,1,backward,True,183,233,7.32,9.32,25.0,50,12,"ax,ay,az,gx,gy,gz,acc_mag,gyro_mag,jerk,roll,pitch,tilt_delta",20.0,25.0,uniform_20hz_time_interpolation_to_25hz,impact_peak_centered_label_by_activity,187,233,,,dataset_unit_map,wrist,bits,m/s^2,rad/s,m/s^2,rad/s,1.0,1.0,True,test,fall,non_fall,7.65785387102369e-07,backward,backward
w25_00003495,bits,C:\Users\ADMIN\Desktop\ds-fall\data\raw\Dataset\fall\user39\user39_fall8.csv,C:\Users\ADMIN\Desktop\ds-fall\data\raw\Dataset,user39,user39_fall8,fall8,grabbing_while_falling,grabbing_while_falling,1,other,False,191,241,7.64,9.64,25.0,50,12,"ax,ay,az,gx,gy,gz,acc_mag,gyro_mag,jerk,roll,pitch,tilt_delta",20.0,25.0,uniform_20hz_time_interpolation_to_25hz,impact_peak_centered_label_by_activity,504,629,,,dataset_unit_map,wrist,bits,m/s^2,rad/s,m/s^2,rad/s,1.0,1.0,True,test,fall,fall,1.0,none,forward
