run_id,protocol_id,task,feature,importance,rank,method
DIR_LogisticRegression_DirectionCore_E1_BITS_TO_BITS,E1_BITS_TO_BITS,direction,gz_std,0.6695792034461174,1.0,abs_linear_coef
DIR_LogisticRegression_DirectionCore_E1_BITS_TO_BITS,E1_BITS_TO_BITS,direction,ay_mean,0.5781098710521319,2.0,abs_linear_coef
DIR_LogisticRegression_DirectionCore_E1_BITS_TO_BITS,E1_BITS_TO_BITS,direction,roll_std,0.5710222956638787,3.0,abs_linear_coef
DIR_LogisticRegression_DirectionCore_E1_BITS_TO_BITS,E1_BITS_TO_BITS,direction,tilt_delta_final,0.5642585200418321,4.0,abs_linear_coef
DIR_LogisticRegression_DirectionCore_E1_BITS_TO_BITS,E1_BITS_TO_BITS,direction,ax_min,0.4839150906255207,5.0,abs_linear_coef
DIR_LogisticRegression_DirectionCore_E1_BITS_TO_BITS,E1_BITS_TO_BITS,direction,gy_std,0.45436222410025895,6.0,abs_linear_coef
DIR_LogisticRegression_DirectionCore_E1_BITS_TO_BITS,E1_BITS_TO_BITS,direction,pitch_max,0.44170524708486364,7.0,abs_linear_coef
DIR_LogisticRegression_DirectionCore_E1_BITS_TO_BITS,E1_BITS_TO_BITS,direction,ax_std,0.43584960142770046,8.0,abs_linear_coef
DIR_LogisticRegression_DirectionCore_E1_BITS_TO_BITS,E1_BITS_TO_BITS,direction,gz_median,0.4356983624134707,9.0,abs_linear_coef
DIR_LogisticRegression_DirectionCore_E1_BITS_TO_BITS,E1_BITS_TO_BITS,direction,gx_max,0.4218645178987556,10.0,abs_linear_coef
DIR_LogisticRegression_DirectionCore_E1_BITS_TO_BITS,E1_BITS_TO_BITS,direction,gy_median,0.4202117166557231,11.0,abs_linear_coef
DIR_LogisticRegression_DirectionCore_E1_BITS_TO_BITS,E1_BITS_TO_BITS,direction,tilt_delta_std,0.40630653481458445,12.0,abs_linear_coef
DIR_LogisticRegression_DirectionCore_E1_BITS_TO_BITS,E1_BITS_TO_BITS,direction,pitch_std,0.40231217504479416,13.0,abs_linear_coef
DIR_LogisticRegression_DirectionCore_E1_BITS_TO_BITS,E1_BITS_TO_BITS,direction,az_min,0.40013749838010354,14.0,abs_linear_coef
DIR_LogisticRegression_DirectionCore_E1_BITS_TO_BITS,E1_BITS_TO_BITS,direction,ay_min,0.3911901857083282,15.0,abs_linear_coef
DIR_LogisticRegression_DirectionCore_E1_BITS_TO_BITS,E1_BITS_TO_BITS,direction,pre_ax_mean,0.3662318169375196,16.0,abs_linear_coef
DIR_LogisticRegression_DirectionCore_E1_BITS_TO_BITS,E1_BITS_TO_BITS,direction,pitch_mean,0.3634972840489959,17.0,abs_linear_coef
DIR_LogisticRegression_DirectionCore_E1_BITS_TO_BITS,E1_BITS_TO_BITS,direction,gx_median,0.35979896029643577,18.0,abs_linear_coef
DIR_LogisticRegression_DirectionCore_E1_BITS_TO_BITS,E1_BITS_TO_BITS,direction,pre_ay_mean,0.34677209168190154,19.0,abs_linear_coef
DIR_LogisticRegression_DirectionCore_E1_BITS_TO_BITS,E1_BITS_TO_BITS,direction,pitch_min,0.3443347195102293,20.0,abs_linear_coef
DIR_LogisticRegression_DirectionCore_E1_BITS_TO_BITS,E1_BITS_TO_BITS,direction,gx_final_initial,0.34412500688128517,21.0,abs_linear_coef
DIR_LogisticRegression_DirectionCore_E1_BITS_TO_BITS,E1_BITS_TO_BITS,direction,gy_mean,0.33850297035445265,22.0,abs_linear_coef
DIR_LogisticRegression_DirectionCore_E1_BITS_TO_BITS,E1_BITS_TO_BITS,direction,az_max,0.3230594984607012,23.0,abs_linear_coef
DIR_LogisticRegression_DirectionCore_E1_BITS_TO_BITS,E1_BITS_TO_BITS,direction,ay_max,0.31253738192272057,24.0,abs_linear_coef
DIR_LogisticRegression_DirectionCore_E1_BITS_TO_BITS,E1_BITS_TO_BITS,direction,pre_gz_mean,0.3089629238265391,25.0,abs_linear_coef
DIR_LogisticRegression_DirectionCore_E1_BITS_TO_BITS,E1_BITS_TO_BITS,direction,ax_range,0.3047774015485447,26.0,abs_linear_coef
DIR_LogisticRegression_DirectionCore_E1_BITS_TO_BITS,E1_BITS_TO_BITS,direction,az_std,0.30363051062066143,27.0,abs_linear_coef
DIR_LogisticRegression_DirectionCore_E1_BITS_TO_BITS,E1_BITS_TO_BITS,direction,roll_final_initial,0.298075734203522,28.0,abs_linear_coef
DIR_LogisticRegression_DirectionCore_E1_BITS_TO_BITS,E1_BITS_TO_BITS,direction,roll_mean,0.2781324054372633,29.0,abs_linear_coef
DIR_LogisticRegression_DirectionCore_E1_BITS_TO_BITS,E1_BITS_TO_BITS,direction,gy_max,0.2722856304394509,30.0,abs_linear_coef
DIR_LogisticRegression_DirectionCore_E2_WEDA_TO_WEDA,E2_WEDA_TO_WEDA,direction,ay_mean,1.2050025904207076,1.0,abs_linear_coef
DIR_LogisticRegression_DirectionCore_E2_WEDA_TO_WEDA,E2_WEDA_TO_WEDA,direction,gy_mean,0.8730932157571937,2.0,abs_linear_coef
DIR_LogisticRegression_DirectionCore_E2_WEDA_TO_WEDA,E2_WEDA_TO_WEDA,direction,pre_ay_mean,0.6951788449227744,3.0,abs_linear_coef
DIR_LogisticRegression_DirectionCore_E2_WEDA_TO_WEDA,E2_WEDA_TO_WEDA,direction,gx_mean,0.6373950817216117,4.0,abs_linear_coef
DIR_LogisticRegression_DirectionCore_E2_WEDA_TO_WEDA,E2_WEDA_TO_WEDA,direction,pre_gy_mean,0.6049491807708548,5.0,abs_linear_coef
DIR_LogisticRegression_DirectionCore_E2_WEDA_TO_WEDA,E2_WEDA_TO_WEDA,direction,roll_mean,0.5814345718132773,6.0,abs_linear_coef
DIR_LogisticRegression_DirectionCore_E2_WEDA_TO_WEDA,E2_WEDA_TO_WEDA,direction,gy_median,0.5809884035279077,7.0,abs_linear_coef
DIR_LogisticRegression_DirectionCore_E2_WEDA_TO_WEDA,E2_WEDA_TO_WEDA,direction,ax_mean,0.5748666759723859,8.0,abs_linear_coef
DIR_LogisticRegression_DirectionCore_E2_WEDA_TO_WEDA,E2_WEDA_TO_WEDA,direction,pitch_mean,0.526886263095708,9.0,abs_linear_coef
DIR_LogisticRegression_DirectionCore_E2_WEDA_TO_WEDA,E2_WEDA_TO_WEDA,direction,ax_final_initial,0.4892805618596472,10.0,abs_linear_coef
DIR_LogisticRegression_DirectionCore_E2_WEDA_TO_WEDA,E2_WEDA_TO_WEDA,direction,delta_pitch_window,0.4866998563467287,11.0,abs_linear_coef
DIR_LogisticRegression_DirectionCore_E2_WEDA_TO_WEDA,E2_WEDA_TO_WEDA,direction,gy_std,0.45893476014166595,12.0,abs_linear_coef
DIR_LogisticRegression_DirectionCore_E2_WEDA_TO_WEDA,E2_WEDA_TO_WEDA,direction,pre_gx_mean,0.4569194615689316,13.0,abs_linear_coef
DIR_LogisticRegression_DirectionCore_E2_WEDA_TO_WEDA,E2_WEDA_TO_WEDA,direction,pre_az_mean,0.4143105684713749,14.0,abs_linear_coef
DIR_LogisticRegression_DirectionCore_E2_WEDA_TO_WEDA,E2_WEDA_TO_WEDA,direction,az_max,0.4121986634708432,15.0,abs_linear_coef
DIR_LogisticRegression_DirectionCore_E2_WEDA_TO_WEDA,E2_WEDA_TO_WEDA,direction,tilt_delta_mean,0.40664490339539405,16.0,abs_linear_coef
DIR_LogisticRegression_DirectionCore_E2_WEDA_TO_WEDA,E2_WEDA_TO_WEDA,direction,ay_std,0.39605242954415915,17.0,abs_linear_coef
DIR_LogisticRegression_DirectionCore_E2_WEDA_TO_WEDA,E2_WEDA_TO_WEDA,direction,pitch_std,0.3911408014610121,18.0,abs_linear_coef
DIR_LogisticRegression_DirectionCore_E2_WEDA_TO_WEDA,E2_WEDA_TO_WEDA,direction,gx_max,0.3908065075830513,19.0,abs_linear_coef
DIR_LogisticRegression_DirectionCore_E2_WEDA_TO_WEDA,E2_WEDA_TO_WEDA,direction,gz_mean,0.3856768573502533,20.0,abs_linear_coef
DIR_LogisticRegression_DirectionCore_E2_WEDA_TO_WEDA,E2_WEDA_TO_WEDA,direction,az_min,0.3746075790096814,21.0,abs_linear_coef
DIR_LogisticRegression_DirectionCore_E2_WEDA_TO_WEDA,E2_WEDA_TO_WEDA,direction,tilt_delta_max,0.3692564368202915,22.0,abs_linear_coef
DIR_LogisticRegression_DirectionCore_E2_WEDA_TO_WEDA,E2_WEDA_TO_WEDA,direction,tilt_delta_std,0.3582370558269474,23.0,abs_linear_coef
DIR_LogisticRegression_DirectionCore_E2_WEDA_TO_WEDA,E2_WEDA_TO_WEDA,direction,ay_max,0.34356268992478417,24.0,abs_linear_coef
DIR_LogisticRegression_DirectionCore_E2_WEDA_TO_WEDA,E2_WEDA_TO_WEDA,direction,pre_gz_mean,0.34078238871264205,25.0,abs_linear_coef
DIR_LogisticRegression_DirectionCore_E2_WEDA_TO_WEDA,E2_WEDA_TO_WEDA,direction,tilt_delta_p95,0.3294379742016963,26.0,abs_linear_coef
DIR_LogisticRegression_DirectionCore_E2_WEDA_TO_WEDA,E2_WEDA_TO_WEDA,direction,ay_final_initial,0.32687263971031216,27.0,abs_linear_coef
DIR_LogisticRegression_DirectionCore_E2_WEDA_TO_WEDA,E2_WEDA_TO_WEDA,direction,gx_median,0.2687003862548748,28.0,abs_linear_coef
DIR_LogisticRegression_DirectionCore_E2_WEDA_TO_WEDA,E2_WEDA_TO_WEDA,direction,gz_median,0.264534415089172,29.0,abs_linear_coef
DIR_LogisticRegression_DirectionCore_E2_WEDA_TO_WEDA,E2_WEDA_TO_WEDA,direction,roll_min,0.25443995747337944,30.0,abs_linear_coef
DIR_LogisticRegression_DirectionCore_E3_BITS_WEDA_MIXED,E3_BITS_WEDA_MIXED,direction,ay_mean,1.0897277229758806,1.0,abs_linear_coef
DIR_LogisticRegression_DirectionCore_E3_BITS_WEDA_MIXED,E3_BITS_WEDA_MIXED,direction,gy_mean,0.7681213780397685,2.0,abs_linear_coef
DIR_LogisticRegression_DirectionCore_E3_BITS_WEDA_MIXED,E3_BITS_WEDA_MIXED,direction,pre_ay_mean,0.634751384779543,3.0,abs_linear_coef
DIR_LogisticRegression_DirectionCore_E3_BITS_WEDA_MIXED,E3_BITS_WEDA_MIXED,direction,gx_median,0.5484505030474546,4.0,abs_linear_coef
DIR_LogisticRegression_DirectionCore_E3_BITS_WEDA_MIXED,E3_BITS_WEDA_MIXED,direction,ax_std,0.5403850298760338,5.0,abs_linear_coef
DIR_LogisticRegression_DirectionCore_E3_BITS_WEDA_MIXED,E3_BITS_WEDA_MIXED,direction,pitch_mean,0.5153376795730229,6.0,abs_linear_coef
DIR_LogisticRegression_DirectionCore_E3_BITS_WEDA_MIXED,E3_BITS_WEDA_MIXED,direction,roll_mean,0.4754635347311112,7.0,abs_linear_coef
DIR_LogisticRegression_DirectionCore_E3_BITS_WEDA_MIXED,E3_BITS_WEDA_MIXED,direction,ax_mean,0.4309453024989867,8.0,abs_linear_coef
DIR_LogisticRegression_DirectionCore_E3_BITS_WEDA_MIXED,E3_BITS_WEDA_MIXED,direction,gy_std,0.4204770730427791,9.0,abs_linear_coef
DIR_LogisticRegression_DirectionCore_E3_BITS_WEDA_MIXED,E3_BITS_WEDA_MIXED,direction,gx_mean,0.420226213774139,10.0,abs_linear_coef
DIR_LogisticRegression_DirectionCore_E3_BITS_WEDA_MIXED,E3_BITS_WEDA_MIXED,direction,gy_median,0.41293135157159994,11.0,abs_linear_coef
DIR_LogisticRegression_DirectionCore_E3_BITS_WEDA_MIXED,E3_BITS_WEDA_MIXED,direction,ay_max,0.390662965475721,12.0,abs_linear_coef
DIR_LogisticRegression_DirectionCore_E3_BITS_WEDA_MIXED,E3_BITS_WEDA_MIXED,direction,ay_std,0.38814678107981854,13.0,abs_linear_coef
DIR_LogisticRegression_DirectionCore_E3_BITS_WEDA_MIXED,E3_BITS_WEDA_MIXED,direction,gx_std,0.3780169285354109,14.0,abs_linear_coef
DIR_LogisticRegression_DirectionCore_E3_BITS_WEDA_MIXED,E3_BITS_WEDA_MIXED,direction,ay_min,0.3573923824709899,15.0,abs_linear_coef
DIR_LogisticRegression_DirectionCore_E3_BITS_WEDA_MIXED,E3_BITS_WEDA_MIXED,direction,pre_az_mean,0.34831690967431933,16.0,abs_linear_coef
DIR_LogisticRegression_DirectionCore_E3_BITS_WEDA_MIXED,E3_BITS_WEDA_MIXED,direction,delta_pitch_window,0.34813403263224285,17.0,abs_linear_coef
DIR_LogisticRegression_DirectionCore_E3_BITS_WEDA_MIXED,E3_BITS_WEDA_MIXED,direction,pre_gx_mean,0.34730062981914905,18.0,abs_linear_coef
DIR_LogisticRegression_DirectionCore_E3_BITS_WEDA_MIXED,E3_BITS_WEDA_MIXED,direction,roll_std,0.34340892577234955,19.0,abs_linear_coef
DIR_LogisticRegression_DirectionCore_E3_BITS_WEDA_MIXED,E3_BITS_WEDA_MIXED,direction,pitch_std,0.3431442584065611,20.0,abs_linear_coef
DIR_LogisticRegression_DirectionCore_E3_BITS_WEDA_MIXED,E3_BITS_WEDA_MIXED,direction,tilt_delta_max,0.32134435802178846,21.0,abs_linear_coef
DIR_LogisticRegression_DirectionCore_E3_BITS_WEDA_MIXED,E3_BITS_WEDA_MIXED,direction,pitch_final_initial,0.2992347874437942,22.0,abs_linear_coef
DIR_LogisticRegression_DirectionCore_E3_BITS_WEDA_MIXED,E3_BITS_WEDA_MIXED,direction,gz_std,0.2917152838930325,23.0,abs_linear_coef
DIR_LogisticRegression_DirectionCore_E3_BITS_WEDA_MIXED,E3_BITS_WEDA_MIXED,direction,gz_mean,0.28388704817421795,24.0,abs_linear_coef
DIR_LogisticRegression_DirectionCore_E3_BITS_WEDA_MIXED,E3_BITS_WEDA_MIXED,direction,ax_final_initial,0.27993329434838965,25.0,abs_linear_coef
DIR_LogisticRegression_DirectionCore_E3_BITS_WEDA_MIXED,E3_BITS_WEDA_MIXED,direction,ay_range,0.27917775276603957,26.0,abs_linear_coef
DIR_LogisticRegression_DirectionCore_E3_BITS_WEDA_MIXED,E3_BITS_WEDA_MIXED,direction,az_std,0.26907816845547344,27.0,abs_linear_coef
DIR_LogisticRegression_DirectionCore_E3_BITS_WEDA_MIXED,E3_BITS_WEDA_MIXED,direction,pre_gy_mean,0.2578633576889391,28.0,abs_linear_coef
DIR_LogisticRegression_DirectionCore_E3_BITS_WEDA_MIXED,E3_BITS_WEDA_MIXED,direction,pre_ax_mean,0.25773224666005196,29.0,abs_linear_coef
DIR_LogisticRegression_DirectionCore_E3_BITS_WEDA_MIXED,E3_BITS_WEDA_MIXED,direction,gx_max,0.2573890912578746,30.0,abs_linear_coef
DIR_LogisticRegression_DirectionCore_E4_BITS_TO_WEDA,E4_BITS_TO_WEDA,direction,gz_std,0.6695792034461174,1.0,abs_linear_coef
DIR_LogisticRegression_DirectionCore_E4_BITS_TO_WEDA,E4_BITS_TO_WEDA,direction,ay_mean,0.5781098710521319,2.0,abs_linear_coef
DIR_LogisticRegression_DirectionCore_E4_BITS_TO_WEDA,E4_BITS_TO_WEDA,direction,roll_std,0.5710222956638787,3.0,abs_linear_coef
DIR_LogisticRegression_DirectionCore_E4_BITS_TO_WEDA,E4_BITS_TO_WEDA,direction,tilt_delta_final,0.5642585200418321,4.0,abs_linear_coef
DIR_LogisticRegression_DirectionCore_E4_BITS_TO_WEDA,E4_BITS_TO_WEDA,direction,ax_min,0.4839150906255207,5.0,abs_linear_coef
DIR_LogisticRegression_DirectionCore_E4_BITS_TO_WEDA,E4_BITS_TO_WEDA,direction,gy_std,0.45436222410025895,6.0,abs_linear_coef
DIR_LogisticRegression_DirectionCore_E4_BITS_TO_WEDA,E4_BITS_TO_WEDA,direction,pitch_max,0.44170524708486364,7.0,abs_linear_coef
DIR_LogisticRegression_DirectionCore_E4_BITS_TO_WEDA,E4_BITS_TO_WEDA,direction,ax_std,0.43584960142770046,8.0,abs_linear_coef
DIR_LogisticRegression_DirectionCore_E4_BITS_TO_WEDA,E4_BITS_TO_WEDA,direction,gz_median,0.4356983624134707,9.0,abs_linear_coef
DIR_LogisticRegression_DirectionCore_E4_BITS_TO_WEDA,E4_BITS_TO_WEDA,direction,gx_max,0.4218645178987556,10.0,abs_linear_coef
DIR_LogisticRegression_DirectionCore_E4_BITS_TO_WEDA,E4_BITS_TO_WEDA,direction,gy_median,0.4202117166557231,11.0,abs_linear_coef
DIR_LogisticRegression_DirectionCore_E4_BITS_TO_WEDA,E4_BITS_TO_WEDA,direction,tilt_delta_std,0.40630653481458445,12.0,abs_linear_coef
DIR_LogisticRegression_DirectionCore_E4_BITS_TO_WEDA,E4_BITS_TO_WEDA,direction,pitch_std,0.40231217504479416,13.0,abs_linear_coef
DIR_LogisticRegression_DirectionCore_E4_BITS_TO_WEDA,E4_BITS_TO_WEDA,direction,az_min,0.40013749838010354,14.0,abs_linear_coef
DIR_LogisticRegression_DirectionCore_E4_BITS_TO_WEDA,E4_BITS_TO_WEDA,direction,ay_min,0.3911901857083282,15.0,abs_linear_coef
DIR_LogisticRegression_DirectionCore_E4_BITS_TO_WEDA,E4_BITS_TO_WEDA,direction,pre_ax_mean,0.3662318169375196,16.0,abs_linear_coef
DIR_LogisticRegression_DirectionCore_E4_BITS_TO_WEDA,E4_BITS_TO_WEDA,direction,pitch_mean,0.3634972840489959,17.0,abs_linear_coef
DIR_LogisticRegression_DirectionCore_E4_BITS_TO_WEDA,E4_BITS_TO_WEDA,direction,gx_median,0.35979896029643577,18.0,abs_linear_coef
DIR_LogisticRegression_DirectionCore_E4_BITS_TO_WEDA,E4_BITS_TO_WEDA,direction,pre_ay_mean,0.34677209168190154,19.0,abs_linear_coef
DIR_LogisticRegression_DirectionCore_E4_BITS_TO_WEDA,E4_BITS_TO_WEDA,direction,pitch_min,0.3443347195102293,20.0,abs_linear_coef
DIR_LogisticRegression_DirectionCore_E4_BITS_TO_WEDA,E4_BITS_TO_WEDA,direction,gx_final_initial,0.34412500688128517,21.0,abs_linear_coef
DIR_LogisticRegression_DirectionCore_E4_BITS_TO_WEDA,E4_BITS_TO_WEDA,direction,gy_mean,0.33850297035445265,22.0,abs_linear_coef
DIR_LogisticRegression_DirectionCore_E4_BITS_TO_WEDA,E4_BITS_TO_WEDA,direction,az_max,0.3230594984607012,23.0,abs_linear_coef
DIR_LogisticRegression_DirectionCore_E4_BITS_TO_WEDA,E4_BITS_TO_WEDA,direction,ay_max,0.31253738192272057,24.0,abs_linear_coef
DIR_LogisticRegression_DirectionCore_E4_BITS_TO_WEDA,E4_BITS_TO_WEDA,direction,pre_gz_mean,0.3089629238265391,25.0,abs_linear_coef
DIR_LogisticRegression_DirectionCore_E4_BITS_TO_WEDA,E4_BITS_TO_WEDA,direction,ax_range,0.3047774015485447,26.0,abs_linear_coef
DIR_LogisticRegression_DirectionCore_E4_BITS_TO_WEDA,E4_BITS_TO_WEDA,direction,az_std,0.30363051062066143,27.0,abs_linear_coef
DIR_LogisticRegression_DirectionCore_E4_BITS_TO_WEDA,E4_BITS_TO_WEDA,direction,roll_final_initial,0.298075734203522,28.0,abs_linear_coef
DIR_LogisticRegression_DirectionCore_E4_BITS_TO_WEDA,E4_BITS_TO_WEDA,direction,roll_mean,0.2781324054372633,29.0,abs_linear_coef
DIR_LogisticRegression_DirectionCore_E4_BITS_TO_WEDA,E4_BITS_TO_WEDA,direction,gy_max,0.2722856304394509,30.0,abs_linear_coef
DIR_LogisticRegression_DirectionCore_E5_WEDA_TO_BITS,E5_WEDA_TO_BITS,direction,ay_mean,1.2050025904207076,1.0,abs_linear_coef
DIR_LogisticRegression_DirectionCore_E5_WEDA_TO_BITS,E5_WEDA_TO_BITS,direction,gy_mean,0.8730932157571937,2.0,abs_linear_coef
DIR_LogisticRegression_DirectionCore_E5_WEDA_TO_BITS,E5_WEDA_TO_BITS,direction,pre_ay_mean,0.6951788449227744,3.0,abs_linear_coef
DIR_LogisticRegression_DirectionCore_E5_WEDA_TO_BITS,E5_WEDA_TO_BITS,direction,gx_mean,0.6373950817216117,4.0,abs_linear_coef
DIR_LogisticRegression_DirectionCore_E5_WEDA_TO_BITS,E5_WEDA_TO_BITS,direction,pre_gy_mean,0.6049491807708548,5.0,abs_linear_coef
DIR_LogisticRegression_DirectionCore_E5_WEDA_TO_BITS,E5_WEDA_TO_BITS,direction,roll_mean,0.5814345718132773,6.0,abs_linear_coef
DIR_LogisticRegression_DirectionCore_E5_WEDA_TO_BITS,E5_WEDA_TO_BITS,direction,gy_median,0.5809884035279077,7.0,abs_linear_coef
DIR_LogisticRegression_DirectionCore_E5_WEDA_TO_BITS,E5_WEDA_TO_BITS,direction,ax_mean,0.5748666759723859,8.0,abs_linear_coef
DIR_LogisticRegression_DirectionCore_E5_WEDA_TO_BITS,E5_WEDA_TO_BITS,direction,pitch_mean,0.526886263095708,9.0,abs_linear_coef
DIR_LogisticRegression_DirectionCore_E5_WEDA_TO_BITS,E5_WEDA_TO_BITS,direction,ax_final_initial,0.4892805618596472,10.0,abs_linear_coef
DIR_LogisticRegression_DirectionCore_E5_WEDA_TO_BITS,E5_WEDA_TO_BITS,direction,delta_pitch_window,0.4866998563467287,11.0,abs_linear_coef
DIR_LogisticRegression_DirectionCore_E5_WEDA_TO_BITS,E5_WEDA_TO_BITS,direction,gy_std,0.45893476014166595,12.0,abs_linear_coef
DIR_LogisticRegression_DirectionCore_E5_WEDA_TO_BITS,E5_WEDA_TO_BITS,direction,pre_gx_mean,0.4569194615689316,13.0,abs_linear_coef
DIR_LogisticRegression_DirectionCore_E5_WEDA_TO_BITS,E5_WEDA_TO_BITS,direction,pre_az_mean,0.4143105684713749,14.0,abs_linear_coef
DIR_LogisticRegression_DirectionCore_E5_WEDA_TO_BITS,E5_WEDA_TO_BITS,direction,az_max,0.4121986634708432,15.0,abs_linear_coef
DIR_LogisticRegression_DirectionCore_E5_WEDA_TO_BITS,E5_WEDA_TO_BITS,direction,tilt_delta_mean,0.40664490339539405,16.0,abs_linear_coef
DIR_LogisticRegression_DirectionCore_E5_WEDA_TO_BITS,E5_WEDA_TO_BITS,direction,ay_std,0.39605242954415915,17.0,abs_linear_coef
DIR_LogisticRegression_DirectionCore_E5_WEDA_TO_BITS,E5_WEDA_TO_BITS,direction,pitch_std,0.3911408014610121,18.0,abs_linear_coef
DIR_LogisticRegression_DirectionCore_E5_WEDA_TO_BITS,E5_WEDA_TO_BITS,direction,gx_max,0.3908065075830513,19.0,abs_linear_coef
DIR_LogisticRegression_DirectionCore_E5_WEDA_TO_BITS,E5_WEDA_TO_BITS,direction,gz_mean,0.3856768573502533,20.0,abs_linear_coef
DIR_LogisticRegression_DirectionCore_E5_WEDA_TO_BITS,E5_WEDA_TO_BITS,direction,az_min,0.3746075790096814,21.0,abs_linear_coef
DIR_LogisticRegression_DirectionCore_E5_WEDA_TO_BITS,E5_WEDA_TO_BITS,direction,tilt_delta_max,0.3692564368202915,22.0,abs_linear_coef
DIR_LogisticRegression_DirectionCore_E5_WEDA_TO_BITS,E5_WEDA_TO_BITS,direction,tilt_delta_std,0.3582370558269474,23.0,abs_linear_coef
DIR_LogisticRegression_DirectionCore_E5_WEDA_TO_BITS,E5_WEDA_TO_BITS,direction,ay_max,0.34356268992478417,24.0,abs_linear_coef
DIR_LogisticRegression_DirectionCore_E5_WEDA_TO_BITS,E5_WEDA_TO_BITS,direction,pre_gz_mean,0.34078238871264205,25.0,abs_linear_coef
DIR_LogisticRegression_DirectionCore_E5_WEDA_TO_BITS,E5_WEDA_TO_BITS,direction,tilt_delta_p95,0.3294379742016963,26.0,abs_linear_coef
DIR_LogisticRegression_DirectionCore_E5_WEDA_TO_BITS,E5_WEDA_TO_BITS,direction,ay_final_initial,0.32687263971031216,27.0,abs_linear_coef
DIR_LogisticRegression_DirectionCore_E5_WEDA_TO_BITS,E5_WEDA_TO_BITS,direction,gx_median,0.2687003862548748,28.0,abs_linear_coef
DIR_LogisticRegression_DirectionCore_E5_WEDA_TO_BITS,E5_WEDA_TO_BITS,direction,gz_median,0.264534415089172,29.0,abs_linear_coef
DIR_LogisticRegression_DirectionCore_E5_WEDA_TO_BITS,E5_WEDA_TO_BITS,direction,roll_min,0.25443995747337944,30.0,abs_linear_coef
DIR_LinearSVM_DirectionCore_E1_BITS_TO_BITS,E1_BITS_TO_BITS,direction,ay_mean,0.8505982313368915,1.0,abs_linear_coef
DIR_LinearSVM_DirectionCore_E1_BITS_TO_BITS,E1_BITS_TO_BITS,direction,gz_std,0.8248174118235582,2.0,abs_linear_coef
DIR_LinearSVM_DirectionCore_E1_BITS_TO_BITS,E1_BITS_TO_BITS,direction,ax_std,0.799907828351118,3.0,abs_linear_coef
DIR_LinearSVM_DirectionCore_E1_BITS_TO_BITS,E1_BITS_TO_BITS,direction,roll_std,0.7289059256088571,4.0,abs_linear_coef
DIR_LinearSVM_DirectionCore_E1_BITS_TO_BITS,E1_BITS_TO_BITS,direction,tilt_delta_std,0.6627288275651063,5.0,abs_linear_coef
DIR_LinearSVM_DirectionCore_E1_BITS_TO_BITS,E1_BITS_TO_BITS,direction,gy_median,0.6114670841753617,6.0,abs_linear_coef
DIR_LinearSVM_DirectionCore_E1_BITS_TO_BITS,E1_BITS_TO_BITS,direction,pitch_std,0.5646902939257142,7.0,abs_linear_coef
DIR_LinearSVM_DirectionCore_E1_BITS_TO_BITS,E1_BITS_TO_BITS,direction,gz_median,0.5186648769232529,8.0,abs_linear_coef
DIR_LinearSVM_DirectionCore_E1_BITS_TO_BITS,E1_BITS_TO_BITS,direction,pre_ay_mean,0.5151261622216965,9.0,abs_linear_coef
DIR_LinearSVM_DirectionCore_E1_BITS_TO_BITS,E1_BITS_TO_BITS,direction,az_std,0.5121376081516481,10.0,abs_linear_coef
DIR_LinearSVM_DirectionCore_E1_BITS_TO_BITS,E1_BITS_TO_BITS,direction,gy_std,0.490176621465734,11.0,abs_linear_coef
DIR_LinearSVM_DirectionCore_E1_BITS_TO_BITS,E1_BITS_TO_BITS,direction,ay_min,0.45767722401936245,12.0,abs_linear_coef
DIR_LinearSVM_DirectionCore_E1_BITS_TO_BITS,E1_BITS_TO_BITS,direction,ax_min,0.4453505553046699,13.0,abs_linear_coef
DIR_LinearSVM_DirectionCore_E1_BITS_TO_BITS,E1_BITS_TO_BITS,direction,tilt_delta_final,0.43943671069110213,14.0,abs_linear_coef
DIR_LinearSVM_DirectionCore_E1_BITS_TO_BITS,E1_BITS_TO_BITS,direction,tilt_delta_max,0.4363158335979908,15.0,abs_linear_coef
DIR_LinearSVM_DirectionCore_E1_BITS_TO_BITS,E1_BITS_TO_BITS,direction,pitch_min,0.4351889931790603,16.0,abs_linear_coef
DIR_LinearSVM_DirectionCore_E1_BITS_TO_BITS,E1_BITS_TO_BITS,direction,pitch_mean,0.4297984223639526,17.0,abs_linear_coef
DIR_LinearSVM_DirectionCore_E1_BITS_TO_BITS,E1_BITS_TO_BITS,direction,gx_median,0.4167739140024009,18.0,abs_linear_coef
DIR_LinearSVM_DirectionCore_E1_BITS_TO_BITS,E1_BITS_TO_BITS,direction,ay_max,0.4047452119493664,19.0,abs_linear_coef
DIR_LinearSVM_DirectionCore_E1_BITS_TO_BITS,E1_BITS_TO_BITS,direction,az_max,0.3878144050387215,20.0,abs_linear_coef
DIR_LinearSVM_DirectionCore_E1_BITS_TO_BITS,E1_BITS_TO_BITS,direction,gx_std,0.37560378249880594,21.0,abs_linear_coef
DIR_LinearSVM_DirectionCore_E1_BITS_TO_BITS,E1_BITS_TO_BITS,direction,roll_mean,0.3682593925969873,22.0,abs_linear_coef
DIR_LinearSVM_DirectionCore_E1_BITS_TO_BITS,E1_BITS_TO_BITS,direction,pre_gz_mean,0.3611440763276616,23.0,abs_linear_coef
DIR_LinearSVM_DirectionCore_E1_BITS_TO_BITS,E1_BITS_TO_BITS,direction,az_min,0.34950417405672113,24.0,abs_linear_coef
DIR_LinearSVM_DirectionCore_E1_BITS_TO_BITS,E1_BITS_TO_BITS,direction,gx_mean,0.3492783872402844,25.0,abs_linear_coef
DIR_LinearSVM_DirectionCore_E1_BITS_TO_BITS,E1_BITS_TO_BITS,direction,gz_mean,0.33876150462339694,26.0,abs_linear_coef
DIR_LinearSVM_DirectionCore_E1_BITS_TO_BITS,E1_BITS_TO_BITS,direction,pre_gx_mean,0.33493097985823445,27.0,abs_linear_coef
DIR_LinearSVM_DirectionCore_E1_BITS_TO_BITS,E1_BITS_TO_BITS,direction,pitch_max,0.32142565299957065,28.0,abs_linear_coef
DIR_LinearSVM_DirectionCore_E1_BITS_TO_BITS,E1_BITS_TO_BITS,direction,roll_max,0.312447075621246,29.0,abs_linear_coef
DIR_LinearSVM_DirectionCore_E1_BITS_TO_BITS,E1_BITS_TO_BITS,direction,pre_gy_mean,0.28389319990374656,30.0,abs_linear_coef
DIR_LinearSVM_DirectionCore_E2_WEDA_TO_WEDA,E2_WEDA_TO_WEDA,direction,ay_mean,0.8619334912665525,1.0,abs_linear_coef
DIR_LinearSVM_DirectionCore_E2_WEDA_TO_WEDA,E2_WEDA_TO_WEDA,direction,ax_mean,0.7038596413993785,2.0,abs_linear_coef
DIR_LinearSVM_DirectionCore_E2_WEDA_TO_WEDA,E2_WEDA_TO_WEDA,direction,gy_mean,0.6299012805423411,3.0,abs_linear_coef
DIR_LinearSVM_DirectionCore_E2_WEDA_TO_WEDA,E2_WEDA_TO_WEDA,direction,gx_mean,0.5157822818627195,4.0,abs_linear_coef
DIR_LinearSVM_DirectionCore_E2_WEDA_TO_WEDA,E2_WEDA_TO_WEDA,direction,pre_ax_mean,0.4897543082187456,5.0,abs_linear_coef
DIR_LinearSVM_DirectionCore_E2_WEDA_TO_WEDA,E2_WEDA_TO_WEDA,direction,pre_ay_mean,0.4671869781979458,6.0,abs_linear_coef
DIR_LinearSVM_DirectionCore_E2_WEDA_TO_WEDA,E2_WEDA_TO_WEDA,direction,roll_mean,0.4414163010958451,7.0,abs_linear_coef
DIR_LinearSVM_DirectionCore_E2_WEDA_TO_WEDA,E2_WEDA_TO_WEDA,direction,pre_gy_mean,0.39629581451518997,8.0,abs_linear_coef
DIR_LinearSVM_DirectionCore_E2_WEDA_TO_WEDA,E2_WEDA_TO_WEDA,direction,gy_std,0.3913231942360981,9.0,abs_linear_coef
DIR_LinearSVM_DirectionCore_E2_WEDA_TO_WEDA,E2_WEDA_TO_WEDA,direction,gx_max,0.3624256499902356,10.0,abs_linear_coef
DIR_LinearSVM_DirectionCore_E2_WEDA_TO_WEDA,E2_WEDA_TO_WEDA,direction,gy_median,0.33644664372550553,11.0,abs_linear_coef
DIR_LinearSVM_DirectionCore_E2_WEDA_TO_WEDA,E2_WEDA_TO_WEDA,direction,ay_std,0.33627135187962787,12.0,abs_linear_coef
DIR_LinearSVM_DirectionCore_E2_WEDA_TO_WEDA,E2_WEDA_TO_WEDA,direction,ax_final_initial,0.3284161791236657,13.0,abs_linear_coef
DIR_LinearSVM_DirectionCore_E2_WEDA_TO_WEDA,E2_WEDA_TO_WEDA,direction,pitch_mean,0.3186134237791422,14.0,abs_linear_coef
DIR_LinearSVM_DirectionCore_E2_WEDA_TO_WEDA,E2_WEDA_TO_WEDA,direction,pitch_std,0.316561855289362,15.0,abs_linear_coef
DIR_LinearSVM_DirectionCore_E2_WEDA_TO_WEDA,E2_WEDA_TO_WEDA,direction,pre_gx_mean,0.31436601251284396,16.0,abs_linear_coef
DIR_LinearSVM_DirectionCore_E2_WEDA_TO_WEDA,E2_WEDA_TO_WEDA,direction,pre_az_mean,0.3023097434924625,17.0,abs_linear_coef
DIR_LinearSVM_DirectionCore_E2_WEDA_TO_WEDA,E2_WEDA_TO_WEDA,direction,tilt_delta_std,0.29018215858331414,18.0,abs_linear_coef
DIR_LinearSVM_DirectionCore_E2_WEDA_TO_WEDA,E2_WEDA_TO_WEDA,direction,az_max,0.2899059875353751,19.0,abs_linear_coef
DIR_LinearSVM_DirectionCore_E2_WEDA_TO_WEDA,E2_WEDA_TO_WEDA,direction,delta_pitch_window,0.28087891843733487,20.0,abs_linear_coef
DIR_LinearSVM_DirectionCore_E2_WEDA_TO_WEDA,E2_WEDA_TO_WEDA,direction,az_min,0.2659387260838813,21.0,abs_linear_coef
DIR_LinearSVM_DirectionCore_E2_WEDA_TO_WEDA,E2_WEDA_TO_WEDA,direction,gx_std,0.2625358164334251,22.0,abs_linear_coef
DIR_LinearSVM_DirectionCore_E2_WEDA_TO_WEDA,E2_WEDA_TO_WEDA,direction,az_mean,0.25335838674256916,23.0,abs_linear_coef
DIR_LinearSVM_DirectionCore_E2_WEDA_TO_WEDA,E2_WEDA_TO_WEDA,direction,ax_std,0.25091799916337426,24.0,abs_linear_coef
DIR_LinearSVM_DirectionCore_E2_WEDA_TO_WEDA,E2_WEDA_TO_WEDA,direction,tilt_delta_max,0.23019292189366927,25.0,abs_linear_coef
DIR_LinearSVM_DirectionCore_E2_WEDA_TO_WEDA,E2_WEDA_TO_WEDA,direction,tilt_delta_p95,0.22930204337974058,26.0,abs_linear_coef
DIR_LinearSVM_DirectionCore_E2_WEDA_TO_WEDA,E2_WEDA_TO_WEDA,direction,pitch_final_initial,0.22679065801662965,27.0,abs_linear_coef
DIR_LinearSVM_DirectionCore_E2_WEDA_TO_WEDA,E2_WEDA_TO_WEDA,direction,gz_mean,0.2249821313704905,28.0,abs_linear_coef
DIR_LinearSVM_DirectionCore_E2_WEDA_TO_WEDA,E2_WEDA_TO_WEDA,direction,tilt_delta_mean,0.22415238482148145,29.0,abs_linear_coef
DIR_LinearSVM_DirectionCore_E2_WEDA_TO_WEDA,E2_WEDA_TO_WEDA,direction,gz_std,0.21940429195151104,30.0,abs_linear_coef
DIR_LinearSVM_DirectionCore_E3_BITS_WEDA_MIXED,E3_BITS_WEDA_MIXED,direction,ay_mean,0.7452503281038821,1.0,abs_linear_coef
DIR_LinearSVM_DirectionCore_E3_BITS_WEDA_MIXED,E3_BITS_WEDA_MIXED,direction,pre_ay_mean,0.4511480305888514,2.0,abs_linear_coef
DIR_LinearSVM_DirectionCore_E3_BITS_WEDA_MIXED,E3_BITS_WEDA_MIXED,direction,gy_mean,0.42934928952560436,3.0,abs_linear_coef
DIR_LinearSVM_DirectionCore_E3_BITS_WEDA_MIXED,E3_BITS_WEDA_MIXED,direction,ax_mean,0.3666716841136548,4.0,abs_linear_coef
DIR_LinearSVM_DirectionCore_E3_BITS_WEDA_MIXED,E3_BITS_WEDA_MIXED,direction,ax_std,0.33176791945994116,5.0,abs_linear_coef
DIR_LinearSVM_DirectionCore_E3_BITS_WEDA_MIXED,E3_BITS_WEDA_MIXED,direction,roll_mean,0.31614845111929835,6.0,abs_linear_coef
DIR_LinearSVM_DirectionCore_E3_BITS_WEDA_MIXED,E3_BITS_WEDA_MIXED,direction,gy_median,0.3033517675807482,7.0,abs_linear_coef
DIR_LinearSVM_DirectionCore_E3_BITS_WEDA_MIXED,E3_BITS_WEDA_MIXED,direction,ay_std,0.29343905461008807,8.0,abs_linear_coef
DIR_LinearSVM_DirectionCore_E3_BITS_WEDA_MIXED,E3_BITS_WEDA_MIXED,direction,gx_mean,0.28557916271311196,9.0,abs_linear_coef
DIR_LinearSVM_DirectionCore_E3_BITS_WEDA_MIXED,E3_BITS_WEDA_MIXED,direction,pre_ax_mean,0.25806798003150694,10.0,abs_linear_coef
DIR_LinearSVM_DirectionCore_E3_BITS_WEDA_MIXED,E3_BITS_WEDA_MIXED,direction,gx_std,0.2460461369625125,11.0,abs_linear_coef
DIR_LinearSVM_DirectionCore_E3_BITS_WEDA_MIXED,E3_BITS_WEDA_MIXED,direction,gx_median,0.23658530501730027,12.0,abs_linear_coef
DIR_LinearSVM_DirectionCore_E3_BITS_WEDA_MIXED,E3_BITS_WEDA_MIXED,direction,pitch_std,0.22596497908043578,13.0,abs_linear_coef
DIR_LinearSVM_DirectionCore_E3_BITS_WEDA_MIXED,E3_BITS_WEDA_MIXED,direction,gy_std,0.21998257242775887,14.0,abs_linear_coef
DIR_LinearSVM_DirectionCore_E3_BITS_WEDA_MIXED,E3_BITS_WEDA_MIXED,direction,pre_gx_mean,0.21626869792938588,15.0,abs_linear_coef
DIR_LinearSVM_DirectionCore_E3_BITS_WEDA_MIXED,E3_BITS_WEDA_MIXED,direction,ay_min,0.21586436804073714,16.0,abs_linear_coef
DIR_LinearSVM_DirectionCore_E3_BITS_WEDA_MIXED,E3_BITS_WEDA_MIXED,direction,pre_az_mean,0.21256915539415697,17.0,abs_linear_coef
DIR_LinearSVM_DirectionCore_E3_BITS_WEDA_MIXED,E3_BITS_WEDA_MIXED,direction,pitch_mean,0.20706631831031508,18.0,abs_linear_coef
DIR_LinearSVM_DirectionCore_E3_BITS_WEDA_MIXED,E3_BITS_WEDA_MIXED,direction,ay_max,0.20378187524991143,19.0,abs_linear_coef
DIR_LinearSVM_DirectionCore_E3_BITS_WEDA_MIXED,E3_BITS_WEDA_MIXED,direction,roll_std,0.19637382638286013,20.0,abs_linear_coef
DIR_LinearSVM_DirectionCore_E3_BITS_WEDA_MIXED,E3_BITS_WEDA_MIXED,direction,ax_final_initial,0.18632891510427754,21.0,abs_linear_coef
DIR_LinearSVM_DirectionCore_E3_BITS_WEDA_MIXED,E3_BITS_WEDA_MIXED,direction,az_std,0.17983872955011312,22.0,abs_linear_coef
DIR_LinearSVM_DirectionCore_E3_BITS_WEDA_MIXED,E3_BITS_WEDA_MIXED,direction,gz_std,0.16542772801238,23.0,abs_linear_coef
DIR_LinearSVM_DirectionCore_E3_BITS_WEDA_MIXED,E3_BITS_WEDA_MIXED,direction,az_max,0.1588725411450043,24.0,abs_linear_coef
DIR_LinearSVM_DirectionCore_E3_BITS_WEDA_MIXED,E3_BITS_WEDA_MIXED,direction,tilt_delta_max,0.15776442658023693,25.0,abs_linear_coef
DIR_LinearSVM_DirectionCore_E3_BITS_WEDA_MIXED,E3_BITS_WEDA_MIXED,direction,gx_max,0.15232635581363052,26.0,abs_linear_coef
DIR_LinearSVM_DirectionCore_E3_BITS_WEDA_MIXED,E3_BITS_WEDA_MIXED,direction,gz_mean,0.1521447875184435,27.0,abs_linear_coef
DIR_LinearSVM_DirectionCore_E3_BITS_WEDA_MIXED,E3_BITS_WEDA_MIXED,direction,tilt_delta_std,0.15119827355582557,28.0,abs_linear_coef
DIR_LinearSVM_DirectionCore_E3_BITS_WEDA_MIXED,E3_BITS_WEDA_MIXED,direction,ay_range,0.14275600535718067,29.0,abs_linear_coef
DIR_LinearSVM_DirectionCore_E3_BITS_WEDA_MIXED,E3_BITS_WEDA_MIXED,direction,pitch_final_initial,0.14126515973776413,30.0,abs_linear_coef
DIR_LinearSVM_DirectionCore_E4_BITS_TO_WEDA,E4_BITS_TO_WEDA,direction,ay_mean,0.8505982313368915,1.0,abs_linear_coef
DIR_LinearSVM_DirectionCore_E4_BITS_TO_WEDA,E4_BITS_TO_WEDA,direction,gz_std,0.8248174118235582,2.0,abs_linear_coef
DIR_LinearSVM_DirectionCore_E4_BITS_TO_WEDA,E4_BITS_TO_WEDA,direction,ax_std,0.799907828351118,3.0,abs_linear_coef
DIR_LinearSVM_DirectionCore_E4_BITS_TO_WEDA,E4_BITS_TO_WEDA,direction,roll_std,0.7289059256088571,4.0,abs_linear_coef
DIR_LinearSVM_DirectionCore_E4_BITS_TO_WEDA,E4_BITS_TO_WEDA,direction,tilt_delta_std,0.6627288275651063,5.0,abs_linear_coef
DIR_LinearSVM_DirectionCore_E4_BITS_TO_WEDA,E4_BITS_TO_WEDA,direction,gy_median,0.6114670841753617,6.0,abs_linear_coef
DIR_LinearSVM_DirectionCore_E4_BITS_TO_WEDA,E4_BITS_TO_WEDA,direction,pitch_std,0.5646902939257142,7.0,abs_linear_coef
DIR_LinearSVM_DirectionCore_E4_BITS_TO_WEDA,E4_BITS_TO_WEDA,direction,gz_median,0.5186648769232529,8.0,abs_linear_coef
DIR_LinearSVM_DirectionCore_E4_BITS_TO_WEDA,E4_BITS_TO_WEDA,direction,pre_ay_mean,0.5151261622216965,9.0,abs_linear_coef
DIR_LinearSVM_DirectionCore_E4_BITS_TO_WEDA,E4_BITS_TO_WEDA,direction,az_std,0.5121376081516481,10.0,abs_linear_coef
DIR_LinearSVM_DirectionCore_E4_BITS_TO_WEDA,E4_BITS_TO_WEDA,direction,gy_std,0.490176621465734,11.0,abs_linear_coef
DIR_LinearSVM_DirectionCore_E4_BITS_TO_WEDA,E4_BITS_TO_WEDA,direction,ay_min,0.45767722401936245,12.0,abs_linear_coef
DIR_LinearSVM_DirectionCore_E4_BITS_TO_WEDA,E4_BITS_TO_WEDA,direction,ax_min,0.4453505553046699,13.0,abs_linear_coef
DIR_LinearSVM_DirectionCore_E4_BITS_TO_WEDA,E4_BITS_TO_WEDA,direction,tilt_delta_final,0.43943671069110213,14.0,abs_linear_coef
DIR_LinearSVM_DirectionCore_E4_BITS_TO_WEDA,E4_BITS_TO_WEDA,direction,tilt_delta_max,0.4363158335979908,15.0,abs_linear_coef
DIR_LinearSVM_DirectionCore_E4_BITS_TO_WEDA,E4_BITS_TO_WEDA,direction,pitch_min,0.4351889931790603,16.0,abs_linear_coef
DIR_LinearSVM_DirectionCore_E4_BITS_TO_WEDA,E4_BITS_TO_WEDA,direction,pitch_mean,0.4297984223639526,17.0,abs_linear_coef
DIR_LinearSVM_DirectionCore_E4_BITS_TO_WEDA,E4_BITS_TO_WEDA,direction,gx_median,0.4167739140024009,18.0,abs_linear_coef
DIR_LinearSVM_DirectionCore_E4_BITS_TO_WEDA,E4_BITS_TO_WEDA,direction,ay_max,0.4047452119493664,19.0,abs_linear_coef
DIR_LinearSVM_DirectionCore_E4_BITS_TO_WEDA,E4_BITS_TO_WEDA,direction,az_max,0.3878144050387215,20.0,abs_linear_coef
DIR_LinearSVM_DirectionCore_E4_BITS_TO_WEDA,E4_BITS_TO_WEDA,direction,gx_std,0.37560378249880594,21.0,abs_linear_coef
DIR_LinearSVM_DirectionCore_E4_BITS_TO_WEDA,E4_BITS_TO_WEDA,direction,roll_mean,0.3682593925969873,22.0,abs_linear_coef
DIR_LinearSVM_DirectionCore_E4_BITS_TO_WEDA,E4_BITS_TO_WEDA,direction,pre_gz_mean,0.3611440763276616,23.0,abs_linear_coef
DIR_LinearSVM_DirectionCore_E4_BITS_TO_WEDA,E4_BITS_TO_WEDA,direction,az_min,0.34950417405672113,24.0,abs_linear_coef
DIR_LinearSVM_DirectionCore_E4_BITS_TO_WEDA,E4_BITS_TO_WEDA,direction,gx_mean,0.3492783872402844,25.0,abs_linear_coef
DIR_LinearSVM_DirectionCore_E4_BITS_TO_WEDA,E4_BITS_TO_WEDA,direction,gz_mean,0.33876150462339694,26.0,abs_linear_coef
DIR_LinearSVM_DirectionCore_E4_BITS_TO_WEDA,E4_BITS_TO_WEDA,direction,pre_gx_mean,0.33493097985823445,27.0,abs_linear_coef
DIR_LinearSVM_DirectionCore_E4_BITS_TO_WEDA,E4_BITS_TO_WEDA,direction,pitch_max,0.32142565299957065,28.0,abs_linear_coef
DIR_LinearSVM_DirectionCore_E4_BITS_TO_WEDA,E4_BITS_TO_WEDA,direction,roll_max,0.312447075621246,29.0,abs_linear_coef
DIR_LinearSVM_DirectionCore_E4_BITS_TO_WEDA,E4_BITS_TO_WEDA,direction,pre_gy_mean,0.28389319990374656,30.0,abs_linear_coef
DIR_LinearSVM_DirectionCore_E5_WEDA_TO_BITS,E5_WEDA_TO_BITS,direction,ay_mean,0.8619334912665525,1.0,abs_linear_coef
DIR_LinearSVM_DirectionCore_E5_WEDA_TO_BITS,E5_WEDA_TO_BITS,direction,ax_mean,0.7038596413993785,2.0,abs_linear_coef
DIR_LinearSVM_DirectionCore_E5_WEDA_TO_BITS,E5_WEDA_TO_BITS,direction,gy_mean,0.6299012805423411,3.0,abs_linear_coef
DIR_LinearSVM_DirectionCore_E5_WEDA_TO_BITS,E5_WEDA_TO_BITS,direction,gx_mean,0.5157822818627195,4.0,abs_linear_coef
DIR_LinearSVM_DirectionCore_E5_WEDA_TO_BITS,E5_WEDA_TO_BITS,direction,pre_ax_mean,0.4897543082187456,5.0,abs_linear_coef
DIR_LinearSVM_DirectionCore_E5_WEDA_TO_BITS,E5_WEDA_TO_BITS,direction,pre_ay_mean,0.4671869781979458,6.0,abs_linear_coef
DIR_LinearSVM_DirectionCore_E5_WEDA_TO_BITS,E5_WEDA_TO_BITS,direction,roll_mean,0.4414163010958451,7.0,abs_linear_coef
DIR_LinearSVM_DirectionCore_E5_WEDA_TO_BITS,E5_WEDA_TO_BITS,direction,pre_gy_mean,0.39629581451518997,8.0,abs_linear_coef
DIR_LinearSVM_DirectionCore_E5_WEDA_TO_BITS,E5_WEDA_TO_BITS,direction,gy_std,0.3913231942360981,9.0,abs_linear_coef
DIR_LinearSVM_DirectionCore_E5_WEDA_TO_BITS,E5_WEDA_TO_BITS,direction,gx_max,0.3624256499902356,10.0,abs_linear_coef
DIR_LinearSVM_DirectionCore_E5_WEDA_TO_BITS,E5_WEDA_TO_BITS,direction,gy_median,0.33644664372550553,11.0,abs_linear_coef
DIR_LinearSVM_DirectionCore_E5_WEDA_TO_BITS,E5_WEDA_TO_BITS,direction,ay_std,0.33627135187962787,12.0,abs_linear_coef
DIR_LinearSVM_DirectionCore_E5_WEDA_TO_BITS,E5_WEDA_TO_BITS,direction,ax_final_initial,0.3284161791236657,13.0,abs_linear_coef
DIR_LinearSVM_DirectionCore_E5_WEDA_TO_BITS,E5_WEDA_TO_BITS,direction,pitch_mean,0.3186134237791422,14.0,abs_linear_coef
DIR_LinearSVM_DirectionCore_E5_WEDA_TO_BITS,E5_WEDA_TO_BITS,direction,pitch_std,0.316561855289362,15.0,abs_linear_coef
DIR_LinearSVM_DirectionCore_E5_WEDA_TO_BITS,E5_WEDA_TO_BITS,direction,pre_gx_mean,0.31436601251284396,16.0,abs_linear_coef
DIR_LinearSVM_DirectionCore_E5_WEDA_TO_BITS,E5_WEDA_TO_BITS,direction,pre_az_mean,0.3023097434924625,17.0,abs_linear_coef
DIR_LinearSVM_DirectionCore_E5_WEDA_TO_BITS,E5_WEDA_TO_BITS,direction,tilt_delta_std,0.29018215858331414,18.0,abs_linear_coef
DIR_LinearSVM_DirectionCore_E5_WEDA_TO_BITS,E5_WEDA_TO_BITS,direction,az_max,0.2899059875353751,19.0,abs_linear_coef
DIR_LinearSVM_DirectionCore_E5_WEDA_TO_BITS,E5_WEDA_TO_BITS,direction,delta_pitch_window,0.28087891843733487,20.0,abs_linear_coef
DIR_LinearSVM_DirectionCore_E5_WEDA_TO_BITS,E5_WEDA_TO_BITS,direction,az_min,0.2659387260838813,21.0,abs_linear_coef
DIR_LinearSVM_DirectionCore_E5_WEDA_TO_BITS,E5_WEDA_TO_BITS,direction,gx_std,0.2625358164334251,22.0,abs_linear_coef
DIR_LinearSVM_DirectionCore_E5_WEDA_TO_BITS,E5_WEDA_TO_BITS,direction,az_mean,0.25335838674256916,23.0,abs_linear_coef
DIR_LinearSVM_DirectionCore_E5_WEDA_TO_BITS,E5_WEDA_TO_BITS,direction,ax_std,0.25091799916337426,24.0,abs_linear_coef
DIR_LinearSVM_DirectionCore_E5_WEDA_TO_BITS,E5_WEDA_TO_BITS,direction,tilt_delta_max,0.23019292189366927,25.0,abs_linear_coef
DIR_LinearSVM_DirectionCore_E5_WEDA_TO_BITS,E5_WEDA_TO_BITS,direction,tilt_delta_p95,0.22930204337974058,26.0,abs_linear_coef
DIR_LinearSVM_DirectionCore_E5_WEDA_TO_BITS,E5_WEDA_TO_BITS,direction,pitch_final_initial,0.22679065801662965,27.0,abs_linear_coef
DIR_LinearSVM_DirectionCore_E5_WEDA_TO_BITS,E5_WEDA_TO_BITS,direction,gz_mean,0.2249821313704905,28.0,abs_linear_coef
DIR_LinearSVM_DirectionCore_E5_WEDA_TO_BITS,E5_WEDA_TO_BITS,direction,tilt_delta_mean,0.22415238482148145,29.0,abs_linear_coef
DIR_LinearSVM_DirectionCore_E5_WEDA_TO_BITS,E5_WEDA_TO_BITS,direction,gz_std,0.21940429195151104,30.0,abs_linear_coef
DIR_RandomForest_DirectionCore_E1_BITS_TO_BITS,E1_BITS_TO_BITS,direction,ax_min,0.07095940785967868,1.0,native_feature_importances
DIR_RandomForest_DirectionCore_E1_BITS_TO_BITS,E1_BITS_TO_BITS,direction,ax_mean,0.05979368404828578,2.0,native_feature_importances
DIR_RandomForest_DirectionCore_E1_BITS_TO_BITS,E1_BITS_TO_BITS,direction,pitch_max,0.05420716933901651,3.0,native_feature_importances
DIR_RandomForest_DirectionCore_E1_BITS_TO_BITS,E1_BITS_TO_BITS,direction,pre_ax_mean,0.03932925828268664,4.0,native_feature_importances
DIR_RandomForest_DirectionCore_E1_BITS_TO_BITS,E1_BITS_TO_BITS,direction,pitch_mean,0.031128485767144144,5.0,native_feature_importances
DIR_RandomForest_DirectionCore_E1_BITS_TO_BITS,E1_BITS_TO_BITS,direction,ay_min,0.026801367367084654,6.0,native_feature_importances
DIR_RandomForest_DirectionCore_E1_BITS_TO_BITS,E1_BITS_TO_BITS,direction,az_range,0.025530716114809615,7.0,native_feature_importances
DIR_RandomForest_DirectionCore_E1_BITS_TO_BITS,E1_BITS_TO_BITS,direction,gz_mean,0.0251545226655185,8.0,native_feature_importances
DIR_RandomForest_DirectionCore_E1_BITS_TO_BITS,E1_BITS_TO_BITS,direction,ax_range,0.023720014480220812,9.0,native_feature_importances
DIR_RandomForest_DirectionCore_E1_BITS_TO_BITS,E1_BITS_TO_BITS,direction,pitch_std,0.022854531476061493,10.0,native_feature_importances
DIR_RandomForest_DirectionCore_E1_BITS_TO_BITS,E1_BITS_TO_BITS,direction,ax_std,0.021943894139488093,11.0,native_feature_importances
DIR_RandomForest_DirectionCore_E1_BITS_TO_BITS,E1_BITS_TO_BITS,direction,roll_min,0.021551277332648198,12.0,native_feature_importances
DIR_RandomForest_DirectionCore_E1_BITS_TO_BITS,E1_BITS_TO_BITS,direction,ay_range,0.019118462012145877,13.0,native_feature_importances
DIR_RandomForest_DirectionCore_E1_BITS_TO_BITS,E1_BITS_TO_BITS,direction,gx_min,0.018745170467624153,14.0,native_feature_importances
DIR_RandomForest_DirectionCore_E1_BITS_TO_BITS,E1_BITS_TO_BITS,direction,pre_gy_mean,0.018032358451122516,15.0,native_feature_importances
DIR_RandomForest_DirectionCore_E1_BITS_TO_BITS,E1_BITS_TO_BITS,direction,gx_range,0.017662191790908242,16.0,native_feature_importances
DIR_RandomForest_DirectionCore_E1_BITS_TO_BITS,E1_BITS_TO_BITS,direction,pitch_final_initial,0.017589355783194194,17.0,native_feature_importances
DIR_RandomForest_DirectionCore_E1_BITS_TO_BITS,E1_BITS_TO_BITS,direction,gy_max,0.017450326462118925,18.0,native_feature_importances
DIR_RandomForest_DirectionCore_E1_BITS_TO_BITS,E1_BITS_TO_BITS,direction,ay_final_initial,0.01683198941130523,19.0,native_feature_importances
DIR_RandomForest_DirectionCore_E1_BITS_TO_BITS,E1_BITS_TO_BITS,direction,gz_median,0.01680063132624351,20.0,native_feature_importances
DIR_RandomForest_DirectionCore_E1_BITS_TO_BITS,E1_BITS_TO_BITS,direction,tilt_delta_std,0.016265982044421437,21.0,native_feature_importances
DIR_RandomForest_DirectionCore_E1_BITS_TO_BITS,E1_BITS_TO_BITS,direction,az_std,0.015992695919940583,22.0,native_feature_importances
DIR_RandomForest_DirectionCore_E1_BITS_TO_BITS,E1_BITS_TO_BITS,direction,az_max,0.015595336012316961,23.0,native_feature_importances
DIR_RandomForest_DirectionCore_E1_BITS_TO_BITS,E1_BITS_TO_BITS,direction,gx_std,0.015578836517839263,24.0,native_feature_importances
DIR_RandomForest_DirectionCore_E1_BITS_TO_BITS,E1_BITS_TO_BITS,direction,gz_std,0.014196301316550187,25.0,native_feature_importances
DIR_RandomForest_DirectionCore_E1_BITS_TO_BITS,E1_BITS_TO_BITS,direction,delta_pitch_window,0.01358531972894551,26.0,native_feature_importances
DIR_RandomForest_DirectionCore_E1_BITS_TO_BITS,E1_BITS_TO_BITS,direction,gz_final_initial,0.012737713974042338,27.0,native_feature_importances
DIR_RandomForest_DirectionCore_E1_BITS_TO_BITS,E1_BITS_TO_BITS,direction,delta_roll_window,0.012421153154053144,28.0,native_feature_importances
DIR_RandomForest_DirectionCore_E1_BITS_TO_BITS,E1_BITS_TO_BITS,direction,roll_final_initial,0.012293187972158908,29.0,native_feature_importances
DIR_RandomForest_DirectionCore_E1_BITS_TO_BITS,E1_BITS_TO_BITS,direction,az_min,0.011966962011653417,30.0,native_feature_importances
DIR_RandomForest_DirectionCore_E2_WEDA_TO_WEDA,E2_WEDA_TO_WEDA,direction,gy_mean,0.042940853705265854,1.0,native_feature_importances
DIR_RandomForest_DirectionCore_E2_WEDA_TO_WEDA,E2_WEDA_TO_WEDA,direction,ay_final_initial,0.03662329743422753,2.0,native_feature_importances
DIR_RandomForest_DirectionCore_E2_WEDA_TO_WEDA,E2_WEDA_TO_WEDA,direction,ax_mean,0.032830735707060535,3.0,native_feature_importances
DIR_RandomForest_DirectionCore_E2_WEDA_TO_WEDA,E2_WEDA_TO_WEDA,direction,delta_pitch_window,0.0308839612154306,4.0,native_feature_importances
DIR_RandomForest_DirectionCore_E2_WEDA_TO_WEDA,E2_WEDA_TO_WEDA,direction,gy_median,0.02997736665743738,5.0,native_feature_importances
DIR_RandomForest_DirectionCore_E2_WEDA_TO_WEDA,E2_WEDA_TO_WEDA,direction,pitch_final_initial,0.029265477127368527,6.0,native_feature_importances
DIR_RandomForest_DirectionCore_E2_WEDA_TO_WEDA,E2_WEDA_TO_WEDA,direction,ax_final_initial,0.02777077745683353,7.0,native_feature_importances
DIR_RandomForest_DirectionCore_E2_WEDA_TO_WEDA,E2_WEDA_TO_WEDA,direction,pitch_mean,0.026368254641285786,8.0,native_feature_importances
DIR_RandomForest_DirectionCore_E2_WEDA_TO_WEDA,E2_WEDA_TO_WEDA,direction,tilt_delta_mean,0.025184122064011803,9.0,native_feature_importances
DIR_RandomForest_DirectionCore_E2_WEDA_TO_WEDA,E2_WEDA_TO_WEDA,direction,pitch_std,0.023799591933115823,10.0,native_feature_importances
DIR_RandomForest_DirectionCore_E2_WEDA_TO_WEDA,E2_WEDA_TO_WEDA,direction,gx_median,0.023721869623425942,11.0,native_feature_importances
DIR_RandomForest_DirectionCore_E2_WEDA_TO_WEDA,E2_WEDA_TO_WEDA,direction,gx_std,0.022468796291621563,12.0,native_feature_importances
DIR_RandomForest_DirectionCore_E2_WEDA_TO_WEDA,E2_WEDA_TO_WEDA,direction,az_final_initial,0.022145024214343993,13.0,native_feature_importances
DIR_RandomForest_DirectionCore_E2_WEDA_TO_WEDA,E2_WEDA_TO_WEDA,direction,pre_ay_mean,0.020681261292503316,14.0,native_feature_importances
DIR_RandomForest_DirectionCore_E2_WEDA_TO_WEDA,E2_WEDA_TO_WEDA,direction,pre_gy_mean,0.02038977607542898,15.0,native_feature_importances
DIR_RandomForest_DirectionCore_E2_WEDA_TO_WEDA,E2_WEDA_TO_WEDA,direction,delta_roll_window,0.019917017181606367,16.0,native_feature_importances
DIR_RandomForest_DirectionCore_E2_WEDA_TO_WEDA,E2_WEDA_TO_WEDA,direction,pre_gx_mean,0.018590380511151732,17.0,native_feature_importances
DIR_RandomForest_DirectionCore_E2_WEDA_TO_WEDA,E2_WEDA_TO_WEDA,direction,pre_ax_mean,0.018030949373692,18.0,native_feature_importances
DIR_RandomForest_DirectionCore_E2_WEDA_TO_WEDA,E2_WEDA_TO_WEDA,direction,gx_range,0.017239861669215602,19.0,native_feature_importances
DIR_RandomForest_DirectionCore_E2_WEDA_TO_WEDA,E2_WEDA_TO_WEDA,direction,az_mean,0.017000646945603548,20.0,native_feature_importances
DIR_RandomForest_DirectionCore_E2_WEDA_TO_WEDA,E2_WEDA_TO_WEDA,direction,gx_mean,0.016736257172160776,21.0,native_feature_importances
DIR_RandomForest_DirectionCore_E2_WEDA_TO_WEDA,E2_WEDA_TO_WEDA,direction,ay_mean,0.01648042871746619,22.0,native_feature_importances
DIR_RandomForest_DirectionCore_E2_WEDA_TO_WEDA,E2_WEDA_TO_WEDA,direction,pitch_min,0.01622500251907764,23.0,native_feature_importances
DIR_RandomForest_DirectionCore_E2_WEDA_TO_WEDA,E2_WEDA_TO_WEDA,direction,gz_median,0.016102013611266397,24.0,native_feature_importances
DIR_RandomForest_DirectionCore_E2_WEDA_TO_WEDA,E2_WEDA_TO_WEDA,direction,ax_min,0.01525683012377045,25.0,native_feature_importances
DIR_RandomForest_DirectionCore_E2_WEDA_TO_WEDA,E2_WEDA_TO_WEDA,direction,az_min,0.014854921138676999,26.0,native_feature_importances
DIR_RandomForest_DirectionCore_E2_WEDA_TO_WEDA,E2_WEDA_TO_WEDA,direction,gy_final_initial,0.01485415647023224,27.0,native_feature_importances
DIR_RandomForest_DirectionCore_E2_WEDA_TO_WEDA,E2_WEDA_TO_WEDA,direction,gz_mean,0.014674431598663459,28.0,native_feature_importances
DIR_RandomForest_DirectionCore_E2_WEDA_TO_WEDA,E2_WEDA_TO_WEDA,direction,pre_az_mean,0.014186486152155283,29.0,native_feature_importances
DIR_RandomForest_DirectionCore_E2_WEDA_TO_WEDA,E2_WEDA_TO_WEDA,direction,gx_max,0.014061204959218178,30.0,native_feature_importances
DIR_RandomForest_DirectionCore_E3_BITS_WEDA_MIXED,E3_BITS_WEDA_MIXED,direction,ax_mean,0.050773827411072024,1.0,native_feature_importances
DIR_RandomForest_DirectionCore_E3_BITS_WEDA_MIXED,E3_BITS_WEDA_MIXED,direction,gy_mean,0.03542724071745175,2.0,native_feature_importances
DIR_RandomForest_DirectionCore_E3_BITS_WEDA_MIXED,E3_BITS_WEDA_MIXED,direction,pitch_mean,0.03439482454036234,3.0,native_feature_importances
DIR_RandomForest_DirectionCore_E3_BITS_WEDA_MIXED,E3_BITS_WEDA_MIXED,direction,ax_min,0.027489321460226777,4.0,native_feature_importances
DIR_RandomForest_DirectionCore_E3_BITS_WEDA_MIXED,E3_BITS_WEDA_MIXED,direction,pre_gy_mean,0.027119441598805614,5.0,native_feature_importances
DIR_RandomForest_DirectionCore_E3_BITS_WEDA_MIXED,E3_BITS_WEDA_MIXED,direction,delta_pitch_window,0.02527426341199592,6.0,native_feature_importances
DIR_RandomForest_DirectionCore_E3_BITS_WEDA_MIXED,E3_BITS_WEDA_MIXED,direction,ay_final_initial,0.024891019578114574,7.0,native_feature_importances
DIR_RandomForest_DirectionCore_E3_BITS_WEDA_MIXED,E3_BITS_WEDA_MIXED,direction,gy_median,0.024404502868963698,8.0,native_feature_importances
DIR_RandomForest_DirectionCore_E3_BITS_WEDA_MIXED,E3_BITS_WEDA_MIXED,direction,pre_gx_mean,0.021157731676178133,9.0,native_feature_importances
DIR_RandomForest_DirectionCore_E3_BITS_WEDA_MIXED,E3_BITS_WEDA_MIXED,direction,gx_median,0.020502382628830258,10.0,native_feature_importances
DIR_RandomForest_DirectionCore_E3_BITS_WEDA_MIXED,E3_BITS_WEDA_MIXED,direction,gx_std,0.02040410172561444,11.0,native_feature_importances
DIR_RandomForest_DirectionCore_E3_BITS_WEDA_MIXED,E3_BITS_WEDA_MIXED,direction,gz_mean,0.019950032762175007,12.0,native_feature_importances
DIR_RandomForest_DirectionCore_E3_BITS_WEDA_MIXED,E3_BITS_WEDA_MIXED,direction,gx_mean,0.019504375735267632,13.0,native_feature_importances
DIR_RandomForest_DirectionCore_E3_BITS_WEDA_MIXED,E3_BITS_WEDA_MIXED,direction,gz_median,0.018426738093991004,14.0,native_feature_importances
DIR_RandomForest_DirectionCore_E3_BITS_WEDA_MIXED,E3_BITS_WEDA_MIXED,direction,pitch_final_initial,0.018001362448716352,15.0,native_feature_importances
DIR_RandomForest_DirectionCore_E3_BITS_WEDA_MIXED,E3_BITS_WEDA_MIXED,direction,ax_final_initial,0.017704631796204844,16.0,native_feature_importances
DIR_RandomForest_DirectionCore_E3_BITS_WEDA_MIXED,E3_BITS_WEDA_MIXED,direction,az_min,0.017569790301792666,17.0,native_feature_importances
DIR_RandomForest_DirectionCore_E3_BITS_WEDA_MIXED,E3_BITS_WEDA_MIXED,direction,pre_ax_mean,0.01728795643500339,18.0,native_feature_importances
DIR_RandomForest_DirectionCore_E3_BITS_WEDA_MIXED,E3_BITS_WEDA_MIXED,direction,pitch_min,0.01631333112931026,19.0,native_feature_importances
DIR_RandomForest_DirectionCore_E3_BITS_WEDA_MIXED,E3_BITS_WEDA_MIXED,direction,pre_ay_mean,0.015969389070618595,20.0,native_feature_importances
DIR_RandomForest_DirectionCore_E3_BITS_WEDA_MIXED,E3_BITS_WEDA_MIXED,direction,delta_roll_window,0.01580856291349951,21.0,native_feature_importances
DIR_RandomForest_DirectionCore_E3_BITS_WEDA_MIXED,E3_BITS_WEDA_MIXED,direction,gx_range,0.015796436222755034,22.0,native_feature_importances
DIR_RandomForest_DirectionCore_E3_BITS_WEDA_MIXED,E3_BITS_WEDA_MIXED,direction,pitch_std,0.015566191376987315,23.0,native_feature_importances
DIR_RandomForest_DirectionCore_E3_BITS_WEDA_MIXED,E3_BITS_WEDA_MIXED,direction,ax_range,0.01552124091717314,24.0,native_feature_importances
DIR_RandomForest_DirectionCore_E3_BITS_WEDA_MIXED,E3_BITS_WEDA_MIXED,direction,gx_min,0.015297967910090632,25.0,native_feature_importances
DIR_RandomForest_DirectionCore_E3_BITS_WEDA_MIXED,E3_BITS_WEDA_MIXED,direction,pitch_max,0.015106102753500529,26.0,native_feature_importances
DIR_RandomForest_DirectionCore_E3_BITS_WEDA_MIXED,E3_BITS_WEDA_MIXED,direction,ay_mean,0.014951182198334646,27.0,native_feature_importances
DIR_RandomForest_DirectionCore_E3_BITS_WEDA_MIXED,E3_BITS_WEDA_MIXED,direction,ay_min,0.01434680451585352,28.0,native_feature_importances
DIR_RandomForest_DirectionCore_E3_BITS_WEDA_MIXED,E3_BITS_WEDA_MIXED,direction,roll_final_initial,0.01430847010719873,29.0,native_feature_importances
DIR_RandomForest_DirectionCore_E3_BITS_WEDA_MIXED,E3_BITS_WEDA_MIXED,direction,ax_std,0.01429549550201523,30.0,native_feature_importances
DIR_RandomForest_DirectionCore_E4_BITS_TO_WEDA,E4_BITS_TO_WEDA,direction,ax_min,0.07095940785967868,1.0,native_feature_importances
DIR_RandomForest_DirectionCore_E4_BITS_TO_WEDA,E4_BITS_TO_WEDA,direction,ax_mean,0.05979368404828578,2.0,native_feature_importances
DIR_RandomForest_DirectionCore_E4_BITS_TO_WEDA,E4_BITS_TO_WEDA,direction,pitch_max,0.05420716933901651,3.0,native_feature_importances
DIR_RandomForest_DirectionCore_E4_BITS_TO_WEDA,E4_BITS_TO_WEDA,direction,pre_ax_mean,0.03932925828268664,4.0,native_feature_importances
DIR_RandomForest_DirectionCore_E4_BITS_TO_WEDA,E4_BITS_TO_WEDA,direction,pitch_mean,0.031128485767144144,5.0,native_feature_importances
DIR_RandomForest_DirectionCore_E4_BITS_TO_WEDA,E4_BITS_TO_WEDA,direction,ay_min,0.026801367367084654,6.0,native_feature_importances
DIR_RandomForest_DirectionCore_E4_BITS_TO_WEDA,E4_BITS_TO_WEDA,direction,az_range,0.025530716114809615,7.0,native_feature_importances
DIR_RandomForest_DirectionCore_E4_BITS_TO_WEDA,E4_BITS_TO_WEDA,direction,gz_mean,0.0251545226655185,8.0,native_feature_importances
DIR_RandomForest_DirectionCore_E4_BITS_TO_WEDA,E4_BITS_TO_WEDA,direction,ax_range,0.023720014480220812,9.0,native_feature_importances
DIR_RandomForest_DirectionCore_E4_BITS_TO_WEDA,E4_BITS_TO_WEDA,direction,pitch_std,0.022854531476061493,10.0,native_feature_importances
DIR_RandomForest_DirectionCore_E4_BITS_TO_WEDA,E4_BITS_TO_WEDA,direction,ax_std,0.021943894139488093,11.0,native_feature_importances
DIR_RandomForest_DirectionCore_E4_BITS_TO_WEDA,E4_BITS_TO_WEDA,direction,roll_min,0.021551277332648198,12.0,native_feature_importances
DIR_RandomForest_DirectionCore_E4_BITS_TO_WEDA,E4_BITS_TO_WEDA,direction,ay_range,0.019118462012145877,13.0,native_feature_importances
DIR_RandomForest_DirectionCore_E4_BITS_TO_WEDA,E4_BITS_TO_WEDA,direction,gx_min,0.018745170467624153,14.0,native_feature_importances
DIR_RandomForest_DirectionCore_E4_BITS_TO_WEDA,E4_BITS_TO_WEDA,direction,pre_gy_mean,0.018032358451122516,15.0,native_feature_importances
DIR_RandomForest_DirectionCore_E4_BITS_TO_WEDA,E4_BITS_TO_WEDA,direction,gx_range,0.017662191790908242,16.0,native_feature_importances
DIR_RandomForest_DirectionCore_E4_BITS_TO_WEDA,E4_BITS_TO_WEDA,direction,pitch_final_initial,0.017589355783194194,17.0,native_feature_importances
DIR_RandomForest_DirectionCore_E4_BITS_TO_WEDA,E4_BITS_TO_WEDA,direction,gy_max,0.017450326462118925,18.0,native_feature_importances
DIR_RandomForest_DirectionCore_E4_BITS_TO_WEDA,E4_BITS_TO_WEDA,direction,ay_final_initial,0.01683198941130523,19.0,native_feature_importances
DIR_RandomForest_DirectionCore_E4_BITS_TO_WEDA,E4_BITS_TO_WEDA,direction,gz_median,0.01680063132624351,20.0,native_feature_importances
DIR_RandomForest_DirectionCore_E4_BITS_TO_WEDA,E4_BITS_TO_WEDA,direction,tilt_delta_std,0.016265982044421437,21.0,native_feature_importances
DIR_RandomForest_DirectionCore_E4_BITS_TO_WEDA,E4_BITS_TO_WEDA,direction,az_std,0.015992695919940583,22.0,native_feature_importances
DIR_RandomForest_DirectionCore_E4_BITS_TO_WEDA,E4_BITS_TO_WEDA,direction,az_max,0.015595336012316961,23.0,native_feature_importances
DIR_RandomForest_DirectionCore_E4_BITS_TO_WEDA,E4_BITS_TO_WEDA,direction,gx_std,0.015578836517839263,24.0,native_feature_importances
DIR_RandomForest_DirectionCore_E4_BITS_TO_WEDA,E4_BITS_TO_WEDA,direction,gz_std,0.014196301316550187,25.0,native_feature_importances
DIR_RandomForest_DirectionCore_E4_BITS_TO_WEDA,E4_BITS_TO_WEDA,direction,delta_pitch_window,0.01358531972894551,26.0,native_feature_importances
DIR_RandomForest_DirectionCore_E4_BITS_TO_WEDA,E4_BITS_TO_WEDA,direction,gz_final_initial,0.012737713974042338,27.0,native_feature_importances
DIR_RandomForest_DirectionCore_E4_BITS_TO_WEDA,E4_BITS_TO_WEDA,direction,delta_roll_window,0.012421153154053144,28.0,native_feature_importances
DIR_RandomForest_DirectionCore_E4_BITS_TO_WEDA,E4_BITS_TO_WEDA,direction,roll_final_initial,0.012293187972158908,29.0,native_feature_importances
DIR_RandomForest_DirectionCore_E4_BITS_TO_WEDA,E4_BITS_TO_WEDA,direction,az_min,0.011966962011653417,30.0,native_feature_importances
DIR_RandomForest_DirectionCore_E5_WEDA_TO_BITS,E5_WEDA_TO_BITS,direction,gy_mean,0.042940853705265854,1.0,native_feature_importances
DIR_RandomForest_DirectionCore_E5_WEDA_TO_BITS,E5_WEDA_TO_BITS,direction,ay_final_initial,0.03662329743422753,2.0,native_feature_importances
DIR_RandomForest_DirectionCore_E5_WEDA_TO_BITS,E5_WEDA_TO_BITS,direction,ax_mean,0.032830735707060535,3.0,native_feature_importances
DIR_RandomForest_DirectionCore_E5_WEDA_TO_BITS,E5_WEDA_TO_BITS,direction,delta_pitch_window,0.0308839612154306,4.0,native_feature_importances
DIR_RandomForest_DirectionCore_E5_WEDA_TO_BITS,E5_WEDA_TO_BITS,direction,gy_median,0.02997736665743738,5.0,native_feature_importances
DIR_RandomForest_DirectionCore_E5_WEDA_TO_BITS,E5_WEDA_TO_BITS,direction,pitch_final_initial,0.029265477127368527,6.0,native_feature_importances
DIR_RandomForest_DirectionCore_E5_WEDA_TO_BITS,E5_WEDA_TO_BITS,direction,ax_final_initial,0.02777077745683353,7.0,native_feature_importances
DIR_RandomForest_DirectionCore_E5_WEDA_TO_BITS,E5_WEDA_TO_BITS,direction,pitch_mean,0.026368254641285786,8.0,native_feature_importances
DIR_RandomForest_DirectionCore_E5_WEDA_TO_BITS,E5_WEDA_TO_BITS,direction,tilt_delta_mean,0.025184122064011803,9.0,native_feature_importances
DIR_RandomForest_DirectionCore_E5_WEDA_TO_BITS,E5_WEDA_TO_BITS,direction,pitch_std,0.023799591933115823,10.0,native_feature_importances
DIR_RandomForest_DirectionCore_E5_WEDA_TO_BITS,E5_WEDA_TO_BITS,direction,gx_median,0.023721869623425942,11.0,native_feature_importances
DIR_RandomForest_DirectionCore_E5_WEDA_TO_BITS,E5_WEDA_TO_BITS,direction,gx_std,0.022468796291621563,12.0,native_feature_importances
DIR_RandomForest_DirectionCore_E5_WEDA_TO_BITS,E5_WEDA_TO_BITS,direction,az_final_initial,0.022145024214343993,13.0,native_feature_importances
DIR_RandomForest_DirectionCore_E5_WEDA_TO_BITS,E5_WEDA_TO_BITS,direction,pre_ay_mean,0.020681261292503316,14.0,native_feature_importances
DIR_RandomForest_DirectionCore_E5_WEDA_TO_BITS,E5_WEDA_TO_BITS,direction,pre_gy_mean,0.02038977607542898,15.0,native_feature_importances
DIR_RandomForest_DirectionCore_E5_WEDA_TO_BITS,E5_WEDA_TO_BITS,direction,delta_roll_window,0.019917017181606367,16.0,native_feature_importances
DIR_RandomForest_DirectionCore_E5_WEDA_TO_BITS,E5_WEDA_TO_BITS,direction,pre_gx_mean,0.018590380511151732,17.0,native_feature_importances
DIR_RandomForest_DirectionCore_E5_WEDA_TO_BITS,E5_WEDA_TO_BITS,direction,pre_ax_mean,0.018030949373692,18.0,native_feature_importances
DIR_RandomForest_DirectionCore_E5_WEDA_TO_BITS,E5_WEDA_TO_BITS,direction,gx_range,0.017239861669215602,19.0,native_feature_importances
DIR_RandomForest_DirectionCore_E5_WEDA_TO_BITS,E5_WEDA_TO_BITS,direction,az_mean,0.017000646945603548,20.0,native_feature_importances
DIR_RandomForest_DirectionCore_E5_WEDA_TO_BITS,E5_WEDA_TO_BITS,direction,gx_mean,0.016736257172160776,21.0,native_feature_importances
DIR_RandomForest_DirectionCore_E5_WEDA_TO_BITS,E5_WEDA_TO_BITS,direction,ay_mean,0.01648042871746619,22.0,native_feature_importances
DIR_RandomForest_DirectionCore_E5_WEDA_TO_BITS,E5_WEDA_TO_BITS,direction,pitch_min,0.01622500251907764,23.0,native_feature_importances
DIR_RandomForest_DirectionCore_E5_WEDA_TO_BITS,E5_WEDA_TO_BITS,direction,gz_median,0.016102013611266397,24.0,native_feature_importances
DIR_RandomForest_DirectionCore_E5_WEDA_TO_BITS,E5_WEDA_TO_BITS,direction,ax_min,0.01525683012377045,25.0,native_feature_importances
DIR_RandomForest_DirectionCore_E5_WEDA_TO_BITS,E5_WEDA_TO_BITS,direction,az_min,0.014854921138676999,26.0,native_feature_importances
DIR_RandomForest_DirectionCore_E5_WEDA_TO_BITS,E5_WEDA_TO_BITS,direction,gy_final_initial,0.01485415647023224,27.0,native_feature_importances
DIR_RandomForest_DirectionCore_E5_WEDA_TO_BITS,E5_WEDA_TO_BITS,direction,gz_mean,0.014674431598663459,28.0,native_feature_importances
DIR_RandomForest_DirectionCore_E5_WEDA_TO_BITS,E5_WEDA_TO_BITS,direction,pre_az_mean,0.014186486152155283,29.0,native_feature_importances
DIR_RandomForest_DirectionCore_E5_WEDA_TO_BITS,E5_WEDA_TO_BITS,direction,gx_max,0.014061204959218178,30.0,native_feature_importances
DIR_GradientBoosting_DirectionCore_E1_BITS_TO_BITS,E1_BITS_TO_BITS,direction,ax_min,0.3091146872893265,1.0,native_feature_importances
DIR_GradientBoosting_DirectionCore_E1_BITS_TO_BITS,E1_BITS_TO_BITS,direction,gz_mean,0.10093921436252278,2.0,native_feature_importances
DIR_GradientBoosting_DirectionCore_E1_BITS_TO_BITS,E1_BITS_TO_BITS,direction,pitch_std,0.08131675627032986,3.0,native_feature_importances
DIR_GradientBoosting_DirectionCore_E1_BITS_TO_BITS,E1_BITS_TO_BITS,direction,roll_final_initial,0.04859456575242153,4.0,native_feature_importances
DIR_GradientBoosting_DirectionCore_E1_BITS_TO_BITS,E1_BITS_TO_BITS,direction,az_final_initial,0.039780903418204165,5.0,native_feature_importances
DIR_GradientBoosting_DirectionCore_E1_BITS_TO_BITS,E1_BITS_TO_BITS,direction,ay_final_initial,0.029693058649472154,6.0,native_feature_importances
DIR_GradientBoosting_DirectionCore_E1_BITS_TO_BITS,E1_BITS_TO_BITS,direction,az_range,0.02556213000931605,7.0,native_feature_importances
DIR_GradientBoosting_DirectionCore_E1_BITS_TO_BITS,E1_BITS_TO_BITS,direction,gz_std,0.021609679399357932,8.0,native_feature_importances
DIR_GradientBoosting_DirectionCore_E1_BITS_TO_BITS,E1_BITS_TO_BITS,direction,az_min,0.021479808850634642,9.0,native_feature_importances
DIR_GradientBoosting_DirectionCore_E1_BITS_TO_BITS,E1_BITS_TO_BITS,direction,ay_min,0.018828069404386912,10.0,native_feature_importances
DIR_GradientBoosting_DirectionCore_E1_BITS_TO_BITS,E1_BITS_TO_BITS,direction,gy_max,0.016791856767534637,11.0,native_feature_importances
DIR_GradientBoosting_DirectionCore_E1_BITS_TO_BITS,E1_BITS_TO_BITS,direction,roll_min,0.014479562619461584,12.0,native_feature_importances
DIR_GradientBoosting_DirectionCore_E1_BITS_TO_BITS,E1_BITS_TO_BITS,direction,gz_median,0.014449560816900353,13.0,native_feature_importances
DIR_GradientBoosting_DirectionCore_E1_BITS_TO_BITS,E1_BITS_TO_BITS,direction,gx_final_initial,0.013951234566332082,14.0,native_feature_importances
DIR_GradientBoosting_DirectionCore_E1_BITS_TO_BITS,E1_BITS_TO_BITS,direction,az_max,0.011522105007020268,15.0,native_feature_importances
DIR_GradientBoosting_DirectionCore_E1_BITS_TO_BITS,E1_BITS_TO_BITS,direction,ay_mean,0.011506244381411002,16.0,native_feature_importances
DIR_GradientBoosting_DirectionCore_E1_BITS_TO_BITS,E1_BITS_TO_BITS,direction,ax_final_initial,0.01147304645028325,17.0,native_feature_importances
DIR_GradientBoosting_DirectionCore_E1_BITS_TO_BITS,E1_BITS_TO_BITS,direction,pre_gz_mean,0.010704166841368495,18.0,native_feature_importances
DIR_GradientBoosting_DirectionCore_E1_BITS_TO_BITS,E1_BITS_TO_BITS,direction,gx_std,0.010680316263775573,19.0,native_feature_importances
DIR_GradientBoosting_DirectionCore_E1_BITS_TO_BITS,E1_BITS_TO_BITS,direction,pitch_mean,0.01055177631132157,20.0,native_feature_importances
DIR_GradientBoosting_DirectionCore_E1_BITS_TO_BITS,E1_BITS_TO_BITS,direction,delta_pitch_window,0.010422930524386136,21.0,native_feature_importances
DIR_GradientBoosting_DirectionCore_E1_BITS_TO_BITS,E1_BITS_TO_BITS,direction,pre_gx_mean,0.009967067858159059,22.0,native_feature_importances
DIR_GradientBoosting_DirectionCore_E1_BITS_TO_BITS,E1_BITS_TO_BITS,direction,tilt_delta_final,0.009872938997744852,23.0,native_feature_importances
DIR_GradientBoosting_DirectionCore_E1_BITS_TO_BITS,E1_BITS_TO_BITS,direction,roll_mean,0.00985418786701649,24.0,native_feature_importances
DIR_GradientBoosting_DirectionCore_E1_BITS_TO_BITS,E1_BITS_TO_BITS,direction,pre_gy_mean,0.008844062281960063,25.0,native_feature_importances
DIR_GradientBoosting_DirectionCore_E1_BITS_TO_BITS,E1_BITS_TO_BITS,direction,ax_max,0.008716896118055859,26.0,native_feature_importances
DIR_GradientBoosting_DirectionCore_E1_BITS_TO_BITS,E1_BITS_TO_BITS,direction,gx_min,0.008196807262942678,27.0,native_feature_importances
DIR_GradientBoosting_DirectionCore_E1_BITS_TO_BITS,E1_BITS_TO_BITS,direction,gz_final_initial,0.00803511037751637,28.0,native_feature_importances
DIR_GradientBoosting_DirectionCore_E1_BITS_TO_BITS,E1_BITS_TO_BITS,direction,ax_mean,0.008025262817620015,29.0,native_feature_importances
DIR_GradientBoosting_DirectionCore_E1_BITS_TO_BITS,E1_BITS_TO_BITS,direction,gx_max,0.00742879969236138,30.0,native_feature_importances
DIR_GradientBoosting_DirectionCore_E2_WEDA_TO_WEDA,E2_WEDA_TO_WEDA,direction,gy_mean,0.10358032702302859,1.0,native_feature_importances
DIR_GradientBoosting_DirectionCore_E2_WEDA_TO_WEDA,E2_WEDA_TO_WEDA,direction,ax_mean,0.07090537491012158,2.0,native_feature_importances
DIR_GradientBoosting_DirectionCore_E2_WEDA_TO_WEDA,E2_WEDA_TO_WEDA,direction,delta_pitch_window,0.07047436923443351,3.0,native_feature_importances
DIR_GradientBoosting_DirectionCore_E2_WEDA_TO_WEDA,E2_WEDA_TO_WEDA,direction,ay_final_initial,0.0678111657361363,4.0,native_feature_importances
DIR_GradientBoosting_DirectionCore_E2_WEDA_TO_WEDA,E2_WEDA_TO_WEDA,direction,pre_gx_mean,0.06018205324851095,5.0,native_feature_importances
DIR_GradientBoosting_DirectionCore_E2_WEDA_TO_WEDA,E2_WEDA_TO_WEDA,direction,gx_median,0.05092907533785688,6.0,native_feature_importances
DIR_GradientBoosting_DirectionCore_E2_WEDA_TO_WEDA,E2_WEDA_TO_WEDA,direction,ax_final_initial,0.048105818373984165,7.0,native_feature_importances
DIR_GradientBoosting_DirectionCore_E2_WEDA_TO_WEDA,E2_WEDA_TO_WEDA,direction,gy_median,0.04596113540364243,8.0,native_feature_importances
DIR_GradientBoosting_DirectionCore_E2_WEDA_TO_WEDA,E2_WEDA_TO_WEDA,direction,tilt_delta_mean,0.03779572280997429,9.0,native_feature_importances
DIR_GradientBoosting_DirectionCore_E2_WEDA_TO_WEDA,E2_WEDA_TO_WEDA,direction,pitch_mean,0.025196920919304033,10.0,native_feature_importances
DIR_GradientBoosting_DirectionCore_E2_WEDA_TO_WEDA,E2_WEDA_TO_WEDA,direction,pitch_final_initial,0.024542739466102713,11.0,native_feature_importances
DIR_GradientBoosting_DirectionCore_E2_WEDA_TO_WEDA,E2_WEDA_TO_WEDA,direction,pitch_min,0.022529979262145516,12.0,native_feature_importances
DIR_GradientBoosting_DirectionCore_E2_WEDA_TO_WEDA,E2_WEDA_TO_WEDA,direction,gx_std,0.02209712408421114,13.0,native_feature_importances
DIR_GradientBoosting_DirectionCore_E2_WEDA_TO_WEDA,E2_WEDA_TO_WEDA,direction,az_min,0.02196018670133724,14.0,native_feature_importances
DIR_GradientBoosting_DirectionCore_E2_WEDA_TO_WEDA,E2_WEDA_TO_WEDA,direction,gz_mean,0.020712333822182873,15.0,native_feature_importances
DIR_GradientBoosting_DirectionCore_E2_WEDA_TO_WEDA,E2_WEDA_TO_WEDA,direction,az_mean,0.016383655332269112,16.0,native_feature_importances
DIR_GradientBoosting_DirectionCore_E2_WEDA_TO_WEDA,E2_WEDA_TO_WEDA,direction,ay_mean,0.01583835627962289,17.0,native_feature_importances
DIR_GradientBoosting_DirectionCore_E2_WEDA_TO_WEDA,E2_WEDA_TO_WEDA,direction,gy_final_initial,0.015569322566871964,18.0,native_feature_importances
DIR_GradientBoosting_DirectionCore_E2_WEDA_TO_WEDA,E2_WEDA_TO_WEDA,direction,pre_gy_mean,0.014636216941137713,19.0,native_feature_importances
DIR_GradientBoosting_DirectionCore_E2_WEDA_TO_WEDA,E2_WEDA_TO_WEDA,direction,gy_min,0.013952856050915416,20.0,native_feature_importances
DIR_GradientBoosting_DirectionCore_E2_WEDA_TO_WEDA,E2_WEDA_TO_WEDA,direction,az_range,0.013165954081534488,21.0,native_feature_importances
DIR_GradientBoosting_DirectionCore_E2_WEDA_TO_WEDA,E2_WEDA_TO_WEDA,direction,gx_max,0.013126377091616041,22.0,native_feature_importances
DIR_GradientBoosting_DirectionCore_E2_WEDA_TO_WEDA,E2_WEDA_TO_WEDA,direction,ay_min,0.012686663068387356,23.0,native_feature_importances
DIR_GradientBoosting_DirectionCore_E2_WEDA_TO_WEDA,E2_WEDA_TO_WEDA,direction,pre_az_mean,0.012559928036612987,24.0,native_feature_importances
DIR_GradientBoosting_DirectionCore_E2_WEDA_TO_WEDA,E2_WEDA_TO_WEDA,direction,pre_gz_mean,0.01100203831763289,25.0,native_feature_importances
DIR_GradientBoosting_DirectionCore_E2_WEDA_TO_WEDA,E2_WEDA_TO_WEDA,direction,pre_ax_mean,0.010151727266704345,26.0,native_feature_importances
DIR_GradientBoosting_DirectionCore_E2_WEDA_TO_WEDA,E2_WEDA_TO_WEDA,direction,gx_range,0.00911373018430873,27.0,native_feature_importances
DIR_GradientBoosting_DirectionCore_E2_WEDA_TO_WEDA,E2_WEDA_TO_WEDA,direction,az_max,0.00901071277834514,28.0,native_feature_importances
DIR_GradientBoosting_DirectionCore_E2_WEDA_TO_WEDA,E2_WEDA_TO_WEDA,direction,pre_ay_mean,0.008992571347489658,29.0,native_feature_importances
DIR_GradientBoosting_DirectionCore_E2_WEDA_TO_WEDA,E2_WEDA_TO_WEDA,direction,gz_max,0.008413549627891552,30.0,native_feature_importances
DIR_GradientBoosting_DirectionCore_E3_BITS_WEDA_MIXED,E3_BITS_WEDA_MIXED,direction,ax_mean,0.11859981887148953,1.0,native_feature_importances
DIR_GradientBoosting_DirectionCore_E3_BITS_WEDA_MIXED,E3_BITS_WEDA_MIXED,direction,gy_mean,0.07994198429295767,2.0,native_feature_importances
DIR_GradientBoosting_DirectionCore_E3_BITS_WEDA_MIXED,E3_BITS_WEDA_MIXED,direction,delta_pitch_window,0.04085557615152391,3.0,native_feature_importances
DIR_GradientBoosting_DirectionCore_E3_BITS_WEDA_MIXED,E3_BITS_WEDA_MIXED,direction,ax_min,0.03995506674066653,4.0,native_feature_importances
DIR_GradientBoosting_DirectionCore_E3_BITS_WEDA_MIXED,E3_BITS_WEDA_MIXED,direction,ay_final_initial,0.03699330848447576,5.0,native_feature_importances
DIR_GradientBoosting_DirectionCore_E3_BITS_WEDA_MIXED,E3_BITS_WEDA_MIXED,direction,gz_mean,0.03395647433933075,6.0,native_feature_importances
DIR_GradientBoosting_DirectionCore_E3_BITS_WEDA_MIXED,E3_BITS_WEDA_MIXED,direction,az_min,0.03267606686445401,7.0,native_feature_importances
DIR_GradientBoosting_DirectionCore_E3_BITS_WEDA_MIXED,E3_BITS_WEDA_MIXED,direction,pre_gy_mean,0.032293946910969186,8.0,native_feature_importances
DIR_GradientBoosting_DirectionCore_E3_BITS_WEDA_MIXED,E3_BITS_WEDA_MIXED,direction,gx_median,0.03004660723432418,9.0,native_feature_importances
DIR_GradientBoosting_DirectionCore_E3_BITS_WEDA_MIXED,E3_BITS_WEDA_MIXED,direction,gx_std,0.028671804559817344,10.0,native_feature_importances
DIR_GradientBoosting_DirectionCore_E3_BITS_WEDA_MIXED,E3_BITS_WEDA_MIXED,direction,gy_median,0.028376638521247003,11.0,native_feature_importances
DIR_GradientBoosting_DirectionCore_E3_BITS_WEDA_MIXED,E3_BITS_WEDA_MIXED,direction,ay_mean,0.027277138158793277,12.0,native_feature_importances
DIR_GradientBoosting_DirectionCore_E3_BITS_WEDA_MIXED,E3_BITS_WEDA_MIXED,direction,tilt_delta_mean,0.02547042412100474,13.0,native_feature_importances
DIR_GradientBoosting_DirectionCore_E3_BITS_WEDA_MIXED,E3_BITS_WEDA_MIXED,direction,ax_range,0.02489293479921866,14.0,native_feature_importances
DIR_GradientBoosting_DirectionCore_E3_BITS_WEDA_MIXED,E3_BITS_WEDA_MIXED,direction,pitch_mean,0.02480811773650064,15.0,native_feature_importances
DIR_GradientBoosting_DirectionCore_E3_BITS_WEDA_MIXED,E3_BITS_WEDA_MIXED,direction,gz_median,0.02460300459421046,16.0,native_feature_importances
DIR_GradientBoosting_DirectionCore_E3_BITS_WEDA_MIXED,E3_BITS_WEDA_MIXED,direction,pre_gx_mean,0.023647316935472493,17.0,native_feature_importances
DIR_GradientBoosting_DirectionCore_E3_BITS_WEDA_MIXED,E3_BITS_WEDA_MIXED,direction,roll_mean,0.02110933983297153,18.0,native_feature_importances
DIR_GradientBoosting_DirectionCore_E3_BITS_WEDA_MIXED,E3_BITS_WEDA_MIXED,direction,ay_min,0.01871311497308479,19.0,native_feature_importances
DIR_GradientBoosting_DirectionCore_E3_BITS_WEDA_MIXED,E3_BITS_WEDA_MIXED,direction,delta_roll_window,0.014971056148801542,20.0,native_feature_importances
DIR_GradientBoosting_DirectionCore_E3_BITS_WEDA_MIXED,E3_BITS_WEDA_MIXED,direction,az_mean,0.014511171940111785,21.0,native_feature_importances
DIR_GradientBoosting_DirectionCore_E3_BITS_WEDA_MIXED,E3_BITS_WEDA_MIXED,direction,pitch_max,0.013718067461664124,22.0,native_feature_importances
DIR_GradientBoosting_DirectionCore_E3_BITS_WEDA_MIXED,E3_BITS_WEDA_MIXED,direction,pitch_final_initial,0.012781850761037631,23.0,native_feature_importances
DIR_GradientBoosting_DirectionCore_E3_BITS_WEDA_MIXED,E3_BITS_WEDA_MIXED,direction,gz_std,0.01234989817900264,24.0,native_feature_importances
DIR_GradientBoosting_DirectionCore_E3_BITS_WEDA_MIXED,E3_BITS_WEDA_MIXED,direction,gx_mean,0.012244163276564525,25.0,native_feature_importances
DIR_GradientBoosting_DirectionCore_E3_BITS_WEDA_MIXED,E3_BITS_WEDA_MIXED,direction,pre_az_mean,0.01202450274785101,26.0,native_feature_importances
DIR_GradientBoosting_DirectionCore_E3_BITS_WEDA_MIXED,E3_BITS_WEDA_MIXED,direction,gx_range,0.011790725751699083,27.0,native_feature_importances
DIR_GradientBoosting_DirectionCore_E3_BITS_WEDA_MIXED,E3_BITS_WEDA_MIXED,direction,pre_ay_mean,0.011341251922026951,28.0,native_feature_importances
DIR_GradientBoosting_DirectionCore_E3_BITS_WEDA_MIXED,E3_BITS_WEDA_MIXED,direction,pitch_min,0.010358865581699505,29.0,native_feature_importances
DIR_GradientBoosting_DirectionCore_E3_BITS_WEDA_MIXED,E3_BITS_WEDA_MIXED,direction,gy_final_initial,0.010102453556636559,30.0,native_feature_importances
DIR_GradientBoosting_DirectionCore_E4_BITS_TO_WEDA,E4_BITS_TO_WEDA,direction,ax_min,0.3091146872893265,1.0,native_feature_importances
DIR_GradientBoosting_DirectionCore_E4_BITS_TO_WEDA,E4_BITS_TO_WEDA,direction,gz_mean,0.10093921436252278,2.0,native_feature_importances
DIR_GradientBoosting_DirectionCore_E4_BITS_TO_WEDA,E4_BITS_TO_WEDA,direction,pitch_std,0.08131675627032986,3.0,native_feature_importances
DIR_GradientBoosting_DirectionCore_E4_BITS_TO_WEDA,E4_BITS_TO_WEDA,direction,roll_final_initial,0.04859456575242153,4.0,native_feature_importances
DIR_GradientBoosting_DirectionCore_E4_BITS_TO_WEDA,E4_BITS_TO_WEDA,direction,az_final_initial,0.039780903418204165,5.0,native_feature_importances
DIR_GradientBoosting_DirectionCore_E4_BITS_TO_WEDA,E4_BITS_TO_WEDA,direction,ay_final_initial,0.029693058649472154,6.0,native_feature_importances
DIR_GradientBoosting_DirectionCore_E4_BITS_TO_WEDA,E4_BITS_TO_WEDA,direction,az_range,0.02556213000931605,7.0,native_feature_importances
DIR_GradientBoosting_DirectionCore_E4_BITS_TO_WEDA,E4_BITS_TO_WEDA,direction,gz_std,0.021609679399357932,8.0,native_feature_importances
DIR_GradientBoosting_DirectionCore_E4_BITS_TO_WEDA,E4_BITS_TO_WEDA,direction,az_min,0.021479808850634642,9.0,native_feature_importances
DIR_GradientBoosting_DirectionCore_E4_BITS_TO_WEDA,E4_BITS_TO_WEDA,direction,ay_min,0.018828069404386912,10.0,native_feature_importances
DIR_GradientBoosting_DirectionCore_E4_BITS_TO_WEDA,E4_BITS_TO_WEDA,direction,gy_max,0.016791856767534637,11.0,native_feature_importances
DIR_GradientBoosting_DirectionCore_E4_BITS_TO_WEDA,E4_BITS_TO_WEDA,direction,roll_min,0.014479562619461584,12.0,native_feature_importances
DIR_GradientBoosting_DirectionCore_E4_BITS_TO_WEDA,E4_BITS_TO_WEDA,direction,gz_median,0.014449560816900353,13.0,native_feature_importances
DIR_GradientBoosting_DirectionCore_E4_BITS_TO_WEDA,E4_BITS_TO_WEDA,direction,gx_final_initial,0.013951234566332082,14.0,native_feature_importances
DIR_GradientBoosting_DirectionCore_E4_BITS_TO_WEDA,E4_BITS_TO_WEDA,direction,az_max,0.011522105007020268,15.0,native_feature_importances
DIR_GradientBoosting_DirectionCore_E4_BITS_TO_WEDA,E4_BITS_TO_WEDA,direction,ay_mean,0.011506244381411002,16.0,native_feature_importances
DIR_GradientBoosting_DirectionCore_E4_BITS_TO_WEDA,E4_BITS_TO_WEDA,direction,ax_final_initial,0.01147304645028325,17.0,native_feature_importances
DIR_GradientBoosting_DirectionCore_E4_BITS_TO_WEDA,E4_BITS_TO_WEDA,direction,pre_gz_mean,0.010704166841368495,18.0,native_feature_importances
DIR_GradientBoosting_DirectionCore_E4_BITS_TO_WEDA,E4_BITS_TO_WEDA,direction,gx_std,0.010680316263775573,19.0,native_feature_importances
DIR_GradientBoosting_DirectionCore_E4_BITS_TO_WEDA,E4_BITS_TO_WEDA,direction,pitch_mean,0.01055177631132157,20.0,native_feature_importances
DIR_GradientBoosting_DirectionCore_E4_BITS_TO_WEDA,E4_BITS_TO_WEDA,direction,delta_pitch_window,0.010422930524386136,21.0,native_feature_importances
DIR_GradientBoosting_DirectionCore_E4_BITS_TO_WEDA,E4_BITS_TO_WEDA,direction,pre_gx_mean,0.009967067858159059,22.0,native_feature_importances
DIR_GradientBoosting_DirectionCore_E4_BITS_TO_WEDA,E4_BITS_TO_WEDA,direction,tilt_delta_final,0.009872938997744852,23.0,native_feature_importances
DIR_GradientBoosting_DirectionCore_E4_BITS_TO_WEDA,E4_BITS_TO_WEDA,direction,roll_mean,0.00985418786701649,24.0,native_feature_importances
DIR_GradientBoosting_DirectionCore_E4_BITS_TO_WEDA,E4_BITS_TO_WEDA,direction,pre_gy_mean,0.008844062281960063,25.0,native_feature_importances
DIR_GradientBoosting_DirectionCore_E4_BITS_TO_WEDA,E4_BITS_TO_WEDA,direction,ax_max,0.008716896118055859,26.0,native_feature_importances
DIR_GradientBoosting_DirectionCore_E4_BITS_TO_WEDA,E4_BITS_TO_WEDA,direction,gx_min,0.008196807262942678,27.0,native_feature_importances
DIR_GradientBoosting_DirectionCore_E4_BITS_TO_WEDA,E4_BITS_TO_WEDA,direction,gz_final_initial,0.00803511037751637,28.0,native_feature_importances
DIR_GradientBoosting_DirectionCore_E4_BITS_TO_WEDA,E4_BITS_TO_WEDA,direction,ax_mean,0.008025262817620015,29.0,native_feature_importances
DIR_GradientBoosting_DirectionCore_E4_BITS_TO_WEDA,E4_BITS_TO_WEDA,direction,gx_max,0.00742879969236138,30.0,native_feature_importances
DIR_GradientBoosting_DirectionCore_E5_WEDA_TO_BITS,E5_WEDA_TO_BITS,direction,gy_mean,0.10358032702302859,1.0,native_feature_importances
DIR_GradientBoosting_DirectionCore_E5_WEDA_TO_BITS,E5_WEDA_TO_BITS,direction,ax_mean,0.07090537491012158,2.0,native_feature_importances
DIR_GradientBoosting_DirectionCore_E5_WEDA_TO_BITS,E5_WEDA_TO_BITS,direction,delta_pitch_window,0.07047436923443351,3.0,native_feature_importances
DIR_GradientBoosting_DirectionCore_E5_WEDA_TO_BITS,E5_WEDA_TO_BITS,direction,ay_final_initial,0.0678111657361363,4.0,native_feature_importances
DIR_GradientBoosting_DirectionCore_E5_WEDA_TO_BITS,E5_WEDA_TO_BITS,direction,pre_gx_mean,0.06018205324851095,5.0,native_feature_importances
DIR_GradientBoosting_DirectionCore_E5_WEDA_TO_BITS,E5_WEDA_TO_BITS,direction,gx_median,0.05092907533785688,6.0,native_feature_importances
DIR_GradientBoosting_DirectionCore_E5_WEDA_TO_BITS,E5_WEDA_TO_BITS,direction,ax_final_initial,0.048105818373984165,7.0,native_feature_importances
DIR_GradientBoosting_DirectionCore_E5_WEDA_TO_BITS,E5_WEDA_TO_BITS,direction,gy_median,0.04596113540364243,8.0,native_feature_importances
DIR_GradientBoosting_DirectionCore_E5_WEDA_TO_BITS,E5_WEDA_TO_BITS,direction,tilt_delta_mean,0.03779572280997429,9.0,native_feature_importances
DIR_GradientBoosting_DirectionCore_E5_WEDA_TO_BITS,E5_WEDA_TO_BITS,direction,pitch_mean,0.025196920919304033,10.0,native_feature_importances
DIR_GradientBoosting_DirectionCore_E5_WEDA_TO_BITS,E5_WEDA_TO_BITS,direction,pitch_final_initial,0.024542739466102713,11.0,native_feature_importances
DIR_GradientBoosting_DirectionCore_E5_WEDA_TO_BITS,E5_WEDA_TO_BITS,direction,pitch_min,0.022529979262145516,12.0,native_feature_importances
DIR_GradientBoosting_DirectionCore_E5_WEDA_TO_BITS,E5_WEDA_TO_BITS,direction,gx_std,0.02209712408421114,13.0,native_feature_importances
DIR_GradientBoosting_DirectionCore_E5_WEDA_TO_BITS,E5_WEDA_TO_BITS,direction,az_min,0.02196018670133724,14.0,native_feature_importances
DIR_GradientBoosting_DirectionCore_E5_WEDA_TO_BITS,E5_WEDA_TO_BITS,direction,gz_mean,0.020712333822182873,15.0,native_feature_importances
DIR_GradientBoosting_DirectionCore_E5_WEDA_TO_BITS,E5_WEDA_TO_BITS,direction,az_mean,0.016383655332269112,16.0,native_feature_importances
DIR_GradientBoosting_DirectionCore_E5_WEDA_TO_BITS,E5_WEDA_TO_BITS,direction,ay_mean,0.01583835627962289,17.0,native_feature_importances
DIR_GradientBoosting_DirectionCore_E5_WEDA_TO_BITS,E5_WEDA_TO_BITS,direction,gy_final_initial,0.015569322566871964,18.0,native_feature_importances
DIR_GradientBoosting_DirectionCore_E5_WEDA_TO_BITS,E5_WEDA_TO_BITS,direction,pre_gy_mean,0.014636216941137713,19.0,native_feature_importances
DIR_GradientBoosting_DirectionCore_E5_WEDA_TO_BITS,E5_WEDA_TO_BITS,direction,gy_min,0.013952856050915416,20.0,native_feature_importances
DIR_GradientBoosting_DirectionCore_E5_WEDA_TO_BITS,E5_WEDA_TO_BITS,direction,az_range,0.013165954081534488,21.0,native_feature_importances
DIR_GradientBoosting_DirectionCore_E5_WEDA_TO_BITS,E5_WEDA_TO_BITS,direction,gx_max,0.013126377091616041,22.0,native_feature_importances
DIR_GradientBoosting_DirectionCore_E5_WEDA_TO_BITS,E5_WEDA_TO_BITS,direction,ay_min,0.012686663068387356,23.0,native_feature_importances
DIR_GradientBoosting_DirectionCore_E5_WEDA_TO_BITS,E5_WEDA_TO_BITS,direction,pre_az_mean,0.012559928036612987,24.0,native_feature_importances
DIR_GradientBoosting_DirectionCore_E5_WEDA_TO_BITS,E5_WEDA_TO_BITS,direction,pre_gz_mean,0.01100203831763289,25.0,native_feature_importances
DIR_GradientBoosting_DirectionCore_E5_WEDA_TO_BITS,E5_WEDA_TO_BITS,direction,pre_ax_mean,0.010151727266704345,26.0,native_feature_importances
DIR_GradientBoosting_DirectionCore_E5_WEDA_TO_BITS,E5_WEDA_TO_BITS,direction,gx_range,0.00911373018430873,27.0,native_feature_importances
DIR_GradientBoosting_DirectionCore_E5_WEDA_TO_BITS,E5_WEDA_TO_BITS,direction,az_max,0.00901071277834514,28.0,native_feature_importances
DIR_GradientBoosting_DirectionCore_E5_WEDA_TO_BITS,E5_WEDA_TO_BITS,direction,pre_ay_mean,0.008992571347489658,29.0,native_feature_importances
DIR_GradientBoosting_DirectionCore_E5_WEDA_TO_BITS,E5_WEDA_TO_BITS,direction,gz_max,0.008413549627891552,30.0,native_feature_importances
DIR_HistGradientBoosting_DirectionCore_E1_BITS_TO_BITS,E1_BITS_TO_BITS,direction,,,,not_available_for_model
DIR_HistGradientBoosting_DirectionCore_E2_WEDA_TO_WEDA,E2_WEDA_TO_WEDA,direction,,,,not_available_for_model
DIR_HistGradientBoosting_DirectionCore_E3_BITS_WEDA_MIXED,E3_BITS_WEDA_MIXED,direction,,,,not_available_for_model
DIR_HistGradientBoosting_DirectionCore_E4_BITS_TO_WEDA,E4_BITS_TO_WEDA,direction,,,,not_available_for_model
DIR_HistGradientBoosting_DirectionCore_E5_WEDA_TO_BITS,E5_WEDA_TO_BITS,direction,,,,not_available_for_model
DIR_LogisticRegression_DirectionNoMagnitude_E1_BITS_TO_BITS,E1_BITS_TO_BITS,direction,gz_std,0.6695792034461174,1.0,abs_linear_coef
DIR_LogisticRegression_DirectionNoMagnitude_E1_BITS_TO_BITS,E1_BITS_TO_BITS,direction,ay_mean,0.5781098710521319,2.0,abs_linear_coef
DIR_LogisticRegression_DirectionNoMagnitude_E1_BITS_TO_BITS,E1_BITS_TO_BITS,direction,roll_std,0.5710222956638787,3.0,abs_linear_coef
DIR_LogisticRegression_DirectionNoMagnitude_E1_BITS_TO_BITS,E1_BITS_TO_BITS,direction,tilt_delta_final,0.5642585200418321,4.0,abs_linear_coef
DIR_LogisticRegression_DirectionNoMagnitude_E1_BITS_TO_BITS,E1_BITS_TO_BITS,direction,ax_min,0.4839150906255207,5.0,abs_linear_coef
DIR_LogisticRegression_DirectionNoMagnitude_E1_BITS_TO_BITS,E1_BITS_TO_BITS,direction,gy_std,0.45436222410025895,6.0,abs_linear_coef
DIR_LogisticRegression_DirectionNoMagnitude_E1_BITS_TO_BITS,E1_BITS_TO_BITS,direction,pitch_max,0.44170524708486364,7.0,abs_linear_coef
DIR_LogisticRegression_DirectionNoMagnitude_E1_BITS_TO_BITS,E1_BITS_TO_BITS,direction,ax_std,0.43584960142770046,8.0,abs_linear_coef
DIR_LogisticRegression_DirectionNoMagnitude_E1_BITS_TO_BITS,E1_BITS_TO_BITS,direction,gz_median,0.4356983624134707,9.0,abs_linear_coef
DIR_LogisticRegression_DirectionNoMagnitude_E1_BITS_TO_BITS,E1_BITS_TO_BITS,direction,gx_max,0.4218645178987556,10.0,abs_linear_coef
DIR_LogisticRegression_DirectionNoMagnitude_E1_BITS_TO_BITS,E1_BITS_TO_BITS,direction,gy_median,0.4202117166557231,11.0,abs_linear_coef
DIR_LogisticRegression_DirectionNoMagnitude_E1_BITS_TO_BITS,E1_BITS_TO_BITS,direction,tilt_delta_std,0.40630653481458445,12.0,abs_linear_coef
DIR_LogisticRegression_DirectionNoMagnitude_E1_BITS_TO_BITS,E1_BITS_TO_BITS,direction,pitch_std,0.40231217504479416,13.0,abs_linear_coef
DIR_LogisticRegression_DirectionNoMagnitude_E1_BITS_TO_BITS,E1_BITS_TO_BITS,direction,az_min,0.40013749838010354,14.0,abs_linear_coef
DIR_LogisticRegression_DirectionNoMagnitude_E1_BITS_TO_BITS,E1_BITS_TO_BITS,direction,ay_min,0.3911901857083282,15.0,abs_linear_coef
DIR_LogisticRegression_DirectionNoMagnitude_E1_BITS_TO_BITS,E1_BITS_TO_BITS,direction,pre_ax_mean,0.3662318169375196,16.0,abs_linear_coef
DIR_LogisticRegression_DirectionNoMagnitude_E1_BITS_TO_BITS,E1_BITS_TO_BITS,direction,pitch_mean,0.3634972840489959,17.0,abs_linear_coef
DIR_LogisticRegression_DirectionNoMagnitude_E1_BITS_TO_BITS,E1_BITS_TO_BITS,direction,gx_median,0.35979896029643577,18.0,abs_linear_coef
DIR_LogisticRegression_DirectionNoMagnitude_E1_BITS_TO_BITS,E1_BITS_TO_BITS,direction,pre_ay_mean,0.34677209168190154,19.0,abs_linear_coef
DIR_LogisticRegression_DirectionNoMagnitude_E1_BITS_TO_BITS,E1_BITS_TO_BITS,direction,pitch_min,0.3443347195102293,20.0,abs_linear_coef
DIR_LogisticRegression_DirectionNoMagnitude_E1_BITS_TO_BITS,E1_BITS_TO_BITS,direction,gx_final_initial,0.34412500688128517,21.0,abs_linear_coef
DIR_LogisticRegression_DirectionNoMagnitude_E1_BITS_TO_BITS,E1_BITS_TO_BITS,direction,gy_mean,0.33850297035445265,22.0,abs_linear_coef
DIR_LogisticRegression_DirectionNoMagnitude_E1_BITS_TO_BITS,E1_BITS_TO_BITS,direction,az_max,0.3230594984607012,23.0,abs_linear_coef
DIR_LogisticRegression_DirectionNoMagnitude_E1_BITS_TO_BITS,E1_BITS_TO_BITS,direction,ay_max,0.31253738192272057,24.0,abs_linear_coef
DIR_LogisticRegression_DirectionNoMagnitude_E1_BITS_TO_BITS,E1_BITS_TO_BITS,direction,pre_gz_mean,0.3089629238265391,25.0,abs_linear_coef
DIR_LogisticRegression_DirectionNoMagnitude_E1_BITS_TO_BITS,E1_BITS_TO_BITS,direction,ax_range,0.3047774015485447,26.0,abs_linear_coef
DIR_LogisticRegression_DirectionNoMagnitude_E1_BITS_TO_BITS,E1_BITS_TO_BITS,direction,az_std,0.30363051062066143,27.0,abs_linear_coef
DIR_LogisticRegression_DirectionNoMagnitude_E1_BITS_TO_BITS,E1_BITS_TO_BITS,direction,roll_final_initial,0.298075734203522,28.0,abs_linear_coef
DIR_LogisticRegression_DirectionNoMagnitude_E1_BITS_TO_BITS,E1_BITS_TO_BITS,direction,roll_mean,0.2781324054372633,29.0,abs_linear_coef
DIR_LogisticRegression_DirectionNoMagnitude_E1_BITS_TO_BITS,E1_BITS_TO_BITS,direction,gy_max,0.2722856304394509,30.0,abs_linear_coef
DIR_LogisticRegression_DirectionNoMagnitude_E2_WEDA_TO_WEDA,E2_WEDA_TO_WEDA,direction,ay_mean,1.2050025904207076,1.0,abs_linear_coef
DIR_LogisticRegression_DirectionNoMagnitude_E2_WEDA_TO_WEDA,E2_WEDA_TO_WEDA,direction,gy_mean,0.8730932157571937,2.0,abs_linear_coef
DIR_LogisticRegression_DirectionNoMagnitude_E2_WEDA_TO_WEDA,E2_WEDA_TO_WEDA,direction,pre_ay_mean,0.6951788449227744,3.0,abs_linear_coef
DIR_LogisticRegression_DirectionNoMagnitude_E2_WEDA_TO_WEDA,E2_WEDA_TO_WEDA,direction,gx_mean,0.6373950817216117,4.0,abs_linear_coef
DIR_LogisticRegression_DirectionNoMagnitude_E2_WEDA_TO_WEDA,E2_WEDA_TO_WEDA,direction,pre_gy_mean,0.6049491807708548,5.0,abs_linear_coef
DIR_LogisticRegression_DirectionNoMagnitude_E2_WEDA_TO_WEDA,E2_WEDA_TO_WEDA,direction,roll_mean,0.5814345718132773,6.0,abs_linear_coef
DIR_LogisticRegression_DirectionNoMagnitude_E2_WEDA_TO_WEDA,E2_WEDA_TO_WEDA,direction,gy_median,0.5809884035279077,7.0,abs_linear_coef
DIR_LogisticRegression_DirectionNoMagnitude_E2_WEDA_TO_WEDA,E2_WEDA_TO_WEDA,direction,ax_mean,0.5748666759723859,8.0,abs_linear_coef
DIR_LogisticRegression_DirectionNoMagnitude_E2_WEDA_TO_WEDA,E2_WEDA_TO_WEDA,direction,pitch_mean,0.526886263095708,9.0,abs_linear_coef
DIR_LogisticRegression_DirectionNoMagnitude_E2_WEDA_TO_WEDA,E2_WEDA_TO_WEDA,direction,ax_final_initial,0.4892805618596472,10.0,abs_linear_coef
DIR_LogisticRegression_DirectionNoMagnitude_E2_WEDA_TO_WEDA,E2_WEDA_TO_WEDA,direction,delta_pitch_window,0.4866998563467287,11.0,abs_linear_coef
DIR_LogisticRegression_DirectionNoMagnitude_E2_WEDA_TO_WEDA,E2_WEDA_TO_WEDA,direction,gy_std,0.45893476014166595,12.0,abs_linear_coef
DIR_LogisticRegression_DirectionNoMagnitude_E2_WEDA_TO_WEDA,E2_WEDA_TO_WEDA,direction,pre_gx_mean,0.4569194615689316,13.0,abs_linear_coef
DIR_LogisticRegression_DirectionNoMagnitude_E2_WEDA_TO_WEDA,E2_WEDA_TO_WEDA,direction,pre_az_mean,0.4143105684713749,14.0,abs_linear_coef
DIR_LogisticRegression_DirectionNoMagnitude_E2_WEDA_TO_WEDA,E2_WEDA_TO_WEDA,direction,az_max,0.4121986634708432,15.0,abs_linear_coef
DIR_LogisticRegression_DirectionNoMagnitude_E2_WEDA_TO_WEDA,E2_WEDA_TO_WEDA,direction,tilt_delta_mean,0.40664490339539405,16.0,abs_linear_coef
DIR_LogisticRegression_DirectionNoMagnitude_E2_WEDA_TO_WEDA,E2_WEDA_TO_WEDA,direction,ay_std,0.39605242954415915,17.0,abs_linear_coef
DIR_LogisticRegression_DirectionNoMagnitude_E2_WEDA_TO_WEDA,E2_WEDA_TO_WEDA,direction,pitch_std,0.3911408014610121,18.0,abs_linear_coef
DIR_LogisticRegression_DirectionNoMagnitude_E2_WEDA_TO_WEDA,E2_WEDA_TO_WEDA,direction,gx_max,0.3908065075830513,19.0,abs_linear_coef
DIR_LogisticRegression_DirectionNoMagnitude_E2_WEDA_TO_WEDA,E2_WEDA_TO_WEDA,direction,gz_mean,0.3856768573502533,20.0,abs_linear_coef
DIR_LogisticRegression_DirectionNoMagnitude_E2_WEDA_TO_WEDA,E2_WEDA_TO_WEDA,direction,az_min,0.3746075790096814,21.0,abs_linear_coef
DIR_LogisticRegression_DirectionNoMagnitude_E2_WEDA_TO_WEDA,E2_WEDA_TO_WEDA,direction,tilt_delta_max,0.3692564368202915,22.0,abs_linear_coef
DIR_LogisticRegression_DirectionNoMagnitude_E2_WEDA_TO_WEDA,E2_WEDA_TO_WEDA,direction,tilt_delta_std,0.3582370558269474,23.0,abs_linear_coef
DIR_LogisticRegression_DirectionNoMagnitude_E2_WEDA_TO_WEDA,E2_WEDA_TO_WEDA,direction,ay_max,0.34356268992478417,24.0,abs_linear_coef
DIR_LogisticRegression_DirectionNoMagnitude_E2_WEDA_TO_WEDA,E2_WEDA_TO_WEDA,direction,pre_gz_mean,0.34078238871264205,25.0,abs_linear_coef
DIR_LogisticRegression_DirectionNoMagnitude_E2_WEDA_TO_WEDA,E2_WEDA_TO_WEDA,direction,tilt_delta_p95,0.3294379742016963,26.0,abs_linear_coef
DIR_LogisticRegression_DirectionNoMagnitude_E2_WEDA_TO_WEDA,E2_WEDA_TO_WEDA,direction,ay_final_initial,0.32687263971031216,27.0,abs_linear_coef
DIR_LogisticRegression_DirectionNoMagnitude_E2_WEDA_TO_WEDA,E2_WEDA_TO_WEDA,direction,gx_median,0.2687003862548748,28.0,abs_linear_coef
DIR_LogisticRegression_DirectionNoMagnitude_E2_WEDA_TO_WEDA,E2_WEDA_TO_WEDA,direction,gz_median,0.264534415089172,29.0,abs_linear_coef
DIR_LogisticRegression_DirectionNoMagnitude_E2_WEDA_TO_WEDA,E2_WEDA_TO_WEDA,direction,roll_min,0.25443995747337944,30.0,abs_linear_coef
DIR_LogisticRegression_DirectionNoMagnitude_E3_BITS_WEDA_MIXED,E3_BITS_WEDA_MIXED,direction,ay_mean,1.0897277229758806,1.0,abs_linear_coef
DIR_LogisticRegression_DirectionNoMagnitude_E3_BITS_WEDA_MIXED,E3_BITS_WEDA_MIXED,direction,gy_mean,0.7681213780397685,2.0,abs_linear_coef
DIR_LogisticRegression_DirectionNoMagnitude_E3_BITS_WEDA_MIXED,E3_BITS_WEDA_MIXED,direction,pre_ay_mean,0.634751384779543,3.0,abs_linear_coef
DIR_LogisticRegression_DirectionNoMagnitude_E3_BITS_WEDA_MIXED,E3_BITS_WEDA_MIXED,direction,gx_median,0.5484505030474546,4.0,abs_linear_coef
DIR_LogisticRegression_DirectionNoMagnitude_E3_BITS_WEDA_MIXED,E3_BITS_WEDA_MIXED,direction,ax_std,0.5403850298760338,5.0,abs_linear_coef
DIR_LogisticRegression_DirectionNoMagnitude_E3_BITS_WEDA_MIXED,E3_BITS_WEDA_MIXED,direction,pitch_mean,0.5153376795730229,6.0,abs_linear_coef
DIR_LogisticRegression_DirectionNoMagnitude_E3_BITS_WEDA_MIXED,E3_BITS_WEDA_MIXED,direction,roll_mean,0.4754635347311112,7.0,abs_linear_coef
DIR_LogisticRegression_DirectionNoMagnitude_E3_BITS_WEDA_MIXED,E3_BITS_WEDA_MIXED,direction,ax_mean,0.4309453024989867,8.0,abs_linear_coef
DIR_LogisticRegression_DirectionNoMagnitude_E3_BITS_WEDA_MIXED,E3_BITS_WEDA_MIXED,direction,gy_std,0.4204770730427791,9.0,abs_linear_coef
DIR_LogisticRegression_DirectionNoMagnitude_E3_BITS_WEDA_MIXED,E3_BITS_WEDA_MIXED,direction,gx_mean,0.420226213774139,10.0,abs_linear_coef
DIR_LogisticRegression_DirectionNoMagnitude_E3_BITS_WEDA_MIXED,E3_BITS_WEDA_MIXED,direction,gy_median,0.41293135157159994,11.0,abs_linear_coef
DIR_LogisticRegression_DirectionNoMagnitude_E3_BITS_WEDA_MIXED,E3_BITS_WEDA_MIXED,direction,ay_max,0.390662965475721,12.0,abs_linear_coef
DIR_LogisticRegression_DirectionNoMagnitude_E3_BITS_WEDA_MIXED,E3_BITS_WEDA_MIXED,direction,ay_std,0.38814678107981854,13.0,abs_linear_coef
DIR_LogisticRegression_DirectionNoMagnitude_E3_BITS_WEDA_MIXED,E3_BITS_WEDA_MIXED,direction,gx_std,0.3780169285354109,14.0,abs_linear_coef
DIR_LogisticRegression_DirectionNoMagnitude_E3_BITS_WEDA_MIXED,E3_BITS_WEDA_MIXED,direction,ay_min,0.3573923824709899,15.0,abs_linear_coef
DIR_LogisticRegression_DirectionNoMagnitude_E3_BITS_WEDA_MIXED,E3_BITS_WEDA_MIXED,direction,pre_az_mean,0.34831690967431933,16.0,abs_linear_coef
DIR_LogisticRegression_DirectionNoMagnitude_E3_BITS_WEDA_MIXED,E3_BITS_WEDA_MIXED,direction,delta_pitch_window,0.34813403263224285,17.0,abs_linear_coef
DIR_LogisticRegression_DirectionNoMagnitude_E3_BITS_WEDA_MIXED,E3_BITS_WEDA_MIXED,direction,pre_gx_mean,0.34730062981914905,18.0,abs_linear_coef
DIR_LogisticRegression_DirectionNoMagnitude_E3_BITS_WEDA_MIXED,E3_BITS_WEDA_MIXED,direction,roll_std,0.34340892577234955,19.0,abs_linear_coef
DIR_LogisticRegression_DirectionNoMagnitude_E3_BITS_WEDA_MIXED,E3_BITS_WEDA_MIXED,direction,pitch_std,0.3431442584065611,20.0,abs_linear_coef
DIR_LogisticRegression_DirectionNoMagnitude_E3_BITS_WEDA_MIXED,E3_BITS_WEDA_MIXED,direction,tilt_delta_max,0.32134435802178846,21.0,abs_linear_coef
DIR_LogisticRegression_DirectionNoMagnitude_E3_BITS_WEDA_MIXED,E3_BITS_WEDA_MIXED,direction,pitch_final_initial,0.2992347874437942,22.0,abs_linear_coef
DIR_LogisticRegression_DirectionNoMagnitude_E3_BITS_WEDA_MIXED,E3_BITS_WEDA_MIXED,direction,gz_std,0.2917152838930325,23.0,abs_linear_coef
DIR_LogisticRegression_DirectionNoMagnitude_E3_BITS_WEDA_MIXED,E3_BITS_WEDA_MIXED,direction,gz_mean,0.28388704817421795,24.0,abs_linear_coef
DIR_LogisticRegression_DirectionNoMagnitude_E3_BITS_WEDA_MIXED,E3_BITS_WEDA_MIXED,direction,ax_final_initial,0.27993329434838965,25.0,abs_linear_coef
DIR_LogisticRegression_DirectionNoMagnitude_E3_BITS_WEDA_MIXED,E3_BITS_WEDA_MIXED,direction,ay_range,0.27917775276603957,26.0,abs_linear_coef
DIR_LogisticRegression_DirectionNoMagnitude_E3_BITS_WEDA_MIXED,E3_BITS_WEDA_MIXED,direction,az_std,0.26907816845547344,27.0,abs_linear_coef
DIR_LogisticRegression_DirectionNoMagnitude_E3_BITS_WEDA_MIXED,E3_BITS_WEDA_MIXED,direction,pre_gy_mean,0.2578633576889391,28.0,abs_linear_coef
DIR_LogisticRegression_DirectionNoMagnitude_E3_BITS_WEDA_MIXED,E3_BITS_WEDA_MIXED,direction,pre_ax_mean,0.25773224666005196,29.0,abs_linear_coef
DIR_LogisticRegression_DirectionNoMagnitude_E3_BITS_WEDA_MIXED,E3_BITS_WEDA_MIXED,direction,gx_max,0.2573890912578746,30.0,abs_linear_coef
DIR_LogisticRegression_DirectionNoMagnitude_E4_BITS_TO_WEDA,E4_BITS_TO_WEDA,direction,gz_std,0.6695792034461174,1.0,abs_linear_coef
DIR_LogisticRegression_DirectionNoMagnitude_E4_BITS_TO_WEDA,E4_BITS_TO_WEDA,direction,ay_mean,0.5781098710521319,2.0,abs_linear_coef
DIR_LogisticRegression_DirectionNoMagnitude_E4_BITS_TO_WEDA,E4_BITS_TO_WEDA,direction,roll_std,0.5710222956638787,3.0,abs_linear_coef
DIR_LogisticRegression_DirectionNoMagnitude_E4_BITS_TO_WEDA,E4_BITS_TO_WEDA,direction,tilt_delta_final,0.5642585200418321,4.0,abs_linear_coef
DIR_LogisticRegression_DirectionNoMagnitude_E4_BITS_TO_WEDA,E4_BITS_TO_WEDA,direction,ax_min,0.4839150906255207,5.0,abs_linear_coef
DIR_LogisticRegression_DirectionNoMagnitude_E4_BITS_TO_WEDA,E4_BITS_TO_WEDA,direction,gy_std,0.45436222410025895,6.0,abs_linear_coef
DIR_LogisticRegression_DirectionNoMagnitude_E4_BITS_TO_WEDA,E4_BITS_TO_WEDA,direction,pitch_max,0.44170524708486364,7.0,abs_linear_coef
DIR_LogisticRegression_DirectionNoMagnitude_E4_BITS_TO_WEDA,E4_BITS_TO_WEDA,direction,ax_std,0.43584960142770046,8.0,abs_linear_coef
DIR_LogisticRegression_DirectionNoMagnitude_E4_BITS_TO_WEDA,E4_BITS_TO_WEDA,direction,gz_median,0.4356983624134707,9.0,abs_linear_coef
DIR_LogisticRegression_DirectionNoMagnitude_E4_BITS_TO_WEDA,E4_BITS_TO_WEDA,direction,gx_max,0.4218645178987556,10.0,abs_linear_coef
DIR_LogisticRegression_DirectionNoMagnitude_E4_BITS_TO_WEDA,E4_BITS_TO_WEDA,direction,gy_median,0.4202117166557231,11.0,abs_linear_coef
DIR_LogisticRegression_DirectionNoMagnitude_E4_BITS_TO_WEDA,E4_BITS_TO_WEDA,direction,tilt_delta_std,0.40630653481458445,12.0,abs_linear_coef
DIR_LogisticRegression_DirectionNoMagnitude_E4_BITS_TO_WEDA,E4_BITS_TO_WEDA,direction,pitch_std,0.40231217504479416,13.0,abs_linear_coef
DIR_LogisticRegression_DirectionNoMagnitude_E4_BITS_TO_WEDA,E4_BITS_TO_WEDA,direction,az_min,0.40013749838010354,14.0,abs_linear_coef
DIR_LogisticRegression_DirectionNoMagnitude_E4_BITS_TO_WEDA,E4_BITS_TO_WEDA,direction,ay_min,0.3911901857083282,15.0,abs_linear_coef
DIR_LogisticRegression_DirectionNoMagnitude_E4_BITS_TO_WEDA,E4_BITS_TO_WEDA,direction,pre_ax_mean,0.3662318169375196,16.0,abs_linear_coef
DIR_LogisticRegression_DirectionNoMagnitude_E4_BITS_TO_WEDA,E4_BITS_TO_WEDA,direction,pitch_mean,0.3634972840489959,17.0,abs_linear_coef
DIR_LogisticRegression_DirectionNoMagnitude_E4_BITS_TO_WEDA,E4_BITS_TO_WEDA,direction,gx_median,0.35979896029643577,18.0,abs_linear_coef
DIR_LogisticRegression_DirectionNoMagnitude_E4_BITS_TO_WEDA,E4_BITS_TO_WEDA,direction,pre_ay_mean,0.34677209168190154,19.0,abs_linear_coef
DIR_LogisticRegression_DirectionNoMagnitude_E4_BITS_TO_WEDA,E4_BITS_TO_WEDA,direction,pitch_min,0.3443347195102293,20.0,abs_linear_coef
DIR_LogisticRegression_DirectionNoMagnitude_E4_BITS_TO_WEDA,E4_BITS_TO_WEDA,direction,gx_final_initial,0.34412500688128517,21.0,abs_linear_coef
DIR_LogisticRegression_DirectionNoMagnitude_E4_BITS_TO_WEDA,E4_BITS_TO_WEDA,direction,gy_mean,0.33850297035445265,22.0,abs_linear_coef
DIR_LogisticRegression_DirectionNoMagnitude_E4_BITS_TO_WEDA,E4_BITS_TO_WEDA,direction,az_max,0.3230594984607012,23.0,abs_linear_coef
DIR_LogisticRegression_DirectionNoMagnitude_E4_BITS_TO_WEDA,E4_BITS_TO_WEDA,direction,ay_max,0.31253738192272057,24.0,abs_linear_coef
DIR_LogisticRegression_DirectionNoMagnitude_E4_BITS_TO_WEDA,E4_BITS_TO_WEDA,direction,pre_gz_mean,0.3089629238265391,25.0,abs_linear_coef
DIR_LogisticRegression_DirectionNoMagnitude_E4_BITS_TO_WEDA,E4_BITS_TO_WEDA,direction,ax_range,0.3047774015485447,26.0,abs_linear_coef
DIR_LogisticRegression_DirectionNoMagnitude_E4_BITS_TO_WEDA,E4_BITS_TO_WEDA,direction,az_std,0.30363051062066143,27.0,abs_linear_coef
DIR_LogisticRegression_DirectionNoMagnitude_E4_BITS_TO_WEDA,E4_BITS_TO_WEDA,direction,roll_final_initial,0.298075734203522,28.0,abs_linear_coef
DIR_LogisticRegression_DirectionNoMagnitude_E4_BITS_TO_WEDA,E4_BITS_TO_WEDA,direction,roll_mean,0.2781324054372633,29.0,abs_linear_coef
DIR_LogisticRegression_DirectionNoMagnitude_E4_BITS_TO_WEDA,E4_BITS_TO_WEDA,direction,gy_max,0.2722856304394509,30.0,abs_linear_coef
DIR_LogisticRegression_DirectionNoMagnitude_E5_WEDA_TO_BITS,E5_WEDA_TO_BITS,direction,ay_mean,1.2050025904207076,1.0,abs_linear_coef
DIR_LogisticRegression_DirectionNoMagnitude_E5_WEDA_TO_BITS,E5_WEDA_TO_BITS,direction,gy_mean,0.8730932157571937,2.0,abs_linear_coef
DIR_LogisticRegression_DirectionNoMagnitude_E5_WEDA_TO_BITS,E5_WEDA_TO_BITS,direction,pre_ay_mean,0.6951788449227744,3.0,abs_linear_coef
DIR_LogisticRegression_DirectionNoMagnitude_E5_WEDA_TO_BITS,E5_WEDA_TO_BITS,direction,gx_mean,0.6373950817216117,4.0,abs_linear_coef
DIR_LogisticRegression_DirectionNoMagnitude_E5_WEDA_TO_BITS,E5_WEDA_TO_BITS,direction,pre_gy_mean,0.6049491807708548,5.0,abs_linear_coef
DIR_LogisticRegression_DirectionNoMagnitude_E5_WEDA_TO_BITS,E5_WEDA_TO_BITS,direction,roll_mean,0.5814345718132773,6.0,abs_linear_coef
DIR_LogisticRegression_DirectionNoMagnitude_E5_WEDA_TO_BITS,E5_WEDA_TO_BITS,direction,gy_median,0.5809884035279077,7.0,abs_linear_coef
DIR_LogisticRegression_DirectionNoMagnitude_E5_WEDA_TO_BITS,E5_WEDA_TO_BITS,direction,ax_mean,0.5748666759723859,8.0,abs_linear_coef
DIR_LogisticRegression_DirectionNoMagnitude_E5_WEDA_TO_BITS,E5_WEDA_TO_BITS,direction,pitch_mean,0.526886263095708,9.0,abs_linear_coef
DIR_LogisticRegression_DirectionNoMagnitude_E5_WEDA_TO_BITS,E5_WEDA_TO_BITS,direction,ax_final_initial,0.4892805618596472,10.0,abs_linear_coef
DIR_LogisticRegression_DirectionNoMagnitude_E5_WEDA_TO_BITS,E5_WEDA_TO_BITS,direction,delta_pitch_window,0.4866998563467287,11.0,abs_linear_coef
DIR_LogisticRegression_DirectionNoMagnitude_E5_WEDA_TO_BITS,E5_WEDA_TO_BITS,direction,gy_std,0.45893476014166595,12.0,abs_linear_coef
DIR_LogisticRegression_DirectionNoMagnitude_E5_WEDA_TO_BITS,E5_WEDA_TO_BITS,direction,pre_gx_mean,0.4569194615689316,13.0,abs_linear_coef
DIR_LogisticRegression_DirectionNoMagnitude_E5_WEDA_TO_BITS,E5_WEDA_TO_BITS,direction,pre_az_mean,0.4143105684713749,14.0,abs_linear_coef
DIR_LogisticRegression_DirectionNoMagnitude_E5_WEDA_TO_BITS,E5_WEDA_TO_BITS,direction,az_max,0.4121986634708432,15.0,abs_linear_coef
DIR_LogisticRegression_DirectionNoMagnitude_E5_WEDA_TO_BITS,E5_WEDA_TO_BITS,direction,tilt_delta_mean,0.40664490339539405,16.0,abs_linear_coef
DIR_LogisticRegression_DirectionNoMagnitude_E5_WEDA_TO_BITS,E5_WEDA_TO_BITS,direction,ay_std,0.39605242954415915,17.0,abs_linear_coef
DIR_LogisticRegression_DirectionNoMagnitude_E5_WEDA_TO_BITS,E5_WEDA_TO_BITS,direction,pitch_std,0.3911408014610121,18.0,abs_linear_coef
DIR_LogisticRegression_DirectionNoMagnitude_E5_WEDA_TO_BITS,E5_WEDA_TO_BITS,direction,gx_max,0.3908065075830513,19.0,abs_linear_coef
DIR_LogisticRegression_DirectionNoMagnitude_E5_WEDA_TO_BITS,E5_WEDA_TO_BITS,direction,gz_mean,0.3856768573502533,20.0,abs_linear_coef
DIR_LogisticRegression_DirectionNoMagnitude_E5_WEDA_TO_BITS,E5_WEDA_TO_BITS,direction,az_min,0.3746075790096814,21.0,abs_linear_coef
DIR_LogisticRegression_DirectionNoMagnitude_E5_WEDA_TO_BITS,E5_WEDA_TO_BITS,direction,tilt_delta_max,0.3692564368202915,22.0,abs_linear_coef
DIR_LogisticRegression_DirectionNoMagnitude_E5_WEDA_TO_BITS,E5_WEDA_TO_BITS,direction,tilt_delta_std,0.3582370558269474,23.0,abs_linear_coef
DIR_LogisticRegression_DirectionNoMagnitude_E5_WEDA_TO_BITS,E5_WEDA_TO_BITS,direction,ay_max,0.34356268992478417,24.0,abs_linear_coef
DIR_LogisticRegression_DirectionNoMagnitude_E5_WEDA_TO_BITS,E5_WEDA_TO_BITS,direction,pre_gz_mean,0.34078238871264205,25.0,abs_linear_coef
DIR_LogisticRegression_DirectionNoMagnitude_E5_WEDA_TO_BITS,E5_WEDA_TO_BITS,direction,tilt_delta_p95,0.3294379742016963,26.0,abs_linear_coef
DIR_LogisticRegression_DirectionNoMagnitude_E5_WEDA_TO_BITS,E5_WEDA_TO_BITS,direction,ay_final_initial,0.32687263971031216,27.0,abs_linear_coef
DIR_LogisticRegression_DirectionNoMagnitude_E5_WEDA_TO_BITS,E5_WEDA_TO_BITS,direction,gx_median,0.2687003862548748,28.0,abs_linear_coef
DIR_LogisticRegression_DirectionNoMagnitude_E5_WEDA_TO_BITS,E5_WEDA_TO_BITS,direction,gz_median,0.264534415089172,29.0,abs_linear_coef
DIR_LogisticRegression_DirectionNoMagnitude_E5_WEDA_TO_BITS,E5_WEDA_TO_BITS,direction,roll_min,0.25443995747337944,30.0,abs_linear_coef
DIR_LinearSVM_DirectionNoMagnitude_E1_BITS_TO_BITS,E1_BITS_TO_BITS,direction,ay_mean,0.8505982313368915,1.0,abs_linear_coef
DIR_LinearSVM_DirectionNoMagnitude_E1_BITS_TO_BITS,E1_BITS_TO_BITS,direction,gz_std,0.8248174118235582,2.0,abs_linear_coef
DIR_LinearSVM_DirectionNoMagnitude_E1_BITS_TO_BITS,E1_BITS_TO_BITS,direction,ax_std,0.799907828351118,3.0,abs_linear_coef
DIR_LinearSVM_DirectionNoMagnitude_E1_BITS_TO_BITS,E1_BITS_TO_BITS,direction,roll_std,0.7289059256088571,4.0,abs_linear_coef
DIR_LinearSVM_DirectionNoMagnitude_E1_BITS_TO_BITS,E1_BITS_TO_BITS,direction,tilt_delta_std,0.6627288275651063,5.0,abs_linear_coef
DIR_LinearSVM_DirectionNoMagnitude_E1_BITS_TO_BITS,E1_BITS_TO_BITS,direction,gy_median,0.6114670841753617,6.0,abs_linear_coef
DIR_LinearSVM_DirectionNoMagnitude_E1_BITS_TO_BITS,E1_BITS_TO_BITS,direction,pitch_std,0.5646902939257142,7.0,abs_linear_coef
DIR_LinearSVM_DirectionNoMagnitude_E1_BITS_TO_BITS,E1_BITS_TO_BITS,direction,gz_median,0.5186648769232529,8.0,abs_linear_coef
DIR_LinearSVM_DirectionNoMagnitude_E1_BITS_TO_BITS,E1_BITS_TO_BITS,direction,pre_ay_mean,0.5151261622216965,9.0,abs_linear_coef
DIR_LinearSVM_DirectionNoMagnitude_E1_BITS_TO_BITS,E1_BITS_TO_BITS,direction,az_std,0.5121376081516481,10.0,abs_linear_coef
DIR_LinearSVM_DirectionNoMagnitude_E1_BITS_TO_BITS,E1_BITS_TO_BITS,direction,gy_std,0.490176621465734,11.0,abs_linear_coef
DIR_LinearSVM_DirectionNoMagnitude_E1_BITS_TO_BITS,E1_BITS_TO_BITS,direction,ay_min,0.45767722401936245,12.0,abs_linear_coef
DIR_LinearSVM_DirectionNoMagnitude_E1_BITS_TO_BITS,E1_BITS_TO_BITS,direction,ax_min,0.4453505553046699,13.0,abs_linear_coef
DIR_LinearSVM_DirectionNoMagnitude_E1_BITS_TO_BITS,E1_BITS_TO_BITS,direction,tilt_delta_final,0.43943671069110213,14.0,abs_linear_coef
DIR_LinearSVM_DirectionNoMagnitude_E1_BITS_TO_BITS,E1_BITS_TO_BITS,direction,tilt_delta_max,0.4363158335979908,15.0,abs_linear_coef
DIR_LinearSVM_DirectionNoMagnitude_E1_BITS_TO_BITS,E1_BITS_TO_BITS,direction,pitch_min,0.4351889931790603,16.0,abs_linear_coef
DIR_LinearSVM_DirectionNoMagnitude_E1_BITS_TO_BITS,E1_BITS_TO_BITS,direction,pitch_mean,0.4297984223639526,17.0,abs_linear_coef
DIR_LinearSVM_DirectionNoMagnitude_E1_BITS_TO_BITS,E1_BITS_TO_BITS,direction,gx_median,0.4167739140024009,18.0,abs_linear_coef
DIR_LinearSVM_DirectionNoMagnitude_E1_BITS_TO_BITS,E1_BITS_TO_BITS,direction,ay_max,0.4047452119493664,19.0,abs_linear_coef
DIR_LinearSVM_DirectionNoMagnitude_E1_BITS_TO_BITS,E1_BITS_TO_BITS,direction,az_max,0.3878144050387215,20.0,abs_linear_coef
DIR_LinearSVM_DirectionNoMagnitude_E1_BITS_TO_BITS,E1_BITS_TO_BITS,direction,gx_std,0.37560378249880594,21.0,abs_linear_coef
DIR_LinearSVM_DirectionNoMagnitude_E1_BITS_TO_BITS,E1_BITS_TO_BITS,direction,roll_mean,0.3682593925969873,22.0,abs_linear_coef
DIR_LinearSVM_DirectionNoMagnitude_E1_BITS_TO_BITS,E1_BITS_TO_BITS,direction,pre_gz_mean,0.3611440763276616,23.0,abs_linear_coef
DIR_LinearSVM_DirectionNoMagnitude_E1_BITS_TO_BITS,E1_BITS_TO_BITS,direction,az_min,0.34950417405672113,24.0,abs_linear_coef
DIR_LinearSVM_DirectionNoMagnitude_E1_BITS_TO_BITS,E1_BITS_TO_BITS,direction,gx_mean,0.3492783872402844,25.0,abs_linear_coef
DIR_LinearSVM_DirectionNoMagnitude_E1_BITS_TO_BITS,E1_BITS_TO_BITS,direction,gz_mean,0.33876150462339694,26.0,abs_linear_coef
DIR_LinearSVM_DirectionNoMagnitude_E1_BITS_TO_BITS,E1_BITS_TO_BITS,direction,pre_gx_mean,0.33493097985823445,27.0,abs_linear_coef
DIR_LinearSVM_DirectionNoMagnitude_E1_BITS_TO_BITS,E1_BITS_TO_BITS,direction,pitch_max,0.32142565299957065,28.0,abs_linear_coef
DIR_LinearSVM_DirectionNoMagnitude_E1_BITS_TO_BITS,E1_BITS_TO_BITS,direction,roll_max,0.312447075621246,29.0,abs_linear_coef
DIR_LinearSVM_DirectionNoMagnitude_E1_BITS_TO_BITS,E1_BITS_TO_BITS,direction,pre_gy_mean,0.28389319990374656,30.0,abs_linear_coef
DIR_LinearSVM_DirectionNoMagnitude_E2_WEDA_TO_WEDA,E2_WEDA_TO_WEDA,direction,ay_mean,0.8619334912665525,1.0,abs_linear_coef
DIR_LinearSVM_DirectionNoMagnitude_E2_WEDA_TO_WEDA,E2_WEDA_TO_WEDA,direction,ax_mean,0.7038596413993785,2.0,abs_linear_coef
DIR_LinearSVM_DirectionNoMagnitude_E2_WEDA_TO_WEDA,E2_WEDA_TO_WEDA,direction,gy_mean,0.6299012805423411,3.0,abs_linear_coef
DIR_LinearSVM_DirectionNoMagnitude_E2_WEDA_TO_WEDA,E2_WEDA_TO_WEDA,direction,gx_mean,0.5157822818627195,4.0,abs_linear_coef
DIR_LinearSVM_DirectionNoMagnitude_E2_WEDA_TO_WEDA,E2_WEDA_TO_WEDA,direction,pre_ax_mean,0.4897543082187456,5.0,abs_linear_coef
DIR_LinearSVM_DirectionNoMagnitude_E2_WEDA_TO_WEDA,E2_WEDA_TO_WEDA,direction,pre_ay_mean,0.4671869781979458,6.0,abs_linear_coef
DIR_LinearSVM_DirectionNoMagnitude_E2_WEDA_TO_WEDA,E2_WEDA_TO_WEDA,direction,roll_mean,0.4414163010958451,7.0,abs_linear_coef
DIR_LinearSVM_DirectionNoMagnitude_E2_WEDA_TO_WEDA,E2_WEDA_TO_WEDA,direction,pre_gy_mean,0.39629581451518997,8.0,abs_linear_coef
DIR_LinearSVM_DirectionNoMagnitude_E2_WEDA_TO_WEDA,E2_WEDA_TO_WEDA,direction,gy_std,0.3913231942360981,9.0,abs_linear_coef
DIR_LinearSVM_DirectionNoMagnitude_E2_WEDA_TO_WEDA,E2_WEDA_TO_WEDA,direction,gx_max,0.3624256499902356,10.0,abs_linear_coef
DIR_LinearSVM_DirectionNoMagnitude_E2_WEDA_TO_WEDA,E2_WEDA_TO_WEDA,direction,gy_median,0.33644664372550553,11.0,abs_linear_coef
DIR_LinearSVM_DirectionNoMagnitude_E2_WEDA_TO_WEDA,E2_WEDA_TO_WEDA,direction,ay_std,0.33627135187962787,12.0,abs_linear_coef
DIR_LinearSVM_DirectionNoMagnitude_E2_WEDA_TO_WEDA,E2_WEDA_TO_WEDA,direction,ax_final_initial,0.3284161791236657,13.0,abs_linear_coef
DIR_LinearSVM_DirectionNoMagnitude_E2_WEDA_TO_WEDA,E2_WEDA_TO_WEDA,direction,pitch_mean,0.3186134237791422,14.0,abs_linear_coef
DIR_LinearSVM_DirectionNoMagnitude_E2_WEDA_TO_WEDA,E2_WEDA_TO_WEDA,direction,pitch_std,0.316561855289362,15.0,abs_linear_coef
DIR_LinearSVM_DirectionNoMagnitude_E2_WEDA_TO_WEDA,E2_WEDA_TO_WEDA,direction,pre_gx_mean,0.31436601251284396,16.0,abs_linear_coef
DIR_LinearSVM_DirectionNoMagnitude_E2_WEDA_TO_WEDA,E2_WEDA_TO_WEDA,direction,pre_az_mean,0.3023097434924625,17.0,abs_linear_coef
DIR_LinearSVM_DirectionNoMagnitude_E2_WEDA_TO_WEDA,E2_WEDA_TO_WEDA,direction,tilt_delta_std,0.29018215858331414,18.0,abs_linear_coef
DIR_LinearSVM_DirectionNoMagnitude_E2_WEDA_TO_WEDA,E2_WEDA_TO_WEDA,direction,az_max,0.2899059875353751,19.0,abs_linear_coef
DIR_LinearSVM_DirectionNoMagnitude_E2_WEDA_TO_WEDA,E2_WEDA_TO_WEDA,direction,delta_pitch_window,0.28087891843733487,20.0,abs_linear_coef
DIR_LinearSVM_DirectionNoMagnitude_E2_WEDA_TO_WEDA,E2_WEDA_TO_WEDA,direction,az_min,0.2659387260838813,21.0,abs_linear_coef
DIR_LinearSVM_DirectionNoMagnitude_E2_WEDA_TO_WEDA,E2_WEDA_TO_WEDA,direction,gx_std,0.2625358164334251,22.0,abs_linear_coef
DIR_LinearSVM_DirectionNoMagnitude_E2_WEDA_TO_WEDA,E2_WEDA_TO_WEDA,direction,az_mean,0.25335838674256916,23.0,abs_linear_coef
DIR_LinearSVM_DirectionNoMagnitude_E2_WEDA_TO_WEDA,E2_WEDA_TO_WEDA,direction,ax_std,0.25091799916337426,24.0,abs_linear_coef
DIR_LinearSVM_DirectionNoMagnitude_E2_WEDA_TO_WEDA,E2_WEDA_TO_WEDA,direction,tilt_delta_max,0.23019292189366927,25.0,abs_linear_coef
DIR_LinearSVM_DirectionNoMagnitude_E2_WEDA_TO_WEDA,E2_WEDA_TO_WEDA,direction,tilt_delta_p95,0.22930204337974058,26.0,abs_linear_coef
DIR_LinearSVM_DirectionNoMagnitude_E2_WEDA_TO_WEDA,E2_WEDA_TO_WEDA,direction,pitch_final_initial,0.22679065801662965,27.0,abs_linear_coef
DIR_LinearSVM_DirectionNoMagnitude_E2_WEDA_TO_WEDA,E2_WEDA_TO_WEDA,direction,gz_mean,0.2249821313704905,28.0,abs_linear_coef
DIR_LinearSVM_DirectionNoMagnitude_E2_WEDA_TO_WEDA,E2_WEDA_TO_WEDA,direction,tilt_delta_mean,0.22415238482148145,29.0,abs_linear_coef
DIR_LinearSVM_DirectionNoMagnitude_E2_WEDA_TO_WEDA,E2_WEDA_TO_WEDA,direction,gz_std,0.21940429195151104,30.0,abs_linear_coef
DIR_LinearSVM_DirectionNoMagnitude_E3_BITS_WEDA_MIXED,E3_BITS_WEDA_MIXED,direction,ay_mean,0.7452503281038821,1.0,abs_linear_coef
DIR_LinearSVM_DirectionNoMagnitude_E3_BITS_WEDA_MIXED,E3_BITS_WEDA_MIXED,direction,pre_ay_mean,0.4511480305888514,2.0,abs_linear_coef
DIR_LinearSVM_DirectionNoMagnitude_E3_BITS_WEDA_MIXED,E3_BITS_WEDA_MIXED,direction,gy_mean,0.42934928952560436,3.0,abs_linear_coef
DIR_LinearSVM_DirectionNoMagnitude_E3_BITS_WEDA_MIXED,E3_BITS_WEDA_MIXED,direction,ax_mean,0.3666716841136548,4.0,abs_linear_coef
DIR_LinearSVM_DirectionNoMagnitude_E3_BITS_WEDA_MIXED,E3_BITS_WEDA_MIXED,direction,ax_std,0.33176791945994116,5.0,abs_linear_coef
DIR_LinearSVM_DirectionNoMagnitude_E3_BITS_WEDA_MIXED,E3_BITS_WEDA_MIXED,direction,roll_mean,0.31614845111929835,6.0,abs_linear_coef
DIR_LinearSVM_DirectionNoMagnitude_E3_BITS_WEDA_MIXED,E3_BITS_WEDA_MIXED,direction,gy_median,0.3033517675807482,7.0,abs_linear_coef
DIR_LinearSVM_DirectionNoMagnitude_E3_BITS_WEDA_MIXED,E3_BITS_WEDA_MIXED,direction,ay_std,0.29343905461008807,8.0,abs_linear_coef
DIR_LinearSVM_DirectionNoMagnitude_E3_BITS_WEDA_MIXED,E3_BITS_WEDA_MIXED,direction,gx_mean,0.28557916271311196,9.0,abs_linear_coef
DIR_LinearSVM_DirectionNoMagnitude_E3_BITS_WEDA_MIXED,E3_BITS_WEDA_MIXED,direction,pre_ax_mean,0.25806798003150694,10.0,abs_linear_coef
DIR_LinearSVM_DirectionNoMagnitude_E3_BITS_WEDA_MIXED,E3_BITS_WEDA_MIXED,direction,gx_std,0.2460461369625125,11.0,abs_linear_coef
DIR_LinearSVM_DirectionNoMagnitude_E3_BITS_WEDA_MIXED,E3_BITS_WEDA_MIXED,direction,gx_median,0.23658530501730027,12.0,abs_linear_coef
DIR_LinearSVM_DirectionNoMagnitude_E3_BITS_WEDA_MIXED,E3_BITS_WEDA_MIXED,direction,pitch_std,0.22596497908043578,13.0,abs_linear_coef
DIR_LinearSVM_DirectionNoMagnitude_E3_BITS_WEDA_MIXED,E3_BITS_WEDA_MIXED,direction,gy_std,0.21998257242775887,14.0,abs_linear_coef
DIR_LinearSVM_DirectionNoMagnitude_E3_BITS_WEDA_MIXED,E3_BITS_WEDA_MIXED,direction,pre_gx_mean,0.21626869792938588,15.0,abs_linear_coef
DIR_LinearSVM_DirectionNoMagnitude_E3_BITS_WEDA_MIXED,E3_BITS_WEDA_MIXED,direction,ay_min,0.21586436804073714,16.0,abs_linear_coef
DIR_LinearSVM_DirectionNoMagnitude_E3_BITS_WEDA_MIXED,E3_BITS_WEDA_MIXED,direction,pre_az_mean,0.21256915539415697,17.0,abs_linear_coef
DIR_LinearSVM_DirectionNoMagnitude_E3_BITS_WEDA_MIXED,E3_BITS_WEDA_MIXED,direction,pitch_mean,0.20706631831031508,18.0,abs_linear_coef
DIR_LinearSVM_DirectionNoMagnitude_E3_BITS_WEDA_MIXED,E3_BITS_WEDA_MIXED,direction,ay_max,0.20378187524991143,19.0,abs_linear_coef
DIR_LinearSVM_DirectionNoMagnitude_E3_BITS_WEDA_MIXED,E3_BITS_WEDA_MIXED,direction,roll_std,0.19637382638286013,20.0,abs_linear_coef
DIR_LinearSVM_DirectionNoMagnitude_E3_BITS_WEDA_MIXED,E3_BITS_WEDA_MIXED,direction,ax_final_initial,0.18632891510427754,21.0,abs_linear_coef
DIR_LinearSVM_DirectionNoMagnitude_E3_BITS_WEDA_MIXED,E3_BITS_WEDA_MIXED,direction,az_std,0.17983872955011312,22.0,abs_linear_coef
DIR_LinearSVM_DirectionNoMagnitude_E3_BITS_WEDA_MIXED,E3_BITS_WEDA_MIXED,direction,gz_std,0.16542772801238,23.0,abs_linear_coef
DIR_LinearSVM_DirectionNoMagnitude_E3_BITS_WEDA_MIXED,E3_BITS_WEDA_MIXED,direction,az_max,0.1588725411450043,24.0,abs_linear_coef
DIR_LinearSVM_DirectionNoMagnitude_E3_BITS_WEDA_MIXED,E3_BITS_WEDA_MIXED,direction,tilt_delta_max,0.15776442658023693,25.0,abs_linear_coef
DIR_LinearSVM_DirectionNoMagnitude_E3_BITS_WEDA_MIXED,E3_BITS_WEDA_MIXED,direction,gx_max,0.15232635581363052,26.0,abs_linear_coef
DIR_LinearSVM_DirectionNoMagnitude_E3_BITS_WEDA_MIXED,E3_BITS_WEDA_MIXED,direction,gz_mean,0.1521447875184435,27.0,abs_linear_coef
DIR_LinearSVM_DirectionNoMagnitude_E3_BITS_WEDA_MIXED,E3_BITS_WEDA_MIXED,direction,tilt_delta_std,0.15119827355582557,28.0,abs_linear_coef
DIR_LinearSVM_DirectionNoMagnitude_E3_BITS_WEDA_MIXED,E3_BITS_WEDA_MIXED,direction,ay_range,0.14275600535718067,29.0,abs_linear_coef
DIR_LinearSVM_DirectionNoMagnitude_E3_BITS_WEDA_MIXED,E3_BITS_WEDA_MIXED,direction,pitch_final_initial,0.14126515973776413,30.0,abs_linear_coef
DIR_LinearSVM_DirectionNoMagnitude_E4_BITS_TO_WEDA,E4_BITS_TO_WEDA,direction,ay_mean,0.8505982313368915,1.0,abs_linear_coef
DIR_LinearSVM_DirectionNoMagnitude_E4_BITS_TO_WEDA,E4_BITS_TO_WEDA,direction,gz_std,0.8248174118235582,2.0,abs_linear_coef
DIR_LinearSVM_DirectionNoMagnitude_E4_BITS_TO_WEDA,E4_BITS_TO_WEDA,direction,ax_std,0.799907828351118,3.0,abs_linear_coef
DIR_LinearSVM_DirectionNoMagnitude_E4_BITS_TO_WEDA,E4_BITS_TO_WEDA,direction,roll_std,0.7289059256088571,4.0,abs_linear_coef
DIR_LinearSVM_DirectionNoMagnitude_E4_BITS_TO_WEDA,E4_BITS_TO_WEDA,direction,tilt_delta_std,0.6627288275651063,5.0,abs_linear_coef
DIR_LinearSVM_DirectionNoMagnitude_E4_BITS_TO_WEDA,E4_BITS_TO_WEDA,direction,gy_median,0.6114670841753617,6.0,abs_linear_coef
DIR_LinearSVM_DirectionNoMagnitude_E4_BITS_TO_WEDA,E4_BITS_TO_WEDA,direction,pitch_std,0.5646902939257142,7.0,abs_linear_coef
DIR_LinearSVM_DirectionNoMagnitude_E4_BITS_TO_WEDA,E4_BITS_TO_WEDA,direction,gz_median,0.5186648769232529,8.0,abs_linear_coef
DIR_LinearSVM_DirectionNoMagnitude_E4_BITS_TO_WEDA,E4_BITS_TO_WEDA,direction,pre_ay_mean,0.5151261622216965,9.0,abs_linear_coef
DIR_LinearSVM_DirectionNoMagnitude_E4_BITS_TO_WEDA,E4_BITS_TO_WEDA,direction,az_std,0.5121376081516481,10.0,abs_linear_coef
DIR_LinearSVM_DirectionNoMagnitude_E4_BITS_TO_WEDA,E4_BITS_TO_WEDA,direction,gy_std,0.490176621465734,11.0,abs_linear_coef
DIR_LinearSVM_DirectionNoMagnitude_E4_BITS_TO_WEDA,E4_BITS_TO_WEDA,direction,ay_min,0.45767722401936245,12.0,abs_linear_coef
DIR_LinearSVM_DirectionNoMagnitude_E4_BITS_TO_WEDA,E4_BITS_TO_WEDA,direction,ax_min,0.4453505553046699,13.0,abs_linear_coef
DIR_LinearSVM_DirectionNoMagnitude_E4_BITS_TO_WEDA,E4_BITS_TO_WEDA,direction,tilt_delta_final,0.43943671069110213,14.0,abs_linear_coef
DIR_LinearSVM_DirectionNoMagnitude_E4_BITS_TO_WEDA,E4_BITS_TO_WEDA,direction,tilt_delta_max,0.4363158335979908,15.0,abs_linear_coef
DIR_LinearSVM_DirectionNoMagnitude_E4_BITS_TO_WEDA,E4_BITS_TO_WEDA,direction,pitch_min,0.4351889931790603,16.0,abs_linear_coef
DIR_LinearSVM_DirectionNoMagnitude_E4_BITS_TO_WEDA,E4_BITS_TO_WEDA,direction,pitch_mean,0.4297984223639526,17.0,abs_linear_coef
DIR_LinearSVM_DirectionNoMagnitude_E4_BITS_TO_WEDA,E4_BITS_TO_WEDA,direction,gx_median,0.4167739140024009,18.0,abs_linear_coef
DIR_LinearSVM_DirectionNoMagnitude_E4_BITS_TO_WEDA,E4_BITS_TO_WEDA,direction,ay_max,0.4047452119493664,19.0,abs_linear_coef
DIR_LinearSVM_DirectionNoMagnitude_E4_BITS_TO_WEDA,E4_BITS_TO_WEDA,direction,az_max,0.3878144050387215,20.0,abs_linear_coef
DIR_LinearSVM_DirectionNoMagnitude_E4_BITS_TO_WEDA,E4_BITS_TO_WEDA,direction,gx_std,0.37560378249880594,21.0,abs_linear_coef
DIR_LinearSVM_DirectionNoMagnitude_E4_BITS_TO_WEDA,E4_BITS_TO_WEDA,direction,roll_mean,0.3682593925969873,22.0,abs_linear_coef
DIR_LinearSVM_DirectionNoMagnitude_E4_BITS_TO_WEDA,E4_BITS_TO_WEDA,direction,pre_gz_mean,0.3611440763276616,23.0,abs_linear_coef
DIR_LinearSVM_DirectionNoMagnitude_E4_BITS_TO_WEDA,E4_BITS_TO_WEDA,direction,az_min,0.34950417405672113,24.0,abs_linear_coef
DIR_LinearSVM_DirectionNoMagnitude_E4_BITS_TO_WEDA,E4_BITS_TO_WEDA,direction,gx_mean,0.3492783872402844,25.0,abs_linear_coef
DIR_LinearSVM_DirectionNoMagnitude_E4_BITS_TO_WEDA,E4_BITS_TO_WEDA,direction,gz_mean,0.33876150462339694,26.0,abs_linear_coef
DIR_LinearSVM_DirectionNoMagnitude_E4_BITS_TO_WEDA,E4_BITS_TO_WEDA,direction,pre_gx_mean,0.33493097985823445,27.0,abs_linear_coef
DIR_LinearSVM_DirectionNoMagnitude_E4_BITS_TO_WEDA,E4_BITS_TO_WEDA,direction,pitch_max,0.32142565299957065,28.0,abs_linear_coef
DIR_LinearSVM_DirectionNoMagnitude_E4_BITS_TO_WEDA,E4_BITS_TO_WEDA,direction,roll_max,0.312447075621246,29.0,abs_linear_coef
DIR_LinearSVM_DirectionNoMagnitude_E4_BITS_TO_WEDA,E4_BITS_TO_WEDA,direction,pre_gy_mean,0.28389319990374656,30.0,abs_linear_coef
DIR_LinearSVM_DirectionNoMagnitude_E5_WEDA_TO_BITS,E5_WEDA_TO_BITS,direction,ay_mean,0.8619334912665525,1.0,abs_linear_coef
DIR_LinearSVM_DirectionNoMagnitude_E5_WEDA_TO_BITS,E5_WEDA_TO_BITS,direction,ax_mean,0.7038596413993785,2.0,abs_linear_coef
DIR_LinearSVM_DirectionNoMagnitude_E5_WEDA_TO_BITS,E5_WEDA_TO_BITS,direction,gy_mean,0.6299012805423411,3.0,abs_linear_coef
DIR_LinearSVM_DirectionNoMagnitude_E5_WEDA_TO_BITS,E5_WEDA_TO_BITS,direction,gx_mean,0.5157822818627195,4.0,abs_linear_coef
DIR_LinearSVM_DirectionNoMagnitude_E5_WEDA_TO_BITS,E5_WEDA_TO_BITS,direction,pre_ax_mean,0.4897543082187456,5.0,abs_linear_coef
DIR_LinearSVM_DirectionNoMagnitude_E5_WEDA_TO_BITS,E5_WEDA_TO_BITS,direction,pre_ay_mean,0.4671869781979458,6.0,abs_linear_coef
DIR_LinearSVM_DirectionNoMagnitude_E5_WEDA_TO_BITS,E5_WEDA_TO_BITS,direction,roll_mean,0.4414163010958451,7.0,abs_linear_coef
DIR_LinearSVM_DirectionNoMagnitude_E5_WEDA_TO_BITS,E5_WEDA_TO_BITS,direction,pre_gy_mean,0.39629581451518997,8.0,abs_linear_coef
DIR_LinearSVM_DirectionNoMagnitude_E5_WEDA_TO_BITS,E5_WEDA_TO_BITS,direction,gy_std,0.3913231942360981,9.0,abs_linear_coef
DIR_LinearSVM_DirectionNoMagnitude_E5_WEDA_TO_BITS,E5_WEDA_TO_BITS,direction,gx_max,0.3624256499902356,10.0,abs_linear_coef
DIR_LinearSVM_DirectionNoMagnitude_E5_WEDA_TO_BITS,E5_WEDA_TO_BITS,direction,gy_median,0.33644664372550553,11.0,abs_linear_coef
DIR_LinearSVM_DirectionNoMagnitude_E5_WEDA_TO_BITS,E5_WEDA_TO_BITS,direction,ay_std,0.33627135187962787,12.0,abs_linear_coef
DIR_LinearSVM_DirectionNoMagnitude_E5_WEDA_TO_BITS,E5_WEDA_TO_BITS,direction,ax_final_initial,0.3284161791236657,13.0,abs_linear_coef
DIR_LinearSVM_DirectionNoMagnitude_E5_WEDA_TO_BITS,E5_WEDA_TO_BITS,direction,pitch_mean,0.3186134237791422,14.0,abs_linear_coef
DIR_LinearSVM_DirectionNoMagnitude_E5_WEDA_TO_BITS,E5_WEDA_TO_BITS,direction,pitch_std,0.316561855289362,15.0,abs_linear_coef
DIR_LinearSVM_DirectionNoMagnitude_E5_WEDA_TO_BITS,E5_WEDA_TO_BITS,direction,pre_gx_mean,0.31436601251284396,16.0,abs_linear_coef
DIR_LinearSVM_DirectionNoMagnitude_E5_WEDA_TO_BITS,E5_WEDA_TO_BITS,direction,pre_az_mean,0.3023097434924625,17.0,abs_linear_coef
DIR_LinearSVM_DirectionNoMagnitude_E5_WEDA_TO_BITS,E5_WEDA_TO_BITS,direction,tilt_delta_std,0.29018215858331414,18.0,abs_linear_coef
DIR_LinearSVM_DirectionNoMagnitude_E5_WEDA_TO_BITS,E5_WEDA_TO_BITS,direction,az_max,0.2899059875353751,19.0,abs_linear_coef
DIR_LinearSVM_DirectionNoMagnitude_E5_WEDA_TO_BITS,E5_WEDA_TO_BITS,direction,delta_pitch_window,0.28087891843733487,20.0,abs_linear_coef
DIR_LinearSVM_DirectionNoMagnitude_E5_WEDA_TO_BITS,E5_WEDA_TO_BITS,direction,az_min,0.2659387260838813,21.0,abs_linear_coef
DIR_LinearSVM_DirectionNoMagnitude_E5_WEDA_TO_BITS,E5_WEDA_TO_BITS,direction,gx_std,0.2625358164334251,22.0,abs_linear_coef
DIR_LinearSVM_DirectionNoMagnitude_E5_WEDA_TO_BITS,E5_WEDA_TO_BITS,direction,az_mean,0.25335838674256916,23.0,abs_linear_coef
DIR_LinearSVM_DirectionNoMagnitude_E5_WEDA_TO_BITS,E5_WEDA_TO_BITS,direction,ax_std,0.25091799916337426,24.0,abs_linear_coef
DIR_LinearSVM_DirectionNoMagnitude_E5_WEDA_TO_BITS,E5_WEDA_TO_BITS,direction,tilt_delta_max,0.23019292189366927,25.0,abs_linear_coef
DIR_LinearSVM_DirectionNoMagnitude_E5_WEDA_TO_BITS,E5_WEDA_TO_BITS,direction,tilt_delta_p95,0.22930204337974058,26.0,abs_linear_coef
DIR_LinearSVM_DirectionNoMagnitude_E5_WEDA_TO_BITS,E5_WEDA_TO_BITS,direction,pitch_final_initial,0.22679065801662965,27.0,abs_linear_coef
DIR_LinearSVM_DirectionNoMagnitude_E5_WEDA_TO_BITS,E5_WEDA_TO_BITS,direction,gz_mean,0.2249821313704905,28.0,abs_linear_coef
DIR_LinearSVM_DirectionNoMagnitude_E5_WEDA_TO_BITS,E5_WEDA_TO_BITS,direction,tilt_delta_mean,0.22415238482148145,29.0,abs_linear_coef
DIR_LinearSVM_DirectionNoMagnitude_E5_WEDA_TO_BITS,E5_WEDA_TO_BITS,direction,gz_std,0.21940429195151104,30.0,abs_linear_coef
DIR_RandomForest_DirectionNoMagnitude_E1_BITS_TO_BITS,E1_BITS_TO_BITS,direction,ax_min,0.07095940785967868,1.0,native_feature_importances
DIR_RandomForest_DirectionNoMagnitude_E1_BITS_TO_BITS,E1_BITS_TO_BITS,direction,ax_mean,0.05979368404828578,2.0,native_feature_importances
DIR_RandomForest_DirectionNoMagnitude_E1_BITS_TO_BITS,E1_BITS_TO_BITS,direction,pitch_max,0.05420716933901651,3.0,native_feature_importances
DIR_RandomForest_DirectionNoMagnitude_E1_BITS_TO_BITS,E1_BITS_TO_BITS,direction,pre_ax_mean,0.03932925828268664,4.0,native_feature_importances
DIR_RandomForest_DirectionNoMagnitude_E1_BITS_TO_BITS,E1_BITS_TO_BITS,direction,pitch_mean,0.031128485767144144,5.0,native_feature_importances
DIR_RandomForest_DirectionNoMagnitude_E1_BITS_TO_BITS,E1_BITS_TO_BITS,direction,ay_min,0.026801367367084654,6.0,native_feature_importances
DIR_RandomForest_DirectionNoMagnitude_E1_BITS_TO_BITS,E1_BITS_TO_BITS,direction,az_range,0.025530716114809615,7.0,native_feature_importances
DIR_RandomForest_DirectionNoMagnitude_E1_BITS_TO_BITS,E1_BITS_TO_BITS,direction,gz_mean,0.0251545226655185,8.0,native_feature_importances
DIR_RandomForest_DirectionNoMagnitude_E1_BITS_TO_BITS,E1_BITS_TO_BITS,direction,ax_range,0.023720014480220812,9.0,native_feature_importances
DIR_RandomForest_DirectionNoMagnitude_E1_BITS_TO_BITS,E1_BITS_TO_BITS,direction,pitch_std,0.022854531476061493,10.0,native_feature_importances
DIR_RandomForest_DirectionNoMagnitude_E1_BITS_TO_BITS,E1_BITS_TO_BITS,direction,ax_std,0.021943894139488093,11.0,native_feature_importances
DIR_RandomForest_DirectionNoMagnitude_E1_BITS_TO_BITS,E1_BITS_TO_BITS,direction,roll_min,0.021551277332648198,12.0,native_feature_importances
DIR_RandomForest_DirectionNoMagnitude_E1_BITS_TO_BITS,E1_BITS_TO_BITS,direction,ay_range,0.019118462012145877,13.0,native_feature_importances
DIR_RandomForest_DirectionNoMagnitude_E1_BITS_TO_BITS,E1_BITS_TO_BITS,direction,gx_min,0.018745170467624153,14.0,native_feature_importances
DIR_RandomForest_DirectionNoMagnitude_E1_BITS_TO_BITS,E1_BITS_TO_BITS,direction,pre_gy_mean,0.018032358451122516,15.0,native_feature_importances
DIR_RandomForest_DirectionNoMagnitude_E1_BITS_TO_BITS,E1_BITS_TO_BITS,direction,gx_range,0.017662191790908242,16.0,native_feature_importances
DIR_RandomForest_DirectionNoMagnitude_E1_BITS_TO_BITS,E1_BITS_TO_BITS,direction,pitch_final_initial,0.017589355783194194,17.0,native_feature_importances
DIR_RandomForest_DirectionNoMagnitude_E1_BITS_TO_BITS,E1_BITS_TO_BITS,direction,gy_max,0.017450326462118925,18.0,native_feature_importances
DIR_RandomForest_DirectionNoMagnitude_E1_BITS_TO_BITS,E1_BITS_TO_BITS,direction,ay_final_initial,0.01683198941130523,19.0,native_feature_importances
DIR_RandomForest_DirectionNoMagnitude_E1_BITS_TO_BITS,E1_BITS_TO_BITS,direction,gz_median,0.01680063132624351,20.0,native_feature_importances
DIR_RandomForest_DirectionNoMagnitude_E1_BITS_TO_BITS,E1_BITS_TO_BITS,direction,tilt_delta_std,0.016265982044421437,21.0,native_feature_importances
DIR_RandomForest_DirectionNoMagnitude_E1_BITS_TO_BITS,E1_BITS_TO_BITS,direction,az_std,0.015992695919940583,22.0,native_feature_importances
DIR_RandomForest_DirectionNoMagnitude_E1_BITS_TO_BITS,E1_BITS_TO_BITS,direction,az_max,0.015595336012316961,23.0,native_feature_importances
DIR_RandomForest_DirectionNoMagnitude_E1_BITS_TO_BITS,E1_BITS_TO_BITS,direction,gx_std,0.015578836517839263,24.0,native_feature_importances
DIR_RandomForest_DirectionNoMagnitude_E1_BITS_TO_BITS,E1_BITS_TO_BITS,direction,gz_std,0.014196301316550187,25.0,native_feature_importances
DIR_RandomForest_DirectionNoMagnitude_E1_BITS_TO_BITS,E1_BITS_TO_BITS,direction,delta_pitch_window,0.01358531972894551,26.0,native_feature_importances
DIR_RandomForest_DirectionNoMagnitude_E1_BITS_TO_BITS,E1_BITS_TO_BITS,direction,gz_final_initial,0.012737713974042338,27.0,native_feature_importances
DIR_RandomForest_DirectionNoMagnitude_E1_BITS_TO_BITS,E1_BITS_TO_BITS,direction,delta_roll_window,0.012421153154053144,28.0,native_feature_importances
DIR_RandomForest_DirectionNoMagnitude_E1_BITS_TO_BITS,E1_BITS_TO_BITS,direction,roll_final_initial,0.012293187972158908,29.0,native_feature_importances
DIR_RandomForest_DirectionNoMagnitude_E1_BITS_TO_BITS,E1_BITS_TO_BITS,direction,az_min,0.011966962011653417,30.0,native_feature_importances
DIR_RandomForest_DirectionNoMagnitude_E2_WEDA_TO_WEDA,E2_WEDA_TO_WEDA,direction,gy_mean,0.042940853705265854,1.0,native_feature_importances
DIR_RandomForest_DirectionNoMagnitude_E2_WEDA_TO_WEDA,E2_WEDA_TO_WEDA,direction,ay_final_initial,0.03662329743422753,2.0,native_feature_importances
DIR_RandomForest_DirectionNoMagnitude_E2_WEDA_TO_WEDA,E2_WEDA_TO_WEDA,direction,ax_mean,0.032830735707060535,3.0,native_feature_importances
DIR_RandomForest_DirectionNoMagnitude_E2_WEDA_TO_WEDA,E2_WEDA_TO_WEDA,direction,delta_pitch_window,0.0308839612154306,4.0,native_feature_importances
DIR_RandomForest_DirectionNoMagnitude_E2_WEDA_TO_WEDA,E2_WEDA_TO_WEDA,direction,gy_median,0.02997736665743738,5.0,native_feature_importances
DIR_RandomForest_DirectionNoMagnitude_E2_WEDA_TO_WEDA,E2_WEDA_TO_WEDA,direction,pitch_final_initial,0.029265477127368527,6.0,native_feature_importances
DIR_RandomForest_DirectionNoMagnitude_E2_WEDA_TO_WEDA,E2_WEDA_TO_WEDA,direction,ax_final_initial,0.02777077745683353,7.0,native_feature_importances
DIR_RandomForest_DirectionNoMagnitude_E2_WEDA_TO_WEDA,E2_WEDA_TO_WEDA,direction,pitch_mean,0.026368254641285786,8.0,native_feature_importances
DIR_RandomForest_DirectionNoMagnitude_E2_WEDA_TO_WEDA,E2_WEDA_TO_WEDA,direction,tilt_delta_mean,0.025184122064011803,9.0,native_feature_importances
DIR_RandomForest_DirectionNoMagnitude_E2_WEDA_TO_WEDA,E2_WEDA_TO_WEDA,direction,pitch_std,0.023799591933115823,10.0,native_feature_importances
DIR_RandomForest_DirectionNoMagnitude_E2_WEDA_TO_WEDA,E2_WEDA_TO_WEDA,direction,gx_median,0.023721869623425942,11.0,native_feature_importances
DIR_RandomForest_DirectionNoMagnitude_E2_WEDA_TO_WEDA,E2_WEDA_TO_WEDA,direction,gx_std,0.022468796291621563,12.0,native_feature_importances
DIR_RandomForest_DirectionNoMagnitude_E2_WEDA_TO_WEDA,E2_WEDA_TO_WEDA,direction,az_final_initial,0.022145024214343993,13.0,native_feature_importances
DIR_RandomForest_DirectionNoMagnitude_E2_WEDA_TO_WEDA,E2_WEDA_TO_WEDA,direction,pre_ay_mean,0.020681261292503316,14.0,native_feature_importances
DIR_RandomForest_DirectionNoMagnitude_E2_WEDA_TO_WEDA,E2_WEDA_TO_WEDA,direction,pre_gy_mean,0.02038977607542898,15.0,native_feature_importances
DIR_RandomForest_DirectionNoMagnitude_E2_WEDA_TO_WEDA,E2_WEDA_TO_WEDA,direction,delta_roll_window,0.019917017181606367,16.0,native_feature_importances
DIR_RandomForest_DirectionNoMagnitude_E2_WEDA_TO_WEDA,E2_WEDA_TO_WEDA,direction,pre_gx_mean,0.018590380511151732,17.0,native_feature_importances
DIR_RandomForest_DirectionNoMagnitude_E2_WEDA_TO_WEDA,E2_WEDA_TO_WEDA,direction,pre_ax_mean,0.018030949373692,18.0,native_feature_importances
DIR_RandomForest_DirectionNoMagnitude_E2_WEDA_TO_WEDA,E2_WEDA_TO_WEDA,direction,gx_range,0.017239861669215602,19.0,native_feature_importances
DIR_RandomForest_DirectionNoMagnitude_E2_WEDA_TO_WEDA,E2_WEDA_TO_WEDA,direction,az_mean,0.017000646945603548,20.0,native_feature_importances
DIR_RandomForest_DirectionNoMagnitude_E2_WEDA_TO_WEDA,E2_WEDA_TO_WEDA,direction,gx_mean,0.016736257172160776,21.0,native_feature_importances
DIR_RandomForest_DirectionNoMagnitude_E2_WEDA_TO_WEDA,E2_WEDA_TO_WEDA,direction,ay_mean,0.01648042871746619,22.0,native_feature_importances
DIR_RandomForest_DirectionNoMagnitude_E2_WEDA_TO_WEDA,E2_WEDA_TO_WEDA,direction,pitch_min,0.01622500251907764,23.0,native_feature_importances
DIR_RandomForest_DirectionNoMagnitude_E2_WEDA_TO_WEDA,E2_WEDA_TO_WEDA,direction,gz_median,0.016102013611266397,24.0,native_feature_importances
DIR_RandomForest_DirectionNoMagnitude_E2_WEDA_TO_WEDA,E2_WEDA_TO_WEDA,direction,ax_min,0.01525683012377045,25.0,native_feature_importances
DIR_RandomForest_DirectionNoMagnitude_E2_WEDA_TO_WEDA,E2_WEDA_TO_WEDA,direction,az_min,0.014854921138676999,26.0,native_feature_importances
DIR_RandomForest_DirectionNoMagnitude_E2_WEDA_TO_WEDA,E2_WEDA_TO_WEDA,direction,gy_final_initial,0.01485415647023224,27.0,native_feature_importances
DIR_RandomForest_DirectionNoMagnitude_E2_WEDA_TO_WEDA,E2_WEDA_TO_WEDA,direction,gz_mean,0.014674431598663459,28.0,native_feature_importances
DIR_RandomForest_DirectionNoMagnitude_E2_WEDA_TO_WEDA,E2_WEDA_TO_WEDA,direction,pre_az_mean,0.014186486152155283,29.0,native_feature_importances
DIR_RandomForest_DirectionNoMagnitude_E2_WEDA_TO_WEDA,E2_WEDA_TO_WEDA,direction,gx_max,0.014061204959218178,30.0,native_feature_importances
DIR_RandomForest_DirectionNoMagnitude_E3_BITS_WEDA_MIXED,E3_BITS_WEDA_MIXED,direction,ax_mean,0.050773827411072024,1.0,native_feature_importances
DIR_RandomForest_DirectionNoMagnitude_E3_BITS_WEDA_MIXED,E3_BITS_WEDA_MIXED,direction,gy_mean,0.03542724071745175,2.0,native_feature_importances
DIR_RandomForest_DirectionNoMagnitude_E3_BITS_WEDA_MIXED,E3_BITS_WEDA_MIXED,direction,pitch_mean,0.03439482454036234,3.0,native_feature_importances
DIR_RandomForest_DirectionNoMagnitude_E3_BITS_WEDA_MIXED,E3_BITS_WEDA_MIXED,direction,ax_min,0.027489321460226777,4.0,native_feature_importances
DIR_RandomForest_DirectionNoMagnitude_E3_BITS_WEDA_MIXED,E3_BITS_WEDA_MIXED,direction,pre_gy_mean,0.027119441598805614,5.0,native_feature_importances
DIR_RandomForest_DirectionNoMagnitude_E3_BITS_WEDA_MIXED,E3_BITS_WEDA_MIXED,direction,delta_pitch_window,0.02527426341199592,6.0,native_feature_importances
DIR_RandomForest_DirectionNoMagnitude_E3_BITS_WEDA_MIXED,E3_BITS_WEDA_MIXED,direction,ay_final_initial,0.024891019578114574,7.0,native_feature_importances
DIR_RandomForest_DirectionNoMagnitude_E3_BITS_WEDA_MIXED,E3_BITS_WEDA_MIXED,direction,gy_median,0.024404502868963698,8.0,native_feature_importances
DIR_RandomForest_DirectionNoMagnitude_E3_BITS_WEDA_MIXED,E3_BITS_WEDA_MIXED,direction,pre_gx_mean,0.021157731676178133,9.0,native_feature_importances
DIR_RandomForest_DirectionNoMagnitude_E3_BITS_WEDA_MIXED,E3_BITS_WEDA_MIXED,direction,gx_median,0.020502382628830258,10.0,native_feature_importances
DIR_RandomForest_DirectionNoMagnitude_E3_BITS_WEDA_MIXED,E3_BITS_WEDA_MIXED,direction,gx_std,0.02040410172561444,11.0,native_feature_importances
DIR_RandomForest_DirectionNoMagnitude_E3_BITS_WEDA_MIXED,E3_BITS_WEDA_MIXED,direction,gz_mean,0.019950032762175007,12.0,native_feature_importances
DIR_RandomForest_DirectionNoMagnitude_E3_BITS_WEDA_MIXED,E3_BITS_WEDA_MIXED,direction,gx_mean,0.019504375735267632,13.0,native_feature_importances
DIR_RandomForest_DirectionNoMagnitude_E3_BITS_WEDA_MIXED,E3_BITS_WEDA_MIXED,direction,gz_median,0.018426738093991004,14.0,native_feature_importances
DIR_RandomForest_DirectionNoMagnitude_E3_BITS_WEDA_MIXED,E3_BITS_WEDA_MIXED,direction,pitch_final_initial,0.018001362448716352,15.0,native_feature_importances
DIR_RandomForest_DirectionNoMagnitude_E3_BITS_WEDA_MIXED,E3_BITS_WEDA_MIXED,direction,ax_final_initial,0.017704631796204844,16.0,native_feature_importances
DIR_RandomForest_DirectionNoMagnitude_E3_BITS_WEDA_MIXED,E3_BITS_WEDA_MIXED,direction,az_min,0.017569790301792666,17.0,native_feature_importances
DIR_RandomForest_DirectionNoMagnitude_E3_BITS_WEDA_MIXED,E3_BITS_WEDA_MIXED,direction,pre_ax_mean,0.01728795643500339,18.0,native_feature_importances
DIR_RandomForest_DirectionNoMagnitude_E3_BITS_WEDA_MIXED,E3_BITS_WEDA_MIXED,direction,pitch_min,0.01631333112931026,19.0,native_feature_importances
DIR_RandomForest_DirectionNoMagnitude_E3_BITS_WEDA_MIXED,E3_BITS_WEDA_MIXED,direction,pre_ay_mean,0.015969389070618595,20.0,native_feature_importances
DIR_RandomForest_DirectionNoMagnitude_E3_BITS_WEDA_MIXED,E3_BITS_WEDA_MIXED,direction,delta_roll_window,0.01580856291349951,21.0,native_feature_importances
DIR_RandomForest_DirectionNoMagnitude_E3_BITS_WEDA_MIXED,E3_BITS_WEDA_MIXED,direction,gx_range,0.015796436222755034,22.0,native_feature_importances
DIR_RandomForest_DirectionNoMagnitude_E3_BITS_WEDA_MIXED,E3_BITS_WEDA_MIXED,direction,pitch_std,0.015566191376987315,23.0,native_feature_importances
DIR_RandomForest_DirectionNoMagnitude_E3_BITS_WEDA_MIXED,E3_BITS_WEDA_MIXED,direction,ax_range,0.01552124091717314,24.0,native_feature_importances
DIR_RandomForest_DirectionNoMagnitude_E3_BITS_WEDA_MIXED,E3_BITS_WEDA_MIXED,direction,gx_min,0.015297967910090632,25.0,native_feature_importances
DIR_RandomForest_DirectionNoMagnitude_E3_BITS_WEDA_MIXED,E3_BITS_WEDA_MIXED,direction,pitch_max,0.015106102753500529,26.0,native_feature_importances
DIR_RandomForest_DirectionNoMagnitude_E3_BITS_WEDA_MIXED,E3_BITS_WEDA_MIXED,direction,ay_mean,0.014951182198334646,27.0,native_feature_importances
DIR_RandomForest_DirectionNoMagnitude_E3_BITS_WEDA_MIXED,E3_BITS_WEDA_MIXED,direction,ay_min,0.01434680451585352,28.0,native_feature_importances
DIR_RandomForest_DirectionNoMagnitude_E3_BITS_WEDA_MIXED,E3_BITS_WEDA_MIXED,direction,roll_final_initial,0.01430847010719873,29.0,native_feature_importances
DIR_RandomForest_DirectionNoMagnitude_E3_BITS_WEDA_MIXED,E3_BITS_WEDA_MIXED,direction,ax_std,0.01429549550201523,30.0,native_feature_importances
DIR_RandomForest_DirectionNoMagnitude_E4_BITS_TO_WEDA,E4_BITS_TO_WEDA,direction,ax_min,0.07095940785967868,1.0,native_feature_importances
DIR_RandomForest_DirectionNoMagnitude_E4_BITS_TO_WEDA,E4_BITS_TO_WEDA,direction,ax_mean,0.05979368404828578,2.0,native_feature_importances
DIR_RandomForest_DirectionNoMagnitude_E4_BITS_TO_WEDA,E4_BITS_TO_WEDA,direction,pitch_max,0.05420716933901651,3.0,native_feature_importances
DIR_RandomForest_DirectionNoMagnitude_E4_BITS_TO_WEDA,E4_BITS_TO_WEDA,direction,pre_ax_mean,0.03932925828268664,4.0,native_feature_importances
DIR_RandomForest_DirectionNoMagnitude_E4_BITS_TO_WEDA,E4_BITS_TO_WEDA,direction,pitch_mean,0.031128485767144144,5.0,native_feature_importances
DIR_RandomForest_DirectionNoMagnitude_E4_BITS_TO_WEDA,E4_BITS_TO_WEDA,direction,ay_min,0.026801367367084654,6.0,native_feature_importances
DIR_RandomForest_DirectionNoMagnitude_E4_BITS_TO_WEDA,E4_BITS_TO_WEDA,direction,az_range,0.025530716114809615,7.0,native_feature_importances
DIR_RandomForest_DirectionNoMagnitude_E4_BITS_TO_WEDA,E4_BITS_TO_WEDA,direction,gz_mean,0.0251545226655185,8.0,native_feature_importances
DIR_RandomForest_DirectionNoMagnitude_E4_BITS_TO_WEDA,E4_BITS_TO_WEDA,direction,ax_range,0.023720014480220812,9.0,native_feature_importances
DIR_RandomForest_DirectionNoMagnitude_E4_BITS_TO_WEDA,E4_BITS_TO_WEDA,direction,pitch_std,0.022854531476061493,10.0,native_feature_importances
DIR_RandomForest_DirectionNoMagnitude_E4_BITS_TO_WEDA,E4_BITS_TO_WEDA,direction,ax_std,0.021943894139488093,11.0,native_feature_importances
DIR_RandomForest_DirectionNoMagnitude_E4_BITS_TO_WEDA,E4_BITS_TO_WEDA,direction,roll_min,0.021551277332648198,12.0,native_feature_importances
DIR_RandomForest_DirectionNoMagnitude_E4_BITS_TO_WEDA,E4_BITS_TO_WEDA,direction,ay_range,0.019118462012145877,13.0,native_feature_importances
DIR_RandomForest_DirectionNoMagnitude_E4_BITS_TO_WEDA,E4_BITS_TO_WEDA,direction,gx_min,0.018745170467624153,14.0,native_feature_importances
DIR_RandomForest_DirectionNoMagnitude_E4_BITS_TO_WEDA,E4_BITS_TO_WEDA,direction,pre_gy_mean,0.018032358451122516,15.0,native_feature_importances
DIR_RandomForest_DirectionNoMagnitude_E4_BITS_TO_WEDA,E4_BITS_TO_WEDA,direction,gx_range,0.017662191790908242,16.0,native_feature_importances
DIR_RandomForest_DirectionNoMagnitude_E4_BITS_TO_WEDA,E4_BITS_TO_WEDA,direction,pitch_final_initial,0.017589355783194194,17.0,native_feature_importances
DIR_RandomForest_DirectionNoMagnitude_E4_BITS_TO_WEDA,E4_BITS_TO_WEDA,direction,gy_max,0.017450326462118925,18.0,native_feature_importances
DIR_RandomForest_DirectionNoMagnitude_E4_BITS_TO_WEDA,E4_BITS_TO_WEDA,direction,ay_final_initial,0.01683198941130523,19.0,native_feature_importances
DIR_RandomForest_DirectionNoMagnitude_E4_BITS_TO_WEDA,E4_BITS_TO_WEDA,direction,gz_median,0.01680063132624351,20.0,native_feature_importances
DIR_RandomForest_DirectionNoMagnitude_E4_BITS_TO_WEDA,E4_BITS_TO_WEDA,direction,tilt_delta_std,0.016265982044421437,21.0,native_feature_importances
DIR_RandomForest_DirectionNoMagnitude_E4_BITS_TO_WEDA,E4_BITS_TO_WEDA,direction,az_std,0.015992695919940583,22.0,native_feature_importances
DIR_RandomForest_DirectionNoMagnitude_E4_BITS_TO_WEDA,E4_BITS_TO_WEDA,direction,az_max,0.015595336012316961,23.0,native_feature_importances
DIR_RandomForest_DirectionNoMagnitude_E4_BITS_TO_WEDA,E4_BITS_TO_WEDA,direction,gx_std,0.015578836517839263,24.0,native_feature_importances
DIR_RandomForest_DirectionNoMagnitude_E4_BITS_TO_WEDA,E4_BITS_TO_WEDA,direction,gz_std,0.014196301316550187,25.0,native_feature_importances
DIR_RandomForest_DirectionNoMagnitude_E4_BITS_TO_WEDA,E4_BITS_TO_WEDA,direction,delta_pitch_window,0.01358531972894551,26.0,native_feature_importances
DIR_RandomForest_DirectionNoMagnitude_E4_BITS_TO_WEDA,E4_BITS_TO_WEDA,direction,gz_final_initial,0.012737713974042338,27.0,native_feature_importances
DIR_RandomForest_DirectionNoMagnitude_E4_BITS_TO_WEDA,E4_BITS_TO_WEDA,direction,delta_roll_window,0.012421153154053144,28.0,native_feature_importances
DIR_RandomForest_DirectionNoMagnitude_E4_BITS_TO_WEDA,E4_BITS_TO_WEDA,direction,roll_final_initial,0.012293187972158908,29.0,native_feature_importances
DIR_RandomForest_DirectionNoMagnitude_E4_BITS_TO_WEDA,E4_BITS_TO_WEDA,direction,az_min,0.011966962011653417,30.0,native_feature_importances
DIR_RandomForest_DirectionNoMagnitude_E5_WEDA_TO_BITS,E5_WEDA_TO_BITS,direction,gy_mean,0.042940853705265854,1.0,native_feature_importances
DIR_RandomForest_DirectionNoMagnitude_E5_WEDA_TO_BITS,E5_WEDA_TO_BITS,direction,ay_final_initial,0.03662329743422753,2.0,native_feature_importances
DIR_RandomForest_DirectionNoMagnitude_E5_WEDA_TO_BITS,E5_WEDA_TO_BITS,direction,ax_mean,0.032830735707060535,3.0,native_feature_importances
DIR_RandomForest_DirectionNoMagnitude_E5_WEDA_TO_BITS,E5_WEDA_TO_BITS,direction,delta_pitch_window,0.0308839612154306,4.0,native_feature_importances
DIR_RandomForest_DirectionNoMagnitude_E5_WEDA_TO_BITS,E5_WEDA_TO_BITS,direction,gy_median,0.02997736665743738,5.0,native_feature_importances
DIR_RandomForest_DirectionNoMagnitude_E5_WEDA_TO_BITS,E5_WEDA_TO_BITS,direction,pitch_final_initial,0.029265477127368527,6.0,native_feature_importances
DIR_RandomForest_DirectionNoMagnitude_E5_WEDA_TO_BITS,E5_WEDA_TO_BITS,direction,ax_final_initial,0.02777077745683353,7.0,native_feature_importances
DIR_RandomForest_DirectionNoMagnitude_E5_WEDA_TO_BITS,E5_WEDA_TO_BITS,direction,pitch_mean,0.026368254641285786,8.0,native_feature_importances
DIR_RandomForest_DirectionNoMagnitude_E5_WEDA_TO_BITS,E5_WEDA_TO_BITS,direction,tilt_delta_mean,0.025184122064011803,9.0,native_feature_importances
DIR_RandomForest_DirectionNoMagnitude_E5_WEDA_TO_BITS,E5_WEDA_TO_BITS,direction,pitch_std,0.023799591933115823,10.0,native_feature_importances
DIR_RandomForest_DirectionNoMagnitude_E5_WEDA_TO_BITS,E5_WEDA_TO_BITS,direction,gx_median,0.023721869623425942,11.0,native_feature_importances
DIR_RandomForest_DirectionNoMagnitude_E5_WEDA_TO_BITS,E5_WEDA_TO_BITS,direction,gx_std,0.022468796291621563,12.0,native_feature_importances
DIR_RandomForest_DirectionNoMagnitude_E5_WEDA_TO_BITS,E5_WEDA_TO_BITS,direction,az_final_initial,0.022145024214343993,13.0,native_feature_importances
DIR_RandomForest_DirectionNoMagnitude_E5_WEDA_TO_BITS,E5_WEDA_TO_BITS,direction,pre_ay_mean,0.020681261292503316,14.0,native_feature_importances
DIR_RandomForest_DirectionNoMagnitude_E5_WEDA_TO_BITS,E5_WEDA_TO_BITS,direction,pre_gy_mean,0.02038977607542898,15.0,native_feature_importances
DIR_RandomForest_DirectionNoMagnitude_E5_WEDA_TO_BITS,E5_WEDA_TO_BITS,direction,delta_roll_window,0.019917017181606367,16.0,native_feature_importances
DIR_RandomForest_DirectionNoMagnitude_E5_WEDA_TO_BITS,E5_WEDA_TO_BITS,direction,pre_gx_mean,0.018590380511151732,17.0,native_feature_importances
DIR_RandomForest_DirectionNoMagnitude_E5_WEDA_TO_BITS,E5_WEDA_TO_BITS,direction,pre_ax_mean,0.018030949373692,18.0,native_feature_importances
DIR_RandomForest_DirectionNoMagnitude_E5_WEDA_TO_BITS,E5_WEDA_TO_BITS,direction,gx_range,0.017239861669215602,19.0,native_feature_importances
DIR_RandomForest_DirectionNoMagnitude_E5_WEDA_TO_BITS,E5_WEDA_TO_BITS,direction,az_mean,0.017000646945603548,20.0,native_feature_importances
DIR_RandomForest_DirectionNoMagnitude_E5_WEDA_TO_BITS,E5_WEDA_TO_BITS,direction,gx_mean,0.016736257172160776,21.0,native_feature_importances
DIR_RandomForest_DirectionNoMagnitude_E5_WEDA_TO_BITS,E5_WEDA_TO_BITS,direction,ay_mean,0.01648042871746619,22.0,native_feature_importances
DIR_RandomForest_DirectionNoMagnitude_E5_WEDA_TO_BITS,E5_WEDA_TO_BITS,direction,pitch_min,0.01622500251907764,23.0,native_feature_importances
DIR_RandomForest_DirectionNoMagnitude_E5_WEDA_TO_BITS,E5_WEDA_TO_BITS,direction,gz_median,0.016102013611266397,24.0,native_feature_importances
DIR_RandomForest_DirectionNoMagnitude_E5_WEDA_TO_BITS,E5_WEDA_TO_BITS,direction,ax_min,0.01525683012377045,25.0,native_feature_importances
DIR_RandomForest_DirectionNoMagnitude_E5_WEDA_TO_BITS,E5_WEDA_TO_BITS,direction,az_min,0.014854921138676999,26.0,native_feature_importances
DIR_RandomForest_DirectionNoMagnitude_E5_WEDA_TO_BITS,E5_WEDA_TO_BITS,direction,gy_final_initial,0.01485415647023224,27.0,native_feature_importances
DIR_RandomForest_DirectionNoMagnitude_E5_WEDA_TO_BITS,E5_WEDA_TO_BITS,direction,gz_mean,0.014674431598663459,28.0,native_feature_importances
DIR_RandomForest_DirectionNoMagnitude_E5_WEDA_TO_BITS,E5_WEDA_TO_BITS,direction,pre_az_mean,0.014186486152155283,29.0,native_feature_importances
DIR_RandomForest_DirectionNoMagnitude_E5_WEDA_TO_BITS,E5_WEDA_TO_BITS,direction,gx_max,0.014061204959218178,30.0,native_feature_importances
DIR_GradientBoosting_DirectionNoMagnitude_E1_BITS_TO_BITS,E1_BITS_TO_BITS,direction,ax_min,0.3091146872893265,1.0,native_feature_importances
DIR_GradientBoosting_DirectionNoMagnitude_E1_BITS_TO_BITS,E1_BITS_TO_BITS,direction,gz_mean,0.10093921436252278,2.0,native_feature_importances
DIR_GradientBoosting_DirectionNoMagnitude_E1_BITS_TO_BITS,E1_BITS_TO_BITS,direction,pitch_std,0.08131675627032986,3.0,native_feature_importances
DIR_GradientBoosting_DirectionNoMagnitude_E1_BITS_TO_BITS,E1_BITS_TO_BITS,direction,roll_final_initial,0.04859456575242153,4.0,native_feature_importances
DIR_GradientBoosting_DirectionNoMagnitude_E1_BITS_TO_BITS,E1_BITS_TO_BITS,direction,az_final_initial,0.039780903418204165,5.0,native_feature_importances
DIR_GradientBoosting_DirectionNoMagnitude_E1_BITS_TO_BITS,E1_BITS_TO_BITS,direction,ay_final_initial,0.029693058649472154,6.0,native_feature_importances
DIR_GradientBoosting_DirectionNoMagnitude_E1_BITS_TO_BITS,E1_BITS_TO_BITS,direction,az_range,0.02556213000931605,7.0,native_feature_importances
DIR_GradientBoosting_DirectionNoMagnitude_E1_BITS_TO_BITS,E1_BITS_TO_BITS,direction,gz_std,0.021609679399357932,8.0,native_feature_importances
DIR_GradientBoosting_DirectionNoMagnitude_E1_BITS_TO_BITS,E1_BITS_TO_BITS,direction,az_min,0.021479808850634642,9.0,native_feature_importances
DIR_GradientBoosting_DirectionNoMagnitude_E1_BITS_TO_BITS,E1_BITS_TO_BITS,direction,ay_min,0.018828069404386912,10.0,native_feature_importances
DIR_GradientBoosting_DirectionNoMagnitude_E1_BITS_TO_BITS,E1_BITS_TO_BITS,direction,gy_max,0.016791856767534637,11.0,native_feature_importances
DIR_GradientBoosting_DirectionNoMagnitude_E1_BITS_TO_BITS,E1_BITS_TO_BITS,direction,roll_min,0.014479562619461584,12.0,native_feature_importances
DIR_GradientBoosting_DirectionNoMagnitude_E1_BITS_TO_BITS,E1_BITS_TO_BITS,direction,gz_median,0.014449560816900353,13.0,native_feature_importances
DIR_GradientBoosting_DirectionNoMagnitude_E1_BITS_TO_BITS,E1_BITS_TO_BITS,direction,gx_final_initial,0.013951234566332082,14.0,native_feature_importances
DIR_GradientBoosting_DirectionNoMagnitude_E1_BITS_TO_BITS,E1_BITS_TO_BITS,direction,az_max,0.011522105007020268,15.0,native_feature_importances
DIR_GradientBoosting_DirectionNoMagnitude_E1_BITS_TO_BITS,E1_BITS_TO_BITS,direction,ay_mean,0.011506244381411002,16.0,native_feature_importances
DIR_GradientBoosting_DirectionNoMagnitude_E1_BITS_TO_BITS,E1_BITS_TO_BITS,direction,ax_final_initial,0.01147304645028325,17.0,native_feature_importances
DIR_GradientBoosting_DirectionNoMagnitude_E1_BITS_TO_BITS,E1_BITS_TO_BITS,direction,pre_gz_mean,0.010704166841368495,18.0,native_feature_importances
DIR_GradientBoosting_DirectionNoMagnitude_E1_BITS_TO_BITS,E1_BITS_TO_BITS,direction,gx_std,0.010680316263775573,19.0,native_feature_importances
DIR_GradientBoosting_DirectionNoMagnitude_E1_BITS_TO_BITS,E1_BITS_TO_BITS,direction,pitch_mean,0.01055177631132157,20.0,native_feature_importances
DIR_GradientBoosting_DirectionNoMagnitude_E1_BITS_TO_BITS,E1_BITS_TO_BITS,direction,delta_pitch_window,0.010422930524386136,21.0,native_feature_importances
DIR_GradientBoosting_DirectionNoMagnitude_E1_BITS_TO_BITS,E1_BITS_TO_BITS,direction,pre_gx_mean,0.009967067858159059,22.0,native_feature_importances
DIR_GradientBoosting_DirectionNoMagnitude_E1_BITS_TO_BITS,E1_BITS_TO_BITS,direction,tilt_delta_final,0.009872938997744852,23.0,native_feature_importances
DIR_GradientBoosting_DirectionNoMagnitude_E1_BITS_TO_BITS,E1_BITS_TO_BITS,direction,roll_mean,0.00985418786701649,24.0,native_feature_importances
DIR_GradientBoosting_DirectionNoMagnitude_E1_BITS_TO_BITS,E1_BITS_TO_BITS,direction,pre_gy_mean,0.008844062281960063,25.0,native_feature_importances
DIR_GradientBoosting_DirectionNoMagnitude_E1_BITS_TO_BITS,E1_BITS_TO_BITS,direction,ax_max,0.008716896118055859,26.0,native_feature_importances
DIR_GradientBoosting_DirectionNoMagnitude_E1_BITS_TO_BITS,E1_BITS_TO_BITS,direction,gx_min,0.008196807262942678,27.0,native_feature_importances
DIR_GradientBoosting_DirectionNoMagnitude_E1_BITS_TO_BITS,E1_BITS_TO_BITS,direction,gz_final_initial,0.00803511037751637,28.0,native_feature_importances
DIR_GradientBoosting_DirectionNoMagnitude_E1_BITS_TO_BITS,E1_BITS_TO_BITS,direction,ax_mean,0.008025262817620015,29.0,native_feature_importances
DIR_GradientBoosting_DirectionNoMagnitude_E1_BITS_TO_BITS,E1_BITS_TO_BITS,direction,gx_max,0.00742879969236138,30.0,native_feature_importances
DIR_GradientBoosting_DirectionNoMagnitude_E2_WEDA_TO_WEDA,E2_WEDA_TO_WEDA,direction,gy_mean,0.10358032702302859,1.0,native_feature_importances
DIR_GradientBoosting_DirectionNoMagnitude_E2_WEDA_TO_WEDA,E2_WEDA_TO_WEDA,direction,ax_mean,0.07090537491012158,2.0,native_feature_importances
DIR_GradientBoosting_DirectionNoMagnitude_E2_WEDA_TO_WEDA,E2_WEDA_TO_WEDA,direction,delta_pitch_window,0.07047436923443351,3.0,native_feature_importances
DIR_GradientBoosting_DirectionNoMagnitude_E2_WEDA_TO_WEDA,E2_WEDA_TO_WEDA,direction,ay_final_initial,0.0678111657361363,4.0,native_feature_importances
DIR_GradientBoosting_DirectionNoMagnitude_E2_WEDA_TO_WEDA,E2_WEDA_TO_WEDA,direction,pre_gx_mean,0.06018205324851095,5.0,native_feature_importances
DIR_GradientBoosting_DirectionNoMagnitude_E2_WEDA_TO_WEDA,E2_WEDA_TO_WEDA,direction,gx_median,0.05092907533785688,6.0,native_feature_importances
DIR_GradientBoosting_DirectionNoMagnitude_E2_WEDA_TO_WEDA,E2_WEDA_TO_WEDA,direction,ax_final_initial,0.048105818373984165,7.0,native_feature_importances
DIR_GradientBoosting_DirectionNoMagnitude_E2_WEDA_TO_WEDA,E2_WEDA_TO_WEDA,direction,gy_median,0.04596113540364243,8.0,native_feature_importances
DIR_GradientBoosting_DirectionNoMagnitude_E2_WEDA_TO_WEDA,E2_WEDA_TO_WEDA,direction,tilt_delta_mean,0.03779572280997429,9.0,native_feature_importances
DIR_GradientBoosting_DirectionNoMagnitude_E2_WEDA_TO_WEDA,E2_WEDA_TO_WEDA,direction,pitch_mean,0.025196920919304033,10.0,native_feature_importances
DIR_GradientBoosting_DirectionNoMagnitude_E2_WEDA_TO_WEDA,E2_WEDA_TO_WEDA,direction,pitch_final_initial,0.024542739466102713,11.0,native_feature_importances
DIR_GradientBoosting_DirectionNoMagnitude_E2_WEDA_TO_WEDA,E2_WEDA_TO_WEDA,direction,pitch_min,0.022529979262145516,12.0,native_feature_importances
DIR_GradientBoosting_DirectionNoMagnitude_E2_WEDA_TO_WEDA,E2_WEDA_TO_WEDA,direction,gx_std,0.02209712408421114,13.0,native_feature_importances
DIR_GradientBoosting_DirectionNoMagnitude_E2_WEDA_TO_WEDA,E2_WEDA_TO_WEDA,direction,az_min,0.02196018670133724,14.0,native_feature_importances
DIR_GradientBoosting_DirectionNoMagnitude_E2_WEDA_TO_WEDA,E2_WEDA_TO_WEDA,direction,gz_mean,0.020712333822182873,15.0,native_feature_importances
DIR_GradientBoosting_DirectionNoMagnitude_E2_WEDA_TO_WEDA,E2_WEDA_TO_WEDA,direction,az_mean,0.016383655332269112,16.0,native_feature_importances
DIR_GradientBoosting_DirectionNoMagnitude_E2_WEDA_TO_WEDA,E2_WEDA_TO_WEDA,direction,ay_mean,0.01583835627962289,17.0,native_feature_importances
DIR_GradientBoosting_DirectionNoMagnitude_E2_WEDA_TO_WEDA,E2_WEDA_TO_WEDA,direction,gy_final_initial,0.015569322566871964,18.0,native_feature_importances
DIR_GradientBoosting_DirectionNoMagnitude_E2_WEDA_TO_WEDA,E2_WEDA_TO_WEDA,direction,pre_gy_mean,0.014636216941137713,19.0,native_feature_importances
DIR_GradientBoosting_DirectionNoMagnitude_E2_WEDA_TO_WEDA,E2_WEDA_TO_WEDA,direction,gy_min,0.013952856050915416,20.0,native_feature_importances
DIR_GradientBoosting_DirectionNoMagnitude_E2_WEDA_TO_WEDA,E2_WEDA_TO_WEDA,direction,az_range,0.013165954081534488,21.0,native_feature_importances
DIR_GradientBoosting_DirectionNoMagnitude_E2_WEDA_TO_WEDA,E2_WEDA_TO_WEDA,direction,gx_max,0.013126377091616041,22.0,native_feature_importances
DIR_GradientBoosting_DirectionNoMagnitude_E2_WEDA_TO_WEDA,E2_WEDA_TO_WEDA,direction,ay_min,0.012686663068387356,23.0,native_feature_importances
DIR_GradientBoosting_DirectionNoMagnitude_E2_WEDA_TO_WEDA,E2_WEDA_TO_WEDA,direction,pre_az_mean,0.012559928036612987,24.0,native_feature_importances
DIR_GradientBoosting_DirectionNoMagnitude_E2_WEDA_TO_WEDA,E2_WEDA_TO_WEDA,direction,pre_gz_mean,0.01100203831763289,25.0,native_feature_importances
DIR_GradientBoosting_DirectionNoMagnitude_E2_WEDA_TO_WEDA,E2_WEDA_TO_WEDA,direction,pre_ax_mean,0.010151727266704345,26.0,native_feature_importances
DIR_GradientBoosting_DirectionNoMagnitude_E2_WEDA_TO_WEDA,E2_WEDA_TO_WEDA,direction,gx_range,0.00911373018430873,27.0,native_feature_importances
DIR_GradientBoosting_DirectionNoMagnitude_E2_WEDA_TO_WEDA,E2_WEDA_TO_WEDA,direction,az_max,0.00901071277834514,28.0,native_feature_importances
DIR_GradientBoosting_DirectionNoMagnitude_E2_WEDA_TO_WEDA,E2_WEDA_TO_WEDA,direction,pre_ay_mean,0.008992571347489658,29.0,native_feature_importances
DIR_GradientBoosting_DirectionNoMagnitude_E2_WEDA_TO_WEDA,E2_WEDA_TO_WEDA,direction,gz_max,0.008413549627891552,30.0,native_feature_importances
DIR_GradientBoosting_DirectionNoMagnitude_E3_BITS_WEDA_MIXED,E3_BITS_WEDA_MIXED,direction,ax_mean,0.11859981887148953,1.0,native_feature_importances
DIR_GradientBoosting_DirectionNoMagnitude_E3_BITS_WEDA_MIXED,E3_BITS_WEDA_MIXED,direction,gy_mean,0.07994198429295767,2.0,native_feature_importances
DIR_GradientBoosting_DirectionNoMagnitude_E3_BITS_WEDA_MIXED,E3_BITS_WEDA_MIXED,direction,delta_pitch_window,0.04085557615152391,3.0,native_feature_importances
DIR_GradientBoosting_DirectionNoMagnitude_E3_BITS_WEDA_MIXED,E3_BITS_WEDA_MIXED,direction,ax_min,0.03995506674066653,4.0,native_feature_importances
DIR_GradientBoosting_DirectionNoMagnitude_E3_BITS_WEDA_MIXED,E3_BITS_WEDA_MIXED,direction,ay_final_initial,0.03699330848447576,5.0,native_feature_importances
DIR_GradientBoosting_DirectionNoMagnitude_E3_BITS_WEDA_MIXED,E3_BITS_WEDA_MIXED,direction,gz_mean,0.03395647433933075,6.0,native_feature_importances
DIR_GradientBoosting_DirectionNoMagnitude_E3_BITS_WEDA_MIXED,E3_BITS_WEDA_MIXED,direction,az_min,0.03267606686445401,7.0,native_feature_importances
DIR_GradientBoosting_DirectionNoMagnitude_E3_BITS_WEDA_MIXED,E3_BITS_WEDA_MIXED,direction,pre_gy_mean,0.032293946910969186,8.0,native_feature_importances
DIR_GradientBoosting_DirectionNoMagnitude_E3_BITS_WEDA_MIXED,E3_BITS_WEDA_MIXED,direction,gx_median,0.03004660723432418,9.0,native_feature_importances
DIR_GradientBoosting_DirectionNoMagnitude_E3_BITS_WEDA_MIXED,E3_BITS_WEDA_MIXED,direction,gx_std,0.028671804559817344,10.0,native_feature_importances
DIR_GradientBoosting_DirectionNoMagnitude_E3_BITS_WEDA_MIXED,E3_BITS_WEDA_MIXED,direction,gy_median,0.028376638521247003,11.0,native_feature_importances
DIR_GradientBoosting_DirectionNoMagnitude_E3_BITS_WEDA_MIXED,E3_BITS_WEDA_MIXED,direction,ay_mean,0.027277138158793277,12.0,native_feature_importances
DIR_GradientBoosting_DirectionNoMagnitude_E3_BITS_WEDA_MIXED,E3_BITS_WEDA_MIXED,direction,tilt_delta_mean,0.02547042412100474,13.0,native_feature_importances
DIR_GradientBoosting_DirectionNoMagnitude_E3_BITS_WEDA_MIXED,E3_BITS_WEDA_MIXED,direction,ax_range,0.02489293479921866,14.0,native_feature_importances
DIR_GradientBoosting_DirectionNoMagnitude_E3_BITS_WEDA_MIXED,E3_BITS_WEDA_MIXED,direction,pitch_mean,0.02480811773650064,15.0,native_feature_importances
DIR_GradientBoosting_DirectionNoMagnitude_E3_BITS_WEDA_MIXED,E3_BITS_WEDA_MIXED,direction,gz_median,0.02460300459421046,16.0,native_feature_importances
DIR_GradientBoosting_DirectionNoMagnitude_E3_BITS_WEDA_MIXED,E3_BITS_WEDA_MIXED,direction,pre_gx_mean,0.023647316935472493,17.0,native_feature_importances
DIR_GradientBoosting_DirectionNoMagnitude_E3_BITS_WEDA_MIXED,E3_BITS_WEDA_MIXED,direction,roll_mean,0.02110933983297153,18.0,native_feature_importances
DIR_GradientBoosting_DirectionNoMagnitude_E3_BITS_WEDA_MIXED,E3_BITS_WEDA_MIXED,direction,ay_min,0.01871311497308479,19.0,native_feature_importances
DIR_GradientBoosting_DirectionNoMagnitude_E3_BITS_WEDA_MIXED,E3_BITS_WEDA_MIXED,direction,delta_roll_window,0.014971056148801542,20.0,native_feature_importances
DIR_GradientBoosting_DirectionNoMagnitude_E3_BITS_WEDA_MIXED,E3_BITS_WEDA_MIXED,direction,az_mean,0.014511171940111785,21.0,native_feature_importances
DIR_GradientBoosting_DirectionNoMagnitude_E3_BITS_WEDA_MIXED,E3_BITS_WEDA_MIXED,direction,pitch_max,0.013718067461664124,22.0,native_feature_importances
DIR_GradientBoosting_DirectionNoMagnitude_E3_BITS_WEDA_MIXED,E3_BITS_WEDA_MIXED,direction,pitch_final_initial,0.012781850761037631,23.0,native_feature_importances
DIR_GradientBoosting_DirectionNoMagnitude_E3_BITS_WEDA_MIXED,E3_BITS_WEDA_MIXED,direction,gz_std,0.01234989817900264,24.0,native_feature_importances
DIR_GradientBoosting_DirectionNoMagnitude_E3_BITS_WEDA_MIXED,E3_BITS_WEDA_MIXED,direction,gx_mean,0.012244163276564525,25.0,native_feature_importances
DIR_GradientBoosting_DirectionNoMagnitude_E3_BITS_WEDA_MIXED,E3_BITS_WEDA_MIXED,direction,pre_az_mean,0.01202450274785101,26.0,native_feature_importances
DIR_GradientBoosting_DirectionNoMagnitude_E3_BITS_WEDA_MIXED,E3_BITS_WEDA_MIXED,direction,gx_range,0.011790725751699083,27.0,native_feature_importances
DIR_GradientBoosting_DirectionNoMagnitude_E3_BITS_WEDA_MIXED,E3_BITS_WEDA_MIXED,direction,pre_ay_mean,0.011341251922026951,28.0,native_feature_importances
DIR_GradientBoosting_DirectionNoMagnitude_E3_BITS_WEDA_MIXED,E3_BITS_WEDA_MIXED,direction,pitch_min,0.010358865581699505,29.0,native_feature_importances
DIR_GradientBoosting_DirectionNoMagnitude_E3_BITS_WEDA_MIXED,E3_BITS_WEDA_MIXED,direction,gy_final_initial,0.010102453556636559,30.0,native_feature_importances
DIR_GradientBoosting_DirectionNoMagnitude_E4_BITS_TO_WEDA,E4_BITS_TO_WEDA,direction,ax_min,0.3091146872893265,1.0,native_feature_importances
DIR_GradientBoosting_DirectionNoMagnitude_E4_BITS_TO_WEDA,E4_BITS_TO_WEDA,direction,gz_mean,0.10093921436252278,2.0,native_feature_importances
DIR_GradientBoosting_DirectionNoMagnitude_E4_BITS_TO_WEDA,E4_BITS_TO_WEDA,direction,pitch_std,0.08131675627032986,3.0,native_feature_importances
DIR_GradientBoosting_DirectionNoMagnitude_E4_BITS_TO_WEDA,E4_BITS_TO_WEDA,direction,roll_final_initial,0.04859456575242153,4.0,native_feature_importances
DIR_GradientBoosting_DirectionNoMagnitude_E4_BITS_TO_WEDA,E4_BITS_TO_WEDA,direction,az_final_initial,0.039780903418204165,5.0,native_feature_importances
DIR_GradientBoosting_DirectionNoMagnitude_E4_BITS_TO_WEDA,E4_BITS_TO_WEDA,direction,ay_final_initial,0.029693058649472154,6.0,native_feature_importances
DIR_GradientBoosting_DirectionNoMagnitude_E4_BITS_TO_WEDA,E4_BITS_TO_WEDA,direction,az_range,0.02556213000931605,7.0,native_feature_importances
DIR_GradientBoosting_DirectionNoMagnitude_E4_BITS_TO_WEDA,E4_BITS_TO_WEDA,direction,gz_std,0.021609679399357932,8.0,native_feature_importances
DIR_GradientBoosting_DirectionNoMagnitude_E4_BITS_TO_WEDA,E4_BITS_TO_WEDA,direction,az_min,0.021479808850634642,9.0,native_feature_importances
DIR_GradientBoosting_DirectionNoMagnitude_E4_BITS_TO_WEDA,E4_BITS_TO_WEDA,direction,ay_min,0.018828069404386912,10.0,native_feature_importances
DIR_GradientBoosting_DirectionNoMagnitude_E4_BITS_TO_WEDA,E4_BITS_TO_WEDA,direction,gy_max,0.016791856767534637,11.0,native_feature_importances
DIR_GradientBoosting_DirectionNoMagnitude_E4_BITS_TO_WEDA,E4_BITS_TO_WEDA,direction,roll_min,0.014479562619461584,12.0,native_feature_importances
DIR_GradientBoosting_DirectionNoMagnitude_E4_BITS_TO_WEDA,E4_BITS_TO_WEDA,direction,gz_median,0.014449560816900353,13.0,native_feature_importances
DIR_GradientBoosting_DirectionNoMagnitude_E4_BITS_TO_WEDA,E4_BITS_TO_WEDA,direction,gx_final_initial,0.013951234566332082,14.0,native_feature_importances
DIR_GradientBoosting_DirectionNoMagnitude_E4_BITS_TO_WEDA,E4_BITS_TO_WEDA,direction,az_max,0.011522105007020268,15.0,native_feature_importances
DIR_GradientBoosting_DirectionNoMagnitude_E4_BITS_TO_WEDA,E4_BITS_TO_WEDA,direction,ay_mean,0.011506244381411002,16.0,native_feature_importances
DIR_GradientBoosting_DirectionNoMagnitude_E4_BITS_TO_WEDA,E4_BITS_TO_WEDA,direction,ax_final_initial,0.01147304645028325,17.0,native_feature_importances
DIR_GradientBoosting_DirectionNoMagnitude_E4_BITS_TO_WEDA,E4_BITS_TO_WEDA,direction,pre_gz_mean,0.010704166841368495,18.0,native_feature_importances
DIR_GradientBoosting_DirectionNoMagnitude_E4_BITS_TO_WEDA,E4_BITS_TO_WEDA,direction,gx_std,0.010680316263775573,19.0,native_feature_importances
DIR_GradientBoosting_DirectionNoMagnitude_E4_BITS_TO_WEDA,E4_BITS_TO_WEDA,direction,pitch_mean,0.01055177631132157,20.0,native_feature_importances
DIR_GradientBoosting_DirectionNoMagnitude_E4_BITS_TO_WEDA,E4_BITS_TO_WEDA,direction,delta_pitch_window,0.010422930524386136,21.0,native_feature_importances
DIR_GradientBoosting_DirectionNoMagnitude_E4_BITS_TO_WEDA,E4_BITS_TO_WEDA,direction,pre_gx_mean,0.009967067858159059,22.0,native_feature_importances
DIR_GradientBoosting_DirectionNoMagnitude_E4_BITS_TO_WEDA,E4_BITS_TO_WEDA,direction,tilt_delta_final,0.009872938997744852,23.0,native_feature_importances
DIR_GradientBoosting_DirectionNoMagnitude_E4_BITS_TO_WEDA,E4_BITS_TO_WEDA,direction,roll_mean,0.00985418786701649,24.0,native_feature_importances
DIR_GradientBoosting_DirectionNoMagnitude_E4_BITS_TO_WEDA,E4_BITS_TO_WEDA,direction,pre_gy_mean,0.008844062281960063,25.0,native_feature_importances
DIR_GradientBoosting_DirectionNoMagnitude_E4_BITS_TO_WEDA,E4_BITS_TO_WEDA,direction,ax_max,0.008716896118055859,26.0,native_feature_importances
DIR_GradientBoosting_DirectionNoMagnitude_E4_BITS_TO_WEDA,E4_BITS_TO_WEDA,direction,gx_min,0.008196807262942678,27.0,native_feature_importances
DIR_GradientBoosting_DirectionNoMagnitude_E4_BITS_TO_WEDA,E4_BITS_TO_WEDA,direction,gz_final_initial,0.00803511037751637,28.0,native_feature_importances
DIR_GradientBoosting_DirectionNoMagnitude_E4_BITS_TO_WEDA,E4_BITS_TO_WEDA,direction,ax_mean,0.008025262817620015,29.0,native_feature_importances
DIR_GradientBoosting_DirectionNoMagnitude_E4_BITS_TO_WEDA,E4_BITS_TO_WEDA,direction,gx_max,0.00742879969236138,30.0,native_feature_importances
DIR_GradientBoosting_DirectionNoMagnitude_E5_WEDA_TO_BITS,E5_WEDA_TO_BITS,direction,gy_mean,0.10358032702302859,1.0,native_feature_importances
DIR_GradientBoosting_DirectionNoMagnitude_E5_WEDA_TO_BITS,E5_WEDA_TO_BITS,direction,ax_mean,0.07090537491012158,2.0,native_feature_importances
DIR_GradientBoosting_DirectionNoMagnitude_E5_WEDA_TO_BITS,E5_WEDA_TO_BITS,direction,delta_pitch_window,0.07047436923443351,3.0,native_feature_importances
DIR_GradientBoosting_DirectionNoMagnitude_E5_WEDA_TO_BITS,E5_WEDA_TO_BITS,direction,ay_final_initial,0.0678111657361363,4.0,native_feature_importances
DIR_GradientBoosting_DirectionNoMagnitude_E5_WEDA_TO_BITS,E5_WEDA_TO_BITS,direction,pre_gx_mean,0.06018205324851095,5.0,native_feature_importances
DIR_GradientBoosting_DirectionNoMagnitude_E5_WEDA_TO_BITS,E5_WEDA_TO_BITS,direction,gx_median,0.05092907533785688,6.0,native_feature_importances
DIR_GradientBoosting_DirectionNoMagnitude_E5_WEDA_TO_BITS,E5_WEDA_TO_BITS,direction,ax_final_initial,0.048105818373984165,7.0,native_feature_importances
DIR_GradientBoosting_DirectionNoMagnitude_E5_WEDA_TO_BITS,E5_WEDA_TO_BITS,direction,gy_median,0.04596113540364243,8.0,native_feature_importances
DIR_GradientBoosting_DirectionNoMagnitude_E5_WEDA_TO_BITS,E5_WEDA_TO_BITS,direction,tilt_delta_mean,0.03779572280997429,9.0,native_feature_importances
DIR_GradientBoosting_DirectionNoMagnitude_E5_WEDA_TO_BITS,E5_WEDA_TO_BITS,direction,pitch_mean,0.025196920919304033,10.0,native_feature_importances
DIR_GradientBoosting_DirectionNoMagnitude_E5_WEDA_TO_BITS,E5_WEDA_TO_BITS,direction,pitch_final_initial,0.024542739466102713,11.0,native_feature_importances
DIR_GradientBoosting_DirectionNoMagnitude_E5_WEDA_TO_BITS,E5_WEDA_TO_BITS,direction,pitch_min,0.022529979262145516,12.0,native_feature_importances
DIR_GradientBoosting_DirectionNoMagnitude_E5_WEDA_TO_BITS,E5_WEDA_TO_BITS,direction,gx_std,0.02209712408421114,13.0,native_feature_importances
DIR_GradientBoosting_DirectionNoMagnitude_E5_WEDA_TO_BITS,E5_WEDA_TO_BITS,direction,az_min,0.02196018670133724,14.0,native_feature_importances
DIR_GradientBoosting_DirectionNoMagnitude_E5_WEDA_TO_BITS,E5_WEDA_TO_BITS,direction,gz_mean,0.020712333822182873,15.0,native_feature_importances
DIR_GradientBoosting_DirectionNoMagnitude_E5_WEDA_TO_BITS,E5_WEDA_TO_BITS,direction,az_mean,0.016383655332269112,16.0,native_feature_importances
DIR_GradientBoosting_DirectionNoMagnitude_E5_WEDA_TO_BITS,E5_WEDA_TO_BITS,direction,ay_mean,0.01583835627962289,17.0,native_feature_importances
DIR_GradientBoosting_DirectionNoMagnitude_E5_WEDA_TO_BITS,E5_WEDA_TO_BITS,direction,gy_final_initial,0.015569322566871964,18.0,native_feature_importances
DIR_GradientBoosting_DirectionNoMagnitude_E5_WEDA_TO_BITS,E5_WEDA_TO_BITS,direction,pre_gy_mean,0.014636216941137713,19.0,native_feature_importances
DIR_GradientBoosting_DirectionNoMagnitude_E5_WEDA_TO_BITS,E5_WEDA_TO_BITS,direction,gy_min,0.013952856050915416,20.0,native_feature_importances
DIR_GradientBoosting_DirectionNoMagnitude_E5_WEDA_TO_BITS,E5_WEDA_TO_BITS,direction,az_range,0.013165954081534488,21.0,native_feature_importances
DIR_GradientBoosting_DirectionNoMagnitude_E5_WEDA_TO_BITS,E5_WEDA_TO_BITS,direction,gx_max,0.013126377091616041,22.0,native_feature_importances
DIR_GradientBoosting_DirectionNoMagnitude_E5_WEDA_TO_BITS,E5_WEDA_TO_BITS,direction,ay_min,0.012686663068387356,23.0,native_feature_importances
DIR_GradientBoosting_DirectionNoMagnitude_E5_WEDA_TO_BITS,E5_WEDA_TO_BITS,direction,pre_az_mean,0.012559928036612987,24.0,native_feature_importances
DIR_GradientBoosting_DirectionNoMagnitude_E5_WEDA_TO_BITS,E5_WEDA_TO_BITS,direction,pre_gz_mean,0.01100203831763289,25.0,native_feature_importances
DIR_GradientBoosting_DirectionNoMagnitude_E5_WEDA_TO_BITS,E5_WEDA_TO_BITS,direction,pre_ax_mean,0.010151727266704345,26.0,native_feature_importances
DIR_GradientBoosting_DirectionNoMagnitude_E5_WEDA_TO_BITS,E5_WEDA_TO_BITS,direction,gx_range,0.00911373018430873,27.0,native_feature_importances
DIR_GradientBoosting_DirectionNoMagnitude_E5_WEDA_TO_BITS,E5_WEDA_TO_BITS,direction,az_max,0.00901071277834514,28.0,native_feature_importances
DIR_GradientBoosting_DirectionNoMagnitude_E5_WEDA_TO_BITS,E5_WEDA_TO_BITS,direction,pre_ay_mean,0.008992571347489658,29.0,native_feature_importances
DIR_GradientBoosting_DirectionNoMagnitude_E5_WEDA_TO_BITS,E5_WEDA_TO_BITS,direction,gz_max,0.008413549627891552,30.0,native_feature_importances
DIR_HistGradientBoosting_DirectionNoMagnitude_E1_BITS_TO_BITS,E1_BITS_TO_BITS,direction,,,,not_available_for_model
DIR_HistGradientBoosting_DirectionNoMagnitude_E2_WEDA_TO_WEDA,E2_WEDA_TO_WEDA,direction,,,,not_available_for_model
DIR_HistGradientBoosting_DirectionNoMagnitude_E3_BITS_WEDA_MIXED,E3_BITS_WEDA_MIXED,direction,,,,not_available_for_model
DIR_HistGradientBoosting_DirectionNoMagnitude_E4_BITS_TO_WEDA,E4_BITS_TO_WEDA,direction,,,,not_available_for_model
DIR_HistGradientBoosting_DirectionNoMagnitude_E5_WEDA_TO_BITS,E5_WEDA_TO_BITS,direction,,,,not_available_for_model
DIR_LogisticRegression_DirectionFullNoTiming_E1_BITS_TO_BITS,E1_BITS_TO_BITS,direction,gyro_mag_min,0.588031943890997,1.0,abs_linear_coef
DIR_LogisticRegression_DirectionFullNoTiming_E1_BITS_TO_BITS,E1_BITS_TO_BITS,direction,tilt_delta_final,0.524603918015564,2.0,abs_linear_coef
DIR_LogisticRegression_DirectionFullNoTiming_E1_BITS_TO_BITS,E1_BITS_TO_BITS,direction,pre_post_energy_ratio,0.4586279404355176,3.0,abs_linear_coef
DIR_LogisticRegression_DirectionFullNoTiming_E1_BITS_TO_BITS,E1_BITS_TO_BITS,direction,roll_iqr,0.39720360531598553,4.0,abs_linear_coef
DIR_LogisticRegression_DirectionFullNoTiming_E1_BITS_TO_BITS,E1_BITS_TO_BITS,direction,ax_std,0.3544979796214592,5.0,abs_linear_coef
DIR_LogisticRegression_DirectionFullNoTiming_E1_BITS_TO_BITS,E1_BITS_TO_BITS,direction,ax_iqr,0.3444526447091627,6.0,abs_linear_coef
DIR_LogisticRegression_DirectionFullNoTiming_E1_BITS_TO_BITS,E1_BITS_TO_BITS,direction,peak_signed_ay,0.33566384470770466,7.0,abs_linear_coef
DIR_LogisticRegression_DirectionFullNoTiming_E1_BITS_TO_BITS,E1_BITS_TO_BITS,direction,pre_gz_mean,0.3249147998316946,8.0,abs_linear_coef
DIR_LogisticRegression_DirectionFullNoTiming_E1_BITS_TO_BITS,E1_BITS_TO_BITS,direction,pitch_iqr,0.31203041716814833,9.0,abs_linear_coef
DIR_LogisticRegression_DirectionFullNoTiming_E1_BITS_TO_BITS,E1_BITS_TO_BITS,direction,pitch_max,0.30435028523987706,10.0,abs_linear_coef
DIR_LogisticRegression_DirectionFullNoTiming_E1_BITS_TO_BITS,E1_BITS_TO_BITS,direction,gz_median,0.30207946492987386,11.0,abs_linear_coef
DIR_LogisticRegression_DirectionFullNoTiming_E1_BITS_TO_BITS,E1_BITS_TO_BITS,direction,ax_min,0.3013826701842754,12.0,abs_linear_coef
DIR_LogisticRegression_DirectionFullNoTiming_E1_BITS_TO_BITS,E1_BITS_TO_BITS,direction,peak_signed_az,0.2984673631628038,13.0,abs_linear_coef
DIR_LogisticRegression_DirectionFullNoTiming_E1_BITS_TO_BITS,E1_BITS_TO_BITS,direction,post_ay_mean,0.2913994210449371,14.0,abs_linear_coef
DIR_LogisticRegression_DirectionFullNoTiming_E1_BITS_TO_BITS,E1_BITS_TO_BITS,direction,pre_impact_energy,0.28520067015291967,15.0,abs_linear_coef
DIR_LogisticRegression_DirectionFullNoTiming_E1_BITS_TO_BITS,E1_BITS_TO_BITS,direction,peak_signed_gy,0.2821794845528159,16.0,abs_linear_coef
DIR_LogisticRegression_DirectionFullNoTiming_E1_BITS_TO_BITS,E1_BITS_TO_BITS,direction,gz_std,0.2805192256082711,17.0,abs_linear_coef
DIR_LogisticRegression_DirectionFullNoTiming_E1_BITS_TO_BITS,E1_BITS_TO_BITS,direction,jerk_p95,0.2798571754453862,18.0,abs_linear_coef
DIR_LogisticRegression_DirectionFullNoTiming_E1_BITS_TO_BITS,E1_BITS_TO_BITS,direction,pre_ax_mean,0.2796773424762678,19.0,abs_linear_coef
DIR_LogisticRegression_DirectionFullNoTiming_E1_BITS_TO_BITS,E1_BITS_TO_BITS,direction,gx_final_initial,0.2652916533993754,20.0,abs_linear_coef
DIR_LogisticRegression_DirectionFullNoTiming_E1_BITS_TO_BITS,E1_BITS_TO_BITS,direction,gyro_mag_iqr,0.26255130147242894,21.0,abs_linear_coef
DIR_LogisticRegression_DirectionFullNoTiming_E1_BITS_TO_BITS,E1_BITS_TO_BITS,direction,ay_median,0.26075081554131274,22.0,abs_linear_coef
DIR_LogisticRegression_DirectionFullNoTiming_E1_BITS_TO_BITS,E1_BITS_TO_BITS,direction,pre_gyro_mag_std,0.2490333499024924,23.0,abs_linear_coef
DIR_LogisticRegression_DirectionFullNoTiming_E1_BITS_TO_BITS,E1_BITS_TO_BITS,direction,gyro_mag_p95,0.247372848816789,24.0,abs_linear_coef
DIR_LogisticRegression_DirectionFullNoTiming_E1_BITS_TO_BITS,E1_BITS_TO_BITS,direction,roll_std,0.24702351932864278,25.0,abs_linear_coef
DIR_LogisticRegression_DirectionFullNoTiming_E1_BITS_TO_BITS,E1_BITS_TO_BITS,direction,post_az_mean,0.24677794053195964,26.0,abs_linear_coef
DIR_LogisticRegression_DirectionFullNoTiming_E1_BITS_TO_BITS,E1_BITS_TO_BITS,direction,roll_max,0.24394103573740886,27.0,abs_linear_coef
DIR_LogisticRegression_DirectionFullNoTiming_E1_BITS_TO_BITS,E1_BITS_TO_BITS,direction,pitch_final_initial,0.24312839905924455,28.0,abs_linear_coef
DIR_LogisticRegression_DirectionFullNoTiming_E1_BITS_TO_BITS,E1_BITS_TO_BITS,direction,pitch_min,0.23992275309014358,29.0,abs_linear_coef
DIR_LogisticRegression_DirectionFullNoTiming_E1_BITS_TO_BITS,E1_BITS_TO_BITS,direction,tilt_delta_max,0.23005528217710347,30.0,abs_linear_coef
DIR_LogisticRegression_DirectionFullNoTiming_E2_WEDA_TO_WEDA,E2_WEDA_TO_WEDA,direction,gy_median,0.7774765765234686,1.0,abs_linear_coef
DIR_LogisticRegression_DirectionFullNoTiming_E2_WEDA_TO_WEDA,E2_WEDA_TO_WEDA,direction,pre_az_mean,0.643826747017921,2.0,abs_linear_coef
DIR_LogisticRegression_DirectionFullNoTiming_E2_WEDA_TO_WEDA,E2_WEDA_TO_WEDA,direction,gy_std,0.6325523868172462,3.0,abs_linear_coef
DIR_LogisticRegression_DirectionFullNoTiming_E2_WEDA_TO_WEDA,E2_WEDA_TO_WEDA,direction,pitch_std,0.6224210867428926,4.0,abs_linear_coef
DIR_LogisticRegression_DirectionFullNoTiming_E2_WEDA_TO_WEDA,E2_WEDA_TO_WEDA,direction,az_std,0.5982269970164985,5.0,abs_linear_coef
DIR_LogisticRegression_DirectionFullNoTiming_E2_WEDA_TO_WEDA,E2_WEDA_TO_WEDA,direction,jerk_iqr,0.5977184173795411,6.0,abs_linear_coef
DIR_LogisticRegression_DirectionFullNoTiming_E2_WEDA_TO_WEDA,E2_WEDA_TO_WEDA,direction,post_gy_mean,0.5968737198144679,7.0,abs_linear_coef
DIR_LogisticRegression_DirectionFullNoTiming_E2_WEDA_TO_WEDA,E2_WEDA_TO_WEDA,direction,gy_iqr,0.5888020008492857,8.0,abs_linear_coef
DIR_LogisticRegression_DirectionFullNoTiming_E2_WEDA_TO_WEDA,E2_WEDA_TO_WEDA,direction,pre_ay_mean,0.5298919445105592,9.0,abs_linear_coef
DIR_LogisticRegression_DirectionFullNoTiming_E2_WEDA_TO_WEDA,E2_WEDA_TO_WEDA,direction,az_iqr,0.5155146041784568,10.0,abs_linear_coef
DIR_LogisticRegression_DirectionFullNoTiming_E2_WEDA_TO_WEDA,E2_WEDA_TO_WEDA,direction,pitch_iqr,0.5075542847199731,11.0,abs_linear_coef
DIR_LogisticRegression_DirectionFullNoTiming_E2_WEDA_TO_WEDA,E2_WEDA_TO_WEDA,direction,az_max,0.5062394236163502,12.0,abs_linear_coef
DIR_LogisticRegression_DirectionFullNoTiming_E2_WEDA_TO_WEDA,E2_WEDA_TO_WEDA,direction,ay_iqr,0.5013403840388014,13.0,abs_linear_coef
DIR_LogisticRegression_DirectionFullNoTiming_E2_WEDA_TO_WEDA,E2_WEDA_TO_WEDA,direction,gx_max,0.49910101260961376,14.0,abs_linear_coef
DIR_LogisticRegression_DirectionFullNoTiming_E2_WEDA_TO_WEDA,E2_WEDA_TO_WEDA,direction,ay_final_initial,0.49037516726837854,15.0,abs_linear_coef
DIR_LogisticRegression_DirectionFullNoTiming_E2_WEDA_TO_WEDA,E2_WEDA_TO_WEDA,direction,post_ay_mean,0.4831256928736917,16.0,abs_linear_coef
DIR_LogisticRegression_DirectionFullNoTiming_E2_WEDA_TO_WEDA,E2_WEDA_TO_WEDA,direction,roll_median,0.4793220682326793,17.0,abs_linear_coef
DIR_LogisticRegression_DirectionFullNoTiming_E2_WEDA_TO_WEDA,E2_WEDA_TO_WEDA,direction,pre_gy_mean,0.47284889924156354,18.0,abs_linear_coef
DIR_LogisticRegression_DirectionFullNoTiming_E2_WEDA_TO_WEDA,E2_WEDA_TO_WEDA,direction,post_gx_mean,0.46311271431158296,19.0,abs_linear_coef
DIR_LogisticRegression_DirectionFullNoTiming_E2_WEDA_TO_WEDA,E2_WEDA_TO_WEDA,direction,ay_min,0.4319015931739984,20.0,abs_linear_coef
DIR_LogisticRegression_DirectionFullNoTiming_E2_WEDA_TO_WEDA,E2_WEDA_TO_WEDA,direction,ay_max,0.4268129989150859,21.0,abs_linear_coef
DIR_LogisticRegression_DirectionFullNoTiming_E2_WEDA_TO_WEDA,E2_WEDA_TO_WEDA,direction,post_ax_mean,0.420451531236463,22.0,abs_linear_coef
DIR_LogisticRegression_DirectionFullNoTiming_E2_WEDA_TO_WEDA,E2_WEDA_TO_WEDA,direction,pre_roll_mean,0.4127992131280598,23.0,abs_linear_coef
DIR_LogisticRegression_DirectionFullNoTiming_E2_WEDA_TO_WEDA,E2_WEDA_TO_WEDA,direction,gz_iqr,0.41125939795573346,24.0,abs_linear_coef
DIR_LogisticRegression_DirectionFullNoTiming_E2_WEDA_TO_WEDA,E2_WEDA_TO_WEDA,direction,ax_std,0.4077878061558977,25.0,abs_linear_coef
DIR_LogisticRegression_DirectionFullNoTiming_E2_WEDA_TO_WEDA,E2_WEDA_TO_WEDA,direction,acc_mag_p95,0.4063784437400015,26.0,abs_linear_coef
DIR_LogisticRegression_DirectionFullNoTiming_E2_WEDA_TO_WEDA,E2_WEDA_TO_WEDA,direction,peak_signed_gy,0.39704999031053984,27.0,abs_linear_coef
DIR_LogisticRegression_DirectionFullNoTiming_E2_WEDA_TO_WEDA,E2_WEDA_TO_WEDA,direction,az_median,0.3916457663847381,28.0,abs_linear_coef
DIR_LogisticRegression_DirectionFullNoTiming_E2_WEDA_TO_WEDA,E2_WEDA_TO_WEDA,direction,tilt_delta_max,0.39119826033701804,29.0,abs_linear_coef
DIR_LogisticRegression_DirectionFullNoTiming_E2_WEDA_TO_WEDA,E2_WEDA_TO_WEDA,direction,ay_median,0.37123443682045787,30.0,abs_linear_coef
DIR_LogisticRegression_DirectionFullNoTiming_E3_BITS_WEDA_MIXED,E3_BITS_WEDA_MIXED,direction,az_iqr,0.9042060953653802,1.0,abs_linear_coef
DIR_LogisticRegression_DirectionFullNoTiming_E3_BITS_WEDA_MIXED,E3_BITS_WEDA_MIXED,direction,az_std,0.8861743481239669,2.0,abs_linear_coef
DIR_LogisticRegression_DirectionFullNoTiming_E3_BITS_WEDA_MIXED,E3_BITS_WEDA_MIXED,direction,gyro_mag_p95,0.7002588242054427,3.0,abs_linear_coef
DIR_LogisticRegression_DirectionFullNoTiming_E3_BITS_WEDA_MIXED,E3_BITS_WEDA_MIXED,direction,gy_median,0.6644672661840708,4.0,abs_linear_coef
DIR_LogisticRegression_DirectionFullNoTiming_E3_BITS_WEDA_MIXED,E3_BITS_WEDA_MIXED,direction,gx_median,0.659324313501906,5.0,abs_linear_coef
DIR_LogisticRegression_DirectionFullNoTiming_E3_BITS_WEDA_MIXED,E3_BITS_WEDA_MIXED,direction,gx_std,0.6118605400448005,6.0,abs_linear_coef
DIR_LogisticRegression_DirectionFullNoTiming_E3_BITS_WEDA_MIXED,E3_BITS_WEDA_MIXED,direction,post_ax_mean,0.6075945048711976,7.0,abs_linear_coef
DIR_LogisticRegression_DirectionFullNoTiming_E3_BITS_WEDA_MIXED,E3_BITS_WEDA_MIXED,direction,gyro_mag_mean,0.5899331217625492,8.0,abs_linear_coef
DIR_LogisticRegression_DirectionFullNoTiming_E3_BITS_WEDA_MIXED,E3_BITS_WEDA_MIXED,direction,jerk_iqr,0.5704193398168615,9.0,abs_linear_coef
DIR_LogisticRegression_DirectionFullNoTiming_E3_BITS_WEDA_MIXED,E3_BITS_WEDA_MIXED,direction,gx_iqr,0.5454847613469435,10.0,abs_linear_coef
DIR_LogisticRegression_DirectionFullNoTiming_E3_BITS_WEDA_MIXED,E3_BITS_WEDA_MIXED,direction,roll_median,0.534787344966147,11.0,abs_linear_coef
DIR_LogisticRegression_DirectionFullNoTiming_E3_BITS_WEDA_MIXED,E3_BITS_WEDA_MIXED,direction,pre_ay_mean,0.5085440420171542,12.0,abs_linear_coef
DIR_LogisticRegression_DirectionFullNoTiming_E3_BITS_WEDA_MIXED,E3_BITS_WEDA_MIXED,direction,post_gy_mean,0.5084908782369784,13.0,abs_linear_coef
DIR_LogisticRegression_DirectionFullNoTiming_E3_BITS_WEDA_MIXED,E3_BITS_WEDA_MIXED,direction,post_ay_mean,0.5079177565189549,14.0,abs_linear_coef
DIR_LogisticRegression_DirectionFullNoTiming_E3_BITS_WEDA_MIXED,E3_BITS_WEDA_MIXED,direction,gy_iqr,0.5007584874850405,15.0,abs_linear_coef
DIR_LogisticRegression_DirectionFullNoTiming_E3_BITS_WEDA_MIXED,E3_BITS_WEDA_MIXED,direction,pre_gy_mean,0.4963009506064841,16.0,abs_linear_coef
DIR_LogisticRegression_DirectionFullNoTiming_E3_BITS_WEDA_MIXED,E3_BITS_WEDA_MIXED,direction,gx_max,0.4952182011315846,17.0,abs_linear_coef
DIR_LogisticRegression_DirectionFullNoTiming_E3_BITS_WEDA_MIXED,E3_BITS_WEDA_MIXED,direction,post_az_mean,0.4847106443659907,18.0,abs_linear_coef
DIR_LogisticRegression_DirectionFullNoTiming_E3_BITS_WEDA_MIXED,E3_BITS_WEDA_MIXED,direction,gz_iqr,0.4731185189403446,19.0,abs_linear_coef
DIR_LogisticRegression_DirectionFullNoTiming_E3_BITS_WEDA_MIXED,E3_BITS_WEDA_MIXED,direction,pre_post_energy_ratio,0.4658002114873893,20.0,abs_linear_coef
DIR_LogisticRegression_DirectionFullNoTiming_E3_BITS_WEDA_MIXED,E3_BITS_WEDA_MIXED,direction,pitch_final_initial,0.46415496579494525,21.0,abs_linear_coef
DIR_LogisticRegression_DirectionFullNoTiming_E3_BITS_WEDA_MIXED,E3_BITS_WEDA_MIXED,direction,tilt_delta_max,0.4617670292859624,22.0,abs_linear_coef
DIR_LogisticRegression_DirectionFullNoTiming_E3_BITS_WEDA_MIXED,E3_BITS_WEDA_MIXED,direction,pitch_iqr,0.44636348548782606,23.0,abs_linear_coef
DIR_LogisticRegression_DirectionFullNoTiming_E3_BITS_WEDA_MIXED,E3_BITS_WEDA_MIXED,direction,gy_std,0.4443332458914461,24.0,abs_linear_coef
DIR_LogisticRegression_DirectionFullNoTiming_E3_BITS_WEDA_MIXED,E3_BITS_WEDA_MIXED,direction,ay_max,0.4397001210965778,25.0,abs_linear_coef
DIR_LogisticRegression_DirectionFullNoTiming_E3_BITS_WEDA_MIXED,E3_BITS_WEDA_MIXED,direction,pre_gx_mean,0.43263008108746054,26.0,abs_linear_coef
DIR_LogisticRegression_DirectionFullNoTiming_E3_BITS_WEDA_MIXED,E3_BITS_WEDA_MIXED,direction,ax_std,0.42227834833822175,27.0,abs_linear_coef
DIR_LogisticRegression_DirectionFullNoTiming_E3_BITS_WEDA_MIXED,E3_BITS_WEDA_MIXED,direction,post_acc_mag_std,0.41829486570190433,28.0,abs_linear_coef
DIR_LogisticRegression_DirectionFullNoTiming_E3_BITS_WEDA_MIXED,E3_BITS_WEDA_MIXED,direction,post_impact_energy,0.4074850628846533,29.0,abs_linear_coef
DIR_LogisticRegression_DirectionFullNoTiming_E3_BITS_WEDA_MIXED,E3_BITS_WEDA_MIXED,direction,pitch_std,0.40666691854259773,30.0,abs_linear_coef
DIR_LogisticRegression_DirectionFullNoTiming_E4_BITS_TO_WEDA,E4_BITS_TO_WEDA,direction,gyro_mag_min,0.588031943890997,1.0,abs_linear_coef
DIR_LogisticRegression_DirectionFullNoTiming_E4_BITS_TO_WEDA,E4_BITS_TO_WEDA,direction,tilt_delta_final,0.524603918015564,2.0,abs_linear_coef
DIR_LogisticRegression_DirectionFullNoTiming_E4_BITS_TO_WEDA,E4_BITS_TO_WEDA,direction,pre_post_energy_ratio,0.4586279404355176,3.0,abs_linear_coef
DIR_LogisticRegression_DirectionFullNoTiming_E4_BITS_TO_WEDA,E4_BITS_TO_WEDA,direction,roll_iqr,0.39720360531598553,4.0,abs_linear_coef
DIR_LogisticRegression_DirectionFullNoTiming_E4_BITS_TO_WEDA,E4_BITS_TO_WEDA,direction,ax_std,0.3544979796214592,5.0,abs_linear_coef
DIR_LogisticRegression_DirectionFullNoTiming_E4_BITS_TO_WEDA,E4_BITS_TO_WEDA,direction,ax_iqr,0.3444526447091627,6.0,abs_linear_coef
DIR_LogisticRegression_DirectionFullNoTiming_E4_BITS_TO_WEDA,E4_BITS_TO_WEDA,direction,peak_signed_ay,0.33566384470770466,7.0,abs_linear_coef
DIR_LogisticRegression_DirectionFullNoTiming_E4_BITS_TO_WEDA,E4_BITS_TO_WEDA,direction,pre_gz_mean,0.3249147998316946,8.0,abs_linear_coef
DIR_LogisticRegression_DirectionFullNoTiming_E4_BITS_TO_WEDA,E4_BITS_TO_WEDA,direction,pitch_iqr,0.31203041716814833,9.0,abs_linear_coef
DIR_LogisticRegression_DirectionFullNoTiming_E4_BITS_TO_WEDA,E4_BITS_TO_WEDA,direction,pitch_max,0.30435028523987706,10.0,abs_linear_coef
DIR_LogisticRegression_DirectionFullNoTiming_E4_BITS_TO_WEDA,E4_BITS_TO_WEDA,direction,gz_median,0.30207946492987386,11.0,abs_linear_coef
DIR_LogisticRegression_DirectionFullNoTiming_E4_BITS_TO_WEDA,E4_BITS_TO_WEDA,direction,ax_min,0.3013826701842754,12.0,abs_linear_coef
DIR_LogisticRegression_DirectionFullNoTiming_E4_BITS_TO_WEDA,E4_BITS_TO_WEDA,direction,peak_signed_az,0.2984673631628038,13.0,abs_linear_coef
DIR_LogisticRegression_DirectionFullNoTiming_E4_BITS_TO_WEDA,E4_BITS_TO_WEDA,direction,post_ay_mean,0.2913994210449371,14.0,abs_linear_coef
DIR_LogisticRegression_DirectionFullNoTiming_E4_BITS_TO_WEDA,E4_BITS_TO_WEDA,direction,pre_impact_energy,0.28520067015291967,15.0,abs_linear_coef
DIR_LogisticRegression_DirectionFullNoTiming_E4_BITS_TO_WEDA,E4_BITS_TO_WEDA,direction,peak_signed_gy,0.2821794845528159,16.0,abs_linear_coef
DIR_LogisticRegression_DirectionFullNoTiming_E4_BITS_TO_WEDA,E4_BITS_TO_WEDA,direction,gz_std,0.2805192256082711,17.0,abs_linear_coef
DIR_LogisticRegression_DirectionFullNoTiming_E4_BITS_TO_WEDA,E4_BITS_TO_WEDA,direction,jerk_p95,0.2798571754453862,18.0,abs_linear_coef
DIR_LogisticRegression_DirectionFullNoTiming_E4_BITS_TO_WEDA,E4_BITS_TO_WEDA,direction,pre_ax_mean,0.2796773424762678,19.0,abs_linear_coef
DIR_LogisticRegression_DirectionFullNoTiming_E4_BITS_TO_WEDA,E4_BITS_TO_WEDA,direction,gx_final_initial,0.2652916533993754,20.0,abs_linear_coef
DIR_LogisticRegression_DirectionFullNoTiming_E4_BITS_TO_WEDA,E4_BITS_TO_WEDA,direction,gyro_mag_iqr,0.26255130147242894,21.0,abs_linear_coef
DIR_LogisticRegression_DirectionFullNoTiming_E4_BITS_TO_WEDA,E4_BITS_TO_WEDA,direction,ay_median,0.26075081554131274,22.0,abs_linear_coef
DIR_LogisticRegression_DirectionFullNoTiming_E4_BITS_TO_WEDA,E4_BITS_TO_WEDA,direction,pre_gyro_mag_std,0.2490333499024924,23.0,abs_linear_coef
DIR_LogisticRegression_DirectionFullNoTiming_E4_BITS_TO_WEDA,E4_BITS_TO_WEDA,direction,gyro_mag_p95,0.247372848816789,24.0,abs_linear_coef
DIR_LogisticRegression_DirectionFullNoTiming_E4_BITS_TO_WEDA,E4_BITS_TO_WEDA,direction,roll_std,0.24702351932864278,25.0,abs_linear_coef
DIR_LogisticRegression_DirectionFullNoTiming_E4_BITS_TO_WEDA,E4_BITS_TO_WEDA,direction,post_az_mean,0.24677794053195964,26.0,abs_linear_coef
DIR_LogisticRegression_DirectionFullNoTiming_E4_BITS_TO_WEDA,E4_BITS_TO_WEDA,direction,roll_max,0.24394103573740886,27.0,abs_linear_coef
DIR_LogisticRegression_DirectionFullNoTiming_E4_BITS_TO_WEDA,E4_BITS_TO_WEDA,direction,pitch_final_initial,0.24312839905924455,28.0,abs_linear_coef
DIR_LogisticRegression_DirectionFullNoTiming_E4_BITS_TO_WEDA,E4_BITS_TO_WEDA,direction,pitch_min,0.23992275309014358,29.0,abs_linear_coef
DIR_LogisticRegression_DirectionFullNoTiming_E4_BITS_TO_WEDA,E4_BITS_TO_WEDA,direction,tilt_delta_max,0.23005528217710347,30.0,abs_linear_coef
DIR_LogisticRegression_DirectionFullNoTiming_E5_WEDA_TO_BITS,E5_WEDA_TO_BITS,direction,gy_median,0.7774765765234686,1.0,abs_linear_coef
DIR_LogisticRegression_DirectionFullNoTiming_E5_WEDA_TO_BITS,E5_WEDA_TO_BITS,direction,pre_az_mean,0.643826747017921,2.0,abs_linear_coef
DIR_LogisticRegression_DirectionFullNoTiming_E5_WEDA_TO_BITS,E5_WEDA_TO_BITS,direction,gy_std,0.6325523868172462,3.0,abs_linear_coef
DIR_LogisticRegression_DirectionFullNoTiming_E5_WEDA_TO_BITS,E5_WEDA_TO_BITS,direction,pitch_std,0.6224210867428926,4.0,abs_linear_coef
DIR_LogisticRegression_DirectionFullNoTiming_E5_WEDA_TO_BITS,E5_WEDA_TO_BITS,direction,az_std,0.5982269970164985,5.0,abs_linear_coef
DIR_LogisticRegression_DirectionFullNoTiming_E5_WEDA_TO_BITS,E5_WEDA_TO_BITS,direction,jerk_iqr,0.5977184173795411,6.0,abs_linear_coef
DIR_LogisticRegression_DirectionFullNoTiming_E5_WEDA_TO_BITS,E5_WEDA_TO_BITS,direction,post_gy_mean,0.5968737198144679,7.0,abs_linear_coef
DIR_LogisticRegression_DirectionFullNoTiming_E5_WEDA_TO_BITS,E5_WEDA_TO_BITS,direction,gy_iqr,0.5888020008492857,8.0,abs_linear_coef
DIR_LogisticRegression_DirectionFullNoTiming_E5_WEDA_TO_BITS,E5_WEDA_TO_BITS,direction,pre_ay_mean,0.5298919445105592,9.0,abs_linear_coef
DIR_LogisticRegression_DirectionFullNoTiming_E5_WEDA_TO_BITS,E5_WEDA_TO_BITS,direction,az_iqr,0.5155146041784568,10.0,abs_linear_coef
DIR_LogisticRegression_DirectionFullNoTiming_E5_WEDA_TO_BITS,E5_WEDA_TO_BITS,direction,pitch_iqr,0.5075542847199731,11.0,abs_linear_coef
DIR_LogisticRegression_DirectionFullNoTiming_E5_WEDA_TO_BITS,E5_WEDA_TO_BITS,direction,az_max,0.5062394236163502,12.0,abs_linear_coef
DIR_LogisticRegression_DirectionFullNoTiming_E5_WEDA_TO_BITS,E5_WEDA_TO_BITS,direction,ay_iqr,0.5013403840388014,13.0,abs_linear_coef
DIR_LogisticRegression_DirectionFullNoTiming_E5_WEDA_TO_BITS,E5_WEDA_TO_BITS,direction,gx_max,0.49910101260961376,14.0,abs_linear_coef
DIR_LogisticRegression_DirectionFullNoTiming_E5_WEDA_TO_BITS,E5_WEDA_TO_BITS,direction,ay_final_initial,0.49037516726837854,15.0,abs_linear_coef
DIR_LogisticRegression_DirectionFullNoTiming_E5_WEDA_TO_BITS,E5_WEDA_TO_BITS,direction,post_ay_mean,0.4831256928736917,16.0,abs_linear_coef
DIR_LogisticRegression_DirectionFullNoTiming_E5_WEDA_TO_BITS,E5_WEDA_TO_BITS,direction,roll_median,0.4793220682326793,17.0,abs_linear_coef
DIR_LogisticRegression_DirectionFullNoTiming_E5_WEDA_TO_BITS,E5_WEDA_TO_BITS,direction,pre_gy_mean,0.47284889924156354,18.0,abs_linear_coef
DIR_LogisticRegression_DirectionFullNoTiming_E5_WEDA_TO_BITS,E5_WEDA_TO_BITS,direction,post_gx_mean,0.46311271431158296,19.0,abs_linear_coef
DIR_LogisticRegression_DirectionFullNoTiming_E5_WEDA_TO_BITS,E5_WEDA_TO_BITS,direction,ay_min,0.4319015931739984,20.0,abs_linear_coef
DIR_LogisticRegression_DirectionFullNoTiming_E5_WEDA_TO_BITS,E5_WEDA_TO_BITS,direction,ay_max,0.4268129989150859,21.0,abs_linear_coef
DIR_LogisticRegression_DirectionFullNoTiming_E5_WEDA_TO_BITS,E5_WEDA_TO_BITS,direction,post_ax_mean,0.420451531236463,22.0,abs_linear_coef
DIR_LogisticRegression_DirectionFullNoTiming_E5_WEDA_TO_BITS,E5_WEDA_TO_BITS,direction,pre_roll_mean,0.4127992131280598,23.0,abs_linear_coef
DIR_LogisticRegression_DirectionFullNoTiming_E5_WEDA_TO_BITS,E5_WEDA_TO_BITS,direction,gz_iqr,0.41125939795573346,24.0,abs_linear_coef
DIR_LogisticRegression_DirectionFullNoTiming_E5_WEDA_TO_BITS,E5_WEDA_TO_BITS,direction,ax_std,0.4077878061558977,25.0,abs_linear_coef
DIR_LogisticRegression_DirectionFullNoTiming_E5_WEDA_TO_BITS,E5_WEDA_TO_BITS,direction,acc_mag_p95,0.4063784437400015,26.0,abs_linear_coef
DIR_LogisticRegression_DirectionFullNoTiming_E5_WEDA_TO_BITS,E5_WEDA_TO_BITS,direction,peak_signed_gy,0.39704999031053984,27.0,abs_linear_coef
DIR_LogisticRegression_DirectionFullNoTiming_E5_WEDA_TO_BITS,E5_WEDA_TO_BITS,direction,az_median,0.3916457663847381,28.0,abs_linear_coef
DIR_LogisticRegression_DirectionFullNoTiming_E5_WEDA_TO_BITS,E5_WEDA_TO_BITS,direction,tilt_delta_max,0.39119826033701804,29.0,abs_linear_coef
DIR_LogisticRegression_DirectionFullNoTiming_E5_WEDA_TO_BITS,E5_WEDA_TO_BITS,direction,ay_median,0.37123443682045787,30.0,abs_linear_coef
DIR_LinearSVM_DirectionFullNoTiming_E1_BITS_TO_BITS,E1_BITS_TO_BITS,direction,peak_signed_ay,0.5459368737546081,1.0,abs_linear_coef
DIR_LinearSVM_DirectionFullNoTiming_E1_BITS_TO_BITS,E1_BITS_TO_BITS,direction,ax_std,0.5387167765724608,2.0,abs_linear_coef
DIR_LinearSVM_DirectionFullNoTiming_E1_BITS_TO_BITS,E1_BITS_TO_BITS,direction,pitch_max,0.47256600953486644,3.0,abs_linear_coef
DIR_LinearSVM_DirectionFullNoTiming_E1_BITS_TO_BITS,E1_BITS_TO_BITS,direction,pre_post_energy_ratio,0.4557194705864427,4.0,abs_linear_coef
DIR_LinearSVM_DirectionFullNoTiming_E1_BITS_TO_BITS,E1_BITS_TO_BITS,direction,ay_median,0.4410147126186222,5.0,abs_linear_coef
DIR_LinearSVM_DirectionFullNoTiming_E1_BITS_TO_BITS,E1_BITS_TO_BITS,direction,roll_median,0.4178892303808511,6.0,abs_linear_coef
DIR_LinearSVM_DirectionFullNoTiming_E1_BITS_TO_BITS,E1_BITS_TO_BITS,direction,gyro_mag_p95,0.4148169548465042,7.0,abs_linear_coef
DIR_LinearSVM_DirectionFullNoTiming_E1_BITS_TO_BITS,E1_BITS_TO_BITS,direction,tilt_delta_max,0.4070058117086643,8.0,abs_linear_coef
DIR_LinearSVM_DirectionFullNoTiming_E1_BITS_TO_BITS,E1_BITS_TO_BITS,direction,roll_iqr,0.40597704682563096,9.0,abs_linear_coef
DIR_LinearSVM_DirectionFullNoTiming_E1_BITS_TO_BITS,E1_BITS_TO_BITS,direction,gyro_mag_min,0.40339620025895934,10.0,abs_linear_coef
DIR_LinearSVM_DirectionFullNoTiming_E1_BITS_TO_BITS,E1_BITS_TO_BITS,direction,az_iqr,0.39669098472311304,11.0,abs_linear_coef
DIR_LinearSVM_DirectionFullNoTiming_E1_BITS_TO_BITS,E1_BITS_TO_BITS,direction,jerk_p95,0.3895289668009856,12.0,abs_linear_coef
DIR_LinearSVM_DirectionFullNoTiming_E1_BITS_TO_BITS,E1_BITS_TO_BITS,direction,gz_std,0.3892843823677543,13.0,abs_linear_coef
DIR_LinearSVM_DirectionFullNoTiming_E1_BITS_TO_BITS,E1_BITS_TO_BITS,direction,tilt_delta_std,0.3707457655510411,14.0,abs_linear_coef
DIR_LinearSVM_DirectionFullNoTiming_E1_BITS_TO_BITS,E1_BITS_TO_BITS,direction,post_az_mean,0.3623848477874683,15.0,abs_linear_coef
DIR_LinearSVM_DirectionFullNoTiming_E1_BITS_TO_BITS,E1_BITS_TO_BITS,direction,post_impact_energy,0.3571030341919375,16.0,abs_linear_coef
DIR_LinearSVM_DirectionFullNoTiming_E1_BITS_TO_BITS,E1_BITS_TO_BITS,direction,tilt_delta_final,0.3415077478293584,17.0,abs_linear_coef
DIR_LinearSVM_DirectionFullNoTiming_E1_BITS_TO_BITS,E1_BITS_TO_BITS,direction,roll_std,0.33366044656500365,18.0,abs_linear_coef
DIR_LinearSVM_DirectionFullNoTiming_E1_BITS_TO_BITS,E1_BITS_TO_BITS,direction,gz_iqr,0.33315777393916934,19.0,abs_linear_coef
DIR_LinearSVM_DirectionFullNoTiming_E1_BITS_TO_BITS,E1_BITS_TO_BITS,direction,pitch_min,0.32864645889234084,20.0,abs_linear_coef
DIR_LinearSVM_DirectionFullNoTiming_E1_BITS_TO_BITS,E1_BITS_TO_BITS,direction,pitch_final_initial,0.3279534835500244,21.0,abs_linear_coef
DIR_LinearSVM_DirectionFullNoTiming_E1_BITS_TO_BITS,E1_BITS_TO_BITS,direction,peak_signed_az,0.3085548825537961,22.0,abs_linear_coef
DIR_LinearSVM_DirectionFullNoTiming_E1_BITS_TO_BITS,E1_BITS_TO_BITS,direction,az_std,0.30256959775999287,23.0,abs_linear_coef
DIR_LinearSVM_DirectionFullNoTiming_E1_BITS_TO_BITS,E1_BITS_TO_BITS,direction,pitch_std,0.3016939253007663,24.0,abs_linear_coef
DIR_LinearSVM_DirectionFullNoTiming_E1_BITS_TO_BITS,E1_BITS_TO_BITS,direction,az_final_initial,0.292097490837004,25.0,abs_linear_coef
DIR_LinearSVM_DirectionFullNoTiming_E1_BITS_TO_BITS,E1_BITS_TO_BITS,direction,pre_acc_mag_std,0.28524329735766146,26.0,abs_linear_coef
DIR_LinearSVM_DirectionFullNoTiming_E1_BITS_TO_BITS,E1_BITS_TO_BITS,direction,ax_iqr,0.2832191145193114,27.0,abs_linear_coef
DIR_LinearSVM_DirectionFullNoTiming_E1_BITS_TO_BITS,E1_BITS_TO_BITS,direction,acc_mag_mean,0.280068333650954,28.0,abs_linear_coef
DIR_LinearSVM_DirectionFullNoTiming_E1_BITS_TO_BITS,E1_BITS_TO_BITS,direction,roll_max,0.27932644021976727,29.0,abs_linear_coef
DIR_LinearSVM_DirectionFullNoTiming_E1_BITS_TO_BITS,E1_BITS_TO_BITS,direction,gz_median,0.27598643411635143,30.0,abs_linear_coef
DIR_LinearSVM_DirectionFullNoTiming_E2_WEDA_TO_WEDA,E2_WEDA_TO_WEDA,direction,pitch_std,1.36348166041855,1.0,abs_linear_coef
DIR_LinearSVM_DirectionFullNoTiming_E2_WEDA_TO_WEDA,E2_WEDA_TO_WEDA,direction,gyro_mag_mean,1.028204737052846,2.0,abs_linear_coef
DIR_LinearSVM_DirectionFullNoTiming_E2_WEDA_TO_WEDA,E2_WEDA_TO_WEDA,direction,gy_std,0.9042880209751378,3.0,abs_linear_coef
DIR_LinearSVM_DirectionFullNoTiming_E2_WEDA_TO_WEDA,E2_WEDA_TO_WEDA,direction,ax_std,0.7571276979205406,4.0,abs_linear_coef
DIR_LinearSVM_DirectionFullNoTiming_E2_WEDA_TO_WEDA,E2_WEDA_TO_WEDA,direction,gyro_mag_median,0.7442728043038133,5.0,abs_linear_coef
DIR_LinearSVM_DirectionFullNoTiming_E2_WEDA_TO_WEDA,E2_WEDA_TO_WEDA,direction,jerk_iqr,0.7364216757582458,6.0,abs_linear_coef
DIR_LinearSVM_DirectionFullNoTiming_E2_WEDA_TO_WEDA,E2_WEDA_TO_WEDA,direction,gy_median,0.7271081398618752,7.0,abs_linear_coef
DIR_LinearSVM_DirectionFullNoTiming_E2_WEDA_TO_WEDA,E2_WEDA_TO_WEDA,direction,az_std,0.6407672508415074,8.0,abs_linear_coef
DIR_LinearSVM_DirectionFullNoTiming_E2_WEDA_TO_WEDA,E2_WEDA_TO_WEDA,direction,gx_max,0.6300390338152068,9.0,abs_linear_coef
DIR_LinearSVM_DirectionFullNoTiming_E2_WEDA_TO_WEDA,E2_WEDA_TO_WEDA,direction,gy_iqr,0.6196210808067445,10.0,abs_linear_coef
DIR_LinearSVM_DirectionFullNoTiming_E2_WEDA_TO_WEDA,E2_WEDA_TO_WEDA,direction,pre_az_mean,0.6055647166536885,11.0,abs_linear_coef
DIR_LinearSVM_DirectionFullNoTiming_E2_WEDA_TO_WEDA,E2_WEDA_TO_WEDA,direction,pre_gy_mean,0.5924350788409033,12.0,abs_linear_coef
DIR_LinearSVM_DirectionFullNoTiming_E2_WEDA_TO_WEDA,E2_WEDA_TO_WEDA,direction,ay_std,0.5795643494885591,13.0,abs_linear_coef
DIR_LinearSVM_DirectionFullNoTiming_E2_WEDA_TO_WEDA,E2_WEDA_TO_WEDA,direction,ay_min,0.5763849063167285,14.0,abs_linear_coef
DIR_LinearSVM_DirectionFullNoTiming_E2_WEDA_TO_WEDA,E2_WEDA_TO_WEDA,direction,post_gy_mean,0.5753626871634728,15.0,abs_linear_coef
DIR_LinearSVM_DirectionFullNoTiming_E2_WEDA_TO_WEDA,E2_WEDA_TO_WEDA,direction,acc_mag_p95,0.5717528226404794,16.0,abs_linear_coef
DIR_LinearSVM_DirectionFullNoTiming_E2_WEDA_TO_WEDA,E2_WEDA_TO_WEDA,direction,pitch_iqr,0.5677610559133579,17.0,abs_linear_coef
DIR_LinearSVM_DirectionFullNoTiming_E2_WEDA_TO_WEDA,E2_WEDA_TO_WEDA,direction,gyro_mag_std,0.5604042242394783,18.0,abs_linear_coef
DIR_LinearSVM_DirectionFullNoTiming_E2_WEDA_TO_WEDA,E2_WEDA_TO_WEDA,direction,gz_iqr,0.5572801861070624,19.0,abs_linear_coef
DIR_LinearSVM_DirectionFullNoTiming_E2_WEDA_TO_WEDA,E2_WEDA_TO_WEDA,direction,pitch_mean,0.5505186508859902,20.0,abs_linear_coef
DIR_LinearSVM_DirectionFullNoTiming_E2_WEDA_TO_WEDA,E2_WEDA_TO_WEDA,direction,az_median,0.5450263545666997,21.0,abs_linear_coef
DIR_LinearSVM_DirectionFullNoTiming_E2_WEDA_TO_WEDA,E2_WEDA_TO_WEDA,direction,post_ay_mean,0.5289284736591199,22.0,abs_linear_coef
DIR_LinearSVM_DirectionFullNoTiming_E2_WEDA_TO_WEDA,E2_WEDA_TO_WEDA,direction,ay_mean,0.526396460442534,23.0,abs_linear_coef
DIR_LinearSVM_DirectionFullNoTiming_E2_WEDA_TO_WEDA,E2_WEDA_TO_WEDA,direction,integrated_ay,0.5263962254656458,24.0,abs_linear_coef
DIR_LinearSVM_DirectionFullNoTiming_E2_WEDA_TO_WEDA,E2_WEDA_TO_WEDA,direction,ay_iqr,0.5197023791227671,25.0,abs_linear_coef
DIR_LinearSVM_DirectionFullNoTiming_E2_WEDA_TO_WEDA,E2_WEDA_TO_WEDA,direction,az_max,0.514999528784266,26.0,abs_linear_coef
DIR_LinearSVM_DirectionFullNoTiming_E2_WEDA_TO_WEDA,E2_WEDA_TO_WEDA,direction,ay_max,0.5149479694820189,27.0,abs_linear_coef
DIR_LinearSVM_DirectionFullNoTiming_E2_WEDA_TO_WEDA,E2_WEDA_TO_WEDA,direction,peak_signed_gy,0.514071355260796,28.0,abs_linear_coef
DIR_LinearSVM_DirectionFullNoTiming_E2_WEDA_TO_WEDA,E2_WEDA_TO_WEDA,direction,pre_ay_mean,0.4942712699096099,29.0,abs_linear_coef
DIR_LinearSVM_DirectionFullNoTiming_E2_WEDA_TO_WEDA,E2_WEDA_TO_WEDA,direction,tilt_delta_max,0.49209716914923596,30.0,abs_linear_coef
DIR_LinearSVM_DirectionFullNoTiming_E3_BITS_WEDA_MIXED,E3_BITS_WEDA_MIXED,direction,gyro_mag_mean,1.0271282473097834,1.0,abs_linear_coef
DIR_LinearSVM_DirectionFullNoTiming_E3_BITS_WEDA_MIXED,E3_BITS_WEDA_MIXED,direction,pre_gy_mean,0.9130525260554134,2.0,abs_linear_coef
DIR_LinearSVM_DirectionFullNoTiming_E3_BITS_WEDA_MIXED,E3_BITS_WEDA_MIXED,direction,az_std,0.8747326860320616,3.0,abs_linear_coef
DIR_LinearSVM_DirectionFullNoTiming_E3_BITS_WEDA_MIXED,E3_BITS_WEDA_MIXED,direction,gyro_mag_p95,0.8169233787131533,4.0,abs_linear_coef
DIR_LinearSVM_DirectionFullNoTiming_E3_BITS_WEDA_MIXED,E3_BITS_WEDA_MIXED,direction,post_gy_mean,0.7694490607774028,5.0,abs_linear_coef
DIR_LinearSVM_DirectionFullNoTiming_E3_BITS_WEDA_MIXED,E3_BITS_WEDA_MIXED,direction,gy_median,0.7627656336179728,6.0,abs_linear_coef
DIR_LinearSVM_DirectionFullNoTiming_E3_BITS_WEDA_MIXED,E3_BITS_WEDA_MIXED,direction,acc_mag_std,0.7548195758595635,7.0,abs_linear_coef
DIR_LinearSVM_DirectionFullNoTiming_E3_BITS_WEDA_MIXED,E3_BITS_WEDA_MIXED,direction,az_iqr,0.6401243747577611,8.0,abs_linear_coef
DIR_LinearSVM_DirectionFullNoTiming_E3_BITS_WEDA_MIXED,E3_BITS_WEDA_MIXED,direction,gx_std,0.6015148356347069,9.0,abs_linear_coef
DIR_LinearSVM_DirectionFullNoTiming_E3_BITS_WEDA_MIXED,E3_BITS_WEDA_MIXED,direction,pre_gz_mean,0.5775105447432108,10.0,abs_linear_coef
DIR_LinearSVM_DirectionFullNoTiming_E3_BITS_WEDA_MIXED,E3_BITS_WEDA_MIXED,direction,pre_ax_mean,0.5650057241055051,11.0,abs_linear_coef
DIR_LinearSVM_DirectionFullNoTiming_E3_BITS_WEDA_MIXED,E3_BITS_WEDA_MIXED,direction,integrated_gz,0.5349766524259599,12.0,abs_linear_coef
DIR_LinearSVM_DirectionFullNoTiming_E3_BITS_WEDA_MIXED,E3_BITS_WEDA_MIXED,direction,gz_mean,0.5349749989715183,13.0,abs_linear_coef
DIR_LinearSVM_DirectionFullNoTiming_E3_BITS_WEDA_MIXED,E3_BITS_WEDA_MIXED,direction,pre_ay_mean,0.5170531091813272,14.0,abs_linear_coef
DIR_LinearSVM_DirectionFullNoTiming_E3_BITS_WEDA_MIXED,E3_BITS_WEDA_MIXED,direction,post_gz_mean,0.49937603176820433,15.0,abs_linear_coef
DIR_LinearSVM_DirectionFullNoTiming_E3_BITS_WEDA_MIXED,E3_BITS_WEDA_MIXED,direction,pre_acc_mag_std,0.4988911681265626,16.0,abs_linear_coef
DIR_LinearSVM_DirectionFullNoTiming_E3_BITS_WEDA_MIXED,E3_BITS_WEDA_MIXED,direction,gyro_mag_std,0.48866722424945247,17.0,abs_linear_coef
DIR_LinearSVM_DirectionFullNoTiming_E3_BITS_WEDA_MIXED,E3_BITS_WEDA_MIXED,direction,post_ax_mean,0.4855780259743277,18.0,abs_linear_coef
DIR_LinearSVM_DirectionFullNoTiming_E3_BITS_WEDA_MIXED,E3_BITS_WEDA_MIXED,direction,pitch_std,0.4798686185341636,19.0,abs_linear_coef
DIR_LinearSVM_DirectionFullNoTiming_E3_BITS_WEDA_MIXED,E3_BITS_WEDA_MIXED,direction,jerk_iqr,0.47381646048678516,20.0,abs_linear_coef
DIR_LinearSVM_DirectionFullNoTiming_E3_BITS_WEDA_MIXED,E3_BITS_WEDA_MIXED,direction,pitch_mean,0.4491935309518749,21.0,abs_linear_coef
DIR_LinearSVM_DirectionFullNoTiming_E3_BITS_WEDA_MIXED,E3_BITS_WEDA_MIXED,direction,gy_std,0.4480403958981074,22.0,abs_linear_coef
DIR_LinearSVM_DirectionFullNoTiming_E3_BITS_WEDA_MIXED,E3_BITS_WEDA_MIXED,direction,post_ay_mean,0.4323698191294854,23.0,abs_linear_coef
DIR_LinearSVM_DirectionFullNoTiming_E3_BITS_WEDA_MIXED,E3_BITS_WEDA_MIXED,direction,gz_std,0.43034519462067555,24.0,abs_linear_coef
DIR_LinearSVM_DirectionFullNoTiming_E3_BITS_WEDA_MIXED,E3_BITS_WEDA_MIXED,direction,ax_std,0.40783158329594676,25.0,abs_linear_coef
DIR_LinearSVM_DirectionFullNoTiming_E3_BITS_WEDA_MIXED,E3_BITS_WEDA_MIXED,direction,pre_gx_mean,0.397382808788639,26.0,abs_linear_coef
DIR_LinearSVM_DirectionFullNoTiming_E3_BITS_WEDA_MIXED,E3_BITS_WEDA_MIXED,direction,pre_impact_energy,0.39347752862519475,27.0,abs_linear_coef
DIR_LinearSVM_DirectionFullNoTiming_E3_BITS_WEDA_MIXED,E3_BITS_WEDA_MIXED,direction,gz_iqr,0.38882380490610785,28.0,abs_linear_coef
DIR_LinearSVM_DirectionFullNoTiming_E3_BITS_WEDA_MIXED,E3_BITS_WEDA_MIXED,direction,roll_median,0.3840193221914718,29.0,abs_linear_coef
DIR_LinearSVM_DirectionFullNoTiming_E3_BITS_WEDA_MIXED,E3_BITS_WEDA_MIXED,direction,pre_post_energy_ratio,0.3800560034374003,30.0,abs_linear_coef
DIR_LinearSVM_DirectionFullNoTiming_E4_BITS_TO_WEDA,E4_BITS_TO_WEDA,direction,peak_signed_ay,0.5459368737546081,1.0,abs_linear_coef
DIR_LinearSVM_DirectionFullNoTiming_E4_BITS_TO_WEDA,E4_BITS_TO_WEDA,direction,ax_std,0.5387167765724608,2.0,abs_linear_coef
DIR_LinearSVM_DirectionFullNoTiming_E4_BITS_TO_WEDA,E4_BITS_TO_WEDA,direction,pitch_max,0.47256600953486644,3.0,abs_linear_coef
DIR_LinearSVM_DirectionFullNoTiming_E4_BITS_TO_WEDA,E4_BITS_TO_WEDA,direction,pre_post_energy_ratio,0.4557194705864427,4.0,abs_linear_coef
DIR_LinearSVM_DirectionFullNoTiming_E4_BITS_TO_WEDA,E4_BITS_TO_WEDA,direction,ay_median,0.4410147126186222,5.0,abs_linear_coef
DIR_LinearSVM_DirectionFullNoTiming_E4_BITS_TO_WEDA,E4_BITS_TO_WEDA,direction,roll_median,0.4178892303808511,6.0,abs_linear_coef
DIR_LinearSVM_DirectionFullNoTiming_E4_BITS_TO_WEDA,E4_BITS_TO_WEDA,direction,gyro_mag_p95,0.4148169548465042,7.0,abs_linear_coef
DIR_LinearSVM_DirectionFullNoTiming_E4_BITS_TO_WEDA,E4_BITS_TO_WEDA,direction,tilt_delta_max,0.4070058117086643,8.0,abs_linear_coef
DIR_LinearSVM_DirectionFullNoTiming_E4_BITS_TO_WEDA,E4_BITS_TO_WEDA,direction,roll_iqr,0.40597704682563096,9.0,abs_linear_coef
DIR_LinearSVM_DirectionFullNoTiming_E4_BITS_TO_WEDA,E4_BITS_TO_WEDA,direction,gyro_mag_min,0.40339620025895934,10.0,abs_linear_coef
DIR_LinearSVM_DirectionFullNoTiming_E4_BITS_TO_WEDA,E4_BITS_TO_WEDA,direction,az_iqr,0.39669098472311304,11.0,abs_linear_coef
DIR_LinearSVM_DirectionFullNoTiming_E4_BITS_TO_WEDA,E4_BITS_TO_WEDA,direction,jerk_p95,0.3895289668009856,12.0,abs_linear_coef
DIR_LinearSVM_DirectionFullNoTiming_E4_BITS_TO_WEDA,E4_BITS_TO_WEDA,direction,gz_std,0.3892843823677543,13.0,abs_linear_coef
DIR_LinearSVM_DirectionFullNoTiming_E4_BITS_TO_WEDA,E4_BITS_TO_WEDA,direction,tilt_delta_std,0.3707457655510411,14.0,abs_linear_coef
DIR_LinearSVM_DirectionFullNoTiming_E4_BITS_TO_WEDA,E4_BITS_TO_WEDA,direction,post_az_mean,0.3623848477874683,15.0,abs_linear_coef
DIR_LinearSVM_DirectionFullNoTiming_E4_BITS_TO_WEDA,E4_BITS_TO_WEDA,direction,post_impact_energy,0.3571030341919375,16.0,abs_linear_coef
DIR_LinearSVM_DirectionFullNoTiming_E4_BITS_TO_WEDA,E4_BITS_TO_WEDA,direction,tilt_delta_final,0.3415077478293584,17.0,abs_linear_coef
DIR_LinearSVM_DirectionFullNoTiming_E4_BITS_TO_WEDA,E4_BITS_TO_WEDA,direction,roll_std,0.33366044656500365,18.0,abs_linear_coef
DIR_LinearSVM_DirectionFullNoTiming_E4_BITS_TO_WEDA,E4_BITS_TO_WEDA,direction,gz_iqr,0.33315777393916934,19.0,abs_linear_coef
DIR_LinearSVM_DirectionFullNoTiming_E4_BITS_TO_WEDA,E4_BITS_TO_WEDA,direction,pitch_min,0.32864645889234084,20.0,abs_linear_coef
DIR_LinearSVM_DirectionFullNoTiming_E4_BITS_TO_WEDA,E4_BITS_TO_WEDA,direction,pitch_final_initial,0.3279534835500244,21.0,abs_linear_coef
DIR_LinearSVM_DirectionFullNoTiming_E4_BITS_TO_WEDA,E4_BITS_TO_WEDA,direction,peak_signed_az,0.3085548825537961,22.0,abs_linear_coef
DIR_LinearSVM_DirectionFullNoTiming_E4_BITS_TO_WEDA,E4_BITS_TO_WEDA,direction,az_std,0.30256959775999287,23.0,abs_linear_coef
DIR_LinearSVM_DirectionFullNoTiming_E4_BITS_TO_WEDA,E4_BITS_TO_WEDA,direction,pitch_std,0.3016939253007663,24.0,abs_linear_coef
DIR_LinearSVM_DirectionFullNoTiming_E4_BITS_TO_WEDA,E4_BITS_TO_WEDA,direction,az_final_initial,0.292097490837004,25.0,abs_linear_coef
DIR_LinearSVM_DirectionFullNoTiming_E4_BITS_TO_WEDA,E4_BITS_TO_WEDA,direction,pre_acc_mag_std,0.28524329735766146,26.0,abs_linear_coef
DIR_LinearSVM_DirectionFullNoTiming_E4_BITS_TO_WEDA,E4_BITS_TO_WEDA,direction,ax_iqr,0.2832191145193114,27.0,abs_linear_coef
DIR_LinearSVM_DirectionFullNoTiming_E4_BITS_TO_WEDA,E4_BITS_TO_WEDA,direction,acc_mag_mean,0.280068333650954,28.0,abs_linear_coef
DIR_LinearSVM_DirectionFullNoTiming_E4_BITS_TO_WEDA,E4_BITS_TO_WEDA,direction,roll_max,0.27932644021976727,29.0,abs_linear_coef
DIR_LinearSVM_DirectionFullNoTiming_E4_BITS_TO_WEDA,E4_BITS_TO_WEDA,direction,gz_median,0.27598643411635143,30.0,abs_linear_coef
DIR_LinearSVM_DirectionFullNoTiming_E5_WEDA_TO_BITS,E5_WEDA_TO_BITS,direction,pitch_std,1.36348166041855,1.0,abs_linear_coef
DIR_LinearSVM_DirectionFullNoTiming_E5_WEDA_TO_BITS,E5_WEDA_TO_BITS,direction,gyro_mag_mean,1.028204737052846,2.0,abs_linear_coef
DIR_LinearSVM_DirectionFullNoTiming_E5_WEDA_TO_BITS,E5_WEDA_TO_BITS,direction,gy_std,0.9042880209751378,3.0,abs_linear_coef
DIR_LinearSVM_DirectionFullNoTiming_E5_WEDA_TO_BITS,E5_WEDA_TO_BITS,direction,ax_std,0.7571276979205406,4.0,abs_linear_coef
DIR_LinearSVM_DirectionFullNoTiming_E5_WEDA_TO_BITS,E5_WEDA_TO_BITS,direction,gyro_mag_median,0.7442728043038133,5.0,abs_linear_coef
DIR_LinearSVM_DirectionFullNoTiming_E5_WEDA_TO_BITS,E5_WEDA_TO_BITS,direction,jerk_iqr,0.7364216757582458,6.0,abs_linear_coef
DIR_LinearSVM_DirectionFullNoTiming_E5_WEDA_TO_BITS,E5_WEDA_TO_BITS,direction,gy_median,0.7271081398618752,7.0,abs_linear_coef
DIR_LinearSVM_DirectionFullNoTiming_E5_WEDA_TO_BITS,E5_WEDA_TO_BITS,direction,az_std,0.6407672508415074,8.0,abs_linear_coef
DIR_LinearSVM_DirectionFullNoTiming_E5_WEDA_TO_BITS,E5_WEDA_TO_BITS,direction,gx_max,0.6300390338152068,9.0,abs_linear_coef
DIR_LinearSVM_DirectionFullNoTiming_E5_WEDA_TO_BITS,E5_WEDA_TO_BITS,direction,gy_iqr,0.6196210808067445,10.0,abs_linear_coef
DIR_LinearSVM_DirectionFullNoTiming_E5_WEDA_TO_BITS,E5_WEDA_TO_BITS,direction,pre_az_mean,0.6055647166536885,11.0,abs_linear_coef
DIR_LinearSVM_DirectionFullNoTiming_E5_WEDA_TO_BITS,E5_WEDA_TO_BITS,direction,pre_gy_mean,0.5924350788409033,12.0,abs_linear_coef
DIR_LinearSVM_DirectionFullNoTiming_E5_WEDA_TO_BITS,E5_WEDA_TO_BITS,direction,ay_std,0.5795643494885591,13.0,abs_linear_coef
DIR_LinearSVM_DirectionFullNoTiming_E5_WEDA_TO_BITS,E5_WEDA_TO_BITS,direction,ay_min,0.5763849063167285,14.0,abs_linear_coef
DIR_LinearSVM_DirectionFullNoTiming_E5_WEDA_TO_BITS,E5_WEDA_TO_BITS,direction,post_gy_mean,0.5753626871634728,15.0,abs_linear_coef
DIR_LinearSVM_DirectionFullNoTiming_E5_WEDA_TO_BITS,E5_WEDA_TO_BITS,direction,acc_mag_p95,0.5717528226404794,16.0,abs_linear_coef
DIR_LinearSVM_DirectionFullNoTiming_E5_WEDA_TO_BITS,E5_WEDA_TO_BITS,direction,pitch_iqr,0.5677610559133579,17.0,abs_linear_coef
DIR_LinearSVM_DirectionFullNoTiming_E5_WEDA_TO_BITS,E5_WEDA_TO_BITS,direction,gyro_mag_std,0.5604042242394783,18.0,abs_linear_coef
DIR_LinearSVM_DirectionFullNoTiming_E5_WEDA_TO_BITS,E5_WEDA_TO_BITS,direction,gz_iqr,0.5572801861070624,19.0,abs_linear_coef
DIR_LinearSVM_DirectionFullNoTiming_E5_WEDA_TO_BITS,E5_WEDA_TO_BITS,direction,pitch_mean,0.5505186508859902,20.0,abs_linear_coef
DIR_LinearSVM_DirectionFullNoTiming_E5_WEDA_TO_BITS,E5_WEDA_TO_BITS,direction,az_median,0.5450263545666997,21.0,abs_linear_coef
DIR_LinearSVM_DirectionFullNoTiming_E5_WEDA_TO_BITS,E5_WEDA_TO_BITS,direction,post_ay_mean,0.5289284736591199,22.0,abs_linear_coef
DIR_LinearSVM_DirectionFullNoTiming_E5_WEDA_TO_BITS,E5_WEDA_TO_BITS,direction,ay_mean,0.526396460442534,23.0,abs_linear_coef
DIR_LinearSVM_DirectionFullNoTiming_E5_WEDA_TO_BITS,E5_WEDA_TO_BITS,direction,integrated_ay,0.5263962254656458,24.0,abs_linear_coef
DIR_LinearSVM_DirectionFullNoTiming_E5_WEDA_TO_BITS,E5_WEDA_TO_BITS,direction,ay_iqr,0.5197023791227671,25.0,abs_linear_coef
DIR_LinearSVM_DirectionFullNoTiming_E5_WEDA_TO_BITS,E5_WEDA_TO_BITS,direction,az_max,0.514999528784266,26.0,abs_linear_coef
DIR_LinearSVM_DirectionFullNoTiming_E5_WEDA_TO_BITS,E5_WEDA_TO_BITS,direction,ay_max,0.5149479694820189,27.0,abs_linear_coef
DIR_LinearSVM_DirectionFullNoTiming_E5_WEDA_TO_BITS,E5_WEDA_TO_BITS,direction,peak_signed_gy,0.514071355260796,28.0,abs_linear_coef
DIR_LinearSVM_DirectionFullNoTiming_E5_WEDA_TO_BITS,E5_WEDA_TO_BITS,direction,pre_ay_mean,0.4942712699096099,29.0,abs_linear_coef
DIR_LinearSVM_DirectionFullNoTiming_E5_WEDA_TO_BITS,E5_WEDA_TO_BITS,direction,tilt_delta_max,0.49209716914923596,30.0,abs_linear_coef
DIR_RandomForest_DirectionFullNoTiming_E1_BITS_TO_BITS,E1_BITS_TO_BITS,direction,ax_min,0.04578020250346402,1.0,native_feature_importances
DIR_RandomForest_DirectionFullNoTiming_E1_BITS_TO_BITS,E1_BITS_TO_BITS,direction,pitch_max,0.03449388980668494,2.0,native_feature_importances
DIR_RandomForest_DirectionFullNoTiming_E1_BITS_TO_BITS,E1_BITS_TO_BITS,direction,peak_signed_ax,0.02991806605412896,3.0,native_feature_importances
DIR_RandomForest_DirectionFullNoTiming_E1_BITS_TO_BITS,E1_BITS_TO_BITS,direction,ax_mean,0.025770800744755663,4.0,native_feature_importances
DIR_RandomForest_DirectionFullNoTiming_E1_BITS_TO_BITS,E1_BITS_TO_BITS,direction,ax_median,0.020837212407814987,5.0,native_feature_importances
DIR_RandomForest_DirectionFullNoTiming_E1_BITS_TO_BITS,E1_BITS_TO_BITS,direction,post_pitch_mean,0.020607662907862815,6.0,native_feature_importances
DIR_RandomForest_DirectionFullNoTiming_E1_BITS_TO_BITS,E1_BITS_TO_BITS,direction,post_ax_mean,0.01870905445561733,7.0,native_feature_importances
DIR_RandomForest_DirectionFullNoTiming_E1_BITS_TO_BITS,E1_BITS_TO_BITS,direction,gyro_mag_median,0.01798530179947858,8.0,native_feature_importances
DIR_RandomForest_DirectionFullNoTiming_E1_BITS_TO_BITS,E1_BITS_TO_BITS,direction,gyro_mag_mean,0.017024636192492688,9.0,native_feature_importances
DIR_RandomForest_DirectionFullNoTiming_E1_BITS_TO_BITS,E1_BITS_TO_BITS,direction,pitch_mean,0.01681933142356974,10.0,native_feature_importances
DIR_RandomForest_DirectionFullNoTiming_E1_BITS_TO_BITS,E1_BITS_TO_BITS,direction,pre_ax_mean,0.016730824038608764,11.0,native_feature_importances
DIR_RandomForest_DirectionFullNoTiming_E1_BITS_TO_BITS,E1_BITS_TO_BITS,direction,integrated_ax,0.016369863212647797,12.0,native_feature_importances
DIR_RandomForest_DirectionFullNoTiming_E1_BITS_TO_BITS,E1_BITS_TO_BITS,direction,acc_mag_std,0.015771590330675652,13.0,native_feature_importances
DIR_RandomForest_DirectionFullNoTiming_E1_BITS_TO_BITS,E1_BITS_TO_BITS,direction,ax_std,0.014976965744533659,14.0,native_feature_importances
DIR_RandomForest_DirectionFullNoTiming_E1_BITS_TO_BITS,E1_BITS_TO_BITS,direction,acc_mag_range,0.014582032415302872,15.0,native_feature_importances
DIR_RandomForest_DirectionFullNoTiming_E1_BITS_TO_BITS,E1_BITS_TO_BITS,direction,pre_impact_energy,0.013141282674197598,16.0,native_feature_importances
DIR_RandomForest_DirectionFullNoTiming_E1_BITS_TO_BITS,E1_BITS_TO_BITS,direction,acc_mag_peak_value,0.012396647470540834,17.0,native_feature_importances
DIR_RandomForest_DirectionFullNoTiming_E1_BITS_TO_BITS,E1_BITS_TO_BITS,direction,acc_mag_mean,0.012378626011325763,18.0,native_feature_importances
DIR_RandomForest_DirectionFullNoTiming_E1_BITS_TO_BITS,E1_BITS_TO_BITS,direction,acc_mag_p95,0.012333244872101894,19.0,native_feature_importances
DIR_RandomForest_DirectionFullNoTiming_E1_BITS_TO_BITS,E1_BITS_TO_BITS,direction,ax_range,0.012153311174988553,20.0,native_feature_importances
DIR_RandomForest_DirectionFullNoTiming_E1_BITS_TO_BITS,E1_BITS_TO_BITS,direction,pitch_std,0.012095495792973336,21.0,native_feature_importances
DIR_RandomForest_DirectionFullNoTiming_E1_BITS_TO_BITS,E1_BITS_TO_BITS,direction,acc_mag_max,0.01183677875577726,22.0,native_feature_importances
DIR_RandomForest_DirectionFullNoTiming_E1_BITS_TO_BITS,E1_BITS_TO_BITS,direction,pitch_median,0.011682907848813212,23.0,native_feature_importances
DIR_RandomForest_DirectionFullNoTiming_E1_BITS_TO_BITS,E1_BITS_TO_BITS,direction,ay_iqr,0.011170337475726337,24.0,native_feature_importances
DIR_RandomForest_DirectionFullNoTiming_E1_BITS_TO_BITS,E1_BITS_TO_BITS,direction,jerk_std,0.011026241910699808,25.0,native_feature_importances
DIR_RandomForest_DirectionFullNoTiming_E1_BITS_TO_BITS,E1_BITS_TO_BITS,direction,gz_median,0.010596354294776244,26.0,native_feature_importances
DIR_RandomForest_DirectionFullNoTiming_E1_BITS_TO_BITS,E1_BITS_TO_BITS,direction,pre_pitch_mean,0.010542545965531409,27.0,native_feature_importances
DIR_RandomForest_DirectionFullNoTiming_E1_BITS_TO_BITS,E1_BITS_TO_BITS,direction,gyro_mag_p95,0.009989851452018236,28.0,native_feature_importances
DIR_RandomForest_DirectionFullNoTiming_E1_BITS_TO_BITS,E1_BITS_TO_BITS,direction,integrated_gz,0.009943536858636215,29.0,native_feature_importances
DIR_RandomForest_DirectionFullNoTiming_E1_BITS_TO_BITS,E1_BITS_TO_BITS,direction,jerk_max,0.009725766926499997,30.0,native_feature_importances
DIR_RandomForest_DirectionFullNoTiming_E2_WEDA_TO_WEDA,E2_WEDA_TO_WEDA,direction,post_pitch_mean,0.04041995399244955,1.0,native_feature_importances
DIR_RandomForest_DirectionFullNoTiming_E2_WEDA_TO_WEDA,E2_WEDA_TO_WEDA,direction,integrated_gy,0.02781660753123632,2.0,native_feature_importances
DIR_RandomForest_DirectionFullNoTiming_E2_WEDA_TO_WEDA,E2_WEDA_TO_WEDA,direction,gy_mean,0.026433496626248304,3.0,native_feature_importances
DIR_RandomForest_DirectionFullNoTiming_E2_WEDA_TO_WEDA,E2_WEDA_TO_WEDA,direction,post_ax_mean,0.026001781563468072,4.0,native_feature_importances
DIR_RandomForest_DirectionFullNoTiming_E2_WEDA_TO_WEDA,E2_WEDA_TO_WEDA,direction,ay_final_initial,0.02118431352416444,5.0,native_feature_importances
DIR_RandomForest_DirectionFullNoTiming_E2_WEDA_TO_WEDA,E2_WEDA_TO_WEDA,direction,ax_final_initial,0.019088447199617678,6.0,native_feature_importances
DIR_RandomForest_DirectionFullNoTiming_E2_WEDA_TO_WEDA,E2_WEDA_TO_WEDA,direction,tilt_delta_mean,0.018356990058631093,7.0,native_feature_importances
DIR_RandomForest_DirectionFullNoTiming_E2_WEDA_TO_WEDA,E2_WEDA_TO_WEDA,direction,ax_mean,0.016556763872497444,8.0,native_feature_importances
DIR_RandomForest_DirectionFullNoTiming_E2_WEDA_TO_WEDA,E2_WEDA_TO_WEDA,direction,pitch_final_initial,0.01650445839025219,9.0,native_feature_importances
DIR_RandomForest_DirectionFullNoTiming_E2_WEDA_TO_WEDA,E2_WEDA_TO_WEDA,direction,gy_median,0.01636050640376987,10.0,native_feature_importances
DIR_RandomForest_DirectionFullNoTiming_E2_WEDA_TO_WEDA,E2_WEDA_TO_WEDA,direction,post_roll_mean,0.015815103000388197,11.0,native_feature_importances
DIR_RandomForest_DirectionFullNoTiming_E2_WEDA_TO_WEDA,E2_WEDA_TO_WEDA,direction,post_ay_mean,0.015429671107201108,12.0,native_feature_importances
DIR_RandomForest_DirectionFullNoTiming_E2_WEDA_TO_WEDA,E2_WEDA_TO_WEDA,direction,integrated_ax,0.014562676029823758,13.0,native_feature_importances
DIR_RandomForest_DirectionFullNoTiming_E2_WEDA_TO_WEDA,E2_WEDA_TO_WEDA,direction,delta_pitch_window,0.013900380634969692,14.0,native_feature_importances
DIR_RandomForest_DirectionFullNoTiming_E2_WEDA_TO_WEDA,E2_WEDA_TO_WEDA,direction,pitch_mean,0.013776458707337244,15.0,native_feature_importances
DIR_RandomForest_DirectionFullNoTiming_E2_WEDA_TO_WEDA,E2_WEDA_TO_WEDA,direction,post_az_mean,0.013414729276767266,16.0,native_feature_importances
DIR_RandomForest_DirectionFullNoTiming_E2_WEDA_TO_WEDA,E2_WEDA_TO_WEDA,direction,az_final_initial,0.012806624518052985,17.0,native_feature_importances
DIR_RandomForest_DirectionFullNoTiming_E2_WEDA_TO_WEDA,E2_WEDA_TO_WEDA,direction,gyro_mag_iqr,0.011851966433486374,18.0,native_feature_importances
DIR_RandomForest_DirectionFullNoTiming_E2_WEDA_TO_WEDA,E2_WEDA_TO_WEDA,direction,post_gx_mean,0.011258515134408948,19.0,native_feature_importances
DIR_RandomForest_DirectionFullNoTiming_E2_WEDA_TO_WEDA,E2_WEDA_TO_WEDA,direction,gx_median,0.011157779174031606,20.0,native_feature_importances
DIR_RandomForest_DirectionFullNoTiming_E2_WEDA_TO_WEDA,E2_WEDA_TO_WEDA,direction,pre_ax_mean,0.01095444139389189,21.0,native_feature_importances
DIR_RandomForest_DirectionFullNoTiming_E2_WEDA_TO_WEDA,E2_WEDA_TO_WEDA,direction,integrated_gx,0.010328675317859687,22.0,native_feature_importances
DIR_RandomForest_DirectionFullNoTiming_E2_WEDA_TO_WEDA,E2_WEDA_TO_WEDA,direction,post_gy_mean,0.009836660590168437,23.0,native_feature_importances
DIR_RandomForest_DirectionFullNoTiming_E2_WEDA_TO_WEDA,E2_WEDA_TO_WEDA,direction,pre_gx_mean,0.009824561397335037,24.0,native_feature_importances
DIR_RandomForest_DirectionFullNoTiming_E2_WEDA_TO_WEDA,E2_WEDA_TO_WEDA,direction,gx_std,0.009760909932769946,25.0,native_feature_importances
DIR_RandomForest_DirectionFullNoTiming_E2_WEDA_TO_WEDA,E2_WEDA_TO_WEDA,direction,pre_gy_mean,0.009661647617881283,26.0,native_feature_importances
DIR_RandomForest_DirectionFullNoTiming_E2_WEDA_TO_WEDA,E2_WEDA_TO_WEDA,direction,gx_mean,0.009590016138683136,27.0,native_feature_importances
DIR_RandomForest_DirectionFullNoTiming_E2_WEDA_TO_WEDA,E2_WEDA_TO_WEDA,direction,pre_roll_mean,0.009492521826559125,28.0,native_feature_importances
DIR_RandomForest_DirectionFullNoTiming_E2_WEDA_TO_WEDA,E2_WEDA_TO_WEDA,direction,pitch_std,0.009423303782096774,29.0,native_feature_importances
DIR_RandomForest_DirectionFullNoTiming_E2_WEDA_TO_WEDA,E2_WEDA_TO_WEDA,direction,delta_roll_window,0.009209785507075623,30.0,native_feature_importances
DIR_RandomForest_DirectionFullNoTiming_E3_BITS_WEDA_MIXED,E3_BITS_WEDA_MIXED,direction,post_pitch_mean,0.03352896670437971,1.0,native_feature_importances
DIR_RandomForest_DirectionFullNoTiming_E3_BITS_WEDA_MIXED,E3_BITS_WEDA_MIXED,direction,post_ax_mean,0.028925223727209858,2.0,native_feature_importances
DIR_RandomForest_DirectionFullNoTiming_E3_BITS_WEDA_MIXED,E3_BITS_WEDA_MIXED,direction,ax_mean,0.022812638028139345,3.0,native_feature_importances
DIR_RandomForest_DirectionFullNoTiming_E3_BITS_WEDA_MIXED,E3_BITS_WEDA_MIXED,direction,gy_mean,0.02239564215046463,4.0,native_feature_importances
DIR_RandomForest_DirectionFullNoTiming_E3_BITS_WEDA_MIXED,E3_BITS_WEDA_MIXED,direction,integrated_gy,0.018693125825528855,5.0,native_feature_importances
DIR_RandomForest_DirectionFullNoTiming_E3_BITS_WEDA_MIXED,E3_BITS_WEDA_MIXED,direction,integrated_ax,0.017351958074085932,6.0,native_feature_importances
DIR_RandomForest_DirectionFullNoTiming_E3_BITS_WEDA_MIXED,E3_BITS_WEDA_MIXED,direction,gy_median,0.01596131888227513,7.0,native_feature_importances
DIR_RandomForest_DirectionFullNoTiming_E3_BITS_WEDA_MIXED,E3_BITS_WEDA_MIXED,direction,pitch_mean,0.015645380323534193,8.0,native_feature_importances
DIR_RandomForest_DirectionFullNoTiming_E3_BITS_WEDA_MIXED,E3_BITS_WEDA_MIXED,direction,ax_min,0.014194380882562611,9.0,native_feature_importances
DIR_RandomForest_DirectionFullNoTiming_E3_BITS_WEDA_MIXED,E3_BITS_WEDA_MIXED,direction,gx_std,0.013248033768222069,10.0,native_feature_importances
DIR_RandomForest_DirectionFullNoTiming_E3_BITS_WEDA_MIXED,E3_BITS_WEDA_MIXED,direction,gx_mean,0.012464950680528641,11.0,native_feature_importances
DIR_RandomForest_DirectionFullNoTiming_E3_BITS_WEDA_MIXED,E3_BITS_WEDA_MIXED,direction,post_ay_mean,0.012228962107466646,12.0,native_feature_importances
DIR_RandomForest_DirectionFullNoTiming_E3_BITS_WEDA_MIXED,E3_BITS_WEDA_MIXED,direction,pre_gy_mean,0.012205198647692282,13.0,native_feature_importances
DIR_RandomForest_DirectionFullNoTiming_E3_BITS_WEDA_MIXED,E3_BITS_WEDA_MIXED,direction,ay_final_initial,0.011932020030185819,14.0,native_feature_importances
DIR_RandomForest_DirectionFullNoTiming_E3_BITS_WEDA_MIXED,E3_BITS_WEDA_MIXED,direction,peak_signed_ax,0.011501741312325479,15.0,native_feature_importances
DIR_RandomForest_DirectionFullNoTiming_E3_BITS_WEDA_MIXED,E3_BITS_WEDA_MIXED,direction,integrated_gx,0.011335472839511527,16.0,native_feature_importances
DIR_RandomForest_DirectionFullNoTiming_E3_BITS_WEDA_MIXED,E3_BITS_WEDA_MIXED,direction,post_roll_mean,0.011314715262153503,17.0,native_feature_importances
DIR_RandomForest_DirectionFullNoTiming_E3_BITS_WEDA_MIXED,E3_BITS_WEDA_MIXED,direction,pitch_final_initial,0.010904758734692918,18.0,native_feature_importances
DIR_RandomForest_DirectionFullNoTiming_E3_BITS_WEDA_MIXED,E3_BITS_WEDA_MIXED,direction,ax_median,0.010168212777587456,19.0,native_feature_importances
DIR_RandomForest_DirectionFullNoTiming_E3_BITS_WEDA_MIXED,E3_BITS_WEDA_MIXED,direction,roll_final_initial,0.009939637546350098,20.0,native_feature_importances
DIR_RandomForest_DirectionFullNoTiming_E3_BITS_WEDA_MIXED,E3_BITS_WEDA_MIXED,direction,pre_gx_mean,0.00990593037456471,21.0,native_feature_importances
DIR_RandomForest_DirectionFullNoTiming_E3_BITS_WEDA_MIXED,E3_BITS_WEDA_MIXED,direction,post_az_mean,0.009831366999632923,22.0,native_feature_importances
DIR_RandomForest_DirectionFullNoTiming_E3_BITS_WEDA_MIXED,E3_BITS_WEDA_MIXED,direction,tilt_delta_mean,0.009797621406787811,23.0,native_feature_importances
DIR_RandomForest_DirectionFullNoTiming_E3_BITS_WEDA_MIXED,E3_BITS_WEDA_MIXED,direction,post_gx_mean,0.009786018341687847,24.0,native_feature_importances
DIR_RandomForest_DirectionFullNoTiming_E3_BITS_WEDA_MIXED,E3_BITS_WEDA_MIXED,direction,pre_ay_mean,0.009446485923341555,25.0,native_feature_importances
DIR_RandomForest_DirectionFullNoTiming_E3_BITS_WEDA_MIXED,E3_BITS_WEDA_MIXED,direction,gx_median,0.009334837498828985,26.0,native_feature_importances
DIR_RandomForest_DirectionFullNoTiming_E3_BITS_WEDA_MIXED,E3_BITS_WEDA_MIXED,direction,pre_ax_mean,0.009220161421163392,27.0,native_feature_importances
DIR_RandomForest_DirectionFullNoTiming_E3_BITS_WEDA_MIXED,E3_BITS_WEDA_MIXED,direction,ay_iqr,0.009041190236485898,28.0,native_feature_importances
DIR_RandomForest_DirectionFullNoTiming_E3_BITS_WEDA_MIXED,E3_BITS_WEDA_MIXED,direction,integrated_gz,0.008977028519854222,29.0,native_feature_importances
DIR_RandomForest_DirectionFullNoTiming_E3_BITS_WEDA_MIXED,E3_BITS_WEDA_MIXED,direction,gz_median,0.008975970373182625,30.0,native_feature_importances
DIR_RandomForest_DirectionFullNoTiming_E4_BITS_TO_WEDA,E4_BITS_TO_WEDA,direction,ax_min,0.04578020250346402,1.0,native_feature_importances
DIR_RandomForest_DirectionFullNoTiming_E4_BITS_TO_WEDA,E4_BITS_TO_WEDA,direction,pitch_max,0.03449388980668494,2.0,native_feature_importances
DIR_RandomForest_DirectionFullNoTiming_E4_BITS_TO_WEDA,E4_BITS_TO_WEDA,direction,peak_signed_ax,0.02991806605412896,3.0,native_feature_importances
DIR_RandomForest_DirectionFullNoTiming_E4_BITS_TO_WEDA,E4_BITS_TO_WEDA,direction,ax_mean,0.025770800744755663,4.0,native_feature_importances
DIR_RandomForest_DirectionFullNoTiming_E4_BITS_TO_WEDA,E4_BITS_TO_WEDA,direction,ax_median,0.020837212407814987,5.0,native_feature_importances
DIR_RandomForest_DirectionFullNoTiming_E4_BITS_TO_WEDA,E4_BITS_TO_WEDA,direction,post_pitch_mean,0.020607662907862815,6.0,native_feature_importances
DIR_RandomForest_DirectionFullNoTiming_E4_BITS_TO_WEDA,E4_BITS_TO_WEDA,direction,post_ax_mean,0.01870905445561733,7.0,native_feature_importances
DIR_RandomForest_DirectionFullNoTiming_E4_BITS_TO_WEDA,E4_BITS_TO_WEDA,direction,gyro_mag_median,0.01798530179947858,8.0,native_feature_importances
DIR_RandomForest_DirectionFullNoTiming_E4_BITS_TO_WEDA,E4_BITS_TO_WEDA,direction,gyro_mag_mean,0.017024636192492688,9.0,native_feature_importances
DIR_RandomForest_DirectionFullNoTiming_E4_BITS_TO_WEDA,E4_BITS_TO_WEDA,direction,pitch_mean,0.01681933142356974,10.0,native_feature_importances
DIR_RandomForest_DirectionFullNoTiming_E4_BITS_TO_WEDA,E4_BITS_TO_WEDA,direction,pre_ax_mean,0.016730824038608764,11.0,native_feature_importances
DIR_RandomForest_DirectionFullNoTiming_E4_BITS_TO_WEDA,E4_BITS_TO_WEDA,direction,integrated_ax,0.016369863212647797,12.0,native_feature_importances
DIR_RandomForest_DirectionFullNoTiming_E4_BITS_TO_WEDA,E4_BITS_TO_WEDA,direction,acc_mag_std,0.015771590330675652,13.0,native_feature_importances
DIR_RandomForest_DirectionFullNoTiming_E4_BITS_TO_WEDA,E4_BITS_TO_WEDA,direction,ax_std,0.014976965744533659,14.0,native_feature_importances
DIR_RandomForest_DirectionFullNoTiming_E4_BITS_TO_WEDA,E4_BITS_TO_WEDA,direction,acc_mag_range,0.014582032415302872,15.0,native_feature_importances
DIR_RandomForest_DirectionFullNoTiming_E4_BITS_TO_WEDA,E4_BITS_TO_WEDA,direction,pre_impact_energy,0.013141282674197598,16.0,native_feature_importances
DIR_RandomForest_DirectionFullNoTiming_E4_BITS_TO_WEDA,E4_BITS_TO_WEDA,direction,acc_mag_peak_value,0.012396647470540834,17.0,native_feature_importances
DIR_RandomForest_DirectionFullNoTiming_E4_BITS_TO_WEDA,E4_BITS_TO_WEDA,direction,acc_mag_mean,0.012378626011325763,18.0,native_feature_importances
DIR_RandomForest_DirectionFullNoTiming_E4_BITS_TO_WEDA,E4_BITS_TO_WEDA,direction,acc_mag_p95,0.012333244872101894,19.0,native_feature_importances
DIR_RandomForest_DirectionFullNoTiming_E4_BITS_TO_WEDA,E4_BITS_TO_WEDA,direction,ax_range,0.012153311174988553,20.0,native_feature_importances
DIR_RandomForest_DirectionFullNoTiming_E4_BITS_TO_WEDA,E4_BITS_TO_WEDA,direction,pitch_std,0.012095495792973336,21.0,native_feature_importances
DIR_RandomForest_DirectionFullNoTiming_E4_BITS_TO_WEDA,E4_BITS_TO_WEDA,direction,acc_mag_max,0.01183677875577726,22.0,native_feature_importances
DIR_RandomForest_DirectionFullNoTiming_E4_BITS_TO_WEDA,E4_BITS_TO_WEDA,direction,pitch_median,0.011682907848813212,23.0,native_feature_importances
DIR_RandomForest_DirectionFullNoTiming_E4_BITS_TO_WEDA,E4_BITS_TO_WEDA,direction,ay_iqr,0.011170337475726337,24.0,native_feature_importances
DIR_RandomForest_DirectionFullNoTiming_E4_BITS_TO_WEDA,E4_BITS_TO_WEDA,direction,jerk_std,0.011026241910699808,25.0,native_feature_importances
DIR_RandomForest_DirectionFullNoTiming_E4_BITS_TO_WEDA,E4_BITS_TO_WEDA,direction,gz_median,0.010596354294776244,26.0,native_feature_importances
DIR_RandomForest_DirectionFullNoTiming_E4_BITS_TO_WEDA,E4_BITS_TO_WEDA,direction,pre_pitch_mean,0.010542545965531409,27.0,native_feature_importances
DIR_RandomForest_DirectionFullNoTiming_E4_BITS_TO_WEDA,E4_BITS_TO_WEDA,direction,gyro_mag_p95,0.009989851452018236,28.0,native_feature_importances
DIR_RandomForest_DirectionFullNoTiming_E4_BITS_TO_WEDA,E4_BITS_TO_WEDA,direction,integrated_gz,0.009943536858636215,29.0,native_feature_importances
DIR_RandomForest_DirectionFullNoTiming_E4_BITS_TO_WEDA,E4_BITS_TO_WEDA,direction,jerk_max,0.009725766926499997,30.0,native_feature_importances
DIR_RandomForest_DirectionFullNoTiming_E5_WEDA_TO_BITS,E5_WEDA_TO_BITS,direction,post_pitch_mean,0.04041995399244955,1.0,native_feature_importances
DIR_RandomForest_DirectionFullNoTiming_E5_WEDA_TO_BITS,E5_WEDA_TO_BITS,direction,integrated_gy,0.02781660753123632,2.0,native_feature_importances
DIR_RandomForest_DirectionFullNoTiming_E5_WEDA_TO_BITS,E5_WEDA_TO_BITS,direction,gy_mean,0.026433496626248304,3.0,native_feature_importances
DIR_RandomForest_DirectionFullNoTiming_E5_WEDA_TO_BITS,E5_WEDA_TO_BITS,direction,post_ax_mean,0.026001781563468072,4.0,native_feature_importances
DIR_RandomForest_DirectionFullNoTiming_E5_WEDA_TO_BITS,E5_WEDA_TO_BITS,direction,ay_final_initial,0.02118431352416444,5.0,native_feature_importances
DIR_RandomForest_DirectionFullNoTiming_E5_WEDA_TO_BITS,E5_WEDA_TO_BITS,direction,ax_final_initial,0.019088447199617678,6.0,native_feature_importances
DIR_RandomForest_DirectionFullNoTiming_E5_WEDA_TO_BITS,E5_WEDA_TO_BITS,direction,tilt_delta_mean,0.018356990058631093,7.0,native_feature_importances
DIR_RandomForest_DirectionFullNoTiming_E5_WEDA_TO_BITS,E5_WEDA_TO_BITS,direction,ax_mean,0.016556763872497444,8.0,native_feature_importances
DIR_RandomForest_DirectionFullNoTiming_E5_WEDA_TO_BITS,E5_WEDA_TO_BITS,direction,pitch_final_initial,0.01650445839025219,9.0,native_feature_importances
DIR_RandomForest_DirectionFullNoTiming_E5_WEDA_TO_BITS,E5_WEDA_TO_BITS,direction,gy_median,0.01636050640376987,10.0,native_feature_importances
DIR_RandomForest_DirectionFullNoTiming_E5_WEDA_TO_BITS,E5_WEDA_TO_BITS,direction,post_roll_mean,0.015815103000388197,11.0,native_feature_importances
DIR_RandomForest_DirectionFullNoTiming_E5_WEDA_TO_BITS,E5_WEDA_TO_BITS,direction,post_ay_mean,0.015429671107201108,12.0,native_feature_importances
DIR_RandomForest_DirectionFullNoTiming_E5_WEDA_TO_BITS,E5_WEDA_TO_BITS,direction,integrated_ax,0.014562676029823758,13.0,native_feature_importances
DIR_RandomForest_DirectionFullNoTiming_E5_WEDA_TO_BITS,E5_WEDA_TO_BITS,direction,delta_pitch_window,0.013900380634969692,14.0,native_feature_importances
DIR_RandomForest_DirectionFullNoTiming_E5_WEDA_TO_BITS,E5_WEDA_TO_BITS,direction,pitch_mean,0.013776458707337244,15.0,native_feature_importances
DIR_RandomForest_DirectionFullNoTiming_E5_WEDA_TO_BITS,E5_WEDA_TO_BITS,direction,post_az_mean,0.013414729276767266,16.0,native_feature_importances
DIR_RandomForest_DirectionFullNoTiming_E5_WEDA_TO_BITS,E5_WEDA_TO_BITS,direction,az_final_initial,0.012806624518052985,17.0,native_feature_importances
DIR_RandomForest_DirectionFullNoTiming_E5_WEDA_TO_BITS,E5_WEDA_TO_BITS,direction,gyro_mag_iqr,0.011851966433486374,18.0,native_feature_importances
DIR_RandomForest_DirectionFullNoTiming_E5_WEDA_TO_BITS,E5_WEDA_TO_BITS,direction,post_gx_mean,0.011258515134408948,19.0,native_feature_importances
DIR_RandomForest_DirectionFullNoTiming_E5_WEDA_TO_BITS,E5_WEDA_TO_BITS,direction,gx_median,0.011157779174031606,20.0,native_feature_importances
DIR_RandomForest_DirectionFullNoTiming_E5_WEDA_TO_BITS,E5_WEDA_TO_BITS,direction,pre_ax_mean,0.01095444139389189,21.0,native_feature_importances
DIR_RandomForest_DirectionFullNoTiming_E5_WEDA_TO_BITS,E5_WEDA_TO_BITS,direction,integrated_gx,0.010328675317859687,22.0,native_feature_importances
DIR_RandomForest_DirectionFullNoTiming_E5_WEDA_TO_BITS,E5_WEDA_TO_BITS,direction,post_gy_mean,0.009836660590168437,23.0,native_feature_importances
DIR_RandomForest_DirectionFullNoTiming_E5_WEDA_TO_BITS,E5_WEDA_TO_BITS,direction,pre_gx_mean,0.009824561397335037,24.0,native_feature_importances
DIR_RandomForest_DirectionFullNoTiming_E5_WEDA_TO_BITS,E5_WEDA_TO_BITS,direction,gx_std,0.009760909932769946,25.0,native_feature_importances
DIR_RandomForest_DirectionFullNoTiming_E5_WEDA_TO_BITS,E5_WEDA_TO_BITS,direction,pre_gy_mean,0.009661647617881283,26.0,native_feature_importances
DIR_RandomForest_DirectionFullNoTiming_E5_WEDA_TO_BITS,E5_WEDA_TO_BITS,direction,gx_mean,0.009590016138683136,27.0,native_feature_importances
DIR_RandomForest_DirectionFullNoTiming_E5_WEDA_TO_BITS,E5_WEDA_TO_BITS,direction,pre_roll_mean,0.009492521826559125,28.0,native_feature_importances
DIR_RandomForest_DirectionFullNoTiming_E5_WEDA_TO_BITS,E5_WEDA_TO_BITS,direction,pitch_std,0.009423303782096774,29.0,native_feature_importances
DIR_RandomForest_DirectionFullNoTiming_E5_WEDA_TO_BITS,E5_WEDA_TO_BITS,direction,delta_roll_window,0.009209785507075623,30.0,native_feature_importances
DIR_GradientBoosting_DirectionFullNoTiming_E1_BITS_TO_BITS,E1_BITS_TO_BITS,direction,ax_min,0.2904931067727273,1.0,native_feature_importances
DIR_GradientBoosting_DirectionFullNoTiming_E1_BITS_TO_BITS,E1_BITS_TO_BITS,direction,gyro_mag_mean,0.08935512960262082,2.0,native_feature_importances
DIR_GradientBoosting_DirectionFullNoTiming_E1_BITS_TO_BITS,E1_BITS_TO_BITS,direction,gz_mean,0.04854996270004671,3.0,native_feature_importances
DIR_GradientBoosting_DirectionFullNoTiming_E1_BITS_TO_BITS,E1_BITS_TO_BITS,direction,pre_ay_mean,0.032371896161662965,4.0,native_feature_importances
DIR_GradientBoosting_DirectionFullNoTiming_E1_BITS_TO_BITS,E1_BITS_TO_BITS,direction,ay_final_initial,0.028305098875121254,5.0,native_feature_importances
DIR_GradientBoosting_DirectionFullNoTiming_E1_BITS_TO_BITS,E1_BITS_TO_BITS,direction,pitch_std,0.02240601076317669,6.0,native_feature_importances
DIR_GradientBoosting_DirectionFullNoTiming_E1_BITS_TO_BITS,E1_BITS_TO_BITS,direction,integrated_gz,0.019554761313835416,7.0,native_feature_importances
DIR_GradientBoosting_DirectionFullNoTiming_E1_BITS_TO_BITS,E1_BITS_TO_BITS,direction,acc_mag_p95,0.019236933837389555,8.0,native_feature_importances
DIR_GradientBoosting_DirectionFullNoTiming_E1_BITS_TO_BITS,E1_BITS_TO_BITS,direction,delta_pitch_window,0.01855986148134246,9.0,native_feature_importances
DIR_GradientBoosting_DirectionFullNoTiming_E1_BITS_TO_BITS,E1_BITS_TO_BITS,direction,pre_gz_mean,0.0183460799141379,10.0,native_feature_importances
DIR_GradientBoosting_DirectionFullNoTiming_E1_BITS_TO_BITS,E1_BITS_TO_BITS,direction,peak_signed_az,0.017984559711653986,11.0,native_feature_importances
DIR_GradientBoosting_DirectionFullNoTiming_E1_BITS_TO_BITS,E1_BITS_TO_BITS,direction,az_min,0.017727577003314326,12.0,native_feature_importances
DIR_GradientBoosting_DirectionFullNoTiming_E1_BITS_TO_BITS,E1_BITS_TO_BITS,direction,roll_min,0.017156945917775276,13.0,native_feature_importances
DIR_GradientBoosting_DirectionFullNoTiming_E1_BITS_TO_BITS,E1_BITS_TO_BITS,direction,az_final_initial,0.015703499845046275,14.0,native_feature_importances
DIR_GradientBoosting_DirectionFullNoTiming_E1_BITS_TO_BITS,E1_BITS_TO_BITS,direction,post_pitch_mean,0.014498982235156888,15.0,native_feature_importances
DIR_GradientBoosting_DirectionFullNoTiming_E1_BITS_TO_BITS,E1_BITS_TO_BITS,direction,pre_impact_energy,0.014315687481567644,16.0,native_feature_importances
DIR_GradientBoosting_DirectionFullNoTiming_E1_BITS_TO_BITS,E1_BITS_TO_BITS,direction,pitch_median,0.014065635943146132,17.0,native_feature_importances
DIR_GradientBoosting_DirectionFullNoTiming_E1_BITS_TO_BITS,E1_BITS_TO_BITS,direction,ax_iqr,0.013731788367173951,18.0,native_feature_importances
DIR_GradientBoosting_DirectionFullNoTiming_E1_BITS_TO_BITS,E1_BITS_TO_BITS,direction,gz_final_initial,0.012689168979243994,19.0,native_feature_importances
DIR_GradientBoosting_DirectionFullNoTiming_E1_BITS_TO_BITS,E1_BITS_TO_BITS,direction,roll_iqr,0.01222136542763798,20.0,native_feature_importances
DIR_GradientBoosting_DirectionFullNoTiming_E1_BITS_TO_BITS,E1_BITS_TO_BITS,direction,roll_final_initial,0.011993584523775556,21.0,native_feature_importances
DIR_GradientBoosting_DirectionFullNoTiming_E1_BITS_TO_BITS,E1_BITS_TO_BITS,direction,post_gz_mean,0.011847813238175159,22.0,native_feature_importances
DIR_GradientBoosting_DirectionFullNoTiming_E1_BITS_TO_BITS,E1_BITS_TO_BITS,direction,gy_max,0.01139257419970029,23.0,native_feature_importances
DIR_GradientBoosting_DirectionFullNoTiming_E1_BITS_TO_BITS,E1_BITS_TO_BITS,direction,acc_mag_peak_value,0.010585410546736293,24.0,native_feature_importances
DIR_GradientBoosting_DirectionFullNoTiming_E1_BITS_TO_BITS,E1_BITS_TO_BITS,direction,pre_gy_mean,0.00973175032702379,25.0,native_feature_importances
DIR_GradientBoosting_DirectionFullNoTiming_E1_BITS_TO_BITS,E1_BITS_TO_BITS,direction,pre_post_energy_ratio,0.009281114274720063,26.0,native_feature_importances
DIR_GradientBoosting_DirectionFullNoTiming_E1_BITS_TO_BITS,E1_BITS_TO_BITS,direction,acc_mag_max,0.009126987642749189,27.0,native_feature_importances
DIR_GradientBoosting_DirectionFullNoTiming_E1_BITS_TO_BITS,E1_BITS_TO_BITS,direction,post_acc_mag_std,0.00880128457625582,28.0,native_feature_importances
DIR_GradientBoosting_DirectionFullNoTiming_E1_BITS_TO_BITS,E1_BITS_TO_BITS,direction,ay_iqr,0.008617775084942625,29.0,native_feature_importances
DIR_GradientBoosting_DirectionFullNoTiming_E1_BITS_TO_BITS,E1_BITS_TO_BITS,direction,jerk_max,0.008139690826763569,30.0,native_feature_importances
DIR_GradientBoosting_DirectionFullNoTiming_E2_WEDA_TO_WEDA,E2_WEDA_TO_WEDA,direction,post_pitch_mean,0.10826615047686335,1.0,native_feature_importances
DIR_GradientBoosting_DirectionFullNoTiming_E2_WEDA_TO_WEDA,E2_WEDA_TO_WEDA,direction,gy_median,0.09637880540873256,2.0,native_feature_importances
DIR_GradientBoosting_DirectionFullNoTiming_E2_WEDA_TO_WEDA,E2_WEDA_TO_WEDA,direction,post_ax_mean,0.06431697367276493,3.0,native_feature_importances
DIR_GradientBoosting_DirectionFullNoTiming_E2_WEDA_TO_WEDA,E2_WEDA_TO_WEDA,direction,gy_mean,0.06189769405231251,4.0,native_feature_importances
DIR_GradientBoosting_DirectionFullNoTiming_E2_WEDA_TO_WEDA,E2_WEDA_TO_WEDA,direction,post_az_mean,0.04659454340365385,5.0,native_feature_importances
DIR_GradientBoosting_DirectionFullNoTiming_E2_WEDA_TO_WEDA,E2_WEDA_TO_WEDA,direction,post_ay_mean,0.0461397395189502,6.0,native_feature_importances
DIR_GradientBoosting_DirectionFullNoTiming_E2_WEDA_TO_WEDA,E2_WEDA_TO_WEDA,direction,pitch_final_initial,0.04434292898572399,7.0,native_feature_importances
DIR_GradientBoosting_DirectionFullNoTiming_E2_WEDA_TO_WEDA,E2_WEDA_TO_WEDA,direction,pre_gx_mean,0.036555116871172286,8.0,native_feature_importances
DIR_GradientBoosting_DirectionFullNoTiming_E2_WEDA_TO_WEDA,E2_WEDA_TO_WEDA,direction,ax_final_initial,0.02872016489677589,9.0,native_feature_importances
DIR_GradientBoosting_DirectionFullNoTiming_E2_WEDA_TO_WEDA,E2_WEDA_TO_WEDA,direction,integrated_gy,0.02865507193579976,10.0,native_feature_importances
DIR_GradientBoosting_DirectionFullNoTiming_E2_WEDA_TO_WEDA,E2_WEDA_TO_WEDA,direction,gx_median,0.02507496183708487,11.0,native_feature_importances
DIR_GradientBoosting_DirectionFullNoTiming_E2_WEDA_TO_WEDA,E2_WEDA_TO_WEDA,direction,ay_iqr,0.023382708873633414,12.0,native_feature_importances
DIR_GradientBoosting_DirectionFullNoTiming_E2_WEDA_TO_WEDA,E2_WEDA_TO_WEDA,direction,pitch_mean,0.019955689146025614,13.0,native_feature_importances
DIR_GradientBoosting_DirectionFullNoTiming_E2_WEDA_TO_WEDA,E2_WEDA_TO_WEDA,direction,az_min,0.01982942700502653,14.0,native_feature_importances
DIR_GradientBoosting_DirectionFullNoTiming_E2_WEDA_TO_WEDA,E2_WEDA_TO_WEDA,direction,ay_final_initial,0.017488811386858497,15.0,native_feature_importances
DIR_GradientBoosting_DirectionFullNoTiming_E2_WEDA_TO_WEDA,E2_WEDA_TO_WEDA,direction,ax_mean,0.017343515950611045,16.0,native_feature_importances
DIR_GradientBoosting_DirectionFullNoTiming_E2_WEDA_TO_WEDA,E2_WEDA_TO_WEDA,direction,pre_ay_mean,0.016691011698889483,17.0,native_feature_importances
DIR_GradientBoosting_DirectionFullNoTiming_E2_WEDA_TO_WEDA,E2_WEDA_TO_WEDA,direction,tilt_delta_mean,0.015250897440978713,18.0,native_feature_importances
DIR_GradientBoosting_DirectionFullNoTiming_E2_WEDA_TO_WEDA,E2_WEDA_TO_WEDA,direction,gx_max,0.014104529869672306,19.0,native_feature_importances
DIR_GradientBoosting_DirectionFullNoTiming_E2_WEDA_TO_WEDA,E2_WEDA_TO_WEDA,direction,pre_az_mean,0.012780212918935132,20.0,native_feature_importances
DIR_GradientBoosting_DirectionFullNoTiming_E2_WEDA_TO_WEDA,E2_WEDA_TO_WEDA,direction,gx_std,0.012425422325152844,21.0,native_feature_importances
DIR_GradientBoosting_DirectionFullNoTiming_E2_WEDA_TO_WEDA,E2_WEDA_TO_WEDA,direction,gy_final_initial,0.011003208431025199,22.0,native_feature_importances
DIR_GradientBoosting_DirectionFullNoTiming_E2_WEDA_TO_WEDA,E2_WEDA_TO_WEDA,direction,pre_acc_mag_std,0.010309130603555457,23.0,native_feature_importances
DIR_GradientBoosting_DirectionFullNoTiming_E2_WEDA_TO_WEDA,E2_WEDA_TO_WEDA,direction,pre_gyro_mag_std,0.009746718204906002,24.0,native_feature_importances
DIR_GradientBoosting_DirectionFullNoTiming_E2_WEDA_TO_WEDA,E2_WEDA_TO_WEDA,direction,pitch_median,0.009249309497457264,25.0,native_feature_importances
DIR_GradientBoosting_DirectionFullNoTiming_E2_WEDA_TO_WEDA,E2_WEDA_TO_WEDA,direction,delta_pitch_window,0.00856521698183762,26.0,native_feature_importances
DIR_GradientBoosting_DirectionFullNoTiming_E2_WEDA_TO_WEDA,E2_WEDA_TO_WEDA,direction,pre_pitch_mean,0.007893786945451462,27.0,native_feature_importances
DIR_GradientBoosting_DirectionFullNoTiming_E2_WEDA_TO_WEDA,E2_WEDA_TO_WEDA,direction,gz_median,0.007850365696289002,28.0,native_feature_importances
DIR_GradientBoosting_DirectionFullNoTiming_E2_WEDA_TO_WEDA,E2_WEDA_TO_WEDA,direction,post_gx_mean,0.007700294259841254,29.0,native_feature_importances
DIR_GradientBoosting_DirectionFullNoTiming_E2_WEDA_TO_WEDA,E2_WEDA_TO_WEDA,direction,pre_post_energy_ratio,0.006644794967301911,30.0,native_feature_importances
DIR_GradientBoosting_DirectionFullNoTiming_E3_BITS_WEDA_MIXED,E3_BITS_WEDA_MIXED,direction,post_pitch_mean,0.13065553195207588,1.0,native_feature_importances
DIR_GradientBoosting_DirectionFullNoTiming_E3_BITS_WEDA_MIXED,E3_BITS_WEDA_MIXED,direction,gy_median,0.07092653054360318,2.0,native_feature_importances
DIR_GradientBoosting_DirectionFullNoTiming_E3_BITS_WEDA_MIXED,E3_BITS_WEDA_MIXED,direction,post_roll_mean,0.041697836820344794,3.0,native_feature_importances
DIR_GradientBoosting_DirectionFullNoTiming_E3_BITS_WEDA_MIXED,E3_BITS_WEDA_MIXED,direction,post_ax_mean,0.03783521414998987,4.0,native_feature_importances
DIR_GradientBoosting_DirectionFullNoTiming_E3_BITS_WEDA_MIXED,E3_BITS_WEDA_MIXED,direction,gx_median,0.03004667795149449,5.0,native_feature_importances
DIR_GradientBoosting_DirectionFullNoTiming_E3_BITS_WEDA_MIXED,E3_BITS_WEDA_MIXED,direction,gx_std,0.026204147824666086,6.0,native_feature_importances
DIR_GradientBoosting_DirectionFullNoTiming_E3_BITS_WEDA_MIXED,E3_BITS_WEDA_MIXED,direction,ax_min,0.02503193982466572,7.0,native_feature_importances
DIR_GradientBoosting_DirectionFullNoTiming_E3_BITS_WEDA_MIXED,E3_BITS_WEDA_MIXED,direction,post_gx_mean,0.024865296673230158,8.0,native_feature_importances
DIR_GradientBoosting_DirectionFullNoTiming_E3_BITS_WEDA_MIXED,E3_BITS_WEDA_MIXED,direction,gy_mean,0.022606438425578506,9.0,native_feature_importances
DIR_GradientBoosting_DirectionFullNoTiming_E3_BITS_WEDA_MIXED,E3_BITS_WEDA_MIXED,direction,tilt_delta_mean,0.021407482900933153,10.0,native_feature_importances
DIR_GradientBoosting_DirectionFullNoTiming_E3_BITS_WEDA_MIXED,E3_BITS_WEDA_MIXED,direction,integrated_ax,0.01945501412842252,11.0,native_feature_importances
DIR_GradientBoosting_DirectionFullNoTiming_E3_BITS_WEDA_MIXED,E3_BITS_WEDA_MIXED,direction,integrated_gz,0.017527513173262434,12.0,native_feature_importances
DIR_GradientBoosting_DirectionFullNoTiming_E3_BITS_WEDA_MIXED,E3_BITS_WEDA_MIXED,direction,peak_signed_ay,0.017473290977863664,13.0,native_feature_importances
DIR_GradientBoosting_DirectionFullNoTiming_E3_BITS_WEDA_MIXED,E3_BITS_WEDA_MIXED,direction,gyro_mag_min,0.017465404131620215,14.0,native_feature_importances
DIR_GradientBoosting_DirectionFullNoTiming_E3_BITS_WEDA_MIXED,E3_BITS_WEDA_MIXED,direction,ax_range,0.016572841416190778,15.0,native_feature_importances
DIR_GradientBoosting_DirectionFullNoTiming_E3_BITS_WEDA_MIXED,E3_BITS_WEDA_MIXED,direction,ay_final_initial,0.016357090070178375,16.0,native_feature_importances
DIR_GradientBoosting_DirectionFullNoTiming_E3_BITS_WEDA_MIXED,E3_BITS_WEDA_MIXED,direction,pre_gx_mean,0.015099624918776991,17.0,native_feature_importances
DIR_GradientBoosting_DirectionFullNoTiming_E3_BITS_WEDA_MIXED,E3_BITS_WEDA_MIXED,direction,pitch_mean,0.014373459163309527,18.0,native_feature_importances
DIR_GradientBoosting_DirectionFullNoTiming_E3_BITS_WEDA_MIXED,E3_BITS_WEDA_MIXED,direction,integrated_gy,0.013807797273974472,19.0,native_feature_importances
DIR_GradientBoosting_DirectionFullNoTiming_E3_BITS_WEDA_MIXED,E3_BITS_WEDA_MIXED,direction,roll_min,0.013803982722354825,20.0,native_feature_importances
DIR_GradientBoosting_DirectionFullNoTiming_E3_BITS_WEDA_MIXED,E3_BITS_WEDA_MIXED,direction,az_mean,0.013708737650002014,21.0,native_feature_importances
DIR_GradientBoosting_DirectionFullNoTiming_E3_BITS_WEDA_MIXED,E3_BITS_WEDA_MIXED,direction,gx_range,0.013432539181227913,22.0,native_feature_importances
DIR_GradientBoosting_DirectionFullNoTiming_E3_BITS_WEDA_MIXED,E3_BITS_WEDA_MIXED,direction,ax_mean,0.013305560482615284,23.0,native_feature_importances
DIR_GradientBoosting_DirectionFullNoTiming_E3_BITS_WEDA_MIXED,E3_BITS_WEDA_MIXED,direction,post_az_mean,0.013244614521023025,24.0,native_feature_importances
DIR_GradientBoosting_DirectionFullNoTiming_E3_BITS_WEDA_MIXED,E3_BITS_WEDA_MIXED,direction,ay_iqr,0.0130163472458993,25.0,native_feature_importances
DIR_GradientBoosting_DirectionFullNoTiming_E3_BITS_WEDA_MIXED,E3_BITS_WEDA_MIXED,direction,gz_median,0.012986939666714088,26.0,native_feature_importances
DIR_GradientBoosting_DirectionFullNoTiming_E3_BITS_WEDA_MIXED,E3_BITS_WEDA_MIXED,direction,pre_ay_mean,0.011730836654416543,27.0,native_feature_importances
DIR_GradientBoosting_DirectionFullNoTiming_E3_BITS_WEDA_MIXED,E3_BITS_WEDA_MIXED,direction,post_gz_mean,0.011177469393814733,28.0,native_feature_importances
DIR_GradientBoosting_DirectionFullNoTiming_E3_BITS_WEDA_MIXED,E3_BITS_WEDA_MIXED,direction,delta_pitch_window,0.010648335489630017,29.0,native_feature_importances
DIR_GradientBoosting_DirectionFullNoTiming_E3_BITS_WEDA_MIXED,E3_BITS_WEDA_MIXED,direction,pitch_max,0.009545018897434825,30.0,native_feature_importances
DIR_GradientBoosting_DirectionFullNoTiming_E4_BITS_TO_WEDA,E4_BITS_TO_WEDA,direction,ax_min,0.2904931067727273,1.0,native_feature_importances
DIR_GradientBoosting_DirectionFullNoTiming_E4_BITS_TO_WEDA,E4_BITS_TO_WEDA,direction,gyro_mag_mean,0.08935512960262082,2.0,native_feature_importances
DIR_GradientBoosting_DirectionFullNoTiming_E4_BITS_TO_WEDA,E4_BITS_TO_WEDA,direction,gz_mean,0.04854996270004671,3.0,native_feature_importances
DIR_GradientBoosting_DirectionFullNoTiming_E4_BITS_TO_WEDA,E4_BITS_TO_WEDA,direction,pre_ay_mean,0.032371896161662965,4.0,native_feature_importances
DIR_GradientBoosting_DirectionFullNoTiming_E4_BITS_TO_WEDA,E4_BITS_TO_WEDA,direction,ay_final_initial,0.028305098875121254,5.0,native_feature_importances
DIR_GradientBoosting_DirectionFullNoTiming_E4_BITS_TO_WEDA,E4_BITS_TO_WEDA,direction,pitch_std,0.02240601076317669,6.0,native_feature_importances
DIR_GradientBoosting_DirectionFullNoTiming_E4_BITS_TO_WEDA,E4_BITS_TO_WEDA,direction,integrated_gz,0.019554761313835416,7.0,native_feature_importances
DIR_GradientBoosting_DirectionFullNoTiming_E4_BITS_TO_WEDA,E4_BITS_TO_WEDA,direction,acc_mag_p95,0.019236933837389555,8.0,native_feature_importances
DIR_GradientBoosting_DirectionFullNoTiming_E4_BITS_TO_WEDA,E4_BITS_TO_WEDA,direction,delta_pitch_window,0.01855986148134246,9.0,native_feature_importances
DIR_GradientBoosting_DirectionFullNoTiming_E4_BITS_TO_WEDA,E4_BITS_TO_WEDA,direction,pre_gz_mean,0.0183460799141379,10.0,native_feature_importances
DIR_GradientBoosting_DirectionFullNoTiming_E4_BITS_TO_WEDA,E4_BITS_TO_WEDA,direction,peak_signed_az,0.017984559711653986,11.0,native_feature_importances
DIR_GradientBoosting_DirectionFullNoTiming_E4_BITS_TO_WEDA,E4_BITS_TO_WEDA,direction,az_min,0.017727577003314326,12.0,native_feature_importances
DIR_GradientBoosting_DirectionFullNoTiming_E4_BITS_TO_WEDA,E4_BITS_TO_WEDA,direction,roll_min,0.017156945917775276,13.0,native_feature_importances
DIR_GradientBoosting_DirectionFullNoTiming_E4_BITS_TO_WEDA,E4_BITS_TO_WEDA,direction,az_final_initial,0.015703499845046275,14.0,native_feature_importances
DIR_GradientBoosting_DirectionFullNoTiming_E4_BITS_TO_WEDA,E4_BITS_TO_WEDA,direction,post_pitch_mean,0.014498982235156888,15.0,native_feature_importances
DIR_GradientBoosting_DirectionFullNoTiming_E4_BITS_TO_WEDA,E4_BITS_TO_WEDA,direction,pre_impact_energy,0.014315687481567644,16.0,native_feature_importances
DIR_GradientBoosting_DirectionFullNoTiming_E4_BITS_TO_WEDA,E4_BITS_TO_WEDA,direction,pitch_median,0.014065635943146132,17.0,native_feature_importances
DIR_GradientBoosting_DirectionFullNoTiming_E4_BITS_TO_WEDA,E4_BITS_TO_WEDA,direction,ax_iqr,0.013731788367173951,18.0,native_feature_importances
DIR_GradientBoosting_DirectionFullNoTiming_E4_BITS_TO_WEDA,E4_BITS_TO_WEDA,direction,gz_final_initial,0.012689168979243994,19.0,native_feature_importances
DIR_GradientBoosting_DirectionFullNoTiming_E4_BITS_TO_WEDA,E4_BITS_TO_WEDA,direction,roll_iqr,0.01222136542763798,20.0,native_feature_importances
DIR_GradientBoosting_DirectionFullNoTiming_E4_BITS_TO_WEDA,E4_BITS_TO_WEDA,direction,roll_final_initial,0.011993584523775556,21.0,native_feature_importances
DIR_GradientBoosting_DirectionFullNoTiming_E4_BITS_TO_WEDA,E4_BITS_TO_WEDA,direction,post_gz_mean,0.011847813238175159,22.0,native_feature_importances
DIR_GradientBoosting_DirectionFullNoTiming_E4_BITS_TO_WEDA,E4_BITS_TO_WEDA,direction,gy_max,0.01139257419970029,23.0,native_feature_importances
DIR_GradientBoosting_DirectionFullNoTiming_E4_BITS_TO_WEDA,E4_BITS_TO_WEDA,direction,acc_mag_peak_value,0.010585410546736293,24.0,native_feature_importances
DIR_GradientBoosting_DirectionFullNoTiming_E4_BITS_TO_WEDA,E4_BITS_TO_WEDA,direction,pre_gy_mean,0.00973175032702379,25.0,native_feature_importances
DIR_GradientBoosting_DirectionFullNoTiming_E4_BITS_TO_WEDA,E4_BITS_TO_WEDA,direction,pre_post_energy_ratio,0.009281114274720063,26.0,native_feature_importances
DIR_GradientBoosting_DirectionFullNoTiming_E4_BITS_TO_WEDA,E4_BITS_TO_WEDA,direction,acc_mag_max,0.009126987642749189,27.0,native_feature_importances
DIR_GradientBoosting_DirectionFullNoTiming_E4_BITS_TO_WEDA,E4_BITS_TO_WEDA,direction,post_acc_mag_std,0.00880128457625582,28.0,native_feature_importances
DIR_GradientBoosting_DirectionFullNoTiming_E4_BITS_TO_WEDA,E4_BITS_TO_WEDA,direction,ay_iqr,0.008617775084942625,29.0,native_feature_importances
DIR_GradientBoosting_DirectionFullNoTiming_E4_BITS_TO_WEDA,E4_BITS_TO_WEDA,direction,jerk_max,0.008139690826763569,30.0,native_feature_importances
DIR_GradientBoosting_DirectionFullNoTiming_E5_WEDA_TO_BITS,E5_WEDA_TO_BITS,direction,post_pitch_mean,0.10826615047686335,1.0,native_feature_importances
DIR_GradientBoosting_DirectionFullNoTiming_E5_WEDA_TO_BITS,E5_WEDA_TO_BITS,direction,gy_median,0.09637880540873256,2.0,native_feature_importances
DIR_GradientBoosting_DirectionFullNoTiming_E5_WEDA_TO_BITS,E5_WEDA_TO_BITS,direction,post_ax_mean,0.06431697367276493,3.0,native_feature_importances
DIR_GradientBoosting_DirectionFullNoTiming_E5_WEDA_TO_BITS,E5_WEDA_TO_BITS,direction,gy_mean,0.06189769405231251,4.0,native_feature_importances
DIR_GradientBoosting_DirectionFullNoTiming_E5_WEDA_TO_BITS,E5_WEDA_TO_BITS,direction,post_az_mean,0.04659454340365385,5.0,native_feature_importances
DIR_GradientBoosting_DirectionFullNoTiming_E5_WEDA_TO_BITS,E5_WEDA_TO_BITS,direction,post_ay_mean,0.0461397395189502,6.0,native_feature_importances
DIR_GradientBoosting_DirectionFullNoTiming_E5_WEDA_TO_BITS,E5_WEDA_TO_BITS,direction,pitch_final_initial,0.04434292898572399,7.0,native_feature_importances
DIR_GradientBoosting_DirectionFullNoTiming_E5_WEDA_TO_BITS,E5_WEDA_TO_BITS,direction,pre_gx_mean,0.036555116871172286,8.0,native_feature_importances
DIR_GradientBoosting_DirectionFullNoTiming_E5_WEDA_TO_BITS,E5_WEDA_TO_BITS,direction,ax_final_initial,0.02872016489677589,9.0,native_feature_importances
DIR_GradientBoosting_DirectionFullNoTiming_E5_WEDA_TO_BITS,E5_WEDA_TO_BITS,direction,integrated_gy,0.02865507193579976,10.0,native_feature_importances
DIR_GradientBoosting_DirectionFullNoTiming_E5_WEDA_TO_BITS,E5_WEDA_TO_BITS,direction,gx_median,0.02507496183708487,11.0,native_feature_importances
DIR_GradientBoosting_DirectionFullNoTiming_E5_WEDA_TO_BITS,E5_WEDA_TO_BITS,direction,ay_iqr,0.023382708873633414,12.0,native_feature_importances
DIR_GradientBoosting_DirectionFullNoTiming_E5_WEDA_TO_BITS,E5_WEDA_TO_BITS,direction,pitch_mean,0.019955689146025614,13.0,native_feature_importances
DIR_GradientBoosting_DirectionFullNoTiming_E5_WEDA_TO_BITS,E5_WEDA_TO_BITS,direction,az_min,0.01982942700502653,14.0,native_feature_importances
DIR_GradientBoosting_DirectionFullNoTiming_E5_WEDA_TO_BITS,E5_WEDA_TO_BITS,direction,ay_final_initial,0.017488811386858497,15.0,native_feature_importances
DIR_GradientBoosting_DirectionFullNoTiming_E5_WEDA_TO_BITS,E5_WEDA_TO_BITS,direction,ax_mean,0.017343515950611045,16.0,native_feature_importances
DIR_GradientBoosting_DirectionFullNoTiming_E5_WEDA_TO_BITS,E5_WEDA_TO_BITS,direction,pre_ay_mean,0.016691011698889483,17.0,native_feature_importances
DIR_GradientBoosting_DirectionFullNoTiming_E5_WEDA_TO_BITS,E5_WEDA_TO_BITS,direction,tilt_delta_mean,0.015250897440978713,18.0,native_feature_importances
DIR_GradientBoosting_DirectionFullNoTiming_E5_WEDA_TO_BITS,E5_WEDA_TO_BITS,direction,gx_max,0.014104529869672306,19.0,native_feature_importances
DIR_GradientBoosting_DirectionFullNoTiming_E5_WEDA_TO_BITS,E5_WEDA_TO_BITS,direction,pre_az_mean,0.012780212918935132,20.0,native_feature_importances
DIR_GradientBoosting_DirectionFullNoTiming_E5_WEDA_TO_BITS,E5_WEDA_TO_BITS,direction,gx_std,0.012425422325152844,21.0,native_feature_importances
DIR_GradientBoosting_DirectionFullNoTiming_E5_WEDA_TO_BITS,E5_WEDA_TO_BITS,direction,gy_final_initial,0.011003208431025199,22.0,native_feature_importances
DIR_GradientBoosting_DirectionFullNoTiming_E5_WEDA_TO_BITS,E5_WEDA_TO_BITS,direction,pre_acc_mag_std,0.010309130603555457,23.0,native_feature_importances
DIR_GradientBoosting_DirectionFullNoTiming_E5_WEDA_TO_BITS,E5_WEDA_TO_BITS,direction,pre_gyro_mag_std,0.009746718204906002,24.0,native_feature_importances
DIR_GradientBoosting_DirectionFullNoTiming_E5_WEDA_TO_BITS,E5_WEDA_TO_BITS,direction,pitch_median,0.009249309497457264,25.0,native_feature_importances
DIR_GradientBoosting_DirectionFullNoTiming_E5_WEDA_TO_BITS,E5_WEDA_TO_BITS,direction,delta_pitch_window,0.00856521698183762,26.0,native_feature_importances
DIR_GradientBoosting_DirectionFullNoTiming_E5_WEDA_TO_BITS,E5_WEDA_TO_BITS,direction,pre_pitch_mean,0.007893786945451462,27.0,native_feature_importances
DIR_GradientBoosting_DirectionFullNoTiming_E5_WEDA_TO_BITS,E5_WEDA_TO_BITS,direction,gz_median,0.007850365696289002,28.0,native_feature_importances
DIR_GradientBoosting_DirectionFullNoTiming_E5_WEDA_TO_BITS,E5_WEDA_TO_BITS,direction,post_gx_mean,0.007700294259841254,29.0,native_feature_importances
DIR_GradientBoosting_DirectionFullNoTiming_E5_WEDA_TO_BITS,E5_WEDA_TO_BITS,direction,pre_post_energy_ratio,0.006644794967301911,30.0,native_feature_importances
DIR_HistGradientBoosting_DirectionFullNoTiming_E1_BITS_TO_BITS,E1_BITS_TO_BITS,direction,,,,not_available_for_model
DIR_HistGradientBoosting_DirectionFullNoTiming_E2_WEDA_TO_WEDA,E2_WEDA_TO_WEDA,direction,,,,not_available_for_model
DIR_HistGradientBoosting_DirectionFullNoTiming_E3_BITS_WEDA_MIXED,E3_BITS_WEDA_MIXED,direction,,,,not_available_for_model
DIR_HistGradientBoosting_DirectionFullNoTiming_E4_BITS_TO_WEDA,E4_BITS_TO_WEDA,direction,,,,not_available_for_model
DIR_HistGradientBoosting_DirectionFullNoTiming_E5_WEDA_TO_BITS,E5_WEDA_TO_BITS,direction,,,,not_available_for_model
