window_id,dataset,source_path,source_folder,subject_id,trial_id,activity_id,activity_name,activity,fall_label,direction_label,direction_supervised,start_idx,end_idx,start_time,end_time,sampling_rate,window_size,stride_size,feature_order,source_hz,target_hz,resampling_method,window_rule,original_length,processed_length,fall_interval_start,fall_interval_end,unit_conversion,sensor_position,dataset_name,acc_unit_before,gyro_unit_before,acc_unit_after,gyro_unit_after,conversion_factor_acc,conversion_factor_gyro,unit_harmonized,split,true_fall,pred_fall,fall_prob,true_direction,pred_direction,direction_confidence
w25_00003575,weda,C:\Users\ADMIN\Desktop\ds-fall\data\raw\WEDA-FALL-main\dataset\25Hz\D01\U04_R01_accel.csv,C:\Users\ADMIN\Desktop\ds-fall\data\raw\WEDA-FALL-main\dataset\25Hz,U04,D01_R01,D01,walking,walking,0,none,False,0,50,0.006,1.966,25.0,50,12,"ax,ay,az,gx,gy,gz,acc_mag,gyro_mag,jerk,roll,pitch,tilt_delta",25.0,25.0,raw_25hz_time_aligned_to_uniform_25hz,adl_sliding_capped,491,496,,,dataset_unit_map,wrist,weda,m/s^2,rad/s,m/s^2,rad/s,1.0,1.0,True,test,non_fall,non_fall,0.18269667029380798,none,forward,0.9024539589881897
w25_00003576,weda,C:\Users\ADMIN\Desktop\ds-fall\data\raw\WEDA-FALL-main\dataset\25Hz\D01\U04_R01_accel.csv,C:\Users\ADMIN\Desktop\ds-fall\data\raw\WEDA-FALL-main\dataset\25Hz,U04,D01_R01,D01,walking,walking,0,none,False,12,62,0.486,2.4459999999999997,25.0,50,12,"ax,ay,az,gx,gy,gz,acc_mag,gyro_mag,jerk,roll,pitch,tilt_delta",25.0,25.0,raw_25hz_time_aligned_to_uniform_25hz,adl_sliding_capped,491,496,,,dataset_unit_map,wrist,weda,m/s^2,rad/s,m/s^2,rad/s,1.0,1.0,True,test,non_fall,non_fall,0.3529650568962097,none,forward,0.8945193886756897
w25_00003577,weda,C:\Users\ADMIN\Desktop\ds-fall\data\raw\WEDA-FALL-main\dataset\25Hz\D01\U04_R01_accel.csv,C:\Users\ADMIN\Desktop\ds-fall\data\raw\WEDA-FALL-main\dataset\25Hz,U04,D01_R01,D01,walking,walking,0,none,False,24,74,0.966,2.9259999999999997,25.0,50,12,"ax,ay,az,gx,gy,gz,acc_mag,gyro_mag,jerk,roll,pitch,tilt_delta",25.0,25.0,raw_25hz_time_aligned_to_uniform_25hz,adl_sliding_capped,491,496,,,dataset_unit_map,wrist,weda,m/s^2,rad/s,m/s^2,rad/s,1.0,1.0,True,test,non_fall,non_fall,0.17500047385692596,none,forward,0.6000009179115295
w25_00003578,weda,C:\Users\ADMIN\Desktop\ds-fall\data\raw\WEDA-FALL-main\dataset\25Hz\D01\U04_R01_accel.csv,C:\Users\ADMIN\Desktop\ds-fall\data\raw\WEDA-FALL-main\dataset\25Hz,U04,D01_R01,D01,walking,walking,0,none,False,36,86,1.446,3.4059999999999997,25.0,50,12,"ax,ay,az,gx,gy,gz,acc_mag,gyro_mag,jerk,roll,pitch,tilt_delta",25.0,25.0,raw_25hz_time_aligned_to_uniform_25hz,adl_sliding_capped,491,496,,,dataset_unit_map,wrist,weda,m/s^2,rad/s,m/s^2,rad/s,1.0,1.0,True,test,non_fall,non_fall,0.055068351328372955,none,forward,0.4914450943470001
w25_00003579,weda,C:\Users\ADMIN\Desktop\ds-fall\data\raw\WEDA-FALL-main\dataset\25Hz\D01\U04_R01_accel.csv,C:\Users\ADMIN\Desktop\ds-fall\data\raw\WEDA-FALL-main\dataset\25Hz,U04,D01_R01,D01,walking,walking,0,none,False,48,98,1.926,3.8859999999999997,25.0,50,12,"ax,ay,az,gx,gy,gz,acc_mag,gyro_mag,jerk,roll,pitch,tilt_delta",25.0,25.0,raw_25hz_time_aligned_to_uniform_25hz,adl_sliding_capped,491,496,,,dataset_unit_map,wrist,weda,m/s^2,rad/s,m/s^2,rad/s,1.0,1.0,True,test,non_fall,non_fall,0.04484788700938225,none,forward,0.5580606460571289
w25_00003645,weda,C:\Users\ADMIN\Desktop\ds-fall\data\raw\WEDA-FALL-main\dataset\25Hz\D01\U24_R01_accel.csv,C:\Users\ADMIN\Desktop\ds-fall\data\raw\WEDA-FALL-main\dataset\25Hz,U24,D01_R01,D01,walking,walking,0,none,False,0,50,0.002,1.962,25.0,50,12,"ax,ay,az,gx,gy,gz,acc_mag,gyro_mag,jerk,roll,pitch,tilt_delta",25.0,25.0,raw_25hz_time_aligned_to_uniform_25hz,adl_sliding_capped,610,615,,,dataset_unit_map,wrist,weda,m/s^2,rad/s,m/s^2,rad/s,1.0,1.0,True,test,non_fall,non_fall,0.014345617964863777,none,forward,0.8998903632164001
w25_00003646,weda,C:\Users\ADMIN\Desktop\ds-fall\data\raw\WEDA-FALL-main\dataset\25Hz\D01\U24_R01_accel.csv,C:\Users\ADMIN\Desktop\ds-fall\data\raw\WEDA-FALL-main\dataset\25Hz,U24,D01_R01,D01,walking,walking,0,none,False,12,62,0.482,2.4419999999999997,25.0,50,12,"ax,ay,az,gx,gy,gz,acc_mag,gyro_mag,jerk,roll,pitch,tilt_delta",25.0,25.0,raw_25hz_time_aligned_to_uniform_25hz,adl_sliding_capped,610,615,,,dataset_unit_map,wrist,weda,m/s^2,rad/s,m/s^2,rad/s,1.0,1.0,True,test,non_fall,non_fall,0.015896445140242577,none,forward,0.8959382772445679
w25_00003647,weda,C:\Users\ADMIN\Desktop\ds-fall\data\raw\WEDA-FALL-main\dataset\25Hz\D01\U24_R01_accel.csv,C:\Users\ADMIN\Desktop\ds-fall\data\raw\WEDA-FALL-main\dataset\25Hz,U24,D01_R01,D01,walking,walking,0,none,False,24,74,0.962,2.9219999999999997,25.0,50,12,"ax,ay,az,gx,gy,gz,acc_mag,gyro_mag,jerk,roll,pitch,tilt_delta",25.0,25.0,raw_25hz_time_aligned_to_uniform_25hz,adl_sliding_capped,610,615,,,dataset_unit_map,wrist,weda,m/s^2,rad/s,m/s^2,rad/s,1.0,1.0,True,test,non_fall,non_fall,0.015136079862713814,none,forward,0.8963702917098999
w25_00003648,weda,C:\Users\ADMIN\Desktop\ds-fall\data\raw\WEDA-FALL-main\dataset\25Hz\D01\U24_R01_accel.csv,C:\Users\ADMIN\Desktop\ds-fall\data\raw\WEDA-FALL-main\dataset\25Hz,U24,D01_R01,D01,walking,walking,0,none,False,36,86,1.442,3.4019999999999997,25.0,50,12,"ax,ay,az,gx,gy,gz,acc_mag,gyro_mag,jerk,roll,pitch,tilt_delta",25.0,25.0,raw_25hz_time_aligned_to_uniform_25hz,adl_sliding_capped,610,615,,,dataset_unit_map,wrist,weda,m/s^2,rad/s,m/s^2,rad/s,1.0,1.0,True,test,non_fall,non_fall,0.017782095819711685,none,forward,0.8902212977409363
w25_00003649,weda,C:\Users\ADMIN\Desktop\ds-fall\data\raw\WEDA-FALL-main\dataset\25Hz\D01\U24_R01_accel.csv,C:\Users\ADMIN\Desktop\ds-fall\data\raw\WEDA-FALL-main\dataset\25Hz,U24,D01_R01,D01,walking,walking,0,none,False,48,98,1.922,3.8819999999999997,25.0,50,12,"ax,ay,az,gx,gy,gz,acc_mag,gyro_mag,jerk,roll,pitch,tilt_delta",25.0,25.0,raw_25hz_time_aligned_to_uniform_25hz,adl_sliding_capped,610,615,,,dataset_unit_map,wrist,weda,m/s^2,rad/s,m/s^2,rad/s,1.0,1.0,True,test,non_fall,non_fall,0.022432958707213402,none,forward,0.873681366443634
w25_00003650,weda,C:\Users\ADMIN\Desktop\ds-fall\data\raw\WEDA-FALL-main\dataset\25Hz\D01\U25_R01_accel.csv,C:\Users\ADMIN\Desktop\ds-fall\data\raw\WEDA-FALL-main\dataset\25Hz,U25,D01_R01,D01,walking,walking,0,none,False,0,50,0.002,1.962,25.0,50,12,"ax,ay,az,gx,gy,gz,acc_mag,gyro_mag,jerk,roll,pitch,tilt_delta",25.0,25.0,raw_25hz_time_aligned_to_uniform_25hz,adl_sliding_capped,456,461,,,dataset_unit_map,wrist,weda,m/s^2,rad/s,m/s^2,rad/s,1.0,1.0,True,test,non_fall,non_fall,0.013011283241212368,none,forward,0.8971228003501892
w25_00003651,weda,C:\Users\ADMIN\Desktop\ds-fall\data\raw\WEDA-FALL-main\dataset\25Hz\D01\U25_R01_accel.csv,C:\Users\ADMIN\Desktop\ds-fall\data\raw\WEDA-FALL-main\dataset\25Hz,U25,D01_R01,D01,walking,walking,0,none,False,12,62,0.482,2.4419999999999997,25.0,50,12,"ax,ay,az,gx,gy,gz,acc_mag,gyro_mag,jerk,roll,pitch,tilt_delta",25.0,25.0,raw_25hz_time_aligned_to_uniform_25hz,adl_sliding_capped,456,461,,,dataset_unit_map,wrist,weda,m/s^2,rad/s,m/s^2,rad/s,1.0,1.0,True,test,non_fall,non_fall,0.015348606742918491,none,forward,0.8870308995246887
w25_00003652,weda,C:\Users\ADMIN\Desktop\ds-fall\data\raw\WEDA-FALL-main\dataset\25Hz\D01\U25_R01_accel.csv,C:\Users\ADMIN\Desktop\ds-fall\data\raw\WEDA-FALL-main\dataset\25Hz,U25,D01_R01,D01,walking,walking,0,none,False,24,74,0.962,2.9219999999999997,25.0,50,12,"ax,ay,az,gx,gy,gz,acc_mag,gyro_mag,jerk,roll,pitch,tilt_delta",25.0,25.0,raw_25hz_time_aligned_to_uniform_25hz,adl_sliding_capped,456,461,,,dataset_unit_map,wrist,weda,m/s^2,rad/s,m/s^2,rad/s,1.0,1.0,True,test,non_fall,non_fall,0.0257014948874712,none,forward,0.8835037350654602
w25_00003653,weda,C:\Users\ADMIN\Desktop\ds-fall\data\raw\WEDA-FALL-main\dataset\25Hz\D01\U25_R01_accel.csv,C:\Users\ADMIN\Desktop\ds-fall\data\raw\WEDA-FALL-main\dataset\25Hz,U25,D01_R01,D01,walking,walking,0,none,False,36,86,1.442,3.4019999999999997,25.0,50,12,"ax,ay,az,gx,gy,gz,acc_mag,gyro_mag,jerk,roll,pitch,tilt_delta",25.0,25.0,raw_25hz_time_aligned_to_uniform_25hz,adl_sliding_capped,456,461,,,dataset_unit_map,wrist,weda,m/s^2,rad/s,m/s^2,rad/s,1.0,1.0,True,test,non_fall,non_fall,0.02782592549920082,none,forward,0.89286208152771
w25_00003654,weda,C:\Users\ADMIN\Desktop\ds-fall\data\raw\WEDA-FALL-main\dataset\25Hz\D01\U25_R01_accel.csv,C:\Users\ADMIN\Desktop\ds-fall\data\raw\WEDA-FALL-main\dataset\25Hz,U25,D01_R01,D01,walking,walking,0,none,False,48,98,1.922,3.8819999999999997,25.0,50,12,"ax,ay,az,gx,gy,gz,acc_mag,gyro_mag,jerk,roll,pitch,tilt_delta",25.0,25.0,raw_25hz_time_aligned_to_uniform_25hz,adl_sliding_capped,456,461,,,dataset_unit_map,wrist,weda,m/s^2,rad/s,m/s^2,rad/s,1.0,1.0,True,test,non_fall,non_fall,0.023963607847690582,none,forward,0.9110607504844666
w25_00003700,weda,C:\Users\ADMIN\Desktop\ds-fall\data\raw\WEDA-FALL-main\dataset\25Hz\D02\U04_R01_accel.csv,C:\Users\ADMIN\Desktop\ds-fall\data\raw\WEDA-FALL-main\dataset\25Hz,U04,D02_R01,D02,jogging,jogging,0,none,False,0,50,0.001,1.9609999999999999,25.0,50,12,"ax,ay,az,gx,gy,gz,acc_mag,gyro_mag,jerk,roll,pitch,tilt_delta",25.0,25.0,raw_25hz_time_aligned_to_uniform_25hz,adl_sliding_capped,376,378,,,dataset_unit_map,wrist,weda,m/s^2,rad/s,m/s^2,rad/s,1.0,1.0,True,test,non_fall,non_fall,0.2943105101585388,none,lateral,0.4991820752620697
w25_00003701,weda,C:\Users\ADMIN\Desktop\ds-fall\data\raw\WEDA-FALL-main\dataset\25Hz\D02\U04_R01_accel.csv,C:\Users\ADMIN\Desktop\ds-fall\data\raw\WEDA-FALL-main\dataset\25Hz,U04,D02_R01,D02,jogging,jogging,0,none,False,12,62,0.481,2.441,25.0,50,12,"ax,ay,az,gx,gy,gz,acc_mag,gyro_mag,jerk,roll,pitch,tilt_delta",25.0,25.0,raw_25hz_time_aligned_to_uniform_25hz,adl_sliding_capped,376,378,,,dataset_unit_map,wrist,weda,m/s^2,rad/s,m/s^2,rad/s,1.0,1.0,True,test,non_fall,non_fall,0.23864561319351196,none,backward,0.7901075482368469
w25_00003702,weda,C:\Users\ADMIN\Desktop\ds-fall\data\raw\WEDA-FALL-main\dataset\25Hz\D02\U04_R01_accel.csv,C:\Users\ADMIN\Desktop\ds-fall\data\raw\WEDA-FALL-main\dataset\25Hz,U04,D02_R01,D02,jogging,jogging,0,none,False,24,74,0.961,2.921,25.0,50,12,"ax,ay,az,gx,gy,gz,acc_mag,gyro_mag,jerk,roll,pitch,tilt_delta",25.0,25.0,raw_25hz_time_aligned_to_uniform_25hz,adl_sliding_capped,376,378,,,dataset_unit_map,wrist,weda,m/s^2,rad/s,m/s^2,rad/s,1.0,1.0,True,test,non_fall,non_fall,0.27926039695739746,none,backward,0.8613250851631165
w25_00003703,weda,C:\Users\ADMIN\Desktop\ds-fall\data\raw\WEDA-FALL-main\dataset\25Hz\D02\U04_R01_accel.csv,C:\Users\ADMIN\Desktop\ds-fall\data\raw\WEDA-FALL-main\dataset\25Hz,U04,D02_R01,D02,jogging,jogging,0,none,False,36,86,1.4409999999999998,3.401,25.0,50,12,"ax,ay,az,gx,gy,gz,acc_mag,gyro_mag,jerk,roll,pitch,tilt_delta",25.0,25.0,raw_25hz_time_aligned_to_uniform_25hz,adl_sliding_capped,376,378,,,dataset_unit_map,wrist,weda,m/s^2,rad/s,m/s^2,rad/s,1.0,1.0,True,test,non_fall,non_fall,0.39807000756263733,none,backward,0.8016871213912964
w25_00003704,weda,C:\Users\ADMIN\Desktop\ds-fall\data\raw\WEDA-FALL-main\dataset\25Hz\D02\U04_R01_accel.csv,C:\Users\ADMIN\Desktop\ds-fall\data\raw\WEDA-FALL-main\dataset\25Hz,U04,D02_R01,D02,jogging,jogging,0,none,False,48,98,1.9209999999999998,3.881,25.0,50,12,"ax,ay,az,gx,gy,gz,acc_mag,gyro_mag,jerk,roll,pitch,tilt_delta",25.0,25.0,raw_25hz_time_aligned_to_uniform_25hz,adl_sliding_capped,376,378,,,dataset_unit_map,wrist,weda,m/s^2,rad/s,m/s^2,rad/s,1.0,1.0,True,test,non_fall,non_fall,0.6519079208374023,none,backward,0.8611623048782349
w25_00003770,weda,C:\Users\ADMIN\Desktop\ds-fall\data\raw\WEDA-FALL-main\dataset\25Hz\D03\U04_R01_accel.csv,C:\Users\ADMIN\Desktop\ds-fall\data\raw\WEDA-FALL-main\dataset\25Hz,U04,D03_R01,D03,stairs,stairs,0,none,False,0,50,0.002,1.962,25.0,50,12,"ax,ay,az,gx,gy,gz,acc_mag,gyro_mag,jerk,roll,pitch,tilt_delta",25.0,25.0,raw_25hz_time_aligned_to_uniform_25hz,adl_sliding_capped,639,646,,,dataset_unit_map,wrist,weda,m/s^2,rad/s,m/s^2,rad/s,1.0,1.0,True,test,non_fall,non_fall,0.00816131941974163,none,forward,0.9472261071205139
w25_00003771,weda,C:\Users\ADMIN\Desktop\ds-fall\data\raw\WEDA-FALL-main\dataset\25Hz\D03\U04_R01_accel.csv,C:\Users\ADMIN\Desktop\ds-fall\data\raw\WEDA-FALL-main\dataset\25Hz,U04,D03_R01,D03,stairs,stairs,0,none,False,12,62,0.482,2.4419999999999997,25.0,50,12,"ax,ay,az,gx,gy,gz,acc_mag,gyro_mag,jerk,roll,pitch,tilt_delta",25.0,25.0,raw_25hz_time_aligned_to_uniform_25hz,adl_sliding_capped,639,646,,,dataset_unit_map,wrist,weda,m/s^2,rad/s,m/s^2,rad/s,1.0,1.0,True,test,non_fall,non_fall,0.00871330313384533,none,forward,0.9701236486434937
w25_00003772,weda,C:\Users\ADMIN\Desktop\ds-fall\data\raw\WEDA-FALL-main\dataset\25Hz\D03\U04_R01_accel.csv,C:\Users\ADMIN\Desktop\ds-fall\data\raw\WEDA-FALL-main\dataset\25Hz,U04,D03_R01,D03,stairs,stairs,0,none,False,24,74,0.962,2.9219999999999997,25.0,50,12,"ax,ay,az,gx,gy,gz,acc_mag,gyro_mag,jerk,roll,pitch,tilt_delta",25.0,25.0,raw_25hz_time_aligned_to_uniform_25hz,adl_sliding_capped,639,646,,,dataset_unit_map,wrist,weda,m/s^2,rad/s,m/s^2,rad/s,1.0,1.0,True,test,non_fall,non_fall,0.016607096418738365,none,forward,0.9421858191490173
w25_00003773,weda,C:\Users\ADMIN\Desktop\ds-fall\data\raw\WEDA-FALL-main\dataset\25Hz\D03\U04_R01_accel.csv,C:\Users\ADMIN\Desktop\ds-fall\data\raw\WEDA-FALL-main\dataset\25Hz,U04,D03_R01,D03,stairs,stairs,0,none,False,36,86,1.442,3.4019999999999997,25.0,50,12,"ax,ay,az,gx,gy,gz,acc_mag,gyro_mag,jerk,roll,pitch,tilt_delta",25.0,25.0,raw_25hz_time_aligned_to_uniform_25hz,adl_sliding_capped,639,646,,,dataset_unit_map,wrist,weda,m/s^2,rad/s,m/s^2,rad/s,1.0,1.0,True,test,non_fall,non_fall,0.016746383160352707,none,forward,0.9564666748046875
w25_00003774,weda,C:\Users\ADMIN\Desktop\ds-fall\data\raw\WEDA-FALL-main\dataset\25Hz\D03\U04_R01_accel.csv,C:\Users\ADMIN\Desktop\ds-fall\data\raw\WEDA-FALL-main\dataset\25Hz,U04,D03_R01,D03,stairs,stairs,0,none,False,48,98,1.922,3.8819999999999997,25.0,50,12,"ax,ay,az,gx,gy,gz,acc_mag,gyro_mag,jerk,roll,pitch,tilt_delta",25.0,25.0,raw_25hz_time_aligned_to_uniform_25hz,adl_sliding_capped,639,646,,,dataset_unit_map,wrist,weda,m/s^2,rad/s,m/s^2,rad/s,1.0,1.0,True,test,non_fall,non_fall,0.02794535644352436,none,forward,0.8535653352737427
w25_00003830,weda,C:\Users\ADMIN\Desktop\ds-fall\data\raw\WEDA-FALL-main\dataset\25Hz\D03\U24_R01_accel.csv,C:\Users\ADMIN\Desktop\ds-fall\data\raw\WEDA-FALL-main\dataset\25Hz,U24,D03_R01,D03,stairs,stairs,0,none,False,0,50,0.002,1.962,25.0,50,12,"ax,ay,az,gx,gy,gz,acc_mag,gyro_mag,jerk,roll,pitch,tilt_delta",25.0,25.0,raw_25hz_time_aligned_to_uniform_25hz,adl_sliding_capped,998,1008,,,dataset_unit_map,wrist,weda,m/s^2,rad/s,m/s^2,rad/s,1.0,1.0,True,test,non_fall,non_fall,0.06766007095575333,none,forward,0.6890584230422974
w25_00003831,weda,C:\Users\ADMIN\Desktop\ds-fall\data\raw\WEDA-FALL-main\dataset\25Hz\D03\U24_R01_accel.csv,C:\Users\ADMIN\Desktop\ds-fall\data\raw\WEDA-FALL-main\dataset\25Hz,U24,D03_R01,D03,stairs,stairs,0,none,False,12,62,0.482,2.4419999999999997,25.0,50,12,"ax,ay,az,gx,gy,gz,acc_mag,gyro_mag,jerk,roll,pitch,tilt_delta",25.0,25.0,raw_25hz_time_aligned_to_uniform_25hz,adl_sliding_capped,998,1008,,,dataset_unit_map,wrist,weda,m/s^2,rad/s,m/s^2,rad/s,1.0,1.0,True,test,non_fall,non_fall,0.06843190640211105,none,forward,0.6906530857086182
w25_00003832,weda,C:\Users\ADMIN\Desktop\ds-fall\data\raw\WEDA-FALL-main\dataset\25Hz\D03\U24_R01_accel.csv,C:\Users\ADMIN\Desktop\ds-fall\data\raw\WEDA-FALL-main\dataset\25Hz,U24,D03_R01,D03,stairs,stairs,0,none,False,24,74,0.962,2.9219999999999997,25.0,50,12,"ax,ay,az,gx,gy,gz,acc_mag,gyro_mag,jerk,roll,pitch,tilt_delta",25.0,25.0,raw_25hz_time_aligned_to_uniform_25hz,adl_sliding_capped,998,1008,,,dataset_unit_map,wrist,weda,m/s^2,rad/s,m/s^2,rad/s,1.0,1.0,True,test,non_fall,non_fall,0.07339205592870712,none,forward,0.6896432042121887
w25_00003833,weda,C:\Users\ADMIN\Desktop\ds-fall\data\raw\WEDA-FALL-main\dataset\25Hz\D03\U24_R01_accel.csv,C:\Users\ADMIN\Desktop\ds-fall\data\raw\WEDA-FALL-main\dataset\25Hz,U24,D03_R01,D03,stairs,stairs,0,none,False,36,86,1.442,3.4019999999999997,25.0,50,12,"ax,ay,az,gx,gy,gz,acc_mag,gyro_mag,jerk,roll,pitch,tilt_delta",25.0,25.0,raw_25hz_time_aligned_to_uniform_25hz,adl_sliding_capped,998,1008,,,dataset_unit_map,wrist,weda,m/s^2,rad/s,m/s^2,rad/s,1.0,1.0,True,test,non_fall,non_fall,0.07963250577449799,none,forward,0.6784181594848633
w25_00003834,weda,C:\Users\ADMIN\Desktop\ds-fall\data\raw\WEDA-FALL-main\dataset\25Hz\D03\U24_R01_accel.csv,C:\Users\ADMIN\Desktop\ds-fall\data\raw\WEDA-FALL-main\dataset\25Hz,U24,D03_R01,D03,stairs,stairs,0,none,False,48,98,1.922,3.8819999999999997,25.0,50,12,"ax,ay,az,gx,gy,gz,acc_mag,gyro_mag,jerk,roll,pitch,tilt_delta",25.0,25.0,raw_25hz_time_aligned_to_uniform_25hz,adl_sliding_capped,998,1008,,,dataset_unit_map,wrist,weda,m/s^2,rad/s,m/s^2,rad/s,1.0,1.0,True,test,non_fall,non_fall,0.039085377007722855,none,forward,0.8484629988670349
w25_00003880,weda,C:\Users\ADMIN\Desktop\ds-fall\data\raw\WEDA-FALL-main\dataset\25Hz\D04\U04_R01_accel.csv,C:\Users\ADMIN\Desktop\ds-fall\data\raw\WEDA-FALL-main\dataset\25Hz,U04,D04_R01,D04,sit_wait_stand,sit_wait_stand,0,none,False,0,50,0.002,1.962,25.0,50,12,"ax,ay,az,gx,gy,gz,acc_mag,gyro_mag,jerk,roll,pitch,tilt_delta",25.0,25.0,raw_25hz_time_aligned_to_uniform_25hz,adl_sliding_capped,285,286,,,dataset_unit_map,wrist,weda,m/s^2,rad/s,m/s^2,rad/s,1.0,1.0,True,test,non_fall,non_fall,0.0395747646689415,none,lateral,0.5265250205993652
w25_00003881,weda,C:\Users\ADMIN\Desktop\ds-fall\data\raw\WEDA-FALL-main\dataset\25Hz\D04\U04_R01_accel.csv,C:\Users\ADMIN\Desktop\ds-fall\data\raw\WEDA-FALL-main\dataset\25Hz,U04,D04_R01,D04,sit_wait_stand,sit_wait_stand,0,none,False,12,62,0.482,2.4419999999999997,25.0,50,12,"ax,ay,az,gx,gy,gz,acc_mag,gyro_mag,jerk,roll,pitch,tilt_delta",25.0,25.0,raw_25hz_time_aligned_to_uniform_25hz,adl_sliding_capped,285,286,,,dataset_unit_map,wrist,weda,m/s^2,rad/s,m/s^2,rad/s,1.0,1.0,True,test,non_fall,non_fall,0.059914566576480865,none,forward,0.5071863532066345
w25_00003882,weda,C:\Users\ADMIN\Desktop\ds-fall\data\raw\WEDA-FALL-main\dataset\25Hz\D04\U04_R01_accel.csv,C:\Users\ADMIN\Desktop\ds-fall\data\raw\WEDA-FALL-main\dataset\25Hz,U04,D04_R01,D04,sit_wait_stand,sit_wait_stand,0,none,False,24,74,0.962,2.9219999999999997,25.0,50,12,"ax,ay,az,gx,gy,gz,acc_mag,gyro_mag,jerk,roll,pitch,tilt_delta",25.0,25.0,raw_25hz_time_aligned_to_uniform_25hz,adl_sliding_capped,285,286,,,dataset_unit_map,wrist,weda,m/s^2,rad/s,m/s^2,rad/s,1.0,1.0,True,test,non_fall,non_fall,0.057943232357501984,none,lateral,0.5533332824707031
w25_00003883,weda,C:\Users\ADMIN\Desktop\ds-fall\data\raw\WEDA-FALL-main\dataset\25Hz\D04\U04_R01_accel.csv,C:\Users\ADMIN\Desktop\ds-fall\data\raw\WEDA-FALL-main\dataset\25Hz,U04,D04_R01,D04,sit_wait_stand,sit_wait_stand,0,none,False,36,86,1.442,3.4019999999999997,25.0,50,12,"ax,ay,az,gx,gy,gz,acc_mag,gyro_mag,jerk,roll,pitch,tilt_delta",25.0,25.0,raw_25hz_time_aligned_to_uniform_25hz,adl_sliding_capped,285,286,,,dataset_unit_map,wrist,weda,m/s^2,rad/s,m/s^2,rad/s,1.0,1.0,True,test,non_fall,non_fall,0.17822811007499695,none,forward,0.5843545794487
w25_00003884,weda,C:\Users\ADMIN\Desktop\ds-fall\data\raw\WEDA-FALL-main\dataset\25Hz\D04\U04_R01_accel.csv,C:\Users\ADMIN\Desktop\ds-fall\data\raw\WEDA-FALL-main\dataset\25Hz,U04,D04_R01,D04,sit_wait_stand,sit_wait_stand,0,none,False,48,98,1.922,3.8819999999999997,25.0,50,12,"ax,ay,az,gx,gy,gz,acc_mag,gyro_mag,jerk,roll,pitch,tilt_delta",25.0,25.0,raw_25hz_time_aligned_to_uniform_25hz,adl_sliding_capped,285,286,,,dataset_unit_map,wrist,weda,m/s^2,rad/s,m/s^2,rad/s,1.0,1.0,True,test,non_fall,non_fall,0.2054591327905655,none,forward,0.7578773498535156
w25_00003950,weda,C:\Users\ADMIN\Desktop\ds-fall\data\raw\WEDA-FALL-main\dataset\25Hz\D04\U24_R01_accel.csv,C:\Users\ADMIN\Desktop\ds-fall\data\raw\WEDA-FALL-main\dataset\25Hz,U24,D04_R01,D04,sit_wait_stand,sit_wait_stand,0,none,False,0,50,0.002,1.962,25.0,50,12,"ax,ay,az,gx,gy,gz,acc_mag,gyro_mag,jerk,roll,pitch,tilt_delta",25.0,25.0,raw_25hz_time_aligned_to_uniform_25hz,adl_sliding_capped,160,161,,,dataset_unit_map,wrist,weda,m/s^2,rad/s,m/s^2,rad/s,1.0,1.0,True,test,non_fall,non_fall,0.011208155192434788,none,forward,0.8682360649108887
w25_00003951,weda,C:\Users\ADMIN\Desktop\ds-fall\data\raw\WEDA-FALL-main\dataset\25Hz\D04\U24_R01_accel.csv,C:\Users\ADMIN\Desktop\ds-fall\data\raw\WEDA-FALL-main\dataset\25Hz,U24,D04_R01,D04,sit_wait_stand,sit_wait_stand,0,none,False,12,62,0.482,2.4419999999999997,25.0,50,12,"ax,ay,az,gx,gy,gz,acc_mag,gyro_mag,jerk,roll,pitch,tilt_delta",25.0,25.0,raw_25hz_time_aligned_to_uniform_25hz,adl_sliding_capped,160,161,,,dataset_unit_map,wrist,weda,m/s^2,rad/s,m/s^2,rad/s,1.0,1.0,True,test,non_fall,non_fall,0.011061368510127068,none,forward,0.7984542846679688
w25_00003952,weda,C:\Users\ADMIN\Desktop\ds-fall\data\raw\WEDA-FALL-main\dataset\25Hz\D04\U24_R01_accel.csv,C:\Users\ADMIN\Desktop\ds-fall\data\raw\WEDA-FALL-main\dataset\25Hz,U24,D04_R01,D04,sit_wait_stand,sit_wait_stand,0,none,False,24,74,0.962,2.9219999999999997,25.0,50,12,"ax,ay,az,gx,gy,gz,acc_mag,gyro_mag,jerk,roll,pitch,tilt_delta",25.0,25.0,raw_25hz_time_aligned_to_uniform_25hz,adl_sliding_capped,160,161,,,dataset_unit_map,wrist,weda,m/s^2,rad/s,m/s^2,rad/s,1.0,1.0,True,test,non_fall,non_fall,0.03714752197265625,none,forward,0.7865002751350403
w25_00003953,weda,C:\Users\ADMIN\Desktop\ds-fall\data\raw\WEDA-FALL-main\dataset\25Hz\D04\U24_R01_accel.csv,C:\Users\ADMIN\Desktop\ds-fall\data\raw\WEDA-FALL-main\dataset\25Hz,U24,D04_R01,D04,sit_wait_stand,sit_wait_stand,0,none,False,36,86,1.442,3.4019999999999997,25.0,50,12,"ax,ay,az,gx,gy,gz,acc_mag,gyro_mag,jerk,roll,pitch,tilt_delta",25.0,25.0,raw_25hz_time_aligned_to_uniform_25hz,adl_sliding_capped,160,161,,,dataset_unit_map,wrist,weda,m/s^2,rad/s,m/s^2,rad/s,1.0,1.0,True,test,non_fall,non_fall,0.11002977192401886,none,forward,0.8960255980491638
w25_00003954,weda,C:\Users\ADMIN\Desktop\ds-fall\data\raw\WEDA-FALL-main\dataset\25Hz\D04\U24_R01_accel.csv,C:\Users\ADMIN\Desktop\ds-fall\data\raw\WEDA-FALL-main\dataset\25Hz,U24,D04_R01,D04,sit_wait_stand,sit_wait_stand,0,none,False,48,98,1.922,3.8819999999999997,25.0,50,12,"ax,ay,az,gx,gy,gz,acc_mag,gyro_mag,jerk,roll,pitch,tilt_delta",25.0,25.0,raw_25hz_time_aligned_to_uniform_25hz,adl_sliding_capped,160,161,,,dataset_unit_map,wrist,weda,m/s^2,rad/s,m/s^2,rad/s,1.0,1.0,True,test,non_fall,non_fall,0.022655507549643517,none,forward,0.9789518713951111
w25_00003955,weda,C:\Users\ADMIN\Desktop\ds-fall\data\raw\WEDA-FALL-main\dataset\25Hz\D04\U25_R01_accel.csv,C:\Users\ADMIN\Desktop\ds-fall\data\raw\WEDA-FALL-main\dataset\25Hz,U25,D04_R01,D04,sit_wait_stand,sit_wait_stand,0,none,False,0,50,0.001,1.9609999999999999,25.0,50,12,"ax,ay,az,gx,gy,gz,acc_mag,gyro_mag,jerk,roll,pitch,tilt_delta",25.0,25.0,raw_25hz_time_aligned_to_uniform_25hz,adl_sliding_capped,266,269,,,dataset_unit_map,wrist,weda,m/s^2,rad/s,m/s^2,rad/s,1.0,1.0,True,test,non_fall,non_fall,0.004874256439507008,none,forward,0.9180769920349121
w25_00003956,weda,C:\Users\ADMIN\Desktop\ds-fall\data\raw\WEDA-FALL-main\dataset\25Hz\D04\U25_R01_accel.csv,C:\Users\ADMIN\Desktop\ds-fall\data\raw\WEDA-FALL-main\dataset\25Hz,U25,D04_R01,D04,sit_wait_stand,sit_wait_stand,0,none,False,12,62,0.481,2.441,25.0,50,12,"ax,ay,az,gx,gy,gz,acc_mag,gyro_mag,jerk,roll,pitch,tilt_delta",25.0,25.0,raw_25hz_time_aligned_to_uniform_25hz,adl_sliding_capped,266,269,,,dataset_unit_map,wrist,weda,m/s^2,rad/s,m/s^2,rad/s,1.0,1.0,True,test,non_fall,non_fall,0.00574483210220933,none,forward,0.9749225378036499
w25_00003957,weda,C:\Users\ADMIN\Desktop\ds-fall\data\raw\WEDA-FALL-main\dataset\25Hz\D04\U25_R01_accel.csv,C:\Users\ADMIN\Desktop\ds-fall\data\raw\WEDA-FALL-main\dataset\25Hz,U25,D04_R01,D04,sit_wait_stand,sit_wait_stand,0,none,False,24,74,0.961,2.921,25.0,50,12,"ax,ay,az,gx,gy,gz,acc_mag,gyro_mag,jerk,roll,pitch,tilt_delta",25.0,25.0,raw_25hz_time_aligned_to_uniform_25hz,adl_sliding_capped,266,269,,,dataset_unit_map,wrist,weda,m/s^2,rad/s,m/s^2,rad/s,1.0,1.0,True,test,non_fall,non_fall,0.0039529940113425255,none,forward,0.9809677004814148
w25_00003958,weda,C:\Users\ADMIN\Desktop\ds-fall\data\raw\WEDA-FALL-main\dataset\25Hz\D04\U25_R01_accel.csv,C:\Users\ADMIN\Desktop\ds-fall\data\raw\WEDA-FALL-main\dataset\25Hz,U25,D04_R01,D04,sit_wait_stand,sit_wait_stand,0,none,False,36,86,1.4409999999999998,3.401,25.0,50,12,"ax,ay,az,gx,gy,gz,acc_mag,gyro_mag,jerk,roll,pitch,tilt_delta",25.0,25.0,raw_25hz_time_aligned_to_uniform_25hz,adl_sliding_capped,266,269,,,dataset_unit_map,wrist,weda,m/s^2,rad/s,m/s^2,rad/s,1.0,1.0,True,test,non_fall,non_fall,0.004725170321762562,none,forward,0.981372594833374
w25_00003959,weda,C:\Users\ADMIN\Desktop\ds-fall\data\raw\WEDA-FALL-main\dataset\25Hz\D04\U25_R01_accel.csv,C:\Users\ADMIN\Desktop\ds-fall\data\raw\WEDA-FALL-main\dataset\25Hz,U25,D04_R01,D04,sit_wait_stand,sit_wait_stand,0,none,False,48,98,1.9209999999999998,3.881,25.0,50,12,"ax,ay,az,gx,gy,gz,acc_mag,gyro_mag,jerk,roll,pitch,tilt_delta",25.0,25.0,raw_25hz_time_aligned_to_uniform_25hz,adl_sliding_capped,266,269,,,dataset_unit_map,wrist,weda,m/s^2,rad/s,m/s^2,rad/s,1.0,1.0,True,test,non_fall,non_fall,0.013050377368927002,none,forward,0.9416944980621338
w25_00004020,weda,C:\Users\ADMIN\Desktop\ds-fall\data\raw\WEDA-FALL-main\dataset\25Hz\D05\U04_R01_accel.csv,C:\Users\ADMIN\Desktop\ds-fall\data\raw\WEDA-FALL-main\dataset\25Hz,U04,D05_R01,D05,collapse_into_chair,collapse_into_chair,0,none,False,0,50,0.008,1.968,25.0,50,12,"ax,ay,az,gx,gy,gz,acc_mag,gyro_mag,jerk,roll,pitch,tilt_delta",25.0,25.0,raw_25hz_time_aligned_to_uniform_25hz,adl_sliding_capped,199,200,,,dataset_unit_map,wrist,weda,m/s^2,rad/s,m/s^2,rad/s,1.0,1.0,True,test,non_fall,non_fall,0.010501096025109291,none,forward,0.8925565481185913
w25_00004021,weda,C:\Users\ADMIN\Desktop\ds-fall\data\raw\WEDA-FALL-main\dataset\25Hz\D05\U04_R01_accel.csv,C:\Users\ADMIN\Desktop\ds-fall\data\raw\WEDA-FALL-main\dataset\25Hz,U04,D05_R01,D05,collapse_into_chair,collapse_into_chair,0,none,False,12,62,0.488,2.448,25.0,50,12,"ax,ay,az,gx,gy,gz,acc_mag,gyro_mag,jerk,roll,pitch,tilt_delta",25.0,25.0,raw_25hz_time_aligned_to_uniform_25hz,adl_sliding_capped,199,200,,,dataset_unit_map,wrist,weda,m/s^2,rad/s,m/s^2,rad/s,1.0,1.0,True,test,non_fall,non_fall,0.013186553493142128,none,forward,0.9288290143013
w25_00004022,weda,C:\Users\ADMIN\Desktop\ds-fall\data\raw\WEDA-FALL-main\dataset\25Hz\D05\U04_R01_accel.csv,C:\Users\ADMIN\Desktop\ds-fall\data\raw\WEDA-FALL-main\dataset\25Hz,U04,D05_R01,D05,collapse_into_chair,collapse_into_chair,0,none,False,24,74,0.968,2.928,25.0,50,12,"ax,ay,az,gx,gy,gz,acc_mag,gyro_mag,jerk,roll,pitch,tilt_delta",25.0,25.0,raw_25hz_time_aligned_to_uniform_25hz,adl_sliding_capped,199,200,,,dataset_unit_map,wrist,weda,m/s^2,rad/s,m/s^2,rad/s,1.0,1.0,True,test,non_fall,non_fall,0.006827817298471928,none,forward,0.9811277389526367
w25_00004023,weda,C:\Users\ADMIN\Desktop\ds-fall\data\raw\WEDA-FALL-main\dataset\25Hz\D05\U04_R01_accel.csv,C:\Users\ADMIN\Desktop\ds-fall\data\raw\WEDA-FALL-main\dataset\25Hz,U04,D05_R01,D05,collapse_into_chair,collapse_into_chair,0,none,False,36,86,1.448,3.408,25.0,50,12,"ax,ay,az,gx,gy,gz,acc_mag,gyro_mag,jerk,roll,pitch,tilt_delta",25.0,25.0,raw_25hz_time_aligned_to_uniform_25hz,adl_sliding_capped,199,200,,,dataset_unit_map,wrist,weda,m/s^2,rad/s,m/s^2,rad/s,1.0,1.0,True,test,non_fall,non_fall,0.006234347820281982,none,forward,0.9861950874328613
w25_00004024,weda,C:\Users\ADMIN\Desktop\ds-fall\data\raw\WEDA-FALL-main\dataset\25Hz\D05\U04_R01_accel.csv,C:\Users\ADMIN\Desktop\ds-fall\data\raw\WEDA-FALL-main\dataset\25Hz,U04,D05_R01,D05,collapse_into_chair,collapse_into_chair,0,none,False,48,98,1.928,3.888,25.0,50,12,"ax,ay,az,gx,gy,gz,acc_mag,gyro_mag,jerk,roll,pitch,tilt_delta",25.0,25.0,raw_25hz_time_aligned_to_uniform_25hz,adl_sliding_capped,199,200,,,dataset_unit_map,wrist,weda,m/s^2,rad/s,m/s^2,rad/s,1.0,1.0,True,test,non_fall,non_fall,0.005417711101472378,none,forward,0.9849712252616882
w25_00004025,weda,C:\Users\ADMIN\Desktop\ds-fall\data\raw\WEDA-FALL-main\dataset\25Hz\D05\U04_R01_accel.csv,C:\Users\ADMIN\Desktop\ds-fall\data\raw\WEDA-FALL-main\dataset\25Hz,U04,D05_R01,D05,collapse_into_chair,collapse_into_chair,0,none,False,60,110,2.408,4.368,25.0,50,12,"ax,ay,az,gx,gy,gz,acc_mag,gyro_mag,jerk,roll,pitch,tilt_delta",25.0,25.0,raw_25hz_time_aligned_to_uniform_25hz,adl_sliding_capped,199,200,,,dataset_unit_map,wrist,weda,m/s^2,rad/s,m/s^2,rad/s,1.0,1.0,True,test,non_fall,non_fall,0.014233601279556751,none,forward,0.963692843914032
w25_00004026,weda,C:\Users\ADMIN\Desktop\ds-fall\data\raw\WEDA-FALL-main\dataset\25Hz\D05\U04_R01_accel.csv,C:\Users\ADMIN\Desktop\ds-fall\data\raw\WEDA-FALL-main\dataset\25Hz,U04,D05_R01,D05,collapse_into_chair,collapse_into_chair,0,none,False,72,122,2.888,4.848,25.0,50,12,"ax,ay,az,gx,gy,gz,acc_mag,gyro_mag,jerk,roll,pitch,tilt_delta",25.0,25.0,raw_25hz_time_aligned_to_uniform_25hz,adl_sliding_capped,199,200,,,dataset_unit_map,wrist,weda,m/s^2,rad/s,m/s^2,rad/s,1.0,1.0,True,test,non_fall,non_fall,0.04301563277840614,none,forward,0.9297007322311401
w25_00004027,weda,C:\Users\ADMIN\Desktop\ds-fall\data\raw\WEDA-FALL-main\dataset\25Hz\D05\U04_R01_accel.csv,C:\Users\ADMIN\Desktop\ds-fall\data\raw\WEDA-FALL-main\dataset\25Hz,U04,D05_R01,D05,collapse_into_chair,collapse_into_chair,0,none,False,84,134,3.368,5.328,25.0,50,12,"ax,ay,az,gx,gy,gz,acc_mag,gyro_mag,jerk,roll,pitch,tilt_delta",25.0,25.0,raw_25hz_time_aligned_to_uniform_25hz,adl_sliding_capped,199,200,,,dataset_unit_map,wrist,weda,m/s^2,rad/s,m/s^2,rad/s,1.0,1.0,True,test,non_fall,non_fall,0.022519880905747414,none,forward,0.9214473366737366
w25_00004028,weda,C:\Users\ADMIN\Desktop\ds-fall\data\raw\WEDA-FALL-main\dataset\25Hz\D05\U04_R01_accel.csv,C:\Users\ADMIN\Desktop\ds-fall\data\raw\WEDA-FALL-main\dataset\25Hz,U04,D05_R01,D05,collapse_into_chair,collapse_into_chair,0,none,False,96,146,3.848,5.808,25.0,50,12,"ax,ay,az,gx,gy,gz,acc_mag,gyro_mag,jerk,roll,pitch,tilt_delta",25.0,25.0,raw_25hz_time_aligned_to_uniform_25hz,adl_sliding_capped,199,200,,,dataset_unit_map,wrist,weda,m/s^2,rad/s,m/s^2,rad/s,1.0,1.0,True,test,non_fall,non_fall,0.03217289224267006,none,forward,0.7217221260070801
w25_00004029,weda,C:\Users\ADMIN\Desktop\ds-fall\data\raw\WEDA-FALL-main\dataset\25Hz\D05\U04_R01_accel.csv,C:\Users\ADMIN\Desktop\ds-fall\data\raw\WEDA-FALL-main\dataset\25Hz,U04,D05_R01,D05,collapse_into_chair,collapse_into_chair,0,none,False,108,158,4.328,6.288,25.0,50,12,"ax,ay,az,gx,gy,gz,acc_mag,gyro_mag,jerk,roll,pitch,tilt_delta",25.0,25.0,raw_25hz_time_aligned_to_uniform_25hz,adl_sliding_capped,199,200,,,dataset_unit_map,wrist,weda,m/s^2,rad/s,m/s^2,rad/s,1.0,1.0,True,test,non_fall,non_fall,0.20244458317756653,none,forward,0.44409918785095215
w25_00004145,weda,C:\Users\ADMIN\Desktop\ds-fall\data\raw\WEDA-FALL-main\dataset\25Hz\D06\U04_R01_accel.csv,C:\Users\ADMIN\Desktop\ds-fall\data\raw\WEDA-FALL-main\dataset\25Hz,U04,D06_R01,D06,crouch_tie_shoes_stand,crouch_tie_shoes_stand,0,none,False,0,50,0.002,1.962,25.0,50,12,"ax,ay,az,gx,gy,gz,acc_mag,gyro_mag,jerk,roll,pitch,tilt_delta",25.0,25.0,raw_25hz_time_aligned_to_uniform_25hz,adl_sliding_capped,239,241,,,dataset_unit_map,wrist,weda,m/s^2,rad/s,m/s^2,rad/s,1.0,1.0,True,test,non_fall,non_fall,0.20810279250144958,none,lateral,0.833321213722229
w25_00004146,weda,C:\Users\ADMIN\Desktop\ds-fall\data\raw\WEDA-FALL-main\dataset\25Hz\D06\U04_R01_accel.csv,C:\Users\ADMIN\Desktop\ds-fall\data\raw\WEDA-FALL-main\dataset\25Hz,U04,D06_R01,D06,crouch_tie_shoes_stand,crouch_tie_shoes_stand,0,none,False,12,62,0.482,2.4419999999999997,25.0,50,12,"ax,ay,az,gx,gy,gz,acc_mag,gyro_mag,jerk,roll,pitch,tilt_delta",25.0,25.0,raw_25hz_time_aligned_to_uniform_25hz,adl_sliding_capped,239,241,,,dataset_unit_map,wrist,weda,m/s^2,rad/s,m/s^2,rad/s,1.0,1.0,True,test,non_fall,non_fall,0.2221672534942627,none,lateral,0.89373379945755
w25_00004147,weda,C:\Users\ADMIN\Desktop\ds-fall\data\raw\WEDA-FALL-main\dataset\25Hz\D06\U04_R01_accel.csv,C:\Users\ADMIN\Desktop\ds-fall\data\raw\WEDA-FALL-main\dataset\25Hz,U04,D06_R01,D06,crouch_tie_shoes_stand,crouch_tie_shoes_stand,0,none,False,24,74,0.962,2.9219999999999997,25.0,50,12,"ax,ay,az,gx,gy,gz,acc_mag,gyro_mag,jerk,roll,pitch,tilt_delta",25.0,25.0,raw_25hz_time_aligned_to_uniform_25hz,adl_sliding_capped,239,241,,,dataset_unit_map,wrist,weda,m/s^2,rad/s,m/s^2,rad/s,1.0,1.0,True,test,non_fall,non_fall,0.3113795220851898,none,lateral,0.9480817914009094
w25_00004148,weda,C:\Users\ADMIN\Desktop\ds-fall\data\raw\WEDA-FALL-main\dataset\25Hz\D06\U04_R01_accel.csv,C:\Users\ADMIN\Desktop\ds-fall\data\raw\WEDA-FALL-main\dataset\25Hz,U04,D06_R01,D06,crouch_tie_shoes_stand,crouch_tie_shoes_stand,0,none,False,36,86,1.442,3.4019999999999997,25.0,50,12,"ax,ay,az,gx,gy,gz,acc_mag,gyro_mag,jerk,roll,pitch,tilt_delta",25.0,25.0,raw_25hz_time_aligned_to_uniform_25hz,adl_sliding_capped,239,241,,,dataset_unit_map,wrist,weda,m/s^2,rad/s,m/s^2,rad/s,1.0,1.0,True,test,non_fall,non_fall,0.16599391400814056,none,lateral,0.6221553087234497
w25_00004149,weda,C:\Users\ADMIN\Desktop\ds-fall\data\raw\WEDA-FALL-main\dataset\25Hz\D06\U04_R01_accel.csv,C:\Users\ADMIN\Desktop\ds-fall\data\raw\WEDA-FALL-main\dataset\25Hz,U04,D06_R01,D06,crouch_tie_shoes_stand,crouch_tie_shoes_stand,0,none,False,48,98,1.922,3.8819999999999997,25.0,50,12,"ax,ay,az,gx,gy,gz,acc_mag,gyro_mag,jerk,roll,pitch,tilt_delta",25.0,25.0,raw_25hz_time_aligned_to_uniform_25hz,adl_sliding_capped,239,241,,,dataset_unit_map,wrist,weda,m/s^2,rad/s,m/s^2,rad/s,1.0,1.0,True,test,non_fall,non_fall,0.05131320655345917,none,forward,0.9666339755058289
w25_00004230,weda,C:\Users\ADMIN\Desktop\ds-fall\data\raw\WEDA-FALL-main\dataset\25Hz\D07\U04_R01_accel.csv,C:\Users\ADMIN\Desktop\ds-fall\data\raw\WEDA-FALL-main\dataset\25Hz,U04,D07_R01,D07,stumble_walking,stumble_walking,0,none,False,0,50,0.002,1.962,25.0,50,12,"ax,ay,az,gx,gy,gz,acc_mag,gyro_mag,jerk,roll,pitch,tilt_delta",25.0,25.0,raw_25hz_time_aligned_to_uniform_25hz,adl_sliding_capped,215,216,,,dataset_unit_map,wrist,weda,m/s^2,rad/s,m/s^2,rad/s,1.0,1.0,True,test,non_fall,non_fall,0.007623991463333368,none,forward,0.9522222876548767
w25_00004231,weda,C:\Users\ADMIN\Desktop\ds-fall\data\raw\WEDA-FALL-main\dataset\25Hz\D07\U04_R01_accel.csv,C:\Users\ADMIN\Desktop\ds-fall\data\raw\WEDA-FALL-main\dataset\25Hz,U04,D07_R01,D07,stumble_walking,stumble_walking,0,none,False,12,62,0.482,2.4419999999999997,25.0,50,12,"ax,ay,az,gx,gy,gz,acc_mag,gyro_mag,jerk,roll,pitch,tilt_delta",25.0,25.0,raw_25hz_time_aligned_to_uniform_25hz,adl_sliding_capped,215,216,,,dataset_unit_map,wrist,weda,m/s^2,rad/s,m/s^2,rad/s,1.0,1.0,True,test,non_fall,non_fall,0.012850213795900345,none,forward,0.9511058330535889
w25_00004232,weda,C:\Users\ADMIN\Desktop\ds-fall\data\raw\WEDA-FALL-main\dataset\25Hz\D07\U04_R01_accel.csv,C:\Users\ADMIN\Desktop\ds-fall\data\raw\WEDA-FALL-main\dataset\25Hz,U04,D07_R01,D07,stumble_walking,stumble_walking,0,none,False,24,74,0.962,2.9219999999999997,25.0,50,12,"ax,ay,az,gx,gy,gz,acc_mag,gyro_mag,jerk,roll,pitch,tilt_delta",25.0,25.0,raw_25hz_time_aligned_to_uniform_25hz,adl_sliding_capped,215,216,,,dataset_unit_map,wrist,weda,m/s^2,rad/s,m/s^2,rad/s,1.0,1.0,True,test,non_fall,non_fall,0.018883701413869858,none,forward,0.927593469619751
w25_00004233,weda,C:\Users\ADMIN\Desktop\ds-fall\data\raw\WEDA-FALL-main\dataset\25Hz\D07\U04_R01_accel.csv,C:\Users\ADMIN\Desktop\ds-fall\data\raw\WEDA-FALL-main\dataset\25Hz,U04,D07_R01,D07,stumble_walking,stumble_walking,0,none,False,36,86,1.442,3.4019999999999997,25.0,50,12,"ax,ay,az,gx,gy,gz,acc_mag,gyro_mag,jerk,roll,pitch,tilt_delta",25.0,25.0,raw_25hz_time_aligned_to_uniform_25hz,adl_sliding_capped,215,216,,,dataset_unit_map,wrist,weda,m/s^2,rad/s,m/s^2,rad/s,1.0,1.0,True,test,non_fall,non_fall,0.11327200382947922,none,forward,0.5276354551315308
w25_00004234,weda,C:\Users\ADMIN\Desktop\ds-fall\data\raw\WEDA-FALL-main\dataset\25Hz\D07\U04_R01_accel.csv,C:\Users\ADMIN\Desktop\ds-fall\data\raw\WEDA-FALL-main\dataset\25Hz,U04,D07_R01,D07,stumble_walking,stumble_walking,0,none,False,48,98,1.922,3.8819999999999997,25.0,50,12,"ax,ay,az,gx,gy,gz,acc_mag,gyro_mag,jerk,roll,pitch,tilt_delta",25.0,25.0,raw_25hz_time_aligned_to_uniform_25hz,adl_sliding_capped,215,216,,,dataset_unit_map,wrist,weda,m/s^2,rad/s,m/s^2,rad/s,1.0,1.0,True,test,non_fall,non_fall,0.23149675130844116,none,forward,0.7540587782859802
w25_00004235,weda,C:\Users\ADMIN\Desktop\ds-fall\data\raw\WEDA-FALL-main\dataset\25Hz\D07\U04_R01_accel.csv,C:\Users\ADMIN\Desktop\ds-fall\data\raw\WEDA-FALL-main\dataset\25Hz,U04,D07_R01,D07,stumble_walking,stumble_walking,0,none,False,60,110,2.4019999999999997,4.362,25.0,50,12,"ax,ay,az,gx,gy,gz,acc_mag,gyro_mag,jerk,roll,pitch,tilt_delta",25.0,25.0,raw_25hz_time_aligned_to_uniform_25hz,adl_sliding_capped,215,216,,,dataset_unit_map,wrist,weda,m/s^2,rad/s,m/s^2,rad/s,1.0,1.0,True,test,non_fall,non_fall,0.13525234162807465,none,forward,0.8857581615447998
w25_00004236,weda,C:\Users\ADMIN\Desktop\ds-fall\data\raw\WEDA-FALL-main\dataset\25Hz\D07\U04_R01_accel.csv,C:\Users\ADMIN\Desktop\ds-fall\data\raw\WEDA-FALL-main\dataset\25Hz,U04,D07_R01,D07,stumble_walking,stumble_walking,0,none,False,72,122,2.8819999999999997,4.842,25.0,50,12,"ax,ay,az,gx,gy,gz,acc_mag,gyro_mag,jerk,roll,pitch,tilt_delta",25.0,25.0,raw_25hz_time_aligned_to_uniform_25hz,adl_sliding_capped,215,216,,,dataset_unit_map,wrist,weda,m/s^2,rad/s,m/s^2,rad/s,1.0,1.0,True,test,non_fall,non_fall,0.17905795574188232,none,forward,0.9707863926887512
w25_00004237,weda,C:\Users\ADMIN\Desktop\ds-fall\data\raw\WEDA-FALL-main\dataset\25Hz\D07\U04_R01_accel.csv,C:\Users\ADMIN\Desktop\ds-fall\data\raw\WEDA-FALL-main\dataset\25Hz,U04,D07_R01,D07,stumble_walking,stumble_walking,0,none,False,84,134,3.3619999999999997,5.322,25.0,50,12,"ax,ay,az,gx,gy,gz,acc_mag,gyro_mag,jerk,roll,pitch,tilt_delta",25.0,25.0,raw_25hz_time_aligned_to_uniform_25hz,adl_sliding_capped,215,216,,,dataset_unit_map,wrist,weda,m/s^2,rad/s,m/s^2,rad/s,1.0,1.0,True,test,non_fall,non_fall,0.17149871587753296,none,forward,0.9784591197967529
w25_00004238,weda,C:\Users\ADMIN\Desktop\ds-fall\data\raw\WEDA-FALL-main\dataset\25Hz\D07\U04_R01_accel.csv,C:\Users\ADMIN\Desktop\ds-fall\data\raw\WEDA-FALL-main\dataset\25Hz,U04,D07_R01,D07,stumble_walking,stumble_walking,0,none,False,96,146,3.8419999999999996,5.802,25.0,50,12,"ax,ay,az,gx,gy,gz,acc_mag,gyro_mag,jerk,roll,pitch,tilt_delta",25.0,25.0,raw_25hz_time_aligned_to_uniform_25hz,adl_sliding_capped,215,216,,,dataset_unit_map,wrist,weda,m/s^2,rad/s,m/s^2,rad/s,1.0,1.0,True,test,non_fall,non_fall,0.1537715047597885,none,forward,0.9909471273422241
w25_00004239,weda,C:\Users\ADMIN\Desktop\ds-fall\data\raw\WEDA-FALL-main\dataset\25Hz\D07\U04_R01_accel.csv,C:\Users\ADMIN\Desktop\ds-fall\data\raw\WEDA-FALL-main\dataset\25Hz,U04,D07_R01,D07,stumble_walking,stumble_walking,0,none,False,108,158,4.322,6.282,25.0,50,12,"ax,ay,az,gx,gy,gz,acc_mag,gyro_mag,jerk,roll,pitch,tilt_delta",25.0,25.0,raw_25hz_time_aligned_to_uniform_25hz,adl_sliding_capped,215,216,,,dataset_unit_map,wrist,weda,m/s^2,rad/s,m/s^2,rad/s,1.0,1.0,True,test,non_fall,non_fall,0.2535797953605652,none,forward,0.979989230632782
w25_00004370,weda,C:\Users\ADMIN\Desktop\ds-fall\data\raw\WEDA-FALL-main\dataset\25Hz\D08\U04_R01_accel.csv,C:\Users\ADMIN\Desktop\ds-fall\data\raw\WEDA-FALL-main\dataset\25Hz,U04,D08_R01,D08,gentle_jump,gentle_jump,0,none,False,0,50,0.001,1.9609999999999999,25.0,50,12,"ax,ay,az,gx,gy,gz,acc_mag,gyro_mag,jerk,roll,pitch,tilt_delta",25.0,25.0,raw_25hz_time_aligned_to_uniform_25hz,adl_sliding_capped,123,123,,,dataset_unit_map,wrist,weda,m/s^2,rad/s,m/s^2,rad/s,1.0,1.0,True,test,non_fall,non_fall,0.010306743904948235,none,forward,0.9648155570030212
w25_00004371,weda,C:\Users\ADMIN\Desktop\ds-fall\data\raw\WEDA-FALL-main\dataset\25Hz\D08\U04_R01_accel.csv,C:\Users\ADMIN\Desktop\ds-fall\data\raw\WEDA-FALL-main\dataset\25Hz,U04,D08_R01,D08,gentle_jump,gentle_jump,0,none,False,12,62,0.481,2.441,25.0,50,12,"ax,ay,az,gx,gy,gz,acc_mag,gyro_mag,jerk,roll,pitch,tilt_delta",25.0,25.0,raw_25hz_time_aligned_to_uniform_25hz,adl_sliding_capped,123,123,,,dataset_unit_map,wrist,weda,m/s^2,rad/s,m/s^2,rad/s,1.0,1.0,True,test,non_fall,fall,0.778109610080719,none,forward,0.9768297076225281
w25_00004372,weda,C:\Users\ADMIN\Desktop\ds-fall\data\raw\WEDA-FALL-main\dataset\25Hz\D08\U04_R01_accel.csv,C:\Users\ADMIN\Desktop\ds-fall\data\raw\WEDA-FALL-main\dataset\25Hz,U04,D08_R01,D08,gentle_jump,gentle_jump,0,none,False,24,74,0.961,2.921,25.0,50,12,"ax,ay,az,gx,gy,gz,acc_mag,gyro_mag,jerk,roll,pitch,tilt_delta",25.0,25.0,raw_25hz_time_aligned_to_uniform_25hz,adl_sliding_capped,123,123,,,dataset_unit_map,wrist,weda,m/s^2,rad/s,m/s^2,rad/s,1.0,1.0,True,test,non_fall,fall,0.9518078565597534,none,backward,0.6010801792144775
w25_00004373,weda,C:\Users\ADMIN\Desktop\ds-fall\data\raw\WEDA-FALL-main\dataset\25Hz\D08\U04_R01_accel.csv,C:\Users\ADMIN\Desktop\ds-fall\data\raw\WEDA-FALL-main\dataset\25Hz,U04,D08_R01,D08,gentle_jump,gentle_jump,0,none,False,36,86,1.4409999999999998,3.401,25.0,50,12,"ax,ay,az,gx,gy,gz,acc_mag,gyro_mag,jerk,roll,pitch,tilt_delta",25.0,25.0,raw_25hz_time_aligned_to_uniform_25hz,adl_sliding_capped,123,123,,,dataset_unit_map,wrist,weda,m/s^2,rad/s,m/s^2,rad/s,1.0,1.0,True,test,non_fall,fall,0.9717103242874146,none,backward,0.8898995518684387
w25_00004374,weda,C:\Users\ADMIN\Desktop\ds-fall\data\raw\WEDA-FALL-main\dataset\25Hz\D08\U04_R01_accel.csv,C:\Users\ADMIN\Desktop\ds-fall\data\raw\WEDA-FALL-main\dataset\25Hz,U04,D08_R01,D08,gentle_jump,gentle_jump,0,none,False,48,98,1.9209999999999998,3.881,25.0,50,12,"ax,ay,az,gx,gy,gz,acc_mag,gyro_mag,jerk,roll,pitch,tilt_delta",25.0,25.0,raw_25hz_time_aligned_to_uniform_25hz,adl_sliding_capped,123,123,,,dataset_unit_map,wrist,weda,m/s^2,rad/s,m/s^2,rad/s,1.0,1.0,True,test,non_fall,fall,0.9700914621353149,none,backward,0.8959317207336426
w25_00004375,weda,C:\Users\ADMIN\Desktop\ds-fall\data\raw\WEDA-FALL-main\dataset\25Hz\D08\U04_R01_accel.csv,C:\Users\ADMIN\Desktop\ds-fall\data\raw\WEDA-FALL-main\dataset\25Hz,U04,D08_R01,D08,gentle_jump,gentle_jump,0,none,False,60,110,2.401,4.361000000000001,25.0,50,12,"ax,ay,az,gx,gy,gz,acc_mag,gyro_mag,jerk,roll,pitch,tilt_delta",25.0,25.0,raw_25hz_time_aligned_to_uniform_25hz,adl_sliding_capped,123,123,,,dataset_unit_map,wrist,weda,m/s^2,rad/s,m/s^2,rad/s,1.0,1.0,True,test,non_fall,non_fall,0.11776547133922577,none,backward,0.8886454701423645
w25_00004376,weda,C:\Users\ADMIN\Desktop\ds-fall\data\raw\WEDA-FALL-main\dataset\25Hz\D08\U04_R01_accel.csv,C:\Users\ADMIN\Desktop\ds-fall\data\raw\WEDA-FALL-main\dataset\25Hz,U04,D08_R01,D08,gentle_jump,gentle_jump,0,none,False,72,122,2.881,4.841,25.0,50,12,"ax,ay,az,gx,gy,gz,acc_mag,gyro_mag,jerk,roll,pitch,tilt_delta",25.0,25.0,raw_25hz_time_aligned_to_uniform_25hz,adl_sliding_capped,123,123,,,dataset_unit_map,wrist,weda,m/s^2,rad/s,m/s^2,rad/s,1.0,1.0,True,test,non_fall,non_fall,0.03850656375288963,none,backward,0.7651558518409729
w25_00004377,weda,C:\Users\ADMIN\Desktop\ds-fall\data\raw\WEDA-FALL-main\dataset\25Hz\D08\U04_R02_accel.csv,C:\Users\ADMIN\Desktop\ds-fall\data\raw\WEDA-FALL-main\dataset\25Hz,U04,D08_R02,D08,gentle_jump,gentle_jump,0,none,False,0,50,0.001,1.9609999999999999,25.0,50,12,"ax,ay,az,gx,gy,gz,acc_mag,gyro_mag,jerk,roll,pitch,tilt_delta",25.0,25.0,raw_25hz_time_aligned_to_uniform_25hz,adl_sliding_capped,101,101,,,dataset_unit_map,wrist,weda,m/s^2,rad/s,m/s^2,rad/s,1.0,1.0,True,test,non_fall,fall,0.9645273089408875,none,lateral,0.722712516784668
w25_00004378,weda,C:\Users\ADMIN\Desktop\ds-fall\data\raw\WEDA-FALL-main\dataset\25Hz\D08\U04_R02_accel.csv,C:\Users\ADMIN\Desktop\ds-fall\data\raw\WEDA-FALL-main\dataset\25Hz,U04,D08_R02,D08,gentle_jump,gentle_jump,0,none,False,12,62,0.481,2.441,25.0,50,12,"ax,ay,az,gx,gy,gz,acc_mag,gyro_mag,jerk,roll,pitch,tilt_delta",25.0,25.0,raw_25hz_time_aligned_to_uniform_25hz,adl_sliding_capped,101,101,,,dataset_unit_map,wrist,weda,m/s^2,rad/s,m/s^2,rad/s,1.0,1.0,True,test,non_fall,fall,0.9059368371963501,none,lateral,0.7940475344657898
w25_00004379,weda,C:\Users\ADMIN\Desktop\ds-fall\data\raw\WEDA-FALL-main\dataset\25Hz\D08\U04_R02_accel.csv,C:\Users\ADMIN\Desktop\ds-fall\data\raw\WEDA-FALL-main\dataset\25Hz,U04,D08_R02,D08,gentle_jump,gentle_jump,0,none,False,24,74,0.961,2.921,25.0,50,12,"ax,ay,az,gx,gy,gz,acc_mag,gyro_mag,jerk,roll,pitch,tilt_delta",25.0,25.0,raw_25hz_time_aligned_to_uniform_25hz,adl_sliding_capped,101,101,,,dataset_unit_map,wrist,weda,m/s^2,rad/s,m/s^2,rad/s,1.0,1.0,True,test,non_fall,fall,0.9105057716369629,none,lateral,0.6465445756912231
w25_00004510,weda,C:\Users\ADMIN\Desktop\ds-fall\data\raw\WEDA-FALL-main\dataset\25Hz\D09\U04_R01_accel.csv,C:\Users\ADMIN\Desktop\ds-fall\data\raw\WEDA-FALL-main\dataset\25Hz,U04,D09_R01,D09,hit_table_with_hand,hit_table_with_hand,0,none,False,0,50,0.002,1.962,25.0,50,12,"ax,ay,az,gx,gy,gz,acc_mag,gyro_mag,jerk,roll,pitch,tilt_delta",25.0,25.0,raw_25hz_time_aligned_to_uniform_25hz,adl_sliding_capped,124,124,,,dataset_unit_map,wrist,weda,m/s^2,rad/s,m/s^2,rad/s,1.0,1.0,True,test,non_fall,non_fall,0.17744974792003632,none,backward,0.5615301728248596
w25_00004511,weda,C:\Users\ADMIN\Desktop\ds-fall\data\raw\WEDA-FALL-main\dataset\25Hz\D09\U04_R01_accel.csv,C:\Users\ADMIN\Desktop\ds-fall\data\raw\WEDA-FALL-main\dataset\25Hz,U04,D09_R01,D09,hit_table_with_hand,hit_table_with_hand,0,none,False,12,62,0.482,2.4419999999999997,25.0,50,12,"ax,ay,az,gx,gy,gz,acc_mag,gyro_mag,jerk,roll,pitch,tilt_delta",25.0,25.0,raw_25hz_time_aligned_to_uniform_25hz,adl_sliding_capped,124,124,,,dataset_unit_map,wrist,weda,m/s^2,rad/s,m/s^2,rad/s,1.0,1.0,True,test,non_fall,non_fall,0.44493913650512695,none,backward,0.5055208206176758
w25_00004512,weda,C:\Users\ADMIN\Desktop\ds-fall\data\raw\WEDA-FALL-main\dataset\25Hz\D09\U04_R01_accel.csv,C:\Users\ADMIN\Desktop\ds-fall\data\raw\WEDA-FALL-main\dataset\25Hz,U04,D09_R01,D09,hit_table_with_hand,hit_table_with_hand,0,none,False,24,74,0.962,2.9219999999999997,25.0,50,12,"ax,ay,az,gx,gy,gz,acc_mag,gyro_mag,jerk,roll,pitch,tilt_delta",25.0,25.0,raw_25hz_time_aligned_to_uniform_25hz,adl_sliding_capped,124,124,,,dataset_unit_map,wrist,weda,m/s^2,rad/s,m/s^2,rad/s,1.0,1.0,True,test,non_fall,non_fall,0.6552074551582336,none,backward,0.5650899410247803
w25_00004513,weda,C:\Users\ADMIN\Desktop\ds-fall\data\raw\WEDA-FALL-main\dataset\25Hz\D09\U04_R01_accel.csv,C:\Users\ADMIN\Desktop\ds-fall\data\raw\WEDA-FALL-main\dataset\25Hz,U04,D09_R01,D09,hit_table_with_hand,hit_table_with_hand,0,none,False,36,86,1.442,3.4019999999999997,25.0,50,12,"ax,ay,az,gx,gy,gz,acc_mag,gyro_mag,jerk,roll,pitch,tilt_delta",25.0,25.0,raw_25hz_time_aligned_to_uniform_25hz,adl_sliding_capped,124,124,,,dataset_unit_map,wrist,weda,m/s^2,rad/s,m/s^2,rad/s,1.0,1.0,True,test,non_fall,fall,0.7741445302963257,none,backward,0.4173614978790283
w25_00004514,weda,C:\Users\ADMIN\Desktop\ds-fall\data\raw\WEDA-FALL-main\dataset\25Hz\D09\U04_R01_accel.csv,C:\Users\ADMIN\Desktop\ds-fall\data\raw\WEDA-FALL-main\dataset\25Hz,U04,D09_R01,D09,hit_table_with_hand,hit_table_with_hand,0,none,False,48,98,1.922,3.8819999999999997,25.0,50,12,"ax,ay,az,gx,gy,gz,acc_mag,gyro_mag,jerk,roll,pitch,tilt_delta",25.0,25.0,raw_25hz_time_aligned_to_uniform_25hz,adl_sliding_capped,124,124,,,dataset_unit_map,wrist,weda,m/s^2,rad/s,m/s^2,rad/s,1.0,1.0,True,test,non_fall,non_fall,0.721868097782135,none,forward,0.6709021329879761
w25_00004515,weda,C:\Users\ADMIN\Desktop\ds-fall\data\raw\WEDA-FALL-main\dataset\25Hz\D09\U04_R01_accel.csv,C:\Users\ADMIN\Desktop\ds-fall\data\raw\WEDA-FALL-main\dataset\25Hz,U04,D09_R01,D09,hit_table_with_hand,hit_table_with_hand,0,none,False,60,110,2.4019999999999997,4.362,25.0,50,12,"ax,ay,az,gx,gy,gz,acc_mag,gyro_mag,jerk,roll,pitch,tilt_delta",25.0,25.0,raw_25hz_time_aligned_to_uniform_25hz,adl_sliding_capped,124,124,,,dataset_unit_map,wrist,weda,m/s^2,rad/s,m/s^2,rad/s,1.0,1.0,True,test,non_fall,fall,0.8113203644752502,none,forward,0.8862308859825134
w25_00004516,weda,C:\Users\ADMIN\Desktop\ds-fall\data\raw\WEDA-FALL-main\dataset\25Hz\D09\U04_R01_accel.csv,C:\Users\ADMIN\Desktop\ds-fall\data\raw\WEDA-FALL-main\dataset\25Hz,U04,D09_R01,D09,hit_table_with_hand,hit_table_with_hand,0,none,False,72,122,2.8819999999999997,4.842,25.0,50,12,"ax,ay,az,gx,gy,gz,acc_mag,gyro_mag,jerk,roll,pitch,tilt_delta",25.0,25.0,raw_25hz_time_aligned_to_uniform_25hz,adl_sliding_capped,124,124,,,dataset_unit_map,wrist,weda,m/s^2,rad/s,m/s^2,rad/s,1.0,1.0,True,test,non_fall,non_fall,0.03314095735549927,none,backward,0.6499005556106567
w25_00004517,weda,C:\Users\ADMIN\Desktop\ds-fall\data\raw\WEDA-FALL-main\dataset\25Hz\D09\U04_R02_accel.csv,C:\Users\ADMIN\Desktop\ds-fall\data\raw\WEDA-FALL-main\dataset\25Hz,U04,D09_R02,D09,hit_table_with_hand,hit_table_with_hand,0,none,False,0,50,0.002,1.962,25.0,50,12,"ax,ay,az,gx,gy,gz,acc_mag,gyro_mag,jerk,roll,pitch,tilt_delta",25.0,25.0,raw_25hz_time_aligned_to_uniform_25hz,adl_sliding_capped,81,82,,,dataset_unit_map,wrist,weda,m/s^2,rad/s,m/s^2,rad/s,1.0,1.0,True,test,non_fall,non_fall,0.7446333169937134,none,lateral,0.6128397583961487
w25_00004518,weda,C:\Users\ADMIN\Desktop\ds-fall\data\raw\WEDA-FALL-main\dataset\25Hz\D09\U04_R02_accel.csv,C:\Users\ADMIN\Desktop\ds-fall\data\raw\WEDA-FALL-main\dataset\25Hz,U04,D09_R02,D09,hit_table_with_hand,hit_table_with_hand,0,none,False,12,62,0.482,2.4419999999999997,25.0,50,12,"ax,ay,az,gx,gy,gz,acc_mag,gyro_mag,jerk,roll,pitch,tilt_delta",25.0,25.0,raw_25hz_time_aligned_to_uniform_25hz,adl_sliding_capped,81,82,,,dataset_unit_map,wrist,weda,m/s^2,rad/s,m/s^2,rad/s,1.0,1.0,True,test,non_fall,non_fall,0.695385754108429,none,backward,0.6052912473678589
w25_00004519,weda,C:\Users\ADMIN\Desktop\ds-fall\data\raw\WEDA-FALL-main\dataset\25Hz\D09\U04_R02_accel.csv,C:\Users\ADMIN\Desktop\ds-fall\data\raw\WEDA-FALL-main\dataset\25Hz,U04,D09_R02,D09,hit_table_with_hand,hit_table_with_hand,0,none,False,24,74,0.962,2.9219999999999997,25.0,50,12,"ax,ay,az,gx,gy,gz,acc_mag,gyro_mag,jerk,roll,pitch,tilt_delta",25.0,25.0,raw_25hz_time_aligned_to_uniform_25hz,adl_sliding_capped,81,82,,,dataset_unit_map,wrist,weda,m/s^2,rad/s,m/s^2,rad/s,1.0,1.0,True,test,non_fall,non_fall,0.6460259556770325,none,backward,0.7723864316940308
w25_00004650,weda,C:\Users\ADMIN\Desktop\ds-fall\data\raw\WEDA-FALL-main\dataset\25Hz\D09\U24_R01_accel.csv,C:\Users\ADMIN\Desktop\ds-fall\data\raw\WEDA-FALL-main\dataset\25Hz,U24,D09_R01,D09,hit_table_with_hand,hit_table_with_hand,0,none,False,0,50,0.002,1.962,25.0,50,12,"ax,ay,az,gx,gy,gz,acc_mag,gyro_mag,jerk,roll,pitch,tilt_delta",25.0,25.0,raw_25hz_time_aligned_to_uniform_25hz,adl_sliding_capped,118,119,,,dataset_unit_map,wrist,weda,m/s^2,rad/s,m/s^2,rad/s,1.0,1.0,True,test,non_fall,non_fall,0.0018028172198683023,none,forward,0.6802716255187988
w25_00004651,weda,C:\Users\ADMIN\Desktop\ds-fall\data\raw\WEDA-FALL-main\dataset\25Hz\D09\U24_R01_accel.csv,C:\Users\ADMIN\Desktop\ds-fall\data\raw\WEDA-FALL-main\dataset\25Hz,U24,D09_R01,D09,hit_table_with_hand,hit_table_with_hand,0,none,False,12,62,0.482,2.4419999999999997,25.0,50,12,"ax,ay,az,gx,gy,gz,acc_mag,gyro_mag,jerk,roll,pitch,tilt_delta",25.0,25.0,raw_25hz_time_aligned_to_uniform_25hz,adl_sliding_capped,118,119,,,dataset_unit_map,wrist,weda,m/s^2,rad/s,m/s^2,rad/s,1.0,1.0,True,test,non_fall,non_fall,0.047690946608781815,none,forward,0.6570064425468445
w25_00004652,weda,C:\Users\ADMIN\Desktop\ds-fall\data\raw\WEDA-FALL-main\dataset\25Hz\D09\U24_R01_accel.csv,C:\Users\ADMIN\Desktop\ds-fall\data\raw\WEDA-FALL-main\dataset\25Hz,U24,D09_R01,D09,hit_table_with_hand,hit_table_with_hand,0,none,False,24,74,0.962,2.9219999999999997,25.0,50,12,"ax,ay,az,gx,gy,gz,acc_mag,gyro_mag,jerk,roll,pitch,tilt_delta",25.0,25.0,raw_25hz_time_aligned_to_uniform_25hz,adl_sliding_capped,118,119,,,dataset_unit_map,wrist,weda,m/s^2,rad/s,m/s^2,rad/s,1.0,1.0,True,test,non_fall,non_fall,0.14935718476772308,none,forward,0.9039707183837891
w25_00004653,weda,C:\Users\ADMIN\Desktop\ds-fall\data\raw\WEDA-FALL-main\dataset\25Hz\D09\U24_R01_accel.csv,C:\Users\ADMIN\Desktop\ds-fall\data\raw\WEDA-FALL-main\dataset\25Hz,U24,D09_R01,D09,hit_table_with_hand,hit_table_with_hand,0,none,False,36,86,1.442,3.4019999999999997,25.0,50,12,"ax,ay,az,gx,gy,gz,acc_mag,gyro_mag,jerk,roll,pitch,tilt_delta",25.0,25.0,raw_25hz_time_aligned_to_uniform_25hz,adl_sliding_capped,118,119,,,dataset_unit_map,wrist,weda,m/s^2,rad/s,m/s^2,rad/s,1.0,1.0,True,test,non_fall,non_fall,0.3398649990558624,none,forward,0.8542342782020569
w25_00004654,weda,C:\Users\ADMIN\Desktop\ds-fall\data\raw\WEDA-FALL-main\dataset\25Hz\D09\U24_R01_accel.csv,C:\Users\ADMIN\Desktop\ds-fall\data\raw\WEDA-FALL-main\dataset\25Hz,U24,D09_R01,D09,hit_table_with_hand,hit_table_with_hand,0,none,False,48,98,1.922,3.8819999999999997,25.0,50,12,"ax,ay,az,gx,gy,gz,acc_mag,gyro_mag,jerk,roll,pitch,tilt_delta",25.0,25.0,raw_25hz_time_aligned_to_uniform_25hz,adl_sliding_capped,118,119,,,dataset_unit_map,wrist,weda,m/s^2,rad/s,m/s^2,rad/s,1.0,1.0,True,test,non_fall,non_fall,0.5130752921104431,none,forward,0.8611800670623779
w25_00004655,weda,C:\Users\ADMIN\Desktop\ds-fall\data\raw\WEDA-FALL-main\dataset\25Hz\D09\U24_R01_accel.csv,C:\Users\ADMIN\Desktop\ds-fall\data\raw\WEDA-FALL-main\dataset\25Hz,U24,D09_R01,D09,hit_table_with_hand,hit_table_with_hand,0,none,False,60,110,2.4019999999999997,4.362,25.0,50,12,"ax,ay,az,gx,gy,gz,acc_mag,gyro_mag,jerk,roll,pitch,tilt_delta",25.0,25.0,raw_25hz_time_aligned_to_uniform_25hz,adl_sliding_capped,118,119,,,dataset_unit_map,wrist,weda,m/s^2,rad/s,m/s^2,rad/s,1.0,1.0,True,test,non_fall,non_fall,0.0530012808740139,none,forward,0.9446449875831604
w25_00004656,weda,C:\Users\ADMIN\Desktop\ds-fall\data\raw\WEDA-FALL-main\dataset\25Hz\D09\U24_R02_accel.csv,C:\Users\ADMIN\Desktop\ds-fall\data\raw\WEDA-FALL-main\dataset\25Hz,U24,D09_R02,D09,hit_table_with_hand,hit_table_with_hand,0,none,False,0,50,0.007,1.9669999999999999,25.0,50,12,"ax,ay,az,gx,gy,gz,acc_mag,gyro_mag,jerk,roll,pitch,tilt_delta",25.0,25.0,raw_25hz_time_aligned_to_uniform_25hz,adl_sliding_capped,138,138,,,dataset_unit_map,wrist,weda,m/s^2,rad/s,m/s^2,rad/s,1.0,1.0,True,test,non_fall,non_fall,0.004864743445068598,none,backward,0.5941982269287109
w25_00004657,weda,C:\Users\ADMIN\Desktop\ds-fall\data\raw\WEDA-FALL-main\dataset\25Hz\D09\U24_R02_accel.csv,C:\Users\ADMIN\Desktop\ds-fall\data\raw\WEDA-FALL-main\dataset\25Hz,U24,D09_R02,D09,hit_table_with_hand,hit_table_with_hand,0,none,False,12,62,0.487,2.447,25.0,50,12,"ax,ay,az,gx,gy,gz,acc_mag,gyro_mag,jerk,roll,pitch,tilt_delta",25.0,25.0,raw_25hz_time_aligned_to_uniform_25hz,adl_sliding_capped,138,138,,,dataset_unit_map,wrist,weda,m/s^2,rad/s,m/s^2,rad/s,1.0,1.0,True,test,non_fall,non_fall,0.02233465574681759,none,backward,0.6694430112838745
w25_00004658,weda,C:\Users\ADMIN\Desktop\ds-fall\data\raw\WEDA-FALL-main\dataset\25Hz\D09\U24_R02_accel.csv,C:\Users\ADMIN\Desktop\ds-fall\data\raw\WEDA-FALL-main\dataset\25Hz,U24,D09_R02,D09,hit_table_with_hand,hit_table_with_hand,0,none,False,24,74,0.967,2.927,25.0,50,12,"ax,ay,az,gx,gy,gz,acc_mag,gyro_mag,jerk,roll,pitch,tilt_delta",25.0,25.0,raw_25hz_time_aligned_to_uniform_25hz,adl_sliding_capped,138,138,,,dataset_unit_map,wrist,weda,m/s^2,rad/s,m/s^2,rad/s,1.0,1.0,True,test,non_fall,non_fall,0.13637910783290863,none,backward,0.6105319857597351
w25_00004659,weda,C:\Users\ADMIN\Desktop\ds-fall\data\raw\WEDA-FALL-main\dataset\25Hz\D09\U24_R02_accel.csv,C:\Users\ADMIN\Desktop\ds-fall\data\raw\WEDA-FALL-main\dataset\25Hz,U24,D09_R02,D09,hit_table_with_hand,hit_table_with_hand,0,none,False,36,86,1.4469999999999998,3.407,25.0,50,12,"ax,ay,az,gx,gy,gz,acc_mag,gyro_mag,jerk,roll,pitch,tilt_delta",25.0,25.0,raw_25hz_time_aligned_to_uniform_25hz,adl_sliding_capped,138,138,,,dataset_unit_map,wrist,weda,m/s^2,rad/s,m/s^2,rad/s,1.0,1.0,True,test,non_fall,non_fall,0.12403852492570877,none,backward,0.5245617628097534
w25_00004660,weda,C:\Users\ADMIN\Desktop\ds-fall\data\raw\WEDA-FALL-main\dataset\25Hz\D09\U25_R01_accel.csv,C:\Users\ADMIN\Desktop\ds-fall\data\raw\WEDA-FALL-main\dataset\25Hz,U25,D09_R01,D09,hit_table_with_hand,hit_table_with_hand,0,none,False,0,50,0.078,2.038,25.0,50,12,"ax,ay,az,gx,gy,gz,acc_mag,gyro_mag,jerk,roll,pitch,tilt_delta",25.0,25.0,raw_25hz_time_aligned_to_uniform_25hz,adl_sliding_capped,124,123,,,dataset_unit_map,wrist,weda,m/s^2,rad/s,m/s^2,rad/s,1.0,1.0,True,test,non_fall,non_fall,0.032209377735853195,none,backward,0.6033146977424622
w25_00004661,weda,C:\Users\ADMIN\Desktop\ds-fall\data\raw\WEDA-FALL-main\dataset\25Hz\D09\U25_R01_accel.csv,C:\Users\ADMIN\Desktop\ds-fall\data\raw\WEDA-FALL-main\dataset\25Hz,U25,D09_R01,D09,hit_table_with_hand,hit_table_with_hand,0,none,False,12,62,0.5579999999999999,2.5179999999999993,25.0,50,12,"ax,ay,az,gx,gy,gz,acc_mag,gyro_mag,jerk,roll,pitch,tilt_delta",25.0,25.0,raw_25hz_time_aligned_to_uniform_25hz,adl_sliding_capped,124,123,,,dataset_unit_map,wrist,weda,m/s^2,rad/s,m/s^2,rad/s,1.0,1.0,True,test,non_fall,non_fall,0.02994135022163391,none,backward,0.5762600898742676
w25_00004662,weda,C:\Users\ADMIN\Desktop\ds-fall\data\raw\WEDA-FALL-main\dataset\25Hz\D09\U25_R01_accel.csv,C:\Users\ADMIN\Desktop\ds-fall\data\raw\WEDA-FALL-main\dataset\25Hz,U25,D09_R01,D09,hit_table_with_hand,hit_table_with_hand,0,none,False,24,74,1.0379999999999998,2.9979999999999993,25.0,50,12,"ax,ay,az,gx,gy,gz,acc_mag,gyro_mag,jerk,roll,pitch,tilt_delta",25.0,25.0,raw_25hz_time_aligned_to_uniform_25hz,adl_sliding_capped,124,123,,,dataset_unit_map,wrist,weda,m/s^2,rad/s,m/s^2,rad/s,1.0,1.0,True,test,non_fall,non_fall,0.021421190351247787,none,forward,0.5655665993690491
w25_00004663,weda,C:\Users\ADMIN\Desktop\ds-fall\data\raw\WEDA-FALL-main\dataset\25Hz\D09\U25_R01_accel.csv,C:\Users\ADMIN\Desktop\ds-fall\data\raw\WEDA-FALL-main\dataset\25Hz,U25,D09_R01,D09,hit_table_with_hand,hit_table_with_hand,0,none,False,36,86,1.5179999999999998,3.4779999999999993,25.0,50,12,"ax,ay,az,gx,gy,gz,acc_mag,gyro_mag,jerk,roll,pitch,tilt_delta",25.0,25.0,raw_25hz_time_aligned_to_uniform_25hz,adl_sliding_capped,124,123,,,dataset_unit_map,wrist,weda,m/s^2,rad/s,m/s^2,rad/s,1.0,1.0,True,test,non_fall,non_fall,0.019658684730529785,none,forward,0.5582760572433472
w25_00004664,weda,C:\Users\ADMIN\Desktop\ds-fall\data\raw\WEDA-FALL-main\dataset\25Hz\D09\U25_R01_accel.csv,C:\Users\ADMIN\Desktop\ds-fall\data\raw\WEDA-FALL-main\dataset\25Hz,U25,D09_R01,D09,hit_table_with_hand,hit_table_with_hand,0,none,False,48,98,1.9979999999999998,3.9579999999999993,25.0,50,12,"ax,ay,az,gx,gy,gz,acc_mag,gyro_mag,jerk,roll,pitch,tilt_delta",25.0,25.0,raw_25hz_time_aligned_to_uniform_25hz,adl_sliding_capped,124,123,,,dataset_unit_map,wrist,weda,m/s^2,rad/s,m/s^2,rad/s,1.0,1.0,True,test,non_fall,non_fall,0.02556009776890278,none,forward,0.5506386160850525
w25_00004665,weda,C:\Users\ADMIN\Desktop\ds-fall\data\raw\WEDA-FALL-main\dataset\25Hz\D09\U25_R01_accel.csv,C:\Users\ADMIN\Desktop\ds-fall\data\raw\WEDA-FALL-main\dataset\25Hz,U25,D09_R01,D09,hit_table_with_hand,hit_table_with_hand,0,none,False,60,110,2.4779999999999993,4.438,25.0,50,12,"ax,ay,az,gx,gy,gz,acc_mag,gyro_mag,jerk,roll,pitch,tilt_delta",25.0,25.0,raw_25hz_time_aligned_to_uniform_25hz,adl_sliding_capped,124,123,,,dataset_unit_map,wrist,weda,m/s^2,rad/s,m/s^2,rad/s,1.0,1.0,True,test,non_fall,non_fall,0.027228673920035362,none,forward,0.5518971085548401
w25_00004666,weda,C:\Users\ADMIN\Desktop\ds-fall\data\raw\WEDA-FALL-main\dataset\25Hz\D09\U25_R01_accel.csv,C:\Users\ADMIN\Desktop\ds-fall\data\raw\WEDA-FALL-main\dataset\25Hz,U25,D09_R01,D09,hit_table_with_hand,hit_table_with_hand,0,none,False,72,122,2.9579999999999993,4.917999999999999,25.0,50,12,"ax,ay,az,gx,gy,gz,acc_mag,gyro_mag,jerk,roll,pitch,tilt_delta",25.0,25.0,raw_25hz_time_aligned_to_uniform_25hz,adl_sliding_capped,124,123,,,dataset_unit_map,wrist,weda,m/s^2,rad/s,m/s^2,rad/s,1.0,1.0,True,test,non_fall,non_fall,0.02894464135169983,none,backward,0.5506944060325623
w25_00004667,weda,C:\Users\ADMIN\Desktop\ds-fall\data\raw\WEDA-FALL-main\dataset\25Hz\D09\U25_R02_accel.csv,C:\Users\ADMIN\Desktop\ds-fall\data\raw\WEDA-FALL-main\dataset\25Hz,U25,D09_R02,D09,hit_table_with_hand,hit_table_with_hand,0,none,False,0,50,0.001,1.9609999999999999,25.0,50,12,"ax,ay,az,gx,gy,gz,acc_mag,gyro_mag,jerk,roll,pitch,tilt_delta",25.0,25.0,raw_25hz_time_aligned_to_uniform_25hz,adl_sliding_capped,104,104,,,dataset_unit_map,wrist,weda,m/s^2,rad/s,m/s^2,rad/s,1.0,1.0,True,test,non_fall,non_fall,0.02326846867799759,none,backward,0.5707839727401733
w25_00004668,weda,C:\Users\ADMIN\Desktop\ds-fall\data\raw\WEDA-FALL-main\dataset\25Hz\D09\U25_R02_accel.csv,C:\Users\ADMIN\Desktop\ds-fall\data\raw\WEDA-FALL-main\dataset\25Hz,U25,D09_R02,D09,hit_table_with_hand,hit_table_with_hand,0,none,False,12,62,0.481,2.441,25.0,50,12,"ax,ay,az,gx,gy,gz,acc_mag,gyro_mag,jerk,roll,pitch,tilt_delta",25.0,25.0,raw_25hz_time_aligned_to_uniform_25hz,adl_sliding_capped,104,104,,,dataset_unit_map,wrist,weda,m/s^2,rad/s,m/s^2,rad/s,1.0,1.0,True,test,non_fall,non_fall,0.030936753377318382,none,backward,0.5795283317565918
w25_00004669,weda,C:\Users\ADMIN\Desktop\ds-fall\data\raw\WEDA-FALL-main\dataset\25Hz\D09\U25_R02_accel.csv,C:\Users\ADMIN\Desktop\ds-fall\data\raw\WEDA-FALL-main\dataset\25Hz,U25,D09_R02,D09,hit_table_with_hand,hit_table_with_hand,0,none,False,24,74,0.961,2.921,25.0,50,12,"ax,ay,az,gx,gy,gz,acc_mag,gyro_mag,jerk,roll,pitch,tilt_delta",25.0,25.0,raw_25hz_time_aligned_to_uniform_25hz,adl_sliding_capped,104,104,,,dataset_unit_map,wrist,weda,m/s^2,rad/s,m/s^2,rad/s,1.0,1.0,True,test,non_fall,non_fall,0.06468258798122406,none,backward,0.60960453748703
w25_00004760,weda,C:\Users\ADMIN\Desktop\ds-fall\data\raw\WEDA-FALL-main\dataset\25Hz\D10\U04_R01_accel.csv,C:\Users\ADMIN\Desktop\ds-fall\data\raw\WEDA-FALL-main\dataset\25Hz,U04,D10_R01,D10,clapping_hands,clapping_hands,0,none,False,0,50,0.002,1.962,25.0,50,12,"ax,ay,az,gx,gy,gz,acc_mag,gyro_mag,jerk,roll,pitch,tilt_delta",25.0,25.0,raw_25hz_time_aligned_to_uniform_25hz,adl_sliding_capped,252,253,,,dataset_unit_map,wrist,weda,m/s^2,rad/s,m/s^2,rad/s,1.0,1.0,True,test,non_fall,fall,0.9554312229156494,none,backward,0.8449093103408813
w25_00004761,weda,C:\Users\ADMIN\Desktop\ds-fall\data\raw\WEDA-FALL-main\dataset\25Hz\D10\U04_R01_accel.csv,C:\Users\ADMIN\Desktop\ds-fall\data\raw\WEDA-FALL-main\dataset\25Hz,U04,D10_R01,D10,clapping_hands,clapping_hands,0,none,False,12,62,0.482,2.4419999999999997,25.0,50,12,"ax,ay,az,gx,gy,gz,acc_mag,gyro_mag,jerk,roll,pitch,tilt_delta",25.0,25.0,raw_25hz_time_aligned_to_uniform_25hz,adl_sliding_capped,252,253,,,dataset_unit_map,wrist,weda,m/s^2,rad/s,m/s^2,rad/s,1.0,1.0,True,test,non_fall,fall,0.9428759813308716,none,backward,0.850615382194519
w25_00004762,weda,C:\Users\ADMIN\Desktop\ds-fall\data\raw\WEDA-FALL-main\dataset\25Hz\D10\U04_R01_accel.csv,C:\Users\ADMIN\Desktop\ds-fall\data\raw\WEDA-FALL-main\dataset\25Hz,U04,D10_R01,D10,clapping_hands,clapping_hands,0,none,False,24,74,0.962,2.9219999999999997,25.0,50,12,"ax,ay,az,gx,gy,gz,acc_mag,gyro_mag,jerk,roll,pitch,tilt_delta",25.0,25.0,raw_25hz_time_aligned_to_uniform_25hz,adl_sliding_capped,252,253,,,dataset_unit_map,wrist,weda,m/s^2,rad/s,m/s^2,rad/s,1.0,1.0,True,test,non_fall,fall,0.9461780190467834,none,backward,0.9039390683174133
w25_00004763,weda,C:\Users\ADMIN\Desktop\ds-fall\data\raw\WEDA-FALL-main\dataset\25Hz\D10\U04_R01_accel.csv,C:\Users\ADMIN\Desktop\ds-fall\data\raw\WEDA-FALL-main\dataset\25Hz,U04,D10_R01,D10,clapping_hands,clapping_hands,0,none,False,36,86,1.442,3.4019999999999997,25.0,50,12,"ax,ay,az,gx,gy,gz,acc_mag,gyro_mag,jerk,roll,pitch,tilt_delta",25.0,25.0,raw_25hz_time_aligned_to_uniform_25hz,adl_sliding_capped,252,253,,,dataset_unit_map,wrist,weda,m/s^2,rad/s,m/s^2,rad/s,1.0,1.0,True,test,non_fall,fall,0.8653082251548767,none,backward,0.9407965540885925
w25_00004764,weda,C:\Users\ADMIN\Desktop\ds-fall\data\raw\WEDA-FALL-main\dataset\25Hz\D10\U04_R01_accel.csv,C:\Users\ADMIN\Desktop\ds-fall\data\raw\WEDA-FALL-main\dataset\25Hz,U04,D10_R01,D10,clapping_hands,clapping_hands,0,none,False,48,98,1.922,3.8819999999999997,25.0,50,12,"ax,ay,az,gx,gy,gz,acc_mag,gyro_mag,jerk,roll,pitch,tilt_delta",25.0,25.0,raw_25hz_time_aligned_to_uniform_25hz,adl_sliding_capped,252,253,,,dataset_unit_map,wrist,weda,m/s^2,rad/s,m/s^2,rad/s,1.0,1.0,True,test,non_fall,non_fall,0.5591566562652588,none,backward,0.8639042377471924
w25_00004765,weda,C:\Users\ADMIN\Desktop\ds-fall\data\raw\WEDA-FALL-main\dataset\25Hz\D10\U04_R01_accel.csv,C:\Users\ADMIN\Desktop\ds-fall\data\raw\WEDA-FALL-main\dataset\25Hz,U04,D10_R01,D10,clapping_hands,clapping_hands,0,none,False,60,110,2.4019999999999997,4.362,25.0,50,12,"ax,ay,az,gx,gy,gz,acc_mag,gyro_mag,jerk,roll,pitch,tilt_delta",25.0,25.0,raw_25hz_time_aligned_to_uniform_25hz,adl_sliding_capped,252,253,,,dataset_unit_map,wrist,weda,m/s^2,rad/s,m/s^2,rad/s,1.0,1.0,True,test,non_fall,non_fall,0.3297950029373169,none,backward,0.8937464952468872
w25_00004766,weda,C:\Users\ADMIN\Desktop\ds-fall\data\raw\WEDA-FALL-main\dataset\25Hz\D10\U04_R01_accel.csv,C:\Users\ADMIN\Desktop\ds-fall\data\raw\WEDA-FALL-main\dataset\25Hz,U04,D10_R01,D10,clapping_hands,clapping_hands,0,none,False,72,122,2.8819999999999997,4.842,25.0,50,12,"ax,ay,az,gx,gy,gz,acc_mag,gyro_mag,jerk,roll,pitch,tilt_delta",25.0,25.0,raw_25hz_time_aligned_to_uniform_25hz,adl_sliding_capped,252,253,,,dataset_unit_map,wrist,weda,m/s^2,rad/s,m/s^2,rad/s,1.0,1.0,True,test,non_fall,non_fall,0.13703106343746185,none,backward,0.87203449010849
w25_00004767,weda,C:\Users\ADMIN\Desktop\ds-fall\data\raw\WEDA-FALL-main\dataset\25Hz\D10\U04_R01_accel.csv,C:\Users\ADMIN\Desktop\ds-fall\data\raw\WEDA-FALL-main\dataset\25Hz,U04,D10_R01,D10,clapping_hands,clapping_hands,0,none,False,84,134,3.3619999999999997,5.322,25.0,50,12,"ax,ay,az,gx,gy,gz,acc_mag,gyro_mag,jerk,roll,pitch,tilt_delta",25.0,25.0,raw_25hz_time_aligned_to_uniform_25hz,adl_sliding_capped,252,253,,,dataset_unit_map,wrist,weda,m/s^2,rad/s,m/s^2,rad/s,1.0,1.0,True,test,non_fall,non_fall,0.10454916208982468,none,backward,0.8861247301101685
w25_00004768,weda,C:\Users\ADMIN\Desktop\ds-fall\data\raw\WEDA-FALL-main\dataset\25Hz\D10\U04_R01_accel.csv,C:\Users\ADMIN\Desktop\ds-fall\data\raw\WEDA-FALL-main\dataset\25Hz,U04,D10_R01,D10,clapping_hands,clapping_hands,0,none,False,96,146,3.8419999999999996,5.802,25.0,50,12,"ax,ay,az,gx,gy,gz,acc_mag,gyro_mag,jerk,roll,pitch,tilt_delta",25.0,25.0,raw_25hz_time_aligned_to_uniform_25hz,adl_sliding_capped,252,253,,,dataset_unit_map,wrist,weda,m/s^2,rad/s,m/s^2,rad/s,1.0,1.0,True,test,non_fall,non_fall,0.05099504068493843,none,backward,0.9469814896583557
w25_00004769,weda,C:\Users\ADMIN\Desktop\ds-fall\data\raw\WEDA-FALL-main\dataset\25Hz\D10\U04_R01_accel.csv,C:\Users\ADMIN\Desktop\ds-fall\data\raw\WEDA-FALL-main\dataset\25Hz,U04,D10_R01,D10,clapping_hands,clapping_hands,0,none,False,108,158,4.322,6.282,25.0,50,12,"ax,ay,az,gx,gy,gz,acc_mag,gyro_mag,jerk,roll,pitch,tilt_delta",25.0,25.0,raw_25hz_time_aligned_to_uniform_25hz,adl_sliding_capped,252,253,,,dataset_unit_map,wrist,weda,m/s^2,rad/s,m/s^2,rad/s,1.0,1.0,True,test,non_fall,non_fall,0.08089625835418701,none,backward,0.9203775525093079
w25_00004900,weda,C:\Users\ADMIN\Desktop\ds-fall\data\raw\WEDA-FALL-main\dataset\25Hz\D10\U24_R01_accel.csv,C:\Users\ADMIN\Desktop\ds-fall\data\raw\WEDA-FALL-main\dataset\25Hz,U24,D10_R01,D10,clapping_hands,clapping_hands,0,none,False,0,50,0.002,1.962,25.0,50,12,"ax,ay,az,gx,gy,gz,acc_mag,gyro_mag,jerk,roll,pitch,tilt_delta",25.0,25.0,raw_25hz_time_aligned_to_uniform_25hz,adl_sliding_capped,243,246,,,dataset_unit_map,wrist,weda,m/s^2,rad/s,m/s^2,rad/s,1.0,1.0,True,test,non_fall,non_fall,0.030999626964330673,none,backward,0.911267876625061
w25_00004901,weda,C:\Users\ADMIN\Desktop\ds-fall\data\raw\WEDA-FALL-main\dataset\25Hz\D10\U24_R01_accel.csv,C:\Users\ADMIN\Desktop\ds-fall\data\raw\WEDA-FALL-main\dataset\25Hz,U24,D10_R01,D10,clapping_hands,clapping_hands,0,none,False,12,62,0.482,2.4419999999999997,25.0,50,12,"ax,ay,az,gx,gy,gz,acc_mag,gyro_mag,jerk,roll,pitch,tilt_delta",25.0,25.0,raw_25hz_time_aligned_to_uniform_25hz,adl_sliding_capped,243,246,,,dataset_unit_map,wrist,weda,m/s^2,rad/s,m/s^2,rad/s,1.0,1.0,True,test,non_fall,non_fall,0.055220428854227066,none,backward,0.9139277935028076
w25_00004902,weda,C:\Users\ADMIN\Desktop\ds-fall\data\raw\WEDA-FALL-main\dataset\25Hz\D10\U24_R01_accel.csv,C:\Users\ADMIN\Desktop\ds-fall\data\raw\WEDA-FALL-main\dataset\25Hz,U24,D10_R01,D10,clapping_hands,clapping_hands,0,none,False,24,74,0.962,2.9219999999999997,25.0,50,12,"ax,ay,az,gx,gy,gz,acc_mag,gyro_mag,jerk,roll,pitch,tilt_delta",25.0,25.0,raw_25hz_time_aligned_to_uniform_25hz,adl_sliding_capped,243,246,,,dataset_unit_map,wrist,weda,m/s^2,rad/s,m/s^2,rad/s,1.0,1.0,True,test,non_fall,non_fall,0.06224893778562546,none,backward,0.9045982360839844
w25_00004903,weda,C:\Users\ADMIN\Desktop\ds-fall\data\raw\WEDA-FALL-main\dataset\25Hz\D10\U24_R01_accel.csv,C:\Users\ADMIN\Desktop\ds-fall\data\raw\WEDA-FALL-main\dataset\25Hz,U24,D10_R01,D10,clapping_hands,clapping_hands,0,none,False,36,86,1.442,3.4019999999999997,25.0,50,12,"ax,ay,az,gx,gy,gz,acc_mag,gyro_mag,jerk,roll,pitch,tilt_delta",25.0,25.0,raw_25hz_time_aligned_to_uniform_25hz,adl_sliding_capped,243,246,,,dataset_unit_map,wrist,weda,m/s^2,rad/s,m/s^2,rad/s,1.0,1.0,True,test,non_fall,non_fall,0.08912473917007446,none,backward,0.9017382860183716
w25_00004904,weda,C:\Users\ADMIN\Desktop\ds-fall\data\raw\WEDA-FALL-main\dataset\25Hz\D10\U24_R01_accel.csv,C:\Users\ADMIN\Desktop\ds-fall\data\raw\WEDA-FALL-main\dataset\25Hz,U24,D10_R01,D10,clapping_hands,clapping_hands,0,none,False,48,98,1.922,3.8819999999999997,25.0,50,12,"ax,ay,az,gx,gy,gz,acc_mag,gyro_mag,jerk,roll,pitch,tilt_delta",25.0,25.0,raw_25hz_time_aligned_to_uniform_25hz,adl_sliding_capped,243,246,,,dataset_unit_map,wrist,weda,m/s^2,rad/s,m/s^2,rad/s,1.0,1.0,True,test,non_fall,non_fall,0.07966100424528122,none,backward,0.8827852010726929
w25_00004905,weda,C:\Users\ADMIN\Desktop\ds-fall\data\raw\WEDA-FALL-main\dataset\25Hz\D10\U24_R01_accel.csv,C:\Users\ADMIN\Desktop\ds-fall\data\raw\WEDA-FALL-main\dataset\25Hz,U24,D10_R01,D10,clapping_hands,clapping_hands,0,none,False,60,110,2.4019999999999997,4.362,25.0,50,12,"ax,ay,az,gx,gy,gz,acc_mag,gyro_mag,jerk,roll,pitch,tilt_delta",25.0,25.0,raw_25hz_time_aligned_to_uniform_25hz,adl_sliding_capped,243,246,,,dataset_unit_map,wrist,weda,m/s^2,rad/s,m/s^2,rad/s,1.0,1.0,True,test,non_fall,non_fall,0.07595588266849518,none,backward,0.8744906783103943
w25_00004906,weda,C:\Users\ADMIN\Desktop\ds-fall\data\raw\WEDA-FALL-main\dataset\25Hz\D10\U24_R01_accel.csv,C:\Users\ADMIN\Desktop\ds-fall\data\raw\WEDA-FALL-main\dataset\25Hz,U24,D10_R01,D10,clapping_hands,clapping_hands,0,none,False,72,122,2.8819999999999997,4.842,25.0,50,12,"ax,ay,az,gx,gy,gz,acc_mag,gyro_mag,jerk,roll,pitch,tilt_delta",25.0,25.0,raw_25hz_time_aligned_to_uniform_25hz,adl_sliding_capped,243,246,,,dataset_unit_map,wrist,weda,m/s^2,rad/s,m/s^2,rad/s,1.0,1.0,True,test,non_fall,non_fall,0.07842472195625305,none,backward,0.8942957520484924
w25_00004907,weda,C:\Users\ADMIN\Desktop\ds-fall\data\raw\WEDA-FALL-main\dataset\25Hz\D10\U24_R01_accel.csv,C:\Users\ADMIN\Desktop\ds-fall\data\raw\WEDA-FALL-main\dataset\25Hz,U24,D10_R01,D10,clapping_hands,clapping_hands,0,none,False,84,134,3.3619999999999997,5.322,25.0,50,12,"ax,ay,az,gx,gy,gz,acc_mag,gyro_mag,jerk,roll,pitch,tilt_delta",25.0,25.0,raw_25hz_time_aligned_to_uniform_25hz,adl_sliding_capped,243,246,,,dataset_unit_map,wrist,weda,m/s^2,rad/s,m/s^2,rad/s,1.0,1.0,True,test,non_fall,non_fall,0.08051378279924393,none,backward,0.8911378979682922
w25_00004908,weda,C:\Users\ADMIN\Desktop\ds-fall\data\raw\WEDA-FALL-main\dataset\25Hz\D10\U24_R01_accel.csv,C:\Users\ADMIN\Desktop\ds-fall\data\raw\WEDA-FALL-main\dataset\25Hz,U24,D10_R01,D10,clapping_hands,clapping_hands,0,none,False,96,146,3.8419999999999996,5.802,25.0,50,12,"ax,ay,az,gx,gy,gz,acc_mag,gyro_mag,jerk,roll,pitch,tilt_delta",25.0,25.0,raw_25hz_time_aligned_to_uniform_25hz,adl_sliding_capped,243,246,,,dataset_unit_map,wrist,weda,m/s^2,rad/s,m/s^2,rad/s,1.0,1.0,True,test,non_fall,non_fall,0.0741702988743782,none,backward,0.8930248022079468
w25_00004909,weda,C:\Users\ADMIN\Desktop\ds-fall\data\raw\WEDA-FALL-main\dataset\25Hz\D10\U24_R01_accel.csv,C:\Users\ADMIN\Desktop\ds-fall\data\raw\WEDA-FALL-main\dataset\25Hz,U24,D10_R01,D10,clapping_hands,clapping_hands,0,none,False,108,158,4.322,6.282,25.0,50,12,"ax,ay,az,gx,gy,gz,acc_mag,gyro_mag,jerk,roll,pitch,tilt_delta",25.0,25.0,raw_25hz_time_aligned_to_uniform_25hz,adl_sliding_capped,243,246,,,dataset_unit_map,wrist,weda,m/s^2,rad/s,m/s^2,rad/s,1.0,1.0,True,test,non_fall,non_fall,0.06169504299759865,none,backward,0.8754059076309204
w25_00004910,weda,C:\Users\ADMIN\Desktop\ds-fall\data\raw\WEDA-FALL-main\dataset\25Hz\D10\U25_R01_accel.csv,C:\Users\ADMIN\Desktop\ds-fall\data\raw\WEDA-FALL-main\dataset\25Hz,U25,D10_R01,D10,clapping_hands,clapping_hands,0,none,False,0,50,0.001,1.9609999999999999,25.0,50,12,"ax,ay,az,gx,gy,gz,acc_mag,gyro_mag,jerk,roll,pitch,tilt_delta",25.0,25.0,raw_25hz_time_aligned_to_uniform_25hz,adl_sliding_capped,264,267,,,dataset_unit_map,wrist,weda,m/s^2,rad/s,m/s^2,rad/s,1.0,1.0,True,test,non_fall,non_fall,0.06104009598493576,none,backward,0.7973975539207458
w25_00004911,weda,C:\Users\ADMIN\Desktop\ds-fall\data\raw\WEDA-FALL-main\dataset\25Hz\D10\U25_R01_accel.csv,C:\Users\ADMIN\Desktop\ds-fall\data\raw\WEDA-FALL-main\dataset\25Hz,U25,D10_R01,D10,clapping_hands,clapping_hands,0,none,False,12,62,0.481,2.441,25.0,50,12,"ax,ay,az,gx,gy,gz,acc_mag,gyro_mag,jerk,roll,pitch,tilt_delta",25.0,25.0,raw_25hz_time_aligned_to_uniform_25hz,adl_sliding_capped,264,267,,,dataset_unit_map,wrist,weda,m/s^2,rad/s,m/s^2,rad/s,1.0,1.0,True,test,non_fall,non_fall,0.0484471395611763,none,backward,0.8833370208740234
w25_00004912,weda,C:\Users\ADMIN\Desktop\ds-fall\data\raw\WEDA-FALL-main\dataset\25Hz\D10\U25_R01_accel.csv,C:\Users\ADMIN\Desktop\ds-fall\data\raw\WEDA-FALL-main\dataset\25Hz,U25,D10_R01,D10,clapping_hands,clapping_hands,0,none,False,24,74,0.961,2.921,25.0,50,12,"ax,ay,az,gx,gy,gz,acc_mag,gyro_mag,jerk,roll,pitch,tilt_delta",25.0,25.0,raw_25hz_time_aligned_to_uniform_25hz,adl_sliding_capped,264,267,,,dataset_unit_map,wrist,weda,m/s^2,rad/s,m/s^2,rad/s,1.0,1.0,True,test,non_fall,non_fall,0.04636586830019951,none,backward,0.8549817204475403
w25_00004913,weda,C:\Users\ADMIN\Desktop\ds-fall\data\raw\WEDA-FALL-main\dataset\25Hz\D10\U25_R01_accel.csv,C:\Users\ADMIN\Desktop\ds-fall\data\raw\WEDA-FALL-main\dataset\25Hz,U25,D10_R01,D10,clapping_hands,clapping_hands,0,none,False,36,86,1.4409999999999998,3.401,25.0,50,12,"ax,ay,az,gx,gy,gz,acc_mag,gyro_mag,jerk,roll,pitch,tilt_delta",25.0,25.0,raw_25hz_time_aligned_to_uniform_25hz,adl_sliding_capped,264,267,,,dataset_unit_map,wrist,weda,m/s^2,rad/s,m/s^2,rad/s,1.0,1.0,True,test,non_fall,non_fall,0.04942656680941582,none,backward,0.8400692939758301
w25_00004914,weda,C:\Users\ADMIN\Desktop\ds-fall\data\raw\WEDA-FALL-main\dataset\25Hz\D10\U25_R01_accel.csv,C:\Users\ADMIN\Desktop\ds-fall\data\raw\WEDA-FALL-main\dataset\25Hz,U25,D10_R01,D10,clapping_hands,clapping_hands,0,none,False,48,98,1.9209999999999998,3.881,25.0,50,12,"ax,ay,az,gx,gy,gz,acc_mag,gyro_mag,jerk,roll,pitch,tilt_delta",25.0,25.0,raw_25hz_time_aligned_to_uniform_25hz,adl_sliding_capped,264,267,,,dataset_unit_map,wrist,weda,m/s^2,rad/s,m/s^2,rad/s,1.0,1.0,True,test,non_fall,non_fall,0.10556869208812714,none,backward,0.8172835111618042
w25_00004915,weda,C:\Users\ADMIN\Desktop\ds-fall\data\raw\WEDA-FALL-main\dataset\25Hz\D10\U25_R01_accel.csv,C:\Users\ADMIN\Desktop\ds-fall\data\raw\WEDA-FALL-main\dataset\25Hz,U25,D10_R01,D10,clapping_hands,clapping_hands,0,none,False,60,110,2.401,4.361000000000001,25.0,50,12,"ax,ay,az,gx,gy,gz,acc_mag,gyro_mag,jerk,roll,pitch,tilt_delta",25.0,25.0,raw_25hz_time_aligned_to_uniform_25hz,adl_sliding_capped,264,267,,,dataset_unit_map,wrist,weda,m/s^2,rad/s,m/s^2,rad/s,1.0,1.0,True,test,non_fall,non_fall,0.04351894557476044,none,backward,0.8693975806236267
w25_00004916,weda,C:\Users\ADMIN\Desktop\ds-fall\data\raw\WEDA-FALL-main\dataset\25Hz\D10\U25_R01_accel.csv,C:\Users\ADMIN\Desktop\ds-fall\data\raw\WEDA-FALL-main\dataset\25Hz,U25,D10_R01,D10,clapping_hands,clapping_hands,0,none,False,72,122,2.881,4.841,25.0,50,12,"ax,ay,az,gx,gy,gz,acc_mag,gyro_mag,jerk,roll,pitch,tilt_delta",25.0,25.0,raw_25hz_time_aligned_to_uniform_25hz,adl_sliding_capped,264,267,,,dataset_unit_map,wrist,weda,m/s^2,rad/s,m/s^2,rad/s,1.0,1.0,True,test,non_fall,non_fall,0.04014959558844566,none,backward,0.896486222743988
w25_00004917,weda,C:\Users\ADMIN\Desktop\ds-fall\data\raw\WEDA-FALL-main\dataset\25Hz\D10\U25_R01_accel.csv,C:\Users\ADMIN\Desktop\ds-fall\data\raw\WEDA-FALL-main\dataset\25Hz,U25,D10_R01,D10,clapping_hands,clapping_hands,0,none,False,84,134,3.3609999999999998,5.321000000000001,25.0,50,12,"ax,ay,az,gx,gy,gz,acc_mag,gyro_mag,jerk,roll,pitch,tilt_delta",25.0,25.0,raw_25hz_time_aligned_to_uniform_25hz,adl_sliding_capped,264,267,,,dataset_unit_map,wrist,weda,m/s^2,rad/s,m/s^2,rad/s,1.0,1.0,True,test,non_fall,non_fall,0.034841958433389664,none,backward,0.9243901968002319
w25_00004918,weda,C:\Users\ADMIN\Desktop\ds-fall\data\raw\WEDA-FALL-main\dataset\25Hz\D10\U25_R01_accel.csv,C:\Users\ADMIN\Desktop\ds-fall\data\raw\WEDA-FALL-main\dataset\25Hz,U25,D10_R01,D10,clapping_hands,clapping_hands,0,none,False,96,146,3.8409999999999997,5.801,25.0,50,12,"ax,ay,az,gx,gy,gz,acc_mag,gyro_mag,jerk,roll,pitch,tilt_delta",25.0,25.0,raw_25hz_time_aligned_to_uniform_25hz,adl_sliding_capped,264,267,,,dataset_unit_map,wrist,weda,m/s^2,rad/s,m/s^2,rad/s,1.0,1.0,True,test,non_fall,non_fall,0.05862275883555412,none,backward,0.9162799715995789
w25_00004919,weda,C:\Users\ADMIN\Desktop\ds-fall\data\raw\WEDA-FALL-main\dataset\25Hz\D10\U25_R01_accel.csv,C:\Users\ADMIN\Desktop\ds-fall\data\raw\WEDA-FALL-main\dataset\25Hz,U25,D10_R01,D10,clapping_hands,clapping_hands,0,none,False,108,158,4.321000000000001,6.281000000000001,25.0,50,12,"ax,ay,az,gx,gy,gz,acc_mag,gyro_mag,jerk,roll,pitch,tilt_delta",25.0,25.0,raw_25hz_time_aligned_to_uniform_25hz,adl_sliding_capped,264,267,,,dataset_unit_map,wrist,weda,m/s^2,rad/s,m/s^2,rad/s,1.0,1.0,True,test,non_fall,non_fall,0.06134028732776642,none,backward,0.9113348126411438
w25_00004995,weda,C:\Users\ADMIN\Desktop\ds-fall\data\raw\WEDA-FALL-main\dataset\25Hz\D11\U04_R01_accel.csv,C:\Users\ADMIN\Desktop\ds-fall\data\raw\WEDA-FALL-main\dataset\25Hz,U04,D11_R01,D11,open_close_door,open_close_door,0,none,False,0,50,0.006,1.966,25.0,50,12,"ax,ay,az,gx,gy,gz,acc_mag,gyro_mag,jerk,roll,pitch,tilt_delta",25.0,25.0,raw_25hz_time_aligned_to_uniform_25hz,adl_sliding_capped,274,276,,,dataset_unit_map,wrist,weda,m/s^2,rad/s,m/s^2,rad/s,1.0,1.0,True,test,non_fall,non_fall,0.04939403012394905,none,lateral,0.8507878184318542
w25_00004996,weda,C:\Users\ADMIN\Desktop\ds-fall\data\raw\WEDA-FALL-main\dataset\25Hz\D11\U04_R01_accel.csv,C:\Users\ADMIN\Desktop\ds-fall\data\raw\WEDA-FALL-main\dataset\25Hz,U04,D11_R01,D11,open_close_door,open_close_door,0,none,False,12,62,0.486,2.4459999999999997,25.0,50,12,"ax,ay,az,gx,gy,gz,acc_mag,gyro_mag,jerk,roll,pitch,tilt_delta",25.0,25.0,raw_25hz_time_aligned_to_uniform_25hz,adl_sliding_capped,274,276,,,dataset_unit_map,wrist,weda,m/s^2,rad/s,m/s^2,rad/s,1.0,1.0,True,test,non_fall,non_fall,0.09442558139562607,none,lateral,0.8579714894294739
w25_00004997,weda,C:\Users\ADMIN\Desktop\ds-fall\data\raw\WEDA-FALL-main\dataset\25Hz\D11\U04_R01_accel.csv,C:\Users\ADMIN\Desktop\ds-fall\data\raw\WEDA-FALL-main\dataset\25Hz,U04,D11_R01,D11,open_close_door,open_close_door,0,none,False,24,74,0.966,2.9259999999999997,25.0,50,12,"ax,ay,az,gx,gy,gz,acc_mag,gyro_mag,jerk,roll,pitch,tilt_delta",25.0,25.0,raw_25hz_time_aligned_to_uniform_25hz,adl_sliding_capped,274,276,,,dataset_unit_map,wrist,weda,m/s^2,rad/s,m/s^2,rad/s,1.0,1.0,True,test,non_fall,non_fall,0.03771374374628067,none,backward,0.6481016874313354
w25_00004998,weda,C:\Users\ADMIN\Desktop\ds-fall\data\raw\WEDA-FALL-main\dataset\25Hz\D11\U04_R01_accel.csv,C:\Users\ADMIN\Desktop\ds-fall\data\raw\WEDA-FALL-main\dataset\25Hz,U04,D11_R01,D11,open_close_door,open_close_door,0,none,False,36,86,1.446,3.4059999999999997,25.0,50,12,"ax,ay,az,gx,gy,gz,acc_mag,gyro_mag,jerk,roll,pitch,tilt_delta",25.0,25.0,raw_25hz_time_aligned_to_uniform_25hz,adl_sliding_capped,274,276,,,dataset_unit_map,wrist,weda,m/s^2,rad/s,m/s^2,rad/s,1.0,1.0,True,test,non_fall,non_fall,0.013425467535853386,none,forward,0.8799713253974915
w25_00004999,weda,C:\Users\ADMIN\Desktop\ds-fall\data\raw\WEDA-FALL-main\dataset\25Hz\D11\U04_R01_accel.csv,C:\Users\ADMIN\Desktop\ds-fall\data\raw\WEDA-FALL-main\dataset\25Hz,U04,D11_R01,D11,open_close_door,open_close_door,0,none,False,48,98,1.926,3.8859999999999997,25.0,50,12,"ax,ay,az,gx,gy,gz,acc_mag,gyro_mag,jerk,roll,pitch,tilt_delta",25.0,25.0,raw_25hz_time_aligned_to_uniform_25hz,adl_sliding_capped,274,276,,,dataset_unit_map,wrist,weda,m/s^2,rad/s,m/s^2,rad/s,1.0,1.0,True,test,non_fall,non_fall,0.006588718853890896,none,forward,0.8694851994514465
w25_00005065,weda,C:\Users\ADMIN\Desktop\ds-fall\data\raw\WEDA-FALL-main\dataset\25Hz\D11\U24_R01_accel.csv,C:\Users\ADMIN\Desktop\ds-fall\data\raw\WEDA-FALL-main\dataset\25Hz,U24,D11_R01,D11,open_close_door,open_close_door,0,none,False,0,50,0.002,1.962,25.0,50,12,"ax,ay,az,gx,gy,gz,acc_mag,gyro_mag,jerk,roll,pitch,tilt_delta",25.0,25.0,raw_25hz_time_aligned_to_uniform_25hz,adl_sliding_capped,166,166,,,dataset_unit_map,wrist,weda,m/s^2,rad/s,m/s^2,rad/s,1.0,1.0,True,test,non_fall,non_fall,0.02132052183151245,none,forward,0.4011407196521759
w25_00005066,weda,C:\Users\ADMIN\Desktop\ds-fall\data\raw\WEDA-FALL-main\dataset\25Hz\D11\U24_R01_accel.csv,C:\Users\ADMIN\Desktop\ds-fall\data\raw\WEDA-FALL-main\dataset\25Hz,U24,D11_R01,D11,open_close_door,open_close_door,0,none,False,12,62,0.482,2.4419999999999997,25.0,50,12,"ax,ay,az,gx,gy,gz,acc_mag,gyro_mag,jerk,roll,pitch,tilt_delta",25.0,25.0,raw_25hz_time_aligned_to_uniform_25hz,adl_sliding_capped,166,166,,,dataset_unit_map,wrist,weda,m/s^2,rad/s,m/s^2,rad/s,1.0,1.0,True,test,non_fall,non_fall,0.03547748550772667,none,forward,0.3772278130054474
w25_00005067,weda,C:\Users\ADMIN\Desktop\ds-fall\data\raw\WEDA-FALL-main\dataset\25Hz\D11\U24_R01_accel.csv,C:\Users\ADMIN\Desktop\ds-fall\data\raw\WEDA-FALL-main\dataset\25Hz,U24,D11_R01,D11,open_close_door,open_close_door,0,none,False,24,74,0.962,2.9219999999999997,25.0,50,12,"ax,ay,az,gx,gy,gz,acc_mag,gyro_mag,jerk,roll,pitch,tilt_delta",25.0,25.0,raw_25hz_time_aligned_to_uniform_25hz,adl_sliding_capped,166,166,,,dataset_unit_map,wrist,weda,m/s^2,rad/s,m/s^2,rad/s,1.0,1.0,True,test,non_fall,non_fall,0.03949660062789917,none,backward,0.37927037477493286
w25_00005068,weda,C:\Users\ADMIN\Desktop\ds-fall\data\raw\WEDA-FALL-main\dataset\25Hz\D11\U24_R01_accel.csv,C:\Users\ADMIN\Desktop\ds-fall\data\raw\WEDA-FALL-main\dataset\25Hz,U24,D11_R01,D11,open_close_door,open_close_door,0,none,False,36,86,1.442,3.4019999999999997,25.0,50,12,"ax,ay,az,gx,gy,gz,acc_mag,gyro_mag,jerk,roll,pitch,tilt_delta",25.0,25.0,raw_25hz_time_aligned_to_uniform_25hz,adl_sliding_capped,166,166,,,dataset_unit_map,wrist,weda,m/s^2,rad/s,m/s^2,rad/s,1.0,1.0,True,test,non_fall,non_fall,0.07380140572786331,none,backward,0.6483684778213501
w25_00005069,weda,C:\Users\ADMIN\Desktop\ds-fall\data\raw\WEDA-FALL-main\dataset\25Hz\D11\U24_R01_accel.csv,C:\Users\ADMIN\Desktop\ds-fall\data\raw\WEDA-FALL-main\dataset\25Hz,U24,D11_R01,D11,open_close_door,open_close_door,0,none,False,48,98,1.922,3.8819999999999997,25.0,50,12,"ax,ay,az,gx,gy,gz,acc_mag,gyro_mag,jerk,roll,pitch,tilt_delta",25.0,25.0,raw_25hz_time_aligned_to_uniform_25hz,adl_sliding_capped,166,166,,,dataset_unit_map,wrist,weda,m/s^2,rad/s,m/s^2,rad/s,1.0,1.0,True,test,non_fall,non_fall,0.09736786037683487,none,backward,0.6592549681663513
w25_00005070,weda,C:\Users\ADMIN\Desktop\ds-fall\data\raw\WEDA-FALL-main\dataset\25Hz\D11\U25_R01_accel.csv,C:\Users\ADMIN\Desktop\ds-fall\data\raw\WEDA-FALL-main\dataset\25Hz,U25,D11_R01,D11,open_close_door,open_close_door,0,none,False,0,50,0.002,1.962,25.0,50,12,"ax,ay,az,gx,gy,gz,acc_mag,gyro_mag,jerk,roll,pitch,tilt_delta",25.0,25.0,raw_25hz_time_aligned_to_uniform_25hz,adl_sliding_capped,247,249,,,dataset_unit_map,wrist,weda,m/s^2,rad/s,m/s^2,rad/s,1.0,1.0,True,test,non_fall,non_fall,0.017563745379447937,none,forward,0.7241470813751221
w25_00005071,weda,C:\Users\ADMIN\Desktop\ds-fall\data\raw\WEDA-FALL-main\dataset\25Hz\D11\U25_R01_accel.csv,C:\Users\ADMIN\Desktop\ds-fall\data\raw\WEDA-FALL-main\dataset\25Hz,U25,D11_R01,D11,open_close_door,open_close_door,0,none,False,12,62,0.482,2.4419999999999997,25.0,50,12,"ax,ay,az,gx,gy,gz,acc_mag,gyro_mag,jerk,roll,pitch,tilt_delta",25.0,25.0,raw_25hz_time_aligned_to_uniform_25hz,adl_sliding_capped,247,249,,,dataset_unit_map,wrist,weda,m/s^2,rad/s,m/s^2,rad/s,1.0,1.0,True,test,non_fall,non_fall,0.3590519428253174,none,backward,0.5879549384117126
w25_00005072,weda,C:\Users\ADMIN\Desktop\ds-fall\data\raw\WEDA-FALL-main\dataset\25Hz\D11\U25_R01_accel.csv,C:\Users\ADMIN\Desktop\ds-fall\data\raw\WEDA-FALL-main\dataset\25Hz,U25,D11_R01,D11,open_close_door,open_close_door,0,none,False,24,74,0.962,2.9219999999999997,25.0,50,12,"ax,ay,az,gx,gy,gz,acc_mag,gyro_mag,jerk,roll,pitch,tilt_delta",25.0,25.0,raw_25hz_time_aligned_to_uniform_25hz,adl_sliding_capped,247,249,,,dataset_unit_map,wrist,weda,m/s^2,rad/s,m/s^2,rad/s,1.0,1.0,True,test,non_fall,non_fall,0.534870982170105,none,lateral,0.80511474609375
w25_00005073,weda,C:\Users\ADMIN\Desktop\ds-fall\data\raw\WEDA-FALL-main\dataset\25Hz\D11\U25_R01_accel.csv,C:\Users\ADMIN\Desktop\ds-fall\data\raw\WEDA-FALL-main\dataset\25Hz,U25,D11_R01,D11,open_close_door,open_close_door,0,none,False,36,86,1.442,3.4019999999999997,25.0,50,12,"ax,ay,az,gx,gy,gz,acc_mag,gyro_mag,jerk,roll,pitch,tilt_delta",25.0,25.0,raw_25hz_time_aligned_to_uniform_25hz,adl_sliding_capped,247,249,,,dataset_unit_map,wrist,weda,m/s^2,rad/s,m/s^2,rad/s,1.0,1.0,True,test,non_fall,non_fall,0.2853812873363495,none,lateral,0.8479451537132263
w25_00005074,weda,C:\Users\ADMIN\Desktop\ds-fall\data\raw\WEDA-FALL-main\dataset\25Hz\D11\U25_R01_accel.csv,C:\Users\ADMIN\Desktop\ds-fall\data\raw\WEDA-FALL-main\dataset\25Hz,U25,D11_R01,D11,open_close_door,open_close_door,0,none,False,48,98,1.922,3.8819999999999997,25.0,50,12,"ax,ay,az,gx,gy,gz,acc_mag,gyro_mag,jerk,roll,pitch,tilt_delta",25.0,25.0,raw_25hz_time_aligned_to_uniform_25hz,adl_sliding_capped,247,249,,,dataset_unit_map,wrist,weda,m/s^2,rad/s,m/s^2,rad/s,1.0,1.0,True,test,non_fall,non_fall,0.20661091804504395,none,lateral,0.8330807089805603
w25_00005114,weda,C:\Users\ADMIN\Desktop\ds-fall\data\raw\WEDA-FALL-main\dataset\25Hz\F01\U04_R01_accel.csv,C:\Users\ADMIN\Desktop\ds-fall\data\raw\WEDA-FALL-main\dataset\25Hz,U04,F01_R01,F01,fall_forward_walking_slip,fall_forward_walking_slip,1,forward,True,108,158,4.336,6.296,25.0,50,12,"ax,ay,az,gx,gy,gz,acc_mag,gyro_mag,jerk,roll,pitch,tilt_delta",25.0,25.0,raw_25hz_time_aligned_to_uniform_25hz,fall_interval_peak_acc_centered,414,418,4.3,7.3,dataset_unit_map,wrist,weda,m/s^2,rad/s,m/s^2,rad/s,1.0,1.0,True,test,fall,fall,0.9295165538787842,forward,backward,0.6036007404327393
w25_00005115,weda,C:\Users\ADMIN\Desktop\ds-fall\data\raw\WEDA-FALL-main\dataset\25Hz\F01\U04_R02_accel.csv,C:\Users\ADMIN\Desktop\ds-fall\data\raw\WEDA-FALL-main\dataset\25Hz,U04,F01_R02,F01,fall_forward_walking_slip,fall_forward_walking_slip,1,forward,True,98,148,3.9219999999999997,5.882,25.0,50,12,"ax,ay,az,gx,gy,gz,acc_mag,gyro_mag,jerk,roll,pitch,tilt_delta",25.0,25.0,raw_25hz_time_aligned_to_uniform_25hz,fall_interval_peak_acc_centered,405,409,3.7,6.7,dataset_unit_map,wrist,weda,m/s^2,rad/s,m/s^2,rad/s,1.0,1.0,True,test,fall,fall,0.9955347776412964,forward,forward,0.7008053660392761
w25_00005116,weda,C:\Users\ADMIN\Desktop\ds-fall\data\raw\WEDA-FALL-main\dataset\25Hz\F01\U04_R03_accel.csv,C:\Users\ADMIN\Desktop\ds-fall\data\raw\WEDA-FALL-main\dataset\25Hz,U04,F01_R03,F01,fall_forward_walking_slip,fall_forward_walking_slip,1,forward,True,127,177,5.082,7.042,25.0,50,12,"ax,ay,az,gx,gy,gz,acc_mag,gyro_mag,jerk,roll,pitch,tilt_delta",25.0,25.0,raw_25hz_time_aligned_to_uniform_25hz,fall_interval_peak_acc_centered,264,266,5.0,8.0,dataset_unit_map,wrist,weda,m/s^2,rad/s,m/s^2,rad/s,1.0,1.0,True,test,fall,fall,0.9931348562240601,forward,forward,0.8432436585426331
w25_00005156,weda,C:\Users\ADMIN\Desktop\ds-fall\data\raw\WEDA-FALL-main\dataset\25Hz\F02\U04_R01_accel.csv,C:\Users\ADMIN\Desktop\ds-fall\data\raw\WEDA-FALL-main\dataset\25Hz,U04,F02_R01,F02,lateral_fall_walking_slip,lateral_fall_walking_slip,1,lateral,True,100,150,4.002,5.962,25.0,50,12,"ax,ay,az,gx,gy,gz,acc_mag,gyro_mag,jerk,roll,pitch,tilt_delta",25.0,25.0,raw_25hz_time_aligned_to_uniform_25hz,fall_interval_peak_acc_centered,271,273,4.0,7.0,dataset_unit_map,wrist,weda,m/s^2,rad/s,m/s^2,rad/s,1.0,1.0,True,test,fall,fall,0.9564415216445923,lateral,forward,0.7989622950553894
w25_00005157,weda,C:\Users\ADMIN\Desktop\ds-fall\data\raw\WEDA-FALL-main\dataset\25Hz\F02\U04_R02_accel.csv,C:\Users\ADMIN\Desktop\ds-fall\data\raw\WEDA-FALL-main\dataset\25Hz,U04,F02_R02,F02,lateral_fall_walking_slip,lateral_fall_walking_slip,1,lateral,True,98,148,3.9219999999999997,5.882,25.0,50,12,"ax,ay,az,gx,gy,gz,acc_mag,gyro_mag,jerk,roll,pitch,tilt_delta",25.0,25.0,raw_25hz_time_aligned_to_uniform_25hz,fall_interval_peak_acc_centered,333,335,4.0,7.0,dataset_unit_map,wrist,weda,m/s^2,rad/s,m/s^2,rad/s,1.0,1.0,True,test,fall,fall,0.849778413772583,lateral,lateral,0.7422656416893005
w25_00005158,weda,C:\Users\ADMIN\Desktop\ds-fall\data\raw\WEDA-FALL-main\dataset\25Hz\F02\U04_R03_accel.csv,C:\Users\ADMIN\Desktop\ds-fall\data\raw\WEDA-FALL-main\dataset\25Hz,U04,F02_R03,F02,lateral_fall_walking_slip,lateral_fall_walking_slip,1,lateral,True,97,147,3.883,5.843,25.0,50,12,"ax,ay,az,gx,gy,gz,acc_mag,gyro_mag,jerk,roll,pitch,tilt_delta",25.0,25.0,raw_25hz_time_aligned_to_uniform_25hz,fall_interval_peak_acc_centered,252,254,4.0,7.0,dataset_unit_map,wrist,weda,m/s^2,rad/s,m/s^2,rad/s,1.0,1.0,True,test,fall,fall,0.9308972358703613,lateral,forward,0.542363703250885
w25_00005198,weda,C:\Users\ADMIN\Desktop\ds-fall\data\raw\WEDA-FALL-main\dataset\25Hz\F03\U04_R01_accel.csv,C:\Users\ADMIN\Desktop\ds-fall\data\raw\WEDA-FALL-main\dataset\25Hz,U04,F03_R01,F03,fall_backward_walking_slip,fall_backward_walking_slip,1,backward,True,127,177,5.082,7.042,25.0,50,12,"ax,ay,az,gx,gy,gz,acc_mag,gyro_mag,jerk,roll,pitch,tilt_delta",25.0,25.0,raw_25hz_time_aligned_to_uniform_25hz,fall_interval_peak_acc_centered,283,285,5.0,8.0,dataset_unit_map,wrist,weda,m/s^2,rad/s,m/s^2,rad/s,1.0,1.0,True,test,fall,fall,0.8810163736343384,backward,backward,0.45523807406425476
w25_00005199,weda,C:\Users\ADMIN\Desktop\ds-fall\data\raw\WEDA-FALL-main\dataset\25Hz\F03\U04_R02_accel.csv,C:\Users\ADMIN\Desktop\ds-fall\data\raw\WEDA-FALL-main\dataset\25Hz,U04,F03_R02,F03,fall_backward_walking_slip,fall_backward_walking_slip,1,backward,True,93,143,3.7270000000000003,5.686999999999999,25.0,50,12,"ax,ay,az,gx,gy,gz,acc_mag,gyro_mag,jerk,roll,pitch,tilt_delta",25.0,25.0,raw_25hz_time_aligned_to_uniform_25hz,fall_interval_peak_acc_centered,217,219,4.0,7.0,dataset_unit_map,wrist,weda,m/s^2,rad/s,m/s^2,rad/s,1.0,1.0,True,test,fall,fall,0.9158052206039429,backward,forward,0.5897474884986877
w25_00005200,weda,C:\Users\ADMIN\Desktop\ds-fall\data\raw\WEDA-FALL-main\dataset\25Hz\F03\U04_R03_accel.csv,C:\Users\ADMIN\Desktop\ds-fall\data\raw\WEDA-FALL-main\dataset\25Hz,U04,F03_R03,F03,fall_backward_walking_slip,fall_backward_walking_slip,1,backward,True,104,154,4.162,6.122,25.0,50,12,"ax,ay,az,gx,gy,gz,acc_mag,gyro_mag,jerk,roll,pitch,tilt_delta",25.0,25.0,raw_25hz_time_aligned_to_uniform_25hz,fall_interval_peak_acc_centered,234,236,4.0,7.0,dataset_unit_map,wrist,weda,m/s^2,rad/s,m/s^2,rad/s,1.0,1.0,True,test,fall,fall,0.9694027900695801,backward,forward,0.789233922958374
w25_00005240,weda,C:\Users\ADMIN\Desktop\ds-fall\data\raw\WEDA-FALL-main\dataset\25Hz\F04\U04_R01_accel.csv,C:\Users\ADMIN\Desktop\ds-fall\data\raw\WEDA-FALL-main\dataset\25Hz,U04,F04_R01,F04,fall_forward_walking_trip,fall_forward_walking_trip,1,forward,True,85,135,3.403,5.363,25.0,50,12,"ax,ay,az,gx,gy,gz,acc_mag,gyro_mag,jerk,roll,pitch,tilt_delta",25.0,25.0,raw_25hz_time_aligned_to_uniform_25hz,fall_interval_peak_acc_centered,237,238,3.0,6.0,dataset_unit_map,wrist,weda,m/s^2,rad/s,m/s^2,rad/s,1.0,1.0,True,test,fall,fall,0.8380149006843567,forward,forward,0.9968420267105103
w25_00005241,weda,C:\Users\ADMIN\Desktop\ds-fall\data\raw\WEDA-FALL-main\dataset\25Hz\F04\U04_R02_accel.csv,C:\Users\ADMIN\Desktop\ds-fall\data\raw\WEDA-FALL-main\dataset\25Hz,U04,F04_R02,F04,fall_forward_walking_trip,fall_forward_walking_trip,1,forward,True,85,135,3.4019999999999997,5.362,25.0,50,12,"ax,ay,az,gx,gy,gz,acc_mag,gyro_mag,jerk,roll,pitch,tilt_delta",25.0,25.0,raw_25hz_time_aligned_to_uniform_25hz,fall_interval_peak_acc_centered,237,238,3.2,6.2,dataset_unit_map,wrist,weda,m/s^2,rad/s,m/s^2,rad/s,1.0,1.0,True,test,fall,fall,0.9986359477043152,forward,forward,0.859757661819458
w25_00005242,weda,C:\Users\ADMIN\Desktop\ds-fall\data\raw\WEDA-FALL-main\dataset\25Hz\F04\U04_R03_accel.csv,C:\Users\ADMIN\Desktop\ds-fall\data\raw\WEDA-FALL-main\dataset\25Hz,U04,F04_R03,F04,fall_forward_walking_trip,fall_forward_walking_trip,1,forward,True,91,141,3.642,5.602,25.0,50,12,"ax,ay,az,gx,gy,gz,acc_mag,gyro_mag,jerk,roll,pitch,tilt_delta",25.0,25.0,raw_25hz_time_aligned_to_uniform_25hz,fall_interval_peak_acc_centered,225,226,3.6,6.6,dataset_unit_map,wrist,weda,m/s^2,rad/s,m/s^2,rad/s,1.0,1.0,True,test,fall,fall,0.9998711347579956,forward,forward,0.6818395853042603
w25_00005282,weda,C:\Users\ADMIN\Desktop\ds-fall\data\raw\WEDA-FALL-main\dataset\25Hz\F05\U04_R01_accel.csv,C:\Users\ADMIN\Desktop\ds-fall\data\raw\WEDA-FALL-main\dataset\25Hz,U04,F05_R01,F05,fall_backward_trying_to_sit,fall_backward_trying_to_sit,1,backward,True,63,113,2.521,4.481000000000001,25.0,50,12,"ax,ay,az,gx,gy,gz,acc_mag,gyro_mag,jerk,roll,pitch,tilt_delta",25.0,25.0,raw_25hz_time_aligned_to_uniform_25hz,fall_interval_peak_acc_centered,163,164,2.5,5.5,dataset_unit_map,wrist,weda,m/s^2,rad/s,m/s^2,rad/s,1.0,1.0,True,test,fall,fall,0.8899766802787781,backward,forward,0.5320835709571838
w25_00005283,weda,C:\Users\ADMIN\Desktop\ds-fall\data\raw\WEDA-FALL-main\dataset\25Hz\F05\U04_R02_accel.csv,C:\Users\ADMIN\Desktop\ds-fall\data\raw\WEDA-FALL-main\dataset\25Hz,U04,F05_R02,F05,fall_backward_trying_to_sit,fall_backward_trying_to_sit,1,backward,True,66,116,2.7159999999999997,4.675999999999999,25.0,50,12,"ax,ay,az,gx,gy,gz,acc_mag,gyro_mag,jerk,roll,pitch,tilt_delta",25.0,25.0,raw_25hz_time_aligned_to_uniform_25hz,fall_interval_peak_acc_centered,191,191,2.8,5.8,dataset_unit_map,wrist,weda,m/s^2,rad/s,m/s^2,rad/s,1.0,1.0,True,test,fall,fall,0.8301132917404175,backward,backward,0.6056175231933594
w25_00005284,weda,C:\Users\ADMIN\Desktop\ds-fall\data\raw\WEDA-FALL-main\dataset\25Hz\F05\U04_R03_accel.csv,C:\Users\ADMIN\Desktop\ds-fall\data\raw\WEDA-FALL-main\dataset\25Hz,U04,F05_R03,F05,fall_backward_trying_to_sit,fall_backward_trying_to_sit,1,backward,True,93,143,3.722,5.6819999999999995,25.0,50,12,"ax,ay,az,gx,gy,gz,acc_mag,gyro_mag,jerk,roll,pitch,tilt_delta",25.0,25.0,raw_25hz_time_aligned_to_uniform_25hz,fall_interval_peak_acc_centered,225,225,3.6,6.6,dataset_unit_map,wrist,weda,m/s^2,rad/s,m/s^2,rad/s,1.0,1.0,True,test,fall,fall,0.808602511882782,backward,lateral,0.6666906476020813
w25_00005324,weda,C:\Users\ADMIN\Desktop\ds-fall\data\raw\WEDA-FALL-main\dataset\25Hz\F06\U04_R01_accel.csv,C:\Users\ADMIN\Desktop\ds-fall\data\raw\WEDA-FALL-main\dataset\25Hz,U04,F06_R01,F06,fall_forward_sitting,fall_forward_sitting,1,forward,True,75,125,3.002,4.962,25.0,50,12,"ax,ay,az,gx,gy,gz,acc_mag,gyro_mag,jerk,roll,pitch,tilt_delta",25.0,25.0,raw_25hz_time_aligned_to_uniform_25hz,fall_interval_peak_acc_centered,227,229,3.0,6.0,dataset_unit_map,wrist,weda,m/s^2,rad/s,m/s^2,rad/s,1.0,1.0,True,test,fall,non_fall,0.42184534668922424,forward,forward,0.9821924567222595
w25_00005325,weda,C:\Users\ADMIN\Desktop\ds-fall\data\raw\WEDA-FALL-main\dataset\25Hz\F06\U04_R02_accel.csv,C:\Users\ADMIN\Desktop\ds-fall\data\raw\WEDA-FALL-main\dataset\25Hz,U04,F06_R02,F06,fall_forward_sitting,fall_forward_sitting,1,forward,True,89,139,3.562,5.522,25.0,50,12,"ax,ay,az,gx,gy,gz,acc_mag,gyro_mag,jerk,roll,pitch,tilt_delta",25.0,25.0,raw_25hz_time_aligned_to_uniform_25hz,fall_interval_peak_acc_centered,214,216,3.5,6.5,dataset_unit_map,wrist,weda,m/s^2,rad/s,m/s^2,rad/s,1.0,1.0,True,test,fall,non_fall,0.46703922748565674,forward,forward,0.6316045522689819
w25_00005326,weda,C:\Users\ADMIN\Desktop\ds-fall\data\raw\WEDA-FALL-main\dataset\25Hz\F06\U04_R03_accel.csv,C:\Users\ADMIN\Desktop\ds-fall\data\raw\WEDA-FALL-main\dataset\25Hz,U04,F06_R03,F06,fall_forward_sitting,fall_forward_sitting,1,forward,True,41,91,1.6420000000000001,3.602,25.0,50,12,"ax,ay,az,gx,gy,gz,acc_mag,gyro_mag,jerk,roll,pitch,tilt_delta",25.0,25.0,raw_25hz_time_aligned_to_uniform_25hz,fall_interval_peak_acc_centered,193,194,1.8,4.8,dataset_unit_map,wrist,weda,m/s^2,rad/s,m/s^2,rad/s,1.0,1.0,True,test,fall,fall,0.822657585144043,forward,lateral,0.617350161075592
w25_00005366,weda,C:\Users\ADMIN\Desktop\ds-fall\data\raw\WEDA-FALL-main\dataset\25Hz\F07\U04_R01_accel.csv,C:\Users\ADMIN\Desktop\ds-fall\data\raw\WEDA-FALL-main\dataset\25Hz,U04,F07_R01,F07,fall_backward_sitting,fall_backward_sitting,1,backward,True,50,100,2.002,3.9619999999999997,25.0,50,12,"ax,ay,az,gx,gy,gz,acc_mag,gyro_mag,jerk,roll,pitch,tilt_delta",25.0,25.0,raw_25hz_time_aligned_to_uniform_25hz,fall_interval_peak_acc_centered,192,193,2.0,5.0,dataset_unit_map,wrist,weda,m/s^2,rad/s,m/s^2,rad/s,1.0,1.0,True,test,fall,fall,0.9829853177070618,backward,lateral,0.7053353786468506
w25_00005367,weda,C:\Users\ADMIN\Desktop\ds-fall\data\raw\WEDA-FALL-main\dataset\25Hz\F07\U04_R02_accel.csv,C:\Users\ADMIN\Desktop\ds-fall\data\raw\WEDA-FALL-main\dataset\25Hz,U04,F07_R02,F07,fall_backward_sitting,fall_backward_sitting,1,backward,True,55,105,2.2070000000000003,4.167,25.0,50,12,"ax,ay,az,gx,gy,gz,acc_mag,gyro_mag,jerk,roll,pitch,tilt_delta",25.0,25.0,raw_25hz_time_aligned_to_uniform_25hz,fall_interval_peak_acc_centered,207,209,1.8,4.8,dataset_unit_map,wrist,weda,m/s^2,rad/s,m/s^2,rad/s,1.0,1.0,True,test,fall,fall,0.7976277470588684,backward,backward,0.9433994889259338
w25_00005368,weda,C:\Users\ADMIN\Desktop\ds-fall\data\raw\WEDA-FALL-main\dataset\25Hz\F07\U04_R03_accel.csv,C:\Users\ADMIN\Desktop\ds-fall\data\raw\WEDA-FALL-main\dataset\25Hz,U04,F07_R03,F07,fall_backward_sitting,fall_backward_sitting,1,backward,True,90,140,3.602,5.562,25.0,50,12,"ax,ay,az,gx,gy,gz,acc_mag,gyro_mag,jerk,roll,pitch,tilt_delta",25.0,25.0,raw_25hz_time_aligned_to_uniform_25hz,fall_interval_peak_acc_centered,222,224,3.5,6.5,dataset_unit_map,wrist,weda,m/s^2,rad/s,m/s^2,rad/s,1.0,1.0,True,test,fall,fall,0.8996038436889648,backward,backward,0.49869781732559204
w25_00005411,weda,C:\Users\ADMIN\Desktop\ds-fall\data\raw\WEDA-FALL-main\dataset\25Hz\F08\U04_R01_accel.csv,C:\Users\ADMIN\Desktop\ds-fall\data\raw\WEDA-FALL-main\dataset\25Hz,U04,F08_R01,F08,lateral_fall_sitting,lateral_fall_sitting,1,lateral,True,71,121,2.8419999999999996,4.802,25.0,50,12,"ax,ay,az,gx,gy,gz,acc_mag,gyro_mag,jerk,roll,pitch,tilt_delta",25.0,25.0,raw_25hz_time_aligned_to_uniform_25hz,fall_interval_peak_acc_centered,190,194,2.1,6.8,dataset_unit_map,wrist,weda,m/s^2,rad/s,m/s^2,rad/s,1.0,1.0,True,test,fall,fall,0.9530156850814819,lateral,backward,0.6711901426315308
w25_00005412,weda,C:\Users\ADMIN\Desktop\ds-fall\data\raw\WEDA-FALL-main\dataset\25Hz\F08\U04_R02_accel.csv,C:\Users\ADMIN\Desktop\ds-fall\data\raw\WEDA-FALL-main\dataset\25Hz,U04,F08_R02,F08,lateral_fall_sitting,lateral_fall_sitting,1,lateral,True,93,143,3.722,5.6819999999999995,25.0,50,12,"ax,ay,az,gx,gy,gz,acc_mag,gyro_mag,jerk,roll,pitch,tilt_delta",25.0,25.0,raw_25hz_time_aligned_to_uniform_25hz,fall_interval_peak_acc_centered,200,202,3.4,6.4,dataset_unit_map,wrist,weda,m/s^2,rad/s,m/s^2,rad/s,1.0,1.0,True,test,fall,fall,0.9606054425239563,lateral,lateral,0.8261992931365967
w25_00005413,weda,C:\Users\ADMIN\Desktop\ds-fall\data\raw\WEDA-FALL-main\dataset\25Hz\F08\U04_R03_accel.csv,C:\Users\ADMIN\Desktop\ds-fall\data\raw\WEDA-FALL-main\dataset\25Hz,U04,F08_R03,F08,lateral_fall_sitting,lateral_fall_sitting,1,lateral,True,63,113,2.522,4.482,25.0,50,12,"ax,ay,az,gx,gy,gz,acc_mag,gyro_mag,jerk,roll,pitch,tilt_delta",25.0,25.0,raw_25hz_time_aligned_to_uniform_25hz,fall_interval_peak_acc_centered,148,148,2.0,5.0,dataset_unit_map,wrist,weda,m/s^2,rad/s,m/s^2,rad/s,1.0,1.0,True,test,fall,fall,0.9352603554725647,lateral,lateral,0.8506830930709839
w25_00005414,weda,C:\Users\ADMIN\Desktop\ds-fall\data\raw\WEDA-FALL-main\dataset\25Hz\F08\U04_R04_accel.csv,C:\Users\ADMIN\Desktop\ds-fall\data\raw\WEDA-FALL-main\dataset\25Hz,U04,F08_R04,F08,lateral_fall_sitting,lateral_fall_sitting,1,lateral,True,76,126,3.042,5.002,25.0,50,12,"ax,ay,az,gx,gy,gz,acc_mag,gyro_mag,jerk,roll,pitch,tilt_delta",25.0,25.0,raw_25hz_time_aligned_to_uniform_25hz,fall_interval_peak_acc_centered,168,168,2.2,5.2,dataset_unit_map,wrist,weda,m/s^2,rad/s,m/s^2,rad/s,1.0,1.0,True,test,fall,fall,0.9859876036643982,lateral,forward,0.8923836350440979
