window_id,dataset,source_path,source_folder,subject_id,trial_id,activity_id,activity_name,activity,fall_label,direction_label,direction_supervised,start_idx,end_idx,start_time,end_time,sampling_rate,window_size,stride_size,feature_order,source_hz,target_hz,resampling_method,window_rule,original_length,processed_length,fall_interval_start,fall_interval_end,unit_conversion,sensor_position,dataset_name,acc_unit_before,gyro_unit_before,acc_unit_after,gyro_unit_after,conversion_factor_acc,conversion_factor_gyro,unit_harmonized,split,true_fall,pred_fall,fall_prob,true_direction,pred_direction,direction_confidence
w25_00000595,bits,C:\Users\ADMIN\Desktop\ds-fall\data\raw\Dataset\adl\user17\user17_adl1.csv,C:\Users\ADMIN\Desktop\ds-fall\data\raw\Dataset,user17,user17_adl1,adl1,walking_slowly,walking_slowly,0,none,False,0,50,0.0,2.0,25.0,50,12,"ax,ay,az,gx,gy,gz,acc_mag,gyro_mag,jerk,roll,pitch,tilt_delta",20.0,25.0,uniform_20hz_time_interpolation_to_25hz,adl_sliding_capped,505,631,,,dataset_unit_map,wrist,bits,m/s^2,rad/s,m/s^2,rad/s,1.0,1.0,True,test,non_fall,non_fall,0.00166546949185431,none,lateral,0.4915487766265869
w25_00000596,bits,C:\Users\ADMIN\Desktop\ds-fall\data\raw\Dataset\adl\user17\user17_adl1.csv,C:\Users\ADMIN\Desktop\ds-fall\data\raw\Dataset,user17,user17_adl1,adl1,walking_slowly,walking_slowly,0,none,False,12,62,0.48,2.48,25.0,50,12,"ax,ay,az,gx,gy,gz,acc_mag,gyro_mag,jerk,roll,pitch,tilt_delta",20.0,25.0,uniform_20hz_time_interpolation_to_25hz,adl_sliding_capped,505,631,,,dataset_unit_map,wrist,bits,m/s^2,rad/s,m/s^2,rad/s,1.0,1.0,True,test,non_fall,non_fall,0.0004352961841505021,none,backward,0.9981081485748291
w25_00000597,bits,C:\Users\ADMIN\Desktop\ds-fall\data\raw\Dataset\adl\user17\user17_adl1.csv,C:\Users\ADMIN\Desktop\ds-fall\data\raw\Dataset,user17,user17_adl1,adl1,walking_slowly,walking_slowly,0,none,False,24,74,0.96,2.96,25.0,50,12,"ax,ay,az,gx,gy,gz,acc_mag,gyro_mag,jerk,roll,pitch,tilt_delta",20.0,25.0,uniform_20hz_time_interpolation_to_25hz,adl_sliding_capped,505,631,,,dataset_unit_map,wrist,bits,m/s^2,rad/s,m/s^2,rad/s,1.0,1.0,True,test,non_fall,non_fall,0.007927007041871548,none,backward,0.9995492100715637
w25_00000598,bits,C:\Users\ADMIN\Desktop\ds-fall\data\raw\Dataset\adl\user17\user17_adl1.csv,C:\Users\ADMIN\Desktop\ds-fall\data\raw\Dataset,user17,user17_adl1,adl1,walking_slowly,walking_slowly,0,none,False,36,86,1.44,3.44,25.0,50,12,"ax,ay,az,gx,gy,gz,acc_mag,gyro_mag,jerk,roll,pitch,tilt_delta",20.0,25.0,uniform_20hz_time_interpolation_to_25hz,adl_sliding_capped,505,631,,,dataset_unit_map,wrist,bits,m/s^2,rad/s,m/s^2,rad/s,1.0,1.0,True,test,non_fall,non_fall,0.01702994294464588,none,backward,0.9994246959686279
w25_00000599,bits,C:\Users\ADMIN\Desktop\ds-fall\data\raw\Dataset\adl\user17\user17_adl1.csv,C:\Users\ADMIN\Desktop\ds-fall\data\raw\Dataset,user17,user17_adl1,adl1,walking_slowly,walking_slowly,0,none,False,48,98,1.92,3.92,25.0,50,12,"ax,ay,az,gx,gy,gz,acc_mag,gyro_mag,jerk,roll,pitch,tilt_delta",20.0,25.0,uniform_20hz_time_interpolation_to_25hz,adl_sliding_capped,505,631,,,dataset_unit_map,wrist,bits,m/s^2,rad/s,m/s^2,rad/s,1.0,1.0,True,test,non_fall,non_fall,0.8391110301017761,none,backward,0.9916473627090454
w25_00000600,bits,C:\Users\ADMIN\Desktop\ds-fall\data\raw\Dataset\adl\user17\user17_adl10.csv,C:\Users\ADMIN\Desktop\ds-fall\data\raw\Dataset,user17,user17_adl10,adl10,rapidly_sitting_on_chair,rapidly_sitting_on_chair,0,none,False,0,50,0.0,2.0,25.0,50,12,"ax,ay,az,gx,gy,gz,acc_mag,gyro_mag,jerk,roll,pitch,tilt_delta",20.0,25.0,uniform_20hz_time_interpolation_to_25hz,adl_sliding_capped,240,299,,,dataset_unit_map,wrist,bits,m/s^2,rad/s,m/s^2,rad/s,1.0,1.0,True,test,non_fall,non_fall,0.0036226524971425533,none,backward,0.9999998807907104
w25_00000601,bits,C:\Users\ADMIN\Desktop\ds-fall\data\raw\Dataset\adl\user17\user17_adl10.csv,C:\Users\ADMIN\Desktop\ds-fall\data\raw\Dataset,user17,user17_adl10,adl10,rapidly_sitting_on_chair,rapidly_sitting_on_chair,0,none,False,12,62,0.48,2.48,25.0,50,12,"ax,ay,az,gx,gy,gz,acc_mag,gyro_mag,jerk,roll,pitch,tilt_delta",20.0,25.0,uniform_20hz_time_interpolation_to_25hz,adl_sliding_capped,240,299,,,dataset_unit_map,wrist,bits,m/s^2,rad/s,m/s^2,rad/s,1.0,1.0,True,test,non_fall,non_fall,0.003474737983196974,none,backward,1.0
w25_00000602,bits,C:\Users\ADMIN\Desktop\ds-fall\data\raw\Dataset\adl\user17\user17_adl10.csv,C:\Users\ADMIN\Desktop\ds-fall\data\raw\Dataset,user17,user17_adl10,adl10,rapidly_sitting_on_chair,rapidly_sitting_on_chair,0,none,False,24,74,0.96,2.96,25.0,50,12,"ax,ay,az,gx,gy,gz,acc_mag,gyro_mag,jerk,roll,pitch,tilt_delta",20.0,25.0,uniform_20hz_time_interpolation_to_25hz,adl_sliding_capped,240,299,,,dataset_unit_map,wrist,bits,m/s^2,rad/s,m/s^2,rad/s,1.0,1.0,True,test,non_fall,non_fall,0.007621379569172859,none,backward,1.0
w25_00000603,bits,C:\Users\ADMIN\Desktop\ds-fall\data\raw\Dataset\adl\user17\user17_adl10.csv,C:\Users\ADMIN\Desktop\ds-fall\data\raw\Dataset,user17,user17_adl10,adl10,rapidly_sitting_on_chair,rapidly_sitting_on_chair,0,none,False,36,86,1.44,3.44,25.0,50,12,"ax,ay,az,gx,gy,gz,acc_mag,gyro_mag,jerk,roll,pitch,tilt_delta",20.0,25.0,uniform_20hz_time_interpolation_to_25hz,adl_sliding_capped,240,299,,,dataset_unit_map,wrist,bits,m/s^2,rad/s,m/s^2,rad/s,1.0,1.0,True,test,non_fall,non_fall,0.01487020030617714,none,backward,1.0
w25_00000604,bits,C:\Users\ADMIN\Desktop\ds-fall\data\raw\Dataset\adl\user17\user17_adl10.csv,C:\Users\ADMIN\Desktop\ds-fall\data\raw\Dataset,user17,user17_adl10,adl10,rapidly_sitting_on_chair,rapidly_sitting_on_chair,0,none,False,48,98,1.92,3.92,25.0,50,12,"ax,ay,az,gx,gy,gz,acc_mag,gyro_mag,jerk,roll,pitch,tilt_delta",20.0,25.0,uniform_20hz_time_interpolation_to_25hz,adl_sliding_capped,240,299,,,dataset_unit_map,wrist,bits,m/s^2,rad/s,m/s^2,rad/s,1.0,1.0,True,test,non_fall,non_fall,0.008057931438088417,none,forward,0.5333479642868042
w25_00000605,bits,C:\Users\ADMIN\Desktop\ds-fall\data\raw\Dataset\adl\user17\user17_adl11.csv,C:\Users\ADMIN\Desktop\ds-fall\data\raw\Dataset,user17,user17_adl11,adl11,nearly_sitting_and_getting_up,nearly_sitting_and_getting_up,0,none,False,0,50,0.0,2.0,25.0,50,12,"ax,ay,az,gx,gy,gz,acc_mag,gyro_mag,jerk,roll,pitch,tilt_delta",20.0,25.0,uniform_20hz_time_interpolation_to_25hz,adl_sliding_capped,233,291,,,dataset_unit_map,wrist,bits,m/s^2,rad/s,m/s^2,rad/s,1.0,1.0,True,test,non_fall,non_fall,0.0031527304090559483,none,backward,0.990570068359375
w25_00000606,bits,C:\Users\ADMIN\Desktop\ds-fall\data\raw\Dataset\adl\user17\user17_adl11.csv,C:\Users\ADMIN\Desktop\ds-fall\data\raw\Dataset,user17,user17_adl11,adl11,nearly_sitting_and_getting_up,nearly_sitting_and_getting_up,0,none,False,12,62,0.48,2.48,25.0,50,12,"ax,ay,az,gx,gy,gz,acc_mag,gyro_mag,jerk,roll,pitch,tilt_delta",20.0,25.0,uniform_20hz_time_interpolation_to_25hz,adl_sliding_capped,233,291,,,dataset_unit_map,wrist,bits,m/s^2,rad/s,m/s^2,rad/s,1.0,1.0,True,test,non_fall,non_fall,0.0029354123398661613,none,backward,0.9872702360153198
w25_00000607,bits,C:\Users\ADMIN\Desktop\ds-fall\data\raw\Dataset\adl\user17\user17_adl11.csv,C:\Users\ADMIN\Desktop\ds-fall\data\raw\Dataset,user17,user17_adl11,adl11,nearly_sitting_and_getting_up,nearly_sitting_and_getting_up,0,none,False,24,74,0.96,2.96,25.0,50,12,"ax,ay,az,gx,gy,gz,acc_mag,gyro_mag,jerk,roll,pitch,tilt_delta",20.0,25.0,uniform_20hz_time_interpolation_to_25hz,adl_sliding_capped,233,291,,,dataset_unit_map,wrist,bits,m/s^2,rad/s,m/s^2,rad/s,1.0,1.0,True,test,non_fall,non_fall,0.002623323118314147,none,backward,0.9805870056152344
w25_00000608,bits,C:\Users\ADMIN\Desktop\ds-fall\data\raw\Dataset\adl\user17\user17_adl11.csv,C:\Users\ADMIN\Desktop\ds-fall\data\raw\Dataset,user17,user17_adl11,adl11,nearly_sitting_and_getting_up,nearly_sitting_and_getting_up,0,none,False,36,86,1.44,3.44,25.0,50,12,"ax,ay,az,gx,gy,gz,acc_mag,gyro_mag,jerk,roll,pitch,tilt_delta",20.0,25.0,uniform_20hz_time_interpolation_to_25hz,adl_sliding_capped,233,291,,,dataset_unit_map,wrist,bits,m/s^2,rad/s,m/s^2,rad/s,1.0,1.0,True,test,non_fall,non_fall,0.0024236065801233053,none,backward,0.9796080589294434
w25_00000609,bits,C:\Users\ADMIN\Desktop\ds-fall\data\raw\Dataset\adl\user17\user17_adl11.csv,C:\Users\ADMIN\Desktop\ds-fall\data\raw\Dataset,user17,user17_adl11,adl11,nearly_sitting_and_getting_up,nearly_sitting_and_getting_up,0,none,False,48,98,1.92,3.92,25.0,50,12,"ax,ay,az,gx,gy,gz,acc_mag,gyro_mag,jerk,roll,pitch,tilt_delta",20.0,25.0,uniform_20hz_time_interpolation_to_25hz,adl_sliding_capped,233,291,,,dataset_unit_map,wrist,bits,m/s^2,rad/s,m/s^2,rad/s,1.0,1.0,True,test,non_fall,non_fall,0.002521964255720377,none,backward,0.9835687279701233
w25_00000610,bits,C:\Users\ADMIN\Desktop\ds-fall\data\raw\Dataset\adl\user17\user17_adl12.csv,C:\Users\ADMIN\Desktop\ds-fall\data\raw\Dataset,user17,user17_adl12,adl12,swinging_hands,swinging_hands,0,none,False,0,50,0.0,2.0,25.0,50,12,"ax,ay,az,gx,gy,gz,acc_mag,gyro_mag,jerk,roll,pitch,tilt_delta",20.0,25.0,uniform_20hz_time_interpolation_to_25hz,adl_sliding_capped,375,468,,,dataset_unit_map,wrist,bits,m/s^2,rad/s,m/s^2,rad/s,1.0,1.0,True,test,non_fall,non_fall,0.198236882686615,none,forward,0.9975370168685913
w25_00000611,bits,C:\Users\ADMIN\Desktop\ds-fall\data\raw\Dataset\adl\user17\user17_adl12.csv,C:\Users\ADMIN\Desktop\ds-fall\data\raw\Dataset,user17,user17_adl12,adl12,swinging_hands,swinging_hands,0,none,False,12,62,0.48,2.48,25.0,50,12,"ax,ay,az,gx,gy,gz,acc_mag,gyro_mag,jerk,roll,pitch,tilt_delta",20.0,25.0,uniform_20hz_time_interpolation_to_25hz,adl_sliding_capped,375,468,,,dataset_unit_map,wrist,bits,m/s^2,rad/s,m/s^2,rad/s,1.0,1.0,True,test,non_fall,non_fall,0.012789537198841572,none,lateral,0.999997615814209
w25_00000612,bits,C:\Users\ADMIN\Desktop\ds-fall\data\raw\Dataset\adl\user17\user17_adl12.csv,C:\Users\ADMIN\Desktop\ds-fall\data\raw\Dataset,user17,user17_adl12,adl12,swinging_hands,swinging_hands,0,none,False,24,74,0.96,2.96,25.0,50,12,"ax,ay,az,gx,gy,gz,acc_mag,gyro_mag,jerk,roll,pitch,tilt_delta",20.0,25.0,uniform_20hz_time_interpolation_to_25hz,adl_sliding_capped,375,468,,,dataset_unit_map,wrist,bits,m/s^2,rad/s,m/s^2,rad/s,1.0,1.0,True,test,non_fall,non_fall,0.24577613174915314,none,lateral,0.9999455213546753
w25_00000613,bits,C:\Users\ADMIN\Desktop\ds-fall\data\raw\Dataset\adl\user17\user17_adl12.csv,C:\Users\ADMIN\Desktop\ds-fall\data\raw\Dataset,user17,user17_adl12,adl12,swinging_hands,swinging_hands,0,none,False,36,86,1.44,3.44,25.0,50,12,"ax,ay,az,gx,gy,gz,acc_mag,gyro_mag,jerk,roll,pitch,tilt_delta",20.0,25.0,uniform_20hz_time_interpolation_to_25hz,adl_sliding_capped,375,468,,,dataset_unit_map,wrist,bits,m/s^2,rad/s,m/s^2,rad/s,1.0,1.0,True,test,non_fall,non_fall,0.3116188645362854,none,lateral,0.999944806098938
w25_00000614,bits,C:\Users\ADMIN\Desktop\ds-fall\data\raw\Dataset\adl\user17\user17_adl12.csv,C:\Users\ADMIN\Desktop\ds-fall\data\raw\Dataset,user17,user17_adl12,adl12,swinging_hands,swinging_hands,0,none,False,48,98,1.92,3.92,25.0,50,12,"ax,ay,az,gx,gy,gz,acc_mag,gyro_mag,jerk,roll,pitch,tilt_delta",20.0,25.0,uniform_20hz_time_interpolation_to_25hz,adl_sliding_capped,375,468,,,dataset_unit_map,wrist,bits,m/s^2,rad/s,m/s^2,rad/s,1.0,1.0,True,test,non_fall,non_fall,0.30334794521331787,none,lateral,0.9995962977409363
w25_00000615,bits,C:\Users\ADMIN\Desktop\ds-fall\data\raw\Dataset\adl\user17\user17_adl13.csv,C:\Users\ADMIN\Desktop\ds-fall\data\raw\Dataset,user17,user17_adl13,adl13,lying_on_bed,lying_on_bed,0,none,False,0,50,0.0,2.0,25.0,50,12,"ax,ay,az,gx,gy,gz,acc_mag,gyro_mag,jerk,roll,pitch,tilt_delta",20.0,25.0,uniform_20hz_time_interpolation_to_25hz,adl_sliding_capped,495,618,,,dataset_unit_map,wrist,bits,m/s^2,rad/s,m/s^2,rad/s,1.0,1.0,True,test,non_fall,non_fall,0.00942066591233015,none,backward,0.9906156063079834
w25_00000616,bits,C:\Users\ADMIN\Desktop\ds-fall\data\raw\Dataset\adl\user17\user17_adl13.csv,C:\Users\ADMIN\Desktop\ds-fall\data\raw\Dataset,user17,user17_adl13,adl13,lying_on_bed,lying_on_bed,0,none,False,12,62,0.48,2.48,25.0,50,12,"ax,ay,az,gx,gy,gz,acc_mag,gyro_mag,jerk,roll,pitch,tilt_delta",20.0,25.0,uniform_20hz_time_interpolation_to_25hz,adl_sliding_capped,495,618,,,dataset_unit_map,wrist,bits,m/s^2,rad/s,m/s^2,rad/s,1.0,1.0,True,test,non_fall,non_fall,0.010018488392233849,none,backward,0.9853416681289673
w25_00000617,bits,C:\Users\ADMIN\Desktop\ds-fall\data\raw\Dataset\adl\user17\user17_adl13.csv,C:\Users\ADMIN\Desktop\ds-fall\data\raw\Dataset,user17,user17_adl13,adl13,lying_on_bed,lying_on_bed,0,none,False,24,74,0.96,2.96,25.0,50,12,"ax,ay,az,gx,gy,gz,acc_mag,gyro_mag,jerk,roll,pitch,tilt_delta",20.0,25.0,uniform_20hz_time_interpolation_to_25hz,adl_sliding_capped,495,618,,,dataset_unit_map,wrist,bits,m/s^2,rad/s,m/s^2,rad/s,1.0,1.0,True,test,non_fall,non_fall,0.009798313491046429,none,backward,0.9884768724441528
w25_00000618,bits,C:\Users\ADMIN\Desktop\ds-fall\data\raw\Dataset\adl\user17\user17_adl13.csv,C:\Users\ADMIN\Desktop\ds-fall\data\raw\Dataset,user17,user17_adl13,adl13,lying_on_bed,lying_on_bed,0,none,False,36,86,1.44,3.44,25.0,50,12,"ax,ay,az,gx,gy,gz,acc_mag,gyro_mag,jerk,roll,pitch,tilt_delta",20.0,25.0,uniform_20hz_time_interpolation_to_25hz,adl_sliding_capped,495,618,,,dataset_unit_map,wrist,bits,m/s^2,rad/s,m/s^2,rad/s,1.0,1.0,True,test,non_fall,non_fall,0.010653382167220116,none,backward,0.9929745197296143
w25_00000619,bits,C:\Users\ADMIN\Desktop\ds-fall\data\raw\Dataset\adl\user17\user17_adl13.csv,C:\Users\ADMIN\Desktop\ds-fall\data\raw\Dataset,user17,user17_adl13,adl13,lying_on_bed,lying_on_bed,0,none,False,48,98,1.92,3.92,25.0,50,12,"ax,ay,az,gx,gy,gz,acc_mag,gyro_mag,jerk,roll,pitch,tilt_delta",20.0,25.0,uniform_20hz_time_interpolation_to_25hz,adl_sliding_capped,495,618,,,dataset_unit_map,wrist,bits,m/s^2,rad/s,m/s^2,rad/s,1.0,1.0,True,test,non_fall,non_fall,0.010910438373684883,none,backward,0.9944154024124146
w25_00000620,bits,C:\Users\ADMIN\Desktop\ds-fall\data\raw\Dataset\adl\user17\user17_adl14.csv,C:\Users\ADMIN\Desktop\ds-fall\data\raw\Dataset,user17,user17_adl14,adl14,lying_on_back_getting_up_slowly,lying_on_back_getting_up_slowly,0,none,False,0,50,0.0,2.0,25.0,50,12,"ax,ay,az,gx,gy,gz,acc_mag,gyro_mag,jerk,roll,pitch,tilt_delta",20.0,25.0,uniform_20hz_time_interpolation_to_25hz,adl_sliding_capped,570,712,,,dataset_unit_map,wrist,bits,m/s^2,rad/s,m/s^2,rad/s,1.0,1.0,True,test,non_fall,non_fall,0.00534472381696105,none,backward,0.9712947010993958
w25_00000621,bits,C:\Users\ADMIN\Desktop\ds-fall\data\raw\Dataset\adl\user17\user17_adl14.csv,C:\Users\ADMIN\Desktop\ds-fall\data\raw\Dataset,user17,user17_adl14,adl14,lying_on_back_getting_up_slowly,lying_on_back_getting_up_slowly,0,none,False,12,62,0.48,2.48,25.0,50,12,"ax,ay,az,gx,gy,gz,acc_mag,gyro_mag,jerk,roll,pitch,tilt_delta",20.0,25.0,uniform_20hz_time_interpolation_to_25hz,adl_sliding_capped,570,712,,,dataset_unit_map,wrist,bits,m/s^2,rad/s,m/s^2,rad/s,1.0,1.0,True,test,non_fall,non_fall,0.005707509815692902,none,backward,0.9656153917312622
w25_00000622,bits,C:\Users\ADMIN\Desktop\ds-fall\data\raw\Dataset\adl\user17\user17_adl14.csv,C:\Users\ADMIN\Desktop\ds-fall\data\raw\Dataset,user17,user17_adl14,adl14,lying_on_back_getting_up_slowly,lying_on_back_getting_up_slowly,0,none,False,24,74,0.96,2.96,25.0,50,12,"ax,ay,az,gx,gy,gz,acc_mag,gyro_mag,jerk,roll,pitch,tilt_delta",20.0,25.0,uniform_20hz_time_interpolation_to_25hz,adl_sliding_capped,570,712,,,dataset_unit_map,wrist,bits,m/s^2,rad/s,m/s^2,rad/s,1.0,1.0,True,test,non_fall,non_fall,0.005275983363389969,none,backward,0.9689287543296814
w25_00000623,bits,C:\Users\ADMIN\Desktop\ds-fall\data\raw\Dataset\adl\user17\user17_adl14.csv,C:\Users\ADMIN\Desktop\ds-fall\data\raw\Dataset,user17,user17_adl14,adl14,lying_on_back_getting_up_slowly,lying_on_back_getting_up_slowly,0,none,False,36,86,1.44,3.44,25.0,50,12,"ax,ay,az,gx,gy,gz,acc_mag,gyro_mag,jerk,roll,pitch,tilt_delta",20.0,25.0,uniform_20hz_time_interpolation_to_25hz,adl_sliding_capped,570,712,,,dataset_unit_map,wrist,bits,m/s^2,rad/s,m/s^2,rad/s,1.0,1.0,True,test,non_fall,non_fall,0.007004762999713421,none,backward,0.9563173055648804
w25_00000624,bits,C:\Users\ADMIN\Desktop\ds-fall\data\raw\Dataset\adl\user17\user17_adl14.csv,C:\Users\ADMIN\Desktop\ds-fall\data\raw\Dataset,user17,user17_adl14,adl14,lying_on_back_getting_up_slowly,lying_on_back_getting_up_slowly,0,none,False,48,98,1.92,3.92,25.0,50,12,"ax,ay,az,gx,gy,gz,acc_mag,gyro_mag,jerk,roll,pitch,tilt_delta",20.0,25.0,uniform_20hz_time_interpolation_to_25hz,adl_sliding_capped,570,712,,,dataset_unit_map,wrist,bits,m/s^2,rad/s,m/s^2,rad/s,1.0,1.0,True,test,non_fall,non_fall,0.011206417344510555,none,backward,0.9935663342475891
w25_00000625,bits,C:\Users\ADMIN\Desktop\ds-fall\data\raw\Dataset\adl\user17\user17_adl15.csv,C:\Users\ADMIN\Desktop\ds-fall\data\raw\Dataset,user17,user17_adl15,adl15,lying_on_back_getting_up_normally,lying_on_back_getting_up_normally,0,none,False,0,50,0.0,2.0,25.0,50,12,"ax,ay,az,gx,gy,gz,acc_mag,gyro_mag,jerk,roll,pitch,tilt_delta",20.0,25.0,uniform_20hz_time_interpolation_to_25hz,adl_sliding_capped,429,536,,,dataset_unit_map,wrist,bits,m/s^2,rad/s,m/s^2,rad/s,1.0,1.0,True,test,non_fall,non_fall,0.002242037793621421,none,backward,0.999527096748352
w25_00000626,bits,C:\Users\ADMIN\Desktop\ds-fall\data\raw\Dataset\adl\user17\user17_adl15.csv,C:\Users\ADMIN\Desktop\ds-fall\data\raw\Dataset,user17,user17_adl15,adl15,lying_on_back_getting_up_normally,lying_on_back_getting_up_normally,0,none,False,12,62,0.48,2.48,25.0,50,12,"ax,ay,az,gx,gy,gz,acc_mag,gyro_mag,jerk,roll,pitch,tilt_delta",20.0,25.0,uniform_20hz_time_interpolation_to_25hz,adl_sliding_capped,429,536,,,dataset_unit_map,wrist,bits,m/s^2,rad/s,m/s^2,rad/s,1.0,1.0,True,test,non_fall,non_fall,0.0042925686575472355,none,backward,0.9999996423721313
w25_00000627,bits,C:\Users\ADMIN\Desktop\ds-fall\data\raw\Dataset\adl\user17\user17_adl15.csv,C:\Users\ADMIN\Desktop\ds-fall\data\raw\Dataset,user17,user17_adl15,adl15,lying_on_back_getting_up_normally,lying_on_back_getting_up_normally,0,none,False,24,74,0.96,2.96,25.0,50,12,"ax,ay,az,gx,gy,gz,acc_mag,gyro_mag,jerk,roll,pitch,tilt_delta",20.0,25.0,uniform_20hz_time_interpolation_to_25hz,adl_sliding_capped,429,536,,,dataset_unit_map,wrist,bits,m/s^2,rad/s,m/s^2,rad/s,1.0,1.0,True,test,non_fall,non_fall,0.004189510829746723,none,backward,0.9999990463256836
w25_00000628,bits,C:\Users\ADMIN\Desktop\ds-fall\data\raw\Dataset\adl\user17\user17_adl15.csv,C:\Users\ADMIN\Desktop\ds-fall\data\raw\Dataset,user17,user17_adl15,adl15,lying_on_back_getting_up_normally,lying_on_back_getting_up_normally,0,none,False,36,86,1.44,3.44,25.0,50,12,"ax,ay,az,gx,gy,gz,acc_mag,gyro_mag,jerk,roll,pitch,tilt_delta",20.0,25.0,uniform_20hz_time_interpolation_to_25hz,adl_sliding_capped,429,536,,,dataset_unit_map,wrist,bits,m/s^2,rad/s,m/s^2,rad/s,1.0,1.0,True,test,non_fall,non_fall,0.012253071181476116,none,backward,0.9999994039535522
w25_00000629,bits,C:\Users\ADMIN\Desktop\ds-fall\data\raw\Dataset\adl\user17\user17_adl15.csv,C:\Users\ADMIN\Desktop\ds-fall\data\raw\Dataset,user17,user17_adl15,adl15,lying_on_back_getting_up_normally,lying_on_back_getting_up_normally,0,none,False,48,98,1.92,3.92,25.0,50,12,"ax,ay,az,gx,gy,gz,acc_mag,gyro_mag,jerk,roll,pitch,tilt_delta",20.0,25.0,uniform_20hz_time_interpolation_to_25hz,adl_sliding_capped,429,536,,,dataset_unit_map,wrist,bits,m/s^2,rad/s,m/s^2,rad/s,1.0,1.0,True,test,non_fall,non_fall,0.00506998784840107,none,backward,0.9999955892562866
w25_00000630,bits,C:\Users\ADMIN\Desktop\ds-fall\data\raw\Dataset\adl\user17\user17_adl16.csv,C:\Users\ADMIN\Desktop\ds-fall\data\raw\Dataset,user17,user17_adl16,adl16,lying_sideways_to_back,lying_sideways_to_back,0,none,False,0,50,0.0,2.0,25.0,50,12,"ax,ay,az,gx,gy,gz,acc_mag,gyro_mag,jerk,roll,pitch,tilt_delta",20.0,25.0,uniform_20hz_time_interpolation_to_25hz,adl_sliding_capped,349,436,,,dataset_unit_map,wrist,bits,m/s^2,rad/s,m/s^2,rad/s,1.0,1.0,True,test,non_fall,non_fall,0.00924399308860302,none,backward,0.9739147424697876
w25_00000631,bits,C:\Users\ADMIN\Desktop\ds-fall\data\raw\Dataset\adl\user17\user17_adl16.csv,C:\Users\ADMIN\Desktop\ds-fall\data\raw\Dataset,user17,user17_adl16,adl16,lying_sideways_to_back,lying_sideways_to_back,0,none,False,12,62,0.48,2.48,25.0,50,12,"ax,ay,az,gx,gy,gz,acc_mag,gyro_mag,jerk,roll,pitch,tilt_delta",20.0,25.0,uniform_20hz_time_interpolation_to_25hz,adl_sliding_capped,349,436,,,dataset_unit_map,wrist,bits,m/s^2,rad/s,m/s^2,rad/s,1.0,1.0,True,test,non_fall,non_fall,0.008741039782762527,none,backward,0.9766588807106018
w25_00000632,bits,C:\Users\ADMIN\Desktop\ds-fall\data\raw\Dataset\adl\user17\user17_adl16.csv,C:\Users\ADMIN\Desktop\ds-fall\data\raw\Dataset,user17,user17_adl16,adl16,lying_sideways_to_back,lying_sideways_to_back,0,none,False,24,74,0.96,2.96,25.0,50,12,"ax,ay,az,gx,gy,gz,acc_mag,gyro_mag,jerk,roll,pitch,tilt_delta",20.0,25.0,uniform_20hz_time_interpolation_to_25hz,adl_sliding_capped,349,436,,,dataset_unit_map,wrist,bits,m/s^2,rad/s,m/s^2,rad/s,1.0,1.0,True,test,non_fall,non_fall,0.00857729371637106,none,backward,0.9751772284507751
w25_00000633,bits,C:\Users\ADMIN\Desktop\ds-fall\data\raw\Dataset\adl\user17\user17_adl16.csv,C:\Users\ADMIN\Desktop\ds-fall\data\raw\Dataset,user17,user17_adl16,adl16,lying_sideways_to_back,lying_sideways_to_back,0,none,False,36,86,1.44,3.44,25.0,50,12,"ax,ay,az,gx,gy,gz,acc_mag,gyro_mag,jerk,roll,pitch,tilt_delta",20.0,25.0,uniform_20hz_time_interpolation_to_25hz,adl_sliding_capped,349,436,,,dataset_unit_map,wrist,bits,m/s^2,rad/s,m/s^2,rad/s,1.0,1.0,True,test,non_fall,non_fall,0.008496463298797607,none,backward,0.968982994556427
w25_00000634,bits,C:\Users\ADMIN\Desktop\ds-fall\data\raw\Dataset\adl\user17\user17_adl16.csv,C:\Users\ADMIN\Desktop\ds-fall\data\raw\Dataset,user17,user17_adl16,adl16,lying_sideways_to_back,lying_sideways_to_back,0,none,False,48,98,1.92,3.92,25.0,50,12,"ax,ay,az,gx,gy,gz,acc_mag,gyro_mag,jerk,roll,pitch,tilt_delta",20.0,25.0,uniform_20hz_time_interpolation_to_25hz,adl_sliding_capped,349,436,,,dataset_unit_map,wrist,bits,m/s^2,rad/s,m/s^2,rad/s,1.0,1.0,True,test,non_fall,non_fall,0.009244426153600216,none,backward,0.9654949307441711
w25_00000635,bits,C:\Users\ADMIN\Desktop\ds-fall\data\raw\Dataset\adl\user17\user17_adl2.csv,C:\Users\ADMIN\Desktop\ds-fall\data\raw\Dataset,user17,user17_adl2,adl2,walking_quickly,walking_quickly,0,none,False,0,50,0.0,2.0,25.0,50,12,"ax,ay,az,gx,gy,gz,acc_mag,gyro_mag,jerk,roll,pitch,tilt_delta",20.0,25.0,uniform_20hz_time_interpolation_to_25hz,adl_sliding_capped,425,531,,,dataset_unit_map,wrist,bits,m/s^2,rad/s,m/s^2,rad/s,1.0,1.0,True,test,non_fall,non_fall,0.002958915662020445,none,lateral,0.9759347438812256
w25_00000636,bits,C:\Users\ADMIN\Desktop\ds-fall\data\raw\Dataset\adl\user17\user17_adl2.csv,C:\Users\ADMIN\Desktop\ds-fall\data\raw\Dataset,user17,user17_adl2,adl2,walking_quickly,walking_quickly,0,none,False,12,62,0.48,2.48,25.0,50,12,"ax,ay,az,gx,gy,gz,acc_mag,gyro_mag,jerk,roll,pitch,tilt_delta",20.0,25.0,uniform_20hz_time_interpolation_to_25hz,adl_sliding_capped,425,531,,,dataset_unit_map,wrist,bits,m/s^2,rad/s,m/s^2,rad/s,1.0,1.0,True,test,non_fall,non_fall,0.005299258045852184,none,lateral,0.9753636121749878
w25_00000637,bits,C:\Users\ADMIN\Desktop\ds-fall\data\raw\Dataset\adl\user17\user17_adl2.csv,C:\Users\ADMIN\Desktop\ds-fall\data\raw\Dataset,user17,user17_adl2,adl2,walking_quickly,walking_quickly,0,none,False,24,74,0.96,2.96,25.0,50,12,"ax,ay,az,gx,gy,gz,acc_mag,gyro_mag,jerk,roll,pitch,tilt_delta",20.0,25.0,uniform_20hz_time_interpolation_to_25hz,adl_sliding_capped,425,531,,,dataset_unit_map,wrist,bits,m/s^2,rad/s,m/s^2,rad/s,1.0,1.0,True,test,non_fall,non_fall,0.007111233193427324,none,lateral,0.9464573860168457
w25_00000638,bits,C:\Users\ADMIN\Desktop\ds-fall\data\raw\Dataset\adl\user17\user17_adl2.csv,C:\Users\ADMIN\Desktop\ds-fall\data\raw\Dataset,user17,user17_adl2,adl2,walking_quickly,walking_quickly,0,none,False,36,86,1.44,3.44,25.0,50,12,"ax,ay,az,gx,gy,gz,acc_mag,gyro_mag,jerk,roll,pitch,tilt_delta",20.0,25.0,uniform_20hz_time_interpolation_to_25hz,adl_sliding_capped,425,531,,,dataset_unit_map,wrist,bits,m/s^2,rad/s,m/s^2,rad/s,1.0,1.0,True,test,non_fall,non_fall,0.007413750514388084,none,forward,0.7411337494850159
w25_00000639,bits,C:\Users\ADMIN\Desktop\ds-fall\data\raw\Dataset\adl\user17\user17_adl2.csv,C:\Users\ADMIN\Desktop\ds-fall\data\raw\Dataset,user17,user17_adl2,adl2,walking_quickly,walking_quickly,0,none,False,48,98,1.92,3.92,25.0,50,12,"ax,ay,az,gx,gy,gz,acc_mag,gyro_mag,jerk,roll,pitch,tilt_delta",20.0,25.0,uniform_20hz_time_interpolation_to_25hz,adl_sliding_capped,425,531,,,dataset_unit_map,wrist,bits,m/s^2,rad/s,m/s^2,rad/s,1.0,1.0,True,test,non_fall,non_fall,0.02647545002400875,none,forward,0.5811060070991516
w25_00000640,bits,C:\Users\ADMIN\Desktop\ds-fall\data\raw\Dataset\adl\user17\user17_adl3.csv,C:\Users\ADMIN\Desktop\ds-fall\data\raw\Dataset,user17,user17_adl3,adl3,jogging,jogging,0,none,False,0,50,0.0,2.0,25.0,50,12,"ax,ay,az,gx,gy,gz,acc_mag,gyro_mag,jerk,roll,pitch,tilt_delta",20.0,25.0,uniform_20hz_time_interpolation_to_25hz,adl_sliding_capped,1621,2026,,,dataset_unit_map,wrist,bits,m/s^2,rad/s,m/s^2,rad/s,1.0,1.0,True,test,non_fall,non_fall,0.00026646515470929444,none,backward,0.9999998807907104
w25_00000641,bits,C:\Users\ADMIN\Desktop\ds-fall\data\raw\Dataset\adl\user17\user17_adl3.csv,C:\Users\ADMIN\Desktop\ds-fall\data\raw\Dataset,user17,user17_adl3,adl3,jogging,jogging,0,none,False,12,62,0.48,2.48,25.0,50,12,"ax,ay,az,gx,gy,gz,acc_mag,gyro_mag,jerk,roll,pitch,tilt_delta",20.0,25.0,uniform_20hz_time_interpolation_to_25hz,adl_sliding_capped,1621,2026,,,dataset_unit_map,wrist,bits,m/s^2,rad/s,m/s^2,rad/s,1.0,1.0,True,test,non_fall,non_fall,0.0001442590291844681,none,backward,0.9999998807907104
w25_00000642,bits,C:\Users\ADMIN\Desktop\ds-fall\data\raw\Dataset\adl\user17\user17_adl3.csv,C:\Users\ADMIN\Desktop\ds-fall\data\raw\Dataset,user17,user17_adl3,adl3,jogging,jogging,0,none,False,24,74,0.96,2.96,25.0,50,12,"ax,ay,az,gx,gy,gz,acc_mag,gyro_mag,jerk,roll,pitch,tilt_delta",20.0,25.0,uniform_20hz_time_interpolation_to_25hz,adl_sliding_capped,1621,2026,,,dataset_unit_map,wrist,bits,m/s^2,rad/s,m/s^2,rad/s,1.0,1.0,True,test,non_fall,non_fall,0.000573621247895062,none,lateral,0.9988435506820679
w25_00000643,bits,C:\Users\ADMIN\Desktop\ds-fall\data\raw\Dataset\adl\user17\user17_adl3.csv,C:\Users\ADMIN\Desktop\ds-fall\data\raw\Dataset,user17,user17_adl3,adl3,jogging,jogging,0,none,False,36,86,1.44,3.44,25.0,50,12,"ax,ay,az,gx,gy,gz,acc_mag,gyro_mag,jerk,roll,pitch,tilt_delta",20.0,25.0,uniform_20hz_time_interpolation_to_25hz,adl_sliding_capped,1621,2026,,,dataset_unit_map,wrist,bits,m/s^2,rad/s,m/s^2,rad/s,1.0,1.0,True,test,non_fall,non_fall,0.0018664606614038348,none,lateral,0.9999716281890869
w25_00000644,bits,C:\Users\ADMIN\Desktop\ds-fall\data\raw\Dataset\adl\user17\user17_adl3.csv,C:\Users\ADMIN\Desktop\ds-fall\data\raw\Dataset,user17,user17_adl3,adl3,jogging,jogging,0,none,False,48,98,1.92,3.92,25.0,50,12,"ax,ay,az,gx,gy,gz,acc_mag,gyro_mag,jerk,roll,pitch,tilt_delta",20.0,25.0,uniform_20hz_time_interpolation_to_25hz,adl_sliding_capped,1621,2026,,,dataset_unit_map,wrist,bits,m/s^2,rad/s,m/s^2,rad/s,1.0,1.0,True,test,non_fall,non_fall,0.0018727588467299938,none,backward,0.9999425411224365
w25_00000645,bits,C:\Users\ADMIN\Desktop\ds-fall\data\raw\Dataset\adl\user17\user17_adl4.csv,C:\Users\ADMIN\Desktop\ds-fall\data\raw\Dataset,user17,user17_adl4,adl4,jumping,jumping,0,none,False,0,50,0.0,2.0,25.0,50,12,"ax,ay,az,gx,gy,gz,acc_mag,gyro_mag,jerk,roll,pitch,tilt_delta",20.0,25.0,uniform_20hz_time_interpolation_to_25hz,adl_sliding_capped,708,884,,,dataset_unit_map,wrist,bits,m/s^2,rad/s,m/s^2,rad/s,1.0,1.0,True,test,non_fall,non_fall,0.005216643214225769,none,lateral,0.9999762773513794
w25_00000646,bits,C:\Users\ADMIN\Desktop\ds-fall\data\raw\Dataset\adl\user17\user17_adl4.csv,C:\Users\ADMIN\Desktop\ds-fall\data\raw\Dataset,user17,user17_adl4,adl4,jumping,jumping,0,none,False,12,62,0.48,2.48,25.0,50,12,"ax,ay,az,gx,gy,gz,acc_mag,gyro_mag,jerk,roll,pitch,tilt_delta",20.0,25.0,uniform_20hz_time_interpolation_to_25hz,adl_sliding_capped,708,884,,,dataset_unit_map,wrist,bits,m/s^2,rad/s,m/s^2,rad/s,1.0,1.0,True,test,non_fall,non_fall,0.0010663920547813177,none,backward,0.9994533658027649
w25_00000647,bits,C:\Users\ADMIN\Desktop\ds-fall\data\raw\Dataset\adl\user17\user17_adl4.csv,C:\Users\ADMIN\Desktop\ds-fall\data\raw\Dataset,user17,user17_adl4,adl4,jumping,jumping,0,none,False,24,74,0.96,2.96,25.0,50,12,"ax,ay,az,gx,gy,gz,acc_mag,gyro_mag,jerk,roll,pitch,tilt_delta",20.0,25.0,uniform_20hz_time_interpolation_to_25hz,adl_sliding_capped,708,884,,,dataset_unit_map,wrist,bits,m/s^2,rad/s,m/s^2,rad/s,1.0,1.0,True,test,non_fall,non_fall,0.010600914247334003,none,backward,0.9114124178886414
w25_00000648,bits,C:\Users\ADMIN\Desktop\ds-fall\data\raw\Dataset\adl\user17\user17_adl4.csv,C:\Users\ADMIN\Desktop\ds-fall\data\raw\Dataset,user17,user17_adl4,adl4,jumping,jumping,0,none,False,36,86,1.44,3.44,25.0,50,12,"ax,ay,az,gx,gy,gz,acc_mag,gyro_mag,jerk,roll,pitch,tilt_delta",20.0,25.0,uniform_20hz_time_interpolation_to_25hz,adl_sliding_capped,708,884,,,dataset_unit_map,wrist,bits,m/s^2,rad/s,m/s^2,rad/s,1.0,1.0,True,test,non_fall,non_fall,0.023433158174157143,none,backward,0.7855674624443054
w25_00000649,bits,C:\Users\ADMIN\Desktop\ds-fall\data\raw\Dataset\adl\user17\user17_adl4.csv,C:\Users\ADMIN\Desktop\ds-fall\data\raw\Dataset,user17,user17_adl4,adl4,jumping,jumping,0,none,False,48,98,1.92,3.92,25.0,50,12,"ax,ay,az,gx,gy,gz,acc_mag,gyro_mag,jerk,roll,pitch,tilt_delta",20.0,25.0,uniform_20hz_time_interpolation_to_25hz,adl_sliding_capped,708,884,,,dataset_unit_map,wrist,bits,m/s^2,rad/s,m/s^2,rad/s,1.0,1.0,True,test,non_fall,non_fall,0.012481345795094967,none,backward,0.9058070778846741
w25_00000650,bits,C:\Users\ADMIN\Desktop\ds-fall\data\raw\Dataset\adl\user17\user17_adl5.csv,C:\Users\ADMIN\Desktop\ds-fall\data\raw\Dataset,user17,user17_adl5,adl5,climbing_up_slowly,climbing_up_slowly,0,none,False,0,50,0.0,2.0,25.0,50,12,"ax,ay,az,gx,gy,gz,acc_mag,gyro_mag,jerk,roll,pitch,tilt_delta",20.0,25.0,uniform_20hz_time_interpolation_to_25hz,adl_sliding_capped,182,227,,,dataset_unit_map,wrist,bits,m/s^2,rad/s,m/s^2,rad/s,1.0,1.0,True,test,non_fall,non_fall,0.0025103315711021423,none,backward,0.9996304512023926
w25_00000651,bits,C:\Users\ADMIN\Desktop\ds-fall\data\raw\Dataset\adl\user17\user17_adl5.csv,C:\Users\ADMIN\Desktop\ds-fall\data\raw\Dataset,user17,user17_adl5,adl5,climbing_up_slowly,climbing_up_slowly,0,none,False,12,62,0.48,2.48,25.0,50,12,"ax,ay,az,gx,gy,gz,acc_mag,gyro_mag,jerk,roll,pitch,tilt_delta",20.0,25.0,uniform_20hz_time_interpolation_to_25hz,adl_sliding_capped,182,227,,,dataset_unit_map,wrist,bits,m/s^2,rad/s,m/s^2,rad/s,1.0,1.0,True,test,non_fall,non_fall,0.0025420337915420532,none,backward,0.9992398023605347
w25_00000652,bits,C:\Users\ADMIN\Desktop\ds-fall\data\raw\Dataset\adl\user17\user17_adl5.csv,C:\Users\ADMIN\Desktop\ds-fall\data\raw\Dataset,user17,user17_adl5,adl5,climbing_up_slowly,climbing_up_slowly,0,none,False,24,74,0.96,2.96,25.0,50,12,"ax,ay,az,gx,gy,gz,acc_mag,gyro_mag,jerk,roll,pitch,tilt_delta",20.0,25.0,uniform_20hz_time_interpolation_to_25hz,adl_sliding_capped,182,227,,,dataset_unit_map,wrist,bits,m/s^2,rad/s,m/s^2,rad/s,1.0,1.0,True,test,non_fall,non_fall,0.0022473710123449564,none,backward,0.9967426657676697
w25_00000653,bits,C:\Users\ADMIN\Desktop\ds-fall\data\raw\Dataset\adl\user17\user17_adl5.csv,C:\Users\ADMIN\Desktop\ds-fall\data\raw\Dataset,user17,user17_adl5,adl5,climbing_up_slowly,climbing_up_slowly,0,none,False,36,86,1.44,3.44,25.0,50,12,"ax,ay,az,gx,gy,gz,acc_mag,gyro_mag,jerk,roll,pitch,tilt_delta",20.0,25.0,uniform_20hz_time_interpolation_to_25hz,adl_sliding_capped,182,227,,,dataset_unit_map,wrist,bits,m/s^2,rad/s,m/s^2,rad/s,1.0,1.0,True,test,non_fall,non_fall,0.00311322626657784,none,backward,0.9962749481201172
w25_00000654,bits,C:\Users\ADMIN\Desktop\ds-fall\data\raw\Dataset\adl\user17\user17_adl5.csv,C:\Users\ADMIN\Desktop\ds-fall\data\raw\Dataset,user17,user17_adl5,adl5,climbing_up_slowly,climbing_up_slowly,0,none,False,48,98,1.92,3.92,25.0,50,12,"ax,ay,az,gx,gy,gz,acc_mag,gyro_mag,jerk,roll,pitch,tilt_delta",20.0,25.0,uniform_20hz_time_interpolation_to_25hz,adl_sliding_capped,182,227,,,dataset_unit_map,wrist,bits,m/s^2,rad/s,m/s^2,rad/s,1.0,1.0,True,test,non_fall,non_fall,0.004014550242573023,none,backward,0.9984277486801147
w25_00000655,bits,C:\Users\ADMIN\Desktop\ds-fall\data\raw\Dataset\adl\user17\user17_adl6.csv,C:\Users\ADMIN\Desktop\ds-fall\data\raw\Dataset,user17,user17_adl6,adl6,climbing_down_slowly,climbing_down_slowly,0,none,False,0,50,0.0,2.0,25.0,50,12,"ax,ay,az,gx,gy,gz,acc_mag,gyro_mag,jerk,roll,pitch,tilt_delta",20.0,25.0,uniform_20hz_time_interpolation_to_25hz,adl_sliding_capped,406,507,,,dataset_unit_map,wrist,bits,m/s^2,rad/s,m/s^2,rad/s,1.0,1.0,True,test,non_fall,non_fall,0.002954367082566023,none,forward,0.9949578642845154
w25_00000656,bits,C:\Users\ADMIN\Desktop\ds-fall\data\raw\Dataset\adl\user17\user17_adl6.csv,C:\Users\ADMIN\Desktop\ds-fall\data\raw\Dataset,user17,user17_adl6,adl6,climbing_down_slowly,climbing_down_slowly,0,none,False,12,62,0.48,2.48,25.0,50,12,"ax,ay,az,gx,gy,gz,acc_mag,gyro_mag,jerk,roll,pitch,tilt_delta",20.0,25.0,uniform_20hz_time_interpolation_to_25hz,adl_sliding_capped,406,507,,,dataset_unit_map,wrist,bits,m/s^2,rad/s,m/s^2,rad/s,1.0,1.0,True,test,non_fall,non_fall,0.008031591773033142,none,forward,0.9961299896240234
w25_00000657,bits,C:\Users\ADMIN\Desktop\ds-fall\data\raw\Dataset\adl\user17\user17_adl6.csv,C:\Users\ADMIN\Desktop\ds-fall\data\raw\Dataset,user17,user17_adl6,adl6,climbing_down_slowly,climbing_down_slowly,0,none,False,24,74,0.96,2.96,25.0,50,12,"ax,ay,az,gx,gy,gz,acc_mag,gyro_mag,jerk,roll,pitch,tilt_delta",20.0,25.0,uniform_20hz_time_interpolation_to_25hz,adl_sliding_capped,406,507,,,dataset_unit_map,wrist,bits,m/s^2,rad/s,m/s^2,rad/s,1.0,1.0,True,test,non_fall,non_fall,0.011208737269043922,none,lateral,0.7997798919677734
w25_00000658,bits,C:\Users\ADMIN\Desktop\ds-fall\data\raw\Dataset\adl\user17\user17_adl6.csv,C:\Users\ADMIN\Desktop\ds-fall\data\raw\Dataset,user17,user17_adl6,adl6,climbing_down_slowly,climbing_down_slowly,0,none,False,36,86,1.44,3.44,25.0,50,12,"ax,ay,az,gx,gy,gz,acc_mag,gyro_mag,jerk,roll,pitch,tilt_delta",20.0,25.0,uniform_20hz_time_interpolation_to_25hz,adl_sliding_capped,406,507,,,dataset_unit_map,wrist,bits,m/s^2,rad/s,m/s^2,rad/s,1.0,1.0,True,test,non_fall,non_fall,0.0282922200858593,none,lateral,0.7392906546592712
w25_00000659,bits,C:\Users\ADMIN\Desktop\ds-fall\data\raw\Dataset\adl\user17\user17_adl6.csv,C:\Users\ADMIN\Desktop\ds-fall\data\raw\Dataset,user17,user17_adl6,adl6,climbing_down_slowly,climbing_down_slowly,0,none,False,48,98,1.92,3.92,25.0,50,12,"ax,ay,az,gx,gy,gz,acc_mag,gyro_mag,jerk,roll,pitch,tilt_delta",20.0,25.0,uniform_20hz_time_interpolation_to_25hz,adl_sliding_capped,406,507,,,dataset_unit_map,wrist,bits,m/s^2,rad/s,m/s^2,rad/s,1.0,1.0,True,test,non_fall,non_fall,0.008953443728387356,none,lateral,0.8328645825386047
w25_00000660,bits,C:\Users\ADMIN\Desktop\ds-fall\data\raw\Dataset\adl\user17\user17_adl7.csv,C:\Users\ADMIN\Desktop\ds-fall\data\raw\Dataset,user17,user17_adl7,adl7,climbing_up_normally,climbing_up_normally,0,none,False,0,50,0.0,2.0,25.0,50,12,"ax,ay,az,gx,gy,gz,acc_mag,gyro_mag,jerk,roll,pitch,tilt_delta",20.0,25.0,uniform_20hz_time_interpolation_to_25hz,adl_sliding_capped,213,266,,,dataset_unit_map,wrist,bits,m/s^2,rad/s,m/s^2,rad/s,1.0,1.0,True,test,non_fall,non_fall,0.36784127354621887,none,lateral,0.9997641444206238
w25_00000661,bits,C:\Users\ADMIN\Desktop\ds-fall\data\raw\Dataset\adl\user17\user17_adl7.csv,C:\Users\ADMIN\Desktop\ds-fall\data\raw\Dataset,user17,user17_adl7,adl7,climbing_up_normally,climbing_up_normally,0,none,False,12,62,0.48,2.48,25.0,50,12,"ax,ay,az,gx,gy,gz,acc_mag,gyro_mag,jerk,roll,pitch,tilt_delta",20.0,25.0,uniform_20hz_time_interpolation_to_25hz,adl_sliding_capped,213,266,,,dataset_unit_map,wrist,bits,m/s^2,rad/s,m/s^2,rad/s,1.0,1.0,True,test,non_fall,non_fall,0.014536693692207336,none,lateral,0.9998095631599426
w25_00000662,bits,C:\Users\ADMIN\Desktop\ds-fall\data\raw\Dataset\adl\user17\user17_adl7.csv,C:\Users\ADMIN\Desktop\ds-fall\data\raw\Dataset,user17,user17_adl7,adl7,climbing_up_normally,climbing_up_normally,0,none,False,24,74,0.96,2.96,25.0,50,12,"ax,ay,az,gx,gy,gz,acc_mag,gyro_mag,jerk,roll,pitch,tilt_delta",20.0,25.0,uniform_20hz_time_interpolation_to_25hz,adl_sliding_capped,213,266,,,dataset_unit_map,wrist,bits,m/s^2,rad/s,m/s^2,rad/s,1.0,1.0,True,test,non_fall,non_fall,0.458128422498703,none,lateral,0.9998466968536377
w25_00000663,bits,C:\Users\ADMIN\Desktop\ds-fall\data\raw\Dataset\adl\user17\user17_adl7.csv,C:\Users\ADMIN\Desktop\ds-fall\data\raw\Dataset,user17,user17_adl7,adl7,climbing_up_normally,climbing_up_normally,0,none,False,36,86,1.44,3.44,25.0,50,12,"ax,ay,az,gx,gy,gz,acc_mag,gyro_mag,jerk,roll,pitch,tilt_delta",20.0,25.0,uniform_20hz_time_interpolation_to_25hz,adl_sliding_capped,213,266,,,dataset_unit_map,wrist,bits,m/s^2,rad/s,m/s^2,rad/s,1.0,1.0,True,test,non_fall,non_fall,0.8916240930557251,none,forward,0.9307950735092163
w25_00000664,bits,C:\Users\ADMIN\Desktop\ds-fall\data\raw\Dataset\adl\user17\user17_adl7.csv,C:\Users\ADMIN\Desktop\ds-fall\data\raw\Dataset,user17,user17_adl7,adl7,climbing_up_normally,climbing_up_normally,0,none,False,48,98,1.92,3.92,25.0,50,12,"ax,ay,az,gx,gy,gz,acc_mag,gyro_mag,jerk,roll,pitch,tilt_delta",20.0,25.0,uniform_20hz_time_interpolation_to_25hz,adl_sliding_capped,213,266,,,dataset_unit_map,wrist,bits,m/s^2,rad/s,m/s^2,rad/s,1.0,1.0,True,test,non_fall,non_fall,0.8594039082527161,none,forward,0.9323320388793945
w25_00000665,bits,C:\Users\ADMIN\Desktop\ds-fall\data\raw\Dataset\adl\user17\user17_adl8.csv,C:\Users\ADMIN\Desktop\ds-fall\data\raw\Dataset,user17,user17_adl8,adl8,climbing_down_normally,climbing_down_normally,0,none,False,0,50,0.0,2.0,25.0,50,12,"ax,ay,az,gx,gy,gz,acc_mag,gyro_mag,jerk,roll,pitch,tilt_delta",20.0,25.0,uniform_20hz_time_interpolation_to_25hz,adl_sliding_capped,261,326,,,dataset_unit_map,wrist,bits,m/s^2,rad/s,m/s^2,rad/s,1.0,1.0,True,test,non_fall,non_fall,0.04239596799015999,none,backward,0.9588032364845276
w25_00000666,bits,C:\Users\ADMIN\Desktop\ds-fall\data\raw\Dataset\adl\user17\user17_adl8.csv,C:\Users\ADMIN\Desktop\ds-fall\data\raw\Dataset,user17,user17_adl8,adl8,climbing_down_normally,climbing_down_normally,0,none,False,12,62,0.48,2.48,25.0,50,12,"ax,ay,az,gx,gy,gz,acc_mag,gyro_mag,jerk,roll,pitch,tilt_delta",20.0,25.0,uniform_20hz_time_interpolation_to_25hz,adl_sliding_capped,261,326,,,dataset_unit_map,wrist,bits,m/s^2,rad/s,m/s^2,rad/s,1.0,1.0,True,test,non_fall,non_fall,0.01585538312792778,none,backward,0.9470345973968506
w25_00000667,bits,C:\Users\ADMIN\Desktop\ds-fall\data\raw\Dataset\adl\user17\user17_adl8.csv,C:\Users\ADMIN\Desktop\ds-fall\data\raw\Dataset,user17,user17_adl8,adl8,climbing_down_normally,climbing_down_normally,0,none,False,24,74,0.96,2.96,25.0,50,12,"ax,ay,az,gx,gy,gz,acc_mag,gyro_mag,jerk,roll,pitch,tilt_delta",20.0,25.0,uniform_20hz_time_interpolation_to_25hz,adl_sliding_capped,261,326,,,dataset_unit_map,wrist,bits,m/s^2,rad/s,m/s^2,rad/s,1.0,1.0,True,test,non_fall,non_fall,0.016778824850916862,none,lateral,0.9919570684432983
w25_00000668,bits,C:\Users\ADMIN\Desktop\ds-fall\data\raw\Dataset\adl\user17\user17_adl8.csv,C:\Users\ADMIN\Desktop\ds-fall\data\raw\Dataset,user17,user17_adl8,adl8,climbing_down_normally,climbing_down_normally,0,none,False,36,86,1.44,3.44,25.0,50,12,"ax,ay,az,gx,gy,gz,acc_mag,gyro_mag,jerk,roll,pitch,tilt_delta",20.0,25.0,uniform_20hz_time_interpolation_to_25hz,adl_sliding_capped,261,326,,,dataset_unit_map,wrist,bits,m/s^2,rad/s,m/s^2,rad/s,1.0,1.0,True,test,non_fall,non_fall,0.09727174788713455,none,backward,0.9049873352050781
w25_00000669,bits,C:\Users\ADMIN\Desktop\ds-fall\data\raw\Dataset\adl\user17\user17_adl8.csv,C:\Users\ADMIN\Desktop\ds-fall\data\raw\Dataset,user17,user17_adl8,adl8,climbing_down_normally,climbing_down_normally,0,none,False,48,98,1.92,3.92,25.0,50,12,"ax,ay,az,gx,gy,gz,acc_mag,gyro_mag,jerk,roll,pitch,tilt_delta",20.0,25.0,uniform_20hz_time_interpolation_to_25hz,adl_sliding_capped,261,326,,,dataset_unit_map,wrist,bits,m/s^2,rad/s,m/s^2,rad/s,1.0,1.0,True,test,non_fall,non_fall,0.007203896064311266,none,backward,0.9318738579750061
w25_00000670,bits,C:\Users\ADMIN\Desktop\ds-fall\data\raw\Dataset\adl\user17\user17_adl9.csv,C:\Users\ADMIN\Desktop\ds-fall\data\raw\Dataset,user17,user17_adl9,adl9,slowly_sitting_on_chair,slowly_sitting_on_chair,0,none,False,0,50,0.0,2.0,25.0,50,12,"ax,ay,az,gx,gy,gz,acc_mag,gyro_mag,jerk,roll,pitch,tilt_delta",20.0,25.0,uniform_20hz_time_interpolation_to_25hz,adl_sliding_capped,305,381,,,dataset_unit_map,wrist,bits,m/s^2,rad/s,m/s^2,rad/s,1.0,1.0,True,test,non_fall,non_fall,0.03490746393799782,none,backward,0.9914137125015259
w25_00000671,bits,C:\Users\ADMIN\Desktop\ds-fall\data\raw\Dataset\adl\user17\user17_adl9.csv,C:\Users\ADMIN\Desktop\ds-fall\data\raw\Dataset,user17,user17_adl9,adl9,slowly_sitting_on_chair,slowly_sitting_on_chair,0,none,False,12,62,0.48,2.48,25.0,50,12,"ax,ay,az,gx,gy,gz,acc_mag,gyro_mag,jerk,roll,pitch,tilt_delta",20.0,25.0,uniform_20hz_time_interpolation_to_25hz,adl_sliding_capped,305,381,,,dataset_unit_map,wrist,bits,m/s^2,rad/s,m/s^2,rad/s,1.0,1.0,True,test,non_fall,non_fall,0.02560807578265667,none,lateral,0.8631775379180908
w25_00000672,bits,C:\Users\ADMIN\Desktop\ds-fall\data\raw\Dataset\adl\user17\user17_adl9.csv,C:\Users\ADMIN\Desktop\ds-fall\data\raw\Dataset,user17,user17_adl9,adl9,slowly_sitting_on_chair,slowly_sitting_on_chair,0,none,False,24,74,0.96,2.96,25.0,50,12,"ax,ay,az,gx,gy,gz,acc_mag,gyro_mag,jerk,roll,pitch,tilt_delta",20.0,25.0,uniform_20hz_time_interpolation_to_25hz,adl_sliding_capped,305,381,,,dataset_unit_map,wrist,bits,m/s^2,rad/s,m/s^2,rad/s,1.0,1.0,True,test,non_fall,non_fall,0.007961742579936981,none,forward,0.8170891404151917
w25_00000673,bits,C:\Users\ADMIN\Desktop\ds-fall\data\raw\Dataset\adl\user17\user17_adl9.csv,C:\Users\ADMIN\Desktop\ds-fall\data\raw\Dataset,user17,user17_adl9,adl9,slowly_sitting_on_chair,slowly_sitting_on_chair,0,none,False,36,86,1.44,3.44,25.0,50,12,"ax,ay,az,gx,gy,gz,acc_mag,gyro_mag,jerk,roll,pitch,tilt_delta",20.0,25.0,uniform_20hz_time_interpolation_to_25hz,adl_sliding_capped,305,381,,,dataset_unit_map,wrist,bits,m/s^2,rad/s,m/s^2,rad/s,1.0,1.0,True,test,non_fall,non_fall,0.0476660393178463,none,backward,0.5728481411933899
w25_00000674,bits,C:\Users\ADMIN\Desktop\ds-fall\data\raw\Dataset\adl\user17\user17_adl9.csv,C:\Users\ADMIN\Desktop\ds-fall\data\raw\Dataset,user17,user17_adl9,adl9,slowly_sitting_on_chair,slowly_sitting_on_chair,0,none,False,48,98,1.92,3.92,25.0,50,12,"ax,ay,az,gx,gy,gz,acc_mag,gyro_mag,jerk,roll,pitch,tilt_delta",20.0,25.0,uniform_20hz_time_interpolation_to_25hz,adl_sliding_capped,305,381,,,dataset_unit_map,wrist,bits,m/s^2,rad/s,m/s^2,rad/s,1.0,1.0,True,test,non_fall,non_fall,0.0019043782958760858,none,backward,0.5264673829078674
w25_00001475,bits,C:\Users\ADMIN\Desktop\ds-fall\data\raw\Dataset\adl\user27\user27_adl1.csv,C:\Users\ADMIN\Desktop\ds-fall\data\raw\Dataset,user27,user27_adl1,adl1,walking_slowly,walking_slowly,0,none,False,0,50,0.0,2.0,25.0,50,12,"ax,ay,az,gx,gy,gz,acc_mag,gyro_mag,jerk,roll,pitch,tilt_delta",20.0,25.0,uniform_20hz_time_interpolation_to_25hz,adl_sliding_capped,886,1107,,,dataset_unit_map,wrist,bits,m/s^2,rad/s,m/s^2,rad/s,1.0,1.0,True,test,non_fall,non_fall,0.005245252512395382,none,forward,0.7031753659248352
w25_00001476,bits,C:\Users\ADMIN\Desktop\ds-fall\data\raw\Dataset\adl\user27\user27_adl1.csv,C:\Users\ADMIN\Desktop\ds-fall\data\raw\Dataset,user27,user27_adl1,adl1,walking_slowly,walking_slowly,0,none,False,12,62,0.48,2.48,25.0,50,12,"ax,ay,az,gx,gy,gz,acc_mag,gyro_mag,jerk,roll,pitch,tilt_delta",20.0,25.0,uniform_20hz_time_interpolation_to_25hz,adl_sliding_capped,886,1107,,,dataset_unit_map,wrist,bits,m/s^2,rad/s,m/s^2,rad/s,1.0,1.0,True,test,non_fall,non_fall,0.006385015789419413,none,forward,0.9817968606948853
w25_00001477,bits,C:\Users\ADMIN\Desktop\ds-fall\data\raw\Dataset\adl\user27\user27_adl1.csv,C:\Users\ADMIN\Desktop\ds-fall\data\raw\Dataset,user27,user27_adl1,adl1,walking_slowly,walking_slowly,0,none,False,24,74,0.96,2.96,25.0,50,12,"ax,ay,az,gx,gy,gz,acc_mag,gyro_mag,jerk,roll,pitch,tilt_delta",20.0,25.0,uniform_20hz_time_interpolation_to_25hz,adl_sliding_capped,886,1107,,,dataset_unit_map,wrist,bits,m/s^2,rad/s,m/s^2,rad/s,1.0,1.0,True,test,non_fall,non_fall,0.017098285257816315,none,forward,0.9649938941001892
w25_00001478,bits,C:\Users\ADMIN\Desktop\ds-fall\data\raw\Dataset\adl\user27\user27_adl1.csv,C:\Users\ADMIN\Desktop\ds-fall\data\raw\Dataset,user27,user27_adl1,adl1,walking_slowly,walking_slowly,0,none,False,36,86,1.44,3.44,25.0,50,12,"ax,ay,az,gx,gy,gz,acc_mag,gyro_mag,jerk,roll,pitch,tilt_delta",20.0,25.0,uniform_20hz_time_interpolation_to_25hz,adl_sliding_capped,886,1107,,,dataset_unit_map,wrist,bits,m/s^2,rad/s,m/s^2,rad/s,1.0,1.0,True,test,non_fall,non_fall,0.014986904338002205,none,lateral,0.9934446811676025
w25_00001479,bits,C:\Users\ADMIN\Desktop\ds-fall\data\raw\Dataset\adl\user27\user27_adl1.csv,C:\Users\ADMIN\Desktop\ds-fall\data\raw\Dataset,user27,user27_adl1,adl1,walking_slowly,walking_slowly,0,none,False,48,98,1.92,3.92,25.0,50,12,"ax,ay,az,gx,gy,gz,acc_mag,gyro_mag,jerk,roll,pitch,tilt_delta",20.0,25.0,uniform_20hz_time_interpolation_to_25hz,adl_sliding_capped,886,1107,,,dataset_unit_map,wrist,bits,m/s^2,rad/s,m/s^2,rad/s,1.0,1.0,True,test,non_fall,non_fall,0.010006138123571873,none,lateral,0.9982628226280212
w25_00001480,bits,C:\Users\ADMIN\Desktop\ds-fall\data\raw\Dataset\adl\user27\user27_adl10.csv,C:\Users\ADMIN\Desktop\ds-fall\data\raw\Dataset,user27,user27_adl10,adl10,rapidly_sitting_on_chair,rapidly_sitting_on_chair,0,none,False,0,50,0.0,2.0,25.0,50,12,"ax,ay,az,gx,gy,gz,acc_mag,gyro_mag,jerk,roll,pitch,tilt_delta",20.0,25.0,uniform_20hz_time_interpolation_to_25hz,adl_sliding_capped,194,242,,,dataset_unit_map,wrist,bits,m/s^2,rad/s,m/s^2,rad/s,1.0,1.0,True,test,non_fall,non_fall,0.02230238914489746,none,lateral,0.9339615106582642
w25_00001481,bits,C:\Users\ADMIN\Desktop\ds-fall\data\raw\Dataset\adl\user27\user27_adl10.csv,C:\Users\ADMIN\Desktop\ds-fall\data\raw\Dataset,user27,user27_adl10,adl10,rapidly_sitting_on_chair,rapidly_sitting_on_chair,0,none,False,12,62,0.48,2.48,25.0,50,12,"ax,ay,az,gx,gy,gz,acc_mag,gyro_mag,jerk,roll,pitch,tilt_delta",20.0,25.0,uniform_20hz_time_interpolation_to_25hz,adl_sliding_capped,194,242,,,dataset_unit_map,wrist,bits,m/s^2,rad/s,m/s^2,rad/s,1.0,1.0,True,test,non_fall,non_fall,0.02546801045536995,none,lateral,0.9231754541397095
w25_00001482,bits,C:\Users\ADMIN\Desktop\ds-fall\data\raw\Dataset\adl\user27\user27_adl10.csv,C:\Users\ADMIN\Desktop\ds-fall\data\raw\Dataset,user27,user27_adl10,adl10,rapidly_sitting_on_chair,rapidly_sitting_on_chair,0,none,False,24,74,0.96,2.96,25.0,50,12,"ax,ay,az,gx,gy,gz,acc_mag,gyro_mag,jerk,roll,pitch,tilt_delta",20.0,25.0,uniform_20hz_time_interpolation_to_25hz,adl_sliding_capped,194,242,,,dataset_unit_map,wrist,bits,m/s^2,rad/s,m/s^2,rad/s,1.0,1.0,True,test,non_fall,non_fall,0.0313502736389637,none,lateral,0.9515758156776428
w25_00001483,bits,C:\Users\ADMIN\Desktop\ds-fall\data\raw\Dataset\adl\user27\user27_adl10.csv,C:\Users\ADMIN\Desktop\ds-fall\data\raw\Dataset,user27,user27_adl10,adl10,rapidly_sitting_on_chair,rapidly_sitting_on_chair,0,none,False,36,86,1.44,3.44,25.0,50,12,"ax,ay,az,gx,gy,gz,acc_mag,gyro_mag,jerk,roll,pitch,tilt_delta",20.0,25.0,uniform_20hz_time_interpolation_to_25hz,adl_sliding_capped,194,242,,,dataset_unit_map,wrist,bits,m/s^2,rad/s,m/s^2,rad/s,1.0,1.0,True,test,non_fall,non_fall,0.02557707577943802,none,lateral,0.963596522808075
w25_00001484,bits,C:\Users\ADMIN\Desktop\ds-fall\data\raw\Dataset\adl\user27\user27_adl10.csv,C:\Users\ADMIN\Desktop\ds-fall\data\raw\Dataset,user27,user27_adl10,adl10,rapidly_sitting_on_chair,rapidly_sitting_on_chair,0,none,False,48,98,1.92,3.92,25.0,50,12,"ax,ay,az,gx,gy,gz,acc_mag,gyro_mag,jerk,roll,pitch,tilt_delta",20.0,25.0,uniform_20hz_time_interpolation_to_25hz,adl_sliding_capped,194,242,,,dataset_unit_map,wrist,bits,m/s^2,rad/s,m/s^2,rad/s,1.0,1.0,True,test,non_fall,non_fall,0.06102114915847778,none,lateral,0.9725832939147949
w25_00001485,bits,C:\Users\ADMIN\Desktop\ds-fall\data\raw\Dataset\adl\user27\user27_adl11.csv,C:\Users\ADMIN\Desktop\ds-fall\data\raw\Dataset,user27,user27_adl11,adl11,nearly_sitting_and_getting_up,nearly_sitting_and_getting_up,0,none,False,0,50,0.0,2.0,25.0,50,12,"ax,ay,az,gx,gy,gz,acc_mag,gyro_mag,jerk,roll,pitch,tilt_delta",20.0,25.0,uniform_20hz_time_interpolation_to_25hz,adl_sliding_capped,646,807,,,dataset_unit_map,wrist,bits,m/s^2,rad/s,m/s^2,rad/s,1.0,1.0,True,test,non_fall,non_fall,0.12163073569536209,none,forward,0.8525187373161316
w25_00001486,bits,C:\Users\ADMIN\Desktop\ds-fall\data\raw\Dataset\adl\user27\user27_adl11.csv,C:\Users\ADMIN\Desktop\ds-fall\data\raw\Dataset,user27,user27_adl11,adl11,nearly_sitting_and_getting_up,nearly_sitting_and_getting_up,0,none,False,12,62,0.48,2.48,25.0,50,12,"ax,ay,az,gx,gy,gz,acc_mag,gyro_mag,jerk,roll,pitch,tilt_delta",20.0,25.0,uniform_20hz_time_interpolation_to_25hz,adl_sliding_capped,646,807,,,dataset_unit_map,wrist,bits,m/s^2,rad/s,m/s^2,rad/s,1.0,1.0,True,test,non_fall,non_fall,0.11221664398908615,none,forward,0.9080208539962769
w25_00001487,bits,C:\Users\ADMIN\Desktop\ds-fall\data\raw\Dataset\adl\user27\user27_adl11.csv,C:\Users\ADMIN\Desktop\ds-fall\data\raw\Dataset,user27,user27_adl11,adl11,nearly_sitting_and_getting_up,nearly_sitting_and_getting_up,0,none,False,24,74,0.96,2.96,25.0,50,12,"ax,ay,az,gx,gy,gz,acc_mag,gyro_mag,jerk,roll,pitch,tilt_delta",20.0,25.0,uniform_20hz_time_interpolation_to_25hz,adl_sliding_capped,646,807,,,dataset_unit_map,wrist,bits,m/s^2,rad/s,m/s^2,rad/s,1.0,1.0,True,test,non_fall,non_fall,0.06865453720092773,none,forward,0.8869813084602356
w25_00001488,bits,C:\Users\ADMIN\Desktop\ds-fall\data\raw\Dataset\adl\user27\user27_adl11.csv,C:\Users\ADMIN\Desktop\ds-fall\data\raw\Dataset,user27,user27_adl11,adl11,nearly_sitting_and_getting_up,nearly_sitting_and_getting_up,0,none,False,36,86,1.44,3.44,25.0,50,12,"ax,ay,az,gx,gy,gz,acc_mag,gyro_mag,jerk,roll,pitch,tilt_delta",20.0,25.0,uniform_20hz_time_interpolation_to_25hz,adl_sliding_capped,646,807,,,dataset_unit_map,wrist,bits,m/s^2,rad/s,m/s^2,rad/s,1.0,1.0,True,test,non_fall,non_fall,0.009948862716555595,none,forward,0.8029139637947083
w25_00001489,bits,C:\Users\ADMIN\Desktop\ds-fall\data\raw\Dataset\adl\user27\user27_adl11.csv,C:\Users\ADMIN\Desktop\ds-fall\data\raw\Dataset,user27,user27_adl11,adl11,nearly_sitting_and_getting_up,nearly_sitting_and_getting_up,0,none,False,48,98,1.92,3.92,25.0,50,12,"ax,ay,az,gx,gy,gz,acc_mag,gyro_mag,jerk,roll,pitch,tilt_delta",20.0,25.0,uniform_20hz_time_interpolation_to_25hz,adl_sliding_capped,646,807,,,dataset_unit_map,wrist,bits,m/s^2,rad/s,m/s^2,rad/s,1.0,1.0,True,test,non_fall,non_fall,0.016694946214556694,none,lateral,0.7904435396194458
w25_00001490,bits,C:\Users\ADMIN\Desktop\ds-fall\data\raw\Dataset\adl\user27\user27_adl12.csv,C:\Users\ADMIN\Desktop\ds-fall\data\raw\Dataset,user27,user27_adl12,adl12,swinging_hands,swinging_hands,0,none,False,0,50,0.0,2.0,25.0,50,12,"ax,ay,az,gx,gy,gz,acc_mag,gyro_mag,jerk,roll,pitch,tilt_delta",20.0,25.0,uniform_20hz_time_interpolation_to_25hz,adl_sliding_capped,474,592,,,dataset_unit_map,wrist,bits,m/s^2,rad/s,m/s^2,rad/s,1.0,1.0,True,test,non_fall,non_fall,0.03724437952041626,none,lateral,0.9266894459724426
w25_00001491,bits,C:\Users\ADMIN\Desktop\ds-fall\data\raw\Dataset\adl\user27\user27_adl12.csv,C:\Users\ADMIN\Desktop\ds-fall\data\raw\Dataset,user27,user27_adl12,adl12,swinging_hands,swinging_hands,0,none,False,12,62,0.48,2.48,25.0,50,12,"ax,ay,az,gx,gy,gz,acc_mag,gyro_mag,jerk,roll,pitch,tilt_delta",20.0,25.0,uniform_20hz_time_interpolation_to_25hz,adl_sliding_capped,474,592,,,dataset_unit_map,wrist,bits,m/s^2,rad/s,m/s^2,rad/s,1.0,1.0,True,test,non_fall,non_fall,0.08991003036499023,none,forward,0.8908743262290955
w25_00001492,bits,C:\Users\ADMIN\Desktop\ds-fall\data\raw\Dataset\adl\user27\user27_adl12.csv,C:\Users\ADMIN\Desktop\ds-fall\data\raw\Dataset,user27,user27_adl12,adl12,swinging_hands,swinging_hands,0,none,False,24,74,0.96,2.96,25.0,50,12,"ax,ay,az,gx,gy,gz,acc_mag,gyro_mag,jerk,roll,pitch,tilt_delta",20.0,25.0,uniform_20hz_time_interpolation_to_25hz,adl_sliding_capped,474,592,,,dataset_unit_map,wrist,bits,m/s^2,rad/s,m/s^2,rad/s,1.0,1.0,True,test,non_fall,non_fall,0.07118777185678482,none,forward,0.96075439453125
w25_00001493,bits,C:\Users\ADMIN\Desktop\ds-fall\data\raw\Dataset\adl\user27\user27_adl12.csv,C:\Users\ADMIN\Desktop\ds-fall\data\raw\Dataset,user27,user27_adl12,adl12,swinging_hands,swinging_hands,0,none,False,36,86,1.44,3.44,25.0,50,12,"ax,ay,az,gx,gy,gz,acc_mag,gyro_mag,jerk,roll,pitch,tilt_delta",20.0,25.0,uniform_20hz_time_interpolation_to_25hz,adl_sliding_capped,474,592,,,dataset_unit_map,wrist,bits,m/s^2,rad/s,m/s^2,rad/s,1.0,1.0,True,test,non_fall,non_fall,0.020359650254249573,none,forward,0.9410908222198486
w25_00001494,bits,C:\Users\ADMIN\Desktop\ds-fall\data\raw\Dataset\adl\user27\user27_adl12.csv,C:\Users\ADMIN\Desktop\ds-fall\data\raw\Dataset,user27,user27_adl12,adl12,swinging_hands,swinging_hands,0,none,False,48,98,1.92,3.92,25.0,50,12,"ax,ay,az,gx,gy,gz,acc_mag,gyro_mag,jerk,roll,pitch,tilt_delta",20.0,25.0,uniform_20hz_time_interpolation_to_25hz,adl_sliding_capped,474,592,,,dataset_unit_map,wrist,bits,m/s^2,rad/s,m/s^2,rad/s,1.0,1.0,True,test,non_fall,non_fall,0.008243010379374027,none,forward,0.8597075939178467
w25_00001495,bits,C:\Users\ADMIN\Desktop\ds-fall\data\raw\Dataset\adl\user27\user27_adl13.csv,C:\Users\ADMIN\Desktop\ds-fall\data\raw\Dataset,user27,user27_adl13,adl13,lying_on_bed,lying_on_bed,0,none,False,0,50,0.0,2.0,25.0,50,12,"ax,ay,az,gx,gy,gz,acc_mag,gyro_mag,jerk,roll,pitch,tilt_delta",20.0,25.0,uniform_20hz_time_interpolation_to_25hz,adl_sliding_capped,845,1056,,,dataset_unit_map,wrist,bits,m/s^2,rad/s,m/s^2,rad/s,1.0,1.0,True,test,non_fall,non_fall,0.000913173018489033,none,backward,0.9951462149620056
w25_00001496,bits,C:\Users\ADMIN\Desktop\ds-fall\data\raw\Dataset\adl\user27\user27_adl13.csv,C:\Users\ADMIN\Desktop\ds-fall\data\raw\Dataset,user27,user27_adl13,adl13,lying_on_bed,lying_on_bed,0,none,False,12,62,0.48,2.48,25.0,50,12,"ax,ay,az,gx,gy,gz,acc_mag,gyro_mag,jerk,roll,pitch,tilt_delta",20.0,25.0,uniform_20hz_time_interpolation_to_25hz,adl_sliding_capped,845,1056,,,dataset_unit_map,wrist,bits,m/s^2,rad/s,m/s^2,rad/s,1.0,1.0,True,test,non_fall,non_fall,0.0009388757171109319,none,backward,0.9955783486366272
w25_00001497,bits,C:\Users\ADMIN\Desktop\ds-fall\data\raw\Dataset\adl\user27\user27_adl13.csv,C:\Users\ADMIN\Desktop\ds-fall\data\raw\Dataset,user27,user27_adl13,adl13,lying_on_bed,lying_on_bed,0,none,False,24,74,0.96,2.96,25.0,50,12,"ax,ay,az,gx,gy,gz,acc_mag,gyro_mag,jerk,roll,pitch,tilt_delta",20.0,25.0,uniform_20hz_time_interpolation_to_25hz,adl_sliding_capped,845,1056,,,dataset_unit_map,wrist,bits,m/s^2,rad/s,m/s^2,rad/s,1.0,1.0,True,test,non_fall,non_fall,0.0009353088098578155,none,backward,0.9962133765220642
w25_00001498,bits,C:\Users\ADMIN\Desktop\ds-fall\data\raw\Dataset\adl\user27\user27_adl13.csv,C:\Users\ADMIN\Desktop\ds-fall\data\raw\Dataset,user27,user27_adl13,adl13,lying_on_bed,lying_on_bed,0,none,False,36,86,1.44,3.44,25.0,50,12,"ax,ay,az,gx,gy,gz,acc_mag,gyro_mag,jerk,roll,pitch,tilt_delta",20.0,25.0,uniform_20hz_time_interpolation_to_25hz,adl_sliding_capped,845,1056,,,dataset_unit_map,wrist,bits,m/s^2,rad/s,m/s^2,rad/s,1.0,1.0,True,test,non_fall,non_fall,0.0009376120287925005,none,backward,0.9965322017669678
w25_00001499,bits,C:\Users\ADMIN\Desktop\ds-fall\data\raw\Dataset\adl\user27\user27_adl13.csv,C:\Users\ADMIN\Desktop\ds-fall\data\raw\Dataset,user27,user27_adl13,adl13,lying_on_bed,lying_on_bed,0,none,False,48,98,1.92,3.92,25.0,50,12,"ax,ay,az,gx,gy,gz,acc_mag,gyro_mag,jerk,roll,pitch,tilt_delta",20.0,25.0,uniform_20hz_time_interpolation_to_25hz,adl_sliding_capped,845,1056,,,dataset_unit_map,wrist,bits,m/s^2,rad/s,m/s^2,rad/s,1.0,1.0,True,test,non_fall,non_fall,0.0009389333426952362,none,backward,0.9967161417007446
w25_00001500,bits,C:\Users\ADMIN\Desktop\ds-fall\data\raw\Dataset\adl\user27\user27_adl14.csv,C:\Users\ADMIN\Desktop\ds-fall\data\raw\Dataset,user27,user27_adl14,adl14,lying_on_back_getting_up_slowly,lying_on_back_getting_up_slowly,0,none,False,0,50,0.0,2.0,25.0,50,12,"ax,ay,az,gx,gy,gz,acc_mag,gyro_mag,jerk,roll,pitch,tilt_delta",20.0,25.0,uniform_20hz_time_interpolation_to_25hz,adl_sliding_capped,591,738,,,dataset_unit_map,wrist,bits,m/s^2,rad/s,m/s^2,rad/s,1.0,1.0,True,test,non_fall,non_fall,0.0010559281799942255,none,backward,0.9987336993217468
w25_00001501,bits,C:\Users\ADMIN\Desktop\ds-fall\data\raw\Dataset\adl\user27\user27_adl14.csv,C:\Users\ADMIN\Desktop\ds-fall\data\raw\Dataset,user27,user27_adl14,adl14,lying_on_back_getting_up_slowly,lying_on_back_getting_up_slowly,0,none,False,12,62,0.48,2.48,25.0,50,12,"ax,ay,az,gx,gy,gz,acc_mag,gyro_mag,jerk,roll,pitch,tilt_delta",20.0,25.0,uniform_20hz_time_interpolation_to_25hz,adl_sliding_capped,591,738,,,dataset_unit_map,wrist,bits,m/s^2,rad/s,m/s^2,rad/s,1.0,1.0,True,test,non_fall,non_fall,0.001075172796845436,none,backward,0.9987034797668457
w25_00001502,bits,C:\Users\ADMIN\Desktop\ds-fall\data\raw\Dataset\adl\user27\user27_adl14.csv,C:\Users\ADMIN\Desktop\ds-fall\data\raw\Dataset,user27,user27_adl14,adl14,lying_on_back_getting_up_slowly,lying_on_back_getting_up_slowly,0,none,False,24,74,0.96,2.96,25.0,50,12,"ax,ay,az,gx,gy,gz,acc_mag,gyro_mag,jerk,roll,pitch,tilt_delta",20.0,25.0,uniform_20hz_time_interpolation_to_25hz,adl_sliding_capped,591,738,,,dataset_unit_map,wrist,bits,m/s^2,rad/s,m/s^2,rad/s,1.0,1.0,True,test,non_fall,non_fall,0.0010685784509405494,none,backward,0.9986913800239563
w25_00001503,bits,C:\Users\ADMIN\Desktop\ds-fall\data\raw\Dataset\adl\user27\user27_adl14.csv,C:\Users\ADMIN\Desktop\ds-fall\data\raw\Dataset,user27,user27_adl14,adl14,lying_on_back_getting_up_slowly,lying_on_back_getting_up_slowly,0,none,False,36,86,1.44,3.44,25.0,50,12,"ax,ay,az,gx,gy,gz,acc_mag,gyro_mag,jerk,roll,pitch,tilt_delta",20.0,25.0,uniform_20hz_time_interpolation_to_25hz,adl_sliding_capped,591,738,,,dataset_unit_map,wrist,bits,m/s^2,rad/s,m/s^2,rad/s,1.0,1.0,True,test,non_fall,non_fall,0.0010654289508238435,none,backward,0.9986456036567688
w25_00001504,bits,C:\Users\ADMIN\Desktop\ds-fall\data\raw\Dataset\adl\user27\user27_adl14.csv,C:\Users\ADMIN\Desktop\ds-fall\data\raw\Dataset,user27,user27_adl14,adl14,lying_on_back_getting_up_slowly,lying_on_back_getting_up_slowly,0,none,False,48,98,1.92,3.92,25.0,50,12,"ax,ay,az,gx,gy,gz,acc_mag,gyro_mag,jerk,roll,pitch,tilt_delta",20.0,25.0,uniform_20hz_time_interpolation_to_25hz,adl_sliding_capped,591,738,,,dataset_unit_map,wrist,bits,m/s^2,rad/s,m/s^2,rad/s,1.0,1.0,True,test,non_fall,non_fall,0.0010682669235393405,none,backward,0.9986951947212219
w25_00001505,bits,C:\Users\ADMIN\Desktop\ds-fall\data\raw\Dataset\adl\user27\user27_adl15.csv,C:\Users\ADMIN\Desktop\ds-fall\data\raw\Dataset,user27,user27_adl15,adl15,lying_on_back_getting_up_normally,lying_on_back_getting_up_normally,0,none,False,0,50,0.0,2.0,25.0,50,12,"ax,ay,az,gx,gy,gz,acc_mag,gyro_mag,jerk,roll,pitch,tilt_delta",20.0,25.0,uniform_20hz_time_interpolation_to_25hz,adl_sliding_capped,277,346,,,dataset_unit_map,wrist,bits,m/s^2,rad/s,m/s^2,rad/s,1.0,1.0,True,test,non_fall,non_fall,0.0009459966677241027,none,backward,0.9508419036865234
w25_00001506,bits,C:\Users\ADMIN\Desktop\ds-fall\data\raw\Dataset\adl\user27\user27_adl15.csv,C:\Users\ADMIN\Desktop\ds-fall\data\raw\Dataset,user27,user27_adl15,adl15,lying_on_back_getting_up_normally,lying_on_back_getting_up_normally,0,none,False,12,62,0.48,2.48,25.0,50,12,"ax,ay,az,gx,gy,gz,acc_mag,gyro_mag,jerk,roll,pitch,tilt_delta",20.0,25.0,uniform_20hz_time_interpolation_to_25hz,adl_sliding_capped,277,346,,,dataset_unit_map,wrist,bits,m/s^2,rad/s,m/s^2,rad/s,1.0,1.0,True,test,non_fall,non_fall,0.0009550556424073875,none,backward,0.9490838646888733
w25_00001507,bits,C:\Users\ADMIN\Desktop\ds-fall\data\raw\Dataset\adl\user27\user27_adl15.csv,C:\Users\ADMIN\Desktop\ds-fall\data\raw\Dataset,user27,user27_adl15,adl15,lying_on_back_getting_up_normally,lying_on_back_getting_up_normally,0,none,False,24,74,0.96,2.96,25.0,50,12,"ax,ay,az,gx,gy,gz,acc_mag,gyro_mag,jerk,roll,pitch,tilt_delta",20.0,25.0,uniform_20hz_time_interpolation_to_25hz,adl_sliding_capped,277,346,,,dataset_unit_map,wrist,bits,m/s^2,rad/s,m/s^2,rad/s,1.0,1.0,True,test,non_fall,non_fall,0.0009528138907626271,none,backward,0.9534473419189453
w25_00001508,bits,C:\Users\ADMIN\Desktop\ds-fall\data\raw\Dataset\adl\user27\user27_adl15.csv,C:\Users\ADMIN\Desktop\ds-fall\data\raw\Dataset,user27,user27_adl15,adl15,lying_on_back_getting_up_normally,lying_on_back_getting_up_normally,0,none,False,36,86,1.44,3.44,25.0,50,12,"ax,ay,az,gx,gy,gz,acc_mag,gyro_mag,jerk,roll,pitch,tilt_delta",20.0,25.0,uniform_20hz_time_interpolation_to_25hz,adl_sliding_capped,277,346,,,dataset_unit_map,wrist,bits,m/s^2,rad/s,m/s^2,rad/s,1.0,1.0,True,test,non_fall,non_fall,0.0009523193002678454,none,backward,0.9514238238334656
w25_00001509,bits,C:\Users\ADMIN\Desktop\ds-fall\data\raw\Dataset\adl\user27\user27_adl15.csv,C:\Users\ADMIN\Desktop\ds-fall\data\raw\Dataset,user27,user27_adl15,adl15,lying_on_back_getting_up_normally,lying_on_back_getting_up_normally,0,none,False,48,98,1.92,3.92,25.0,50,12,"ax,ay,az,gx,gy,gz,acc_mag,gyro_mag,jerk,roll,pitch,tilt_delta",20.0,25.0,uniform_20hz_time_interpolation_to_25hz,adl_sliding_capped,277,346,,,dataset_unit_map,wrist,bits,m/s^2,rad/s,m/s^2,rad/s,1.0,1.0,True,test,non_fall,non_fall,0.0009486800408922136,none,backward,0.9501515626907349
w25_00001510,bits,C:\Users\ADMIN\Desktop\ds-fall\data\raw\Dataset\adl\user27\user27_adl16.csv,C:\Users\ADMIN\Desktop\ds-fall\data\raw\Dataset,user27,user27_adl16,adl16,lying_sideways_to_back,lying_sideways_to_back,0,none,False,0,50,0.0,2.0,25.0,50,12,"ax,ay,az,gx,gy,gz,acc_mag,gyro_mag,jerk,roll,pitch,tilt_delta",20.0,25.0,uniform_20hz_time_interpolation_to_25hz,adl_sliding_capped,179,223,,,dataset_unit_map,wrist,bits,m/s^2,rad/s,m/s^2,rad/s,1.0,1.0,True,test,non_fall,non_fall,0.0029976919759064913,none,backward,0.9968029260635376
w25_00001511,bits,C:\Users\ADMIN\Desktop\ds-fall\data\raw\Dataset\adl\user27\user27_adl16.csv,C:\Users\ADMIN\Desktop\ds-fall\data\raw\Dataset,user27,user27_adl16,adl16,lying_sideways_to_back,lying_sideways_to_back,0,none,False,12,62,0.48,2.48,25.0,50,12,"ax,ay,az,gx,gy,gz,acc_mag,gyro_mag,jerk,roll,pitch,tilt_delta",20.0,25.0,uniform_20hz_time_interpolation_to_25hz,adl_sliding_capped,179,223,,,dataset_unit_map,wrist,bits,m/s^2,rad/s,m/s^2,rad/s,1.0,1.0,True,test,non_fall,non_fall,0.0031550077255815268,none,backward,0.997259259223938
w25_00001512,bits,C:\Users\ADMIN\Desktop\ds-fall\data\raw\Dataset\adl\user27\user27_adl16.csv,C:\Users\ADMIN\Desktop\ds-fall\data\raw\Dataset,user27,user27_adl16,adl16,lying_sideways_to_back,lying_sideways_to_back,0,none,False,24,74,0.96,2.96,25.0,50,12,"ax,ay,az,gx,gy,gz,acc_mag,gyro_mag,jerk,roll,pitch,tilt_delta",20.0,25.0,uniform_20hz_time_interpolation_to_25hz,adl_sliding_capped,179,223,,,dataset_unit_map,wrist,bits,m/s^2,rad/s,m/s^2,rad/s,1.0,1.0,True,test,non_fall,non_fall,0.0031556016765534878,none,backward,0.9971996545791626
w25_00001513,bits,C:\Users\ADMIN\Desktop\ds-fall\data\raw\Dataset\adl\user27\user27_adl16.csv,C:\Users\ADMIN\Desktop\ds-fall\data\raw\Dataset,user27,user27_adl16,adl16,lying_sideways_to_back,lying_sideways_to_back,0,none,False,36,86,1.44,3.44,25.0,50,12,"ax,ay,az,gx,gy,gz,acc_mag,gyro_mag,jerk,roll,pitch,tilt_delta",20.0,25.0,uniform_20hz_time_interpolation_to_25hz,adl_sliding_capped,179,223,,,dataset_unit_map,wrist,bits,m/s^2,rad/s,m/s^2,rad/s,1.0,1.0,True,test,non_fall,non_fall,0.003169905859977007,none,backward,0.9971743822097778
w25_00001514,bits,C:\Users\ADMIN\Desktop\ds-fall\data\raw\Dataset\adl\user27\user27_adl16.csv,C:\Users\ADMIN\Desktop\ds-fall\data\raw\Dataset,user27,user27_adl16,adl16,lying_sideways_to_back,lying_sideways_to_back,0,none,False,48,98,1.92,3.92,25.0,50,12,"ax,ay,az,gx,gy,gz,acc_mag,gyro_mag,jerk,roll,pitch,tilt_delta",20.0,25.0,uniform_20hz_time_interpolation_to_25hz,adl_sliding_capped,179,223,,,dataset_unit_map,wrist,bits,m/s^2,rad/s,m/s^2,rad/s,1.0,1.0,True,test,non_fall,non_fall,0.0031611910089850426,none,backward,0.9972199201583862
w25_00001515,bits,C:\Users\ADMIN\Desktop\ds-fall\data\raw\Dataset\adl\user27\user27_adl2.csv,C:\Users\ADMIN\Desktop\ds-fall\data\raw\Dataset,user27,user27_adl2,adl2,walking_quickly,walking_quickly,0,none,False,0,50,0.0,2.0,25.0,50,12,"ax,ay,az,gx,gy,gz,acc_mag,gyro_mag,jerk,roll,pitch,tilt_delta",20.0,25.0,uniform_20hz_time_interpolation_to_25hz,adl_sliding_capped,571,713,,,dataset_unit_map,wrist,bits,m/s^2,rad/s,m/s^2,rad/s,1.0,1.0,True,test,non_fall,non_fall,0.014301011338829994,none,forward,0.6910821795463562
w25_00001516,bits,C:\Users\ADMIN\Desktop\ds-fall\data\raw\Dataset\adl\user27\user27_adl2.csv,C:\Users\ADMIN\Desktop\ds-fall\data\raw\Dataset,user27,user27_adl2,adl2,walking_quickly,walking_quickly,0,none,False,12,62,0.48,2.48,25.0,50,12,"ax,ay,az,gx,gy,gz,acc_mag,gyro_mag,jerk,roll,pitch,tilt_delta",20.0,25.0,uniform_20hz_time_interpolation_to_25hz,adl_sliding_capped,571,713,,,dataset_unit_map,wrist,bits,m/s^2,rad/s,m/s^2,rad/s,1.0,1.0,True,test,non_fall,non_fall,0.012199757620692253,none,forward,0.6493285894393921
w25_00001517,bits,C:\Users\ADMIN\Desktop\ds-fall\data\raw\Dataset\adl\user27\user27_adl2.csv,C:\Users\ADMIN\Desktop\ds-fall\data\raw\Dataset,user27,user27_adl2,adl2,walking_quickly,walking_quickly,0,none,False,24,74,0.96,2.96,25.0,50,12,"ax,ay,az,gx,gy,gz,acc_mag,gyro_mag,jerk,roll,pitch,tilt_delta",20.0,25.0,uniform_20hz_time_interpolation_to_25hz,adl_sliding_capped,571,713,,,dataset_unit_map,wrist,bits,m/s^2,rad/s,m/s^2,rad/s,1.0,1.0,True,test,non_fall,non_fall,0.011642795987427235,none,forward,0.6300749182701111
w25_00001518,bits,C:\Users\ADMIN\Desktop\ds-fall\data\raw\Dataset\adl\user27\user27_adl2.csv,C:\Users\ADMIN\Desktop\ds-fall\data\raw\Dataset,user27,user27_adl2,adl2,walking_quickly,walking_quickly,0,none,False,36,86,1.44,3.44,25.0,50,12,"ax,ay,az,gx,gy,gz,acc_mag,gyro_mag,jerk,roll,pitch,tilt_delta",20.0,25.0,uniform_20hz_time_interpolation_to_25hz,adl_sliding_capped,571,713,,,dataset_unit_map,wrist,bits,m/s^2,rad/s,m/s^2,rad/s,1.0,1.0,True,test,non_fall,non_fall,0.012935222126543522,none,forward,0.625970184803009
w25_00001519,bits,C:\Users\ADMIN\Desktop\ds-fall\data\raw\Dataset\adl\user27\user27_adl2.csv,C:\Users\ADMIN\Desktop\ds-fall\data\raw\Dataset,user27,user27_adl2,adl2,walking_quickly,walking_quickly,0,none,False,48,98,1.92,3.92,25.0,50,12,"ax,ay,az,gx,gy,gz,acc_mag,gyro_mag,jerk,roll,pitch,tilt_delta",20.0,25.0,uniform_20hz_time_interpolation_to_25hz,adl_sliding_capped,571,713,,,dataset_unit_map,wrist,bits,m/s^2,rad/s,m/s^2,rad/s,1.0,1.0,True,test,non_fall,non_fall,0.024946317076683044,none,forward,0.571404218673706
w25_00001520,bits,C:\Users\ADMIN\Desktop\ds-fall\data\raw\Dataset\adl\user27\user27_adl3.csv,C:\Users\ADMIN\Desktop\ds-fall\data\raw\Dataset,user27,user27_adl3,adl3,jogging,jogging,0,none,False,0,50,0.0,2.0,25.0,50,12,"ax,ay,az,gx,gy,gz,acc_mag,gyro_mag,jerk,roll,pitch,tilt_delta",20.0,25.0,uniform_20hz_time_interpolation_to_25hz,adl_sliding_capped,339,423,,,dataset_unit_map,wrist,bits,m/s^2,rad/s,m/s^2,rad/s,1.0,1.0,True,test,non_fall,non_fall,0.006583200301975012,none,backward,0.9999997615814209
w25_00001521,bits,C:\Users\ADMIN\Desktop\ds-fall\data\raw\Dataset\adl\user27\user27_adl3.csv,C:\Users\ADMIN\Desktop\ds-fall\data\raw\Dataset,user27,user27_adl3,adl3,jogging,jogging,0,none,False,12,62,0.48,2.48,25.0,50,12,"ax,ay,az,gx,gy,gz,acc_mag,gyro_mag,jerk,roll,pitch,tilt_delta",20.0,25.0,uniform_20hz_time_interpolation_to_25hz,adl_sliding_capped,339,423,,,dataset_unit_map,wrist,bits,m/s^2,rad/s,m/s^2,rad/s,1.0,1.0,True,test,non_fall,non_fall,0.0009005024330690503,none,backward,0.9999998807907104
w25_00001522,bits,C:\Users\ADMIN\Desktop\ds-fall\data\raw\Dataset\adl\user27\user27_adl3.csv,C:\Users\ADMIN\Desktop\ds-fall\data\raw\Dataset,user27,user27_adl3,adl3,jogging,jogging,0,none,False,24,74,0.96,2.96,25.0,50,12,"ax,ay,az,gx,gy,gz,acc_mag,gyro_mag,jerk,roll,pitch,tilt_delta",20.0,25.0,uniform_20hz_time_interpolation_to_25hz,adl_sliding_capped,339,423,,,dataset_unit_map,wrist,bits,m/s^2,rad/s,m/s^2,rad/s,1.0,1.0,True,test,non_fall,non_fall,0.00164409086573869,none,backward,0.9997865557670593
w25_00001523,bits,C:\Users\ADMIN\Desktop\ds-fall\data\raw\Dataset\adl\user27\user27_adl3.csv,C:\Users\ADMIN\Desktop\ds-fall\data\raw\Dataset,user27,user27_adl3,adl3,jogging,jogging,0,none,False,36,86,1.44,3.44,25.0,50,12,"ax,ay,az,gx,gy,gz,acc_mag,gyro_mag,jerk,roll,pitch,tilt_delta",20.0,25.0,uniform_20hz_time_interpolation_to_25hz,adl_sliding_capped,339,423,,,dataset_unit_map,wrist,bits,m/s^2,rad/s,m/s^2,rad/s,1.0,1.0,True,test,non_fall,non_fall,0.0010449924739077687,none,backward,0.522050142288208
w25_00001524,bits,C:\Users\ADMIN\Desktop\ds-fall\data\raw\Dataset\adl\user27\user27_adl3.csv,C:\Users\ADMIN\Desktop\ds-fall\data\raw\Dataset,user27,user27_adl3,adl3,jogging,jogging,0,none,False,48,98,1.92,3.92,25.0,50,12,"ax,ay,az,gx,gy,gz,acc_mag,gyro_mag,jerk,roll,pitch,tilt_delta",20.0,25.0,uniform_20hz_time_interpolation_to_25hz,adl_sliding_capped,339,423,,,dataset_unit_map,wrist,bits,m/s^2,rad/s,m/s^2,rad/s,1.0,1.0,True,test,non_fall,non_fall,0.0020606068428605795,none,lateral,0.9999946355819702
w25_00001525,bits,C:\Users\ADMIN\Desktop\ds-fall\data\raw\Dataset\adl\user27\user27_adl4.csv,C:\Users\ADMIN\Desktop\ds-fall\data\raw\Dataset,user27,user27_adl4,adl4,jumping,jumping,0,none,False,0,50,0.0,2.0,25.0,50,12,"ax,ay,az,gx,gy,gz,acc_mag,gyro_mag,jerk,roll,pitch,tilt_delta",20.0,25.0,uniform_20hz_time_interpolation_to_25hz,adl_sliding_capped,1792,2239,,,dataset_unit_map,wrist,bits,m/s^2,rad/s,m/s^2,rad/s,1.0,1.0,True,test,non_fall,non_fall,0.003209460526704788,none,lateral,0.9976513981819153
w25_00001526,bits,C:\Users\ADMIN\Desktop\ds-fall\data\raw\Dataset\adl\user27\user27_adl4.csv,C:\Users\ADMIN\Desktop\ds-fall\data\raw\Dataset,user27,user27_adl4,adl4,jumping,jumping,0,none,False,12,62,0.48,2.48,25.0,50,12,"ax,ay,az,gx,gy,gz,acc_mag,gyro_mag,jerk,roll,pitch,tilt_delta",20.0,25.0,uniform_20hz_time_interpolation_to_25hz,adl_sliding_capped,1792,2239,,,dataset_unit_map,wrist,bits,m/s^2,rad/s,m/s^2,rad/s,1.0,1.0,True,test,non_fall,non_fall,0.013441475108265877,none,lateral,0.9975497126579285
w25_00001527,bits,C:\Users\ADMIN\Desktop\ds-fall\data\raw\Dataset\adl\user27\user27_adl4.csv,C:\Users\ADMIN\Desktop\ds-fall\data\raw\Dataset,user27,user27_adl4,adl4,jumping,jumping,0,none,False,24,74,0.96,2.96,25.0,50,12,"ax,ay,az,gx,gy,gz,acc_mag,gyro_mag,jerk,roll,pitch,tilt_delta",20.0,25.0,uniform_20hz_time_interpolation_to_25hz,adl_sliding_capped,1792,2239,,,dataset_unit_map,wrist,bits,m/s^2,rad/s,m/s^2,rad/s,1.0,1.0,True,test,non_fall,non_fall,0.011034115217626095,none,lateral,0.9865443110466003
w25_00001528,bits,C:\Users\ADMIN\Desktop\ds-fall\data\raw\Dataset\adl\user27\user27_adl4.csv,C:\Users\ADMIN\Desktop\ds-fall\data\raw\Dataset,user27,user27_adl4,adl4,jumping,jumping,0,none,False,36,86,1.44,3.44,25.0,50,12,"ax,ay,az,gx,gy,gz,acc_mag,gyro_mag,jerk,roll,pitch,tilt_delta",20.0,25.0,uniform_20hz_time_interpolation_to_25hz,adl_sliding_capped,1792,2239,,,dataset_unit_map,wrist,bits,m/s^2,rad/s,m/s^2,rad/s,1.0,1.0,True,test,non_fall,non_fall,0.025978339836001396,none,forward,0.6600030660629272
w25_00001529,bits,C:\Users\ADMIN\Desktop\ds-fall\data\raw\Dataset\adl\user27\user27_adl4.csv,C:\Users\ADMIN\Desktop\ds-fall\data\raw\Dataset,user27,user27_adl4,adl4,jumping,jumping,0,none,False,48,98,1.92,3.92,25.0,50,12,"ax,ay,az,gx,gy,gz,acc_mag,gyro_mag,jerk,roll,pitch,tilt_delta",20.0,25.0,uniform_20hz_time_interpolation_to_25hz,adl_sliding_capped,1792,2239,,,dataset_unit_map,wrist,bits,m/s^2,rad/s,m/s^2,rad/s,1.0,1.0,True,test,non_fall,non_fall,0.10136605054140091,none,lateral,0.9535108208656311
w25_00001530,bits,C:\Users\ADMIN\Desktop\ds-fall\data\raw\Dataset\adl\user27\user27_adl5.csv,C:\Users\ADMIN\Desktop\ds-fall\data\raw\Dataset,user27,user27_adl5,adl5,climbing_up_slowly,climbing_up_slowly,0,none,False,0,50,0.0,2.0,25.0,50,12,"ax,ay,az,gx,gy,gz,acc_mag,gyro_mag,jerk,roll,pitch,tilt_delta",20.0,25.0,uniform_20hz_time_interpolation_to_25hz,adl_sliding_capped,837,1046,,,dataset_unit_map,wrist,bits,m/s^2,rad/s,m/s^2,rad/s,1.0,1.0,True,test,non_fall,non_fall,0.0020039675291627645,none,forward,0.9993396401405334
w25_00001531,bits,C:\Users\ADMIN\Desktop\ds-fall\data\raw\Dataset\adl\user27\user27_adl5.csv,C:\Users\ADMIN\Desktop\ds-fall\data\raw\Dataset,user27,user27_adl5,adl5,climbing_up_slowly,climbing_up_slowly,0,none,False,12,62,0.48,2.48,25.0,50,12,"ax,ay,az,gx,gy,gz,acc_mag,gyro_mag,jerk,roll,pitch,tilt_delta",20.0,25.0,uniform_20hz_time_interpolation_to_25hz,adl_sliding_capped,837,1046,,,dataset_unit_map,wrist,bits,m/s^2,rad/s,m/s^2,rad/s,1.0,1.0,True,test,non_fall,non_fall,0.001932936953380704,none,forward,0.9989129304885864
w25_00001532,bits,C:\Users\ADMIN\Desktop\ds-fall\data\raw\Dataset\adl\user27\user27_adl5.csv,C:\Users\ADMIN\Desktop\ds-fall\data\raw\Dataset,user27,user27_adl5,adl5,climbing_up_slowly,climbing_up_slowly,0,none,False,24,74,0.96,2.96,25.0,50,12,"ax,ay,az,gx,gy,gz,acc_mag,gyro_mag,jerk,roll,pitch,tilt_delta",20.0,25.0,uniform_20hz_time_interpolation_to_25hz,adl_sliding_capped,837,1046,,,dataset_unit_map,wrist,bits,m/s^2,rad/s,m/s^2,rad/s,1.0,1.0,True,test,non_fall,non_fall,0.0018657403998076916,none,forward,0.9987850785255432
w25_00001533,bits,C:\Users\ADMIN\Desktop\ds-fall\data\raw\Dataset\adl\user27\user27_adl5.csv,C:\Users\ADMIN\Desktop\ds-fall\data\raw\Dataset,user27,user27_adl5,adl5,climbing_up_slowly,climbing_up_slowly,0,none,False,36,86,1.44,3.44,25.0,50,12,"ax,ay,az,gx,gy,gz,acc_mag,gyro_mag,jerk,roll,pitch,tilt_delta",20.0,25.0,uniform_20hz_time_interpolation_to_25hz,adl_sliding_capped,837,1046,,,dataset_unit_map,wrist,bits,m/s^2,rad/s,m/s^2,rad/s,1.0,1.0,True,test,non_fall,non_fall,0.0019189926097169518,none,forward,0.9988357424736023
w25_00001534,bits,C:\Users\ADMIN\Desktop\ds-fall\data\raw\Dataset\adl\user27\user27_adl5.csv,C:\Users\ADMIN\Desktop\ds-fall\data\raw\Dataset,user27,user27_adl5,adl5,climbing_up_slowly,climbing_up_slowly,0,none,False,48,98,1.92,3.92,25.0,50,12,"ax,ay,az,gx,gy,gz,acc_mag,gyro_mag,jerk,roll,pitch,tilt_delta",20.0,25.0,uniform_20hz_time_interpolation_to_25hz,adl_sliding_capped,837,1046,,,dataset_unit_map,wrist,bits,m/s^2,rad/s,m/s^2,rad/s,1.0,1.0,True,test,non_fall,non_fall,0.0022650007158517838,none,forward,0.9985074400901794
w25_00001535,bits,C:\Users\ADMIN\Desktop\ds-fall\data\raw\Dataset\adl\user27\user27_adl6.csv,C:\Users\ADMIN\Desktop\ds-fall\data\raw\Dataset,user27,user27_adl6,adl6,climbing_down_slowly,climbing_down_slowly,0,none,False,0,50,0.0,2.0,25.0,50,12,"ax,ay,az,gx,gy,gz,acc_mag,gyro_mag,jerk,roll,pitch,tilt_delta",20.0,25.0,uniform_20hz_time_interpolation_to_25hz,adl_sliding_capped,1076,1344,,,dataset_unit_map,wrist,bits,m/s^2,rad/s,m/s^2,rad/s,1.0,1.0,True,test,non_fall,non_fall,0.0015240578213706613,none,lateral,0.9955026507377625
w25_00001536,bits,C:\Users\ADMIN\Desktop\ds-fall\data\raw\Dataset\adl\user27\user27_adl6.csv,C:\Users\ADMIN\Desktop\ds-fall\data\raw\Dataset,user27,user27_adl6,adl6,climbing_down_slowly,climbing_down_slowly,0,none,False,12,62,0.48,2.48,25.0,50,12,"ax,ay,az,gx,gy,gz,acc_mag,gyro_mag,jerk,roll,pitch,tilt_delta",20.0,25.0,uniform_20hz_time_interpolation_to_25hz,adl_sliding_capped,1076,1344,,,dataset_unit_map,wrist,bits,m/s^2,rad/s,m/s^2,rad/s,1.0,1.0,True,test,non_fall,non_fall,0.004787052050232887,none,lateral,0.9947294592857361
w25_00001537,bits,C:\Users\ADMIN\Desktop\ds-fall\data\raw\Dataset\adl\user27\user27_adl6.csv,C:\Users\ADMIN\Desktop\ds-fall\data\raw\Dataset,user27,user27_adl6,adl6,climbing_down_slowly,climbing_down_slowly,0,none,False,24,74,0.96,2.96,25.0,50,12,"ax,ay,az,gx,gy,gz,acc_mag,gyro_mag,jerk,roll,pitch,tilt_delta",20.0,25.0,uniform_20hz_time_interpolation_to_25hz,adl_sliding_capped,1076,1344,,,dataset_unit_map,wrist,bits,m/s^2,rad/s,m/s^2,rad/s,1.0,1.0,True,test,non_fall,non_fall,0.0005809891154058278,none,lateral,0.9999955892562866
w25_00001538,bits,C:\Users\ADMIN\Desktop\ds-fall\data\raw\Dataset\adl\user27\user27_adl6.csv,C:\Users\ADMIN\Desktop\ds-fall\data\raw\Dataset,user27,user27_adl6,adl6,climbing_down_slowly,climbing_down_slowly,0,none,False,36,86,1.44,3.44,25.0,50,12,"ax,ay,az,gx,gy,gz,acc_mag,gyro_mag,jerk,roll,pitch,tilt_delta",20.0,25.0,uniform_20hz_time_interpolation_to_25hz,adl_sliding_capped,1076,1344,,,dataset_unit_map,wrist,bits,m/s^2,rad/s,m/s^2,rad/s,1.0,1.0,True,test,non_fall,non_fall,0.015928037464618683,none,lateral,0.9999465942382812
w25_00001539,bits,C:\Users\ADMIN\Desktop\ds-fall\data\raw\Dataset\adl\user27\user27_adl6.csv,C:\Users\ADMIN\Desktop\ds-fall\data\raw\Dataset,user27,user27_adl6,adl6,climbing_down_slowly,climbing_down_slowly,0,none,False,48,98,1.92,3.92,25.0,50,12,"ax,ay,az,gx,gy,gz,acc_mag,gyro_mag,jerk,roll,pitch,tilt_delta",20.0,25.0,uniform_20hz_time_interpolation_to_25hz,adl_sliding_capped,1076,1344,,,dataset_unit_map,wrist,bits,m/s^2,rad/s,m/s^2,rad/s,1.0,1.0,True,test,non_fall,non_fall,0.05847832188010216,none,lateral,0.9915419816970825
w25_00001540,bits,C:\Users\ADMIN\Desktop\ds-fall\data\raw\Dataset\adl\user27\user27_adl7.csv,C:\Users\ADMIN\Desktop\ds-fall\data\raw\Dataset,user27,user27_adl7,adl7,climbing_up_normally,climbing_up_normally,0,none,False,0,50,0.0,2.0,25.0,50,12,"ax,ay,az,gx,gy,gz,acc_mag,gyro_mag,jerk,roll,pitch,tilt_delta",20.0,25.0,uniform_20hz_time_interpolation_to_25hz,adl_sliding_capped,776,969,,,dataset_unit_map,wrist,bits,m/s^2,rad/s,m/s^2,rad/s,1.0,1.0,True,test,non_fall,non_fall,0.013091443106532097,none,lateral,0.9999998807907104
w25_00001541,bits,C:\Users\ADMIN\Desktop\ds-fall\data\raw\Dataset\adl\user27\user27_adl7.csv,C:\Users\ADMIN\Desktop\ds-fall\data\raw\Dataset,user27,user27_adl7,adl7,climbing_up_normally,climbing_up_normally,0,none,False,12,62,0.48,2.48,25.0,50,12,"ax,ay,az,gx,gy,gz,acc_mag,gyro_mag,jerk,roll,pitch,tilt_delta",20.0,25.0,uniform_20hz_time_interpolation_to_25hz,adl_sliding_capped,776,969,,,dataset_unit_map,wrist,bits,m/s^2,rad/s,m/s^2,rad/s,1.0,1.0,True,test,non_fall,non_fall,0.09604598581790924,none,lateral,0.9999980926513672
w25_00001542,bits,C:\Users\ADMIN\Desktop\ds-fall\data\raw\Dataset\adl\user27\user27_adl7.csv,C:\Users\ADMIN\Desktop\ds-fall\data\raw\Dataset,user27,user27_adl7,adl7,climbing_up_normally,climbing_up_normally,0,none,False,24,74,0.96,2.96,25.0,50,12,"ax,ay,az,gx,gy,gz,acc_mag,gyro_mag,jerk,roll,pitch,tilt_delta",20.0,25.0,uniform_20hz_time_interpolation_to_25hz,adl_sliding_capped,776,969,,,dataset_unit_map,wrist,bits,m/s^2,rad/s,m/s^2,rad/s,1.0,1.0,True,test,non_fall,non_fall,0.05223064124584198,none,lateral,0.9999936819076538
w25_00001543,bits,C:\Users\ADMIN\Desktop\ds-fall\data\raw\Dataset\adl\user27\user27_adl7.csv,C:\Users\ADMIN\Desktop\ds-fall\data\raw\Dataset,user27,user27_adl7,adl7,climbing_up_normally,climbing_up_normally,0,none,False,36,86,1.44,3.44,25.0,50,12,"ax,ay,az,gx,gy,gz,acc_mag,gyro_mag,jerk,roll,pitch,tilt_delta",20.0,25.0,uniform_20hz_time_interpolation_to_25hz,adl_sliding_capped,776,969,,,dataset_unit_map,wrist,bits,m/s^2,rad/s,m/s^2,rad/s,1.0,1.0,True,test,non_fall,non_fall,0.06963127106428146,none,lateral,0.9942382574081421
w25_00001544,bits,C:\Users\ADMIN\Desktop\ds-fall\data\raw\Dataset\adl\user27\user27_adl7.csv,C:\Users\ADMIN\Desktop\ds-fall\data\raw\Dataset,user27,user27_adl7,adl7,climbing_up_normally,climbing_up_normally,0,none,False,48,98,1.92,3.92,25.0,50,12,"ax,ay,az,gx,gy,gz,acc_mag,gyro_mag,jerk,roll,pitch,tilt_delta",20.0,25.0,uniform_20hz_time_interpolation_to_25hz,adl_sliding_capped,776,969,,,dataset_unit_map,wrist,bits,m/s^2,rad/s,m/s^2,rad/s,1.0,1.0,True,test,non_fall,non_fall,0.021935846656560898,none,backward,0.9778838157653809
w25_00001545,bits,C:\Users\ADMIN\Desktop\ds-fall\data\raw\Dataset\adl\user27\user27_adl8.csv,C:\Users\ADMIN\Desktop\ds-fall\data\raw\Dataset,user27,user27_adl8,adl8,climbing_down_normally,climbing_down_normally,0,none,False,0,50,0.0,2.0,25.0,50,12,"ax,ay,az,gx,gy,gz,acc_mag,gyro_mag,jerk,roll,pitch,tilt_delta",20.0,25.0,uniform_20hz_time_interpolation_to_25hz,adl_sliding_capped,813,1016,,,dataset_unit_map,wrist,bits,m/s^2,rad/s,m/s^2,rad/s,1.0,1.0,True,test,non_fall,non_fall,0.00686511630192399,none,lateral,0.9999058246612549
w25_00001546,bits,C:\Users\ADMIN\Desktop\ds-fall\data\raw\Dataset\adl\user27\user27_adl8.csv,C:\Users\ADMIN\Desktop\ds-fall\data\raw\Dataset,user27,user27_adl8,adl8,climbing_down_normally,climbing_down_normally,0,none,False,12,62,0.48,2.48,25.0,50,12,"ax,ay,az,gx,gy,gz,acc_mag,gyro_mag,jerk,roll,pitch,tilt_delta",20.0,25.0,uniform_20hz_time_interpolation_to_25hz,adl_sliding_capped,813,1016,,,dataset_unit_map,wrist,bits,m/s^2,rad/s,m/s^2,rad/s,1.0,1.0,True,test,non_fall,non_fall,0.0010328670032322407,none,lateral,0.9998757839202881
w25_00001547,bits,C:\Users\ADMIN\Desktop\ds-fall\data\raw\Dataset\adl\user27\user27_adl8.csv,C:\Users\ADMIN\Desktop\ds-fall\data\raw\Dataset,user27,user27_adl8,adl8,climbing_down_normally,climbing_down_normally,0,none,False,24,74,0.96,2.96,25.0,50,12,"ax,ay,az,gx,gy,gz,acc_mag,gyro_mag,jerk,roll,pitch,tilt_delta",20.0,25.0,uniform_20hz_time_interpolation_to_25hz,adl_sliding_capped,813,1016,,,dataset_unit_map,wrist,bits,m/s^2,rad/s,m/s^2,rad/s,1.0,1.0,True,test,non_fall,non_fall,0.001525107421912253,none,lateral,0.9998282194137573
w25_00001548,bits,C:\Users\ADMIN\Desktop\ds-fall\data\raw\Dataset\adl\user27\user27_adl8.csv,C:\Users\ADMIN\Desktop\ds-fall\data\raw\Dataset,user27,user27_adl8,adl8,climbing_down_normally,climbing_down_normally,0,none,False,36,86,1.44,3.44,25.0,50,12,"ax,ay,az,gx,gy,gz,acc_mag,gyro_mag,jerk,roll,pitch,tilt_delta",20.0,25.0,uniform_20hz_time_interpolation_to_25hz,adl_sliding_capped,813,1016,,,dataset_unit_map,wrist,bits,m/s^2,rad/s,m/s^2,rad/s,1.0,1.0,True,test,non_fall,non_fall,0.0013505497481673956,none,forward,0.5935961008071899
w25_00001549,bits,C:\Users\ADMIN\Desktop\ds-fall\data\raw\Dataset\adl\user27\user27_adl8.csv,C:\Users\ADMIN\Desktop\ds-fall\data\raw\Dataset,user27,user27_adl8,adl8,climbing_down_normally,climbing_down_normally,0,none,False,48,98,1.92,3.92,25.0,50,12,"ax,ay,az,gx,gy,gz,acc_mag,gyro_mag,jerk,roll,pitch,tilt_delta",20.0,25.0,uniform_20hz_time_interpolation_to_25hz,adl_sliding_capped,813,1016,,,dataset_unit_map,wrist,bits,m/s^2,rad/s,m/s^2,rad/s,1.0,1.0,True,test,non_fall,non_fall,0.0010390758980065584,none,forward,0.9982896447181702
w25_00001550,bits,C:\Users\ADMIN\Desktop\ds-fall\data\raw\Dataset\adl\user27\user27_adl9.csv,C:\Users\ADMIN\Desktop\ds-fall\data\raw\Dataset,user27,user27_adl9,adl9,slowly_sitting_on_chair,slowly_sitting_on_chair,0,none,False,0,50,0.0,2.0,25.0,50,12,"ax,ay,az,gx,gy,gz,acc_mag,gyro_mag,jerk,roll,pitch,tilt_delta",20.0,25.0,uniform_20hz_time_interpolation_to_25hz,adl_sliding_capped,289,361,,,dataset_unit_map,wrist,bits,m/s^2,rad/s,m/s^2,rad/s,1.0,1.0,True,test,non_fall,non_fall,0.0002990438952110708,none,backward,0.9999887943267822
w25_00001551,bits,C:\Users\ADMIN\Desktop\ds-fall\data\raw\Dataset\adl\user27\user27_adl9.csv,C:\Users\ADMIN\Desktop\ds-fall\data\raw\Dataset,user27,user27_adl9,adl9,slowly_sitting_on_chair,slowly_sitting_on_chair,0,none,False,12,62,0.48,2.48,25.0,50,12,"ax,ay,az,gx,gy,gz,acc_mag,gyro_mag,jerk,roll,pitch,tilt_delta",20.0,25.0,uniform_20hz_time_interpolation_to_25hz,adl_sliding_capped,289,361,,,dataset_unit_map,wrist,bits,m/s^2,rad/s,m/s^2,rad/s,1.0,1.0,True,test,non_fall,non_fall,0.00017231535457540303,none,backward,0.9999954700469971
w25_00001552,bits,C:\Users\ADMIN\Desktop\ds-fall\data\raw\Dataset\adl\user27\user27_adl9.csv,C:\Users\ADMIN\Desktop\ds-fall\data\raw\Dataset,user27,user27_adl9,adl9,slowly_sitting_on_chair,slowly_sitting_on_chair,0,none,False,24,74,0.96,2.96,25.0,50,12,"ax,ay,az,gx,gy,gz,acc_mag,gyro_mag,jerk,roll,pitch,tilt_delta",20.0,25.0,uniform_20hz_time_interpolation_to_25hz,adl_sliding_capped,289,361,,,dataset_unit_map,wrist,bits,m/s^2,rad/s,m/s^2,rad/s,1.0,1.0,True,test,non_fall,non_fall,0.00021741833188571036,none,backward,0.6841616034507751
w25_00001553,bits,C:\Users\ADMIN\Desktop\ds-fall\data\raw\Dataset\adl\user27\user27_adl9.csv,C:\Users\ADMIN\Desktop\ds-fall\data\raw\Dataset,user27,user27_adl9,adl9,slowly_sitting_on_chair,slowly_sitting_on_chair,0,none,False,36,86,1.44,3.44,25.0,50,12,"ax,ay,az,gx,gy,gz,acc_mag,gyro_mag,jerk,roll,pitch,tilt_delta",20.0,25.0,uniform_20hz_time_interpolation_to_25hz,adl_sliding_capped,289,361,,,dataset_unit_map,wrist,bits,m/s^2,rad/s,m/s^2,rad/s,1.0,1.0,True,test,non_fall,non_fall,0.00014732677664142102,none,lateral,0.9871002435684204
w25_00001554,bits,C:\Users\ADMIN\Desktop\ds-fall\data\raw\Dataset\adl\user27\user27_adl9.csv,C:\Users\ADMIN\Desktop\ds-fall\data\raw\Dataset,user27,user27_adl9,adl9,slowly_sitting_on_chair,slowly_sitting_on_chair,0,none,False,48,98,1.92,3.92,25.0,50,12,"ax,ay,az,gx,gy,gz,acc_mag,gyro_mag,jerk,roll,pitch,tilt_delta",20.0,25.0,uniform_20hz_time_interpolation_to_25hz,adl_sliding_capped,289,361,,,dataset_unit_map,wrist,bits,m/s^2,rad/s,m/s^2,rad/s,1.0,1.0,True,test,non_fall,non_fall,5.136045001563616e-05,none,lateral,0.990473210811615
w25_00001635,bits,C:\Users\ADMIN\Desktop\ds-fall\data\raw\Dataset\adl\user29\user29_adl1.csv,C:\Users\ADMIN\Desktop\ds-fall\data\raw\Dataset,user29,user29_adl1,adl1,walking_slowly,walking_slowly,0,none,False,0,50,0.0,2.0,25.0,50,12,"ax,ay,az,gx,gy,gz,acc_mag,gyro_mag,jerk,roll,pitch,tilt_delta",20.0,25.0,uniform_20hz_time_interpolation_to_25hz,adl_sliding_capped,340,424,,,dataset_unit_map,wrist,bits,m/s^2,rad/s,m/s^2,rad/s,1.0,1.0,True,test,non_fall,non_fall,0.005147636868059635,none,lateral,0.9920591115951538
w25_00001636,bits,C:\Users\ADMIN\Desktop\ds-fall\data\raw\Dataset\adl\user29\user29_adl1.csv,C:\Users\ADMIN\Desktop\ds-fall\data\raw\Dataset,user29,user29_adl1,adl1,walking_slowly,walking_slowly,0,none,False,12,62,0.48,2.48,25.0,50,12,"ax,ay,az,gx,gy,gz,acc_mag,gyro_mag,jerk,roll,pitch,tilt_delta",20.0,25.0,uniform_20hz_time_interpolation_to_25hz,adl_sliding_capped,340,424,,,dataset_unit_map,wrist,bits,m/s^2,rad/s,m/s^2,rad/s,1.0,1.0,True,test,non_fall,non_fall,0.014984897337853909,none,lateral,0.7776525616645813
w25_00001637,bits,C:\Users\ADMIN\Desktop\ds-fall\data\raw\Dataset\adl\user29\user29_adl1.csv,C:\Users\ADMIN\Desktop\ds-fall\data\raw\Dataset,user29,user29_adl1,adl1,walking_slowly,walking_slowly,0,none,False,24,74,0.96,2.96,25.0,50,12,"ax,ay,az,gx,gy,gz,acc_mag,gyro_mag,jerk,roll,pitch,tilt_delta",20.0,25.0,uniform_20hz_time_interpolation_to_25hz,adl_sliding_capped,340,424,,,dataset_unit_map,wrist,bits,m/s^2,rad/s,m/s^2,rad/s,1.0,1.0,True,test,non_fall,non_fall,0.02055245265364647,none,lateral,0.9999884366989136
w25_00001638,bits,C:\Users\ADMIN\Desktop\ds-fall\data\raw\Dataset\adl\user29\user29_adl1.csv,C:\Users\ADMIN\Desktop\ds-fall\data\raw\Dataset,user29,user29_adl1,adl1,walking_slowly,walking_slowly,0,none,False,36,86,1.44,3.44,25.0,50,12,"ax,ay,az,gx,gy,gz,acc_mag,gyro_mag,jerk,roll,pitch,tilt_delta",20.0,25.0,uniform_20hz_time_interpolation_to_25hz,adl_sliding_capped,340,424,,,dataset_unit_map,wrist,bits,m/s^2,rad/s,m/s^2,rad/s,1.0,1.0,True,test,non_fall,non_fall,0.01540401391685009,none,lateral,0.9999926090240479
w25_00001639,bits,C:\Users\ADMIN\Desktop\ds-fall\data\raw\Dataset\adl\user29\user29_adl1.csv,C:\Users\ADMIN\Desktop\ds-fall\data\raw\Dataset,user29,user29_adl1,adl1,walking_slowly,walking_slowly,0,none,False,48,98,1.92,3.92,25.0,50,12,"ax,ay,az,gx,gy,gz,acc_mag,gyro_mag,jerk,roll,pitch,tilt_delta",20.0,25.0,uniform_20hz_time_interpolation_to_25hz,adl_sliding_capped,340,424,,,dataset_unit_map,wrist,bits,m/s^2,rad/s,m/s^2,rad/s,1.0,1.0,True,test,non_fall,non_fall,0.01389834564179182,none,lateral,0.9999916553497314
w25_00001640,bits,C:\Users\ADMIN\Desktop\ds-fall\data\raw\Dataset\adl\user29\user29_adl10.csv,C:\Users\ADMIN\Desktop\ds-fall\data\raw\Dataset,user29,user29_adl10,adl10,rapidly_sitting_on_chair,rapidly_sitting_on_chair,0,none,False,0,50,0.0,2.0,25.0,50,12,"ax,ay,az,gx,gy,gz,acc_mag,gyro_mag,jerk,roll,pitch,tilt_delta",20.0,25.0,uniform_20hz_time_interpolation_to_25hz,adl_sliding_capped,547,683,,,dataset_unit_map,wrist,bits,m/s^2,rad/s,m/s^2,rad/s,1.0,1.0,True,test,non_fall,non_fall,0.010736525058746338,none,lateral,0.9536034464836121
w25_00001641,bits,C:\Users\ADMIN\Desktop\ds-fall\data\raw\Dataset\adl\user29\user29_adl10.csv,C:\Users\ADMIN\Desktop\ds-fall\data\raw\Dataset,user29,user29_adl10,adl10,rapidly_sitting_on_chair,rapidly_sitting_on_chair,0,none,False,12,62,0.48,2.48,25.0,50,12,"ax,ay,az,gx,gy,gz,acc_mag,gyro_mag,jerk,roll,pitch,tilt_delta",20.0,25.0,uniform_20hz_time_interpolation_to_25hz,adl_sliding_capped,547,683,,,dataset_unit_map,wrist,bits,m/s^2,rad/s,m/s^2,rad/s,1.0,1.0,True,test,non_fall,non_fall,0.018467040732502937,none,lateral,0.9627605676651001
w25_00001642,bits,C:\Users\ADMIN\Desktop\ds-fall\data\raw\Dataset\adl\user29\user29_adl10.csv,C:\Users\ADMIN\Desktop\ds-fall\data\raw\Dataset,user29,user29_adl10,adl10,rapidly_sitting_on_chair,rapidly_sitting_on_chair,0,none,False,24,74,0.96,2.96,25.0,50,12,"ax,ay,az,gx,gy,gz,acc_mag,gyro_mag,jerk,roll,pitch,tilt_delta",20.0,25.0,uniform_20hz_time_interpolation_to_25hz,adl_sliding_capped,547,683,,,dataset_unit_map,wrist,bits,m/s^2,rad/s,m/s^2,rad/s,1.0,1.0,True,test,non_fall,non_fall,0.03295091912150383,none,lateral,0.9863835573196411
w25_00001643,bits,C:\Users\ADMIN\Desktop\ds-fall\data\raw\Dataset\adl\user29\user29_adl10.csv,C:\Users\ADMIN\Desktop\ds-fall\data\raw\Dataset,user29,user29_adl10,adl10,rapidly_sitting_on_chair,rapidly_sitting_on_chair,0,none,False,36,86,1.44,3.44,25.0,50,12,"ax,ay,az,gx,gy,gz,acc_mag,gyro_mag,jerk,roll,pitch,tilt_delta",20.0,25.0,uniform_20hz_time_interpolation_to_25hz,adl_sliding_capped,547,683,,,dataset_unit_map,wrist,bits,m/s^2,rad/s,m/s^2,rad/s,1.0,1.0,True,test,non_fall,non_fall,0.01595827378332615,none,lateral,0.987352728843689
w25_00001644,bits,C:\Users\ADMIN\Desktop\ds-fall\data\raw\Dataset\adl\user29\user29_adl10.csv,C:\Users\ADMIN\Desktop\ds-fall\data\raw\Dataset,user29,user29_adl10,adl10,rapidly_sitting_on_chair,rapidly_sitting_on_chair,0,none,False,48,98,1.92,3.92,25.0,50,12,"ax,ay,az,gx,gy,gz,acc_mag,gyro_mag,jerk,roll,pitch,tilt_delta",20.0,25.0,uniform_20hz_time_interpolation_to_25hz,adl_sliding_capped,547,683,,,dataset_unit_map,wrist,bits,m/s^2,rad/s,m/s^2,rad/s,1.0,1.0,True,test,non_fall,non_fall,0.014221924357116222,none,lateral,0.9839355945587158
w25_00001645,bits,C:\Users\ADMIN\Desktop\ds-fall\data\raw\Dataset\adl\user29\user29_adl11.csv,C:\Users\ADMIN\Desktop\ds-fall\data\raw\Dataset,user29,user29_adl11,adl11,nearly_sitting_and_getting_up,nearly_sitting_and_getting_up,0,none,False,0,50,0.0,2.0,25.0,50,12,"ax,ay,az,gx,gy,gz,acc_mag,gyro_mag,jerk,roll,pitch,tilt_delta",20.0,25.0,uniform_20hz_time_interpolation_to_25hz,adl_sliding_capped,300,374,,,dataset_unit_map,wrist,bits,m/s^2,rad/s,m/s^2,rad/s,1.0,1.0,True,test,non_fall,non_fall,0.00976451113820076,none,lateral,0.6654632687568665
w25_00001646,bits,C:\Users\ADMIN\Desktop\ds-fall\data\raw\Dataset\adl\user29\user29_adl11.csv,C:\Users\ADMIN\Desktop\ds-fall\data\raw\Dataset,user29,user29_adl11,adl11,nearly_sitting_and_getting_up,nearly_sitting_and_getting_up,0,none,False,12,62,0.48,2.48,25.0,50,12,"ax,ay,az,gx,gy,gz,acc_mag,gyro_mag,jerk,roll,pitch,tilt_delta",20.0,25.0,uniform_20hz_time_interpolation_to_25hz,adl_sliding_capped,300,374,,,dataset_unit_map,wrist,bits,m/s^2,rad/s,m/s^2,rad/s,1.0,1.0,True,test,non_fall,non_fall,0.010251161642372608,none,forward,0.5641562342643738
w25_00001647,bits,C:\Users\ADMIN\Desktop\ds-fall\data\raw\Dataset\adl\user29\user29_adl11.csv,C:\Users\ADMIN\Desktop\ds-fall\data\raw\Dataset,user29,user29_adl11,adl11,nearly_sitting_and_getting_up,nearly_sitting_and_getting_up,0,none,False,24,74,0.96,2.96,25.0,50,12,"ax,ay,az,gx,gy,gz,acc_mag,gyro_mag,jerk,roll,pitch,tilt_delta",20.0,25.0,uniform_20hz_time_interpolation_to_25hz,adl_sliding_capped,300,374,,,dataset_unit_map,wrist,bits,m/s^2,rad/s,m/s^2,rad/s,1.0,1.0,True,test,non_fall,non_fall,0.015105289407074451,none,lateral,0.788818895816803
w25_00001648,bits,C:\Users\ADMIN\Desktop\ds-fall\data\raw\Dataset\adl\user29\user29_adl11.csv,C:\Users\ADMIN\Desktop\ds-fall\data\raw\Dataset,user29,user29_adl11,adl11,nearly_sitting_and_getting_up,nearly_sitting_and_getting_up,0,none,False,36,86,1.44,3.44,25.0,50,12,"ax,ay,az,gx,gy,gz,acc_mag,gyro_mag,jerk,roll,pitch,tilt_delta",20.0,25.0,uniform_20hz_time_interpolation_to_25hz,adl_sliding_capped,300,374,,,dataset_unit_map,wrist,bits,m/s^2,rad/s,m/s^2,rad/s,1.0,1.0,True,test,non_fall,non_fall,0.005249411333352327,none,lateral,0.9251413345336914
w25_00001649,bits,C:\Users\ADMIN\Desktop\ds-fall\data\raw\Dataset\adl\user29\user29_adl11.csv,C:\Users\ADMIN\Desktop\ds-fall\data\raw\Dataset,user29,user29_adl11,adl11,nearly_sitting_and_getting_up,nearly_sitting_and_getting_up,0,none,False,48,98,1.92,3.92,25.0,50,12,"ax,ay,az,gx,gy,gz,acc_mag,gyro_mag,jerk,roll,pitch,tilt_delta",20.0,25.0,uniform_20hz_time_interpolation_to_25hz,adl_sliding_capped,300,374,,,dataset_unit_map,wrist,bits,m/s^2,rad/s,m/s^2,rad/s,1.0,1.0,True,test,non_fall,non_fall,0.008817764930427074,none,lateral,0.9699848294258118
w25_00001650,bits,C:\Users\ADMIN\Desktop\ds-fall\data\raw\Dataset\adl\user29\user29_adl12.csv,C:\Users\ADMIN\Desktop\ds-fall\data\raw\Dataset,user29,user29_adl12,adl12,swinging_hands,swinging_hands,0,none,False,0,50,0.0,2.0,25.0,50,12,"ax,ay,az,gx,gy,gz,acc_mag,gyro_mag,jerk,roll,pitch,tilt_delta",20.0,25.0,uniform_20hz_time_interpolation_to_25hz,adl_sliding_capped,617,771,,,dataset_unit_map,wrist,bits,m/s^2,rad/s,m/s^2,rad/s,1.0,1.0,True,test,non_fall,non_fall,0.004476481582969427,none,lateral,0.9561927318572998
w25_00001651,bits,C:\Users\ADMIN\Desktop\ds-fall\data\raw\Dataset\adl\user29\user29_adl12.csv,C:\Users\ADMIN\Desktop\ds-fall\data\raw\Dataset,user29,user29_adl12,adl12,swinging_hands,swinging_hands,0,none,False,12,62,0.48,2.48,25.0,50,12,"ax,ay,az,gx,gy,gz,acc_mag,gyro_mag,jerk,roll,pitch,tilt_delta",20.0,25.0,uniform_20hz_time_interpolation_to_25hz,adl_sliding_capped,617,771,,,dataset_unit_map,wrist,bits,m/s^2,rad/s,m/s^2,rad/s,1.0,1.0,True,test,non_fall,non_fall,0.0033328430727124214,none,lateral,0.9999878406524658
w25_00001652,bits,C:\Users\ADMIN\Desktop\ds-fall\data\raw\Dataset\adl\user29\user29_adl12.csv,C:\Users\ADMIN\Desktop\ds-fall\data\raw\Dataset,user29,user29_adl12,adl12,swinging_hands,swinging_hands,0,none,False,24,74,0.96,2.96,25.0,50,12,"ax,ay,az,gx,gy,gz,acc_mag,gyro_mag,jerk,roll,pitch,tilt_delta",20.0,25.0,uniform_20hz_time_interpolation_to_25hz,adl_sliding_capped,617,771,,,dataset_unit_map,wrist,bits,m/s^2,rad/s,m/s^2,rad/s,1.0,1.0,True,test,non_fall,non_fall,0.001914339722134173,none,lateral,1.0
w25_00001653,bits,C:\Users\ADMIN\Desktop\ds-fall\data\raw\Dataset\adl\user29\user29_adl12.csv,C:\Users\ADMIN\Desktop\ds-fall\data\raw\Dataset,user29,user29_adl12,adl12,swinging_hands,swinging_hands,0,none,False,36,86,1.44,3.44,25.0,50,12,"ax,ay,az,gx,gy,gz,acc_mag,gyro_mag,jerk,roll,pitch,tilt_delta",20.0,25.0,uniform_20hz_time_interpolation_to_25hz,adl_sliding_capped,617,771,,,dataset_unit_map,wrist,bits,m/s^2,rad/s,m/s^2,rad/s,1.0,1.0,True,test,non_fall,non_fall,0.00153113785199821,none,lateral,1.0
w25_00001654,bits,C:\Users\ADMIN\Desktop\ds-fall\data\raw\Dataset\adl\user29\user29_adl12.csv,C:\Users\ADMIN\Desktop\ds-fall\data\raw\Dataset,user29,user29_adl12,adl12,swinging_hands,swinging_hands,0,none,False,48,98,1.92,3.92,25.0,50,12,"ax,ay,az,gx,gy,gz,acc_mag,gyro_mag,jerk,roll,pitch,tilt_delta",20.0,25.0,uniform_20hz_time_interpolation_to_25hz,adl_sliding_capped,617,771,,,dataset_unit_map,wrist,bits,m/s^2,rad/s,m/s^2,rad/s,1.0,1.0,True,test,non_fall,non_fall,0.009240224957466125,none,lateral,1.0
w25_00001655,bits,C:\Users\ADMIN\Desktop\ds-fall\data\raw\Dataset\adl\user29\user29_adl13.csv,C:\Users\ADMIN\Desktop\ds-fall\data\raw\Dataset,user29,user29_adl13,adl13,lying_on_bed,lying_on_bed,0,none,False,0,50,0.0,2.0,25.0,50,12,"ax,ay,az,gx,gy,gz,acc_mag,gyro_mag,jerk,roll,pitch,tilt_delta",20.0,25.0,uniform_20hz_time_interpolation_to_25hz,adl_sliding_capped,304,379,,,dataset_unit_map,wrist,bits,m/s^2,rad/s,m/s^2,rad/s,1.0,1.0,True,test,non_fall,non_fall,0.0015824820147827268,none,backward,0.9995428323745728
w25_00001656,bits,C:\Users\ADMIN\Desktop\ds-fall\data\raw\Dataset\adl\user29\user29_adl13.csv,C:\Users\ADMIN\Desktop\ds-fall\data\raw\Dataset,user29,user29_adl13,adl13,lying_on_bed,lying_on_bed,0,none,False,12,62,0.48,2.48,25.0,50,12,"ax,ay,az,gx,gy,gz,acc_mag,gyro_mag,jerk,roll,pitch,tilt_delta",20.0,25.0,uniform_20hz_time_interpolation_to_25hz,adl_sliding_capped,304,379,,,dataset_unit_map,wrist,bits,m/s^2,rad/s,m/s^2,rad/s,1.0,1.0,True,test,non_fall,non_fall,0.0015744301490485668,none,backward,0.9995142221450806
w25_00001657,bits,C:\Users\ADMIN\Desktop\ds-fall\data\raw\Dataset\adl\user29\user29_adl13.csv,C:\Users\ADMIN\Desktop\ds-fall\data\raw\Dataset,user29,user29_adl13,adl13,lying_on_bed,lying_on_bed,0,none,False,24,74,0.96,2.96,25.0,50,12,"ax,ay,az,gx,gy,gz,acc_mag,gyro_mag,jerk,roll,pitch,tilt_delta",20.0,25.0,uniform_20hz_time_interpolation_to_25hz,adl_sliding_capped,304,379,,,dataset_unit_map,wrist,bits,m/s^2,rad/s,m/s^2,rad/s,1.0,1.0,True,test,non_fall,non_fall,0.0015737653011456132,none,backward,0.9995067119598389
w25_00001658,bits,C:\Users\ADMIN\Desktop\ds-fall\data\raw\Dataset\adl\user29\user29_adl13.csv,C:\Users\ADMIN\Desktop\ds-fall\data\raw\Dataset,user29,user29_adl13,adl13,lying_on_bed,lying_on_bed,0,none,False,36,86,1.44,3.44,25.0,50,12,"ax,ay,az,gx,gy,gz,acc_mag,gyro_mag,jerk,roll,pitch,tilt_delta",20.0,25.0,uniform_20hz_time_interpolation_to_25hz,adl_sliding_capped,304,379,,,dataset_unit_map,wrist,bits,m/s^2,rad/s,m/s^2,rad/s,1.0,1.0,True,test,non_fall,non_fall,0.001567470608279109,none,backward,0.9994939565658569
w25_00001659,bits,C:\Users\ADMIN\Desktop\ds-fall\data\raw\Dataset\adl\user29\user29_adl13.csv,C:\Users\ADMIN\Desktop\ds-fall\data\raw\Dataset,user29,user29_adl13,adl13,lying_on_bed,lying_on_bed,0,none,False,48,98,1.92,3.92,25.0,50,12,"ax,ay,az,gx,gy,gz,acc_mag,gyro_mag,jerk,roll,pitch,tilt_delta",20.0,25.0,uniform_20hz_time_interpolation_to_25hz,adl_sliding_capped,304,379,,,dataset_unit_map,wrist,bits,m/s^2,rad/s,m/s^2,rad/s,1.0,1.0,True,test,non_fall,non_fall,0.0015647001564502716,none,backward,0.99949049949646
w25_00001660,bits,C:\Users\ADMIN\Desktop\ds-fall\data\raw\Dataset\adl\user29\user29_adl14.csv,C:\Users\ADMIN\Desktop\ds-fall\data\raw\Dataset,user29,user29_adl14,adl14,lying_on_back_getting_up_slowly,lying_on_back_getting_up_slowly,0,none,False,0,50,0.0,2.0,25.0,50,12,"ax,ay,az,gx,gy,gz,acc_mag,gyro_mag,jerk,roll,pitch,tilt_delta",20.0,25.0,uniform_20hz_time_interpolation_to_25hz,adl_sliding_capped,225,281,,,dataset_unit_map,wrist,bits,m/s^2,rad/s,m/s^2,rad/s,1.0,1.0,True,test,non_fall,non_fall,0.0034921946935355663,none,backward,0.9991775155067444
w25_00001661,bits,C:\Users\ADMIN\Desktop\ds-fall\data\raw\Dataset\adl\user29\user29_adl14.csv,C:\Users\ADMIN\Desktop\ds-fall\data\raw\Dataset,user29,user29_adl14,adl14,lying_on_back_getting_up_slowly,lying_on_back_getting_up_slowly,0,none,False,12,62,0.48,2.48,25.0,50,12,"ax,ay,az,gx,gy,gz,acc_mag,gyro_mag,jerk,roll,pitch,tilt_delta",20.0,25.0,uniform_20hz_time_interpolation_to_25hz,adl_sliding_capped,225,281,,,dataset_unit_map,wrist,bits,m/s^2,rad/s,m/s^2,rad/s,1.0,1.0,True,test,non_fall,non_fall,0.003604214172810316,none,backward,0.9991968274116516
w25_00001662,bits,C:\Users\ADMIN\Desktop\ds-fall\data\raw\Dataset\adl\user29\user29_adl14.csv,C:\Users\ADMIN\Desktop\ds-fall\data\raw\Dataset,user29,user29_adl14,adl14,lying_on_back_getting_up_slowly,lying_on_back_getting_up_slowly,0,none,False,24,74,0.96,2.96,25.0,50,12,"ax,ay,az,gx,gy,gz,acc_mag,gyro_mag,jerk,roll,pitch,tilt_delta",20.0,25.0,uniform_20hz_time_interpolation_to_25hz,adl_sliding_capped,225,281,,,dataset_unit_map,wrist,bits,m/s^2,rad/s,m/s^2,rad/s,1.0,1.0,True,test,non_fall,non_fall,0.003622878110036254,none,backward,0.999193012714386
w25_00001663,bits,C:\Users\ADMIN\Desktop\ds-fall\data\raw\Dataset\adl\user29\user29_adl14.csv,C:\Users\ADMIN\Desktop\ds-fall\data\raw\Dataset,user29,user29_adl14,adl14,lying_on_back_getting_up_slowly,lying_on_back_getting_up_slowly,0,none,False,36,86,1.44,3.44,25.0,50,12,"ax,ay,az,gx,gy,gz,acc_mag,gyro_mag,jerk,roll,pitch,tilt_delta",20.0,25.0,uniform_20hz_time_interpolation_to_25hz,adl_sliding_capped,225,281,,,dataset_unit_map,wrist,bits,m/s^2,rad/s,m/s^2,rad/s,1.0,1.0,True,test,non_fall,non_fall,0.003600999480113387,none,backward,0.9992159605026245
w25_00001664,bits,C:\Users\ADMIN\Desktop\ds-fall\data\raw\Dataset\adl\user29\user29_adl14.csv,C:\Users\ADMIN\Desktop\ds-fall\data\raw\Dataset,user29,user29_adl14,adl14,lying_on_back_getting_up_slowly,lying_on_back_getting_up_slowly,0,none,False,48,98,1.92,3.92,25.0,50,12,"ax,ay,az,gx,gy,gz,acc_mag,gyro_mag,jerk,roll,pitch,tilt_delta",20.0,25.0,uniform_20hz_time_interpolation_to_25hz,adl_sliding_capped,225,281,,,dataset_unit_map,wrist,bits,m/s^2,rad/s,m/s^2,rad/s,1.0,1.0,True,test,non_fall,non_fall,0.0035993270576000214,none,backward,0.9991959929466248
w25_00001665,bits,C:\Users\ADMIN\Desktop\ds-fall\data\raw\Dataset\adl\user29\user29_adl15.csv,C:\Users\ADMIN\Desktop\ds-fall\data\raw\Dataset,user29,user29_adl15,adl15,lying_on_back_getting_up_normally,lying_on_back_getting_up_normally,0,none,False,0,50,0.0,2.0,25.0,50,12,"ax,ay,az,gx,gy,gz,acc_mag,gyro_mag,jerk,roll,pitch,tilt_delta",20.0,25.0,uniform_20hz_time_interpolation_to_25hz,adl_sliding_capped,342,427,,,dataset_unit_map,wrist,bits,m/s^2,rad/s,m/s^2,rad/s,1.0,1.0,True,test,non_fall,non_fall,0.003848668420687318,none,backward,0.9990546107292175
w25_00001666,bits,C:\Users\ADMIN\Desktop\ds-fall\data\raw\Dataset\adl\user29\user29_adl15.csv,C:\Users\ADMIN\Desktop\ds-fall\data\raw\Dataset,user29,user29_adl15,adl15,lying_on_back_getting_up_normally,lying_on_back_getting_up_normally,0,none,False,12,62,0.48,2.48,25.0,50,12,"ax,ay,az,gx,gy,gz,acc_mag,gyro_mag,jerk,roll,pitch,tilt_delta",20.0,25.0,uniform_20hz_time_interpolation_to_25hz,adl_sliding_capped,342,427,,,dataset_unit_map,wrist,bits,m/s^2,rad/s,m/s^2,rad/s,1.0,1.0,True,test,non_fall,non_fall,0.003968164790421724,none,backward,0.9990457892417908
w25_00001667,bits,C:\Users\ADMIN\Desktop\ds-fall\data\raw\Dataset\adl\user29\user29_adl15.csv,C:\Users\ADMIN\Desktop\ds-fall\data\raw\Dataset,user29,user29_adl15,adl15,lying_on_back_getting_up_normally,lying_on_back_getting_up_normally,0,none,False,24,74,0.96,2.96,25.0,50,12,"ax,ay,az,gx,gy,gz,acc_mag,gyro_mag,jerk,roll,pitch,tilt_delta",20.0,25.0,uniform_20hz_time_interpolation_to_25hz,adl_sliding_capped,342,427,,,dataset_unit_map,wrist,bits,m/s^2,rad/s,m/s^2,rad/s,1.0,1.0,True,test,non_fall,non_fall,0.003956700209528208,none,backward,0.999049723148346
w25_00001668,bits,C:\Users\ADMIN\Desktop\ds-fall\data\raw\Dataset\adl\user29\user29_adl15.csv,C:\Users\ADMIN\Desktop\ds-fall\data\raw\Dataset,user29,user29_adl15,adl15,lying_on_back_getting_up_normally,lying_on_back_getting_up_normally,0,none,False,36,86,1.44,3.44,25.0,50,12,"ax,ay,az,gx,gy,gz,acc_mag,gyro_mag,jerk,roll,pitch,tilt_delta",20.0,25.0,uniform_20hz_time_interpolation_to_25hz,adl_sliding_capped,342,427,,,dataset_unit_map,wrist,bits,m/s^2,rad/s,m/s^2,rad/s,1.0,1.0,True,test,non_fall,non_fall,0.003963584080338478,none,backward,0.9990598559379578
w25_00001669,bits,C:\Users\ADMIN\Desktop\ds-fall\data\raw\Dataset\adl\user29\user29_adl15.csv,C:\Users\ADMIN\Desktop\ds-fall\data\raw\Dataset,user29,user29_adl15,adl15,lying_on_back_getting_up_normally,lying_on_back_getting_up_normally,0,none,False,48,98,1.92,3.92,25.0,50,12,"ax,ay,az,gx,gy,gz,acc_mag,gyro_mag,jerk,roll,pitch,tilt_delta",20.0,25.0,uniform_20hz_time_interpolation_to_25hz,adl_sliding_capped,342,427,,,dataset_unit_map,wrist,bits,m/s^2,rad/s,m/s^2,rad/s,1.0,1.0,True,test,non_fall,non_fall,0.0039725471287965775,none,backward,0.9990737438201904
w25_00001670,bits,C:\Users\ADMIN\Desktop\ds-fall\data\raw\Dataset\adl\user29\user29_adl16.csv,C:\Users\ADMIN\Desktop\ds-fall\data\raw\Dataset,user29,user29_adl16,adl16,lying_sideways_to_back,lying_sideways_to_back,0,none,False,0,50,0.0,2.0,25.0,50,12,"ax,ay,az,gx,gy,gz,acc_mag,gyro_mag,jerk,roll,pitch,tilt_delta",20.0,25.0,uniform_20hz_time_interpolation_to_25hz,adl_sliding_capped,568,709,,,dataset_unit_map,wrist,bits,m/s^2,rad/s,m/s^2,rad/s,1.0,1.0,True,test,non_fall,non_fall,0.004079693462699652,none,forward,0.7998547554016113
w25_00001671,bits,C:\Users\ADMIN\Desktop\ds-fall\data\raw\Dataset\adl\user29\user29_adl16.csv,C:\Users\ADMIN\Desktop\ds-fall\data\raw\Dataset,user29,user29_adl16,adl16,lying_sideways_to_back,lying_sideways_to_back,0,none,False,12,62,0.48,2.48,25.0,50,12,"ax,ay,az,gx,gy,gz,acc_mag,gyro_mag,jerk,roll,pitch,tilt_delta",20.0,25.0,uniform_20hz_time_interpolation_to_25hz,adl_sliding_capped,568,709,,,dataset_unit_map,wrist,bits,m/s^2,rad/s,m/s^2,rad/s,1.0,1.0,True,test,non_fall,non_fall,0.004043358378112316,none,forward,0.7968106865882874
w25_00001672,bits,C:\Users\ADMIN\Desktop\ds-fall\data\raw\Dataset\adl\user29\user29_adl16.csv,C:\Users\ADMIN\Desktop\ds-fall\data\raw\Dataset,user29,user29_adl16,adl16,lying_sideways_to_back,lying_sideways_to_back,0,none,False,24,74,0.96,2.96,25.0,50,12,"ax,ay,az,gx,gy,gz,acc_mag,gyro_mag,jerk,roll,pitch,tilt_delta",20.0,25.0,uniform_20hz_time_interpolation_to_25hz,adl_sliding_capped,568,709,,,dataset_unit_map,wrist,bits,m/s^2,rad/s,m/s^2,rad/s,1.0,1.0,True,test,non_fall,non_fall,0.004042031709104776,none,forward,0.7963145971298218
w25_00001673,bits,C:\Users\ADMIN\Desktop\ds-fall\data\raw\Dataset\adl\user29\user29_adl16.csv,C:\Users\ADMIN\Desktop\ds-fall\data\raw\Dataset,user29,user29_adl16,adl16,lying_sideways_to_back,lying_sideways_to_back,0,none,False,36,86,1.44,3.44,25.0,50,12,"ax,ay,az,gx,gy,gz,acc_mag,gyro_mag,jerk,roll,pitch,tilt_delta",20.0,25.0,uniform_20hz_time_interpolation_to_25hz,adl_sliding_capped,568,709,,,dataset_unit_map,wrist,bits,m/s^2,rad/s,m/s^2,rad/s,1.0,1.0,True,test,non_fall,non_fall,0.003929763101041317,none,forward,0.7961007952690125
w25_00001674,bits,C:\Users\ADMIN\Desktop\ds-fall\data\raw\Dataset\adl\user29\user29_adl16.csv,C:\Users\ADMIN\Desktop\ds-fall\data\raw\Dataset,user29,user29_adl16,adl16,lying_sideways_to_back,lying_sideways_to_back,0,none,False,48,98,1.92,3.92,25.0,50,12,"ax,ay,az,gx,gy,gz,acc_mag,gyro_mag,jerk,roll,pitch,tilt_delta",20.0,25.0,uniform_20hz_time_interpolation_to_25hz,adl_sliding_capped,568,709,,,dataset_unit_map,wrist,bits,m/s^2,rad/s,m/s^2,rad/s,1.0,1.0,True,test,non_fall,non_fall,0.004084737505763769,none,forward,0.7980877757072449
w25_00001675,bits,C:\Users\ADMIN\Desktop\ds-fall\data\raw\Dataset\adl\user29\user29_adl2.csv,C:\Users\ADMIN\Desktop\ds-fall\data\raw\Dataset,user29,user29_adl2,adl2,walking_quickly,walking_quickly,0,none,False,0,50,0.0,2.0,25.0,50,12,"ax,ay,az,gx,gy,gz,acc_mag,gyro_mag,jerk,roll,pitch,tilt_delta",20.0,25.0,uniform_20hz_time_interpolation_to_25hz,adl_sliding_capped,831,1038,,,dataset_unit_map,wrist,bits,m/s^2,rad/s,m/s^2,rad/s,1.0,1.0,True,test,non_fall,non_fall,0.012966539710760117,none,forward,0.6365384459495544
w25_00001676,bits,C:\Users\ADMIN\Desktop\ds-fall\data\raw\Dataset\adl\user29\user29_adl2.csv,C:\Users\ADMIN\Desktop\ds-fall\data\raw\Dataset,user29,user29_adl2,adl2,walking_quickly,walking_quickly,0,none,False,12,62,0.48,2.48,25.0,50,12,"ax,ay,az,gx,gy,gz,acc_mag,gyro_mag,jerk,roll,pitch,tilt_delta",20.0,25.0,uniform_20hz_time_interpolation_to_25hz,adl_sliding_capped,831,1038,,,dataset_unit_map,wrist,bits,m/s^2,rad/s,m/s^2,rad/s,1.0,1.0,True,test,non_fall,non_fall,0.004081983584910631,none,forward,0.8091859221458435
w25_00001677,bits,C:\Users\ADMIN\Desktop\ds-fall\data\raw\Dataset\adl\user29\user29_adl2.csv,C:\Users\ADMIN\Desktop\ds-fall\data\raw\Dataset,user29,user29_adl2,adl2,walking_quickly,walking_quickly,0,none,False,24,74,0.96,2.96,25.0,50,12,"ax,ay,az,gx,gy,gz,acc_mag,gyro_mag,jerk,roll,pitch,tilt_delta",20.0,25.0,uniform_20hz_time_interpolation_to_25hz,adl_sliding_capped,831,1038,,,dataset_unit_map,wrist,bits,m/s^2,rad/s,m/s^2,rad/s,1.0,1.0,True,test,non_fall,non_fall,0.0031956469174474478,none,forward,0.8049322366714478
w25_00001678,bits,C:\Users\ADMIN\Desktop\ds-fall\data\raw\Dataset\adl\user29\user29_adl2.csv,C:\Users\ADMIN\Desktop\ds-fall\data\raw\Dataset,user29,user29_adl2,adl2,walking_quickly,walking_quickly,0,none,False,36,86,1.44,3.44,25.0,50,12,"ax,ay,az,gx,gy,gz,acc_mag,gyro_mag,jerk,roll,pitch,tilt_delta",20.0,25.0,uniform_20hz_time_interpolation_to_25hz,adl_sliding_capped,831,1038,,,dataset_unit_map,wrist,bits,m/s^2,rad/s,m/s^2,rad/s,1.0,1.0,True,test,non_fall,non_fall,0.010413512587547302,none,forward,0.8050522208213806
w25_00001679,bits,C:\Users\ADMIN\Desktop\ds-fall\data\raw\Dataset\adl\user29\user29_adl2.csv,C:\Users\ADMIN\Desktop\ds-fall\data\raw\Dataset,user29,user29_adl2,adl2,walking_quickly,walking_quickly,0,none,False,48,98,1.92,3.92,25.0,50,12,"ax,ay,az,gx,gy,gz,acc_mag,gyro_mag,jerk,roll,pitch,tilt_delta",20.0,25.0,uniform_20hz_time_interpolation_to_25hz,adl_sliding_capped,831,1038,,,dataset_unit_map,wrist,bits,m/s^2,rad/s,m/s^2,rad/s,1.0,1.0,True,test,non_fall,non_fall,0.029137255623936653,none,lateral,0.93333500623703
w25_00001680,bits,C:\Users\ADMIN\Desktop\ds-fall\data\raw\Dataset\adl\user29\user29_adl3.csv,C:\Users\ADMIN\Desktop\ds-fall\data\raw\Dataset,user29,user29_adl3,adl3,jogging,jogging,0,none,False,0,50,0.0,2.0,25.0,50,12,"ax,ay,az,gx,gy,gz,acc_mag,gyro_mag,jerk,roll,pitch,tilt_delta",20.0,25.0,uniform_20hz_time_interpolation_to_25hz,adl_sliding_capped,1351,1688,,,dataset_unit_map,wrist,bits,m/s^2,rad/s,m/s^2,rad/s,1.0,1.0,True,test,non_fall,non_fall,0.00889202207326889,none,lateral,0.8742756843566895
w25_00001681,bits,C:\Users\ADMIN\Desktop\ds-fall\data\raw\Dataset\adl\user29\user29_adl3.csv,C:\Users\ADMIN\Desktop\ds-fall\data\raw\Dataset,user29,user29_adl3,adl3,jogging,jogging,0,none,False,12,62,0.48,2.48,25.0,50,12,"ax,ay,az,gx,gy,gz,acc_mag,gyro_mag,jerk,roll,pitch,tilt_delta",20.0,25.0,uniform_20hz_time_interpolation_to_25hz,adl_sliding_capped,1351,1688,,,dataset_unit_map,wrist,bits,m/s^2,rad/s,m/s^2,rad/s,1.0,1.0,True,test,non_fall,non_fall,0.0004708441556431353,none,lateral,1.0
w25_00001682,bits,C:\Users\ADMIN\Desktop\ds-fall\data\raw\Dataset\adl\user29\user29_adl3.csv,C:\Users\ADMIN\Desktop\ds-fall\data\raw\Dataset,user29,user29_adl3,adl3,jogging,jogging,0,none,False,24,74,0.96,2.96,25.0,50,12,"ax,ay,az,gx,gy,gz,acc_mag,gyro_mag,jerk,roll,pitch,tilt_delta",20.0,25.0,uniform_20hz_time_interpolation_to_25hz,adl_sliding_capped,1351,1688,,,dataset_unit_map,wrist,bits,m/s^2,rad/s,m/s^2,rad/s,1.0,1.0,True,test,non_fall,non_fall,0.0610143207013607,none,lateral,1.0
w25_00001683,bits,C:\Users\ADMIN\Desktop\ds-fall\data\raw\Dataset\adl\user29\user29_adl3.csv,C:\Users\ADMIN\Desktop\ds-fall\data\raw\Dataset,user29,user29_adl3,adl3,jogging,jogging,0,none,False,36,86,1.44,3.44,25.0,50,12,"ax,ay,az,gx,gy,gz,acc_mag,gyro_mag,jerk,roll,pitch,tilt_delta",20.0,25.0,uniform_20hz_time_interpolation_to_25hz,adl_sliding_capped,1351,1688,,,dataset_unit_map,wrist,bits,m/s^2,rad/s,m/s^2,rad/s,1.0,1.0,True,test,non_fall,non_fall,0.05416782572865486,none,lateral,1.0
w25_00001684,bits,C:\Users\ADMIN\Desktop\ds-fall\data\raw\Dataset\adl\user29\user29_adl3.csv,C:\Users\ADMIN\Desktop\ds-fall\data\raw\Dataset,user29,user29_adl3,adl3,jogging,jogging,0,none,False,48,98,1.92,3.92,25.0,50,12,"ax,ay,az,gx,gy,gz,acc_mag,gyro_mag,jerk,roll,pitch,tilt_delta",20.0,25.0,uniform_20hz_time_interpolation_to_25hz,adl_sliding_capped,1351,1688,,,dataset_unit_map,wrist,bits,m/s^2,rad/s,m/s^2,rad/s,1.0,1.0,True,test,non_fall,non_fall,0.44617167115211487,none,backward,0.65689617395401
w25_00001685,bits,C:\Users\ADMIN\Desktop\ds-fall\data\raw\Dataset\adl\user29\user29_adl4.csv,C:\Users\ADMIN\Desktop\ds-fall\data\raw\Dataset,user29,user29_adl4,adl4,jumping,jumping,0,none,False,0,50,0.0,2.0,25.0,50,12,"ax,ay,az,gx,gy,gz,acc_mag,gyro_mag,jerk,roll,pitch,tilt_delta",20.0,25.0,uniform_20hz_time_interpolation_to_25hz,adl_sliding_capped,1147,1433,,,dataset_unit_map,wrist,bits,m/s^2,rad/s,m/s^2,rad/s,1.0,1.0,True,test,non_fall,non_fall,0.003940388094633818,none,forward,0.9988632202148438
w25_00001686,bits,C:\Users\ADMIN\Desktop\ds-fall\data\raw\Dataset\adl\user29\user29_adl4.csv,C:\Users\ADMIN\Desktop\ds-fall\data\raw\Dataset,user29,user29_adl4,adl4,jumping,jumping,0,none,False,12,62,0.48,2.48,25.0,50,12,"ax,ay,az,gx,gy,gz,acc_mag,gyro_mag,jerk,roll,pitch,tilt_delta",20.0,25.0,uniform_20hz_time_interpolation_to_25hz,adl_sliding_capped,1147,1433,,,dataset_unit_map,wrist,bits,m/s^2,rad/s,m/s^2,rad/s,1.0,1.0,True,test,non_fall,non_fall,0.05338568240404129,none,lateral,0.9690348505973816
w25_00001687,bits,C:\Users\ADMIN\Desktop\ds-fall\data\raw\Dataset\adl\user29\user29_adl4.csv,C:\Users\ADMIN\Desktop\ds-fall\data\raw\Dataset,user29,user29_adl4,adl4,jumping,jumping,0,none,False,24,74,0.96,2.96,25.0,50,12,"ax,ay,az,gx,gy,gz,acc_mag,gyro_mag,jerk,roll,pitch,tilt_delta",20.0,25.0,uniform_20hz_time_interpolation_to_25hz,adl_sliding_capped,1147,1433,,,dataset_unit_map,wrist,bits,m/s^2,rad/s,m/s^2,rad/s,1.0,1.0,True,test,non_fall,non_fall,0.04051884263753891,none,forward,0.9604511260986328
w25_00001688,bits,C:\Users\ADMIN\Desktop\ds-fall\data\raw\Dataset\adl\user29\user29_adl4.csv,C:\Users\ADMIN\Desktop\ds-fall\data\raw\Dataset,user29,user29_adl4,adl4,jumping,jumping,0,none,False,36,86,1.44,3.44,25.0,50,12,"ax,ay,az,gx,gy,gz,acc_mag,gyro_mag,jerk,roll,pitch,tilt_delta",20.0,25.0,uniform_20hz_time_interpolation_to_25hz,adl_sliding_capped,1147,1433,,,dataset_unit_map,wrist,bits,m/s^2,rad/s,m/s^2,rad/s,1.0,1.0,True,test,non_fall,non_fall,0.0038458709605038166,none,forward,0.9620223641395569
w25_00001689,bits,C:\Users\ADMIN\Desktop\ds-fall\data\raw\Dataset\adl\user29\user29_adl4.csv,C:\Users\ADMIN\Desktop\ds-fall\data\raw\Dataset,user29,user29_adl4,adl4,jumping,jumping,0,none,False,48,98,1.92,3.92,25.0,50,12,"ax,ay,az,gx,gy,gz,acc_mag,gyro_mag,jerk,roll,pitch,tilt_delta",20.0,25.0,uniform_20hz_time_interpolation_to_25hz,adl_sliding_capped,1147,1433,,,dataset_unit_map,wrist,bits,m/s^2,rad/s,m/s^2,rad/s,1.0,1.0,True,test,non_fall,non_fall,0.04732188582420349,none,backward,0.8222262859344482
w25_00001690,bits,C:\Users\ADMIN\Desktop\ds-fall\data\raw\Dataset\adl\user29\user29_adl5.csv,C:\Users\ADMIN\Desktop\ds-fall\data\raw\Dataset,user29,user29_adl5,adl5,climbing_up_slowly,climbing_up_slowly,0,none,False,0,50,0.0,2.0,25.0,50,12,"ax,ay,az,gx,gy,gz,acc_mag,gyro_mag,jerk,roll,pitch,tilt_delta",20.0,25.0,uniform_20hz_time_interpolation_to_25hz,adl_sliding_capped,182,227,,,dataset_unit_map,wrist,bits,m/s^2,rad/s,m/s^2,rad/s,1.0,1.0,True,test,non_fall,non_fall,0.027094390243291855,none,forward,0.9026799201965332
w25_00001691,bits,C:\Users\ADMIN\Desktop\ds-fall\data\raw\Dataset\adl\user29\user29_adl5.csv,C:\Users\ADMIN\Desktop\ds-fall\data\raw\Dataset,user29,user29_adl5,adl5,climbing_up_slowly,climbing_up_slowly,0,none,False,12,62,0.48,2.48,25.0,50,12,"ax,ay,az,gx,gy,gz,acc_mag,gyro_mag,jerk,roll,pitch,tilt_delta",20.0,25.0,uniform_20hz_time_interpolation_to_25hz,adl_sliding_capped,182,227,,,dataset_unit_map,wrist,bits,m/s^2,rad/s,m/s^2,rad/s,1.0,1.0,True,test,non_fall,non_fall,0.012049511075019836,none,lateral,0.986570417881012
w25_00001692,bits,C:\Users\ADMIN\Desktop\ds-fall\data\raw\Dataset\adl\user29\user29_adl5.csv,C:\Users\ADMIN\Desktop\ds-fall\data\raw\Dataset,user29,user29_adl5,adl5,climbing_up_slowly,climbing_up_slowly,0,none,False,24,74,0.96,2.96,25.0,50,12,"ax,ay,az,gx,gy,gz,acc_mag,gyro_mag,jerk,roll,pitch,tilt_delta",20.0,25.0,uniform_20hz_time_interpolation_to_25hz,adl_sliding_capped,182,227,,,dataset_unit_map,wrist,bits,m/s^2,rad/s,m/s^2,rad/s,1.0,1.0,True,test,non_fall,non_fall,0.027710985392332077,none,lateral,0.9952757358551025
w25_00001693,bits,C:\Users\ADMIN\Desktop\ds-fall\data\raw\Dataset\adl\user29\user29_adl5.csv,C:\Users\ADMIN\Desktop\ds-fall\data\raw\Dataset,user29,user29_adl5,adl5,climbing_up_slowly,climbing_up_slowly,0,none,False,36,86,1.44,3.44,25.0,50,12,"ax,ay,az,gx,gy,gz,acc_mag,gyro_mag,jerk,roll,pitch,tilt_delta",20.0,25.0,uniform_20hz_time_interpolation_to_25hz,adl_sliding_capped,182,227,,,dataset_unit_map,wrist,bits,m/s^2,rad/s,m/s^2,rad/s,1.0,1.0,True,test,non_fall,non_fall,0.013266143389046192,none,lateral,0.993009090423584
w25_00001694,bits,C:\Users\ADMIN\Desktop\ds-fall\data\raw\Dataset\adl\user29\user29_adl5.csv,C:\Users\ADMIN\Desktop\ds-fall\data\raw\Dataset,user29,user29_adl5,adl5,climbing_up_slowly,climbing_up_slowly,0,none,False,48,98,1.92,3.92,25.0,50,12,"ax,ay,az,gx,gy,gz,acc_mag,gyro_mag,jerk,roll,pitch,tilt_delta",20.0,25.0,uniform_20hz_time_interpolation_to_25hz,adl_sliding_capped,182,227,,,dataset_unit_map,wrist,bits,m/s^2,rad/s,m/s^2,rad/s,1.0,1.0,True,test,non_fall,non_fall,0.006039069965481758,none,forward,0.9999674558639526
w25_00001695,bits,C:\Users\ADMIN\Desktop\ds-fall\data\raw\Dataset\adl\user29\user29_adl6.csv,C:\Users\ADMIN\Desktop\ds-fall\data\raw\Dataset,user29,user29_adl6,adl6,climbing_down_slowly,climbing_down_slowly,0,none,False,0,50,0.0,2.0,25.0,50,12,"ax,ay,az,gx,gy,gz,acc_mag,gyro_mag,jerk,roll,pitch,tilt_delta",20.0,25.0,uniform_20hz_time_interpolation_to_25hz,adl_sliding_capped,818,1022,,,dataset_unit_map,wrist,bits,m/s^2,rad/s,m/s^2,rad/s,1.0,1.0,True,test,non_fall,non_fall,0.051923587918281555,none,forward,0.9902486205101013
w25_00001696,bits,C:\Users\ADMIN\Desktop\ds-fall\data\raw\Dataset\adl\user29\user29_adl6.csv,C:\Users\ADMIN\Desktop\ds-fall\data\raw\Dataset,user29,user29_adl6,adl6,climbing_down_slowly,climbing_down_slowly,0,none,False,12,62,0.48,2.48,25.0,50,12,"ax,ay,az,gx,gy,gz,acc_mag,gyro_mag,jerk,roll,pitch,tilt_delta",20.0,25.0,uniform_20hz_time_interpolation_to_25hz,adl_sliding_capped,818,1022,,,dataset_unit_map,wrist,bits,m/s^2,rad/s,m/s^2,rad/s,1.0,1.0,True,test,non_fall,non_fall,0.07081371545791626,none,forward,0.9576537013053894
w25_00001697,bits,C:\Users\ADMIN\Desktop\ds-fall\data\raw\Dataset\adl\user29\user29_adl6.csv,C:\Users\ADMIN\Desktop\ds-fall\data\raw\Dataset,user29,user29_adl6,adl6,climbing_down_slowly,climbing_down_slowly,0,none,False,24,74,0.96,2.96,25.0,50,12,"ax,ay,az,gx,gy,gz,acc_mag,gyro_mag,jerk,roll,pitch,tilt_delta",20.0,25.0,uniform_20hz_time_interpolation_to_25hz,adl_sliding_capped,818,1022,,,dataset_unit_map,wrist,bits,m/s^2,rad/s,m/s^2,rad/s,1.0,1.0,True,test,non_fall,non_fall,0.08820927888154984,none,lateral,0.667166531085968
w25_00001698,bits,C:\Users\ADMIN\Desktop\ds-fall\data\raw\Dataset\adl\user29\user29_adl6.csv,C:\Users\ADMIN\Desktop\ds-fall\data\raw\Dataset,user29,user29_adl6,adl6,climbing_down_slowly,climbing_down_slowly,0,none,False,36,86,1.44,3.44,25.0,50,12,"ax,ay,az,gx,gy,gz,acc_mag,gyro_mag,jerk,roll,pitch,tilt_delta",20.0,25.0,uniform_20hz_time_interpolation_to_25hz,adl_sliding_capped,818,1022,,,dataset_unit_map,wrist,bits,m/s^2,rad/s,m/s^2,rad/s,1.0,1.0,True,test,non_fall,non_fall,0.04144136980175972,none,lateral,0.700597882270813
w25_00001699,bits,C:\Users\ADMIN\Desktop\ds-fall\data\raw\Dataset\adl\user29\user29_adl6.csv,C:\Users\ADMIN\Desktop\ds-fall\data\raw\Dataset,user29,user29_adl6,adl6,climbing_down_slowly,climbing_down_slowly,0,none,False,48,98,1.92,3.92,25.0,50,12,"ax,ay,az,gx,gy,gz,acc_mag,gyro_mag,jerk,roll,pitch,tilt_delta",20.0,25.0,uniform_20hz_time_interpolation_to_25hz,adl_sliding_capped,818,1022,,,dataset_unit_map,wrist,bits,m/s^2,rad/s,m/s^2,rad/s,1.0,1.0,True,test,non_fall,non_fall,0.022738704457879066,none,lateral,0.8577041029930115
w25_00001700,bits,C:\Users\ADMIN\Desktop\ds-fall\data\raw\Dataset\adl\user29\user29_adl7.csv,C:\Users\ADMIN\Desktop\ds-fall\data\raw\Dataset,user29,user29_adl7,adl7,climbing_up_normally,climbing_up_normally,0,none,False,0,50,0.0,2.0,25.0,50,12,"ax,ay,az,gx,gy,gz,acc_mag,gyro_mag,jerk,roll,pitch,tilt_delta",20.0,25.0,uniform_20hz_time_interpolation_to_25hz,adl_sliding_capped,809,1011,,,dataset_unit_map,wrist,bits,m/s^2,rad/s,m/s^2,rad/s,1.0,1.0,True,test,non_fall,non_fall,0.0013426572550088167,none,forward,0.9933146834373474
w25_00001701,bits,C:\Users\ADMIN\Desktop\ds-fall\data\raw\Dataset\adl\user29\user29_adl7.csv,C:\Users\ADMIN\Desktop\ds-fall\data\raw\Dataset,user29,user29_adl7,adl7,climbing_up_normally,climbing_up_normally,0,none,False,12,62,0.48,2.48,25.0,50,12,"ax,ay,az,gx,gy,gz,acc_mag,gyro_mag,jerk,roll,pitch,tilt_delta",20.0,25.0,uniform_20hz_time_interpolation_to_25hz,adl_sliding_capped,809,1011,,,dataset_unit_map,wrist,bits,m/s^2,rad/s,m/s^2,rad/s,1.0,1.0,True,test,non_fall,non_fall,0.0013011950068175793,none,forward,0.9949643611907959
w25_00001702,bits,C:\Users\ADMIN\Desktop\ds-fall\data\raw\Dataset\adl\user29\user29_adl7.csv,C:\Users\ADMIN\Desktop\ds-fall\data\raw\Dataset,user29,user29_adl7,adl7,climbing_up_normally,climbing_up_normally,0,none,False,24,74,0.96,2.96,25.0,50,12,"ax,ay,az,gx,gy,gz,acc_mag,gyro_mag,jerk,roll,pitch,tilt_delta",20.0,25.0,uniform_20hz_time_interpolation_to_25hz,adl_sliding_capped,809,1011,,,dataset_unit_map,wrist,bits,m/s^2,rad/s,m/s^2,rad/s,1.0,1.0,True,test,non_fall,non_fall,0.0014560770941898227,none,forward,0.995431661605835
w25_00001703,bits,C:\Users\ADMIN\Desktop\ds-fall\data\raw\Dataset\adl\user29\user29_adl7.csv,C:\Users\ADMIN\Desktop\ds-fall\data\raw\Dataset,user29,user29_adl7,adl7,climbing_up_normally,climbing_up_normally,0,none,False,36,86,1.44,3.44,25.0,50,12,"ax,ay,az,gx,gy,gz,acc_mag,gyro_mag,jerk,roll,pitch,tilt_delta",20.0,25.0,uniform_20hz_time_interpolation_to_25hz,adl_sliding_capped,809,1011,,,dataset_unit_map,wrist,bits,m/s^2,rad/s,m/s^2,rad/s,1.0,1.0,True,test,non_fall,non_fall,0.001601191470399499,none,forward,0.9945659637451172
w25_00001704,bits,C:\Users\ADMIN\Desktop\ds-fall\data\raw\Dataset\adl\user29\user29_adl7.csv,C:\Users\ADMIN\Desktop\ds-fall\data\raw\Dataset,user29,user29_adl7,adl7,climbing_up_normally,climbing_up_normally,0,none,False,48,98,1.92,3.92,25.0,50,12,"ax,ay,az,gx,gy,gz,acc_mag,gyro_mag,jerk,roll,pitch,tilt_delta",20.0,25.0,uniform_20hz_time_interpolation_to_25hz,adl_sliding_capped,809,1011,,,dataset_unit_map,wrist,bits,m/s^2,rad/s,m/s^2,rad/s,1.0,1.0,True,test,non_fall,non_fall,0.0017954037757590413,none,forward,0.9919217824935913
w25_00001705,bits,C:\Users\ADMIN\Desktop\ds-fall\data\raw\Dataset\adl\user29\user29_adl8.csv,C:\Users\ADMIN\Desktop\ds-fall\data\raw\Dataset,user29,user29_adl8,adl8,climbing_down_normally,climbing_down_normally,0,none,False,0,50,0.0,2.0,25.0,50,12,"ax,ay,az,gx,gy,gz,acc_mag,gyro_mag,jerk,roll,pitch,tilt_delta",20.0,25.0,uniform_20hz_time_interpolation_to_25hz,adl_sliding_capped,330,412,,,dataset_unit_map,wrist,bits,m/s^2,rad/s,m/s^2,rad/s,1.0,1.0,True,test,non_fall,non_fall,0.007976790890097618,none,lateral,0.9957230091094971
w25_00001706,bits,C:\Users\ADMIN\Desktop\ds-fall\data\raw\Dataset\adl\user29\user29_adl8.csv,C:\Users\ADMIN\Desktop\ds-fall\data\raw\Dataset,user29,user29_adl8,adl8,climbing_down_normally,climbing_down_normally,0,none,False,12,62,0.48,2.48,25.0,50,12,"ax,ay,az,gx,gy,gz,acc_mag,gyro_mag,jerk,roll,pitch,tilt_delta",20.0,25.0,uniform_20hz_time_interpolation_to_25hz,adl_sliding_capped,330,412,,,dataset_unit_map,wrist,bits,m/s^2,rad/s,m/s^2,rad/s,1.0,1.0,True,test,non_fall,non_fall,0.008356137201189995,none,lateral,0.9902359843254089
w25_00001707,bits,C:\Users\ADMIN\Desktop\ds-fall\data\raw\Dataset\adl\user29\user29_adl8.csv,C:\Users\ADMIN\Desktop\ds-fall\data\raw\Dataset,user29,user29_adl8,adl8,climbing_down_normally,climbing_down_normally,0,none,False,24,74,0.96,2.96,25.0,50,12,"ax,ay,az,gx,gy,gz,acc_mag,gyro_mag,jerk,roll,pitch,tilt_delta",20.0,25.0,uniform_20hz_time_interpolation_to_25hz,adl_sliding_capped,330,412,,,dataset_unit_map,wrist,bits,m/s^2,rad/s,m/s^2,rad/s,1.0,1.0,True,test,non_fall,non_fall,0.020709961652755737,none,lateral,0.6311032772064209
w25_00001708,bits,C:\Users\ADMIN\Desktop\ds-fall\data\raw\Dataset\adl\user29\user29_adl8.csv,C:\Users\ADMIN\Desktop\ds-fall\data\raw\Dataset,user29,user29_adl8,adl8,climbing_down_normally,climbing_down_normally,0,none,False,36,86,1.44,3.44,25.0,50,12,"ax,ay,az,gx,gy,gz,acc_mag,gyro_mag,jerk,roll,pitch,tilt_delta",20.0,25.0,uniform_20hz_time_interpolation_to_25hz,adl_sliding_capped,330,412,,,dataset_unit_map,wrist,bits,m/s^2,rad/s,m/s^2,rad/s,1.0,1.0,True,test,non_fall,non_fall,0.002836306346580386,none,lateral,0.9669967889785767
w25_00001709,bits,C:\Users\ADMIN\Desktop\ds-fall\data\raw\Dataset\adl\user29\user29_adl8.csv,C:\Users\ADMIN\Desktop\ds-fall\data\raw\Dataset,user29,user29_adl8,adl8,climbing_down_normally,climbing_down_normally,0,none,False,48,98,1.92,3.92,25.0,50,12,"ax,ay,az,gx,gy,gz,acc_mag,gyro_mag,jerk,roll,pitch,tilt_delta",20.0,25.0,uniform_20hz_time_interpolation_to_25hz,adl_sliding_capped,330,412,,,dataset_unit_map,wrist,bits,m/s^2,rad/s,m/s^2,rad/s,1.0,1.0,True,test,non_fall,non_fall,0.06010737270116806,none,lateral,0.9901530146598816
w25_00001710,bits,C:\Users\ADMIN\Desktop\ds-fall\data\raw\Dataset\adl\user29\user29_adl9.csv,C:\Users\ADMIN\Desktop\ds-fall\data\raw\Dataset,user29,user29_adl9,adl9,slowly_sitting_on_chair,slowly_sitting_on_chair,0,none,False,0,50,0.0,2.0,25.0,50,12,"ax,ay,az,gx,gy,gz,acc_mag,gyro_mag,jerk,roll,pitch,tilt_delta",20.0,25.0,uniform_20hz_time_interpolation_to_25hz,adl_sliding_capped,569,711,,,dataset_unit_map,wrist,bits,m/s^2,rad/s,m/s^2,rad/s,1.0,1.0,True,test,non_fall,non_fall,0.01669369451701641,none,forward,0.603983998298645
w25_00001711,bits,C:\Users\ADMIN\Desktop\ds-fall\data\raw\Dataset\adl\user29\user29_adl9.csv,C:\Users\ADMIN\Desktop\ds-fall\data\raw\Dataset,user29,user29_adl9,adl9,slowly_sitting_on_chair,slowly_sitting_on_chair,0,none,False,12,62,0.48,2.48,25.0,50,12,"ax,ay,az,gx,gy,gz,acc_mag,gyro_mag,jerk,roll,pitch,tilt_delta",20.0,25.0,uniform_20hz_time_interpolation_to_25hz,adl_sliding_capped,569,711,,,dataset_unit_map,wrist,bits,m/s^2,rad/s,m/s^2,rad/s,1.0,1.0,True,test,non_fall,non_fall,0.013597176410257816,none,forward,0.8249607682228088
w25_00001712,bits,C:\Users\ADMIN\Desktop\ds-fall\data\raw\Dataset\adl\user29\user29_adl9.csv,C:\Users\ADMIN\Desktop\ds-fall\data\raw\Dataset,user29,user29_adl9,adl9,slowly_sitting_on_chair,slowly_sitting_on_chair,0,none,False,24,74,0.96,2.96,25.0,50,12,"ax,ay,az,gx,gy,gz,acc_mag,gyro_mag,jerk,roll,pitch,tilt_delta",20.0,25.0,uniform_20hz_time_interpolation_to_25hz,adl_sliding_capped,569,711,,,dataset_unit_map,wrist,bits,m/s^2,rad/s,m/s^2,rad/s,1.0,1.0,True,test,non_fall,non_fall,0.012126211076974869,none,forward,0.9587949514389038
w25_00001713,bits,C:\Users\ADMIN\Desktop\ds-fall\data\raw\Dataset\adl\user29\user29_adl9.csv,C:\Users\ADMIN\Desktop\ds-fall\data\raw\Dataset,user29,user29_adl9,adl9,slowly_sitting_on_chair,slowly_sitting_on_chair,0,none,False,36,86,1.44,3.44,25.0,50,12,"ax,ay,az,gx,gy,gz,acc_mag,gyro_mag,jerk,roll,pitch,tilt_delta",20.0,25.0,uniform_20hz_time_interpolation_to_25hz,adl_sliding_capped,569,711,,,dataset_unit_map,wrist,bits,m/s^2,rad/s,m/s^2,rad/s,1.0,1.0,True,test,non_fall,non_fall,0.023531530052423477,none,forward,0.9532514214515686
w25_00001714,bits,C:\Users\ADMIN\Desktop\ds-fall\data\raw\Dataset\adl\user29\user29_adl9.csv,C:\Users\ADMIN\Desktop\ds-fall\data\raw\Dataset,user29,user29_adl9,adl9,slowly_sitting_on_chair,slowly_sitting_on_chair,0,none,False,48,98,1.92,3.92,25.0,50,12,"ax,ay,az,gx,gy,gz,acc_mag,gyro_mag,jerk,roll,pitch,tilt_delta",20.0,25.0,uniform_20hz_time_interpolation_to_25hz,adl_sliding_capped,569,711,,,dataset_unit_map,wrist,bits,m/s^2,rad/s,m/s^2,rad/s,1.0,1.0,True,test,non_fall,non_fall,0.06843870878219604,none,forward,0.7237338423728943
w25_00001875,bits,C:\Users\ADMIN\Desktop\ds-fall\data\raw\Dataset\adl\user31\user31_adl1.csv,C:\Users\ADMIN\Desktop\ds-fall\data\raw\Dataset,user31,user31_adl1,adl1,walking_slowly,walking_slowly,0,none,False,0,50,0.0,2.0,25.0,50,12,"ax,ay,az,gx,gy,gz,acc_mag,gyro_mag,jerk,roll,pitch,tilt_delta",20.0,25.0,uniform_20hz_time_interpolation_to_25hz,adl_sliding_capped,747,933,,,dataset_unit_map,wrist,bits,m/s^2,rad/s,m/s^2,rad/s,1.0,1.0,True,test,non_fall,non_fall,0.02007567696273327,none,lateral,0.9684087038040161
w25_00001876,bits,C:\Users\ADMIN\Desktop\ds-fall\data\raw\Dataset\adl\user31\user31_adl1.csv,C:\Users\ADMIN\Desktop\ds-fall\data\raw\Dataset,user31,user31_adl1,adl1,walking_slowly,walking_slowly,0,none,False,12,62,0.48,2.48,25.0,50,12,"ax,ay,az,gx,gy,gz,acc_mag,gyro_mag,jerk,roll,pitch,tilt_delta",20.0,25.0,uniform_20hz_time_interpolation_to_25hz,adl_sliding_capped,747,933,,,dataset_unit_map,wrist,bits,m/s^2,rad/s,m/s^2,rad/s,1.0,1.0,True,test,non_fall,non_fall,0.024924319237470627,none,lateral,0.9714869260787964
w25_00001877,bits,C:\Users\ADMIN\Desktop\ds-fall\data\raw\Dataset\adl\user31\user31_adl1.csv,C:\Users\ADMIN\Desktop\ds-fall\data\raw\Dataset,user31,user31_adl1,adl1,walking_slowly,walking_slowly,0,none,False,24,74,0.96,2.96,25.0,50,12,"ax,ay,az,gx,gy,gz,acc_mag,gyro_mag,jerk,roll,pitch,tilt_delta",20.0,25.0,uniform_20hz_time_interpolation_to_25hz,adl_sliding_capped,747,933,,,dataset_unit_map,wrist,bits,m/s^2,rad/s,m/s^2,rad/s,1.0,1.0,True,test,non_fall,non_fall,0.011916986666619778,none,lateral,0.9768456220626831
w25_00001878,bits,C:\Users\ADMIN\Desktop\ds-fall\data\raw\Dataset\adl\user31\user31_adl1.csv,C:\Users\ADMIN\Desktop\ds-fall\data\raw\Dataset,user31,user31_adl1,adl1,walking_slowly,walking_slowly,0,none,False,36,86,1.44,3.44,25.0,50,12,"ax,ay,az,gx,gy,gz,acc_mag,gyro_mag,jerk,roll,pitch,tilt_delta",20.0,25.0,uniform_20hz_time_interpolation_to_25hz,adl_sliding_capped,747,933,,,dataset_unit_map,wrist,bits,m/s^2,rad/s,m/s^2,rad/s,1.0,1.0,True,test,non_fall,non_fall,0.012846960686147213,none,lateral,0.9765639305114746
w25_00001879,bits,C:\Users\ADMIN\Desktop\ds-fall\data\raw\Dataset\adl\user31\user31_adl1.csv,C:\Users\ADMIN\Desktop\ds-fall\data\raw\Dataset,user31,user31_adl1,adl1,walking_slowly,walking_slowly,0,none,False,48,98,1.92,3.92,25.0,50,12,"ax,ay,az,gx,gy,gz,acc_mag,gyro_mag,jerk,roll,pitch,tilt_delta",20.0,25.0,uniform_20hz_time_interpolation_to_25hz,adl_sliding_capped,747,933,,,dataset_unit_map,wrist,bits,m/s^2,rad/s,m/s^2,rad/s,1.0,1.0,True,test,non_fall,non_fall,0.021901162341237068,none,lateral,0.9647433161735535
w25_00001880,bits,C:\Users\ADMIN\Desktop\ds-fall\data\raw\Dataset\adl\user31\user31_adl10.csv,C:\Users\ADMIN\Desktop\ds-fall\data\raw\Dataset,user31,user31_adl10,adl10,rapidly_sitting_on_chair,rapidly_sitting_on_chair,0,none,False,0,50,0.0,2.0,25.0,50,12,"ax,ay,az,gx,gy,gz,acc_mag,gyro_mag,jerk,roll,pitch,tilt_delta",20.0,25.0,uniform_20hz_time_interpolation_to_25hz,adl_sliding_capped,477,596,,,dataset_unit_map,wrist,bits,m/s^2,rad/s,m/s^2,rad/s,1.0,1.0,True,test,non_fall,non_fall,0.012955918908119202,none,lateral,0.971244215965271
w25_00001881,bits,C:\Users\ADMIN\Desktop\ds-fall\data\raw\Dataset\adl\user31\user31_adl10.csv,C:\Users\ADMIN\Desktop\ds-fall\data\raw\Dataset,user31,user31_adl10,adl10,rapidly_sitting_on_chair,rapidly_sitting_on_chair,0,none,False,12,62,0.48,2.48,25.0,50,12,"ax,ay,az,gx,gy,gz,acc_mag,gyro_mag,jerk,roll,pitch,tilt_delta",20.0,25.0,uniform_20hz_time_interpolation_to_25hz,adl_sliding_capped,477,596,,,dataset_unit_map,wrist,bits,m/s^2,rad/s,m/s^2,rad/s,1.0,1.0,True,test,non_fall,non_fall,0.01166581455618143,none,lateral,0.9694520235061646
w25_00001882,bits,C:\Users\ADMIN\Desktop\ds-fall\data\raw\Dataset\adl\user31\user31_adl10.csv,C:\Users\ADMIN\Desktop\ds-fall\data\raw\Dataset,user31,user31_adl10,adl10,rapidly_sitting_on_chair,rapidly_sitting_on_chair,0,none,False,24,74,0.96,2.96,25.0,50,12,"ax,ay,az,gx,gy,gz,acc_mag,gyro_mag,jerk,roll,pitch,tilt_delta",20.0,25.0,uniform_20hz_time_interpolation_to_25hz,adl_sliding_capped,477,596,,,dataset_unit_map,wrist,bits,m/s^2,rad/s,m/s^2,rad/s,1.0,1.0,True,test,non_fall,non_fall,0.012153087183833122,none,lateral,0.9652246236801147
w25_00001883,bits,C:\Users\ADMIN\Desktop\ds-fall\data\raw\Dataset\adl\user31\user31_adl10.csv,C:\Users\ADMIN\Desktop\ds-fall\data\raw\Dataset,user31,user31_adl10,adl10,rapidly_sitting_on_chair,rapidly_sitting_on_chair,0,none,False,36,86,1.44,3.44,25.0,50,12,"ax,ay,az,gx,gy,gz,acc_mag,gyro_mag,jerk,roll,pitch,tilt_delta",20.0,25.0,uniform_20hz_time_interpolation_to_25hz,adl_sliding_capped,477,596,,,dataset_unit_map,wrist,bits,m/s^2,rad/s,m/s^2,rad/s,1.0,1.0,True,test,non_fall,non_fall,0.014487313106656075,none,lateral,0.9650405049324036
w25_00001884,bits,C:\Users\ADMIN\Desktop\ds-fall\data\raw\Dataset\adl\user31\user31_adl10.csv,C:\Users\ADMIN\Desktop\ds-fall\data\raw\Dataset,user31,user31_adl10,adl10,rapidly_sitting_on_chair,rapidly_sitting_on_chair,0,none,False,48,98,1.92,3.92,25.0,50,12,"ax,ay,az,gx,gy,gz,acc_mag,gyro_mag,jerk,roll,pitch,tilt_delta",20.0,25.0,uniform_20hz_time_interpolation_to_25hz,adl_sliding_capped,477,596,,,dataset_unit_map,wrist,bits,m/s^2,rad/s,m/s^2,rad/s,1.0,1.0,True,test,non_fall,non_fall,0.010009373538196087,none,lateral,0.9695805311203003
w25_00001885,bits,C:\Users\ADMIN\Desktop\ds-fall\data\raw\Dataset\adl\user31\user31_adl11.csv,C:\Users\ADMIN\Desktop\ds-fall\data\raw\Dataset,user31,user31_adl11,adl11,nearly_sitting_and_getting_up,nearly_sitting_and_getting_up,0,none,False,0,50,0.0,2.0,25.0,50,12,"ax,ay,az,gx,gy,gz,acc_mag,gyro_mag,jerk,roll,pitch,tilt_delta",20.0,25.0,uniform_20hz_time_interpolation_to_25hz,adl_sliding_capped,334,417,,,dataset_unit_map,wrist,bits,m/s^2,rad/s,m/s^2,rad/s,1.0,1.0,True,test,non_fall,non_fall,0.10840704292058945,none,forward,0.8545150756835938
w25_00001886,bits,C:\Users\ADMIN\Desktop\ds-fall\data\raw\Dataset\adl\user31\user31_adl11.csv,C:\Users\ADMIN\Desktop\ds-fall\data\raw\Dataset,user31,user31_adl11,adl11,nearly_sitting_and_getting_up,nearly_sitting_and_getting_up,0,none,False,12,62,0.48,2.48,25.0,50,12,"ax,ay,az,gx,gy,gz,acc_mag,gyro_mag,jerk,roll,pitch,tilt_delta",20.0,25.0,uniform_20hz_time_interpolation_to_25hz,adl_sliding_capped,334,417,,,dataset_unit_map,wrist,bits,m/s^2,rad/s,m/s^2,rad/s,1.0,1.0,True,test,non_fall,non_fall,0.03121444769203663,none,forward,0.8304083943367004
w25_00001887,bits,C:\Users\ADMIN\Desktop\ds-fall\data\raw\Dataset\adl\user31\user31_adl11.csv,C:\Users\ADMIN\Desktop\ds-fall\data\raw\Dataset,user31,user31_adl11,adl11,nearly_sitting_and_getting_up,nearly_sitting_and_getting_up,0,none,False,24,74,0.96,2.96,25.0,50,12,"ax,ay,az,gx,gy,gz,acc_mag,gyro_mag,jerk,roll,pitch,tilt_delta",20.0,25.0,uniform_20hz_time_interpolation_to_25hz,adl_sliding_capped,334,417,,,dataset_unit_map,wrist,bits,m/s^2,rad/s,m/s^2,rad/s,1.0,1.0,True,test,non_fall,non_fall,0.08930633217096329,none,lateral,0.7238487005233765
w25_00001888,bits,C:\Users\ADMIN\Desktop\ds-fall\data\raw\Dataset\adl\user31\user31_adl11.csv,C:\Users\ADMIN\Desktop\ds-fall\data\raw\Dataset,user31,user31_adl11,adl11,nearly_sitting_and_getting_up,nearly_sitting_and_getting_up,0,none,False,36,86,1.44,3.44,25.0,50,12,"ax,ay,az,gx,gy,gz,acc_mag,gyro_mag,jerk,roll,pitch,tilt_delta",20.0,25.0,uniform_20hz_time_interpolation_to_25hz,adl_sliding_capped,334,417,,,dataset_unit_map,wrist,bits,m/s^2,rad/s,m/s^2,rad/s,1.0,1.0,True,test,non_fall,non_fall,0.013995792716741562,none,lateral,0.9506313800811768
w25_00001889,bits,C:\Users\ADMIN\Desktop\ds-fall\data\raw\Dataset\adl\user31\user31_adl11.csv,C:\Users\ADMIN\Desktop\ds-fall\data\raw\Dataset,user31,user31_adl11,adl11,nearly_sitting_and_getting_up,nearly_sitting_and_getting_up,0,none,False,48,98,1.92,3.92,25.0,50,12,"ax,ay,az,gx,gy,gz,acc_mag,gyro_mag,jerk,roll,pitch,tilt_delta",20.0,25.0,uniform_20hz_time_interpolation_to_25hz,adl_sliding_capped,334,417,,,dataset_unit_map,wrist,bits,m/s^2,rad/s,m/s^2,rad/s,1.0,1.0,True,test,non_fall,non_fall,0.015295542776584625,none,lateral,0.9588169455528259
w25_00001890,bits,C:\Users\ADMIN\Desktop\ds-fall\data\raw\Dataset\adl\user31\user31_adl12.csv,C:\Users\ADMIN\Desktop\ds-fall\data\raw\Dataset,user31,user31_adl12,adl12,swinging_hands,swinging_hands,0,none,False,0,50,0.0,2.0,25.0,50,12,"ax,ay,az,gx,gy,gz,acc_mag,gyro_mag,jerk,roll,pitch,tilt_delta",20.0,25.0,uniform_20hz_time_interpolation_to_25hz,adl_sliding_capped,281,351,,,dataset_unit_map,wrist,bits,m/s^2,rad/s,m/s^2,rad/s,1.0,1.0,True,test,non_fall,non_fall,0.013756195083260536,none,lateral,0.9223095178604126
w25_00001891,bits,C:\Users\ADMIN\Desktop\ds-fall\data\raw\Dataset\adl\user31\user31_adl12.csv,C:\Users\ADMIN\Desktop\ds-fall\data\raw\Dataset,user31,user31_adl12,adl12,swinging_hands,swinging_hands,0,none,False,12,62,0.48,2.48,25.0,50,12,"ax,ay,az,gx,gy,gz,acc_mag,gyro_mag,jerk,roll,pitch,tilt_delta",20.0,25.0,uniform_20hz_time_interpolation_to_25hz,adl_sliding_capped,281,351,,,dataset_unit_map,wrist,bits,m/s^2,rad/s,m/s^2,rad/s,1.0,1.0,True,test,non_fall,non_fall,0.021757693961262703,none,lateral,0.9679736495018005
w25_00001892,bits,C:\Users\ADMIN\Desktop\ds-fall\data\raw\Dataset\adl\user31\user31_adl12.csv,C:\Users\ADMIN\Desktop\ds-fall\data\raw\Dataset,user31,user31_adl12,adl12,swinging_hands,swinging_hands,0,none,False,24,74,0.96,2.96,25.0,50,12,"ax,ay,az,gx,gy,gz,acc_mag,gyro_mag,jerk,roll,pitch,tilt_delta",20.0,25.0,uniform_20hz_time_interpolation_to_25hz,adl_sliding_capped,281,351,,,dataset_unit_map,wrist,bits,m/s^2,rad/s,m/s^2,rad/s,1.0,1.0,True,test,non_fall,non_fall,0.02132120355963707,none,lateral,0.9798552989959717
w25_00001893,bits,C:\Users\ADMIN\Desktop\ds-fall\data\raw\Dataset\adl\user31\user31_adl12.csv,C:\Users\ADMIN\Desktop\ds-fall\data\raw\Dataset,user31,user31_adl12,adl12,swinging_hands,swinging_hands,0,none,False,36,86,1.44,3.44,25.0,50,12,"ax,ay,az,gx,gy,gz,acc_mag,gyro_mag,jerk,roll,pitch,tilt_delta",20.0,25.0,uniform_20hz_time_interpolation_to_25hz,adl_sliding_capped,281,351,,,dataset_unit_map,wrist,bits,m/s^2,rad/s,m/s^2,rad/s,1.0,1.0,True,test,non_fall,non_fall,0.022500349208712578,none,lateral,0.9821787476539612
w25_00001894,bits,C:\Users\ADMIN\Desktop\ds-fall\data\raw\Dataset\adl\user31\user31_adl12.csv,C:\Users\ADMIN\Desktop\ds-fall\data\raw\Dataset,user31,user31_adl12,adl12,swinging_hands,swinging_hands,0,none,False,48,98,1.92,3.92,25.0,50,12,"ax,ay,az,gx,gy,gz,acc_mag,gyro_mag,jerk,roll,pitch,tilt_delta",20.0,25.0,uniform_20hz_time_interpolation_to_25hz,adl_sliding_capped,281,351,,,dataset_unit_map,wrist,bits,m/s^2,rad/s,m/s^2,rad/s,1.0,1.0,True,test,non_fall,non_fall,0.01974337548017502,none,lateral,0.9817354083061218
w25_00001895,bits,C:\Users\ADMIN\Desktop\ds-fall\data\raw\Dataset\adl\user31\user31_adl13.csv,C:\Users\ADMIN\Desktop\ds-fall\data\raw\Dataset,user31,user31_adl13,adl13,lying_on_bed,lying_on_bed,0,none,False,0,50,0.0,2.0,25.0,50,12,"ax,ay,az,gx,gy,gz,acc_mag,gyro_mag,jerk,roll,pitch,tilt_delta",20.0,25.0,uniform_20hz_time_interpolation_to_25hz,adl_sliding_capped,224,279,,,dataset_unit_map,wrist,bits,m/s^2,rad/s,m/s^2,rad/s,1.0,1.0,True,test,non_fall,non_fall,0.000974113994743675,none,backward,0.9203208684921265
w25_00001896,bits,C:\Users\ADMIN\Desktop\ds-fall\data\raw\Dataset\adl\user31\user31_adl13.csv,C:\Users\ADMIN\Desktop\ds-fall\data\raw\Dataset,user31,user31_adl13,adl13,lying_on_bed,lying_on_bed,0,none,False,12,62,0.48,2.48,25.0,50,12,"ax,ay,az,gx,gy,gz,acc_mag,gyro_mag,jerk,roll,pitch,tilt_delta",20.0,25.0,uniform_20hz_time_interpolation_to_25hz,adl_sliding_capped,224,279,,,dataset_unit_map,wrist,bits,m/s^2,rad/s,m/s^2,rad/s,1.0,1.0,True,test,non_fall,non_fall,0.0009785873116925359,none,backward,0.9236329197883606
w25_00001897,bits,C:\Users\ADMIN\Desktop\ds-fall\data\raw\Dataset\adl\user31\user31_adl13.csv,C:\Users\ADMIN\Desktop\ds-fall\data\raw\Dataset,user31,user31_adl13,adl13,lying_on_bed,lying_on_bed,0,none,False,24,74,0.96,2.96,25.0,50,12,"ax,ay,az,gx,gy,gz,acc_mag,gyro_mag,jerk,roll,pitch,tilt_delta",20.0,25.0,uniform_20hz_time_interpolation_to_25hz,adl_sliding_capped,224,279,,,dataset_unit_map,wrist,bits,m/s^2,rad/s,m/s^2,rad/s,1.0,1.0,True,test,non_fall,non_fall,0.0009813070064410567,none,backward,0.9253965616226196
w25_00001898,bits,C:\Users\ADMIN\Desktop\ds-fall\data\raw\Dataset\adl\user31\user31_adl13.csv,C:\Users\ADMIN\Desktop\ds-fall\data\raw\Dataset,user31,user31_adl13,adl13,lying_on_bed,lying_on_bed,0,none,False,36,86,1.44,3.44,25.0,50,12,"ax,ay,az,gx,gy,gz,acc_mag,gyro_mag,jerk,roll,pitch,tilt_delta",20.0,25.0,uniform_20hz_time_interpolation_to_25hz,adl_sliding_capped,224,279,,,dataset_unit_map,wrist,bits,m/s^2,rad/s,m/s^2,rad/s,1.0,1.0,True,test,non_fall,non_fall,0.0009825918823480606,none,backward,0.9256793260574341
w25_00001899,bits,C:\Users\ADMIN\Desktop\ds-fall\data\raw\Dataset\adl\user31\user31_adl13.csv,C:\Users\ADMIN\Desktop\ds-fall\data\raw\Dataset,user31,user31_adl13,adl13,lying_on_bed,lying_on_bed,0,none,False,48,98,1.92,3.92,25.0,50,12,"ax,ay,az,gx,gy,gz,acc_mag,gyro_mag,jerk,roll,pitch,tilt_delta",20.0,25.0,uniform_20hz_time_interpolation_to_25hz,adl_sliding_capped,224,279,,,dataset_unit_map,wrist,bits,m/s^2,rad/s,m/s^2,rad/s,1.0,1.0,True,test,non_fall,non_fall,0.0009851589566096663,none,backward,0.9258849024772644
w25_00001900,bits,C:\Users\ADMIN\Desktop\ds-fall\data\raw\Dataset\adl\user31\user31_adl14.csv,C:\Users\ADMIN\Desktop\ds-fall\data\raw\Dataset,user31,user31_adl14,adl14,lying_on_back_getting_up_slowly,lying_on_back_getting_up_slowly,0,none,False,0,50,0.0,2.0,25.0,50,12,"ax,ay,az,gx,gy,gz,acc_mag,gyro_mag,jerk,roll,pitch,tilt_delta",20.0,25.0,uniform_20hz_time_interpolation_to_25hz,adl_sliding_capped,328,409,,,dataset_unit_map,wrist,bits,m/s^2,rad/s,m/s^2,rad/s,1.0,1.0,True,test,non_fall,non_fall,0.0010875002481043339,none,backward,0.8822106122970581
w25_00001901,bits,C:\Users\ADMIN\Desktop\ds-fall\data\raw\Dataset\adl\user31\user31_adl14.csv,C:\Users\ADMIN\Desktop\ds-fall\data\raw\Dataset,user31,user31_adl14,adl14,lying_on_back_getting_up_slowly,lying_on_back_getting_up_slowly,0,none,False,12,62,0.48,2.48,25.0,50,12,"ax,ay,az,gx,gy,gz,acc_mag,gyro_mag,jerk,roll,pitch,tilt_delta",20.0,25.0,uniform_20hz_time_interpolation_to_25hz,adl_sliding_capped,328,409,,,dataset_unit_map,wrist,bits,m/s^2,rad/s,m/s^2,rad/s,1.0,1.0,True,test,non_fall,non_fall,0.0010955369798466563,none,backward,0.8994675278663635
w25_00001902,bits,C:\Users\ADMIN\Desktop\ds-fall\data\raw\Dataset\adl\user31\user31_adl14.csv,C:\Users\ADMIN\Desktop\ds-fall\data\raw\Dataset,user31,user31_adl14,adl14,lying_on_back_getting_up_slowly,lying_on_back_getting_up_slowly,0,none,False,24,74,0.96,2.96,25.0,50,12,"ax,ay,az,gx,gy,gz,acc_mag,gyro_mag,jerk,roll,pitch,tilt_delta",20.0,25.0,uniform_20hz_time_interpolation_to_25hz,adl_sliding_capped,328,409,,,dataset_unit_map,wrist,bits,m/s^2,rad/s,m/s^2,rad/s,1.0,1.0,True,test,non_fall,non_fall,0.0010974700562655926,none,backward,0.8982962965965271
w25_00001903,bits,C:\Users\ADMIN\Desktop\ds-fall\data\raw\Dataset\adl\user31\user31_adl14.csv,C:\Users\ADMIN\Desktop\ds-fall\data\raw\Dataset,user31,user31_adl14,adl14,lying_on_back_getting_up_slowly,lying_on_back_getting_up_slowly,0,none,False,36,86,1.44,3.44,25.0,50,12,"ax,ay,az,gx,gy,gz,acc_mag,gyro_mag,jerk,roll,pitch,tilt_delta",20.0,25.0,uniform_20hz_time_interpolation_to_25hz,adl_sliding_capped,328,409,,,dataset_unit_map,wrist,bits,m/s^2,rad/s,m/s^2,rad/s,1.0,1.0,True,test,non_fall,non_fall,0.001098803710192442,none,backward,0.8977231383323669
w25_00001904,bits,C:\Users\ADMIN\Desktop\ds-fall\data\raw\Dataset\adl\user31\user31_adl14.csv,C:\Users\ADMIN\Desktop\ds-fall\data\raw\Dataset,user31,user31_adl14,adl14,lying_on_back_getting_up_slowly,lying_on_back_getting_up_slowly,0,none,False,48,98,1.92,3.92,25.0,50,12,"ax,ay,az,gx,gy,gz,acc_mag,gyro_mag,jerk,roll,pitch,tilt_delta",20.0,25.0,uniform_20hz_time_interpolation_to_25hz,adl_sliding_capped,328,409,,,dataset_unit_map,wrist,bits,m/s^2,rad/s,m/s^2,rad/s,1.0,1.0,True,test,non_fall,non_fall,0.0010909524280577898,none,backward,0.8972609043121338
w25_00001905,bits,C:\Users\ADMIN\Desktop\ds-fall\data\raw\Dataset\adl\user31\user31_adl15.csv,C:\Users\ADMIN\Desktop\ds-fall\data\raw\Dataset,user31,user31_adl15,adl15,lying_on_back_getting_up_normally,lying_on_back_getting_up_normally,0,none,False,0,50,0.0,2.0,25.0,50,12,"ax,ay,az,gx,gy,gz,acc_mag,gyro_mag,jerk,roll,pitch,tilt_delta",20.0,25.0,uniform_20hz_time_interpolation_to_25hz,adl_sliding_capped,256,319,,,dataset_unit_map,wrist,bits,m/s^2,rad/s,m/s^2,rad/s,1.0,1.0,True,test,non_fall,non_fall,0.0010695174569264054,none,backward,0.9624225497245789
w25_00001906,bits,C:\Users\ADMIN\Desktop\ds-fall\data\raw\Dataset\adl\user31\user31_adl15.csv,C:\Users\ADMIN\Desktop\ds-fall\data\raw\Dataset,user31,user31_adl15,adl15,lying_on_back_getting_up_normally,lying_on_back_getting_up_normally,0,none,False,12,62,0.48,2.48,25.0,50,12,"ax,ay,az,gx,gy,gz,acc_mag,gyro_mag,jerk,roll,pitch,tilt_delta",20.0,25.0,uniform_20hz_time_interpolation_to_25hz,adl_sliding_capped,256,319,,,dataset_unit_map,wrist,bits,m/s^2,rad/s,m/s^2,rad/s,1.0,1.0,True,test,non_fall,non_fall,0.0010797287104651332,none,backward,0.9641619324684143
w25_00001907,bits,C:\Users\ADMIN\Desktop\ds-fall\data\raw\Dataset\adl\user31\user31_adl15.csv,C:\Users\ADMIN\Desktop\ds-fall\data\raw\Dataset,user31,user31_adl15,adl15,lying_on_back_getting_up_normally,lying_on_back_getting_up_normally,0,none,False,24,74,0.96,2.96,25.0,50,12,"ax,ay,az,gx,gy,gz,acc_mag,gyro_mag,jerk,roll,pitch,tilt_delta",20.0,25.0,uniform_20hz_time_interpolation_to_25hz,adl_sliding_capped,256,319,,,dataset_unit_map,wrist,bits,m/s^2,rad/s,m/s^2,rad/s,1.0,1.0,True,test,non_fall,non_fall,0.0010817146394401789,none,backward,0.9630647301673889
w25_00001908,bits,C:\Users\ADMIN\Desktop\ds-fall\data\raw\Dataset\adl\user31\user31_adl15.csv,C:\Users\ADMIN\Desktop\ds-fall\data\raw\Dataset,user31,user31_adl15,adl15,lying_on_back_getting_up_normally,lying_on_back_getting_up_normally,0,none,False,36,86,1.44,3.44,25.0,50,12,"ax,ay,az,gx,gy,gz,acc_mag,gyro_mag,jerk,roll,pitch,tilt_delta",20.0,25.0,uniform_20hz_time_interpolation_to_25hz,adl_sliding_capped,256,319,,,dataset_unit_map,wrist,bits,m/s^2,rad/s,m/s^2,rad/s,1.0,1.0,True,test,non_fall,non_fall,0.001085834694094956,none,backward,0.9645030498504639
w25_00001909,bits,C:\Users\ADMIN\Desktop\ds-fall\data\raw\Dataset\adl\user31\user31_adl15.csv,C:\Users\ADMIN\Desktop\ds-fall\data\raw\Dataset,user31,user31_adl15,adl15,lying_on_back_getting_up_normally,lying_on_back_getting_up_normally,0,none,False,48,98,1.92,3.92,25.0,50,12,"ax,ay,az,gx,gy,gz,acc_mag,gyro_mag,jerk,roll,pitch,tilt_delta",20.0,25.0,uniform_20hz_time_interpolation_to_25hz,adl_sliding_capped,256,319,,,dataset_unit_map,wrist,bits,m/s^2,rad/s,m/s^2,rad/s,1.0,1.0,True,test,non_fall,non_fall,0.0010873909341171384,none,backward,0.9635791778564453
w25_00001910,bits,C:\Users\ADMIN\Desktop\ds-fall\data\raw\Dataset\adl\user31\user31_adl16.csv,C:\Users\ADMIN\Desktop\ds-fall\data\raw\Dataset,user31,user31_adl16,adl16,lying_sideways_to_back,lying_sideways_to_back,0,none,False,0,50,0.0,2.0,25.0,50,12,"ax,ay,az,gx,gy,gz,acc_mag,gyro_mag,jerk,roll,pitch,tilt_delta",20.0,25.0,uniform_20hz_time_interpolation_to_25hz,adl_sliding_capped,570,712,,,dataset_unit_map,wrist,bits,m/s^2,rad/s,m/s^2,rad/s,1.0,1.0,True,test,non_fall,non_fall,0.0016703462461009622,none,backward,0.9815565347671509
w25_00001911,bits,C:\Users\ADMIN\Desktop\ds-fall\data\raw\Dataset\adl\user31\user31_adl16.csv,C:\Users\ADMIN\Desktop\ds-fall\data\raw\Dataset,user31,user31_adl16,adl16,lying_sideways_to_back,lying_sideways_to_back,0,none,False,12,62,0.48,2.48,25.0,50,12,"ax,ay,az,gx,gy,gz,acc_mag,gyro_mag,jerk,roll,pitch,tilt_delta",20.0,25.0,uniform_20hz_time_interpolation_to_25hz,adl_sliding_capped,570,712,,,dataset_unit_map,wrist,bits,m/s^2,rad/s,m/s^2,rad/s,1.0,1.0,True,test,non_fall,non_fall,0.0016998110804706812,none,backward,0.982225775718689
w25_00001912,bits,C:\Users\ADMIN\Desktop\ds-fall\data\raw\Dataset\adl\user31\user31_adl16.csv,C:\Users\ADMIN\Desktop\ds-fall\data\raw\Dataset,user31,user31_adl16,adl16,lying_sideways_to_back,lying_sideways_to_back,0,none,False,24,74,0.96,2.96,25.0,50,12,"ax,ay,az,gx,gy,gz,acc_mag,gyro_mag,jerk,roll,pitch,tilt_delta",20.0,25.0,uniform_20hz_time_interpolation_to_25hz,adl_sliding_capped,570,712,,,dataset_unit_map,wrist,bits,m/s^2,rad/s,m/s^2,rad/s,1.0,1.0,True,test,non_fall,non_fall,0.001689300173893571,none,backward,0.9826614260673523
w25_00001913,bits,C:\Users\ADMIN\Desktop\ds-fall\data\raw\Dataset\adl\user31\user31_adl16.csv,C:\Users\ADMIN\Desktop\ds-fall\data\raw\Dataset,user31,user31_adl16,adl16,lying_sideways_to_back,lying_sideways_to_back,0,none,False,36,86,1.44,3.44,25.0,50,12,"ax,ay,az,gx,gy,gz,acc_mag,gyro_mag,jerk,roll,pitch,tilt_delta",20.0,25.0,uniform_20hz_time_interpolation_to_25hz,adl_sliding_capped,570,712,,,dataset_unit_map,wrist,bits,m/s^2,rad/s,m/s^2,rad/s,1.0,1.0,True,test,non_fall,non_fall,0.0016964683309197426,none,backward,0.9832057356834412
w25_00001914,bits,C:\Users\ADMIN\Desktop\ds-fall\data\raw\Dataset\adl\user31\user31_adl16.csv,C:\Users\ADMIN\Desktop\ds-fall\data\raw\Dataset,user31,user31_adl16,adl16,lying_sideways_to_back,lying_sideways_to_back,0,none,False,48,98,1.92,3.92,25.0,50,12,"ax,ay,az,gx,gy,gz,acc_mag,gyro_mag,jerk,roll,pitch,tilt_delta",20.0,25.0,uniform_20hz_time_interpolation_to_25hz,adl_sliding_capped,570,712,,,dataset_unit_map,wrist,bits,m/s^2,rad/s,m/s^2,rad/s,1.0,1.0,True,test,non_fall,non_fall,0.0016976745100691915,none,backward,0.9832204580307007
w25_00001915,bits,C:\Users\ADMIN\Desktop\ds-fall\data\raw\Dataset\adl\user31\user31_adl2.csv,C:\Users\ADMIN\Desktop\ds-fall\data\raw\Dataset,user31,user31_adl2,adl2,walking_quickly,walking_quickly,0,none,False,0,50,0.0,2.0,25.0,50,12,"ax,ay,az,gx,gy,gz,acc_mag,gyro_mag,jerk,roll,pitch,tilt_delta",20.0,25.0,uniform_20hz_time_interpolation_to_25hz,adl_sliding_capped,425,531,,,dataset_unit_map,wrist,bits,m/s^2,rad/s,m/s^2,rad/s,1.0,1.0,True,test,non_fall,non_fall,0.016995390877127647,none,lateral,0.973371148109436
w25_00001916,bits,C:\Users\ADMIN\Desktop\ds-fall\data\raw\Dataset\adl\user31\user31_adl2.csv,C:\Users\ADMIN\Desktop\ds-fall\data\raw\Dataset,user31,user31_adl2,adl2,walking_quickly,walking_quickly,0,none,False,12,62,0.48,2.48,25.0,50,12,"ax,ay,az,gx,gy,gz,acc_mag,gyro_mag,jerk,roll,pitch,tilt_delta",20.0,25.0,uniform_20hz_time_interpolation_to_25hz,adl_sliding_capped,425,531,,,dataset_unit_map,wrist,bits,m/s^2,rad/s,m/s^2,rad/s,1.0,1.0,True,test,non_fall,non_fall,0.018874607980251312,none,lateral,0.9872227907180786
w25_00001917,bits,C:\Users\ADMIN\Desktop\ds-fall\data\raw\Dataset\adl\user31\user31_adl2.csv,C:\Users\ADMIN\Desktop\ds-fall\data\raw\Dataset,user31,user31_adl2,adl2,walking_quickly,walking_quickly,0,none,False,24,74,0.96,2.96,25.0,50,12,"ax,ay,az,gx,gy,gz,acc_mag,gyro_mag,jerk,roll,pitch,tilt_delta",20.0,25.0,uniform_20hz_time_interpolation_to_25hz,adl_sliding_capped,425,531,,,dataset_unit_map,wrist,bits,m/s^2,rad/s,m/s^2,rad/s,1.0,1.0,True,test,non_fall,non_fall,0.0116402767598629,none,lateral,0.9880349040031433
w25_00001918,bits,C:\Users\ADMIN\Desktop\ds-fall\data\raw\Dataset\adl\user31\user31_adl2.csv,C:\Users\ADMIN\Desktop\ds-fall\data\raw\Dataset,user31,user31_adl2,adl2,walking_quickly,walking_quickly,0,none,False,36,86,1.44,3.44,25.0,50,12,"ax,ay,az,gx,gy,gz,acc_mag,gyro_mag,jerk,roll,pitch,tilt_delta",20.0,25.0,uniform_20hz_time_interpolation_to_25hz,adl_sliding_capped,425,531,,,dataset_unit_map,wrist,bits,m/s^2,rad/s,m/s^2,rad/s,1.0,1.0,True,test,non_fall,non_fall,0.02757840044796467,none,lateral,0.9828254580497742
w25_00001919,bits,C:\Users\ADMIN\Desktop\ds-fall\data\raw\Dataset\adl\user31\user31_adl2.csv,C:\Users\ADMIN\Desktop\ds-fall\data\raw\Dataset,user31,user31_adl2,adl2,walking_quickly,walking_quickly,0,none,False,48,98,1.92,3.92,25.0,50,12,"ax,ay,az,gx,gy,gz,acc_mag,gyro_mag,jerk,roll,pitch,tilt_delta",20.0,25.0,uniform_20hz_time_interpolation_to_25hz,adl_sliding_capped,425,531,,,dataset_unit_map,wrist,bits,m/s^2,rad/s,m/s^2,rad/s,1.0,1.0,True,test,non_fall,non_fall,0.04290056228637695,none,lateral,0.9869879484176636
w25_00001920,bits,C:\Users\ADMIN\Desktop\ds-fall\data\raw\Dataset\adl\user31\user31_adl3.csv,C:\Users\ADMIN\Desktop\ds-fall\data\raw\Dataset,user31,user31_adl3,adl3,jogging,jogging,0,none,False,0,50,0.0,2.0,25.0,50,12,"ax,ay,az,gx,gy,gz,acc_mag,gyro_mag,jerk,roll,pitch,tilt_delta",20.0,25.0,uniform_20hz_time_interpolation_to_25hz,adl_sliding_capped,173,216,,,dataset_unit_map,wrist,bits,m/s^2,rad/s,m/s^2,rad/s,1.0,1.0,True,test,non_fall,non_fall,0.01181244757026434,none,lateral,0.9267070889472961
w25_00001921,bits,C:\Users\ADMIN\Desktop\ds-fall\data\raw\Dataset\adl\user31\user31_adl3.csv,C:\Users\ADMIN\Desktop\ds-fall\data\raw\Dataset,user31,user31_adl3,adl3,jogging,jogging,0,none,False,12,62,0.48,2.48,25.0,50,12,"ax,ay,az,gx,gy,gz,acc_mag,gyro_mag,jerk,roll,pitch,tilt_delta",20.0,25.0,uniform_20hz_time_interpolation_to_25hz,adl_sliding_capped,173,216,,,dataset_unit_map,wrist,bits,m/s^2,rad/s,m/s^2,rad/s,1.0,1.0,True,test,non_fall,non_fall,0.023005103692412376,none,lateral,0.9613337516784668
w25_00001922,bits,C:\Users\ADMIN\Desktop\ds-fall\data\raw\Dataset\adl\user31\user31_adl3.csv,C:\Users\ADMIN\Desktop\ds-fall\data\raw\Dataset,user31,user31_adl3,adl3,jogging,jogging,0,none,False,24,74,0.96,2.96,25.0,50,12,"ax,ay,az,gx,gy,gz,acc_mag,gyro_mag,jerk,roll,pitch,tilt_delta",20.0,25.0,uniform_20hz_time_interpolation_to_25hz,adl_sliding_capped,173,216,,,dataset_unit_map,wrist,bits,m/s^2,rad/s,m/s^2,rad/s,1.0,1.0,True,test,non_fall,non_fall,0.01424358133226633,none,lateral,0.9650511741638184
w25_00001923,bits,C:\Users\ADMIN\Desktop\ds-fall\data\raw\Dataset\adl\user31\user31_adl3.csv,C:\Users\ADMIN\Desktop\ds-fall\data\raw\Dataset,user31,user31_adl3,adl3,jogging,jogging,0,none,False,36,86,1.44,3.44,25.0,50,12,"ax,ay,az,gx,gy,gz,acc_mag,gyro_mag,jerk,roll,pitch,tilt_delta",20.0,25.0,uniform_20hz_time_interpolation_to_25hz,adl_sliding_capped,173,216,,,dataset_unit_map,wrist,bits,m/s^2,rad/s,m/s^2,rad/s,1.0,1.0,True,test,non_fall,non_fall,0.023516686633229256,none,lateral,0.9501186609268188
w25_00001924,bits,C:\Users\ADMIN\Desktop\ds-fall\data\raw\Dataset\adl\user31\user31_adl3.csv,C:\Users\ADMIN\Desktop\ds-fall\data\raw\Dataset,user31,user31_adl3,adl3,jogging,jogging,0,none,False,48,98,1.92,3.92,25.0,50,12,"ax,ay,az,gx,gy,gz,acc_mag,gyro_mag,jerk,roll,pitch,tilt_delta",20.0,25.0,uniform_20hz_time_interpolation_to_25hz,adl_sliding_capped,173,216,,,dataset_unit_map,wrist,bits,m/s^2,rad/s,m/s^2,rad/s,1.0,1.0,True,test,non_fall,non_fall,0.0301941130310297,none,lateral,0.9114862680435181
w25_00001925,bits,C:\Users\ADMIN\Desktop\ds-fall\data\raw\Dataset\adl\user31\user31_adl4.csv,C:\Users\ADMIN\Desktop\ds-fall\data\raw\Dataset,user31,user31_adl4,adl4,jumping,jumping,0,none,False,0,50,0.0,2.0,25.0,50,12,"ax,ay,az,gx,gy,gz,acc_mag,gyro_mag,jerk,roll,pitch,tilt_delta",20.0,25.0,uniform_20hz_time_interpolation_to_25hz,adl_sliding_capped,789,986,,,dataset_unit_map,wrist,bits,m/s^2,rad/s,m/s^2,rad/s,1.0,1.0,True,test,non_fall,non_fall,0.03306691348552704,none,forward,0.9990571141242981
w25_00001926,bits,C:\Users\ADMIN\Desktop\ds-fall\data\raw\Dataset\adl\user31\user31_adl4.csv,C:\Users\ADMIN\Desktop\ds-fall\data\raw\Dataset,user31,user31_adl4,adl4,jumping,jumping,0,none,False,12,62,0.48,2.48,25.0,50,12,"ax,ay,az,gx,gy,gz,acc_mag,gyro_mag,jerk,roll,pitch,tilt_delta",20.0,25.0,uniform_20hz_time_interpolation_to_25hz,adl_sliding_capped,789,986,,,dataset_unit_map,wrist,bits,m/s^2,rad/s,m/s^2,rad/s,1.0,1.0,True,test,non_fall,non_fall,0.03519328683614731,none,forward,0.9989950060844421
w25_00001927,bits,C:\Users\ADMIN\Desktop\ds-fall\data\raw\Dataset\adl\user31\user31_adl4.csv,C:\Users\ADMIN\Desktop\ds-fall\data\raw\Dataset,user31,user31_adl4,adl4,jumping,jumping,0,none,False,24,74,0.96,2.96,25.0,50,12,"ax,ay,az,gx,gy,gz,acc_mag,gyro_mag,jerk,roll,pitch,tilt_delta",20.0,25.0,uniform_20hz_time_interpolation_to_25hz,adl_sliding_capped,789,986,,,dataset_unit_map,wrist,bits,m/s^2,rad/s,m/s^2,rad/s,1.0,1.0,True,test,non_fall,non_fall,0.023418687283992767,none,forward,0.9986100196838379
w25_00001928,bits,C:\Users\ADMIN\Desktop\ds-fall\data\raw\Dataset\adl\user31\user31_adl4.csv,C:\Users\ADMIN\Desktop\ds-fall\data\raw\Dataset,user31,user31_adl4,adl4,jumping,jumping,0,none,False,36,86,1.44,3.44,25.0,50,12,"ax,ay,az,gx,gy,gz,acc_mag,gyro_mag,jerk,roll,pitch,tilt_delta",20.0,25.0,uniform_20hz_time_interpolation_to_25hz,adl_sliding_capped,789,986,,,dataset_unit_map,wrist,bits,m/s^2,rad/s,m/s^2,rad/s,1.0,1.0,True,test,non_fall,non_fall,0.01704792119562626,none,lateral,0.9986487030982971
w25_00001929,bits,C:\Users\ADMIN\Desktop\ds-fall\data\raw\Dataset\adl\user31\user31_adl4.csv,C:\Users\ADMIN\Desktop\ds-fall\data\raw\Dataset,user31,user31_adl4,adl4,jumping,jumping,0,none,False,48,98,1.92,3.92,25.0,50,12,"ax,ay,az,gx,gy,gz,acc_mag,gyro_mag,jerk,roll,pitch,tilt_delta",20.0,25.0,uniform_20hz_time_interpolation_to_25hz,adl_sliding_capped,789,986,,,dataset_unit_map,wrist,bits,m/s^2,rad/s,m/s^2,rad/s,1.0,1.0,True,test,non_fall,non_fall,0.014370119199156761,none,lateral,0.9980918765068054
w25_00001930,bits,C:\Users\ADMIN\Desktop\ds-fall\data\raw\Dataset\adl\user31\user31_adl5.csv,C:\Users\ADMIN\Desktop\ds-fall\data\raw\Dataset,user31,user31_adl5,adl5,climbing_up_slowly,climbing_up_slowly,0,none,False,0,50,0.0,2.0,25.0,50,12,"ax,ay,az,gx,gy,gz,acc_mag,gyro_mag,jerk,roll,pitch,tilt_delta",20.0,25.0,uniform_20hz_time_interpolation_to_25hz,adl_sliding_capped,961,1201,,,dataset_unit_map,wrist,bits,m/s^2,rad/s,m/s^2,rad/s,1.0,1.0,True,test,non_fall,non_fall,0.0045723035000264645,none,backward,0.9996201992034912
w25_00001931,bits,C:\Users\ADMIN\Desktop\ds-fall\data\raw\Dataset\adl\user31\user31_adl5.csv,C:\Users\ADMIN\Desktop\ds-fall\data\raw\Dataset,user31,user31_adl5,adl5,climbing_up_slowly,climbing_up_slowly,0,none,False,12,62,0.48,2.48,25.0,50,12,"ax,ay,az,gx,gy,gz,acc_mag,gyro_mag,jerk,roll,pitch,tilt_delta",20.0,25.0,uniform_20hz_time_interpolation_to_25hz,adl_sliding_capped,961,1201,,,dataset_unit_map,wrist,bits,m/s^2,rad/s,m/s^2,rad/s,1.0,1.0,True,test,non_fall,non_fall,0.00562129495665431,none,backward,0.999674916267395
w25_00001932,bits,C:\Users\ADMIN\Desktop\ds-fall\data\raw\Dataset\adl\user31\user31_adl5.csv,C:\Users\ADMIN\Desktop\ds-fall\data\raw\Dataset,user31,user31_adl5,adl5,climbing_up_slowly,climbing_up_slowly,0,none,False,24,74,0.96,2.96,25.0,50,12,"ax,ay,az,gx,gy,gz,acc_mag,gyro_mag,jerk,roll,pitch,tilt_delta",20.0,25.0,uniform_20hz_time_interpolation_to_25hz,adl_sliding_capped,961,1201,,,dataset_unit_map,wrist,bits,m/s^2,rad/s,m/s^2,rad/s,1.0,1.0,True,test,non_fall,non_fall,0.005857647396624088,none,backward,0.9997246861457825
w25_00001933,bits,C:\Users\ADMIN\Desktop\ds-fall\data\raw\Dataset\adl\user31\user31_adl5.csv,C:\Users\ADMIN\Desktop\ds-fall\data\raw\Dataset,user31,user31_adl5,adl5,climbing_up_slowly,climbing_up_slowly,0,none,False,36,86,1.44,3.44,25.0,50,12,"ax,ay,az,gx,gy,gz,acc_mag,gyro_mag,jerk,roll,pitch,tilt_delta",20.0,25.0,uniform_20hz_time_interpolation_to_25hz,adl_sliding_capped,961,1201,,,dataset_unit_map,wrist,bits,m/s^2,rad/s,m/s^2,rad/s,1.0,1.0,True,test,non_fall,non_fall,0.006078916601836681,none,backward,0.999675989151001
w25_00001934,bits,C:\Users\ADMIN\Desktop\ds-fall\data\raw\Dataset\adl\user31\user31_adl5.csv,C:\Users\ADMIN\Desktop\ds-fall\data\raw\Dataset,user31,user31_adl5,adl5,climbing_up_slowly,climbing_up_slowly,0,none,False,48,98,1.92,3.92,25.0,50,12,"ax,ay,az,gx,gy,gz,acc_mag,gyro_mag,jerk,roll,pitch,tilt_delta",20.0,25.0,uniform_20hz_time_interpolation_to_25hz,adl_sliding_capped,961,1201,,,dataset_unit_map,wrist,bits,m/s^2,rad/s,m/s^2,rad/s,1.0,1.0,True,test,non_fall,non_fall,0.006019529886543751,none,backward,0.9995715022087097
w25_00001935,bits,C:\Users\ADMIN\Desktop\ds-fall\data\raw\Dataset\adl\user31\user31_adl6.csv,C:\Users\ADMIN\Desktop\ds-fall\data\raw\Dataset,user31,user31_adl6,adl6,climbing_down_slowly,climbing_down_slowly,0,none,False,0,50,0.0,2.0,25.0,50,12,"ax,ay,az,gx,gy,gz,acc_mag,gyro_mag,jerk,roll,pitch,tilt_delta",20.0,25.0,uniform_20hz_time_interpolation_to_25hz,adl_sliding_capped,830,1037,,,dataset_unit_map,wrist,bits,m/s^2,rad/s,m/s^2,rad/s,1.0,1.0,True,test,non_fall,non_fall,0.009219604544341564,none,lateral,0.8852248787879944
w25_00001936,bits,C:\Users\ADMIN\Desktop\ds-fall\data\raw\Dataset\adl\user31\user31_adl6.csv,C:\Users\ADMIN\Desktop\ds-fall\data\raw\Dataset,user31,user31_adl6,adl6,climbing_down_slowly,climbing_down_slowly,0,none,False,12,62,0.48,2.48,25.0,50,12,"ax,ay,az,gx,gy,gz,acc_mag,gyro_mag,jerk,roll,pitch,tilt_delta",20.0,25.0,uniform_20hz_time_interpolation_to_25hz,adl_sliding_capped,830,1037,,,dataset_unit_map,wrist,bits,m/s^2,rad/s,m/s^2,rad/s,1.0,1.0,True,test,non_fall,non_fall,0.024496955797076225,none,lateral,0.7798396944999695
w25_00001937,bits,C:\Users\ADMIN\Desktop\ds-fall\data\raw\Dataset\adl\user31\user31_adl6.csv,C:\Users\ADMIN\Desktop\ds-fall\data\raw\Dataset,user31,user31_adl6,adl6,climbing_down_slowly,climbing_down_slowly,0,none,False,24,74,0.96,2.96,25.0,50,12,"ax,ay,az,gx,gy,gz,acc_mag,gyro_mag,jerk,roll,pitch,tilt_delta",20.0,25.0,uniform_20hz_time_interpolation_to_25hz,adl_sliding_capped,830,1037,,,dataset_unit_map,wrist,bits,m/s^2,rad/s,m/s^2,rad/s,1.0,1.0,True,test,non_fall,non_fall,0.030361536890268326,none,lateral,0.7835054397583008
w25_00001938,bits,C:\Users\ADMIN\Desktop\ds-fall\data\raw\Dataset\adl\user31\user31_adl6.csv,C:\Users\ADMIN\Desktop\ds-fall\data\raw\Dataset,user31,user31_adl6,adl6,climbing_down_slowly,climbing_down_slowly,0,none,False,36,86,1.44,3.44,25.0,50,12,"ax,ay,az,gx,gy,gz,acc_mag,gyro_mag,jerk,roll,pitch,tilt_delta",20.0,25.0,uniform_20hz_time_interpolation_to_25hz,adl_sliding_capped,830,1037,,,dataset_unit_map,wrist,bits,m/s^2,rad/s,m/s^2,rad/s,1.0,1.0,True,test,non_fall,non_fall,0.01042991690337658,none,lateral,0.8396348357200623
w25_00001939,bits,C:\Users\ADMIN\Desktop\ds-fall\data\raw\Dataset\adl\user31\user31_adl6.csv,C:\Users\ADMIN\Desktop\ds-fall\data\raw\Dataset,user31,user31_adl6,adl6,climbing_down_slowly,climbing_down_slowly,0,none,False,48,98,1.92,3.92,25.0,50,12,"ax,ay,az,gx,gy,gz,acc_mag,gyro_mag,jerk,roll,pitch,tilt_delta",20.0,25.0,uniform_20hz_time_interpolation_to_25hz,adl_sliding_capped,830,1037,,,dataset_unit_map,wrist,bits,m/s^2,rad/s,m/s^2,rad/s,1.0,1.0,True,test,non_fall,non_fall,0.013308356516063213,none,lateral,0.8899511098861694
w25_00001940,bits,C:\Users\ADMIN\Desktop\ds-fall\data\raw\Dataset\adl\user31\user31_adl7.csv,C:\Users\ADMIN\Desktop\ds-fall\data\raw\Dataset,user31,user31_adl7,adl7,climbing_up_normally,climbing_up_normally,0,none,False,0,50,0.0,2.0,25.0,50,12,"ax,ay,az,gx,gy,gz,acc_mag,gyro_mag,jerk,roll,pitch,tilt_delta",20.0,25.0,uniform_20hz_time_interpolation_to_25hz,adl_sliding_capped,1025,1281,,,dataset_unit_map,wrist,bits,m/s^2,rad/s,m/s^2,rad/s,1.0,1.0,True,test,non_fall,non_fall,0.0030066492035984993,none,forward,0.9878401160240173
w25_00001941,bits,C:\Users\ADMIN\Desktop\ds-fall\data\raw\Dataset\adl\user31\user31_adl7.csv,C:\Users\ADMIN\Desktop\ds-fall\data\raw\Dataset,user31,user31_adl7,adl7,climbing_up_normally,climbing_up_normally,0,none,False,12,62,0.48,2.48,25.0,50,12,"ax,ay,az,gx,gy,gz,acc_mag,gyro_mag,jerk,roll,pitch,tilt_delta",20.0,25.0,uniform_20hz_time_interpolation_to_25hz,adl_sliding_capped,1025,1281,,,dataset_unit_map,wrist,bits,m/s^2,rad/s,m/s^2,rad/s,1.0,1.0,True,test,non_fall,non_fall,0.0028976709581911564,none,forward,0.9802750945091248
w25_00001942,bits,C:\Users\ADMIN\Desktop\ds-fall\data\raw\Dataset\adl\user31\user31_adl7.csv,C:\Users\ADMIN\Desktop\ds-fall\data\raw\Dataset,user31,user31_adl7,adl7,climbing_up_normally,climbing_up_normally,0,none,False,24,74,0.96,2.96,25.0,50,12,"ax,ay,az,gx,gy,gz,acc_mag,gyro_mag,jerk,roll,pitch,tilt_delta",20.0,25.0,uniform_20hz_time_interpolation_to_25hz,adl_sliding_capped,1025,1281,,,dataset_unit_map,wrist,bits,m/s^2,rad/s,m/s^2,rad/s,1.0,1.0,True,test,non_fall,non_fall,0.0029599370900541544,none,forward,0.970112144947052
w25_00001943,bits,C:\Users\ADMIN\Desktop\ds-fall\data\raw\Dataset\adl\user31\user31_adl7.csv,C:\Users\ADMIN\Desktop\ds-fall\data\raw\Dataset,user31,user31_adl7,adl7,climbing_up_normally,climbing_up_normally,0,none,False,36,86,1.44,3.44,25.0,50,12,"ax,ay,az,gx,gy,gz,acc_mag,gyro_mag,jerk,roll,pitch,tilt_delta",20.0,25.0,uniform_20hz_time_interpolation_to_25hz,adl_sliding_capped,1025,1281,,,dataset_unit_map,wrist,bits,m/s^2,rad/s,m/s^2,rad/s,1.0,1.0,True,test,non_fall,non_fall,0.003127634758129716,none,forward,0.9668521881103516
w25_00001944,bits,C:\Users\ADMIN\Desktop\ds-fall\data\raw\Dataset\adl\user31\user31_adl7.csv,C:\Users\ADMIN\Desktop\ds-fall\data\raw\Dataset,user31,user31_adl7,adl7,climbing_up_normally,climbing_up_normally,0,none,False,48,98,1.92,3.92,25.0,50,12,"ax,ay,az,gx,gy,gz,acc_mag,gyro_mag,jerk,roll,pitch,tilt_delta",20.0,25.0,uniform_20hz_time_interpolation_to_25hz,adl_sliding_capped,1025,1281,,,dataset_unit_map,wrist,bits,m/s^2,rad/s,m/s^2,rad/s,1.0,1.0,True,test,non_fall,non_fall,0.0031437247525900602,none,forward,0.9699774980545044
w25_00001945,bits,C:\Users\ADMIN\Desktop\ds-fall\data\raw\Dataset\adl\user31\user31_adl8.csv,C:\Users\ADMIN\Desktop\ds-fall\data\raw\Dataset,user31,user31_adl8,adl8,climbing_down_normally,climbing_down_normally,0,none,False,0,50,0.0,2.0,25.0,50,12,"ax,ay,az,gx,gy,gz,acc_mag,gyro_mag,jerk,roll,pitch,tilt_delta",20.0,25.0,uniform_20hz_time_interpolation_to_25hz,adl_sliding_capped,297,371,,,dataset_unit_map,wrist,bits,m/s^2,rad/s,m/s^2,rad/s,1.0,1.0,True,test,non_fall,non_fall,0.02502376213669777,none,lateral,0.9708526730537415
w25_00001946,bits,C:\Users\ADMIN\Desktop\ds-fall\data\raw\Dataset\adl\user31\user31_adl8.csv,C:\Users\ADMIN\Desktop\ds-fall\data\raw\Dataset,user31,user31_adl8,adl8,climbing_down_normally,climbing_down_normally,0,none,False,12,62,0.48,2.48,25.0,50,12,"ax,ay,az,gx,gy,gz,acc_mag,gyro_mag,jerk,roll,pitch,tilt_delta",20.0,25.0,uniform_20hz_time_interpolation_to_25hz,adl_sliding_capped,297,371,,,dataset_unit_map,wrist,bits,m/s^2,rad/s,m/s^2,rad/s,1.0,1.0,True,test,non_fall,non_fall,0.02081673964858055,none,lateral,0.969619631767273
w25_00001947,bits,C:\Users\ADMIN\Desktop\ds-fall\data\raw\Dataset\adl\user31\user31_adl8.csv,C:\Users\ADMIN\Desktop\ds-fall\data\raw\Dataset,user31,user31_adl8,adl8,climbing_down_normally,climbing_down_normally,0,none,False,24,74,0.96,2.96,25.0,50,12,"ax,ay,az,gx,gy,gz,acc_mag,gyro_mag,jerk,roll,pitch,tilt_delta",20.0,25.0,uniform_20hz_time_interpolation_to_25hz,adl_sliding_capped,297,371,,,dataset_unit_map,wrist,bits,m/s^2,rad/s,m/s^2,rad/s,1.0,1.0,True,test,non_fall,non_fall,0.030862748622894287,none,lateral,0.9700608253479004
w25_00001948,bits,C:\Users\ADMIN\Desktop\ds-fall\data\raw\Dataset\adl\user31\user31_adl8.csv,C:\Users\ADMIN\Desktop\ds-fall\data\raw\Dataset,user31,user31_adl8,adl8,climbing_down_normally,climbing_down_normally,0,none,False,36,86,1.44,3.44,25.0,50,12,"ax,ay,az,gx,gy,gz,acc_mag,gyro_mag,jerk,roll,pitch,tilt_delta",20.0,25.0,uniform_20hz_time_interpolation_to_25hz,adl_sliding_capped,297,371,,,dataset_unit_map,wrist,bits,m/s^2,rad/s,m/s^2,rad/s,1.0,1.0,True,test,non_fall,non_fall,0.03203071653842926,none,lateral,0.9729726314544678
w25_00001949,bits,C:\Users\ADMIN\Desktop\ds-fall\data\raw\Dataset\adl\user31\user31_adl8.csv,C:\Users\ADMIN\Desktop\ds-fall\data\raw\Dataset,user31,user31_adl8,adl8,climbing_down_normally,climbing_down_normally,0,none,False,48,98,1.92,3.92,25.0,50,12,"ax,ay,az,gx,gy,gz,acc_mag,gyro_mag,jerk,roll,pitch,tilt_delta",20.0,25.0,uniform_20hz_time_interpolation_to_25hz,adl_sliding_capped,297,371,,,dataset_unit_map,wrist,bits,m/s^2,rad/s,m/s^2,rad/s,1.0,1.0,True,test,non_fall,non_fall,0.015041343867778778,none,lateral,0.9721993207931519
w25_00001950,bits,C:\Users\ADMIN\Desktop\ds-fall\data\raw\Dataset\adl\user31\user31_adl9.csv,C:\Users\ADMIN\Desktop\ds-fall\data\raw\Dataset,user31,user31_adl9,adl9,slowly_sitting_on_chair,slowly_sitting_on_chair,0,none,False,0,50,0.0,2.0,25.0,50,12,"ax,ay,az,gx,gy,gz,acc_mag,gyro_mag,jerk,roll,pitch,tilt_delta",20.0,25.0,uniform_20hz_time_interpolation_to_25hz,adl_sliding_capped,694,867,,,dataset_unit_map,wrist,bits,m/s^2,rad/s,m/s^2,rad/s,1.0,1.0,True,test,non_fall,non_fall,0.013622513972222805,none,lateral,0.9587652087211609
w25_00001951,bits,C:\Users\ADMIN\Desktop\ds-fall\data\raw\Dataset\adl\user31\user31_adl9.csv,C:\Users\ADMIN\Desktop\ds-fall\data\raw\Dataset,user31,user31_adl9,adl9,slowly_sitting_on_chair,slowly_sitting_on_chair,0,none,False,12,62,0.48,2.48,25.0,50,12,"ax,ay,az,gx,gy,gz,acc_mag,gyro_mag,jerk,roll,pitch,tilt_delta",20.0,25.0,uniform_20hz_time_interpolation_to_25hz,adl_sliding_capped,694,867,,,dataset_unit_map,wrist,bits,m/s^2,rad/s,m/s^2,rad/s,1.0,1.0,True,test,non_fall,non_fall,0.016104059293866158,none,lateral,0.9778366088867188
w25_00001952,bits,C:\Users\ADMIN\Desktop\ds-fall\data\raw\Dataset\adl\user31\user31_adl9.csv,C:\Users\ADMIN\Desktop\ds-fall\data\raw\Dataset,user31,user31_adl9,adl9,slowly_sitting_on_chair,slowly_sitting_on_chair,0,none,False,24,74,0.96,2.96,25.0,50,12,"ax,ay,az,gx,gy,gz,acc_mag,gyro_mag,jerk,roll,pitch,tilt_delta",20.0,25.0,uniform_20hz_time_interpolation_to_25hz,adl_sliding_capped,694,867,,,dataset_unit_map,wrist,bits,m/s^2,rad/s,m/s^2,rad/s,1.0,1.0,True,test,non_fall,non_fall,0.015760598704218864,none,lateral,0.9816575050354004
w25_00001953,bits,C:\Users\ADMIN\Desktop\ds-fall\data\raw\Dataset\adl\user31\user31_adl9.csv,C:\Users\ADMIN\Desktop\ds-fall\data\raw\Dataset,user31,user31_adl9,adl9,slowly_sitting_on_chair,slowly_sitting_on_chair,0,none,False,36,86,1.44,3.44,25.0,50,12,"ax,ay,az,gx,gy,gz,acc_mag,gyro_mag,jerk,roll,pitch,tilt_delta",20.0,25.0,uniform_20hz_time_interpolation_to_25hz,adl_sliding_capped,694,867,,,dataset_unit_map,wrist,bits,m/s^2,rad/s,m/s^2,rad/s,1.0,1.0,True,test,non_fall,non_fall,0.021427178755402565,none,lateral,0.9783061146736145
w25_00001954,bits,C:\Users\ADMIN\Desktop\ds-fall\data\raw\Dataset\adl\user31\user31_adl9.csv,C:\Users\ADMIN\Desktop\ds-fall\data\raw\Dataset,user31,user31_adl9,adl9,slowly_sitting_on_chair,slowly_sitting_on_chair,0,none,False,48,98,1.92,3.92,25.0,50,12,"ax,ay,az,gx,gy,gz,acc_mag,gyro_mag,jerk,roll,pitch,tilt_delta",20.0,25.0,uniform_20hz_time_interpolation_to_25hz,adl_sliding_capped,694,867,,,dataset_unit_map,wrist,bits,m/s^2,rad/s,m/s^2,rad/s,1.0,1.0,True,test,non_fall,non_fall,0.00967333186417818,none,lateral,0.9677106142044067
w25_00002275,bits,C:\Users\ADMIN\Desktop\ds-fall\data\raw\Dataset\adl\user36\user36_adl1.csv,C:\Users\ADMIN\Desktop\ds-fall\data\raw\Dataset,user36,user36_adl1,adl1,walking_slowly,walking_slowly,0,none,False,0,50,0.0,2.0,25.0,50,12,"ax,ay,az,gx,gy,gz,acc_mag,gyro_mag,jerk,roll,pitch,tilt_delta",20.0,25.0,uniform_20hz_time_interpolation_to_25hz,adl_sliding_capped,229,286,,,dataset_unit_map,wrist,bits,m/s^2,rad/s,m/s^2,rad/s,1.0,1.0,True,test,non_fall,non_fall,0.15203657746315002,none,lateral,0.9908051490783691
w25_00002276,bits,C:\Users\ADMIN\Desktop\ds-fall\data\raw\Dataset\adl\user36\user36_adl1.csv,C:\Users\ADMIN\Desktop\ds-fall\data\raw\Dataset,user36,user36_adl1,adl1,walking_slowly,walking_slowly,0,none,False,12,62,0.48,2.48,25.0,50,12,"ax,ay,az,gx,gy,gz,acc_mag,gyro_mag,jerk,roll,pitch,tilt_delta",20.0,25.0,uniform_20hz_time_interpolation_to_25hz,adl_sliding_capped,229,286,,,dataset_unit_map,wrist,bits,m/s^2,rad/s,m/s^2,rad/s,1.0,1.0,True,test,non_fall,non_fall,0.015132582746446133,none,lateral,0.9697481989860535
w25_00002277,bits,C:\Users\ADMIN\Desktop\ds-fall\data\raw\Dataset\adl\user36\user36_adl1.csv,C:\Users\ADMIN\Desktop\ds-fall\data\raw\Dataset,user36,user36_adl1,adl1,walking_slowly,walking_slowly,0,none,False,24,74,0.96,2.96,25.0,50,12,"ax,ay,az,gx,gy,gz,acc_mag,gyro_mag,jerk,roll,pitch,tilt_delta",20.0,25.0,uniform_20hz_time_interpolation_to_25hz,adl_sliding_capped,229,286,,,dataset_unit_map,wrist,bits,m/s^2,rad/s,m/s^2,rad/s,1.0,1.0,True,test,non_fall,non_fall,0.02448210120201111,none,lateral,0.9133349657058716
w25_00002278,bits,C:\Users\ADMIN\Desktop\ds-fall\data\raw\Dataset\adl\user36\user36_adl1.csv,C:\Users\ADMIN\Desktop\ds-fall\data\raw\Dataset,user36,user36_adl1,adl1,walking_slowly,walking_slowly,0,none,False,36,86,1.44,3.44,25.0,50,12,"ax,ay,az,gx,gy,gz,acc_mag,gyro_mag,jerk,roll,pitch,tilt_delta",20.0,25.0,uniform_20hz_time_interpolation_to_25hz,adl_sliding_capped,229,286,,,dataset_unit_map,wrist,bits,m/s^2,rad/s,m/s^2,rad/s,1.0,1.0,True,test,non_fall,non_fall,0.08526112884283066,none,forward,0.7353056073188782
w25_00002279,bits,C:\Users\ADMIN\Desktop\ds-fall\data\raw\Dataset\adl\user36\user36_adl1.csv,C:\Users\ADMIN\Desktop\ds-fall\data\raw\Dataset,user36,user36_adl1,adl1,walking_slowly,walking_slowly,0,none,False,48,98,1.92,3.92,25.0,50,12,"ax,ay,az,gx,gy,gz,acc_mag,gyro_mag,jerk,roll,pitch,tilt_delta",20.0,25.0,uniform_20hz_time_interpolation_to_25hz,adl_sliding_capped,229,286,,,dataset_unit_map,wrist,bits,m/s^2,rad/s,m/s^2,rad/s,1.0,1.0,True,test,non_fall,non_fall,0.025380952283740044,none,forward,0.9913491606712341
w25_00002280,bits,C:\Users\ADMIN\Desktop\ds-fall\data\raw\Dataset\adl\user36\user36_adl10.csv,C:\Users\ADMIN\Desktop\ds-fall\data\raw\Dataset,user36,user36_adl10,adl10,rapidly_sitting_on_chair,rapidly_sitting_on_chair,0,none,False,0,50,0.0,2.0,25.0,50,12,"ax,ay,az,gx,gy,gz,acc_mag,gyro_mag,jerk,roll,pitch,tilt_delta",20.0,25.0,uniform_20hz_time_interpolation_to_25hz,adl_sliding_capped,278,347,,,dataset_unit_map,wrist,bits,m/s^2,rad/s,m/s^2,rad/s,1.0,1.0,True,test,non_fall,non_fall,0.01206495426595211,none,lateral,0.8905754685401917
w25_00002281,bits,C:\Users\ADMIN\Desktop\ds-fall\data\raw\Dataset\adl\user36\user36_adl10.csv,C:\Users\ADMIN\Desktop\ds-fall\data\raw\Dataset,user36,user36_adl10,adl10,rapidly_sitting_on_chair,rapidly_sitting_on_chair,0,none,False,12,62,0.48,2.48,25.0,50,12,"ax,ay,az,gx,gy,gz,acc_mag,gyro_mag,jerk,roll,pitch,tilt_delta",20.0,25.0,uniform_20hz_time_interpolation_to_25hz,adl_sliding_capped,278,347,,,dataset_unit_map,wrist,bits,m/s^2,rad/s,m/s^2,rad/s,1.0,1.0,True,test,non_fall,non_fall,0.009374204091727734,none,lateral,0.9679258465766907
w25_00002282,bits,C:\Users\ADMIN\Desktop\ds-fall\data\raw\Dataset\adl\user36\user36_adl10.csv,C:\Users\ADMIN\Desktop\ds-fall\data\raw\Dataset,user36,user36_adl10,adl10,rapidly_sitting_on_chair,rapidly_sitting_on_chair,0,none,False,24,74,0.96,2.96,25.0,50,12,"ax,ay,az,gx,gy,gz,acc_mag,gyro_mag,jerk,roll,pitch,tilt_delta",20.0,25.0,uniform_20hz_time_interpolation_to_25hz,adl_sliding_capped,278,347,,,dataset_unit_map,wrist,bits,m/s^2,rad/s,m/s^2,rad/s,1.0,1.0,True,test,non_fall,non_fall,0.009853657335042953,none,lateral,0.9728516340255737
w25_00002283,bits,C:\Users\ADMIN\Desktop\ds-fall\data\raw\Dataset\adl\user36\user36_adl10.csv,C:\Users\ADMIN\Desktop\ds-fall\data\raw\Dataset,user36,user36_adl10,adl10,rapidly_sitting_on_chair,rapidly_sitting_on_chair,0,none,False,36,86,1.44,3.44,25.0,50,12,"ax,ay,az,gx,gy,gz,acc_mag,gyro_mag,jerk,roll,pitch,tilt_delta",20.0,25.0,uniform_20hz_time_interpolation_to_25hz,adl_sliding_capped,278,347,,,dataset_unit_map,wrist,bits,m/s^2,rad/s,m/s^2,rad/s,1.0,1.0,True,test,non_fall,non_fall,0.007159581407904625,none,lateral,0.9705806374549866
w25_00002284,bits,C:\Users\ADMIN\Desktop\ds-fall\data\raw\Dataset\adl\user36\user36_adl10.csv,C:\Users\ADMIN\Desktop\ds-fall\data\raw\Dataset,user36,user36_adl10,adl10,rapidly_sitting_on_chair,rapidly_sitting_on_chair,0,none,False,48,98,1.92,3.92,25.0,50,12,"ax,ay,az,gx,gy,gz,acc_mag,gyro_mag,jerk,roll,pitch,tilt_delta",20.0,25.0,uniform_20hz_time_interpolation_to_25hz,adl_sliding_capped,278,347,,,dataset_unit_map,wrist,bits,m/s^2,rad/s,m/s^2,rad/s,1.0,1.0,True,test,non_fall,non_fall,0.004890429321676493,none,lateral,0.951705276966095
w25_00002285,bits,C:\Users\ADMIN\Desktop\ds-fall\data\raw\Dataset\adl\user36\user36_adl11.csv,C:\Users\ADMIN\Desktop\ds-fall\data\raw\Dataset,user36,user36_adl11,adl11,nearly_sitting_and_getting_up,nearly_sitting_and_getting_up,0,none,False,0,50,0.0,2.0,25.0,50,12,"ax,ay,az,gx,gy,gz,acc_mag,gyro_mag,jerk,roll,pitch,tilt_delta",20.0,25.0,uniform_20hz_time_interpolation_to_25hz,adl_sliding_capped,570,712,,,dataset_unit_map,wrist,bits,m/s^2,rad/s,m/s^2,rad/s,1.0,1.0,True,test,non_fall,non_fall,0.006363558582961559,none,lateral,0.9142612218856812
w25_00002286,bits,C:\Users\ADMIN\Desktop\ds-fall\data\raw\Dataset\adl\user36\user36_adl11.csv,C:\Users\ADMIN\Desktop\ds-fall\data\raw\Dataset,user36,user36_adl11,adl11,nearly_sitting_and_getting_up,nearly_sitting_and_getting_up,0,none,False,12,62,0.48,2.48,25.0,50,12,"ax,ay,az,gx,gy,gz,acc_mag,gyro_mag,jerk,roll,pitch,tilt_delta",20.0,25.0,uniform_20hz_time_interpolation_to_25hz,adl_sliding_capped,570,712,,,dataset_unit_map,wrist,bits,m/s^2,rad/s,m/s^2,rad/s,1.0,1.0,True,test,non_fall,non_fall,0.00645049475133419,none,lateral,0.884753406047821
w25_00002287,bits,C:\Users\ADMIN\Desktop\ds-fall\data\raw\Dataset\adl\user36\user36_adl11.csv,C:\Users\ADMIN\Desktop\ds-fall\data\raw\Dataset,user36,user36_adl11,adl11,nearly_sitting_and_getting_up,nearly_sitting_and_getting_up,0,none,False,24,74,0.96,2.96,25.0,50,12,"ax,ay,az,gx,gy,gz,acc_mag,gyro_mag,jerk,roll,pitch,tilt_delta",20.0,25.0,uniform_20hz_time_interpolation_to_25hz,adl_sliding_capped,570,712,,,dataset_unit_map,wrist,bits,m/s^2,rad/s,m/s^2,rad/s,1.0,1.0,True,test,non_fall,non_fall,0.007040254771709442,none,lateral,0.8624834418296814
w25_00002288,bits,C:\Users\ADMIN\Desktop\ds-fall\data\raw\Dataset\adl\user36\user36_adl11.csv,C:\Users\ADMIN\Desktop\ds-fall\data\raw\Dataset,user36,user36_adl11,adl11,nearly_sitting_and_getting_up,nearly_sitting_and_getting_up,0,none,False,36,86,1.44,3.44,25.0,50,12,"ax,ay,az,gx,gy,gz,acc_mag,gyro_mag,jerk,roll,pitch,tilt_delta",20.0,25.0,uniform_20hz_time_interpolation_to_25hz,adl_sliding_capped,570,712,,,dataset_unit_map,wrist,bits,m/s^2,rad/s,m/s^2,rad/s,1.0,1.0,True,test,non_fall,non_fall,0.011549051851034164,none,lateral,0.9863753914833069
w25_00002289,bits,C:\Users\ADMIN\Desktop\ds-fall\data\raw\Dataset\adl\user36\user36_adl11.csv,C:\Users\ADMIN\Desktop\ds-fall\data\raw\Dataset,user36,user36_adl11,adl11,nearly_sitting_and_getting_up,nearly_sitting_and_getting_up,0,none,False,48,98,1.92,3.92,25.0,50,12,"ax,ay,az,gx,gy,gz,acc_mag,gyro_mag,jerk,roll,pitch,tilt_delta",20.0,25.0,uniform_20hz_time_interpolation_to_25hz,adl_sliding_capped,570,712,,,dataset_unit_map,wrist,bits,m/s^2,rad/s,m/s^2,rad/s,1.0,1.0,True,test,non_fall,non_fall,0.0165314469486475,none,lateral,0.9887120723724365
w25_00002290,bits,C:\Users\ADMIN\Desktop\ds-fall\data\raw\Dataset\adl\user36\user36_adl12.csv,C:\Users\ADMIN\Desktop\ds-fall\data\raw\Dataset,user36,user36_adl12,adl12,swinging_hands,swinging_hands,0,none,False,0,50,0.0,2.0,25.0,50,12,"ax,ay,az,gx,gy,gz,acc_mag,gyro_mag,jerk,roll,pitch,tilt_delta",20.0,25.0,uniform_20hz_time_interpolation_to_25hz,adl_sliding_capped,481,601,,,dataset_unit_map,wrist,bits,m/s^2,rad/s,m/s^2,rad/s,1.0,1.0,True,test,non_fall,non_fall,0.005611185450106859,none,forward,0.9799938201904297
w25_00002291,bits,C:\Users\ADMIN\Desktop\ds-fall\data\raw\Dataset\adl\user36\user36_adl12.csv,C:\Users\ADMIN\Desktop\ds-fall\data\raw\Dataset,user36,user36_adl12,adl12,swinging_hands,swinging_hands,0,none,False,12,62,0.48,2.48,25.0,50,12,"ax,ay,az,gx,gy,gz,acc_mag,gyro_mag,jerk,roll,pitch,tilt_delta",20.0,25.0,uniform_20hz_time_interpolation_to_25hz,adl_sliding_capped,481,601,,,dataset_unit_map,wrist,bits,m/s^2,rad/s,m/s^2,rad/s,1.0,1.0,True,test,non_fall,non_fall,0.0010253173531964421,none,lateral,0.9999996423721313
w25_00002292,bits,C:\Users\ADMIN\Desktop\ds-fall\data\raw\Dataset\adl\user36\user36_adl12.csv,C:\Users\ADMIN\Desktop\ds-fall\data\raw\Dataset,user36,user36_adl12,adl12,swinging_hands,swinging_hands,0,none,False,24,74,0.96,2.96,25.0,50,12,"ax,ay,az,gx,gy,gz,acc_mag,gyro_mag,jerk,roll,pitch,tilt_delta",20.0,25.0,uniform_20hz_time_interpolation_to_25hz,adl_sliding_capped,481,601,,,dataset_unit_map,wrist,bits,m/s^2,rad/s,m/s^2,rad/s,1.0,1.0,True,test,non_fall,non_fall,0.0013744778698310256,none,lateral,1.0
w25_00002293,bits,C:\Users\ADMIN\Desktop\ds-fall\data\raw\Dataset\adl\user36\user36_adl12.csv,C:\Users\ADMIN\Desktop\ds-fall\data\raw\Dataset,user36,user36_adl12,adl12,swinging_hands,swinging_hands,0,none,False,36,86,1.44,3.44,25.0,50,12,"ax,ay,az,gx,gy,gz,acc_mag,gyro_mag,jerk,roll,pitch,tilt_delta",20.0,25.0,uniform_20hz_time_interpolation_to_25hz,adl_sliding_capped,481,601,,,dataset_unit_map,wrist,bits,m/s^2,rad/s,m/s^2,rad/s,1.0,1.0,True,test,non_fall,non_fall,0.10027283430099487,none,lateral,0.9999998807907104
w25_00002294,bits,C:\Users\ADMIN\Desktop\ds-fall\data\raw\Dataset\adl\user36\user36_adl12.csv,C:\Users\ADMIN\Desktop\ds-fall\data\raw\Dataset,user36,user36_adl12,adl12,swinging_hands,swinging_hands,0,none,False,48,98,1.92,3.92,25.0,50,12,"ax,ay,az,gx,gy,gz,acc_mag,gyro_mag,jerk,roll,pitch,tilt_delta",20.0,25.0,uniform_20hz_time_interpolation_to_25hz,adl_sliding_capped,481,601,,,dataset_unit_map,wrist,bits,m/s^2,rad/s,m/s^2,rad/s,1.0,1.0,True,test,non_fall,non_fall,0.010641872882843018,none,lateral,0.9999998807907104
w25_00002295,bits,C:\Users\ADMIN\Desktop\ds-fall\data\raw\Dataset\adl\user36\user36_adl13.csv,C:\Users\ADMIN\Desktop\ds-fall\data\raw\Dataset,user36,user36_adl13,adl13,lying_on_bed,lying_on_bed,0,none,False,0,50,0.0,2.0,25.0,50,12,"ax,ay,az,gx,gy,gz,acc_mag,gyro_mag,jerk,roll,pitch,tilt_delta",20.0,25.0,uniform_20hz_time_interpolation_to_25hz,adl_sliding_capped,250,312,,,dataset_unit_map,wrist,bits,m/s^2,rad/s,m/s^2,rad/s,1.0,1.0,True,test,non_fall,non_fall,0.0009570340043865144,none,backward,0.8849980235099792
w25_00002296,bits,C:\Users\ADMIN\Desktop\ds-fall\data\raw\Dataset\adl\user36\user36_adl13.csv,C:\Users\ADMIN\Desktop\ds-fall\data\raw\Dataset,user36,user36_adl13,adl13,lying_on_bed,lying_on_bed,0,none,False,12,62,0.48,2.48,25.0,50,12,"ax,ay,az,gx,gy,gz,acc_mag,gyro_mag,jerk,roll,pitch,tilt_delta",20.0,25.0,uniform_20hz_time_interpolation_to_25hz,adl_sliding_capped,250,312,,,dataset_unit_map,wrist,bits,m/s^2,rad/s,m/s^2,rad/s,1.0,1.0,True,test,non_fall,non_fall,0.0012715936172753572,none,backward,0.7800567150115967
w25_00002297,bits,C:\Users\ADMIN\Desktop\ds-fall\data\raw\Dataset\adl\user36\user36_adl13.csv,C:\Users\ADMIN\Desktop\ds-fall\data\raw\Dataset,user36,user36_adl13,adl13,lying_on_bed,lying_on_bed,0,none,False,24,74,0.96,2.96,25.0,50,12,"ax,ay,az,gx,gy,gz,acc_mag,gyro_mag,jerk,roll,pitch,tilt_delta",20.0,25.0,uniform_20hz_time_interpolation_to_25hz,adl_sliding_capped,250,312,,,dataset_unit_map,wrist,bits,m/s^2,rad/s,m/s^2,rad/s,1.0,1.0,True,test,non_fall,non_fall,0.0011091498890891671,none,backward,0.7288300395011902
w25_00002298,bits,C:\Users\ADMIN\Desktop\ds-fall\data\raw\Dataset\adl\user36\user36_adl13.csv,C:\Users\ADMIN\Desktop\ds-fall\data\raw\Dataset,user36,user36_adl13,adl13,lying_on_bed,lying_on_bed,0,none,False,36,86,1.44,3.44,25.0,50,12,"ax,ay,az,gx,gy,gz,acc_mag,gyro_mag,jerk,roll,pitch,tilt_delta",20.0,25.0,uniform_20hz_time_interpolation_to_25hz,adl_sliding_capped,250,312,,,dataset_unit_map,wrist,bits,m/s^2,rad/s,m/s^2,rad/s,1.0,1.0,True,test,non_fall,non_fall,0.0010777550050988793,none,backward,0.801855206489563
w25_00002299,bits,C:\Users\ADMIN\Desktop\ds-fall\data\raw\Dataset\adl\user36\user36_adl13.csv,C:\Users\ADMIN\Desktop\ds-fall\data\raw\Dataset,user36,user36_adl13,adl13,lying_on_bed,lying_on_bed,0,none,False,48,98,1.92,3.92,25.0,50,12,"ax,ay,az,gx,gy,gz,acc_mag,gyro_mag,jerk,roll,pitch,tilt_delta",20.0,25.0,uniform_20hz_time_interpolation_to_25hz,adl_sliding_capped,250,312,,,dataset_unit_map,wrist,bits,m/s^2,rad/s,m/s^2,rad/s,1.0,1.0,True,test,non_fall,non_fall,0.0010679977713152766,none,backward,0.8288853168487549
w25_00002300,bits,C:\Users\ADMIN\Desktop\ds-fall\data\raw\Dataset\adl\user36\user36_adl14.csv,C:\Users\ADMIN\Desktop\ds-fall\data\raw\Dataset,user36,user36_adl14,adl14,lying_on_back_getting_up_slowly,lying_on_back_getting_up_slowly,0,none,False,0,50,0.0,2.0,25.0,50,12,"ax,ay,az,gx,gy,gz,acc_mag,gyro_mag,jerk,roll,pitch,tilt_delta",20.0,25.0,uniform_20hz_time_interpolation_to_25hz,adl_sliding_capped,718,897,,,dataset_unit_map,wrist,bits,m/s^2,rad/s,m/s^2,rad/s,1.0,1.0,True,test,non_fall,non_fall,0.0013038900215178728,none,backward,0.7915208339691162
w25_00002301,bits,C:\Users\ADMIN\Desktop\ds-fall\data\raw\Dataset\adl\user36\user36_adl14.csv,C:\Users\ADMIN\Desktop\ds-fall\data\raw\Dataset,user36,user36_adl14,adl14,lying_on_back_getting_up_slowly,lying_on_back_getting_up_slowly,0,none,False,12,62,0.48,2.48,25.0,50,12,"ax,ay,az,gx,gy,gz,acc_mag,gyro_mag,jerk,roll,pitch,tilt_delta",20.0,25.0,uniform_20hz_time_interpolation_to_25hz,adl_sliding_capped,718,897,,,dataset_unit_map,wrist,bits,m/s^2,rad/s,m/s^2,rad/s,1.0,1.0,True,test,non_fall,non_fall,0.0012842195574194193,none,backward,0.7761788368225098
w25_00002302,bits,C:\Users\ADMIN\Desktop\ds-fall\data\raw\Dataset\adl\user36\user36_adl14.csv,C:\Users\ADMIN\Desktop\ds-fall\data\raw\Dataset,user36,user36_adl14,adl14,lying_on_back_getting_up_slowly,lying_on_back_getting_up_slowly,0,none,False,24,74,0.96,2.96,25.0,50,12,"ax,ay,az,gx,gy,gz,acc_mag,gyro_mag,jerk,roll,pitch,tilt_delta",20.0,25.0,uniform_20hz_time_interpolation_to_25hz,adl_sliding_capped,718,897,,,dataset_unit_map,wrist,bits,m/s^2,rad/s,m/s^2,rad/s,1.0,1.0,True,test,non_fall,non_fall,0.001265109283849597,none,backward,0.7884849905967712
w25_00002303,bits,C:\Users\ADMIN\Desktop\ds-fall\data\raw\Dataset\adl\user36\user36_adl14.csv,C:\Users\ADMIN\Desktop\ds-fall\data\raw\Dataset,user36,user36_adl14,adl14,lying_on_back_getting_up_slowly,lying_on_back_getting_up_slowly,0,none,False,36,86,1.44,3.44,25.0,50,12,"ax,ay,az,gx,gy,gz,acc_mag,gyro_mag,jerk,roll,pitch,tilt_delta",20.0,25.0,uniform_20hz_time_interpolation_to_25hz,adl_sliding_capped,718,897,,,dataset_unit_map,wrist,bits,m/s^2,rad/s,m/s^2,rad/s,1.0,1.0,True,test,non_fall,non_fall,0.0012613943545147777,none,backward,0.770230770111084
w25_00002304,bits,C:\Users\ADMIN\Desktop\ds-fall\data\raw\Dataset\adl\user36\user36_adl14.csv,C:\Users\ADMIN\Desktop\ds-fall\data\raw\Dataset,user36,user36_adl14,adl14,lying_on_back_getting_up_slowly,lying_on_back_getting_up_slowly,0,none,False,48,98,1.92,3.92,25.0,50,12,"ax,ay,az,gx,gy,gz,acc_mag,gyro_mag,jerk,roll,pitch,tilt_delta",20.0,25.0,uniform_20hz_time_interpolation_to_25hz,adl_sliding_capped,718,897,,,dataset_unit_map,wrist,bits,m/s^2,rad/s,m/s^2,rad/s,1.0,1.0,True,test,non_fall,non_fall,0.0012628388358280063,none,backward,0.7768030762672424
w25_00002305,bits,C:\Users\ADMIN\Desktop\ds-fall\data\raw\Dataset\adl\user36\user36_adl15.csv,C:\Users\ADMIN\Desktop\ds-fall\data\raw\Dataset,user36,user36_adl15,adl15,lying_on_back_getting_up_normally,lying_on_back_getting_up_normally,0,none,False,0,50,0.0,2.0,25.0,50,12,"ax,ay,az,gx,gy,gz,acc_mag,gyro_mag,jerk,roll,pitch,tilt_delta",20.0,25.0,uniform_20hz_time_interpolation_to_25hz,adl_sliding_capped,570,712,,,dataset_unit_map,wrist,bits,m/s^2,rad/s,m/s^2,rad/s,1.0,1.0,True,test,non_fall,non_fall,0.012666326016187668,none,backward,0.8827077150344849
w25_00002306,bits,C:\Users\ADMIN\Desktop\ds-fall\data\raw\Dataset\adl\user36\user36_adl15.csv,C:\Users\ADMIN\Desktop\ds-fall\data\raw\Dataset,user36,user36_adl15,adl15,lying_on_back_getting_up_normally,lying_on_back_getting_up_normally,0,none,False,12,62,0.48,2.48,25.0,50,12,"ax,ay,az,gx,gy,gz,acc_mag,gyro_mag,jerk,roll,pitch,tilt_delta",20.0,25.0,uniform_20hz_time_interpolation_to_25hz,adl_sliding_capped,570,712,,,dataset_unit_map,wrist,bits,m/s^2,rad/s,m/s^2,rad/s,1.0,1.0,True,test,non_fall,non_fall,0.011841130442917347,none,backward,0.8710173964500427
w25_00002307,bits,C:\Users\ADMIN\Desktop\ds-fall\data\raw\Dataset\adl\user36\user36_adl15.csv,C:\Users\ADMIN\Desktop\ds-fall\data\raw\Dataset,user36,user36_adl15,adl15,lying_on_back_getting_up_normally,lying_on_back_getting_up_normally,0,none,False,24,74,0.96,2.96,25.0,50,12,"ax,ay,az,gx,gy,gz,acc_mag,gyro_mag,jerk,roll,pitch,tilt_delta",20.0,25.0,uniform_20hz_time_interpolation_to_25hz,adl_sliding_capped,570,712,,,dataset_unit_map,wrist,bits,m/s^2,rad/s,m/s^2,rad/s,1.0,1.0,True,test,non_fall,non_fall,0.011536743491888046,none,backward,0.8671800494194031
w25_00002308,bits,C:\Users\ADMIN\Desktop\ds-fall\data\raw\Dataset\adl\user36\user36_adl15.csv,C:\Users\ADMIN\Desktop\ds-fall\data\raw\Dataset,user36,user36_adl15,adl15,lying_on_back_getting_up_normally,lying_on_back_getting_up_normally,0,none,False,36,86,1.44,3.44,25.0,50,12,"ax,ay,az,gx,gy,gz,acc_mag,gyro_mag,jerk,roll,pitch,tilt_delta",20.0,25.0,uniform_20hz_time_interpolation_to_25hz,adl_sliding_capped,570,712,,,dataset_unit_map,wrist,bits,m/s^2,rad/s,m/s^2,rad/s,1.0,1.0,True,test,non_fall,non_fall,0.011430483311414719,none,backward,0.8613727688789368
w25_00002309,bits,C:\Users\ADMIN\Desktop\ds-fall\data\raw\Dataset\adl\user36\user36_adl15.csv,C:\Users\ADMIN\Desktop\ds-fall\data\raw\Dataset,user36,user36_adl15,adl15,lying_on_back_getting_up_normally,lying_on_back_getting_up_normally,0,none,False,48,98,1.92,3.92,25.0,50,12,"ax,ay,az,gx,gy,gz,acc_mag,gyro_mag,jerk,roll,pitch,tilt_delta",20.0,25.0,uniform_20hz_time_interpolation_to_25hz,adl_sliding_capped,570,712,,,dataset_unit_map,wrist,bits,m/s^2,rad/s,m/s^2,rad/s,1.0,1.0,True,test,non_fall,non_fall,0.012589861638844013,none,backward,0.8508954644203186
w25_00002310,bits,C:\Users\ADMIN\Desktop\ds-fall\data\raw\Dataset\adl\user36\user36_adl16.csv,C:\Users\ADMIN\Desktop\ds-fall\data\raw\Dataset,user36,user36_adl16,adl16,lying_sideways_to_back,lying_sideways_to_back,0,none,False,0,50,0.0,2.0,25.0,50,12,"ax,ay,az,gx,gy,gz,acc_mag,gyro_mag,jerk,roll,pitch,tilt_delta",20.0,25.0,uniform_20hz_time_interpolation_to_25hz,adl_sliding_capped,251,313,,,dataset_unit_map,wrist,bits,m/s^2,rad/s,m/s^2,rad/s,1.0,1.0,True,test,non_fall,non_fall,0.00933837890625,none,backward,1.0
w25_00002311,bits,C:\Users\ADMIN\Desktop\ds-fall\data\raw\Dataset\adl\user36\user36_adl16.csv,C:\Users\ADMIN\Desktop\ds-fall\data\raw\Dataset,user36,user36_adl16,adl16,lying_sideways_to_back,lying_sideways_to_back,0,none,False,12,62,0.48,2.48,25.0,50,12,"ax,ay,az,gx,gy,gz,acc_mag,gyro_mag,jerk,roll,pitch,tilt_delta",20.0,25.0,uniform_20hz_time_interpolation_to_25hz,adl_sliding_capped,251,313,,,dataset_unit_map,wrist,bits,m/s^2,rad/s,m/s^2,rad/s,1.0,1.0,True,test,non_fall,non_fall,0.009607882238924503,none,backward,1.0
w25_00002312,bits,C:\Users\ADMIN\Desktop\ds-fall\data\raw\Dataset\adl\user36\user36_adl16.csv,C:\Users\ADMIN\Desktop\ds-fall\data\raw\Dataset,user36,user36_adl16,adl16,lying_sideways_to_back,lying_sideways_to_back,0,none,False,24,74,0.96,2.96,25.0,50,12,"ax,ay,az,gx,gy,gz,acc_mag,gyro_mag,jerk,roll,pitch,tilt_delta",20.0,25.0,uniform_20hz_time_interpolation_to_25hz,adl_sliding_capped,251,313,,,dataset_unit_map,wrist,bits,m/s^2,rad/s,m/s^2,rad/s,1.0,1.0,True,test,non_fall,non_fall,0.00926873181015253,none,backward,1.0
w25_00002313,bits,C:\Users\ADMIN\Desktop\ds-fall\data\raw\Dataset\adl\user36\user36_adl16.csv,C:\Users\ADMIN\Desktop\ds-fall\data\raw\Dataset,user36,user36_adl16,adl16,lying_sideways_to_back,lying_sideways_to_back,0,none,False,36,86,1.44,3.44,25.0,50,12,"ax,ay,az,gx,gy,gz,acc_mag,gyro_mag,jerk,roll,pitch,tilt_delta",20.0,25.0,uniform_20hz_time_interpolation_to_25hz,adl_sliding_capped,251,313,,,dataset_unit_map,wrist,bits,m/s^2,rad/s,m/s^2,rad/s,1.0,1.0,True,test,non_fall,non_fall,0.009604580700397491,none,backward,1.0
w25_00002314,bits,C:\Users\ADMIN\Desktop\ds-fall\data\raw\Dataset\adl\user36\user36_adl16.csv,C:\Users\ADMIN\Desktop\ds-fall\data\raw\Dataset,user36,user36_adl16,adl16,lying_sideways_to_back,lying_sideways_to_back,0,none,False,48,98,1.92,3.92,25.0,50,12,"ax,ay,az,gx,gy,gz,acc_mag,gyro_mag,jerk,roll,pitch,tilt_delta",20.0,25.0,uniform_20hz_time_interpolation_to_25hz,adl_sliding_capped,251,313,,,dataset_unit_map,wrist,bits,m/s^2,rad/s,m/s^2,rad/s,1.0,1.0,True,test,non_fall,non_fall,0.009468989446759224,none,backward,1.0
w25_00002315,bits,C:\Users\ADMIN\Desktop\ds-fall\data\raw\Dataset\adl\user36\user36_adl2.csv,C:\Users\ADMIN\Desktop\ds-fall\data\raw\Dataset,user36,user36_adl2,adl2,walking_quickly,walking_quickly,0,none,False,0,50,0.0,2.0,25.0,50,12,"ax,ay,az,gx,gy,gz,acc_mag,gyro_mag,jerk,roll,pitch,tilt_delta",20.0,25.0,uniform_20hz_time_interpolation_to_25hz,adl_sliding_capped,217,271,,,dataset_unit_map,wrist,bits,m/s^2,rad/s,m/s^2,rad/s,1.0,1.0,True,test,non_fall,non_fall,0.03203253448009491,none,forward,0.6842990517616272
w25_00002316,bits,C:\Users\ADMIN\Desktop\ds-fall\data\raw\Dataset\adl\user36\user36_adl2.csv,C:\Users\ADMIN\Desktop\ds-fall\data\raw\Dataset,user36,user36_adl2,adl2,walking_quickly,walking_quickly,0,none,False,12,62,0.48,2.48,25.0,50,12,"ax,ay,az,gx,gy,gz,acc_mag,gyro_mag,jerk,roll,pitch,tilt_delta",20.0,25.0,uniform_20hz_time_interpolation_to_25hz,adl_sliding_capped,217,271,,,dataset_unit_map,wrist,bits,m/s^2,rad/s,m/s^2,rad/s,1.0,1.0,True,test,non_fall,non_fall,0.0012147091329097748,none,lateral,0.5752158761024475
w25_00002317,bits,C:\Users\ADMIN\Desktop\ds-fall\data\raw\Dataset\adl\user36\user36_adl2.csv,C:\Users\ADMIN\Desktop\ds-fall\data\raw\Dataset,user36,user36_adl2,adl2,walking_quickly,walking_quickly,0,none,False,24,74,0.96,2.96,25.0,50,12,"ax,ay,az,gx,gy,gz,acc_mag,gyro_mag,jerk,roll,pitch,tilt_delta",20.0,25.0,uniform_20hz_time_interpolation_to_25hz,adl_sliding_capped,217,271,,,dataset_unit_map,wrist,bits,m/s^2,rad/s,m/s^2,rad/s,1.0,1.0,True,test,non_fall,non_fall,0.0008887273725122213,none,forward,0.831274688243866
w25_00002318,bits,C:\Users\ADMIN\Desktop\ds-fall\data\raw\Dataset\adl\user36\user36_adl2.csv,C:\Users\ADMIN\Desktop\ds-fall\data\raw\Dataset,user36,user36_adl2,adl2,walking_quickly,walking_quickly,0,none,False,36,86,1.44,3.44,25.0,50,12,"ax,ay,az,gx,gy,gz,acc_mag,gyro_mag,jerk,roll,pitch,tilt_delta",20.0,25.0,uniform_20hz_time_interpolation_to_25hz,adl_sliding_capped,217,271,,,dataset_unit_map,wrist,bits,m/s^2,rad/s,m/s^2,rad/s,1.0,1.0,True,test,non_fall,non_fall,0.0015596403973177075,none,lateral,0.4794679880142212
w25_00002319,bits,C:\Users\ADMIN\Desktop\ds-fall\data\raw\Dataset\adl\user36\user36_adl2.csv,C:\Users\ADMIN\Desktop\ds-fall\data\raw\Dataset,user36,user36_adl2,adl2,walking_quickly,walking_quickly,0,none,False,48,98,1.92,3.92,25.0,50,12,"ax,ay,az,gx,gy,gz,acc_mag,gyro_mag,jerk,roll,pitch,tilt_delta",20.0,25.0,uniform_20hz_time_interpolation_to_25hz,adl_sliding_capped,217,271,,,dataset_unit_map,wrist,bits,m/s^2,rad/s,m/s^2,rad/s,1.0,1.0,True,test,non_fall,non_fall,0.005429046228528023,none,lateral,0.5925395488739014
w25_00002320,bits,C:\Users\ADMIN\Desktop\ds-fall\data\raw\Dataset\adl\user36\user36_adl3.csv,C:\Users\ADMIN\Desktop\ds-fall\data\raw\Dataset,user36,user36_adl3,adl3,jogging,jogging,0,none,False,0,50,0.0,2.0,25.0,50,12,"ax,ay,az,gx,gy,gz,acc_mag,gyro_mag,jerk,roll,pitch,tilt_delta",20.0,25.0,uniform_20hz_time_interpolation_to_25hz,adl_sliding_capped,3913,4891,,,dataset_unit_map,wrist,bits,m/s^2,rad/s,m/s^2,rad/s,1.0,1.0,True,test,non_fall,non_fall,0.0044771297834813595,none,lateral,0.9999961853027344
w25_00002321,bits,C:\Users\ADMIN\Desktop\ds-fall\data\raw\Dataset\adl\user36\user36_adl3.csv,C:\Users\ADMIN\Desktop\ds-fall\data\raw\Dataset,user36,user36_adl3,adl3,jogging,jogging,0,none,False,12,62,0.48,2.48,25.0,50,12,"ax,ay,az,gx,gy,gz,acc_mag,gyro_mag,jerk,roll,pitch,tilt_delta",20.0,25.0,uniform_20hz_time_interpolation_to_25hz,adl_sliding_capped,3913,4891,,,dataset_unit_map,wrist,bits,m/s^2,rad/s,m/s^2,rad/s,1.0,1.0,True,test,non_fall,non_fall,0.00016950673307292163,none,lateral,0.9999946355819702
w25_00002322,bits,C:\Users\ADMIN\Desktop\ds-fall\data\raw\Dataset\adl\user36\user36_adl3.csv,C:\Users\ADMIN\Desktop\ds-fall\data\raw\Dataset,user36,user36_adl3,adl3,jogging,jogging,0,none,False,24,74,0.96,2.96,25.0,50,12,"ax,ay,az,gx,gy,gz,acc_mag,gyro_mag,jerk,roll,pitch,tilt_delta",20.0,25.0,uniform_20hz_time_interpolation_to_25hz,adl_sliding_capped,3913,4891,,,dataset_unit_map,wrist,bits,m/s^2,rad/s,m/s^2,rad/s,1.0,1.0,True,test,non_fall,non_fall,7.20197640475817e-05,none,lateral,0.9925498962402344
w25_00002323,bits,C:\Users\ADMIN\Desktop\ds-fall\data\raw\Dataset\adl\user36\user36_adl3.csv,C:\Users\ADMIN\Desktop\ds-fall\data\raw\Dataset,user36,user36_adl3,adl3,jogging,jogging,0,none,False,36,86,1.44,3.44,25.0,50,12,"ax,ay,az,gx,gy,gz,acc_mag,gyro_mag,jerk,roll,pitch,tilt_delta",20.0,25.0,uniform_20hz_time_interpolation_to_25hz,adl_sliding_capped,3913,4891,,,dataset_unit_map,wrist,bits,m/s^2,rad/s,m/s^2,rad/s,1.0,1.0,True,test,non_fall,non_fall,0.0001416273880749941,none,backward,0.9970341920852661
w25_00002324,bits,C:\Users\ADMIN\Desktop\ds-fall\data\raw\Dataset\adl\user36\user36_adl3.csv,C:\Users\ADMIN\Desktop\ds-fall\data\raw\Dataset,user36,user36_adl3,adl3,jogging,jogging,0,none,False,48,98,1.92,3.92,25.0,50,12,"ax,ay,az,gx,gy,gz,acc_mag,gyro_mag,jerk,roll,pitch,tilt_delta",20.0,25.0,uniform_20hz_time_interpolation_to_25hz,adl_sliding_capped,3913,4891,,,dataset_unit_map,wrist,bits,m/s^2,rad/s,m/s^2,rad/s,1.0,1.0,True,test,non_fall,non_fall,0.0001498141064075753,none,lateral,0.9972561001777649
w25_00002325,bits,C:\Users\ADMIN\Desktop\ds-fall\data\raw\Dataset\adl\user36\user36_adl4.csv,C:\Users\ADMIN\Desktop\ds-fall\data\raw\Dataset,user36,user36_adl4,adl4,jumping,jumping,0,none,False,0,50,0.0,2.0,25.0,50,12,"ax,ay,az,gx,gy,gz,acc_mag,gyro_mag,jerk,roll,pitch,tilt_delta",20.0,25.0,uniform_20hz_time_interpolation_to_25hz,adl_sliding_capped,1266,1582,,,dataset_unit_map,wrist,bits,m/s^2,rad/s,m/s^2,rad/s,1.0,1.0,True,test,non_fall,non_fall,0.013333023525774479,none,forward,0.5392798781394958
w25_00002326,bits,C:\Users\ADMIN\Desktop\ds-fall\data\raw\Dataset\adl\user36\user36_adl4.csv,C:\Users\ADMIN\Desktop\ds-fall\data\raw\Dataset,user36,user36_adl4,adl4,jumping,jumping,0,none,False,12,62,0.48,2.48,25.0,50,12,"ax,ay,az,gx,gy,gz,acc_mag,gyro_mag,jerk,roll,pitch,tilt_delta",20.0,25.0,uniform_20hz_time_interpolation_to_25hz,adl_sliding_capped,1266,1582,,,dataset_unit_map,wrist,bits,m/s^2,rad/s,m/s^2,rad/s,1.0,1.0,True,test,non_fall,non_fall,0.0028604883700609207,none,forward,0.5609351992607117
w25_00002327,bits,C:\Users\ADMIN\Desktop\ds-fall\data\raw\Dataset\adl\user36\user36_adl4.csv,C:\Users\ADMIN\Desktop\ds-fall\data\raw\Dataset,user36,user36_adl4,adl4,jumping,jumping,0,none,False,24,74,0.96,2.96,25.0,50,12,"ax,ay,az,gx,gy,gz,acc_mag,gyro_mag,jerk,roll,pitch,tilt_delta",20.0,25.0,uniform_20hz_time_interpolation_to_25hz,adl_sliding_capped,1266,1582,,,dataset_unit_map,wrist,bits,m/s^2,rad/s,m/s^2,rad/s,1.0,1.0,True,test,non_fall,non_fall,0.0014705166686326265,none,forward,0.9999072551727295
w25_00002328,bits,C:\Users\ADMIN\Desktop\ds-fall\data\raw\Dataset\adl\user36\user36_adl4.csv,C:\Users\ADMIN\Desktop\ds-fall\data\raw\Dataset,user36,user36_adl4,adl4,jumping,jumping,0,none,False,36,86,1.44,3.44,25.0,50,12,"ax,ay,az,gx,gy,gz,acc_mag,gyro_mag,jerk,roll,pitch,tilt_delta",20.0,25.0,uniform_20hz_time_interpolation_to_25hz,adl_sliding_capped,1266,1582,,,dataset_unit_map,wrist,bits,m/s^2,rad/s,m/s^2,rad/s,1.0,1.0,True,test,non_fall,non_fall,0.0052636852487921715,none,forward,0.9999700784683228
w25_00002329,bits,C:\Users\ADMIN\Desktop\ds-fall\data\raw\Dataset\adl\user36\user36_adl4.csv,C:\Users\ADMIN\Desktop\ds-fall\data\raw\Dataset,user36,user36_adl4,adl4,jumping,jumping,0,none,False,48,98,1.92,3.92,25.0,50,12,"ax,ay,az,gx,gy,gz,acc_mag,gyro_mag,jerk,roll,pitch,tilt_delta",20.0,25.0,uniform_20hz_time_interpolation_to_25hz,adl_sliding_capped,1266,1582,,,dataset_unit_map,wrist,bits,m/s^2,rad/s,m/s^2,rad/s,1.0,1.0,True,test,non_fall,non_fall,0.0025184962432831526,none,forward,0.9999780654907227
w25_00002330,bits,C:\Users\ADMIN\Desktop\ds-fall\data\raw\Dataset\adl\user36\user36_adl5.csv,C:\Users\ADMIN\Desktop\ds-fall\data\raw\Dataset,user36,user36_adl5,adl5,climbing_up_slowly,climbing_up_slowly,0,none,False,0,50,0.0,2.0,25.0,50,12,"ax,ay,az,gx,gy,gz,acc_mag,gyro_mag,jerk,roll,pitch,tilt_delta",20.0,25.0,uniform_20hz_time_interpolation_to_25hz,adl_sliding_capped,209,261,,,dataset_unit_map,wrist,bits,m/s^2,rad/s,m/s^2,rad/s,1.0,1.0,True,test,non_fall,non_fall,0.002742900513112545,none,forward,0.9926239252090454
w25_00002331,bits,C:\Users\ADMIN\Desktop\ds-fall\data\raw\Dataset\adl\user36\user36_adl5.csv,C:\Users\ADMIN\Desktop\ds-fall\data\raw\Dataset,user36,user36_adl5,adl5,climbing_up_slowly,climbing_up_slowly,0,none,False,12,62,0.48,2.48,25.0,50,12,"ax,ay,az,gx,gy,gz,acc_mag,gyro_mag,jerk,roll,pitch,tilt_delta",20.0,25.0,uniform_20hz_time_interpolation_to_25hz,adl_sliding_capped,209,261,,,dataset_unit_map,wrist,bits,m/s^2,rad/s,m/s^2,rad/s,1.0,1.0,True,test,non_fall,non_fall,0.0038347288500517607,none,forward,0.9889935851097107
w25_00002332,bits,C:\Users\ADMIN\Desktop\ds-fall\data\raw\Dataset\adl\user36\user36_adl5.csv,C:\Users\ADMIN\Desktop\ds-fall\data\raw\Dataset,user36,user36_adl5,adl5,climbing_up_slowly,climbing_up_slowly,0,none,False,24,74,0.96,2.96,25.0,50,12,"ax,ay,az,gx,gy,gz,acc_mag,gyro_mag,jerk,roll,pitch,tilt_delta",20.0,25.0,uniform_20hz_time_interpolation_to_25hz,adl_sliding_capped,209,261,,,dataset_unit_map,wrist,bits,m/s^2,rad/s,m/s^2,rad/s,1.0,1.0,True,test,non_fall,non_fall,0.0046220640651881695,none,lateral,0.9932131767272949
w25_00002333,bits,C:\Users\ADMIN\Desktop\ds-fall\data\raw\Dataset\adl\user36\user36_adl5.csv,C:\Users\ADMIN\Desktop\ds-fall\data\raw\Dataset,user36,user36_adl5,adl5,climbing_up_slowly,climbing_up_slowly,0,none,False,36,86,1.44,3.44,25.0,50,12,"ax,ay,az,gx,gy,gz,acc_mag,gyro_mag,jerk,roll,pitch,tilt_delta",20.0,25.0,uniform_20hz_time_interpolation_to_25hz,adl_sliding_capped,209,261,,,dataset_unit_map,wrist,bits,m/s^2,rad/s,m/s^2,rad/s,1.0,1.0,True,test,non_fall,non_fall,0.006106341723352671,none,lateral,0.9998739957809448
w25_00002334,bits,C:\Users\ADMIN\Desktop\ds-fall\data\raw\Dataset\adl\user36\user36_adl5.csv,C:\Users\ADMIN\Desktop\ds-fall\data\raw\Dataset,user36,user36_adl5,adl5,climbing_up_slowly,climbing_up_slowly,0,none,False,48,98,1.92,3.92,25.0,50,12,"ax,ay,az,gx,gy,gz,acc_mag,gyro_mag,jerk,roll,pitch,tilt_delta",20.0,25.0,uniform_20hz_time_interpolation_to_25hz,adl_sliding_capped,209,261,,,dataset_unit_map,wrist,bits,m/s^2,rad/s,m/s^2,rad/s,1.0,1.0,True,test,non_fall,non_fall,0.08310011029243469,none,lateral,0.9988049268722534
w25_00002335,bits,C:\Users\ADMIN\Desktop\ds-fall\data\raw\Dataset\adl\user36\user36_adl6.csv,C:\Users\ADMIN\Desktop\ds-fall\data\raw\Dataset,user36,user36_adl6,adl6,climbing_down_slowly,climbing_down_slowly,0,none,False,0,50,0.0,2.0,25.0,50,12,"ax,ay,az,gx,gy,gz,acc_mag,gyro_mag,jerk,roll,pitch,tilt_delta",20.0,25.0,uniform_20hz_time_interpolation_to_25hz,adl_sliding_capped,173,216,,,dataset_unit_map,wrist,bits,m/s^2,rad/s,m/s^2,rad/s,1.0,1.0,True,test,non_fall,non_fall,0.0030758960638195276,none,forward,0.9752251505851746
w25_00002336,bits,C:\Users\ADMIN\Desktop\ds-fall\data\raw\Dataset\adl\user36\user36_adl6.csv,C:\Users\ADMIN\Desktop\ds-fall\data\raw\Dataset,user36,user36_adl6,adl6,climbing_down_slowly,climbing_down_slowly,0,none,False,12,62,0.48,2.48,25.0,50,12,"ax,ay,az,gx,gy,gz,acc_mag,gyro_mag,jerk,roll,pitch,tilt_delta",20.0,25.0,uniform_20hz_time_interpolation_to_25hz,adl_sliding_capped,173,216,,,dataset_unit_map,wrist,bits,m/s^2,rad/s,m/s^2,rad/s,1.0,1.0,True,test,non_fall,non_fall,0.004004850052297115,none,forward,0.9573454260826111
w25_00002337,bits,C:\Users\ADMIN\Desktop\ds-fall\data\raw\Dataset\adl\user36\user36_adl6.csv,C:\Users\ADMIN\Desktop\ds-fall\data\raw\Dataset,user36,user36_adl6,adl6,climbing_down_slowly,climbing_down_slowly,0,none,False,24,74,0.96,2.96,25.0,50,12,"ax,ay,az,gx,gy,gz,acc_mag,gyro_mag,jerk,roll,pitch,tilt_delta",20.0,25.0,uniform_20hz_time_interpolation_to_25hz,adl_sliding_capped,173,216,,,dataset_unit_map,wrist,bits,m/s^2,rad/s,m/s^2,rad/s,1.0,1.0,True,test,non_fall,non_fall,0.005758581683039665,none,forward,0.9394811987876892
w25_00002338,bits,C:\Users\ADMIN\Desktop\ds-fall\data\raw\Dataset\adl\user36\user36_adl6.csv,C:\Users\ADMIN\Desktop\ds-fall\data\raw\Dataset,user36,user36_adl6,adl6,climbing_down_slowly,climbing_down_slowly,0,none,False,36,86,1.44,3.44,25.0,50,12,"ax,ay,az,gx,gy,gz,acc_mag,gyro_mag,jerk,roll,pitch,tilt_delta",20.0,25.0,uniform_20hz_time_interpolation_to_25hz,adl_sliding_capped,173,216,,,dataset_unit_map,wrist,bits,m/s^2,rad/s,m/s^2,rad/s,1.0,1.0,True,test,non_fall,non_fall,0.0653545930981636,none,forward,0.9713057279586792
w25_00002339,bits,C:\Users\ADMIN\Desktop\ds-fall\data\raw\Dataset\adl\user36\user36_adl6.csv,C:\Users\ADMIN\Desktop\ds-fall\data\raw\Dataset,user36,user36_adl6,adl6,climbing_down_slowly,climbing_down_slowly,0,none,False,48,98,1.92,3.92,25.0,50,12,"ax,ay,az,gx,gy,gz,acc_mag,gyro_mag,jerk,roll,pitch,tilt_delta",20.0,25.0,uniform_20hz_time_interpolation_to_25hz,adl_sliding_capped,173,216,,,dataset_unit_map,wrist,bits,m/s^2,rad/s,m/s^2,rad/s,1.0,1.0,True,test,non_fall,non_fall,0.06832669675350189,none,lateral,0.9889206290245056
w25_00002340,bits,C:\Users\ADMIN\Desktop\ds-fall\data\raw\Dataset\adl\user36\user36_adl7.csv,C:\Users\ADMIN\Desktop\ds-fall\data\raw\Dataset,user36,user36_adl7,adl7,climbing_up_normally,climbing_up_normally,0,none,False,0,50,0.0,2.0,25.0,50,12,"ax,ay,az,gx,gy,gz,acc_mag,gyro_mag,jerk,roll,pitch,tilt_delta",20.0,25.0,uniform_20hz_time_interpolation_to_25hz,adl_sliding_capped,776,969,,,dataset_unit_map,wrist,bits,m/s^2,rad/s,m/s^2,rad/s,1.0,1.0,True,test,non_fall,non_fall,0.0011389212450012565,none,forward,0.8698647618293762
w25_00002341,bits,C:\Users\ADMIN\Desktop\ds-fall\data\raw\Dataset\adl\user36\user36_adl7.csv,C:\Users\ADMIN\Desktop\ds-fall\data\raw\Dataset,user36,user36_adl7,adl7,climbing_up_normally,climbing_up_normally,0,none,False,12,62,0.48,2.48,25.0,50,12,"ax,ay,az,gx,gy,gz,acc_mag,gyro_mag,jerk,roll,pitch,tilt_delta",20.0,25.0,uniform_20hz_time_interpolation_to_25hz,adl_sliding_capped,776,969,,,dataset_unit_map,wrist,bits,m/s^2,rad/s,m/s^2,rad/s,1.0,1.0,True,test,non_fall,non_fall,0.0033974419347941875,none,forward,0.9900314807891846
w25_00002342,bits,C:\Users\ADMIN\Desktop\ds-fall\data\raw\Dataset\adl\user36\user36_adl7.csv,C:\Users\ADMIN\Desktop\ds-fall\data\raw\Dataset,user36,user36_adl7,adl7,climbing_up_normally,climbing_up_normally,0,none,False,24,74,0.96,2.96,25.0,50,12,"ax,ay,az,gx,gy,gz,acc_mag,gyro_mag,jerk,roll,pitch,tilt_delta",20.0,25.0,uniform_20hz_time_interpolation_to_25hz,adl_sliding_capped,776,969,,,dataset_unit_map,wrist,bits,m/s^2,rad/s,m/s^2,rad/s,1.0,1.0,True,test,non_fall,non_fall,0.0033316996414214373,none,forward,0.9899219870567322
w25_00002343,bits,C:\Users\ADMIN\Desktop\ds-fall\data\raw\Dataset\adl\user36\user36_adl7.csv,C:\Users\ADMIN\Desktop\ds-fall\data\raw\Dataset,user36,user36_adl7,adl7,climbing_up_normally,climbing_up_normally,0,none,False,36,86,1.44,3.44,25.0,50,12,"ax,ay,az,gx,gy,gz,acc_mag,gyro_mag,jerk,roll,pitch,tilt_delta",20.0,25.0,uniform_20hz_time_interpolation_to_25hz,adl_sliding_capped,776,969,,,dataset_unit_map,wrist,bits,m/s^2,rad/s,m/s^2,rad/s,1.0,1.0,True,test,non_fall,non_fall,0.0017093360656872392,none,forward,0.9823551774024963
w25_00002344,bits,C:\Users\ADMIN\Desktop\ds-fall\data\raw\Dataset\adl\user36\user36_adl7.csv,C:\Users\ADMIN\Desktop\ds-fall\data\raw\Dataset,user36,user36_adl7,adl7,climbing_up_normally,climbing_up_normally,0,none,False,48,98,1.92,3.92,25.0,50,12,"ax,ay,az,gx,gy,gz,acc_mag,gyro_mag,jerk,roll,pitch,tilt_delta",20.0,25.0,uniform_20hz_time_interpolation_to_25hz,adl_sliding_capped,776,969,,,dataset_unit_map,wrist,bits,m/s^2,rad/s,m/s^2,rad/s,1.0,1.0,True,test,non_fall,non_fall,0.005787324160337448,none,forward,0.9998219609260559
w25_00002345,bits,C:\Users\ADMIN\Desktop\ds-fall\data\raw\Dataset\adl\user36\user36_adl8.csv,C:\Users\ADMIN\Desktop\ds-fall\data\raw\Dataset,user36,user36_adl8,adl8,climbing_down_normally,climbing_down_normally,0,none,False,0,50,0.0,2.0,25.0,50,12,"ax,ay,az,gx,gy,gz,acc_mag,gyro_mag,jerk,roll,pitch,tilt_delta",20.0,25.0,uniform_20hz_time_interpolation_to_25hz,adl_sliding_capped,165,206,,,dataset_unit_map,wrist,bits,m/s^2,rad/s,m/s^2,rad/s,1.0,1.0,True,test,non_fall,non_fall,0.01648167334496975,none,lateral,0.9380159378051758
w25_00002346,bits,C:\Users\ADMIN\Desktop\ds-fall\data\raw\Dataset\adl\user36\user36_adl8.csv,C:\Users\ADMIN\Desktop\ds-fall\data\raw\Dataset,user36,user36_adl8,adl8,climbing_down_normally,climbing_down_normally,0,none,False,12,62,0.48,2.48,25.0,50,12,"ax,ay,az,gx,gy,gz,acc_mag,gyro_mag,jerk,roll,pitch,tilt_delta",20.0,25.0,uniform_20hz_time_interpolation_to_25hz,adl_sliding_capped,165,206,,,dataset_unit_map,wrist,bits,m/s^2,rad/s,m/s^2,rad/s,1.0,1.0,True,test,non_fall,non_fall,0.016300534829497337,none,backward,0.9860818386077881
w25_00002347,bits,C:\Users\ADMIN\Desktop\ds-fall\data\raw\Dataset\adl\user36\user36_adl8.csv,C:\Users\ADMIN\Desktop\ds-fall\data\raw\Dataset,user36,user36_adl8,adl8,climbing_down_normally,climbing_down_normally,0,none,False,24,74,0.96,2.96,25.0,50,12,"ax,ay,az,gx,gy,gz,acc_mag,gyro_mag,jerk,roll,pitch,tilt_delta",20.0,25.0,uniform_20hz_time_interpolation_to_25hz,adl_sliding_capped,165,206,,,dataset_unit_map,wrist,bits,m/s^2,rad/s,m/s^2,rad/s,1.0,1.0,True,test,non_fall,non_fall,0.0008231353131122887,none,backward,0.9638144373893738
w25_00002348,bits,C:\Users\ADMIN\Desktop\ds-fall\data\raw\Dataset\adl\user36\user36_adl8.csv,C:\Users\ADMIN\Desktop\ds-fall\data\raw\Dataset,user36,user36_adl8,adl8,climbing_down_normally,climbing_down_normally,0,none,False,36,86,1.44,3.44,25.0,50,12,"ax,ay,az,gx,gy,gz,acc_mag,gyro_mag,jerk,roll,pitch,tilt_delta",20.0,25.0,uniform_20hz_time_interpolation_to_25hz,adl_sliding_capped,165,206,,,dataset_unit_map,wrist,bits,m/s^2,rad/s,m/s^2,rad/s,1.0,1.0,True,test,non_fall,non_fall,0.0030219079926609993,none,backward,0.8916820883750916
w25_00002349,bits,C:\Users\ADMIN\Desktop\ds-fall\data\raw\Dataset\adl\user36\user36_adl8.csv,C:\Users\ADMIN\Desktop\ds-fall\data\raw\Dataset,user36,user36_adl8,adl8,climbing_down_normally,climbing_down_normally,0,none,False,48,98,1.92,3.92,25.0,50,12,"ax,ay,az,gx,gy,gz,acc_mag,gyro_mag,jerk,roll,pitch,tilt_delta",20.0,25.0,uniform_20hz_time_interpolation_to_25hz,adl_sliding_capped,165,206,,,dataset_unit_map,wrist,bits,m/s^2,rad/s,m/s^2,rad/s,1.0,1.0,True,test,non_fall,non_fall,0.0026761183980852365,none,backward,0.9858555197715759
w25_00002350,bits,C:\Users\ADMIN\Desktop\ds-fall\data\raw\Dataset\adl\user36\user36_adl9.csv,C:\Users\ADMIN\Desktop\ds-fall\data\raw\Dataset,user36,user36_adl9,adl9,slowly_sitting_on_chair,slowly_sitting_on_chair,0,none,False,0,50,0.0,2.0,25.0,50,12,"ax,ay,az,gx,gy,gz,acc_mag,gyro_mag,jerk,roll,pitch,tilt_delta",20.0,25.0,uniform_20hz_time_interpolation_to_25hz,adl_sliding_capped,178,222,,,dataset_unit_map,wrist,bits,m/s^2,rad/s,m/s^2,rad/s,1.0,1.0,True,test,non_fall,non_fall,0.04330412670969963,none,lateral,0.9371596574783325
w25_00002351,bits,C:\Users\ADMIN\Desktop\ds-fall\data\raw\Dataset\adl\user36\user36_adl9.csv,C:\Users\ADMIN\Desktop\ds-fall\data\raw\Dataset,user36,user36_adl9,adl9,slowly_sitting_on_chair,slowly_sitting_on_chair,0,none,False,12,62,0.48,2.48,25.0,50,12,"ax,ay,az,gx,gy,gz,acc_mag,gyro_mag,jerk,roll,pitch,tilt_delta",20.0,25.0,uniform_20hz_time_interpolation_to_25hz,adl_sliding_capped,178,222,,,dataset_unit_map,wrist,bits,m/s^2,rad/s,m/s^2,rad/s,1.0,1.0,True,test,non_fall,non_fall,0.02014629915356636,none,lateral,0.9635843634605408
w25_00002352,bits,C:\Users\ADMIN\Desktop\ds-fall\data\raw\Dataset\adl\user36\user36_adl9.csv,C:\Users\ADMIN\Desktop\ds-fall\data\raw\Dataset,user36,user36_adl9,adl9,slowly_sitting_on_chair,slowly_sitting_on_chair,0,none,False,24,74,0.96,2.96,25.0,50,12,"ax,ay,az,gx,gy,gz,acc_mag,gyro_mag,jerk,roll,pitch,tilt_delta",20.0,25.0,uniform_20hz_time_interpolation_to_25hz,adl_sliding_capped,178,222,,,dataset_unit_map,wrist,bits,m/s^2,rad/s,m/s^2,rad/s,1.0,1.0,True,test,non_fall,non_fall,0.007362434174865484,none,lateral,0.9611660838127136
w25_00002353,bits,C:\Users\ADMIN\Desktop\ds-fall\data\raw\Dataset\adl\user36\user36_adl9.csv,C:\Users\ADMIN\Desktop\ds-fall\data\raw\Dataset,user36,user36_adl9,adl9,slowly_sitting_on_chair,slowly_sitting_on_chair,0,none,False,36,86,1.44,3.44,25.0,50,12,"ax,ay,az,gx,gy,gz,acc_mag,gyro_mag,jerk,roll,pitch,tilt_delta",20.0,25.0,uniform_20hz_time_interpolation_to_25hz,adl_sliding_capped,178,222,,,dataset_unit_map,wrist,bits,m/s^2,rad/s,m/s^2,rad/s,1.0,1.0,True,test,non_fall,non_fall,0.016146067529916763,none,lateral,0.9387574791908264
w25_00002354,bits,C:\Users\ADMIN\Desktop\ds-fall\data\raw\Dataset\adl\user36\user36_adl9.csv,C:\Users\ADMIN\Desktop\ds-fall\data\raw\Dataset,user36,user36_adl9,adl9,slowly_sitting_on_chair,slowly_sitting_on_chair,0,none,False,48,98,1.92,3.92,25.0,50,12,"ax,ay,az,gx,gy,gz,acc_mag,gyro_mag,jerk,roll,pitch,tilt_delta",20.0,25.0,uniform_20hz_time_interpolation_to_25hz,adl_sliding_capped,178,222,,,dataset_unit_map,wrist,bits,m/s^2,rad/s,m/s^2,rad/s,1.0,1.0,True,test,non_fall,non_fall,0.019260557368397713,none,lateral,0.9046134352684021
w25_00002515,bits,C:\Users\ADMIN\Desktop\ds-fall\data\raw\Dataset\adl\user39\user39_adl1.csv,C:\Users\ADMIN\Desktop\ds-fall\data\raw\Dataset,user39,user39_adl1,adl1,walking_slowly,walking_slowly,0,none,False,0,50,0.0,2.0,25.0,50,12,"ax,ay,az,gx,gy,gz,acc_mag,gyro_mag,jerk,roll,pitch,tilt_delta",20.0,25.0,uniform_20hz_time_interpolation_to_25hz,adl_sliding_capped,154,192,,,dataset_unit_map,wrist,bits,m/s^2,rad/s,m/s^2,rad/s,1.0,1.0,True,test,non_fall,non_fall,0.012875201180577278,none,lateral,0.4863923192024231
w25_00002516,bits,C:\Users\ADMIN\Desktop\ds-fall\data\raw\Dataset\adl\user39\user39_adl1.csv,C:\Users\ADMIN\Desktop\ds-fall\data\raw\Dataset,user39,user39_adl1,adl1,walking_slowly,walking_slowly,0,none,False,12,62,0.48,2.48,25.0,50,12,"ax,ay,az,gx,gy,gz,acc_mag,gyro_mag,jerk,roll,pitch,tilt_delta",20.0,25.0,uniform_20hz_time_interpolation_to_25hz,adl_sliding_capped,154,192,,,dataset_unit_map,wrist,bits,m/s^2,rad/s,m/s^2,rad/s,1.0,1.0,True,test,non_fall,non_fall,0.01137666217982769,none,forward,0.7929521799087524
w25_00002517,bits,C:\Users\ADMIN\Desktop\ds-fall\data\raw\Dataset\adl\user39\user39_adl1.csv,C:\Users\ADMIN\Desktop\ds-fall\data\raw\Dataset,user39,user39_adl1,adl1,walking_slowly,walking_slowly,0,none,False,24,74,0.96,2.96,25.0,50,12,"ax,ay,az,gx,gy,gz,acc_mag,gyro_mag,jerk,roll,pitch,tilt_delta",20.0,25.0,uniform_20hz_time_interpolation_to_25hz,adl_sliding_capped,154,192,,,dataset_unit_map,wrist,bits,m/s^2,rad/s,m/s^2,rad/s,1.0,1.0,True,test,non_fall,non_fall,0.00827342364937067,none,forward,0.9300732612609863
w25_00002518,bits,C:\Users\ADMIN\Desktop\ds-fall\data\raw\Dataset\adl\user39\user39_adl1.csv,C:\Users\ADMIN\Desktop\ds-fall\data\raw\Dataset,user39,user39_adl1,adl1,walking_slowly,walking_slowly,0,none,False,36,86,1.44,3.44,25.0,50,12,"ax,ay,az,gx,gy,gz,acc_mag,gyro_mag,jerk,roll,pitch,tilt_delta",20.0,25.0,uniform_20hz_time_interpolation_to_25hz,adl_sliding_capped,154,192,,,dataset_unit_map,wrist,bits,m/s^2,rad/s,m/s^2,rad/s,1.0,1.0,True,test,non_fall,non_fall,0.006939702667295933,none,forward,0.9549998641014099
w25_00002519,bits,C:\Users\ADMIN\Desktop\ds-fall\data\raw\Dataset\adl\user39\user39_adl1.csv,C:\Users\ADMIN\Desktop\ds-fall\data\raw\Dataset,user39,user39_adl1,adl1,walking_slowly,walking_slowly,0,none,False,48,98,1.92,3.92,25.0,50,12,"ax,ay,az,gx,gy,gz,acc_mag,gyro_mag,jerk,roll,pitch,tilt_delta",20.0,25.0,uniform_20hz_time_interpolation_to_25hz,adl_sliding_capped,154,192,,,dataset_unit_map,wrist,bits,m/s^2,rad/s,m/s^2,rad/s,1.0,1.0,True,test,non_fall,non_fall,0.006513010710477829,none,forward,0.945307731628418
w25_00002520,bits,C:\Users\ADMIN\Desktop\ds-fall\data\raw\Dataset\adl\user39\user39_adl10.csv,C:\Users\ADMIN\Desktop\ds-fall\data\raw\Dataset,user39,user39_adl10,adl10,rapidly_sitting_on_chair,rapidly_sitting_on_chair,0,none,False,0,50,0.0,2.0,25.0,50,12,"ax,ay,az,gx,gy,gz,acc_mag,gyro_mag,jerk,roll,pitch,tilt_delta",20.0,25.0,uniform_20hz_time_interpolation_to_25hz,adl_sliding_capped,329,411,,,dataset_unit_map,wrist,bits,m/s^2,rad/s,m/s^2,rad/s,1.0,1.0,True,test,non_fall,non_fall,0.01638033799827099,none,lateral,0.9848411679267883
w25_00002521,bits,C:\Users\ADMIN\Desktop\ds-fall\data\raw\Dataset\adl\user39\user39_adl10.csv,C:\Users\ADMIN\Desktop\ds-fall\data\raw\Dataset,user39,user39_adl10,adl10,rapidly_sitting_on_chair,rapidly_sitting_on_chair,0,none,False,12,62,0.48,2.48,25.0,50,12,"ax,ay,az,gx,gy,gz,acc_mag,gyro_mag,jerk,roll,pitch,tilt_delta",20.0,25.0,uniform_20hz_time_interpolation_to_25hz,adl_sliding_capped,329,411,,,dataset_unit_map,wrist,bits,m/s^2,rad/s,m/s^2,rad/s,1.0,1.0,True,test,non_fall,non_fall,0.014215321280062199,none,lateral,0.9857051372528076
w25_00002522,bits,C:\Users\ADMIN\Desktop\ds-fall\data\raw\Dataset\adl\user39\user39_adl10.csv,C:\Users\ADMIN\Desktop\ds-fall\data\raw\Dataset,user39,user39_adl10,adl10,rapidly_sitting_on_chair,rapidly_sitting_on_chair,0,none,False,24,74,0.96,2.96,25.0,50,12,"ax,ay,az,gx,gy,gz,acc_mag,gyro_mag,jerk,roll,pitch,tilt_delta",20.0,25.0,uniform_20hz_time_interpolation_to_25hz,adl_sliding_capped,329,411,,,dataset_unit_map,wrist,bits,m/s^2,rad/s,m/s^2,rad/s,1.0,1.0,True,test,non_fall,non_fall,0.009407149627804756,none,lateral,0.9841948747634888
w25_00002523,bits,C:\Users\ADMIN\Desktop\ds-fall\data\raw\Dataset\adl\user39\user39_adl10.csv,C:\Users\ADMIN\Desktop\ds-fall\data\raw\Dataset,user39,user39_adl10,adl10,rapidly_sitting_on_chair,rapidly_sitting_on_chair,0,none,False,36,86,1.44,3.44,25.0,50,12,"ax,ay,az,gx,gy,gz,acc_mag,gyro_mag,jerk,roll,pitch,tilt_delta",20.0,25.0,uniform_20hz_time_interpolation_to_25hz,adl_sliding_capped,329,411,,,dataset_unit_map,wrist,bits,m/s^2,rad/s,m/s^2,rad/s,1.0,1.0,True,test,non_fall,non_fall,0.00926603376865387,none,lateral,0.9797837734222412
w25_00002524,bits,C:\Users\ADMIN\Desktop\ds-fall\data\raw\Dataset\adl\user39\user39_adl10.csv,C:\Users\ADMIN\Desktop\ds-fall\data\raw\Dataset,user39,user39_adl10,adl10,rapidly_sitting_on_chair,rapidly_sitting_on_chair,0,none,False,48,98,1.92,3.92,25.0,50,12,"ax,ay,az,gx,gy,gz,acc_mag,gyro_mag,jerk,roll,pitch,tilt_delta",20.0,25.0,uniform_20hz_time_interpolation_to_25hz,adl_sliding_capped,329,411,,,dataset_unit_map,wrist,bits,m/s^2,rad/s,m/s^2,rad/s,1.0,1.0,True,test,non_fall,non_fall,0.007344603072851896,none,lateral,0.9727939963340759
w25_00002525,bits,C:\Users\ADMIN\Desktop\ds-fall\data\raw\Dataset\adl\user39\user39_adl11.csv,C:\Users\ADMIN\Desktop\ds-fall\data\raw\Dataset,user39,user39_adl11,adl11,nearly_sitting_and_getting_up,nearly_sitting_and_getting_up,0,none,False,0,50,0.0,2.0,25.0,50,12,"ax,ay,az,gx,gy,gz,acc_mag,gyro_mag,jerk,roll,pitch,tilt_delta",20.0,25.0,uniform_20hz_time_interpolation_to_25hz,adl_sliding_capped,349,436,,,dataset_unit_map,wrist,bits,m/s^2,rad/s,m/s^2,rad/s,1.0,1.0,True,test,non_fall,non_fall,0.006639253348112106,none,lateral,0.9735884070396423
w25_00002526,bits,C:\Users\ADMIN\Desktop\ds-fall\data\raw\Dataset\adl\user39\user39_adl11.csv,C:\Users\ADMIN\Desktop\ds-fall\data\raw\Dataset,user39,user39_adl11,adl11,nearly_sitting_and_getting_up,nearly_sitting_and_getting_up,0,none,False,12,62,0.48,2.48,25.0,50,12,"ax,ay,az,gx,gy,gz,acc_mag,gyro_mag,jerk,roll,pitch,tilt_delta",20.0,25.0,uniform_20hz_time_interpolation_to_25hz,adl_sliding_capped,349,436,,,dataset_unit_map,wrist,bits,m/s^2,rad/s,m/s^2,rad/s,1.0,1.0,True,test,non_fall,non_fall,0.013603606261312962,none,lateral,0.7526959180831909
w25_00002527,bits,C:\Users\ADMIN\Desktop\ds-fall\data\raw\Dataset\adl\user39\user39_adl11.csv,C:\Users\ADMIN\Desktop\ds-fall\data\raw\Dataset,user39,user39_adl11,adl11,nearly_sitting_and_getting_up,nearly_sitting_and_getting_up,0,none,False,24,74,0.96,2.96,25.0,50,12,"ax,ay,az,gx,gy,gz,acc_mag,gyro_mag,jerk,roll,pitch,tilt_delta",20.0,25.0,uniform_20hz_time_interpolation_to_25hz,adl_sliding_capped,349,436,,,dataset_unit_map,wrist,bits,m/s^2,rad/s,m/s^2,rad/s,1.0,1.0,True,test,non_fall,non_fall,0.0065294234082102776,none,forward,0.7585593461990356
w25_00002528,bits,C:\Users\ADMIN\Desktop\ds-fall\data\raw\Dataset\adl\user39\user39_adl11.csv,C:\Users\ADMIN\Desktop\ds-fall\data\raw\Dataset,user39,user39_adl11,adl11,nearly_sitting_and_getting_up,nearly_sitting_and_getting_up,0,none,False,36,86,1.44,3.44,25.0,50,12,"ax,ay,az,gx,gy,gz,acc_mag,gyro_mag,jerk,roll,pitch,tilt_delta",20.0,25.0,uniform_20hz_time_interpolation_to_25hz,adl_sliding_capped,349,436,,,dataset_unit_map,wrist,bits,m/s^2,rad/s,m/s^2,rad/s,1.0,1.0,True,test,non_fall,non_fall,0.0032862296793609858,none,forward,0.8937191367149353
w25_00002529,bits,C:\Users\ADMIN\Desktop\ds-fall\data\raw\Dataset\adl\user39\user39_adl11.csv,C:\Users\ADMIN\Desktop\ds-fall\data\raw\Dataset,user39,user39_adl11,adl11,nearly_sitting_and_getting_up,nearly_sitting_and_getting_up,0,none,False,48,98,1.92,3.92,25.0,50,12,"ax,ay,az,gx,gy,gz,acc_mag,gyro_mag,jerk,roll,pitch,tilt_delta",20.0,25.0,uniform_20hz_time_interpolation_to_25hz,adl_sliding_capped,349,436,,,dataset_unit_map,wrist,bits,m/s^2,rad/s,m/s^2,rad/s,1.0,1.0,True,test,non_fall,non_fall,0.004176044370979071,none,forward,0.9015235304832458
w25_00002530,bits,C:\Users\ADMIN\Desktop\ds-fall\data\raw\Dataset\adl\user39\user39_adl12.csv,C:\Users\ADMIN\Desktop\ds-fall\data\raw\Dataset,user39,user39_adl12,adl12,swinging_hands,swinging_hands,0,none,False,0,50,0.0,2.0,25.0,50,12,"ax,ay,az,gx,gy,gz,acc_mag,gyro_mag,jerk,roll,pitch,tilt_delta",20.0,25.0,uniform_20hz_time_interpolation_to_25hz,adl_sliding_capped,381,476,,,dataset_unit_map,wrist,bits,m/s^2,rad/s,m/s^2,rad/s,1.0,1.0,True,test,non_fall,non_fall,0.004652046598494053,none,lateral,0.9790038466453552
w25_00002531,bits,C:\Users\ADMIN\Desktop\ds-fall\data\raw\Dataset\adl\user39\user39_adl12.csv,C:\Users\ADMIN\Desktop\ds-fall\data\raw\Dataset,user39,user39_adl12,adl12,swinging_hands,swinging_hands,0,none,False,12,62,0.48,2.48,25.0,50,12,"ax,ay,az,gx,gy,gz,acc_mag,gyro_mag,jerk,roll,pitch,tilt_delta",20.0,25.0,uniform_20hz_time_interpolation_to_25hz,adl_sliding_capped,381,476,,,dataset_unit_map,wrist,bits,m/s^2,rad/s,m/s^2,rad/s,1.0,1.0,True,test,non_fall,non_fall,0.0027624741196632385,none,forward,0.9977052807807922
w25_00002532,bits,C:\Users\ADMIN\Desktop\ds-fall\data\raw\Dataset\adl\user39\user39_adl12.csv,C:\Users\ADMIN\Desktop\ds-fall\data\raw\Dataset,user39,user39_adl12,adl12,swinging_hands,swinging_hands,0,none,False,24,74,0.96,2.96,25.0,50,12,"ax,ay,az,gx,gy,gz,acc_mag,gyro_mag,jerk,roll,pitch,tilt_delta",20.0,25.0,uniform_20hz_time_interpolation_to_25hz,adl_sliding_capped,381,476,,,dataset_unit_map,wrist,bits,m/s^2,rad/s,m/s^2,rad/s,1.0,1.0,True,test,non_fall,non_fall,0.0031280198600143194,none,forward,0.995641827583313
w25_00002533,bits,C:\Users\ADMIN\Desktop\ds-fall\data\raw\Dataset\adl\user39\user39_adl12.csv,C:\Users\ADMIN\Desktop\ds-fall\data\raw\Dataset,user39,user39_adl12,adl12,swinging_hands,swinging_hands,0,none,False,36,86,1.44,3.44,25.0,50,12,"ax,ay,az,gx,gy,gz,acc_mag,gyro_mag,jerk,roll,pitch,tilt_delta",20.0,25.0,uniform_20hz_time_interpolation_to_25hz,adl_sliding_capped,381,476,,,dataset_unit_map,wrist,bits,m/s^2,rad/s,m/s^2,rad/s,1.0,1.0,True,test,non_fall,non_fall,0.0036537901032716036,none,forward,0.9989652633666992
w25_00002534,bits,C:\Users\ADMIN\Desktop\ds-fall\data\raw\Dataset\adl\user39\user39_adl12.csv,C:\Users\ADMIN\Desktop\ds-fall\data\raw\Dataset,user39,user39_adl12,adl12,swinging_hands,swinging_hands,0,none,False,48,98,1.92,3.92,25.0,50,12,"ax,ay,az,gx,gy,gz,acc_mag,gyro_mag,jerk,roll,pitch,tilt_delta",20.0,25.0,uniform_20hz_time_interpolation_to_25hz,adl_sliding_capped,381,476,,,dataset_unit_map,wrist,bits,m/s^2,rad/s,m/s^2,rad/s,1.0,1.0,True,test,non_fall,non_fall,0.0025501386262476444,none,forward,0.976407527923584
w25_00002535,bits,C:\Users\ADMIN\Desktop\ds-fall\data\raw\Dataset\adl\user39\user39_adl13.csv,C:\Users\ADMIN\Desktop\ds-fall\data\raw\Dataset,user39,user39_adl13,adl13,lying_on_bed,lying_on_bed,0,none,False,0,50,0.0,2.0,25.0,50,12,"ax,ay,az,gx,gy,gz,acc_mag,gyro_mag,jerk,roll,pitch,tilt_delta",20.0,25.0,uniform_20hz_time_interpolation_to_25hz,adl_sliding_capped,845,1056,,,dataset_unit_map,wrist,bits,m/s^2,rad/s,m/s^2,rad/s,1.0,1.0,True,test,non_fall,non_fall,0.0036649673711508512,none,backward,0.9981062412261963
w25_00002536,bits,C:\Users\ADMIN\Desktop\ds-fall\data\raw\Dataset\adl\user39\user39_adl13.csv,C:\Users\ADMIN\Desktop\ds-fall\data\raw\Dataset,user39,user39_adl13,adl13,lying_on_bed,lying_on_bed,0,none,False,12,62,0.48,2.48,25.0,50,12,"ax,ay,az,gx,gy,gz,acc_mag,gyro_mag,jerk,roll,pitch,tilt_delta",20.0,25.0,uniform_20hz_time_interpolation_to_25hz,adl_sliding_capped,845,1056,,,dataset_unit_map,wrist,bits,m/s^2,rad/s,m/s^2,rad/s,1.0,1.0,True,test,non_fall,non_fall,0.0038448574487119913,none,backward,0.9981549382209778
w25_00002537,bits,C:\Users\ADMIN\Desktop\ds-fall\data\raw\Dataset\adl\user39\user39_adl13.csv,C:\Users\ADMIN\Desktop\ds-fall\data\raw\Dataset,user39,user39_adl13,adl13,lying_on_bed,lying_on_bed,0,none,False,24,74,0.96,2.96,25.0,50,12,"ax,ay,az,gx,gy,gz,acc_mag,gyro_mag,jerk,roll,pitch,tilt_delta",20.0,25.0,uniform_20hz_time_interpolation_to_25hz,adl_sliding_capped,845,1056,,,dataset_unit_map,wrist,bits,m/s^2,rad/s,m/s^2,rad/s,1.0,1.0,True,test,non_fall,non_fall,0.0038178148679435253,none,backward,0.9981770515441895
w25_00002538,bits,C:\Users\ADMIN\Desktop\ds-fall\data\raw\Dataset\adl\user39\user39_adl13.csv,C:\Users\ADMIN\Desktop\ds-fall\data\raw\Dataset,user39,user39_adl13,adl13,lying_on_bed,lying_on_bed,0,none,False,36,86,1.44,3.44,25.0,50,12,"ax,ay,az,gx,gy,gz,acc_mag,gyro_mag,jerk,roll,pitch,tilt_delta",20.0,25.0,uniform_20hz_time_interpolation_to_25hz,adl_sliding_capped,845,1056,,,dataset_unit_map,wrist,bits,m/s^2,rad/s,m/s^2,rad/s,1.0,1.0,True,test,non_fall,non_fall,0.003837130730971694,none,backward,0.9981783628463745
w25_00002539,bits,C:\Users\ADMIN\Desktop\ds-fall\data\raw\Dataset\adl\user39\user39_adl13.csv,C:\Users\ADMIN\Desktop\ds-fall\data\raw\Dataset,user39,user39_adl13,adl13,lying_on_bed,lying_on_bed,0,none,False,48,98,1.92,3.92,25.0,50,12,"ax,ay,az,gx,gy,gz,acc_mag,gyro_mag,jerk,roll,pitch,tilt_delta",20.0,25.0,uniform_20hz_time_interpolation_to_25hz,adl_sliding_capped,845,1056,,,dataset_unit_map,wrist,bits,m/s^2,rad/s,m/s^2,rad/s,1.0,1.0,True,test,non_fall,non_fall,0.003853084286674857,none,backward,0.9982150793075562
w25_00002540,bits,C:\Users\ADMIN\Desktop\ds-fall\data\raw\Dataset\adl\user39\user39_adl14.csv,C:\Users\ADMIN\Desktop\ds-fall\data\raw\Dataset,user39,user39_adl14,adl14,lying_on_back_getting_up_slowly,lying_on_back_getting_up_slowly,0,none,False,0,50,0.0,2.0,25.0,50,12,"ax,ay,az,gx,gy,gz,acc_mag,gyro_mag,jerk,roll,pitch,tilt_delta",20.0,25.0,uniform_20hz_time_interpolation_to_25hz,adl_sliding_capped,355,443,,,dataset_unit_map,wrist,bits,m/s^2,rad/s,m/s^2,rad/s,1.0,1.0,True,test,non_fall,non_fall,0.003548264503479004,none,backward,0.9957834482192993
w25_00002541,bits,C:\Users\ADMIN\Desktop\ds-fall\data\raw\Dataset\adl\user39\user39_adl14.csv,C:\Users\ADMIN\Desktop\ds-fall\data\raw\Dataset,user39,user39_adl14,adl14,lying_on_back_getting_up_slowly,lying_on_back_getting_up_slowly,0,none,False,12,62,0.48,2.48,25.0,50,12,"ax,ay,az,gx,gy,gz,acc_mag,gyro_mag,jerk,roll,pitch,tilt_delta",20.0,25.0,uniform_20hz_time_interpolation_to_25hz,adl_sliding_capped,355,443,,,dataset_unit_map,wrist,bits,m/s^2,rad/s,m/s^2,rad/s,1.0,1.0,True,test,non_fall,non_fall,0.003771998453885317,none,backward,0.9951316118240356
w25_00002542,bits,C:\Users\ADMIN\Desktop\ds-fall\data\raw\Dataset\adl\user39\user39_adl14.csv,C:\Users\ADMIN\Desktop\ds-fall\data\raw\Dataset,user39,user39_adl14,adl14,lying_on_back_getting_up_slowly,lying_on_back_getting_up_slowly,0,none,False,24,74,0.96,2.96,25.0,50,12,"ax,ay,az,gx,gy,gz,acc_mag,gyro_mag,jerk,roll,pitch,tilt_delta",20.0,25.0,uniform_20hz_time_interpolation_to_25hz,adl_sliding_capped,355,443,,,dataset_unit_map,wrist,bits,m/s^2,rad/s,m/s^2,rad/s,1.0,1.0,True,test,non_fall,non_fall,0.0031667526345700026,none,backward,0.991878867149353
w25_00002543,bits,C:\Users\ADMIN\Desktop\ds-fall\data\raw\Dataset\adl\user39\user39_adl14.csv,C:\Users\ADMIN\Desktop\ds-fall\data\raw\Dataset,user39,user39_adl14,adl14,lying_on_back_getting_up_slowly,lying_on_back_getting_up_slowly,0,none,False,36,86,1.44,3.44,25.0,50,12,"ax,ay,az,gx,gy,gz,acc_mag,gyro_mag,jerk,roll,pitch,tilt_delta",20.0,25.0,uniform_20hz_time_interpolation_to_25hz,adl_sliding_capped,355,443,,,dataset_unit_map,wrist,bits,m/s^2,rad/s,m/s^2,rad/s,1.0,1.0,True,test,non_fall,non_fall,0.0028444824274629354,none,backward,0.9890073537826538
w25_00002544,bits,C:\Users\ADMIN\Desktop\ds-fall\data\raw\Dataset\adl\user39\user39_adl14.csv,C:\Users\ADMIN\Desktop\ds-fall\data\raw\Dataset,user39,user39_adl14,adl14,lying_on_back_getting_up_slowly,lying_on_back_getting_up_slowly,0,none,False,48,98,1.92,3.92,25.0,50,12,"ax,ay,az,gx,gy,gz,acc_mag,gyro_mag,jerk,roll,pitch,tilt_delta",20.0,25.0,uniform_20hz_time_interpolation_to_25hz,adl_sliding_capped,355,443,,,dataset_unit_map,wrist,bits,m/s^2,rad/s,m/s^2,rad/s,1.0,1.0,True,test,non_fall,non_fall,0.0025352032389491796,none,backward,0.9866199493408203
w25_00002545,bits,C:\Users\ADMIN\Desktop\ds-fall\data\raw\Dataset\adl\user39\user39_adl15.csv,C:\Users\ADMIN\Desktop\ds-fall\data\raw\Dataset,user39,user39_adl15,adl15,lying_on_back_getting_up_normally,lying_on_back_getting_up_normally,0,none,False,0,50,0.0,2.0,25.0,50,12,"ax,ay,az,gx,gy,gz,acc_mag,gyro_mag,jerk,roll,pitch,tilt_delta",20.0,25.0,uniform_20hz_time_interpolation_to_25hz,adl_sliding_capped,202,252,,,dataset_unit_map,wrist,bits,m/s^2,rad/s,m/s^2,rad/s,1.0,1.0,True,test,non_fall,non_fall,0.004494744352996349,none,backward,0.999786913394928
w25_00002546,bits,C:\Users\ADMIN\Desktop\ds-fall\data\raw\Dataset\adl\user39\user39_adl15.csv,C:\Users\ADMIN\Desktop\ds-fall\data\raw\Dataset,user39,user39_adl15,adl15,lying_on_back_getting_up_normally,lying_on_back_getting_up_normally,0,none,False,12,62,0.48,2.48,25.0,50,12,"ax,ay,az,gx,gy,gz,acc_mag,gyro_mag,jerk,roll,pitch,tilt_delta",20.0,25.0,uniform_20hz_time_interpolation_to_25hz,adl_sliding_capped,202,252,,,dataset_unit_map,wrist,bits,m/s^2,rad/s,m/s^2,rad/s,1.0,1.0,True,test,non_fall,non_fall,0.0058449385687708855,none,backward,0.9998830556869507
w25_00002547,bits,C:\Users\ADMIN\Desktop\ds-fall\data\raw\Dataset\adl\user39\user39_adl15.csv,C:\Users\ADMIN\Desktop\ds-fall\data\raw\Dataset,user39,user39_adl15,adl15,lying_on_back_getting_up_normally,lying_on_back_getting_up_normally,0,none,False,24,74,0.96,2.96,25.0,50,12,"ax,ay,az,gx,gy,gz,acc_mag,gyro_mag,jerk,roll,pitch,tilt_delta",20.0,25.0,uniform_20hz_time_interpolation_to_25hz,adl_sliding_capped,202,252,,,dataset_unit_map,wrist,bits,m/s^2,rad/s,m/s^2,rad/s,1.0,1.0,True,test,non_fall,non_fall,0.006602034438401461,none,backward,0.9999446868896484
w25_00002548,bits,C:\Users\ADMIN\Desktop\ds-fall\data\raw\Dataset\adl\user39\user39_adl15.csv,C:\Users\ADMIN\Desktop\ds-fall\data\raw\Dataset,user39,user39_adl15,adl15,lying_on_back_getting_up_normally,lying_on_back_getting_up_normally,0,none,False,36,86,1.44,3.44,25.0,50,12,"ax,ay,az,gx,gy,gz,acc_mag,gyro_mag,jerk,roll,pitch,tilt_delta",20.0,25.0,uniform_20hz_time_interpolation_to_25hz,adl_sliding_capped,202,252,,,dataset_unit_map,wrist,bits,m/s^2,rad/s,m/s^2,rad/s,1.0,1.0,True,test,non_fall,non_fall,0.007571395020931959,none,backward,0.9999783039093018
w25_00002549,bits,C:\Users\ADMIN\Desktop\ds-fall\data\raw\Dataset\adl\user39\user39_adl15.csv,C:\Users\ADMIN\Desktop\ds-fall\data\raw\Dataset,user39,user39_adl15,adl15,lying_on_back_getting_up_normally,lying_on_back_getting_up_normally,0,none,False,48,98,1.92,3.92,25.0,50,12,"ax,ay,az,gx,gy,gz,acc_mag,gyro_mag,jerk,roll,pitch,tilt_delta",20.0,25.0,uniform_20hz_time_interpolation_to_25hz,adl_sliding_capped,202,252,,,dataset_unit_map,wrist,bits,m/s^2,rad/s,m/s^2,rad/s,1.0,1.0,True,test,non_fall,non_fall,0.006105317268520594,none,backward,0.9999799728393555
w25_00002550,bits,C:\Users\ADMIN\Desktop\ds-fall\data\raw\Dataset\adl\user39\user39_adl16.csv,C:\Users\ADMIN\Desktop\ds-fall\data\raw\Dataset,user39,user39_adl16,adl16,lying_sideways_to_back,lying_sideways_to_back,0,none,False,0,50,0.0,2.0,25.0,50,12,"ax,ay,az,gx,gy,gz,acc_mag,gyro_mag,jerk,roll,pitch,tilt_delta",20.0,25.0,uniform_20hz_time_interpolation_to_25hz,adl_sliding_capped,255,318,,,dataset_unit_map,wrist,bits,m/s^2,rad/s,m/s^2,rad/s,1.0,1.0,True,test,non_fall,non_fall,0.0017273550620302558,none,backward,0.9137906432151794
w25_00002551,bits,C:\Users\ADMIN\Desktop\ds-fall\data\raw\Dataset\adl\user39\user39_adl16.csv,C:\Users\ADMIN\Desktop\ds-fall\data\raw\Dataset,user39,user39_adl16,adl16,lying_sideways_to_back,lying_sideways_to_back,0,none,False,12,62,0.48,2.48,25.0,50,12,"ax,ay,az,gx,gy,gz,acc_mag,gyro_mag,jerk,roll,pitch,tilt_delta",20.0,25.0,uniform_20hz_time_interpolation_to_25hz,adl_sliding_capped,255,318,,,dataset_unit_map,wrist,bits,m/s^2,rad/s,m/s^2,rad/s,1.0,1.0,True,test,non_fall,non_fall,0.001752756186760962,none,backward,0.9151611924171448
w25_00002552,bits,C:\Users\ADMIN\Desktop\ds-fall\data\raw\Dataset\adl\user39\user39_adl16.csv,C:\Users\ADMIN\Desktop\ds-fall\data\raw\Dataset,user39,user39_adl16,adl16,lying_sideways_to_back,lying_sideways_to_back,0,none,False,24,74,0.96,2.96,25.0,50,12,"ax,ay,az,gx,gy,gz,acc_mag,gyro_mag,jerk,roll,pitch,tilt_delta",20.0,25.0,uniform_20hz_time_interpolation_to_25hz,adl_sliding_capped,255,318,,,dataset_unit_map,wrist,bits,m/s^2,rad/s,m/s^2,rad/s,1.0,1.0,True,test,non_fall,non_fall,0.0017558240797370672,none,backward,0.9106485843658447
w25_00002553,bits,C:\Users\ADMIN\Desktop\ds-fall\data\raw\Dataset\adl\user39\user39_adl16.csv,C:\Users\ADMIN\Desktop\ds-fall\data\raw\Dataset,user39,user39_adl16,adl16,lying_sideways_to_back,lying_sideways_to_back,0,none,False,36,86,1.44,3.44,25.0,50,12,"ax,ay,az,gx,gy,gz,acc_mag,gyro_mag,jerk,roll,pitch,tilt_delta",20.0,25.0,uniform_20hz_time_interpolation_to_25hz,adl_sliding_capped,255,318,,,dataset_unit_map,wrist,bits,m/s^2,rad/s,m/s^2,rad/s,1.0,1.0,True,test,non_fall,non_fall,0.0017386795952916145,none,backward,0.9328017830848694
w25_00002554,bits,C:\Users\ADMIN\Desktop\ds-fall\data\raw\Dataset\adl\user39\user39_adl16.csv,C:\Users\ADMIN\Desktop\ds-fall\data\raw\Dataset,user39,user39_adl16,adl16,lying_sideways_to_back,lying_sideways_to_back,0,none,False,48,98,1.92,3.92,25.0,50,12,"ax,ay,az,gx,gy,gz,acc_mag,gyro_mag,jerk,roll,pitch,tilt_delta",20.0,25.0,uniform_20hz_time_interpolation_to_25hz,adl_sliding_capped,255,318,,,dataset_unit_map,wrist,bits,m/s^2,rad/s,m/s^2,rad/s,1.0,1.0,True,test,non_fall,non_fall,0.0017511309124529362,none,backward,0.9165395498275757
w25_00002555,bits,C:\Users\ADMIN\Desktop\ds-fall\data\raw\Dataset\adl\user39\user39_adl2.csv,C:\Users\ADMIN\Desktop\ds-fall\data\raw\Dataset,user39,user39_adl2,adl2,walking_quickly,walking_quickly,0,none,False,0,50,0.0,2.0,25.0,50,12,"ax,ay,az,gx,gy,gz,acc_mag,gyro_mag,jerk,roll,pitch,tilt_delta",20.0,25.0,uniform_20hz_time_interpolation_to_25hz,adl_sliding_capped,1075,1343,,,dataset_unit_map,wrist,bits,m/s^2,rad/s,m/s^2,rad/s,1.0,1.0,True,test,non_fall,non_fall,0.02161656692624092,none,lateral,0.6072639226913452
w25_00002556,bits,C:\Users\ADMIN\Desktop\ds-fall\data\raw\Dataset\adl\user39\user39_adl2.csv,C:\Users\ADMIN\Desktop\ds-fall\data\raw\Dataset,user39,user39_adl2,adl2,walking_quickly,walking_quickly,0,none,False,12,62,0.48,2.48,25.0,50,12,"ax,ay,az,gx,gy,gz,acc_mag,gyro_mag,jerk,roll,pitch,tilt_delta",20.0,25.0,uniform_20hz_time_interpolation_to_25hz,adl_sliding_capped,1075,1343,,,dataset_unit_map,wrist,bits,m/s^2,rad/s,m/s^2,rad/s,1.0,1.0,True,test,non_fall,non_fall,0.017379971221089363,none,lateral,0.6843441128730774
w25_00002557,bits,C:\Users\ADMIN\Desktop\ds-fall\data\raw\Dataset\adl\user39\user39_adl2.csv,C:\Users\ADMIN\Desktop\ds-fall\data\raw\Dataset,user39,user39_adl2,adl2,walking_quickly,walking_quickly,0,none,False,24,74,0.96,2.96,25.0,50,12,"ax,ay,az,gx,gy,gz,acc_mag,gyro_mag,jerk,roll,pitch,tilt_delta",20.0,25.0,uniform_20hz_time_interpolation_to_25hz,adl_sliding_capped,1075,1343,,,dataset_unit_map,wrist,bits,m/s^2,rad/s,m/s^2,rad/s,1.0,1.0,True,test,non_fall,non_fall,0.01085857953876257,none,lateral,0.6874505877494812
w25_00002558,bits,C:\Users\ADMIN\Desktop\ds-fall\data\raw\Dataset\adl\user39\user39_adl2.csv,C:\Users\ADMIN\Desktop\ds-fall\data\raw\Dataset,user39,user39_adl2,adl2,walking_quickly,walking_quickly,0,none,False,36,86,1.44,3.44,25.0,50,12,"ax,ay,az,gx,gy,gz,acc_mag,gyro_mag,jerk,roll,pitch,tilt_delta",20.0,25.0,uniform_20hz_time_interpolation_to_25hz,adl_sliding_capped,1075,1343,,,dataset_unit_map,wrist,bits,m/s^2,rad/s,m/s^2,rad/s,1.0,1.0,True,test,non_fall,non_fall,0.02347448095679283,none,lateral,0.6399902701377869
w25_00002559,bits,C:\Users\ADMIN\Desktop\ds-fall\data\raw\Dataset\adl\user39\user39_adl2.csv,C:\Users\ADMIN\Desktop\ds-fall\data\raw\Dataset,user39,user39_adl2,adl2,walking_quickly,walking_quickly,0,none,False,48,98,1.92,3.92,25.0,50,12,"ax,ay,az,gx,gy,gz,acc_mag,gyro_mag,jerk,roll,pitch,tilt_delta",20.0,25.0,uniform_20hz_time_interpolation_to_25hz,adl_sliding_capped,1075,1343,,,dataset_unit_map,wrist,bits,m/s^2,rad/s,m/s^2,rad/s,1.0,1.0,True,test,non_fall,non_fall,0.023604730144143105,none,lateral,0.6394810080528259
w25_00002560,bits,C:\Users\ADMIN\Desktop\ds-fall\data\raw\Dataset\adl\user39\user39_adl3.csv,C:\Users\ADMIN\Desktop\ds-fall\data\raw\Dataset,user39,user39_adl3,adl3,jogging,jogging,0,none,False,0,50,0.0,2.0,25.0,50,12,"ax,ay,az,gx,gy,gz,acc_mag,gyro_mag,jerk,roll,pitch,tilt_delta",20.0,25.0,uniform_20hz_time_interpolation_to_25hz,adl_sliding_capped,238,297,,,dataset_unit_map,wrist,bits,m/s^2,rad/s,m/s^2,rad/s,1.0,1.0,True,test,non_fall,non_fall,0.030354974791407585,none,lateral,0.9871684312820435
w25_00002561,bits,C:\Users\ADMIN\Desktop\ds-fall\data\raw\Dataset\adl\user39\user39_adl3.csv,C:\Users\ADMIN\Desktop\ds-fall\data\raw\Dataset,user39,user39_adl3,adl3,jogging,jogging,0,none,False,12,62,0.48,2.48,25.0,50,12,"ax,ay,az,gx,gy,gz,acc_mag,gyro_mag,jerk,roll,pitch,tilt_delta",20.0,25.0,uniform_20hz_time_interpolation_to_25hz,adl_sliding_capped,238,297,,,dataset_unit_map,wrist,bits,m/s^2,rad/s,m/s^2,rad/s,1.0,1.0,True,test,non_fall,non_fall,0.06601998955011368,none,lateral,0.9905872941017151
w25_00002562,bits,C:\Users\ADMIN\Desktop\ds-fall\data\raw\Dataset\adl\user39\user39_adl3.csv,C:\Users\ADMIN\Desktop\ds-fall\data\raw\Dataset,user39,user39_adl3,adl3,jogging,jogging,0,none,False,24,74,0.96,2.96,25.0,50,12,"ax,ay,az,gx,gy,gz,acc_mag,gyro_mag,jerk,roll,pitch,tilt_delta",20.0,25.0,uniform_20hz_time_interpolation_to_25hz,adl_sliding_capped,238,297,,,dataset_unit_map,wrist,bits,m/s^2,rad/s,m/s^2,rad/s,1.0,1.0,True,test,non_fall,non_fall,0.008177705109119415,none,lateral,0.9495039582252502
w25_00002563,bits,C:\Users\ADMIN\Desktop\ds-fall\data\raw\Dataset\adl\user39\user39_adl3.csv,C:\Users\ADMIN\Desktop\ds-fall\data\raw\Dataset,user39,user39_adl3,adl3,jogging,jogging,0,none,False,36,86,1.44,3.44,25.0,50,12,"ax,ay,az,gx,gy,gz,acc_mag,gyro_mag,jerk,roll,pitch,tilt_delta",20.0,25.0,uniform_20hz_time_interpolation_to_25hz,adl_sliding_capped,238,297,,,dataset_unit_map,wrist,bits,m/s^2,rad/s,m/s^2,rad/s,1.0,1.0,True,test,non_fall,non_fall,0.032844141125679016,none,lateral,0.9066785573959351
w25_00002564,bits,C:\Users\ADMIN\Desktop\ds-fall\data\raw\Dataset\adl\user39\user39_adl3.csv,C:\Users\ADMIN\Desktop\ds-fall\data\raw\Dataset,user39,user39_adl3,adl3,jogging,jogging,0,none,False,48,98,1.92,3.92,25.0,50,12,"ax,ay,az,gx,gy,gz,acc_mag,gyro_mag,jerk,roll,pitch,tilt_delta",20.0,25.0,uniform_20hz_time_interpolation_to_25hz,adl_sliding_capped,238,297,,,dataset_unit_map,wrist,bits,m/s^2,rad/s,m/s^2,rad/s,1.0,1.0,True,test,non_fall,non_fall,0.001659113448113203,none,forward,0.7156023383140564
w25_00002565,bits,C:\Users\ADMIN\Desktop\ds-fall\data\raw\Dataset\adl\user39\user39_adl4.csv,C:\Users\ADMIN\Desktop\ds-fall\data\raw\Dataset,user39,user39_adl4,adl4,jumping,jumping,0,none,False,0,50,0.0,2.0,25.0,50,12,"ax,ay,az,gx,gy,gz,acc_mag,gyro_mag,jerk,roll,pitch,tilt_delta",20.0,25.0,uniform_20hz_time_interpolation_to_25hz,adl_sliding_capped,934,1167,,,dataset_unit_map,wrist,bits,m/s^2,rad/s,m/s^2,rad/s,1.0,1.0,True,test,non_fall,non_fall,0.013546961359679699,none,lateral,1.0
w25_00002566,bits,C:\Users\ADMIN\Desktop\ds-fall\data\raw\Dataset\adl\user39\user39_adl4.csv,C:\Users\ADMIN\Desktop\ds-fall\data\raw\Dataset,user39,user39_adl4,adl4,jumping,jumping,0,none,False,12,62,0.48,2.48,25.0,50,12,"ax,ay,az,gx,gy,gz,acc_mag,gyro_mag,jerk,roll,pitch,tilt_delta",20.0,25.0,uniform_20hz_time_interpolation_to_25hz,adl_sliding_capped,934,1167,,,dataset_unit_map,wrist,bits,m/s^2,rad/s,m/s^2,rad/s,1.0,1.0,True,test,non_fall,non_fall,0.010886111296713352,none,lateral,0.9999845027923584
w25_00002567,bits,C:\Users\ADMIN\Desktop\ds-fall\data\raw\Dataset\adl\user39\user39_adl4.csv,C:\Users\ADMIN\Desktop\ds-fall\data\raw\Dataset,user39,user39_adl4,adl4,jumping,jumping,0,none,False,24,74,0.96,2.96,25.0,50,12,"ax,ay,az,gx,gy,gz,acc_mag,gyro_mag,jerk,roll,pitch,tilt_delta",20.0,25.0,uniform_20hz_time_interpolation_to_25hz,adl_sliding_capped,934,1167,,,dataset_unit_map,wrist,bits,m/s^2,rad/s,m/s^2,rad/s,1.0,1.0,True,test,non_fall,non_fall,0.15485331416130066,none,lateral,0.9992167949676514
w25_00002568,bits,C:\Users\ADMIN\Desktop\ds-fall\data\raw\Dataset\adl\user39\user39_adl4.csv,C:\Users\ADMIN\Desktop\ds-fall\data\raw\Dataset,user39,user39_adl4,adl4,jumping,jumping,0,none,False,36,86,1.44,3.44,25.0,50,12,"ax,ay,az,gx,gy,gz,acc_mag,gyro_mag,jerk,roll,pitch,tilt_delta",20.0,25.0,uniform_20hz_time_interpolation_to_25hz,adl_sliding_capped,934,1167,,,dataset_unit_map,wrist,bits,m/s^2,rad/s,m/s^2,rad/s,1.0,1.0,True,test,non_fall,non_fall,0.008096065372228622,none,forward,0.9982572197914124
w25_00002569,bits,C:\Users\ADMIN\Desktop\ds-fall\data\raw\Dataset\adl\user39\user39_adl4.csv,C:\Users\ADMIN\Desktop\ds-fall\data\raw\Dataset,user39,user39_adl4,adl4,jumping,jumping,0,none,False,48,98,1.92,3.92,25.0,50,12,"ax,ay,az,gx,gy,gz,acc_mag,gyro_mag,jerk,roll,pitch,tilt_delta",20.0,25.0,uniform_20hz_time_interpolation_to_25hz,adl_sliding_capped,934,1167,,,dataset_unit_map,wrist,bits,m/s^2,rad/s,m/s^2,rad/s,1.0,1.0,True,test,non_fall,non_fall,0.04801890254020691,none,forward,0.9999284744262695
w25_00002570,bits,C:\Users\ADMIN\Desktop\ds-fall\data\raw\Dataset\adl\user39\user39_adl5.csv,C:\Users\ADMIN\Desktop\ds-fall\data\raw\Dataset,user39,user39_adl5,adl5,climbing_up_slowly,climbing_up_slowly,0,none,False,0,50,0.0,2.0,25.0,50,12,"ax,ay,az,gx,gy,gz,acc_mag,gyro_mag,jerk,roll,pitch,tilt_delta",20.0,25.0,uniform_20hz_time_interpolation_to_25hz,adl_sliding_capped,923,1153,,,dataset_unit_map,wrist,bits,m/s^2,rad/s,m/s^2,rad/s,1.0,1.0,True,test,non_fall,non_fall,0.001504014595411718,none,backward,0.9871724247932434
w25_00002571,bits,C:\Users\ADMIN\Desktop\ds-fall\data\raw\Dataset\adl\user39\user39_adl5.csv,C:\Users\ADMIN\Desktop\ds-fall\data\raw\Dataset,user39,user39_adl5,adl5,climbing_up_slowly,climbing_up_slowly,0,none,False,12,62,0.48,2.48,25.0,50,12,"ax,ay,az,gx,gy,gz,acc_mag,gyro_mag,jerk,roll,pitch,tilt_delta",20.0,25.0,uniform_20hz_time_interpolation_to_25hz,adl_sliding_capped,923,1153,,,dataset_unit_map,wrist,bits,m/s^2,rad/s,m/s^2,rad/s,1.0,1.0,True,test,non_fall,non_fall,0.0018904597964137793,none,backward,0.9825887680053711
w25_00002572,bits,C:\Users\ADMIN\Desktop\ds-fall\data\raw\Dataset\adl\user39\user39_adl5.csv,C:\Users\ADMIN\Desktop\ds-fall\data\raw\Dataset,user39,user39_adl5,adl5,climbing_up_slowly,climbing_up_slowly,0,none,False,24,74,0.96,2.96,25.0,50,12,"ax,ay,az,gx,gy,gz,acc_mag,gyro_mag,jerk,roll,pitch,tilt_delta",20.0,25.0,uniform_20hz_time_interpolation_to_25hz,adl_sliding_capped,923,1153,,,dataset_unit_map,wrist,bits,m/s^2,rad/s,m/s^2,rad/s,1.0,1.0,True,test,non_fall,non_fall,0.002392306923866272,none,backward,0.9807537198066711
w25_00002573,bits,C:\Users\ADMIN\Desktop\ds-fall\data\raw\Dataset\adl\user39\user39_adl5.csv,C:\Users\ADMIN\Desktop\ds-fall\data\raw\Dataset,user39,user39_adl5,adl5,climbing_up_slowly,climbing_up_slowly,0,none,False,36,86,1.44,3.44,25.0,50,12,"ax,ay,az,gx,gy,gz,acc_mag,gyro_mag,jerk,roll,pitch,tilt_delta",20.0,25.0,uniform_20hz_time_interpolation_to_25hz,adl_sliding_capped,923,1153,,,dataset_unit_map,wrist,bits,m/s^2,rad/s,m/s^2,rad/s,1.0,1.0,True,test,non_fall,non_fall,0.00414034491404891,none,backward,0.9851018190383911
w25_00002574,bits,C:\Users\ADMIN\Desktop\ds-fall\data\raw\Dataset\adl\user39\user39_adl5.csv,C:\Users\ADMIN\Desktop\ds-fall\data\raw\Dataset,user39,user39_adl5,adl5,climbing_up_slowly,climbing_up_slowly,0,none,False,48,98,1.92,3.92,25.0,50,12,"ax,ay,az,gx,gy,gz,acc_mag,gyro_mag,jerk,roll,pitch,tilt_delta",20.0,25.0,uniform_20hz_time_interpolation_to_25hz,adl_sliding_capped,923,1153,,,dataset_unit_map,wrist,bits,m/s^2,rad/s,m/s^2,rad/s,1.0,1.0,True,test,non_fall,non_fall,0.004257803782820702,none,backward,0.9805791974067688
w25_00002575,bits,C:\Users\ADMIN\Desktop\ds-fall\data\raw\Dataset\adl\user39\user39_adl6.csv,C:\Users\ADMIN\Desktop\ds-fall\data\raw\Dataset,user39,user39_adl6,adl6,climbing_down_slowly,climbing_down_slowly,0,none,False,0,50,0.0,2.0,25.0,50,12,"ax,ay,az,gx,gy,gz,acc_mag,gyro_mag,jerk,roll,pitch,tilt_delta",20.0,25.0,uniform_20hz_time_interpolation_to_25hz,adl_sliding_capped,203,253,,,dataset_unit_map,wrist,bits,m/s^2,rad/s,m/s^2,rad/s,1.0,1.0,True,test,non_fall,non_fall,0.023136388510465622,none,forward,0.9985871315002441
w25_00002576,bits,C:\Users\ADMIN\Desktop\ds-fall\data\raw\Dataset\adl\user39\user39_adl6.csv,C:\Users\ADMIN\Desktop\ds-fall\data\raw\Dataset,user39,user39_adl6,adl6,climbing_down_slowly,climbing_down_slowly,0,none,False,12,62,0.48,2.48,25.0,50,12,"ax,ay,az,gx,gy,gz,acc_mag,gyro_mag,jerk,roll,pitch,tilt_delta",20.0,25.0,uniform_20hz_time_interpolation_to_25hz,adl_sliding_capped,203,253,,,dataset_unit_map,wrist,bits,m/s^2,rad/s,m/s^2,rad/s,1.0,1.0,True,test,non_fall,non_fall,0.015801837667822838,none,forward,0.9999494552612305
w25_00002577,bits,C:\Users\ADMIN\Desktop\ds-fall\data\raw\Dataset\adl\user39\user39_adl6.csv,C:\Users\ADMIN\Desktop\ds-fall\data\raw\Dataset,user39,user39_adl6,adl6,climbing_down_slowly,climbing_down_slowly,0,none,False,24,74,0.96,2.96,25.0,50,12,"ax,ay,az,gx,gy,gz,acc_mag,gyro_mag,jerk,roll,pitch,tilt_delta",20.0,25.0,uniform_20hz_time_interpolation_to_25hz,adl_sliding_capped,203,253,,,dataset_unit_map,wrist,bits,m/s^2,rad/s,m/s^2,rad/s,1.0,1.0,True,test,non_fall,non_fall,0.007582259364426136,none,forward,0.9999545812606812
w25_00002578,bits,C:\Users\ADMIN\Desktop\ds-fall\data\raw\Dataset\adl\user39\user39_adl6.csv,C:\Users\ADMIN\Desktop\ds-fall\data\raw\Dataset,user39,user39_adl6,adl6,climbing_down_slowly,climbing_down_slowly,0,none,False,36,86,1.44,3.44,25.0,50,12,"ax,ay,az,gx,gy,gz,acc_mag,gyro_mag,jerk,roll,pitch,tilt_delta",20.0,25.0,uniform_20hz_time_interpolation_to_25hz,adl_sliding_capped,203,253,,,dataset_unit_map,wrist,bits,m/s^2,rad/s,m/s^2,rad/s,1.0,1.0,True,test,non_fall,non_fall,0.002477223752066493,none,forward,0.9999576807022095
w25_00002579,bits,C:\Users\ADMIN\Desktop\ds-fall\data\raw\Dataset\adl\user39\user39_adl6.csv,C:\Users\ADMIN\Desktop\ds-fall\data\raw\Dataset,user39,user39_adl6,adl6,climbing_down_slowly,climbing_down_slowly,0,none,False,48,98,1.92,3.92,25.0,50,12,"ax,ay,az,gx,gy,gz,acc_mag,gyro_mag,jerk,roll,pitch,tilt_delta",20.0,25.0,uniform_20hz_time_interpolation_to_25hz,adl_sliding_capped,203,253,,,dataset_unit_map,wrist,bits,m/s^2,rad/s,m/s^2,rad/s,1.0,1.0,True,test,non_fall,non_fall,0.006349021103233099,none,forward,0.9962896108627319
w25_00002580,bits,C:\Users\ADMIN\Desktop\ds-fall\data\raw\Dataset\adl\user39\user39_adl7.csv,C:\Users\ADMIN\Desktop\ds-fall\data\raw\Dataset,user39,user39_adl7,adl7,climbing_up_normally,climbing_up_normally,0,none,False,0,50,0.0,2.0,25.0,50,12,"ax,ay,az,gx,gy,gz,acc_mag,gyro_mag,jerk,roll,pitch,tilt_delta",20.0,25.0,uniform_20hz_time_interpolation_to_25hz,adl_sliding_capped,843,1053,,,dataset_unit_map,wrist,bits,m/s^2,rad/s,m/s^2,rad/s,1.0,1.0,True,test,non_fall,non_fall,0.028638329356908798,none,lateral,0.9843569397926331
w25_00002581,bits,C:\Users\ADMIN\Desktop\ds-fall\data\raw\Dataset\adl\user39\user39_adl7.csv,C:\Users\ADMIN\Desktop\ds-fall\data\raw\Dataset,user39,user39_adl7,adl7,climbing_up_normally,climbing_up_normally,0,none,False,12,62,0.48,2.48,25.0,50,12,"ax,ay,az,gx,gy,gz,acc_mag,gyro_mag,jerk,roll,pitch,tilt_delta",20.0,25.0,uniform_20hz_time_interpolation_to_25hz,adl_sliding_capped,843,1053,,,dataset_unit_map,wrist,bits,m/s^2,rad/s,m/s^2,rad/s,1.0,1.0,True,test,non_fall,non_fall,0.020338302478194237,none,lateral,0.9821524024009705
w25_00002582,bits,C:\Users\ADMIN\Desktop\ds-fall\data\raw\Dataset\adl\user39\user39_adl7.csv,C:\Users\ADMIN\Desktop\ds-fall\data\raw\Dataset,user39,user39_adl7,adl7,climbing_up_normally,climbing_up_normally,0,none,False,24,74,0.96,2.96,25.0,50,12,"ax,ay,az,gx,gy,gz,acc_mag,gyro_mag,jerk,roll,pitch,tilt_delta",20.0,25.0,uniform_20hz_time_interpolation_to_25hz,adl_sliding_capped,843,1053,,,dataset_unit_map,wrist,bits,m/s^2,rad/s,m/s^2,rad/s,1.0,1.0,True,test,non_fall,non_fall,0.01754322089254856,none,lateral,0.9652848243713379
w25_00002583,bits,C:\Users\ADMIN\Desktop\ds-fall\data\raw\Dataset\adl\user39\user39_adl7.csv,C:\Users\ADMIN\Desktop\ds-fall\data\raw\Dataset,user39,user39_adl7,adl7,climbing_up_normally,climbing_up_normally,0,none,False,36,86,1.44,3.44,25.0,50,12,"ax,ay,az,gx,gy,gz,acc_mag,gyro_mag,jerk,roll,pitch,tilt_delta",20.0,25.0,uniform_20hz_time_interpolation_to_25hz,adl_sliding_capped,843,1053,,,dataset_unit_map,wrist,bits,m/s^2,rad/s,m/s^2,rad/s,1.0,1.0,True,test,non_fall,non_fall,0.010824603959918022,none,forward,0.6449647545814514
w25_00002584,bits,C:\Users\ADMIN\Desktop\ds-fall\data\raw\Dataset\adl\user39\user39_adl7.csv,C:\Users\ADMIN\Desktop\ds-fall\data\raw\Dataset,user39,user39_adl7,adl7,climbing_up_normally,climbing_up_normally,0,none,False,48,98,1.92,3.92,25.0,50,12,"ax,ay,az,gx,gy,gz,acc_mag,gyro_mag,jerk,roll,pitch,tilt_delta",20.0,25.0,uniform_20hz_time_interpolation_to_25hz,adl_sliding_capped,843,1053,,,dataset_unit_map,wrist,bits,m/s^2,rad/s,m/s^2,rad/s,1.0,1.0,True,test,non_fall,non_fall,0.01124181691557169,none,forward,0.9284247159957886
w25_00002585,bits,C:\Users\ADMIN\Desktop\ds-fall\data\raw\Dataset\adl\user39\user39_adl8.csv,C:\Users\ADMIN\Desktop\ds-fall\data\raw\Dataset,user39,user39_adl8,adl8,climbing_down_normally,climbing_down_normally,0,none,False,0,50,0.0,2.0,25.0,50,12,"ax,ay,az,gx,gy,gz,acc_mag,gyro_mag,jerk,roll,pitch,tilt_delta",20.0,25.0,uniform_20hz_time_interpolation_to_25hz,adl_sliding_capped,783,978,,,dataset_unit_map,wrist,bits,m/s^2,rad/s,m/s^2,rad/s,1.0,1.0,True,test,non_fall,non_fall,0.017421891912817955,none,lateral,0.9844807386398315
w25_00002586,bits,C:\Users\ADMIN\Desktop\ds-fall\data\raw\Dataset\adl\user39\user39_adl8.csv,C:\Users\ADMIN\Desktop\ds-fall\data\raw\Dataset,user39,user39_adl8,adl8,climbing_down_normally,climbing_down_normally,0,none,False,12,62,0.48,2.48,25.0,50,12,"ax,ay,az,gx,gy,gz,acc_mag,gyro_mag,jerk,roll,pitch,tilt_delta",20.0,25.0,uniform_20hz_time_interpolation_to_25hz,adl_sliding_capped,783,978,,,dataset_unit_map,wrist,bits,m/s^2,rad/s,m/s^2,rad/s,1.0,1.0,True,test,non_fall,non_fall,0.014757303521037102,none,lateral,0.9835561513900757
w25_00002587,bits,C:\Users\ADMIN\Desktop\ds-fall\data\raw\Dataset\adl\user39\user39_adl8.csv,C:\Users\ADMIN\Desktop\ds-fall\data\raw\Dataset,user39,user39_adl8,adl8,climbing_down_normally,climbing_down_normally,0,none,False,24,74,0.96,2.96,25.0,50,12,"ax,ay,az,gx,gy,gz,acc_mag,gyro_mag,jerk,roll,pitch,tilt_delta",20.0,25.0,uniform_20hz_time_interpolation_to_25hz,adl_sliding_capped,783,978,,,dataset_unit_map,wrist,bits,m/s^2,rad/s,m/s^2,rad/s,1.0,1.0,True,test,non_fall,non_fall,0.05231127515435219,none,lateral,0.987443745136261
w25_00002588,bits,C:\Users\ADMIN\Desktop\ds-fall\data\raw\Dataset\adl\user39\user39_adl8.csv,C:\Users\ADMIN\Desktop\ds-fall\data\raw\Dataset,user39,user39_adl8,adl8,climbing_down_normally,climbing_down_normally,0,none,False,36,86,1.44,3.44,25.0,50,12,"ax,ay,az,gx,gy,gz,acc_mag,gyro_mag,jerk,roll,pitch,tilt_delta",20.0,25.0,uniform_20hz_time_interpolation_to_25hz,adl_sliding_capped,783,978,,,dataset_unit_map,wrist,bits,m/s^2,rad/s,m/s^2,rad/s,1.0,1.0,True,test,non_fall,non_fall,0.09019191563129425,none,lateral,0.9895381927490234
w25_00002589,bits,C:\Users\ADMIN\Desktop\ds-fall\data\raw\Dataset\adl\user39\user39_adl8.csv,C:\Users\ADMIN\Desktop\ds-fall\data\raw\Dataset,user39,user39_adl8,adl8,climbing_down_normally,climbing_down_normally,0,none,False,48,98,1.92,3.92,25.0,50,12,"ax,ay,az,gx,gy,gz,acc_mag,gyro_mag,jerk,roll,pitch,tilt_delta",20.0,25.0,uniform_20hz_time_interpolation_to_25hz,adl_sliding_capped,783,978,,,dataset_unit_map,wrist,bits,m/s^2,rad/s,m/s^2,rad/s,1.0,1.0,True,test,non_fall,non_fall,0.03968910872936249,none,lateral,0.9884368777275085
w25_00002590,bits,C:\Users\ADMIN\Desktop\ds-fall\data\raw\Dataset\adl\user39\user39_adl9.csv,C:\Users\ADMIN\Desktop\ds-fall\data\raw\Dataset,user39,user39_adl9,adl9,slowly_sitting_on_chair,slowly_sitting_on_chair,0,none,False,0,50,0.0,2.0,25.0,50,12,"ax,ay,az,gx,gy,gz,acc_mag,gyro_mag,jerk,roll,pitch,tilt_delta",20.0,25.0,uniform_20hz_time_interpolation_to_25hz,adl_sliding_capped,157,196,,,dataset_unit_map,wrist,bits,m/s^2,rad/s,m/s^2,rad/s,1.0,1.0,True,test,non_fall,non_fall,0.01411658525466919,none,lateral,0.9834349751472473
w25_00002591,bits,C:\Users\ADMIN\Desktop\ds-fall\data\raw\Dataset\adl\user39\user39_adl9.csv,C:\Users\ADMIN\Desktop\ds-fall\data\raw\Dataset,user39,user39_adl9,adl9,slowly_sitting_on_chair,slowly_sitting_on_chair,0,none,False,12,62,0.48,2.48,25.0,50,12,"ax,ay,az,gx,gy,gz,acc_mag,gyro_mag,jerk,roll,pitch,tilt_delta",20.0,25.0,uniform_20hz_time_interpolation_to_25hz,adl_sliding_capped,157,196,,,dataset_unit_map,wrist,bits,m/s^2,rad/s,m/s^2,rad/s,1.0,1.0,True,test,non_fall,non_fall,0.010147550143301487,none,lateral,0.9827708005905151
w25_00002592,bits,C:\Users\ADMIN\Desktop\ds-fall\data\raw\Dataset\adl\user39\user39_adl9.csv,C:\Users\ADMIN\Desktop\ds-fall\data\raw\Dataset,user39,user39_adl9,adl9,slowly_sitting_on_chair,slowly_sitting_on_chair,0,none,False,24,74,0.96,2.96,25.0,50,12,"ax,ay,az,gx,gy,gz,acc_mag,gyro_mag,jerk,roll,pitch,tilt_delta",20.0,25.0,uniform_20hz_time_interpolation_to_25hz,adl_sliding_capped,157,196,,,dataset_unit_map,wrist,bits,m/s^2,rad/s,m/s^2,rad/s,1.0,1.0,True,test,non_fall,non_fall,0.02009340189397335,none,lateral,0.984164297580719
w25_00002593,bits,C:\Users\ADMIN\Desktop\ds-fall\data\raw\Dataset\adl\user39\user39_adl9.csv,C:\Users\ADMIN\Desktop\ds-fall\data\raw\Dataset,user39,user39_adl9,adl9,slowly_sitting_on_chair,slowly_sitting_on_chair,0,none,False,36,86,1.44,3.44,25.0,50,12,"ax,ay,az,gx,gy,gz,acc_mag,gyro_mag,jerk,roll,pitch,tilt_delta",20.0,25.0,uniform_20hz_time_interpolation_to_25hz,adl_sliding_capped,157,196,,,dataset_unit_map,wrist,bits,m/s^2,rad/s,m/s^2,rad/s,1.0,1.0,True,test,non_fall,non_fall,0.019004911184310913,none,lateral,0.9522058367729187
w25_00002594,bits,C:\Users\ADMIN\Desktop\ds-fall\data\raw\Dataset\adl\user39\user39_adl9.csv,C:\Users\ADMIN\Desktop\ds-fall\data\raw\Dataset,user39,user39_adl9,adl9,slowly_sitting_on_chair,slowly_sitting_on_chair,0,none,False,48,98,1.92,3.92,25.0,50,12,"ax,ay,az,gx,gy,gz,acc_mag,gyro_mag,jerk,roll,pitch,tilt_delta",20.0,25.0,uniform_20hz_time_interpolation_to_25hz,adl_sliding_capped,157,196,,,dataset_unit_map,wrist,bits,m/s^2,rad/s,m/s^2,rad/s,1.0,1.0,True,test,non_fall,non_fall,0.03331601992249489,none,lateral,0.6561247110366821
w25_00003296,bits,C:\Users\ADMIN\Desktop\ds-fall\data\raw\Dataset\fall\user17\user17_fall1.csv,C:\Users\ADMIN\Desktop\ds-fall\data\raw\Dataset,user17,user17_fall1,fall1,forward_fall_landing_on_knee,forward_fall_landing_on_knee,1,forward,True,116,166,4.64,6.64,25.0,50,12,"ax,ay,az,gx,gy,gz,acc_mag,gyro_mag,jerk,roll,pitch,tilt_delta",20.0,25.0,uniform_20hz_time_interpolation_to_25hz,impact_peak_centered_label_by_activity,180,224,,,dataset_unit_map,wrist,bits,m/s^2,rad/s,m/s^2,rad/s,1.0,1.0,True,test,fall,fall,0.9998816251754761,forward,forward,0.7893407344818115
w25_00003297,bits,C:\Users\ADMIN\Desktop\ds-fall\data\raw\Dataset\fall\user17\user17_fall2.csv,C:\Users\ADMIN\Desktop\ds-fall\data\raw\Dataset,user17,user17_fall2,fall2,right_fall,right_fall,1,lateral,True,38,88,1.52,3.52,25.0,50,12,"ax,ay,az,gx,gy,gz,acc_mag,gyro_mag,jerk,roll,pitch,tilt_delta",20.0,25.0,uniform_20hz_time_interpolation_to_25hz,impact_peak_centered_label_by_activity,479,598,,,dataset_unit_map,wrist,bits,m/s^2,rad/s,m/s^2,rad/s,1.0,1.0,True,test,fall,fall,0.9999855756759644,lateral,forward,1.0
w25_00003298,bits,C:\Users\ADMIN\Desktop\ds-fall\data\raw\Dataset\fall\user17\user17_fall3.csv,C:\Users\ADMIN\Desktop\ds-fall\data\raw\Dataset,user17,user17_fall3,fall3,left_fall,left_fall,1,lateral,True,37,87,1.48,3.48,25.0,50,12,"ax,ay,az,gx,gy,gz,acc_mag,gyro_mag,jerk,roll,pitch,tilt_delta",20.0,25.0,uniform_20hz_time_interpolation_to_25hz,impact_peak_centered_label_by_activity,1145,1431,,,dataset_unit_map,wrist,bits,m/s^2,rad/s,m/s^2,rad/s,1.0,1.0,True,test,fall,fall,0.9943526983261108,lateral,lateral,0.9999833106994629
w25_00003299,bits,C:\Users\ADMIN\Desktop\ds-fall\data\raw\Dataset\fall\user17\user17_fall4.csv,C:\Users\ADMIN\Desktop\ds-fall\data\raw\Dataset,user17,user17_fall4,fall4,forward_fall,forward_fall,1,forward,True,59,109,2.36,4.36,25.0,50,12,"ax,ay,az,gx,gy,gz,acc_mag,gyro_mag,jerk,roll,pitch,tilt_delta",20.0,25.0,uniform_20hz_time_interpolation_to_25hz,impact_peak_centered_label_by_activity,391,488,,,dataset_unit_map,wrist,bits,m/s^2,rad/s,m/s^2,rad/s,1.0,1.0,True,test,fall,fall,0.9999853372573853,forward,forward,0.9999756813049316
w25_00003300,bits,C:\Users\ADMIN\Desktop\ds-fall\data\raw\Dataset\fall\user17\user17_fall5.csv,C:\Users\ADMIN\Desktop\ds-fall\data\raw\Dataset,user17,user17_fall5,fall5,seated_on_bed_falling_on_ground,seated_on_bed_falling_on_ground,1,other,False,166,216,6.64,8.64,25.0,50,12,"ax,ay,az,gx,gy,gz,acc_mag,gyro_mag,jerk,roll,pitch,tilt_delta",20.0,25.0,uniform_20hz_time_interpolation_to_25hz,impact_peak_centered_label_by_activity,1233,1541,,,dataset_unit_map,wrist,bits,m/s^2,rad/s,m/s^2,rad/s,1.0,1.0,True,test,fall,non_fall,0.274930477142334,none,lateral,0.9981003403663635
w25_00003301,bits,C:\Users\ADMIN\Desktop\ds-fall\data\raw\Dataset\fall\user17\user17_fall6.csv,C:\Users\ADMIN\Desktop\ds-fall\data\raw\Dataset,user17,user17_fall6,fall6,forward_fall_body_weight_on_hand,forward_fall_body_weight_on_hand,1,forward,True,135,185,5.4,7.4,25.0,50,12,"ax,ay,az,gx,gy,gz,acc_mag,gyro_mag,jerk,roll,pitch,tilt_delta",20.0,25.0,uniform_20hz_time_interpolation_to_25hz,impact_peak_centered_label_by_activity,702,877,,,dataset_unit_map,wrist,bits,m/s^2,rad/s,m/s^2,rad/s,1.0,1.0,True,test,fall,fall,0.9999996423721313,forward,forward,1.0
w25_00003302,bits,C:\Users\ADMIN\Desktop\ds-fall\data\raw\Dataset\fall\user17\user17_fall7.csv,C:\Users\ADMIN\Desktop\ds-fall\data\raw\Dataset,user17,user17_fall7,fall7,backward_fall_from_seated,backward_fall_from_seated,1,backward,True,231,281,9.24,11.24,25.0,50,12,"ax,ay,az,gx,gy,gz,acc_mag,gyro_mag,jerk,roll,pitch,tilt_delta",20.0,25.0,uniform_20hz_time_interpolation_to_25hz,impact_peak_centered_label_by_activity,331,413,,,dataset_unit_map,wrist,bits,m/s^2,rad/s,m/s^2,rad/s,1.0,1.0,True,test,fall,fall,0.9238610863685608,backward,backward,0.9911433458328247
w25_00003303,bits,C:\Users\ADMIN\Desktop\ds-fall\data\raw\Dataset\fall\user17\user17_fall8.csv,C:\Users\ADMIN\Desktop\ds-fall\data\raw\Dataset,user17,user17_fall8,fall8,grabbing_while_falling,grabbing_while_falling,1,other,False,119,169,4.76,6.76,25.0,50,12,"ax,ay,az,gx,gy,gz,acc_mag,gyro_mag,jerk,roll,pitch,tilt_delta",20.0,25.0,uniform_20hz_time_interpolation_to_25hz,impact_peak_centered_label_by_activity,1179,1473,,,dataset_unit_map,wrist,bits,m/s^2,rad/s,m/s^2,rad/s,1.0,1.0,True,test,fall,fall,0.9999942779541016,none,forward,0.9542079567909241
w25_00003384,bits,C:\Users\ADMIN\Desktop\ds-fall\data\raw\Dataset\fall\user27\user27_fall1.csv,C:\Users\ADMIN\Desktop\ds-fall\data\raw\Dataset,user27,user27_fall1,fall1,forward_fall_landing_on_knee,forward_fall_landing_on_knee,1,forward,True,120,170,4.8,6.8,25.0,50,12,"ax,ay,az,gx,gy,gz,acc_mag,gyro_mag,jerk,roll,pitch,tilt_delta",20.0,25.0,uniform_20hz_time_interpolation_to_25hz,impact_peak_centered_label_by_activity,177,221,,,dataset_unit_map,wrist,bits,m/s^2,rad/s,m/s^2,rad/s,1.0,1.0,True,test,fall,non_fall,0.005735503975301981,forward,lateral,0.7032465934753418
w25_00003385,bits,C:\Users\ADMIN\Desktop\ds-fall\data\raw\Dataset\fall\user27\user27_fall2.csv,C:\Users\ADMIN\Desktop\ds-fall\data\raw\Dataset,user27,user27_fall2,fall2,right_fall,right_fall,1,lateral,True,229,279,9.16,11.16,25.0,50,12,"ax,ay,az,gx,gy,gz,acc_mag,gyro_mag,jerk,roll,pitch,tilt_delta",20.0,25.0,uniform_20hz_time_interpolation_to_25hz,impact_peak_centered_label_by_activity,756,944,,,dataset_unit_map,wrist,bits,m/s^2,rad/s,m/s^2,rad/s,1.0,1.0,True,test,fall,fall,0.9966388940811157,lateral,lateral,1.0
w25_00003386,bits,C:\Users\ADMIN\Desktop\ds-fall\data\raw\Dataset\fall\user27\user27_fall3.csv,C:\Users\ADMIN\Desktop\ds-fall\data\raw\Dataset,user27,user27_fall3,fall3,left_fall,left_fall,1,lateral,True,211,261,8.44,10.44,25.0,50,12,"ax,ay,az,gx,gy,gz,acc_mag,gyro_mag,jerk,roll,pitch,tilt_delta",20.0,25.0,uniform_20hz_time_interpolation_to_25hz,impact_peak_centered_label_by_activity,529,661,,,dataset_unit_map,wrist,bits,m/s^2,rad/s,m/s^2,rad/s,1.0,1.0,True,test,fall,fall,0.9999998807907104,lateral,lateral,0.9999953508377075
w25_00003387,bits,C:\Users\ADMIN\Desktop\ds-fall\data\raw\Dataset\fall\user27\user27_fall4.csv,C:\Users\ADMIN\Desktop\ds-fall\data\raw\Dataset,user27,user27_fall4,fall4,forward_fall,forward_fall,1,forward,True,234,284,9.36,11.36,25.0,50,12,"ax,ay,az,gx,gy,gz,acc_mag,gyro_mag,jerk,roll,pitch,tilt_delta",20.0,25.0,uniform_20hz_time_interpolation_to_25hz,impact_peak_centered_label_by_activity,244,304,,,dataset_unit_map,wrist,bits,m/s^2,rad/s,m/s^2,rad/s,1.0,1.0,True,test,fall,fall,0.9999985694885254,forward,forward,1.0
w25_00003388,bits,C:\Users\ADMIN\Desktop\ds-fall\data\raw\Dataset\fall\user27\user27_fall5.csv,C:\Users\ADMIN\Desktop\ds-fall\data\raw\Dataset,user27,user27_fall5,fall5,seated_on_bed_falling_on_ground,seated_on_bed_falling_on_ground,1,other,False,210,260,8.4,10.4,25.0,50,12,"ax,ay,az,gx,gy,gz,acc_mag,gyro_mag,jerk,roll,pitch,tilt_delta",20.0,25.0,uniform_20hz_time_interpolation_to_25hz,impact_peak_centered_label_by_activity,241,301,,,dataset_unit_map,wrist,bits,m/s^2,rad/s,m/s^2,rad/s,1.0,1.0,True,test,fall,fall,0.9996453523635864,none,backward,0.9999991655349731
w25_00003389,bits,C:\Users\ADMIN\Desktop\ds-fall\data\raw\Dataset\fall\user27\user27_fall6.csv,C:\Users\ADMIN\Desktop\ds-fall\data\raw\Dataset,user27,user27_fall6,fall6,forward_fall_body_weight_on_hand,forward_fall_body_weight_on_hand,1,forward,True,190,240,7.6,9.6,25.0,50,12,"ax,ay,az,gx,gy,gz,acc_mag,gyro_mag,jerk,roll,pitch,tilt_delta",20.0,25.0,uniform_20hz_time_interpolation_to_25hz,impact_peak_centered_label_by_activity,272,339,,,dataset_unit_map,wrist,bits,m/s^2,rad/s,m/s^2,rad/s,1.0,1.0,True,test,fall,fall,0.9999982118606567,forward,forward,0.9999998807907104
w25_00003390,bits,C:\Users\ADMIN\Desktop\ds-fall\data\raw\Dataset\fall\user27\user27_fall7.csv,C:\Users\ADMIN\Desktop\ds-fall\data\raw\Dataset,user27,user27_fall7,fall7,backward_fall_from_seated,backward_fall_from_seated,1,backward,True,236,286,9.44,11.44,25.0,50,12,"ax,ay,az,gx,gy,gz,acc_mag,gyro_mag,jerk,roll,pitch,tilt_delta",20.0,25.0,uniform_20hz_time_interpolation_to_25hz,impact_peak_centered_label_by_activity,241,301,,,dataset_unit_map,wrist,bits,m/s^2,rad/s,m/s^2,rad/s,1.0,1.0,True,test,fall,non_fall,0.5968010425567627,backward,backward,0.9999997615814209
w25_00003391,bits,C:\Users\ADMIN\Desktop\ds-fall\data\raw\Dataset\fall\user27\user27_fall8.csv,C:\Users\ADMIN\Desktop\ds-fall\data\raw\Dataset,user27,user27_fall8,fall8,grabbing_while_falling,grabbing_while_falling,1,other,False,199,249,7.96,9.96,25.0,50,12,"ax,ay,az,gx,gy,gz,acc_mag,gyro_mag,jerk,roll,pitch,tilt_delta",20.0,25.0,uniform_20hz_time_interpolation_to_25hz,impact_peak_centered_label_by_activity,496,619,,,dataset_unit_map,wrist,bits,m/s^2,rad/s,m/s^2,rad/s,1.0,1.0,True,test,fall,fall,0.9962626099586487,none,forward,1.0
w25_00003400,bits,C:\Users\ADMIN\Desktop\ds-fall\data\raw\Dataset\fall\user29\user29_fall1.csv,C:\Users\ADMIN\Desktop\ds-fall\data\raw\Dataset,user29,user29_fall1,fall1,forward_fall_landing_on_knee,forward_fall_landing_on_knee,1,forward,True,222,272,8.88,10.88,25.0,50,12,"ax,ay,az,gx,gy,gz,acc_mag,gyro_mag,jerk,roll,pitch,tilt_delta",20.0,25.0,uniform_20hz_time_interpolation_to_25hz,impact_peak_centered_label_by_activity,1252,1564,,,dataset_unit_map,wrist,bits,m/s^2,rad/s,m/s^2,rad/s,1.0,1.0,True,test,fall,fall,0.9992403984069824,forward,forward,0.9999383687973022
w25_00003401,bits,C:\Users\ADMIN\Desktop\ds-fall\data\raw\Dataset\fall\user29\user29_fall2.csv,C:\Users\ADMIN\Desktop\ds-fall\data\raw\Dataset,user29,user29_fall2,fall2,right_fall,right_fall,1,lateral,True,255,305,10.2,12.2,25.0,50,12,"ax,ay,az,gx,gy,gz,acc_mag,gyro_mag,jerk,roll,pitch,tilt_delta",20.0,25.0,uniform_20hz_time_interpolation_to_25hz,impact_peak_centered_label_by_activity,728,909,,,dataset_unit_map,wrist,bits,m/s^2,rad/s,m/s^2,rad/s,1.0,1.0,True,test,fall,fall,0.9960870742797852,lateral,lateral,0.9863739013671875
w25_00003402,bits,C:\Users\ADMIN\Desktop\ds-fall\data\raw\Dataset\fall\user29\user29_fall3.csv,C:\Users\ADMIN\Desktop\ds-fall\data\raw\Dataset,user29,user29_fall3,fall3,left_fall,left_fall,1,lateral,True,187,237,7.48,9.48,25.0,50,12,"ax,ay,az,gx,gy,gz,acc_mag,gyro_mag,jerk,roll,pitch,tilt_delta",20.0,25.0,uniform_20hz_time_interpolation_to_25hz,impact_peak_centered_label_by_activity,727,908,,,dataset_unit_map,wrist,bits,m/s^2,rad/s,m/s^2,rad/s,1.0,1.0,True,test,fall,fall,0.9994668364524841,lateral,forward,0.9999985694885254
w25_00003403,bits,C:\Users\ADMIN\Desktop\ds-fall\data\raw\Dataset\fall\user29\user29_fall4.csv,C:\Users\ADMIN\Desktop\ds-fall\data\raw\Dataset,user29,user29_fall4,fall4,forward_fall,forward_fall,1,forward,True,186,236,7.44,9.44,25.0,50,12,"ax,ay,az,gx,gy,gz,acc_mag,gyro_mag,jerk,roll,pitch,tilt_delta",20.0,25.0,uniform_20hz_time_interpolation_to_25hz,impact_peak_centered_label_by_activity,199,248,,,dataset_unit_map,wrist,bits,m/s^2,rad/s,m/s^2,rad/s,1.0,1.0,True,test,fall,fall,0.9999575614929199,forward,lateral,0.9999667406082153
w25_00003404,bits,C:\Users\ADMIN\Desktop\ds-fall\data\raw\Dataset\fall\user29\user29_fall5.csv,C:\Users\ADMIN\Desktop\ds-fall\data\raw\Dataset,user29,user29_fall5,fall5,seated_on_bed_falling_on_ground,seated_on_bed_falling_on_ground,1,other,False,244,294,9.76,11.76,25.0,50,12,"ax,ay,az,gx,gy,gz,acc_mag,gyro_mag,jerk,roll,pitch,tilt_delta",20.0,25.0,uniform_20hz_time_interpolation_to_25hz,impact_peak_centered_label_by_activity,546,682,,,dataset_unit_map,wrist,bits,m/s^2,rad/s,m/s^2,rad/s,1.0,1.0,True,test,fall,fall,0.9998230338096619,none,lateral,0.9999992847442627
w25_00003405,bits,C:\Users\ADMIN\Desktop\ds-fall\data\raw\Dataset\fall\user29\user29_fall6.csv,C:\Users\ADMIN\Desktop\ds-fall\data\raw\Dataset,user29,user29_fall6,fall6,forward_fall_body_weight_on_hand,forward_fall_body_weight_on_hand,1,forward,True,211,261,8.44,10.44,25.0,50,12,"ax,ay,az,gx,gy,gz,acc_mag,gyro_mag,jerk,roll,pitch,tilt_delta",20.0,25.0,uniform_20hz_time_interpolation_to_25hz,impact_peak_centered_label_by_activity,577,721,,,dataset_unit_map,wrist,bits,m/s^2,rad/s,m/s^2,rad/s,1.0,1.0,True,test,fall,fall,0.9999215602874756,forward,forward,1.0
w25_00003406,bits,C:\Users\ADMIN\Desktop\ds-fall\data\raw\Dataset\fall\user29\user29_fall7.csv,C:\Users\ADMIN\Desktop\ds-fall\data\raw\Dataset,user29,user29_fall7,fall7,backward_fall_from_seated,backward_fall_from_seated,1,backward,True,232,282,9.28,11.28,25.0,50,12,"ax,ay,az,gx,gy,gz,acc_mag,gyro_mag,jerk,roll,pitch,tilt_delta",20.0,25.0,uniform_20hz_time_interpolation_to_25hz,impact_peak_centered_label_by_activity,1305,1631,,,dataset_unit_map,wrist,bits,m/s^2,rad/s,m/s^2,rad/s,1.0,1.0,True,test,fall,non_fall,0.31939154863357544,backward,backward,0.9999626874923706
w25_00003407,bits,C:\Users\ADMIN\Desktop\ds-fall\data\raw\Dataset\fall\user29\user29_fall8.csv,C:\Users\ADMIN\Desktop\ds-fall\data\raw\Dataset,user29,user29_fall8,fall8,grabbing_while_falling,grabbing_while_falling,1,other,False,250,300,10.0,12.0,25.0,50,12,"ax,ay,az,gx,gy,gz,acc_mag,gyro_mag,jerk,roll,pitch,tilt_delta",20.0,25.0,uniform_20hz_time_interpolation_to_25hz,impact_peak_centered_label_by_activity,879,1098,,,dataset_unit_map,wrist,bits,m/s^2,rad/s,m/s^2,rad/s,1.0,1.0,True,test,fall,fall,0.9967868328094482,none,backward,0.9999933242797852
w25_00003424,bits,C:\Users\ADMIN\Desktop\ds-fall\data\raw\Dataset\fall\user31\user31_.fall1.csv,C:\Users\ADMIN\Desktop\ds-fall\data\raw\Dataset,user31,user31_.fall1,fall1,forward_fall_landing_on_knee,forward_fall_landing_on_knee,1,forward,True,133,183,5.32,7.32,25.0,50,12,"ax,ay,az,gx,gy,gz,acc_mag,gyro_mag,jerk,roll,pitch,tilt_delta",20.0,25.0,uniform_20hz_time_interpolation_to_25hz,impact_peak_centered_label_by_activity,181,226,,,dataset_unit_map,wrist,bits,m/s^2,rad/s,m/s^2,rad/s,1.0,1.0,True,test,fall,non_fall,0.12487737089395523,forward,forward,0.9961647987365723
w25_00003425,bits,C:\Users\ADMIN\Desktop\ds-fall\data\raw\Dataset\fall\user31\user31_.fall3.csv,C:\Users\ADMIN\Desktop\ds-fall\data\raw\Dataset,user31,user31_.fall3,fall3,left_fall,left_fall,1,lateral,True,162,212,6.48,8.48,25.0,50,12,"ax,ay,az,gx,gy,gz,acc_mag,gyro_mag,jerk,roll,pitch,tilt_delta",20.0,25.0,uniform_20hz_time_interpolation_to_25hz,impact_peak_centered_label_by_activity,328,409,,,dataset_unit_map,wrist,bits,m/s^2,rad/s,m/s^2,rad/s,1.0,1.0,True,test,fall,fall,0.9200913310050964,lateral,lateral,0.9959589838981628
w25_00003426,bits,C:\Users\ADMIN\Desktop\ds-fall\data\raw\Dataset\fall\user31\user31_.fall4.csv,C:\Users\ADMIN\Desktop\ds-fall\data\raw\Dataset,user31,user31_.fall4,fall4,forward_fall,forward_fall,1,forward,True,207,257,8.28,10.28,25.0,50,12,"ax,ay,az,gx,gy,gz,acc_mag,gyro_mag,jerk,roll,pitch,tilt_delta",20.0,25.0,uniform_20hz_time_interpolation_to_25hz,impact_peak_centered_label_by_activity,379,473,,,dataset_unit_map,wrist,bits,m/s^2,rad/s,m/s^2,rad/s,1.0,1.0,True,test,fall,fall,0.9999843835830688,forward,forward,1.0
w25_00003427,bits,C:\Users\ADMIN\Desktop\ds-fall\data\raw\Dataset\fall\user31\user31_.fall6.csv,C:\Users\ADMIN\Desktop\ds-fall\data\raw\Dataset,user31,user31_.fall6,fall6,forward_fall_body_weight_on_hand,forward_fall_body_weight_on_hand,1,forward,True,172,222,6.88,8.88,25.0,50,12,"ax,ay,az,gx,gy,gz,acc_mag,gyro_mag,jerk,roll,pitch,tilt_delta",20.0,25.0,uniform_20hz_time_interpolation_to_25hz,impact_peak_centered_label_by_activity,378,472,,,dataset_unit_map,wrist,bits,m/s^2,rad/s,m/s^2,rad/s,1.0,1.0,True,test,fall,fall,0.9999979734420776,forward,forward,1.0
w25_00003428,bits,C:\Users\ADMIN\Desktop\ds-fall\data\raw\Dataset\fall\user31\user31_fall2.csv,C:\Users\ADMIN\Desktop\ds-fall\data\raw\Dataset,user31,user31_fall2,fall2,right_fall,right_fall,1,lateral,True,131,181,5.24,7.24,25.0,50,12,"ax,ay,az,gx,gy,gz,acc_mag,gyro_mag,jerk,roll,pitch,tilt_delta",20.0,25.0,uniform_20hz_time_interpolation_to_25hz,impact_peak_centered_label_by_activity,698,872,,,dataset_unit_map,wrist,bits,m/s^2,rad/s,m/s^2,rad/s,1.0,1.0,True,test,fall,fall,0.9393631815910339,lateral,backward,0.5793505311012268
w25_00003429,bits,C:\Users\ADMIN\Desktop\ds-fall\data\raw\Dataset\fall\user31\user31_fall5.csv,C:\Users\ADMIN\Desktop\ds-fall\data\raw\Dataset,user31,user31_fall5,fall5,seated_on_bed_falling_on_ground,seated_on_bed_falling_on_ground,1,other,False,165,215,6.6,8.6,25.0,50,12,"ax,ay,az,gx,gy,gz,acc_mag,gyro_mag,jerk,roll,pitch,tilt_delta",20.0,25.0,uniform_20hz_time_interpolation_to_25hz,impact_peak_centered_label_by_activity,479,598,,,dataset_unit_map,wrist,bits,m/s^2,rad/s,m/s^2,rad/s,1.0,1.0,True,test,fall,non_fall,0.05349147692322731,none,backward,0.7280160188674927
w25_00003430,bits,C:\Users\ADMIN\Desktop\ds-fall\data\raw\Dataset\fall\user31\user31_fall7.csv,C:\Users\ADMIN\Desktop\ds-fall\data\raw\Dataset,user31,user31_fall7,fall7,backward_fall_from_seated,backward_fall_from_seated,1,backward,True,195,245,7.8,9.8,25.0,50,12,"ax,ay,az,gx,gy,gz,acc_mag,gyro_mag,jerk,roll,pitch,tilt_delta",20.0,25.0,uniform_20hz_time_interpolation_to_25hz,impact_peak_centered_label_by_activity,281,351,,,dataset_unit_map,wrist,bits,m/s^2,rad/s,m/s^2,rad/s,1.0,1.0,True,test,fall,fall,0.9994385838508606,backward,backward,0.9999998807907104
w25_00003431,bits,C:\Users\ADMIN\Desktop\ds-fall\data\raw\Dataset\fall\user31\user31_fall8.csv,C:\Users\ADMIN\Desktop\ds-fall\data\raw\Dataset,user31,user31_fall8,fall8,grabbing_while_falling,grabbing_while_falling,1,other,False,151,201,6.04,8.04,25.0,50,12,"ax,ay,az,gx,gy,gz,acc_mag,gyro_mag,jerk,roll,pitch,tilt_delta",20.0,25.0,uniform_20hz_time_interpolation_to_25hz,impact_peak_centered_label_by_activity,277,346,,,dataset_unit_map,wrist,bits,m/s^2,rad/s,m/s^2,rad/s,1.0,1.0,True,test,fall,fall,0.9998607635498047,none,forward,0.6806123852729797
w25_00003464,bits,C:\Users\ADMIN\Desktop\ds-fall\data\raw\Dataset\fall\user36\user36_fall1.csv,C:\Users\ADMIN\Desktop\ds-fall\data\raw\Dataset,user36,user36_fall1,fall1,forward_fall_landing_on_knee,forward_fall_landing_on_knee,1,forward,True,137,187,5.48,7.48,25.0,50,12,"ax,ay,az,gx,gy,gz,acc_mag,gyro_mag,jerk,roll,pitch,tilt_delta",20.0,25.0,uniform_20hz_time_interpolation_to_25hz,impact_peak_centered_label_by_activity,183,228,,,dataset_unit_map,wrist,bits,m/s^2,rad/s,m/s^2,rad/s,1.0,1.0,True,test,fall,fall,0.9999998807907104,forward,forward,1.0
w25_00003465,bits,C:\Users\ADMIN\Desktop\ds-fall\data\raw\Dataset\fall\user36\user36_fall2.csv,C:\Users\ADMIN\Desktop\ds-fall\data\raw\Dataset,user36,user36_fall2,fall2,right_fall,right_fall,1,lateral,True,204,254,8.16,10.16,25.0,50,12,"ax,ay,az,gx,gy,gz,acc_mag,gyro_mag,jerk,roll,pitch,tilt_delta",20.0,25.0,uniform_20hz_time_interpolation_to_25hz,impact_peak_centered_label_by_activity,204,254,,,dataset_unit_map,wrist,bits,m/s^2,rad/s,m/s^2,rad/s,1.0,1.0,True,test,fall,non_fall,0.029459360986948013,lateral,lateral,0.9888733625411987
w25_00003466,bits,C:\Users\ADMIN\Desktop\ds-fall\data\raw\Dataset\fall\user36\user36_fall3.csv,C:\Users\ADMIN\Desktop\ds-fall\data\raw\Dataset,user36,user36_fall3,fall3,left_fall,left_fall,1,lateral,True,190,240,7.6,9.6,25.0,50,12,"ax,ay,az,gx,gy,gz,acc_mag,gyro_mag,jerk,roll,pitch,tilt_delta",20.0,25.0,uniform_20hz_time_interpolation_to_25hz,impact_peak_centered_label_by_activity,364,454,,,dataset_unit_map,wrist,bits,m/s^2,rad/s,m/s^2,rad/s,1.0,1.0,True,test,fall,non_fall,0.21466949582099915,lateral,lateral,0.9999634027481079
w25_00003467,bits,C:\Users\ADMIN\Desktop\ds-fall\data\raw\Dataset\fall\user36\user36_fall4.csv,C:\Users\ADMIN\Desktop\ds-fall\data\raw\Dataset,user36,user36_fall4,fall4,forward_fall,forward_fall,1,forward,True,92,142,3.68,5.68,25.0,50,12,"ax,ay,az,gx,gy,gz,acc_mag,gyro_mag,jerk,roll,pitch,tilt_delta",20.0,25.0,uniform_20hz_time_interpolation_to_25hz,impact_peak_centered_label_by_activity,222,277,,,dataset_unit_map,wrist,bits,m/s^2,rad/s,m/s^2,rad/s,1.0,1.0,True,test,fall,fall,1.0,forward,forward,1.0
w25_00003468,bits,C:\Users\ADMIN\Desktop\ds-fall\data\raw\Dataset\fall\user36\user36_fall5.csv,C:\Users\ADMIN\Desktop\ds-fall\data\raw\Dataset,user36,user36_fall5,fall5,seated_on_bed_falling_on_ground,seated_on_bed_falling_on_ground,1,other,False,165,215,6.6,8.6,25.0,50,12,"ax,ay,az,gx,gy,gz,acc_mag,gyro_mag,jerk,roll,pitch,tilt_delta",20.0,25.0,uniform_20hz_time_interpolation_to_25hz,impact_peak_centered_label_by_activity,1251,1563,,,dataset_unit_map,wrist,bits,m/s^2,rad/s,m/s^2,rad/s,1.0,1.0,True,test,fall,fall,0.9601410031318665,none,backward,0.5055977702140808
w25_00003469,bits,C:\Users\ADMIN\Desktop\ds-fall\data\raw\Dataset\fall\user36\user36_fall6.csv,C:\Users\ADMIN\Desktop\ds-fall\data\raw\Dataset,user36,user36_fall6,fall6,forward_fall_body_weight_on_hand,forward_fall_body_weight_on_hand,1,forward,True,136,186,5.44,7.44,25.0,50,12,"ax,ay,az,gx,gy,gz,acc_mag,gyro_mag,jerk,roll,pitch,tilt_delta",20.0,25.0,uniform_20hz_time_interpolation_to_25hz,impact_peak_centered_label_by_activity,244,304,,,dataset_unit_map,wrist,bits,m/s^2,rad/s,m/s^2,rad/s,1.0,1.0,True,test,fall,fall,0.9999967813491821,forward,forward,1.0
w25_00003470,bits,C:\Users\ADMIN\Desktop\ds-fall\data\raw\Dataset\fall\user36\user36_fall7.csv,C:\Users\ADMIN\Desktop\ds-fall\data\raw\Dataset,user36,user36_fall7,fall7,backward_fall_from_seated,backward_fall_from_seated,1,backward,True,145,195,5.8,7.8,25.0,50,12,"ax,ay,az,gx,gy,gz,acc_mag,gyro_mag,jerk,roll,pitch,tilt_delta",20.0,25.0,uniform_20hz_time_interpolation_to_25hz,impact_peak_centered_label_by_activity,518,647,,,dataset_unit_map,wrist,bits,m/s^2,rad/s,m/s^2,rad/s,1.0,1.0,True,test,fall,fall,0.9993566870689392,backward,backward,0.9999998807907104
w25_00003471,bits,C:\Users\ADMIN\Desktop\ds-fall\data\raw\Dataset\fall\user36\user36_fall8.csv,C:\Users\ADMIN\Desktop\ds-fall\data\raw\Dataset,user36,user36_fall8,fall8,grabbing_while_falling,grabbing_while_falling,1,other,False,171,221,6.84,8.84,25.0,50,12,"ax,ay,az,gx,gy,gz,acc_mag,gyro_mag,jerk,roll,pitch,tilt_delta",20.0,25.0,uniform_20hz_time_interpolation_to_25hz,impact_peak_centered_label_by_activity,773,966,,,dataset_unit_map,wrist,bits,m/s^2,rad/s,m/s^2,rad/s,1.0,1.0,True,test,fall,fall,0.9999698400497437,none,forward,1.0
w25_00003488,bits,C:\Users\ADMIN\Desktop\ds-fall\data\raw\Dataset\fall\user39\user39_fall1.csv,C:\Users\ADMIN\Desktop\ds-fall\data\raw\Dataset,user39,user39_fall1,fall1,forward_fall_landing_on_knee,forward_fall_landing_on_knee,1,forward,True,140,190,5.6,7.6,25.0,50,12,"ax,ay,az,gx,gy,gz,acc_mag,gyro_mag,jerk,roll,pitch,tilt_delta",20.0,25.0,uniform_20hz_time_interpolation_to_25hz,impact_peak_centered_label_by_activity,376,469,,,dataset_unit_map,wrist,bits,m/s^2,rad/s,m/s^2,rad/s,1.0,1.0,True,test,fall,fall,0.9998894929885864,forward,forward,1.0
w25_00003489,bits,C:\Users\ADMIN\Desktop\ds-fall\data\raw\Dataset\fall\user39\user39_fall2.csv,C:\Users\ADMIN\Desktop\ds-fall\data\raw\Dataset,user39,user39_fall2,fall2,right_fall,right_fall,1,lateral,True,222,272,8.88,10.88,25.0,50,12,"ax,ay,az,gx,gy,gz,acc_mag,gyro_mag,jerk,roll,pitch,tilt_delta",20.0,25.0,uniform_20hz_time_interpolation_to_25hz,impact_peak_centered_label_by_activity,722,902,,,dataset_unit_map,wrist,bits,m/s^2,rad/s,m/s^2,rad/s,1.0,1.0,True,test,fall,fall,0.9999417066574097,lateral,lateral,0.5608235597610474
w25_00003490,bits,C:\Users\ADMIN\Desktop\ds-fall\data\raw\Dataset\fall\user39\user39_fall3.csv,C:\Users\ADMIN\Desktop\ds-fall\data\raw\Dataset,user39,user39_fall3,fall3,left_fall,left_fall,1,lateral,True,178,228,7.12,9.12,25.0,50,12,"ax,ay,az,gx,gy,gz,acc_mag,gyro_mag,jerk,roll,pitch,tilt_delta",20.0,25.0,uniform_20hz_time_interpolation_to_25hz,impact_peak_centered_label_by_activity,428,534,,,dataset_unit_map,wrist,bits,m/s^2,rad/s,m/s^2,rad/s,1.0,1.0,True,test,fall,fall,0.9973416924476624,lateral,lateral,0.9998613595962524
w25_00003491,bits,C:\Users\ADMIN\Desktop\ds-fall\data\raw\Dataset\fall\user39\user39_fall4.csv,C:\Users\ADMIN\Desktop\ds-fall\data\raw\Dataset,user39,user39_fall4,fall4,forward_fall,forward_fall,1,forward,True,154,204,6.16,8.16,25.0,50,12,"ax,ay,az,gx,gy,gz,acc_mag,gyro_mag,jerk,roll,pitch,tilt_delta",20.0,25.0,uniform_20hz_time_interpolation_to_25hz,impact_peak_centered_label_by_activity,475,593,,,dataset_unit_map,wrist,bits,m/s^2,rad/s,m/s^2,rad/s,1.0,1.0,True,test,fall,fall,0.9999998807907104,forward,forward,1.0
w25_00003492,bits,C:\Users\ADMIN\Desktop\ds-fall\data\raw\Dataset\fall\user39\user39_fall5.csv,C:\Users\ADMIN\Desktop\ds-fall\data\raw\Dataset,user39,user39_fall5,fall5,seated_on_bed_falling_on_ground,seated_on_bed_falling_on_ground,1,other,False,175,225,7.0,9.0,25.0,50,12,"ax,ay,az,gx,gy,gz,acc_mag,gyro_mag,jerk,roll,pitch,tilt_delta",20.0,25.0,uniform_20hz_time_interpolation_to_25hz,impact_peak_centered_label_by_activity,343,428,,,dataset_unit_map,wrist,bits,m/s^2,rad/s,m/s^2,rad/s,1.0,1.0,True,test,fall,fall,0.9999494552612305,none,backward,0.9999973773956299
w25_00003493,bits,C:\Users\ADMIN\Desktop\ds-fall\data\raw\Dataset\fall\user39\user39_fall6.csv,C:\Users\ADMIN\Desktop\ds-fall\data\raw\Dataset,user39,user39_fall6,fall6,forward_fall_body_weight_on_hand,forward_fall_body_weight_on_hand,1,forward,True,163,213,6.52,8.52,25.0,50,12,"ax,ay,az,gx,gy,gz,acc_mag,gyro_mag,jerk,roll,pitch,tilt_delta",20.0,25.0,uniform_20hz_time_interpolation_to_25hz,impact_peak_centered_label_by_activity,570,712,,,dataset_unit_map,wrist,bits,m/s^2,rad/s,m/s^2,rad/s,1.0,1.0,True,test,fall,fall,0.9999996423721313,forward,forward,1.0
w25_00003494,bits,C:\Users\ADMIN\Desktop\ds-fall\data\raw\Dataset\fall\user39\user39_fall7.csv,C:\Users\ADMIN\Desktop\ds-fall\data\raw\Dataset,user39,user39_fall7,fall7,backward_fall_from_seated,backward_fall_from_seated,1,backward,True,183,233,7.32,9.32,25.0,50,12,"ax,ay,az,gx,gy,gz,acc_mag,gyro_mag,jerk,roll,pitch,tilt_delta",20.0,25.0,uniform_20hz_time_interpolation_to_25hz,impact_peak_centered_label_by_activity,187,233,,,dataset_unit_map,wrist,bits,m/s^2,rad/s,m/s^2,rad/s,1.0,1.0,True,test,fall,non_fall,0.0204001571983099,backward,backward,0.9999948740005493
w25_00003495,bits,C:\Users\ADMIN\Desktop\ds-fall\data\raw\Dataset\fall\user39\user39_fall8.csv,C:\Users\ADMIN\Desktop\ds-fall\data\raw\Dataset,user39,user39_fall8,fall8,grabbing_while_falling,grabbing_while_falling,1,other,False,191,241,7.64,9.64,25.0,50,12,"ax,ay,az,gx,gy,gz,acc_mag,gyro_mag,jerk,roll,pitch,tilt_delta",20.0,25.0,uniform_20hz_time_interpolation_to_25hz,impact_peak_centered_label_by_activity,504,629,,,dataset_unit_map,wrist,bits,m/s^2,rad/s,m/s^2,rad/s,1.0,1.0,True,test,fall,fall,0.9999788999557495,none,forward,1.0
