run_id,experiment_id,train_protocol,model_name,seed,learning_rate,best_epoch,best_val_macro_f1,best_val_loss,direction_macro_f1,direction_accuracy,forward_f1,backward_f1,lateral_f1,direction_n_supervised,A5_direction_macro_f1,D1_tiny_direction_macro_f1,D2_micro_tcn_direction_macro_f1,delta_vs_A5,delta_vs_D1,delta_vs_D2,params,estimated_fp32_kb,estimated_int8_kb,distill_temperature,distill_alpha,teacher_note,cm_00,cm_01,cm_02,cm_10,cm_11,cm_12,cm_20,cm_21,cm_22,macs_estimate,tflite_convert,int8_tflite_convert,edge_suitability,complexity_note
LDX1_D1_Wide_DSConv_E1_BITS_TO_BITS_seed42_lr0.001,E1_BITS_TO_BITS,E1_BITS_TO_BITS,LDX1_D1_Wide_DSConv,42,0.001,13,0.8772175536881419,0.40127184987068176,0.7486057486057486,0.7777777777777778,0.8648648648648649,0.7142857142857143,0.6666666666666666,36,0.8777348777348778,0.8322981366459627,0.8659932659932661,-0.12912912912912922,-0.08369238804021417,-0.11738751738751751,5699,22.26171875,5.5654296875,,,,16,0,2,1,5,0,2,3,7,,not_available_tensorflow_import_failed,not_available_tensorflow_import_failed,high,LDX1_D1_Wide_DSConv; PyTorch implementation; TensorFlow available=False
LDX1_D1_Wide_DSConv_E2_WEDA_TO_WEDA_seed42_lr0.001,E2_WEDA_TO_WEDA,E2_WEDA_TO_WEDA,LDX1_D1_Wide_DSConv,42,0.001,31,0.9191176470588235,0.23667098581790924,0.9568151147098515,0.96,0.9473684210526315,1.0,0.9230769230769231,25,0.6071428571428571,0.8773809523809524,0.6004357298474946,0.3496722575669944,0.0794341623288991,0.3563793848623569,5699,22.26171875,5.5654296875,,,,9,0,0,0,9,0,1,0,6,,not_available_tensorflow_import_failed,not_available_tensorflow_import_failed,high,LDX1_D1_Wide_DSConv; PyTorch implementation; TensorFlow available=False
LDX1_D1_Wide_DSConv_E3_BITS_WEDA_MIXED_seed42_lr0.001,E3_BITS_WEDA_MIXED,E3_BITS_WEDA_MIXED,LDX1_D1_Wide_DSConv,42,0.001,11,0.8928812415654521,0.40853050351142883,0.8829185520361991,0.8852459016393442,0.9019607843137255,0.875,0.8717948717948718,61,0.8966626725247414,0.8196649029982362,0.802435064935065,-0.013744120488542344,0.06325364903796282,0.08048348710113407,5699,22.26171875,5.5654296875,,,,23,2,2,0,14,1,1,1,17,,not_available_tensorflow_import_failed,not_available_tensorflow_import_failed,high,LDX1_D1_Wide_DSConv; PyTorch implementation; TensorFlow available=False
LDX1_D1_Wide_DSConv_E3_BITS_WEDA_MIXED_seed42_lr0.001,E6_E3_MIXED_TEST_BITS,E3_BITS_WEDA_MIXED,LDX1_D1_Wide_DSConv,42,0.001,11,0.8928812415654521,0.40853050351142883,0.8902319902319903,0.8888888888888888,0.9142857142857143,0.9230769230769231,0.8333333333333334,36,0.9350469350469351,0.7830568124685771,0.8320946364424625,-0.04481494481494486,0.10717517776341323,0.05813735378952778,5699,22.26171875,5.5654296875,,,,16,0,2,0,6,0,1,1,10,,not_available_tensorflow_import_failed,not_available_tensorflow_import_failed,high,LDX1_D1_Wide_DSConv; PyTorch implementation; TensorFlow available=False
LDX1_D1_Wide_DSConv_E3_BITS_WEDA_MIXED_seed42_lr0.001,E7_E3_MIXED_TEST_WEDA,E3_BITS_WEDA_MIXED,LDX1_D1_Wide_DSConv,42,0.001,11,0.8928812415654521,0.40853050351142883,0.8834795321637428,0.88,0.875,0.8421052631578947,0.9333333333333333,25,0.8390350877192981,0.8846903583745688,0.7930283224400871,0.04444444444444462,-0.0012108262108260215,0.09045120972365561,5699,22.26171875,5.5654296875,,,,7,2,0,0,8,1,0,0,7,,not_available_tensorflow_import_failed,not_available_tensorflow_import_failed,high,LDX1_D1_Wide_DSConv; PyTorch implementation; TensorFlow available=False
LDX1_D1_Wide_DSConv_E4_BITS_TO_WEDA_seed42_lr0.001,E4_BITS_TO_WEDA,E4_BITS_TO_WEDA,LDX1_D1_Wide_DSConv,42,0.001,13,0.8772175536881419,0.40127184987068176,0.3354978354978355,0.44,0.6428571428571429,0.18181818181818182,0.18181818181818182,25,0.3876262626262626,0.1777777777777777,0.3668261562998405,-0.05212842712842708,0.15772005772005782,-0.03132832080200498,5699,22.26171875,5.5654296875,,,,9,0,0,5,1,3,5,1,1,,not_available_tensorflow_import_failed,not_available_tensorflow_import_failed,high,LDX1_D1_Wide_DSConv; PyTorch implementation; TensorFlow available=False
LDX1_D1_Wide_DSConv_E5_WEDA_TO_BITS_seed42_lr0.001,E5_WEDA_TO_BITS,E5_WEDA_TO_BITS,LDX1_D1_Wide_DSConv,42,0.001,31,0.9191176470588235,0.23667098581790924,0.7321123321123321,0.7777777777777778,0.9142857142857143,0.6153846153846154,0.6666666666666666,36,0.6271469828241374,0.6770334928229665,0.6596491228070175,0.10496534928819468,0.05507883928936552,0.07246320930531458,5699,22.26171875,5.5654296875,,,,16,0,2,0,4,2,1,3,8,,not_available_tensorflow_import_failed,not_available_tensorflow_import_failed,high,LDX1_D1_Wide_DSConv; PyTorch implementation; TensorFlow available=False
LDX1_D1_Wide_DSConv_E1_BITS_TO_BITS_seed42_lr0.0005,E1_BITS_TO_BITS,E1_BITS_TO_BITS,LDX1_D1_Wide_DSConv,42,0.0005,24,0.8772175536881419,0.40039607882499695,0.8513457556935817,0.8611111111111112,0.9142857142857143,0.8571428571428571,0.782608695652174,36,0.8777348777348778,0.8322981366459627,0.8659932659932661,-0.026389122041296065,0.01904761904761898,-0.014647510299684363,5699,22.26171875,5.5654296875,,,,16,0,2,0,6,0,1,2,9,,not_available_tensorflow_import_failed,not_available_tensorflow_import_failed,high,LDX1_D1_Wide_DSConv; PyTorch implementation; TensorFlow available=False
LDX1_D1_Wide_DSConv_E2_WEDA_TO_WEDA_seed42_lr0.0005,E2_WEDA_TO_WEDA,E2_WEDA_TO_WEDA,LDX1_D1_Wide_DSConv,42,0.0005,7,0.9166666666666666,0.8628743886947632,0.6,0.6,0.5,0.7,0.6,25,0.6071428571428571,0.8773809523809524,0.6004357298474946,-0.0071428571428571175,-0.2773809523809524,-0.00043572984749462584,5699,22.26171875,5.5654296875,,,,5,4,0,2,7,0,4,0,3,,not_available_tensorflow_import_failed,not_available_tensorflow_import_failed,high,LDX1_D1_Wide_DSConv; PyTorch implementation; TensorFlow available=False
LDX1_D1_Wide_DSConv_E3_BITS_WEDA_MIXED_seed42_lr0.0005,E3_BITS_WEDA_MIXED,E3_BITS_WEDA_MIXED,LDX1_D1_Wide_DSConv,42,0.0005,23,0.8928812415654521,0.42846181988716125,0.8444155280850142,0.8524590163934426,0.9056603773584906,0.8275862068965517,0.8,61,0.8966626725247414,0.8196649029982362,0.802435064935065,-0.05224714443972722,0.024750625086777944,0.04198046314994919,5699,22.26171875,5.5654296875,,,,24,1,2,0,12,3,2,1,16,,not_available_tensorflow_import_failed,not_available_tensorflow_import_failed,high,LDX1_D1_Wide_DSConv; PyTorch implementation; TensorFlow available=False
LDX1_D1_Wide_DSConv_E3_BITS_WEDA_MIXED_seed42_lr0.0005,E6_E3_MIXED_TEST_BITS,E3_BITS_WEDA_MIXED,LDX1_D1_Wide_DSConv,42,0.0005,23,0.8928812415654521,0.42846181988716125,0.8492063492063492,0.8611111111111112,0.9142857142857143,0.8333333333333334,0.8,36,0.9350469350469351,0.7830568124685771,0.8320946364424625,-0.08584058584058596,0.06614953673777213,0.017111712763886677,5699,22.26171875,5.5654296875,,,,16,0,2,0,5,1,1,1,10,,not_available_tensorflow_import_failed,not_available_tensorflow_import_failed,high,LDX1_D1_Wide_DSConv; PyTorch implementation; TensorFlow available=False
LDX1_D1_Wide_DSConv_E3_BITS_WEDA_MIXED_seed42_lr0.0005,E7_E3_MIXED_TEST_WEDA,E3_BITS_WEDA_MIXED,LDX1_D1_Wide_DSConv,42,0.0005,23,0.8928812415654521,0.42846181988716125,0.8374727668845315,0.84,0.8888888888888888,0.8235294117647058,0.8,25,0.8390350877192981,0.8846903583745688,0.7930283224400871,-0.0015623208347665951,-0.047217591490037236,0.0444444444444444,5699,22.26171875,5.5654296875,,,,8,1,0,0,7,2,1,0,6,,not_available_tensorflow_import_failed,not_available_tensorflow_import_failed,high,LDX1_D1_Wide_DSConv; PyTorch implementation; TensorFlow available=False
LDX1_D1_Wide_DSConv_E4_BITS_TO_WEDA_seed42_lr0.0005,E4_BITS_TO_WEDA,E4_BITS_TO_WEDA,LDX1_D1_Wide_DSConv,42,0.0005,24,0.8772175536881419,0.40039607882499695,0.3383838383838384,0.44,0.6666666666666666,0.16666666666666666,0.18181818181818182,25,0.3876262626262626,0.1777777777777777,0.3668261562998405,-0.0492424242424242,0.1606060606060607,-0.028442317916002102,5699,22.26171875,5.5654296875,,,,9,0,0,5,1,3,4,2,1,,not_available_tensorflow_import_failed,not_available_tensorflow_import_failed,high,LDX1_D1_Wide_DSConv; PyTorch implementation; TensorFlow available=False
LDX1_D1_Wide_DSConv_E5_WEDA_TO_BITS_seed42_lr0.0005,E5_WEDA_TO_BITS,E5_WEDA_TO_BITS,LDX1_D1_Wide_DSConv,42,0.0005,7,0.9166666666666666,0.8628743886947632,0.7424501424501425,0.7777777777777778,0.8717948717948718,0.8,0.5555555555555556,36,0.6271469828241374,0.6770334928229665,0.6596491228070175,0.11530315962600513,0.06541664962717597,0.08280101964312503,5699,22.26171875,5.5654296875,,,,17,0,1,0,6,0,4,3,5,,not_available_tensorflow_import_failed,not_available_tensorflow_import_failed,high,LDX1_D1_Wide_DSConv; PyTorch implementation; TensorFlow available=False
LDX1_D1_Wide_DSConv_E1_BITS_TO_BITS_seed43_lr0.001,E1_BITS_TO_BITS,E1_BITS_TO_BITS,LDX1_D1_Wide_DSConv,43,0.001,29,0.8993788819875776,0.32943034172058105,0.8534618534618535,0.8888888888888888,0.972972972972973,0.7692307692307693,0.8181818181818182,36,0.8777348777348778,0.8322981366459627,0.8659932659932661,-0.024273024273024246,0.0211637168158908,-0.012531412531412545,5699,22.26171875,5.5654296875,,,,18,0,0,0,5,1,1,2,9,,not_available_tensorflow_import_failed,not_available_tensorflow_import_failed,high,LDX1_D1_Wide_DSConv; PyTorch implementation; TensorFlow available=False
LDX1_D1_Wide_DSConv_E2_WEDA_TO_WEDA_seed43_lr0.001,E2_WEDA_TO_WEDA,E2_WEDA_TO_WEDA,LDX1_D1_Wide_DSConv,43,0.001,14,0.9581699346405229,0.28886836767196655,0.9197780776728145,0.92,0.8888888888888888,0.9473684210526315,0.9230769230769231,25,0.6071428571428571,0.8773809523809524,0.6004357298474946,0.3126352205299574,0.042397125291862126,0.3193423478253199,5699,22.26171875,5.5654296875,,,,8,1,0,0,9,0,1,0,6,,not_available_tensorflow_import_failed,not_available_tensorflow_import_failed,high,LDX1_D1_Wide_DSConv; PyTorch implementation; TensorFlow available=False
LDX1_D1_Wide_DSConv_E3_BITS_WEDA_MIXED_seed43_lr0.001,E3_BITS_WEDA_MIXED,E3_BITS_WEDA_MIXED,LDX1_D1_Wide_DSConv,43,0.001,13,0.8916293916293917,0.3871763348579407,0.8716991341991341,0.8852459016393442,0.9454545454545454,0.8571428571428571,0.8125,61,0.8966626725247414,0.8196649029982362,0.802435064935065,-0.02496353832560727,0.052034231200897896,0.06926406926406914,5699,22.26171875,5.5654296875,,,,26,1,0,0,15,0,2,4,13,,not_available_tensorflow_import_failed,not_available_tensorflow_import_failed,high,LDX1_D1_Wide_DSConv; PyTorch implementation; TensorFlow available=False
LDX1_D1_Wide_DSConv_E3_BITS_WEDA_MIXED_seed43_lr0.001,E6_E3_MIXED_TEST_BITS,E3_BITS_WEDA_MIXED,LDX1_D1_Wide_DSConv,43,0.001,13,0.8916293916293917,0.3871763348579407,0.8681704260651628,0.8888888888888888,0.9473684210526315,0.8571428571428571,0.8,36,0.9350469350469351,0.7830568124685771,0.8320946364424625,-0.06687650898177233,0.08511361359658576,0.036075789622700305,5699,22.26171875,5.5654296875,,,,18,0,0,0,6,0,2,2,8,,not_available_tensorflow_import_failed,not_available_tensorflow_import_failed,high,LDX1_D1_Wide_DSConv; PyTorch implementation; TensorFlow available=False
LDX1_D1_Wide_DSConv_E3_BITS_WEDA_MIXED_seed43_lr0.001,E7_E3_MIXED_TEST_WEDA,E3_BITS_WEDA_MIXED,LDX1_D1_Wide_DSConv,43,0.001,13,0.8916293916293917,0.3871763348579407,0.8772175536881419,0.88,0.9411764705882353,0.8571428571428571,0.8333333333333334,25,0.8390350877192981,0.8846903583745688,0.7930283224400871,0.03818246596884378,-0.007472804686426859,0.08418923124805477,5699,22.26171875,5.5654296875,,,,8,1,0,0,9,0,0,2,5,,not_available_tensorflow_import_failed,not_available_tensorflow_import_failed,high,LDX1_D1_Wide_DSConv; PyTorch implementation; TensorFlow available=False
LDX1_D1_Wide_DSConv_E4_BITS_TO_WEDA_seed43_lr0.001,E4_BITS_TO_WEDA,E4_BITS_TO_WEDA,LDX1_D1_Wide_DSConv,43,0.001,29,0.8993788819875776,0.32943034172058105,0.3742985409652076,0.44,0.5925925925925926,0.16666666666666666,0.36363636363636365,25,0.3876262626262626,0.1777777777777777,0.3668261562998405,-0.013327721661055003,0.1965207631874299,0.007472384665367093,5699,22.26171875,5.5654296875,,,,8,0,1,7,1,1,3,2,2,,not_available_tensorflow_import_failed,not_available_tensorflow_import_failed,high,LDX1_D1_Wide_DSConv; PyTorch implementation; TensorFlow available=False
LDX1_D1_Wide_DSConv_E5_WEDA_TO_BITS_seed43_lr0.001,E5_WEDA_TO_BITS,E5_WEDA_TO_BITS,LDX1_D1_Wide_DSConv,43,0.001,14,0.9581699346405229,0.28886836767196655,0.6749999999999999,0.75,0.9,0.625,0.5,36,0.6271469828241374,0.6770334928229665,0.6596491228070175,0.047853017175862544,-0.0020334928229666094,0.015350877192982448,5699,22.26171875,5.5654296875,,,,18,0,0,1,5,0,3,5,4,,not_available_tensorflow_import_failed,not_available_tensorflow_import_failed,high,LDX1_D1_Wide_DSConv; PyTorch implementation; TensorFlow available=False
LDX1_D1_Wide_DSConv_E1_BITS_TO_BITS_seed43_lr0.0005,E1_BITS_TO_BITS,E1_BITS_TO_BITS,LDX1_D1_Wide_DSConv,43,0.0005,6,0.8412617220801364,0.9288222789764404,0.8244348244348245,0.8333333333333334,0.8888888888888888,0.8571428571428571,0.7272727272727273,36,0.8777348777348778,0.8322981366459627,0.8659932659932661,-0.053300053300053274,-0.00786331221113823,-0.04155844155844157,5699,22.26171875,5.5654296875,,,,16,0,2,0,6,0,2,2,8,,not_available_tensorflow_import_failed,not_available_tensorflow_import_failed,high,LDX1_D1_Wide_DSConv; PyTorch implementation; TensorFlow available=False
LDX1_D1_Wide_DSConv_E2_WEDA_TO_WEDA_seed43_lr0.0005,E2_WEDA_TO_WEDA,E2_WEDA_TO_WEDA,LDX1_D1_Wide_DSConv,43,0.0005,22,0.9581699346405229,0.3224090039730072,0.8288770053475935,0.84,0.8181818181818182,0.9411764705882353,0.7272727272727273,25,0.6071428571428571,0.8773809523809524,0.6004357298474946,0.22173414820473636,-0.04850394703335892,0.22844127550009885,5699,22.26171875,5.5654296875,,,,9,0,0,1,8,0,3,0,4,,not_available_tensorflow_import_failed,not_available_tensorflow_import_failed,high,LDX1_D1_Wide_DSConv; PyTorch implementation; TensorFlow available=False
LDX1_D1_Wide_DSConv_E3_BITS_WEDA_MIXED_seed43_lr0.0005,E3_BITS_WEDA_MIXED,E3_BITS_WEDA_MIXED,LDX1_D1_Wide_DSConv,43,0.0005,16,0.8914640914640914,0.4659833610057831,0.8439325419257585,0.8524590163934426,0.8852459016393442,0.896551724137931,0.75,61,0.8966626725247414,0.8196649029982362,0.802435064935065,-0.052730130598982905,0.02426763892752226,0.041497476990693505,5699,22.26171875,5.5654296875,,,,27,0,0,1,13,1,6,1,12,,not_available_tensorflow_import_failed,not_available_tensorflow_import_failed,high,LDX1_D1_Wide_DSConv; PyTorch implementation; TensorFlow available=False
LDX1_D1_Wide_DSConv_E3_BITS_WEDA_MIXED_seed43_lr0.0005,E6_E3_MIXED_TEST_BITS,E3_BITS_WEDA_MIXED,LDX1_D1_Wide_DSConv,43,0.0005,16,0.8914640914640914,0.4659833610057831,0.8111111111111112,0.8333333333333334,0.9,0.8333333333333334,0.7,36,0.9350469350469351,0.7830568124685771,0.8320946364424625,-0.12393582393582392,0.02805429864253417,-0.020983525331351283,5699,22.26171875,5.5654296875,,,,18,0,0,0,5,1,4,1,7,,not_available_tensorflow_import_failed,not_available_tensorflow_import_failed,high,LDX1_D1_Wide_DSConv; PyTorch implementation; TensorFlow available=False
LDX1_D1_Wide_DSConv_E3_BITS_WEDA_MIXED_seed43_lr0.0005,E7_E3_MIXED_TEST_WEDA,E3_BITS_WEDA_MIXED,LDX1_D1_Wide_DSConv,43,0.0005,16,0.8914640914640914,0.4659833610057831,0.8772175536881419,0.88,0.8571428571428571,0.9411764705882353,0.8333333333333334,25,0.8390350877192981,0.8846903583745688,0.7930283224400871,0.03818246596884378,-0.007472804686426859,0.08418923124805477,5699,22.26171875,5.5654296875,,,,9,0,0,1,8,0,2,0,5,,not_available_tensorflow_import_failed,not_available_tensorflow_import_failed,high,LDX1_D1_Wide_DSConv; PyTorch implementation; TensorFlow available=False
LDX1_D1_Wide_DSConv_E4_BITS_TO_WEDA_seed43_lr0.0005,E4_BITS_TO_WEDA,E4_BITS_TO_WEDA,LDX1_D1_Wide_DSConv,43,0.0005,6,0.8412617220801364,0.9288222789764404,0.40452140452140456,0.44,0.5555555555555556,0.18181818181818182,0.47619047619047616,25,0.3876262626262626,0.1777777777777777,0.3668261562998405,0.016895141895141963,0.22674362674362686,0.03769524822156406,5699,22.26171875,5.5654296875,,,,5,0,4,3,1,5,1,1,5,,not_available_tensorflow_import_failed,not_available_tensorflow_import_failed,high,LDX1_D1_Wide_DSConv; PyTorch implementation; TensorFlow available=False
LDX1_D1_Wide_DSConv_E5_WEDA_TO_BITS_seed43_lr0.0005,E5_WEDA_TO_BITS,E5_WEDA_TO_BITS,LDX1_D1_Wide_DSConv,43,0.0005,22,0.9581699346405229,0.3224090039730072,0.6412698412698412,0.7222222222222222,0.8571428571428571,0.6666666666666666,0.4,36,0.6271469828241374,0.6770334928229665,0.6596491228070175,0.014122858445703823,-0.03576365155312533,-0.018379281537176273,5699,22.26171875,5.5654296875,,,,18,0,0,1,5,0,5,4,3,,not_available_tensorflow_import_failed,not_available_tensorflow_import_failed,high,LDX1_D1_Wide_DSConv; PyTorch implementation; TensorFlow available=False
LDX1_D1_Wide_DSConv_E1_BITS_TO_BITS_seed44_lr0.001,E1_BITS_TO_BITS,E1_BITS_TO_BITS,LDX1_D1_Wide_DSConv,44,0.001,19,0.8250000000000001,0.42251822352409363,0.7756132756132756,0.7777777777777778,0.8333333333333334,0.8571428571428571,0.6363636363636364,36,0.8777348777348778,0.8322981366459627,0.8659932659932661,-0.10212160212160215,-0.056684861032687106,-0.09037999037999045,5699,22.26171875,5.5654296875,,,,15,0,3,0,6,0,3,2,7,,not_available_tensorflow_import_failed,not_available_tensorflow_import_failed,high,LDX1_D1_Wide_DSConv; PyTorch implementation; TensorFlow available=False
LDX1_D1_Wide_DSConv_E2_WEDA_TO_WEDA_seed44_lr0.001,E2_WEDA_TO_WEDA,E2_WEDA_TO_WEDA,LDX1_D1_Wide_DSConv,44,0.001,14,0.8379629629629629,0.41684025526046753,0.9214177978883861,0.92,0.9,0.9411764705882353,0.9230769230769231,25,0.6071428571428571,0.8773809523809524,0.6004357298474946,0.314274940745529,0.0440368455074337,0.32098206804089147,5699,22.26171875,5.5654296875,,,,9,0,0,1,8,0,1,0,6,,not_available_tensorflow_import_failed,not_available_tensorflow_import_failed,high,LDX1_D1_Wide_DSConv; PyTorch implementation; TensorFlow available=False
LDX1_D1_Wide_DSConv_E3_BITS_WEDA_MIXED_seed44_lr0.001,E3_BITS_WEDA_MIXED,E3_BITS_WEDA_MIXED,LDX1_D1_Wide_DSConv,44,0.001,8,0.8464773572134003,0.5116893649101257,0.7786137234413096,0.8032786885245902,0.8666666666666667,0.8484848484848485,0.6206896551724138,61,0.8966626725247414,0.8196649029982362,0.802435064935065,-0.11804894908343178,-0.04105117955692661,-0.023821341493755366,5699,22.26171875,5.5654296875,,,,26,0,1,1,14,0,6,4,9,,not_available_tensorflow_import_failed,not_available_tensorflow_import_failed,high,LDX1_D1_Wide_DSConv; PyTorch implementation; TensorFlow available=False
LDX1_D1_Wide_DSConv_E3_BITS_WEDA_MIXED_seed44_lr0.001,E6_E3_MIXED_TEST_BITS,E3_BITS_WEDA_MIXED,LDX1_D1_Wide_DSConv,44,0.001,8,0.8464773572134003,0.5116893649101257,0.7754385964912279,0.8055555555555556,0.8947368421052632,0.8,0.631578947368421,36,0.9350469350469351,0.7830568124685771,0.8320946364424625,-0.15960833855570722,-0.00761821597734913,-0.05665603995123458,5699,22.26171875,5.5654296875,,,,17,0,1,0,6,0,3,3,6,,not_available_tensorflow_import_failed,not_available_tensorflow_import_failed,high,LDX1_D1_Wide_DSConv; PyTorch implementation; TensorFlow available=False
LDX1_D1_Wide_DSConv_E3_BITS_WEDA_MIXED_seed44_lr0.001,E7_E3_MIXED_TEST_WEDA,E3_BITS_WEDA_MIXED,LDX1_D1_Wide_DSConv,44,0.001,8,0.8464773572134003,0.5116893649101257,0.769023569023569,0.8,0.8181818181818182,0.8888888888888888,0.6,25,0.8390350877192981,0.8846903583745688,0.7930283224400871,-0.07001151869572908,-0.11566678935099972,-0.024004753416518088,5699,22.26171875,5.5654296875,,,,9,0,0,1,8,0,3,1,3,,not_available_tensorflow_import_failed,not_available_tensorflow_import_failed,high,LDX1_D1_Wide_DSConv; PyTorch implementation; TensorFlow available=False
LDX1_D1_Wide_DSConv_E4_BITS_TO_WEDA_seed44_lr0.001,E4_BITS_TO_WEDA,E4_BITS_TO_WEDA,LDX1_D1_Wide_DSConv,44,0.001,19,0.8250000000000001,0.42251822352409363,0.3143288084464555,0.32,0.4,0.3076923076923077,0.23529411764705882,25,0.3876262626262626,0.1777777777777777,0.3668261562998405,-0.0732974541798071,0.1365510306686778,-0.052497347853385,5699,22.26171875,5.5654296875,,,,4,0,5,4,2,3,3,2,2,,not_available_tensorflow_import_failed,not_available_tensorflow_import_failed,high,LDX1_D1_Wide_DSConv; PyTorch implementation; TensorFlow available=False
LDX1_D1_Wide_DSConv_E5_WEDA_TO_BITS_seed44_lr0.001,E5_WEDA_TO_BITS,E5_WEDA_TO_BITS,LDX1_D1_Wide_DSConv,44,0.001,14,0.8379629629629629,0.41684025526046753,0.6695767195767196,0.7222222222222222,0.85,0.7142857142857143,0.4444444444444444,36,0.6271469828241374,0.6770334928229665,0.6596491228070175,0.042429736752582214,-0.007456773246246939,0.009927596769702118,5699,22.26171875,5.5654296875,,,,17,0,1,0,5,1,5,3,4,,not_available_tensorflow_import_failed,not_available_tensorflow_import_failed,high,LDX1_D1_Wide_DSConv; PyTorch implementation; TensorFlow available=False
LDX1_D1_Wide_DSConv_E1_BITS_TO_BITS_seed44_lr0.0005,E1_BITS_TO_BITS,E1_BITS_TO_BITS,LDX1_D1_Wide_DSConv,44,0.0005,21,0.8216538789428816,0.4658571481704712,0.8172932330827067,0.8333333333333334,0.8947368421052632,0.8571428571428571,0.7,36,0.8777348777348778,0.8322981366459627,0.8659932659932661,-0.060441644652171056,-0.015004903563256011,-0.048700032910559354,5699,22.26171875,5.5654296875,,,,17,0,1,0,6,0,3,2,7,,not_available_tensorflow_import_failed,not_available_tensorflow_import_failed,high,LDX1_D1_Wide_DSConv; PyTorch implementation; TensorFlow available=False
LDX1_D1_Wide_DSConv_E2_WEDA_TO_WEDA_seed44_lr0.0005,E2_WEDA_TO_WEDA,E2_WEDA_TO_WEDA,LDX1_D1_Wide_DSConv,44,0.0005,29,0.8379629629629629,0.3807212710380554,0.9214177978883861,0.92,0.9,0.9411764705882353,0.9230769230769231,25,0.6071428571428571,0.8773809523809524,0.6004357298474946,0.314274940745529,0.0440368455074337,0.32098206804089147,5699,22.26171875,5.5654296875,,,,9,0,0,1,8,0,1,0,6,,not_available_tensorflow_import_failed,not_available_tensorflow_import_failed,high,LDX1_D1_Wide_DSConv; PyTorch implementation; TensorFlow available=False
LDX1_D1_Wide_DSConv_E3_BITS_WEDA_MIXED_seed44_lr0.0005,E3_BITS_WEDA_MIXED,E3_BITS_WEDA_MIXED,LDX1_D1_Wide_DSConv,44,0.0005,13,0.8606887589343731,0.4860003590583801,0.8344086021505376,0.8360655737704918,0.8571428571428571,0.9032258064516129,0.7428571428571429,61,0.8966626725247414,0.8196649029982362,0.802435064935065,-0.06225407037420383,0.014743699152301337,0.03197353721547258,5699,22.26171875,5.5654296875,,,,24,0,3,1,14,0,4,2,13,,not_available_tensorflow_import_failed,not_available_tensorflow_import_failed,high,LDX1_D1_Wide_DSConv; PyTorch implementation; TensorFlow available=False
LDX1_D1_Wide_DSConv_E3_BITS_WEDA_MIXED_seed44_lr0.0005,E6_E3_MIXED_TEST_BITS,E3_BITS_WEDA_MIXED,LDX1_D1_Wide_DSConv,44,0.0005,13,0.8606887589343731,0.4860003590583801,0.7962247962247962,0.8055555555555556,0.8648648648648649,0.8571428571428571,0.6666666666666666,36,0.9350469350469351,0.7830568124685771,0.8320946364424625,-0.1388221388221389,0.013167983756219193,-0.03586984021766626,5699,22.26171875,5.5654296875,,,,16,0,2,0,6,0,3,2,7,,not_available_tensorflow_import_failed,not_available_tensorflow_import_failed,high,LDX1_D1_Wide_DSConv; PyTorch implementation; TensorFlow available=False
LDX1_D1_Wide_DSConv_E3_BITS_WEDA_MIXED_seed44_lr0.0005,E7_E3_MIXED_TEST_WEDA,E3_BITS_WEDA_MIXED,LDX1_D1_Wide_DSConv,44,0.0005,13,0.8606887589343731,0.4860003590583801,0.880141530296329,0.88,0.8421052631578947,0.9411764705882353,0.8571428571428571,25,0.8390350877192981,0.8846903583745688,0.7930283224400871,0.04110644257703089,-0.004548828078239753,0.08711320785624188,5699,22.26171875,5.5654296875,,,,8,0,1,1,8,0,1,0,6,,not_available_tensorflow_import_failed,not_available_tensorflow_import_failed,high,LDX1_D1_Wide_DSConv; PyTorch implementation; TensorFlow available=False
LDX1_D1_Wide_DSConv_E4_BITS_TO_WEDA_seed44_lr0.0005,E4_BITS_TO_WEDA,E4_BITS_TO_WEDA,LDX1_D1_Wide_DSConv,44,0.0005,21,0.8216538789428816,0.4658571481704712,0.17582417582417584,0.24,0.38461538461538464,0.0,0.14285714285714285,25,0.3876262626262626,0.1777777777777777,0.3668261562998405,-0.21180208680208676,-0.0019536019536018634,-0.19100198047566466,5699,22.26171875,5.5654296875,,,,5,0,4,7,0,2,5,1,1,,not_available_tensorflow_import_failed,not_available_tensorflow_import_failed,high,LDX1_D1_Wide_DSConv; PyTorch implementation; TensorFlow available=False
LDX1_D1_Wide_DSConv_E5_WEDA_TO_BITS_seed44_lr0.0005,E5_WEDA_TO_BITS,E5_WEDA_TO_BITS,LDX1_D1_Wide_DSConv,44,0.0005,29,0.8379629629629629,0.3807212710380554,0.6872586872586872,0.75,0.918918918918919,0.5714285714285714,0.5714285714285714,36,0.6271469828241374,0.6770334928229665,0.6596491228070175,0.06011170443454983,0.010225194435720675,0.027609564451669732,5699,22.26171875,5.5654296875,,,,17,0,1,0,4,2,2,4,6,,not_available_tensorflow_import_failed,not_available_tensorflow_import_failed,high,LDX1_D1_Wide_DSConv; PyTorch implementation; TensorFlow available=False
LDX2_D1_Wide_Attention_E1_BITS_TO_BITS_seed42_lr0.001,E1_BITS_TO_BITS,E1_BITS_TO_BITS,LDX2_D1_Wide_Attention,42,0.001,6,0.7981481481481482,0.5606728792190552,0.6883190883190883,0.7222222222222222,0.8205128205128205,0.8,0.4444444444444444,36,0.8777348777348778,0.8322981366459627,0.8659932659932661,-0.18941578941578952,-0.14397904832687447,-0.1776741776741778,5748,22.453125,5.61328125,,,,16,0,2,0,6,0,5,3,4,,not_available_tensorflow_import_failed,not_available_tensorflow_import_failed,high,LDX2_D1_Wide_Attention; PyTorch implementation; TensorFlow available=False
LDX2_D1_Wide_Attention_E2_WEDA_TO_WEDA_seed42_lr0.001,E2_WEDA_TO_WEDA,E2_WEDA_TO_WEDA,LDX2_D1_Wide_Attention,42,0.001,9,0.8297619047619048,0.7861770391464233,0.4031481481481481,0.44,0.125,0.64,0.4444444444444444,25,0.6071428571428571,0.8773809523809524,0.6004357298474946,-0.203994708994709,-0.4742328042328043,-0.19728758169934651,5748,22.453125,5.61328125,,,,1,8,0,1,8,0,5,0,2,,not_available_tensorflow_import_failed,not_available_tensorflow_import_failed,high,LDX2_D1_Wide_Attention; PyTorch implementation; TensorFlow available=False
LDX2_D1_Wide_Attention_E3_BITS_WEDA_MIXED_seed42_lr0.001,E3_BITS_WEDA_MIXED,E3_BITS_WEDA_MIXED,LDX2_D1_Wide_Attention,42,0.001,8,0.8274828630639247,0.6090496182441711,0.5798656714824187,0.5901639344262295,0.6037735849056604,0.6842105263157895,0.45161290322580644,61,0.8966626725247414,0.8196649029982362,0.802435064935065,-0.31679700104232267,-0.2397992315158175,-0.22256939345264626,5748,22.453125,5.61328125,,,,16,8,3,0,13,2,10,2,7,,not_available_tensorflow_import_failed,not_available_tensorflow_import_failed,high,LDX2_D1_Wide_Attention; PyTorch implementation; TensorFlow available=False
LDX2_D1_Wide_Attention_E3_BITS_WEDA_MIXED_seed42_lr0.001,E6_E3_MIXED_TEST_BITS,E3_BITS_WEDA_MIXED,LDX2_D1_Wide_Attention,42,0.001,8,0.8274828630639247,0.6090496182441711,0.7464607464607464,0.75,0.8108108108108109,0.8571428571428571,0.5714285714285714,36,0.9350469350469351,0.7830568124685771,0.8320946364424625,-0.1885861885861887,-0.03659606600783061,-0.08563388998171606,5748,22.453125,5.61328125,,,,15,0,3,0,6,0,4,2,6,,not_available_tensorflow_import_failed,not_available_tensorflow_import_failed,high,LDX2_D1_Wide_Attention; PyTorch implementation; TensorFlow available=False
LDX2_D1_Wide_Attention_E3_BITS_WEDA_MIXED_seed42_lr0.001,E7_E3_MIXED_TEST_WEDA,E3_BITS_WEDA_MIXED,LDX2_D1_Wide_Attention,42,0.001,8,0.8274828630639247,0.6090496182441711,0.3027777777777778,0.36,0.125,0.5833333333333334,0.2,25,0.8390350877192981,0.8846903583745688,0.7930283224400871,-0.5362573099415203,-0.581912580596791,-0.49025054466230933,5748,22.453125,5.61328125,,,,1,8,0,0,7,2,6,0,1,,not_available_tensorflow_import_failed,not_available_tensorflow_import_failed,high,LDX2_D1_Wide_Attention; PyTorch implementation; TensorFlow available=False
LDX2_D1_Wide_Attention_E4_BITS_TO_WEDA_seed42_lr0.001,E4_BITS_TO_WEDA,E4_BITS_TO_WEDA,LDX2_D1_Wide_Attention,42,0.001,6,0.7981481481481482,0.5606728792190552,0.2622733303847855,0.28,0.11764705882352941,0.5263157894736842,0.14285714285714285,25,0.3876262626262626,0.1777777777777777,0.3668261562998405,-0.1253529322414771,0.0844955526070078,-0.10455282591505499,5748,22.453125,5.61328125,,,,1,3,5,3,5,1,4,2,1,,not_available_tensorflow_import_failed,not_available_tensorflow_import_failed,high,LDX2_D1_Wide_Attention; PyTorch implementation; TensorFlow available=False
LDX2_D1_Wide_Attention_E5_WEDA_TO_BITS_seed42_lr0.001,E5_WEDA_TO_BITS,E5_WEDA_TO_BITS,LDX2_D1_Wide_Attention,42,0.001,9,0.8297619047619048,0.7861770391464233,0.6219576719576719,0.6944444444444444,0.85,0.5714285714285714,0.4444444444444444,36,0.6271469828241374,0.6770334928229665,0.6596491228070175,-0.0051893108664654575,-0.05507582086529461,-0.037691450849345554,5748,22.453125,5.61328125,,,,17,1,0,0,4,2,5,3,4,,not_available_tensorflow_import_failed,not_available_tensorflow_import_failed,high,LDX2_D1_Wide_Attention; PyTorch implementation; TensorFlow available=False
LDX2_D1_Wide_Attention_E1_BITS_TO_BITS_seed42_lr0.0005,E1_BITS_TO_BITS,E1_BITS_TO_BITS,LDX2_D1_Wide_Attention,42,0.0005,17,0.7668326220957798,0.5198862552642822,0.78683889210205,0.8055555555555556,0.8717948717948718,0.8571428571428571,0.631578947368421,36,0.8777348777348778,0.8322981366459627,0.8659932659932661,-0.09089598563282775,-0.0454592445439127,-0.07915437389121605,5748,22.453125,5.61328125,,,,17,0,1,0,6,0,4,2,6,,not_available_tensorflow_import_failed,not_available_tensorflow_import_failed,high,LDX2_D1_Wide_Attention; PyTorch implementation; TensorFlow available=False
LDX2_D1_Wide_Attention_E2_WEDA_TO_WEDA_seed42_lr0.0005,E2_WEDA_TO_WEDA,E2_WEDA_TO_WEDA,LDX2_D1_Wide_Attention,42,0.0005,18,0.8283945157010173,0.7228079438209534,0.4031481481481481,0.44,0.125,0.64,0.4444444444444444,25,0.6071428571428571,0.8773809523809524,0.6004357298474946,-0.203994708994709,-0.4742328042328043,-0.19728758169934651,5748,22.453125,5.61328125,,,,1,8,0,1,8,0,5,0,2,,not_available_tensorflow_import_failed,not_available_tensorflow_import_failed,high,LDX2_D1_Wide_Attention; PyTorch implementation; TensorFlow available=False
LDX2_D1_Wide_Attention_E3_BITS_WEDA_MIXED_seed42_lr0.0005,E3_BITS_WEDA_MIXED,E3_BITS_WEDA_MIXED,LDX2_D1_Wide_Attention,42,0.0005,10,0.8304839177050131,0.6586174964904785,0.6145266708834071,0.6229508196721312,0.6274509803921569,0.7,0.5161290322580645,61,0.8966626725247414,0.8196649029982362,0.802435064935065,-0.28213600164133434,-0.20513823211482918,-0.18790839405165793,5748,22.453125,5.61328125,,,,16,8,3,0,14,1,8,3,8,,not_available_tensorflow_import_failed,not_available_tensorflow_import_failed,high,LDX2_D1_Wide_Attention; PyTorch implementation; TensorFlow available=False
LDX2_D1_Wide_Attention_E3_BITS_WEDA_MIXED_seed42_lr0.0005,E6_E3_MIXED_TEST_BITS,E3_BITS_WEDA_MIXED,LDX2_D1_Wide_Attention,42,0.0005,10,0.8304839177050131,0.6586174964904785,0.7756132756132756,0.7777777777777778,0.8333333333333334,0.8571428571428571,0.6363636363636364,36,0.9350469350469351,0.7830568124685771,0.8320946364424625,-0.1594336594336595,-0.007443536855301414,-0.056481360829186866,5748,22.453125,5.61328125,,,,15,0,3,0,6,0,3,2,7,,not_available_tensorflow_import_failed,not_available_tensorflow_import_failed,high,LDX2_D1_Wide_Attention; PyTorch implementation; TensorFlow available=False
LDX2_D1_Wide_Attention_E3_BITS_WEDA_MIXED_seed42_lr0.0005,E7_E3_MIXED_TEST_WEDA,E3_BITS_WEDA_MIXED,LDX2_D1_Wide_Attention,42,0.0005,10,0.8304839177050131,0.6586174964904785,0.32364672364672364,0.4,0.13333333333333333,0.6153846153846154,0.2222222222222222,25,0.8390350877192981,0.8846903583745688,0.7930283224400871,-0.5153883640725745,-0.5610436347278451,-0.4693815987933635,5748,22.453125,5.61328125,,,,1,8,0,0,8,1,5,1,1,,not_available_tensorflow_import_failed,not_available_tensorflow_import_failed,high,LDX2_D1_Wide_Attention; PyTorch implementation; TensorFlow available=False
LDX2_D1_Wide_Attention_E4_BITS_TO_WEDA_seed42_lr0.0005,E4_BITS_TO_WEDA,E4_BITS_TO_WEDA,LDX2_D1_Wide_Attention,42,0.0005,17,0.7668326220957798,0.5198862552642822,0.20958605664488017,0.2,0.1111111111111111,0.4,0.11764705882352941,25,0.3876262626262626,0.1777777777777777,0.3668261562998405,-0.17804020598138243,0.03180827886710247,-0.15724009965496033,5748,22.453125,5.61328125,,,,1,2,6,3,3,3,5,1,1,,not_available_tensorflow_import_failed,not_available_tensorflow_import_failed,high,LDX2_D1_Wide_Attention; PyTorch implementation; TensorFlow available=False
LDX2_D1_Wide_Attention_E5_WEDA_TO_BITS_seed42_lr0.0005,E5_WEDA_TO_BITS,E5_WEDA_TO_BITS,LDX2_D1_Wide_Attention,42,0.0005,18,0.8283945157010173,0.7228079438209534,0.5775303643724696,0.6666666666666666,0.85,0.46153846153846156,0.42105263157894735,36,0.6271469828241374,0.6770334928229665,0.6596491228070175,-0.04961661845166776,-0.09950312845049691,-0.08211875843454786,5748,22.453125,5.61328125,,,,17,1,0,0,3,3,5,3,4,,not_available_tensorflow_import_failed,not_available_tensorflow_import_failed,high,LDX2_D1_Wide_Attention; PyTorch implementation; TensorFlow available=False
LDX2_D1_Wide_Attention_E1_BITS_TO_BITS_seed43_lr0.001,E1_BITS_TO_BITS,E1_BITS_TO_BITS,LDX2_D1_Wide_Attention,43,0.001,29,0.7824463118580764,0.6927932500839233,0.8684766214177979,0.8611111111111112,0.8823529411764706,0.9230769230769231,0.8,36,0.8777348777348778,0.8322981366459627,0.8659932659932661,-0.009258256317079883,0.03617848477183516,0.002483355424531819,5748,22.453125,5.61328125,,,,15,0,3,0,6,0,1,1,10,,not_available_tensorflow_import_failed,not_available_tensorflow_import_failed,high,LDX2_D1_Wide_Attention; PyTorch implementation; TensorFlow available=False
LDX2_D1_Wide_Attention_E2_WEDA_TO_WEDA_seed43_lr0.001,E2_WEDA_TO_WEDA,E2_WEDA_TO_WEDA,LDX2_D1_Wide_Attention,43,0.001,23,0.7891788294265075,0.9260143637657166,0.6745098039215686,0.68,0.5333333333333333,0.6666666666666666,0.8235294117647058,25,0.6071428571428571,0.8773809523809524,0.6004357298474946,0.06736694677871147,-0.2028711484593838,0.07407407407407396,5748,22.453125,5.61328125,,,,4,3,2,2,6,1,0,0,7,,not_available_tensorflow_import_failed,not_available_tensorflow_import_failed,high,LDX2_D1_Wide_Attention; PyTorch implementation; TensorFlow available=False
LDX2_D1_Wide_Attention_E3_BITS_WEDA_MIXED_seed43_lr0.001,E3_BITS_WEDA_MIXED,E3_BITS_WEDA_MIXED,LDX2_D1_Wide_Attention,43,0.001,14,0.7497536945812807,0.9952291250228882,0.6682947900053163,0.6885245901639344,0.7719298245614035,0.6875,0.5454545454545454,61,0.8966626725247414,0.8196649029982362,0.802435064935065,-0.22836788251942508,-0.15137011299291991,-0.13414027492974867,5748,22.453125,5.61328125,,,,22,2,3,2,11,2,6,4,9,,not_available_tensorflow_import_failed,not_available_tensorflow_import_failed,high,LDX2_D1_Wide_Attention; PyTorch implementation; TensorFlow available=False
LDX2_D1_Wide_Attention_E3_BITS_WEDA_MIXED_seed43_lr0.001,E6_E3_MIXED_TEST_BITS,E3_BITS_WEDA_MIXED,LDX2_D1_Wide_Attention,43,0.001,14,0.7497536945812807,0.9952291250228882,0.7627450980392158,0.8055555555555556,0.9,0.8,0.5882352941176471,36,0.9350469350469351,0.7830568124685771,0.8320946364424625,-0.1723018370077194,-0.020311714429361305,-0.06934953840324676,5748,22.453125,5.61328125,,,,18,0,0,0,6,0,4,3,5,,not_available_tensorflow_import_failed,not_available_tensorflow_import_failed,high,LDX2_D1_Wide_Attention; PyTorch implementation; TensorFlow available=False
LDX2_D1_Wide_Attention_E3_BITS_WEDA_MIXED_seed43_lr0.001,E7_E3_MIXED_TEST_WEDA,E3_BITS_WEDA_MIXED,LDX2_D1_Wide_Attention,43,0.001,14,0.7497536945812807,0.9952291250228882,0.5196078431372549,0.52,0.47058823529411764,0.5882352941176471,0.5,25,0.8390350877192981,0.8846903583745688,0.7930283224400871,-0.3194272445820432,-0.36508251523731383,-0.2734204793028322,5748,22.453125,5.61328125,,,,4,2,3,2,5,2,2,1,4,,not_available_tensorflow_import_failed,not_available_tensorflow_import_failed,high,LDX2_D1_Wide_Attention; PyTorch implementation; TensorFlow available=False
LDX2_D1_Wide_Attention_E4_BITS_TO_WEDA_seed43_lr0.001,E4_BITS_TO_WEDA,E4_BITS_TO_WEDA,LDX2_D1_Wide_Attention,43,0.001,29,0.7824463118580764,0.6927932500839233,0.3,0.32,0.3,0.2,0.4,25,0.3876262626262626,0.1777777777777777,0.3668261562998405,-0.08762626262626261,0.12222222222222229,-0.06682615629984051,5748,22.453125,5.61328125,,,,3,0,6,5,1,3,3,0,4,,not_available_tensorflow_import_failed,not_available_tensorflow_import_failed,high,LDX2_D1_Wide_Attention; PyTorch implementation; TensorFlow available=False
LDX2_D1_Wide_Attention_E5_WEDA_TO_BITS_seed43_lr0.001,E5_WEDA_TO_BITS,E5_WEDA_TO_BITS,LDX2_D1_Wide_Attention,43,0.001,23,0.7891788294265075,0.9260143637657166,0.5517902813299232,0.5833333333333334,0.75,0.47058823529411764,0.43478260869565216,36,0.6271469828241374,0.6770334928229665,0.6596491228070175,-0.07535670149421414,-0.1252432114930433,-0.10785884147709424,5748,22.453125,5.61328125,,,,12,2,4,0,4,2,2,5,5,,not_available_tensorflow_import_failed,not_available_tensorflow_import_failed,high,LDX2_D1_Wide_Attention; PyTorch implementation; TensorFlow available=False
LDX2_D1_Wide_Attention_E1_BITS_TO_BITS_seed43_lr0.0005,E1_BITS_TO_BITS,E1_BITS_TO_BITS,LDX2_D1_Wide_Attention,43,0.0005,25,0.7261904761904763,0.5822169184684753,0.8469308469308469,0.8333333333333334,0.8484848484848485,0.9230769230769231,0.7692307692307693,36,0.8777348777348778,0.8322981366459627,0.8659932659932661,-0.030804030804030935,0.01463271028488411,-0.019062419062419234,5748,22.453125,5.61328125,,,,14,0,4,0,6,0,1,1,10,,not_available_tensorflow_import_failed,not_available_tensorflow_import_failed,high,LDX2_D1_Wide_Attention; PyTorch implementation; TensorFlow available=False
LDX2_D1_Wide_Attention_E2_WEDA_TO_WEDA_seed43_lr0.0005,E2_WEDA_TO_WEDA,E2_WEDA_TO_WEDA,LDX2_D1_Wide_Attention,43,0.0005,35,0.5930500658761528,1.1422487497329712,0.5549707602339181,0.56,0.5333333333333333,0.631578947368421,0.5,25,0.6071428571428571,0.8773809523809524,0.6004357298474946,-0.05217209690893898,-0.32241019214703426,-0.04546496961357649,5748,22.453125,5.61328125,,,,4,2,3,1,6,2,1,2,4,,not_available_tensorflow_import_failed,not_available_tensorflow_import_failed,high,LDX2_D1_Wide_Attention; PyTorch implementation; TensorFlow available=False
LDX2_D1_Wide_Attention_E3_BITS_WEDA_MIXED_seed43_lr0.0005,E3_BITS_WEDA_MIXED,E3_BITS_WEDA_MIXED,LDX2_D1_Wide_Attention,43,0.0005,5,0.6430750077808901,0.8657792806625366,0.5259803921568628,0.5409836065573771,0.625,0.6,0.35294117647058826,61,0.8966626725247414,0.8196649029982362,0.802435064935065,-0.37068228036787865,-0.2936845108413735,-0.27645467277820224,5748,22.453125,5.61328125,,,,15,6,6,0,12,3,6,7,6,,not_available_tensorflow_import_failed,not_available_tensorflow_import_failed,high,LDX2_D1_Wide_Attention; PyTorch implementation; TensorFlow available=False
LDX2_D1_Wide_Attention_E3_BITS_WEDA_MIXED_seed43_lr0.0005,E6_E3_MIXED_TEST_BITS,E3_BITS_WEDA_MIXED,LDX2_D1_Wide_Attention,43,0.0005,5,0.6430750077808901,0.8657792806625366,0.6534227726178191,0.6944444444444444,0.8333333333333334,0.7058823529411765,0.42105263157894735,36,0.9350469350469351,0.7830568124685771,0.8320946364424625,-0.28162416242911603,-0.12963403985075794,-0.1786718638246434,5748,22.453125,5.61328125,,,,15,0,3,0,6,0,3,5,4,,not_available_tensorflow_import_failed,not_available_tensorflow_import_failed,high,LDX2_D1_Wide_Attention; PyTorch implementation; TensorFlow available=False
LDX2_D1_Wide_Attention_E3_BITS_WEDA_MIXED_seed43_lr0.0005,E7_E3_MIXED_TEST_WEDA,E3_BITS_WEDA_MIXED,LDX2_D1_Wide_Attention,43,0.0005,5,0.6430750077808901,0.8657792806625366,0.26280193236714977,0.32,0.0,0.5217391304347826,0.26666666666666666,25,0.8390350877192981,0.8846903583745688,0.7930283224400871,-0.5762331553521484,-0.621888426007419,-0.5302263900729374,5748,22.453125,5.61328125,,,,0,6,3,0,6,3,3,2,2,,not_available_tensorflow_import_failed,not_available_tensorflow_import_failed,high,LDX2_D1_Wide_Attention; PyTorch implementation; TensorFlow available=False
LDX2_D1_Wide_Attention_E4_BITS_TO_WEDA_seed43_lr0.0005,E4_BITS_TO_WEDA,E4_BITS_TO_WEDA,LDX2_D1_Wide_Attention,43,0.0005,25,0.7261904761904763,0.5822169184684753,0.23253588516746412,0.24,0.2,0.18181818181818182,0.3157894736842105,25,0.3876262626262626,0.1777777777777777,0.3668261562998405,-0.15509037745879847,0.05475810738968642,-0.13429027113237638,5748,22.453125,5.61328125,,,,2,1,6,5,1,3,4,0,3,,not_available_tensorflow_import_failed,not_available_tensorflow_import_failed,high,LDX2_D1_Wide_Attention; PyTorch implementation; TensorFlow available=False
LDX2_D1_Wide_Attention_E5_WEDA_TO_BITS_seed43_lr0.0005,E5_WEDA_TO_BITS,E5_WEDA_TO_BITS,LDX2_D1_Wide_Attention,43,0.0005,35,0.5930500658761528,1.1422487497329712,0.651950388792494,0.6944444444444444,0.8205128205128205,0.7142857142857143,0.42105263157894735,36,0.6271469828241374,0.6770334928229665,0.6596491228070175,0.024803405968356618,-0.025083104030472536,-0.007698734014523478,5748,22.453125,5.61328125,,,,16,0,2,0,5,1,5,3,4,,not_available_tensorflow_import_failed,not_available_tensorflow_import_failed,high,LDX2_D1_Wide_Attention; PyTorch implementation; TensorFlow available=False
LDX2_D1_Wide_Attention_E1_BITS_TO_BITS_seed44_lr0.001,E1_BITS_TO_BITS,E1_BITS_TO_BITS,LDX2_D1_Wide_Attention,44,0.001,11,0.8138998682476943,0.4467189311981201,0.78683889210205,0.8055555555555556,0.8717948717948718,0.8571428571428571,0.631578947368421,36,0.8777348777348778,0.8322981366459627,0.8659932659932661,-0.09089598563282775,-0.0454592445439127,-0.07915437389121605,5748,22.453125,5.61328125,,,,17,0,1,0,6,0,4,2,6,,not_available_tensorflow_import_failed,not_available_tensorflow_import_failed,high,LDX2_D1_Wide_Attention; PyTorch implementation; TensorFlow available=False
LDX2_D1_Wide_Attention_E2_WEDA_TO_WEDA_seed44_lr0.001,E2_WEDA_TO_WEDA,E2_WEDA_TO_WEDA,LDX2_D1_Wide_Attention,44,0.001,4,0.8614718614718614,0.7807842493057251,0.7196172248803828,0.72,0.631578947368421,0.8,0.7272727272727273,25,0.6071428571428571,0.8773809523809524,0.6004357298474946,0.11247436773752573,-0.15776372750056955,0.11918149503288822,5748,22.453125,5.61328125,,,,6,3,0,1,8,0,3,0,4,,not_available_tensorflow_import_failed,not_available_tensorflow_import_failed,high,LDX2_D1_Wide_Attention; PyTorch implementation; TensorFlow available=False
LDX2_D1_Wide_Attention_E3_BITS_WEDA_MIXED_seed44_lr0.001,E3_BITS_WEDA_MIXED,E3_BITS_WEDA_MIXED,LDX2_D1_Wide_Attention,44,0.001,18,0.7348447018875461,0.9508641362190247,0.7421877577957433,0.7540983606557377,0.8363636363636363,0.7586206896551724,0.631578947368421,61,0.8966626725247414,0.8196649029982362,0.802435064935065,-0.1544749147289981,-0.07747714520249294,-0.06024730713932169,5748,22.453125,5.61328125,,,,23,0,4,1,11,3,4,3,12,,not_available_tensorflow_import_failed,not_available_tensorflow_import_failed,high,LDX2_D1_Wide_Attention; PyTorch implementation; TensorFlow available=False
LDX2_D1_Wide_Attention_E3_BITS_WEDA_MIXED_seed44_lr0.001,E6_E3_MIXED_TEST_BITS,E3_BITS_WEDA_MIXED,LDX2_D1_Wide_Attention,44,0.001,18,0.7348447018875461,0.9508641362190247,0.7768780926675664,0.8055555555555556,0.8947368421052632,0.7692307692307693,0.6666666666666666,36,0.9350469350469351,0.7830568124685771,0.8320946364424625,-0.1581688423793688,-0.006178719801010701,-0.055216543774896154,5748,22.453125,5.61328125,,,,17,0,1,0,5,1,3,2,7,,not_available_tensorflow_import_failed,not_available_tensorflow_import_failed,high,LDX2_D1_Wide_Attention; PyTorch implementation; TensorFlow available=False
LDX2_D1_Wide_Attention_E3_BITS_WEDA_MIXED_seed44_lr0.001,E7_E3_MIXED_TEST_WEDA,E3_BITS_WEDA_MIXED,LDX2_D1_Wide_Attention,44,0.001,18,0.7348447018875461,0.9508641362190247,0.681372549019608,0.68,0.7058823529411765,0.75,0.5882352941176471,25,0.8390350877192981,0.8846903583745688,0.7930283224400871,-0.15766253869969016,-0.2033178093549608,-0.11165577342047917,5748,22.453125,5.61328125,,,,6,0,3,1,6,2,1,1,5,,not_available_tensorflow_import_failed,not_available_tensorflow_import_failed,high,LDX2_D1_Wide_Attention; PyTorch implementation; TensorFlow available=False
LDX2_D1_Wide_Attention_E4_BITS_TO_WEDA_seed44_lr0.001,E4_BITS_TO_WEDA,E4_BITS_TO_WEDA,LDX2_D1_Wide_Attention,44,0.001,11,0.8138998682476943,0.4467189311981201,0.12698412698412698,0.16,0.38095238095238093,0.0,0.0,25,0.3876262626262626,0.1777777777777777,0.3668261562998405,-0.2606421356421356,-0.050793650793650724,-0.23984202931571352,5748,22.453125,5.61328125,,,,4,0,5,4,0,5,4,3,0,,not_available_tensorflow_import_failed,not_available_tensorflow_import_failed,high,LDX2_D1_Wide_Attention; PyTorch implementation; TensorFlow available=False
LDX2_D1_Wide_Attention_E5_WEDA_TO_BITS_seed44_lr0.001,E5_WEDA_TO_BITS,E5_WEDA_TO_BITS,LDX2_D1_Wide_Attention,44,0.001,4,0.8614718614718614,0.7807842493057251,0.6253968253968254,0.6944444444444444,0.8095238095238095,0.8,0.26666666666666666,36,0.6271469828241374,0.6770334928229665,0.6596491228070175,-0.0017501574273119935,-0.05163666742614115,-0.03425229741019209,5748,22.453125,5.61328125,,,,17,0,1,0,6,0,7,3,2,,not_available_tensorflow_import_failed,not_available_tensorflow_import_failed,high,LDX2_D1_Wide_Attention; PyTorch implementation; TensorFlow available=False
LDX2_D1_Wide_Attention_E1_BITS_TO_BITS_seed44_lr0.0005,E1_BITS_TO_BITS,E1_BITS_TO_BITS,LDX2_D1_Wide_Attention,44,0.0005,33,0.7983333333333333,0.4240749776363373,0.7151821862348178,0.75,0.85,0.7692307692307693,0.5263157894736842,36,0.8777348777348778,0.8322981366459627,0.8659932659932661,-0.16255269150006002,-0.11711595041114498,-0.15081107975844832,5748,22.453125,5.61328125,,,,17,0,1,0,5,1,5,2,5,,not_available_tensorflow_import_failed,not_available_tensorflow_import_failed,high,LDX2_D1_Wide_Attention; PyTorch implementation; TensorFlow available=False
LDX2_D1_Wide_Attention_E2_WEDA_TO_WEDA_seed44_lr0.0005,E2_WEDA_TO_WEDA,E2_WEDA_TO_WEDA,LDX2_D1_Wide_Attention,44,0.0005,6,0.8614718614718614,0.8512561917304993,0.6274322169059011,0.64,0.6,0.7368421052631579,0.5454545454545454,25,0.6071428571428571,0.8773809523809524,0.6004357298474946,0.020289359763044024,-0.24994873547505125,0.026996487058406515,5748,22.453125,5.61328125,,,,6,3,0,1,7,1,4,0,3,,not_available_tensorflow_import_failed,not_available_tensorflow_import_failed,high,LDX2_D1_Wide_Attention; PyTorch implementation; TensorFlow available=False
LDX2_D1_Wide_Attention_E3_BITS_WEDA_MIXED_seed44_lr0.0005,E3_BITS_WEDA_MIXED,E3_BITS_WEDA_MIXED,LDX2_D1_Wide_Attention,44,0.0005,14,0.7504713423831072,0.8216670155525208,0.7733417895460071,0.7868852459016393,0.8679245283018868,0.8235294117647058,0.6285714285714286,61,0.8966626725247414,0.8196649029982362,0.802435064935065,-0.12332088297873434,-0.04632311345222917,-0.029093275389057927,5748,22.453125,5.61328125,,,,23,0,4,0,14,1,3,5,11,,not_available_tensorflow_import_failed,not_available_tensorflow_import_failed,high,LDX2_D1_Wide_Attention; PyTorch implementation; TensorFlow available=False
LDX2_D1_Wide_Attention_E3_BITS_WEDA_MIXED_seed44_lr0.0005,E6_E3_MIXED_TEST_BITS,E3_BITS_WEDA_MIXED,LDX2_D1_Wide_Attention,44,0.0005,14,0.7504713423831072,0.8216670155525208,0.8063063063063064,0.8333333333333334,0.918918918918919,0.8,0.7,36,0.9350469350469351,0.7830568124685771,0.8320946364424625,-0.12874062874062875,0.02324949383772934,-0.025788330136156112,5748,22.453125,5.61328125,,,,17,0,1,0,6,0,2,3,7,,not_available_tensorflow_import_failed,not_available_tensorflow_import_failed,high,LDX2_D1_Wide_Attention; PyTorch implementation; TensorFlow available=False
LDX2_D1_Wide_Attention_E3_BITS_WEDA_MIXED_seed44_lr0.0005,E7_E3_MIXED_TEST_WEDA,E3_BITS_WEDA_MIXED,LDX2_D1_Wide_Attention,44,0.0005,14,0.7504713423831072,0.8216670155525208,0.7084795321637426,0.72,0.75,0.8421052631578947,0.5333333333333333,25,0.8390350877192981,0.8846903583745688,0.7930283224400871,-0.13055555555555554,-0.17621082621082618,-0.08454879027634454,5748,22.453125,5.61328125,,,,6,0,3,0,8,1,1,2,4,,not_available_tensorflow_import_failed,not_available_tensorflow_import_failed,high,LDX2_D1_Wide_Attention; PyTorch implementation; TensorFlow available=False
LDX2_D1_Wide_Attention_E4_BITS_TO_WEDA_seed44_lr0.0005,E4_BITS_TO_WEDA,E4_BITS_TO_WEDA,LDX2_D1_Wide_Attention,44,0.0005,33,0.7983333333333333,0.4240749776363373,0.20105820105820105,0.24,0.38095238095238093,0.0,0.2222222222222222,25,0.3876262626262626,0.1777777777777777,0.3668261562998405,-0.18656806156806155,0.023280423280423346,-0.16576795524163945,5748,22.453125,5.61328125,,,,4,0,5,5,0,4,3,2,2,,not_available_tensorflow_import_failed,not_available_tensorflow_import_failed,high,LDX2_D1_Wide_Attention; PyTorch implementation; TensorFlow available=False
LDX2_D1_Wide_Attention_E5_WEDA_TO_BITS_seed44_lr0.0005,E5_WEDA_TO_BITS,E5_WEDA_TO_BITS,LDX2_D1_Wide_Attention,44,0.0005,6,0.8614718614718614,0.8512561917304993,0.5926620804669585,0.6666666666666666,0.8292682926829268,0.6153846153846154,0.3333333333333333,36,0.6271469828241374,0.6770334928229665,0.6596491228070175,-0.03448490235717894,-0.08437141235600809,-0.06698704234005903,5748,22.453125,5.61328125,,,,17,0,1,0,4,2,6,3,3,,not_available_tensorflow_import_failed,not_available_tensorflow_import_failed,high,LDX2_D1_Wide_Attention; PyTorch implementation; TensorFlow available=False
LDX3_A5_Direction_Small_075_E1_BITS_TO_BITS_seed42_lr0.001,E1_BITS_TO_BITS,E1_BITS_TO_BITS,LDX3_A5_Direction_Small_075,42,0.001,8,0.8857142857142857,0.3464620113372803,0.7063279857397505,0.7222222222222222,0.8235294117647058,0.75,0.5454545454545454,36,0.8777348777348778,0.8322981366459627,0.8659932659932661,-0.17140689199512726,-0.12597015090621222,-0.15966528025351556,19648,76.75,19.1875,,,,14,0,4,0,6,0,2,4,6,,not_available_tensorflow_import_failed,not_available_tensorflow_import_failed,medium-high,LDX3_A5_Direction_Small_075; PyTorch implementation; TensorFlow available=False
LDX3_A5_Direction_Small_075_E2_WEDA_TO_WEDA_seed42_lr0.001,E2_WEDA_TO_WEDA,E2_WEDA_TO_WEDA,LDX3_A5_Direction_Small_075,42,0.001,4,0.6825396825396824,0.9002885818481445,0.4325396825396825,0.48,0.47619047619047616,0.5714285714285714,0.25,25,0.6071428571428571,0.8773809523809524,0.6004357298474946,-0.1746031746031746,-0.44484126984126987,-0.1678960473078121,19648,76.75,19.1875,,,,5,4,0,3,6,0,4,2,1,,not_available_tensorflow_import_failed,not_available_tensorflow_import_failed,medium-high,LDX3_A5_Direction_Small_075; PyTorch implementation; TensorFlow available=False
LDX3_A5_Direction_Small_075_E3_BITS_WEDA_MIXED_seed42_lr0.001,E3_BITS_WEDA_MIXED,E3_BITS_WEDA_MIXED,LDX3_A5_Direction_Small_075,42,0.001,35,0.8535413396546753,1.0219156742095947,0.7361894810170672,0.7540983606557377,0.8,0.7878787878787878,0.6206896551724138,61,0.8966626725247414,0.8196649029982362,0.802435064935065,-0.16047319150767425,-0.08347542198116908,-0.06624558391799784,19648,76.75,19.1875,,,,24,2,1,2,13,0,7,3,9,,not_available_tensorflow_import_failed,not_available_tensorflow_import_failed,medium-high,LDX3_A5_Direction_Small_075; PyTorch implementation; TensorFlow available=False
LDX3_A5_Direction_Small_075_E3_BITS_WEDA_MIXED_seed42_lr0.001,E6_E3_MIXED_TEST_BITS,E3_BITS_WEDA_MIXED,LDX3_A5_Direction_Small_075,42,0.001,35,0.8535413396546753,1.0219156742095947,0.78683889210205,0.8055555555555556,0.8717948717948718,0.8571428571428571,0.631578947368421,36,0.9350469350469351,0.7830568124685771,0.8320946364424625,-0.1482080429448851,0.00378207963347299,-0.04525574434041246,19648,76.75,19.1875,,,,17,0,1,0,6,0,4,2,6,,not_available_tensorflow_import_failed,not_available_tensorflow_import_failed,medium-high,LDX3_A5_Direction_Small_075; PyTorch implementation; TensorFlow available=False
LDX3_A5_Direction_Small_075_E3_BITS_WEDA_MIXED_seed42_lr0.001,E7_E3_MIXED_TEST_WEDA,E3_BITS_WEDA_MIXED,LDX3_A5_Direction_Small_075,42,0.001,35,0.8535413396546753,1.0219156742095947,0.6678362573099416,0.68,0.6666666666666666,0.7368421052631579,0.6,25,0.8390350877192981,0.8846903583745688,0.7930283224400871,-0.17119883040935657,-0.2168541010646272,-0.12519206513014558,19648,76.75,19.1875,,,,7,2,0,2,7,0,3,1,3,,not_available_tensorflow_import_failed,not_available_tensorflow_import_failed,medium-high,LDX3_A5_Direction_Small_075; PyTorch implementation; TensorFlow available=False
LDX3_A5_Direction_Small_075_E4_BITS_TO_WEDA_seed42_lr0.001,E4_BITS_TO_WEDA,E4_BITS_TO_WEDA,LDX3_A5_Direction_Small_075,42,0.001,8,0.8857142857142857,0.3464620113372803,0.2843137254901961,0.36,0.5,0.0,0.35294117647058826,25,0.3876262626262626,0.1777777777777777,0.3668261562998405,-0.10331253713606647,0.10653594771241842,-0.08251243080964438,19648,76.75,19.1875,,,,6,0,3,5,0,4,4,0,3,,not_available_tensorflow_import_failed,not_available_tensorflow_import_failed,medium-high,LDX3_A5_Direction_Small_075; PyTorch implementation; TensorFlow available=False
LDX3_A5_Direction_Small_075_E5_WEDA_TO_BITS_seed42_lr0.001,E5_WEDA_TO_BITS,E5_WEDA_TO_BITS,LDX3_A5_Direction_Small_075,42,0.001,4,0.6825396825396824,0.9002885818481445,0.5600500654264094,0.5555555555555556,0.5925925925925926,0.5714285714285714,0.5161290322580645,36,0.6271469828241374,0.6770334928229665,0.6596491228070175,-0.06709691739772794,-0.1169834273965571,-0.09959905738060804,19648,76.75,19.1875,,,,8,0,10,1,4,1,0,4,8,,not_available_tensorflow_import_failed,not_available_tensorflow_import_failed,medium-high,LDX3_A5_Direction_Small_075; PyTorch implementation; TensorFlow available=False
LDX3_A5_Direction_Small_075_E1_BITS_TO_BITS_seed42_lr0.0005,E1_BITS_TO_BITS,E1_BITS_TO_BITS,LDX3_A5_Direction_Small_075,42,0.0005,13,0.8280701754385965,0.4970379173755646,0.7137268847795163,0.75,0.8648648648648649,0.75,0.5263157894736842,36,0.8777348777348778,0.8322981366459627,0.8659932659932661,-0.1640079929553615,-0.11857125186644646,-0.1522663812137498,19648,76.75,19.1875,,,,16,0,2,0,6,0,3,4,5,,not_available_tensorflow_import_failed,not_available_tensorflow_import_failed,medium-high,LDX3_A5_Direction_Small_075; PyTorch implementation; TensorFlow available=False
LDX3_A5_Direction_Small_075_E2_WEDA_TO_WEDA_seed42_lr0.0005,E2_WEDA_TO_WEDA,E2_WEDA_TO_WEDA,LDX3_A5_Direction_Small_075,42,0.0005,8,0.8374727668845315,0.6141571402549744,0.6862838915470494,0.68,0.631578947368421,0.7,0.7272727272727273,25,0.6071428571428571,0.8773809523809524,0.6004357298474946,0.07914103440419229,-0.191097060833903,0.08584816169955478,19648,76.75,19.1875,,,,6,3,0,2,7,0,2,1,4,,not_available_tensorflow_import_failed,not_available_tensorflow_import_failed,medium-high,LDX3_A5_Direction_Small_075; PyTorch implementation; TensorFlow available=False
LDX3_A5_Direction_Small_075_E3_BITS_WEDA_MIXED_seed42_lr0.0005,E3_BITS_WEDA_MIXED,E3_BITS_WEDA_MIXED,LDX3_A5_Direction_Small_075,42,0.0005,12,0.9164341831008498,0.42599132657051086,0.6981014628073451,0.7049180327868853,0.7450980392156863,0.7777777777777778,0.5714285714285714,61,0.8966626725247414,0.8196649029982362,0.802435064935065,-0.19856120971739633,-0.12156344019089116,-0.10433360212771992,19648,76.75,19.1875,,,,19,3,5,0,14,1,5,4,10,,not_available_tensorflow_import_failed,not_available_tensorflow_import_failed,medium-high,LDX3_A5_Direction_Small_075; PyTorch implementation; TensorFlow available=False
LDX3_A5_Direction_Small_075_E3_BITS_WEDA_MIXED_seed42_lr0.0005,E6_E3_MIXED_TEST_BITS,E3_BITS_WEDA_MIXED,LDX3_A5_Direction_Small_075,42,0.0005,12,0.9164341831008498,0.42599132657051086,0.7241647241647242,0.7222222222222222,0.7878787878787878,0.7692307692307693,0.6153846153846154,36,0.9350469350469351,0.7830568124685771,0.8320946364424625,-0.21088221088221093,-0.05889208830385284,-0.1079299122777383,19648,76.75,19.1875,,,,13,0,5,0,5,1,2,2,8,,not_available_tensorflow_import_failed,not_available_tensorflow_import_failed,medium-high,LDX3_A5_Direction_Small_075; PyTorch implementation; TensorFlow available=False
LDX3_A5_Direction_Small_075_E3_BITS_WEDA_MIXED_seed42_lr0.0005,E7_E3_MIXED_TEST_WEDA,E3_BITS_WEDA_MIXED,LDX3_A5_Direction_Small_075,42,0.0005,12,0.9164341831008498,0.42599132657051086,0.6312399355877617,0.68,0.6666666666666666,0.782608695652174,0.4444444444444444,25,0.8390350877192981,0.8846903583745688,0.7930283224400871,-0.20779515213153643,-0.2534504227868071,-0.16178838685232544,19648,76.75,19.1875,,,,6,3,0,0,9,0,3,2,2,,not_available_tensorflow_import_failed,not_available_tensorflow_import_failed,medium-high,LDX3_A5_Direction_Small_075; PyTorch implementation; TensorFlow available=False
LDX3_A5_Direction_Small_075_E4_BITS_TO_WEDA_seed42_lr0.0005,E4_BITS_TO_WEDA,E4_BITS_TO_WEDA,LDX3_A5_Direction_Small_075,42,0.0005,13,0.8280701754385965,0.4970379173755646,0.3872122762148338,0.44,0.6086956521739131,0.2,0.35294117647058826,25,0.3876262626262626,0.1777777777777777,0.3668261562998405,-0.00041398641142881276,0.20943449843705608,0.020386119914993284,19648,76.75,19.1875,,,,7,0,2,3,1,5,4,0,3,,not_available_tensorflow_import_failed,not_available_tensorflow_import_failed,medium-high,LDX3_A5_Direction_Small_075; PyTorch implementation; TensorFlow available=False
LDX3_A5_Direction_Small_075_E5_WEDA_TO_BITS_seed42_lr0.0005,E5_WEDA_TO_BITS,E5_WEDA_TO_BITS,LDX3_A5_Direction_Small_075,42,0.0005,8,0.8374727668845315,0.6141571402549744,0.5737556561085974,0.5833333333333334,0.7058823529411765,0.6153846153846154,0.4,36,0.6271469828241374,0.6770334928229665,0.6596491228070175,-0.05339132671554003,-0.10327783671436919,-0.08589346669842013,19648,76.75,19.1875,,,,12,0,6,0,4,2,4,3,5,,not_available_tensorflow_import_failed,not_available_tensorflow_import_failed,medium-high,LDX3_A5_Direction_Small_075; PyTorch implementation; TensorFlow available=False
LDX3_A5_Direction_Small_075_E1_BITS_TO_BITS_seed43_lr0.001,E1_BITS_TO_BITS,E1_BITS_TO_BITS,LDX3_A5_Direction_Small_075,43,0.001,12,0.8364527629233511,0.3755158483982086,0.853306342780027,0.8611111111111112,0.9,0.9230769230769231,0.7368421052631579,36,0.8777348777348778,0.8322981366459627,0.8659932659932661,-0.024428534954850756,0.02100820613406429,-0.012686923213239054,19648,76.75,19.1875,,,,18,0,0,0,6,0,4,1,7,,not_available_tensorflow_import_failed,not_available_tensorflow_import_failed,medium-high,LDX3_A5_Direction_Small_075; PyTorch implementation; TensorFlow available=False
LDX3_A5_Direction_Small_075_E2_WEDA_TO_WEDA_seed43_lr0.001,E2_WEDA_TO_WEDA,E2_WEDA_TO_WEDA,LDX3_A5_Direction_Small_075,43,0.001,16,0.6352941176470588,1.821136236190796,0.49309462915601027,0.52,0.6086956521739131,0.47058823529411764,0.4,25,0.6071428571428571,0.8773809523809524,0.6004357298474946,-0.11404822798684683,-0.3842863232249421,-0.10734110069148434,19648,76.75,19.1875,,,,7,2,0,4,4,1,3,2,2,,not_available_tensorflow_import_failed,not_available_tensorflow_import_failed,medium-high,LDX3_A5_Direction_Small_075; PyTorch implementation; TensorFlow available=False
LDX3_A5_Direction_Small_075_E3_BITS_WEDA_MIXED_seed43_lr0.001,E3_BITS_WEDA_MIXED,E3_BITS_WEDA_MIXED,LDX3_A5_Direction_Small_075,43,0.001,8,0.8295522860306913,0.4388616681098938,0.7146637149483449,0.7213114754098361,0.7843137254901961,0.7096774193548387,0.65,61,0.8966626725247414,0.8196649029982362,0.802435064935065,-0.1819989575763965,-0.10500118804989134,-0.08777134998672009,19648,76.75,19.1875,,,,20,1,6,2,11,2,2,4,13,,not_available_tensorflow_import_failed,not_available_tensorflow_import_failed,medium-high,LDX3_A5_Direction_Small_075; PyTorch implementation; TensorFlow available=False
LDX3_A5_Direction_Small_075_E3_BITS_WEDA_MIXED_seed43_lr0.001,E6_E3_MIXED_TEST_BITS,E3_BITS_WEDA_MIXED,LDX3_A5_Direction_Small_075,43,0.001,8,0.8295522860306913,0.4388616681098938,0.7926683716965046,0.8055555555555556,0.8823529411764706,0.8,0.6956521739130435,36,0.9350469350469351,0.7830568124685771,0.8320946364424625,-0.14237856335043053,0.009611559227927557,-0.039426264745957895,19648,76.75,19.1875,,,,15,0,3,0,6,0,1,3,8,,not_available_tensorflow_import_failed,not_available_tensorflow_import_failed,medium-high,LDX3_A5_Direction_Small_075; PyTorch implementation; TensorFlow available=False
LDX3_A5_Direction_Small_075_E3_BITS_WEDA_MIXED_seed43_lr0.001,E7_E3_MIXED_TEST_WEDA,E3_BITS_WEDA_MIXED,LDX3_A5_Direction_Small_075,43,0.001,8,0.8295522860306913,0.4388616681098938,0.6004901960784315,0.6,0.5882352941176471,0.625,0.5882352941176471,25,0.8390350877192981,0.8846903583745688,0.7930283224400871,-0.23854489164086667,-0.2842001622961373,-0.19253812636165568,19648,76.75,19.1875,,,,5,1,3,2,5,2,1,1,5,,not_available_tensorflow_import_failed,not_available_tensorflow_import_failed,medium-high,LDX3_A5_Direction_Small_075; PyTorch implementation; TensorFlow available=False
LDX3_A5_Direction_Small_075_E4_BITS_TO_WEDA_seed43_lr0.001,E4_BITS_TO_WEDA,E4_BITS_TO_WEDA,LDX3_A5_Direction_Small_075,43,0.001,12,0.8364527629233511,0.3755158483982086,0.317016317016317,0.36,0.3076923076923077,0.18181818181818182,0.46153846153846156,25,0.3876262626262626,0.1777777777777777,0.3668261562998405,-0.0706099456099456,0.1392385392385393,-0.049809839283523505,19648,76.75,19.1875,,,,2,0,7,2,1,6,0,1,6,,not_available_tensorflow_import_failed,not_available_tensorflow_import_failed,medium-high,LDX3_A5_Direction_Small_075; PyTorch implementation; TensorFlow available=False
LDX3_A5_Direction_Small_075_E5_WEDA_TO_BITS_seed43_lr0.001,E5_WEDA_TO_BITS,E5_WEDA_TO_BITS,LDX3_A5_Direction_Small_075,43,0.001,16,0.6352941176470588,1.821136236190796,0.49947089947089945,0.6111111111111112,0.8,0.5555555555555556,0.14285714285714285,36,0.6271469828241374,0.6770334928229665,0.6596491228070175,-0.12767608335323793,-0.1775625933520671,-0.16017822333611803,19648,76.75,19.1875,,,,16,2,0,0,5,1,6,5,1,,not_available_tensorflow_import_failed,not_available_tensorflow_import_failed,medium-high,LDX3_A5_Direction_Small_075; PyTorch implementation; TensorFlow available=False
LDX3_A5_Direction_Small_075_E1_BITS_TO_BITS_seed43_lr0.0005,E1_BITS_TO_BITS,E1_BITS_TO_BITS,LDX3_A5_Direction_Small_075,43,0.0005,19,0.8993788819875776,0.3085508346557617,0.8611111111111112,0.8333333333333334,0.8333333333333334,1.0,0.75,36,0.8777348777348778,0.8322981366459627,0.8659932659932661,-0.016623766623766634,0.02881297446514841,-0.004882154882154932,19648,76.75,19.1875,,,,15,0,3,0,6,0,3,0,9,,not_available_tensorflow_import_failed,not_available_tensorflow_import_failed,medium-high,LDX3_A5_Direction_Small_075; PyTorch implementation; TensorFlow available=False
LDX3_A5_Direction_Small_075_E2_WEDA_TO_WEDA_seed43_lr0.0005,E2_WEDA_TO_WEDA,E2_WEDA_TO_WEDA,LDX3_A5_Direction_Small_075,43,0.0005,19,0.7129713423831071,1.1558691263198853,0.5666666666666667,0.6,0.7,0.6666666666666666,0.3333333333333333,25,0.6071428571428571,0.8773809523809524,0.6004357298474946,-0.04047619047619044,-0.3107142857142857,-0.03376906318082795,19648,76.75,19.1875,,,,7,1,1,1,6,2,3,2,2,,not_available_tensorflow_import_failed,not_available_tensorflow_import_failed,medium-high,LDX3_A5_Direction_Small_075; PyTorch implementation; TensorFlow available=False
LDX3_A5_Direction_Small_075_E3_BITS_WEDA_MIXED_seed43_lr0.0005,E3_BITS_WEDA_MIXED,E3_BITS_WEDA_MIXED,LDX3_A5_Direction_Small_075,43,0.0005,18,0.8025086025086026,0.9063687324523926,0.7829131652661064,0.8032786885245902,0.8928571428571429,0.75,0.7058823529411765,61,0.8966626725247414,0.8196649029982362,0.802435064935065,-0.11374950725863497,-0.03675173773212981,-0.019521899668958564,19648,76.75,19.1875,,,,25,1,1,1,12,2,3,4,12,,not_available_tensorflow_import_failed,not_available_tensorflow_import_failed,medium-high,LDX3_A5_Direction_Small_075; PyTorch implementation; TensorFlow available=False
LDX3_A5_Direction_Small_075_E3_BITS_WEDA_MIXED_seed43_lr0.0005,E6_E3_MIXED_TEST_BITS,E3_BITS_WEDA_MIXED,LDX3_A5_Direction_Small_075,43,0.0005,18,0.8025086025086026,0.9063687324523926,0.8063063063063064,0.8333333333333334,0.918918918918919,0.8,0.7,36,0.9350469350469351,0.7830568124685771,0.8320946364424625,-0.12874062874062875,0.02324949383772934,-0.025788330136156112,19648,76.75,19.1875,,,,17,0,1,0,6,0,2,3,7,,not_available_tensorflow_import_failed,not_available_tensorflow_import_failed,medium-high,LDX3_A5_Direction_Small_075; PyTorch implementation; TensorFlow available=False
LDX3_A5_Direction_Small_075_E3_BITS_WEDA_MIXED_seed43_lr0.0005,E7_E3_MIXED_TEST_WEDA,E3_BITS_WEDA_MIXED,LDX3_A5_Direction_Small_075,43,0.0005,18,0.8025086025086026,0.9063687324523926,0.7540911101282619,0.76,0.8421052631578947,0.7058823529411765,0.7142857142857143,25,0.8390350877192981,0.8846903583745688,0.7930283224400871,-0.08494397759103622,-0.13059924824630686,-0.03893721231182523,19648,76.75,19.1875,,,,8,1,0,1,6,2,1,1,5,,not_available_tensorflow_import_failed,not_available_tensorflow_import_failed,medium-high,LDX3_A5_Direction_Small_075; PyTorch implementation; TensorFlow available=False
LDX3_A5_Direction_Small_075_E4_BITS_TO_WEDA_seed43_lr0.0005,E4_BITS_TO_WEDA,E4_BITS_TO_WEDA,LDX3_A5_Direction_Small_075,43,0.0005,19,0.8993788819875776,0.3085508346557617,0.26495726495726496,0.28,0.15384615384615385,0.3076923076923077,0.3333333333333333,25,0.3876262626262626,0.1777777777777777,0.3668261562998405,-0.12266899766899764,0.08717948717948726,-0.10186889134257554,19648,76.75,19.1875,,,,1,0,8,2,2,5,1,2,4,,not_available_tensorflow_import_failed,not_available_tensorflow_import_failed,medium-high,LDX3_A5_Direction_Small_075; PyTorch implementation; TensorFlow available=False
LDX3_A5_Direction_Small_075_E5_WEDA_TO_BITS_seed43_lr0.0005,E5_WEDA_TO_BITS,E5_WEDA_TO_BITS,LDX3_A5_Direction_Small_075,43,0.0005,19,0.7129713423831071,1.1558691263198853,0.45829959514170043,0.5833333333333334,0.8,0.42105263157894735,0.15384615384615385,36,0.6271469828241374,0.6770334928229665,0.6596491228070175,-0.16884738768243696,-0.2187338976812661,-0.20134952766531705,19648,76.75,19.1875,,,,16,2,0,2,4,0,4,7,1,,not_available_tensorflow_import_failed,not_available_tensorflow_import_failed,medium-high,LDX3_A5_Direction_Small_075; PyTorch implementation; TensorFlow available=False
LDX3_A5_Direction_Small_075_E1_BITS_TO_BITS_seed44_lr0.001,E1_BITS_TO_BITS,E1_BITS_TO_BITS,LDX3_A5_Direction_Small_075,44,0.001,14,0.8079365079365078,0.6775886416435242,0.8681704260651628,0.8888888888888888,0.9473684210526315,0.8571428571428571,0.8,36,0.8777348777348778,0.8322981366459627,0.8659932659932661,-0.00956445166971498,0.035872289419200065,0.002177160071896722,19648,76.75,19.1875,,,,18,0,0,0,6,0,2,2,8,,not_available_tensorflow_import_failed,not_available_tensorflow_import_failed,medium-high,LDX3_A5_Direction_Small_075; PyTorch implementation; TensorFlow available=False
LDX3_A5_Direction_Small_075_E2_WEDA_TO_WEDA_seed44_lr0.001,E2_WEDA_TO_WEDA,E2_WEDA_TO_WEDA,LDX3_A5_Direction_Small_075,44,0.001,23,0.801470588235294,1.258705735206604,0.6321686569364587,0.64,0.7368421052631579,0.5882352941176471,0.5714285714285714,25,0.6071428571428571,0.8773809523809524,0.6004357298474946,0.025025799793601644,-0.24521229544449363,0.031732927088964136,19648,76.75,19.1875,,,,7,1,1,2,5,2,1,2,4,,not_available_tensorflow_import_failed,not_available_tensorflow_import_failed,medium-high,LDX3_A5_Direction_Small_075; PyTorch implementation; TensorFlow available=False
LDX3_A5_Direction_Small_075_E3_BITS_WEDA_MIXED_seed44_lr0.001,E3_BITS_WEDA_MIXED,E3_BITS_WEDA_MIXED,LDX3_A5_Direction_Small_075,44,0.001,12,0.7958105889140371,0.8590304255485535,0.711441792336629,0.7377049180327869,0.8421052631578947,0.6451612903225806,0.6470588235294118,61,0.8966626725247414,0.8196649029982362,0.802435064935065,-0.18522088018811245,-0.10822311066160728,-0.09099327259843604,19648,76.75,19.1875,,,,24,1,2,3,10,2,3,5,11,,not_available_tensorflow_import_failed,not_available_tensorflow_import_failed,medium-high,LDX3_A5_Direction_Small_075; PyTorch implementation; TensorFlow available=False
LDX3_A5_Direction_Small_075_E3_BITS_WEDA_MIXED_seed44_lr0.001,E6_E3_MIXED_TEST_BITS,E3_BITS_WEDA_MIXED,LDX3_A5_Direction_Small_075,44,0.001,12,0.7958105889140371,0.8590304255485535,0.8063063063063064,0.8333333333333334,0.918918918918919,0.8,0.7,36,0.9350469350469351,0.7830568124685771,0.8320946364424625,-0.12874062874062875,0.02324949383772934,-0.025788330136156112,19648,76.75,19.1875,,,,17,0,1,0,6,0,2,3,7,,not_available_tensorflow_import_failed,not_available_tensorflow_import_failed,medium-high,LDX3_A5_Direction_Small_075; PyTorch implementation; TensorFlow available=False
LDX3_A5_Direction_Small_075_E3_BITS_WEDA_MIXED_seed44_lr0.001,E7_E3_MIXED_TEST_WEDA,E3_BITS_WEDA_MIXED,LDX3_A5_Direction_Small_075,44,0.001,12,0.7958105889140371,0.8590304255485535,0.5904761904761905,0.6,0.7,0.5,0.5714285714285714,25,0.8390350877192981,0.8846903583745688,0.7930283224400871,-0.24855889724310765,-0.2942141678983783,-0.20255213196389665,19648,76.75,19.1875,,,,7,1,1,3,4,2,1,2,4,,not_available_tensorflow_import_failed,not_available_tensorflow_import_failed,medium-high,LDX3_A5_Direction_Small_075; PyTorch implementation; TensorFlow available=False
LDX3_A5_Direction_Small_075_E4_BITS_TO_WEDA_seed44_lr0.001,E4_BITS_TO_WEDA,E4_BITS_TO_WEDA,LDX3_A5_Direction_Small_075,44,0.001,14,0.8079365079365078,0.6775886416435242,0.42735042735042733,0.52,0.6153846153846154,0.0,0.6666666666666666,25,0.3876262626262626,0.1777777777777777,0.3668261562998405,0.039724164724164734,0.24957264957264963,0.06052427105058683,19648,76.75,19.1875,,,,8,0,1,7,0,2,2,0,5,,not_available_tensorflow_import_failed,not_available_tensorflow_import_failed,medium-high,LDX3_A5_Direction_Small_075; PyTorch implementation; TensorFlow available=False
LDX3_A5_Direction_Small_075_E5_WEDA_TO_BITS_seed44_lr0.001,E5_WEDA_TO_BITS,E5_WEDA_TO_BITS,LDX3_A5_Direction_Small_075,44,0.001,23,0.801470588235294,1.258705735206604,0.47450980392156855,0.6388888888888888,0.8235294117647058,0.0,0.6,36,0.6271469828241374,0.6770334928229665,0.6596491228070175,-0.15263717890256884,-0.202523688901398,-0.18513931888544893,19648,76.75,19.1875,,,,14,0,4,1,0,5,1,2,9,,not_available_tensorflow_import_failed,not_available_tensorflow_import_failed,medium-high,LDX3_A5_Direction_Small_075; PyTorch implementation; TensorFlow available=False
LDX3_A5_Direction_Small_075_E1_BITS_TO_BITS_seed44_lr0.0005,E1_BITS_TO_BITS,E1_BITS_TO_BITS,LDX3_A5_Direction_Small_075,44,0.0005,14,0.7627450980392158,0.690398633480072,0.744075021312873,0.75,0.8235294117647058,0.8,0.6086956521739131,36,0.8777348777348778,0.8322981366459627,0.8659932659932661,-0.13365985642200484,-0.0882231153330898,-0.12191824468039314,19648,76.75,19.1875,,,,14,0,4,0,6,0,2,3,7,,not_available_tensorflow_import_failed,not_available_tensorflow_import_failed,medium-high,LDX3_A5_Direction_Small_075; PyTorch implementation; TensorFlow available=False
LDX3_A5_Direction_Small_075_E2_WEDA_TO_WEDA_seed44_lr0.0005,E2_WEDA_TO_WEDA,E2_WEDA_TO_WEDA,LDX3_A5_Direction_Small_075,44,0.0005,7,0.6479302832244008,1.1633349657058716,0.6444444444444444,0.64,0.6666666666666666,0.6666666666666666,0.6,25,0.6071428571428571,0.8773809523809524,0.6004357298474946,0.03730158730158728,-0.232936507936508,0.04400871459694977,19648,76.75,19.1875,,,,5,1,3,0,5,4,1,0,6,,not_available_tensorflow_import_failed,not_available_tensorflow_import_failed,medium-high,LDX3_A5_Direction_Small_075; PyTorch implementation; TensorFlow available=False
LDX3_A5_Direction_Small_075_E3_BITS_WEDA_MIXED_seed44_lr0.0005,E3_BITS_WEDA_MIXED,E3_BITS_WEDA_MIXED,LDX3_A5_Direction_Small_075,44,0.0005,10,0.7870370370370371,0.6857506632804871,0.7437019969278035,0.7704918032786885,0.8928571428571429,0.7096774193548387,0.6285714285714286,61,0.8966626725247414,0.8196649029982362,0.802435064935065,-0.15296067559693793,-0.07596290607043277,-0.058733068007261524,19648,76.75,19.1875,,,,25,0,2,1,11,3,3,5,11,,not_available_tensorflow_import_failed,not_available_tensorflow_import_failed,medium-high,LDX3_A5_Direction_Small_075; PyTorch implementation; TensorFlow available=False
LDX3_A5_Direction_Small_075_E3_BITS_WEDA_MIXED_seed44_lr0.0005,E6_E3_MIXED_TEST_BITS,E3_BITS_WEDA_MIXED,LDX3_A5_Direction_Small_075,44,0.0005,10,0.7870370370370371,0.6857506632804871,0.7754385964912279,0.8055555555555556,0.8947368421052632,0.8,0.631578947368421,36,0.9350469350469351,0.7830568124685771,0.8320946364424625,-0.15960833855570722,-0.00761821597734913,-0.05665603995123458,19648,76.75,19.1875,,,,17,0,1,0,6,0,3,3,6,,not_available_tensorflow_import_failed,not_available_tensorflow_import_failed,medium-high,LDX3_A5_Direction_Small_075; PyTorch implementation; TensorFlow available=False
LDX3_A5_Direction_Small_075_E3_BITS_WEDA_MIXED_seed44_lr0.0005,E7_E3_MIXED_TEST_WEDA,E3_BITS_WEDA_MIXED,LDX3_A5_Direction_Small_075,44,0.0005,10,0.7870370370370371,0.6857506632804871,0.7129629629629629,0.72,0.8888888888888888,0.625,0.625,25,0.8390350877192981,0.8846903583745688,0.7930283224400871,-0.12607212475633522,-0.17172739541160587,-0.08006535947712423,19648,76.75,19.1875,,,,8,0,1,1,5,3,0,2,5,,not_available_tensorflow_import_failed,not_available_tensorflow_import_failed,medium-high,LDX3_A5_Direction_Small_075; PyTorch implementation; TensorFlow available=False
LDX3_A5_Direction_Small_075_E4_BITS_TO_WEDA_seed44_lr0.0005,E4_BITS_TO_WEDA,E4_BITS_TO_WEDA,LDX3_A5_Direction_Small_075,44,0.0005,14,0.7627450980392158,0.690398633480072,0.4603174603174603,0.56,0.6666666666666666,0.0,0.7142857142857143,25,0.3876262626262626,0.1777777777777777,0.3668261562998405,0.0726911976911977,0.2825396825396826,0.09349130401761979,19648,76.75,19.1875,,,,9,0,0,7,0,2,2,0,5,,not_available_tensorflow_import_failed,not_available_tensorflow_import_failed,medium-high,LDX3_A5_Direction_Small_075; PyTorch implementation; TensorFlow available=False
LDX3_A5_Direction_Small_075_E5_WEDA_TO_BITS_seed44_lr0.0005,E5_WEDA_TO_BITS,E5_WEDA_TO_BITS,LDX3_A5_Direction_Small_075,44,0.0005,7,0.6479302832244008,1.1633349657058716,0.2812121212121212,0.2777777777777778,0.48,0.0,0.36363636363636365,36,0.6271469828241374,0.6770334928229665,0.6596491228070175,-0.3459348616120162,-0.39582137161084535,-0.3784370015948963,19648,76.75,19.1875,,,,6,11,1,1,0,5,0,8,4,,not_available_tensorflow_import_failed,not_available_tensorflow_import_failed,medium-high,LDX3_A5_Direction_Small_075; PyTorch implementation; TensorFlow available=False
LDX4_D1_Wide_Attention_Distill_T2_A050_E1_BITS_TO_BITS_seed42_lr0.001,E1_BITS_TO_BITS,E1_BITS_TO_BITS,LDX4_D1_Wide_Attention_Distill_T2_A050,42,0.001,19,0.7851851851851852,0.7405625581741333,0.7979501240370807,0.8055555555555556,0.8648648648648649,0.8333333333333334,0.6956521739130435,36,0.8777348777348778,0.8322981366459627,0.8659932659932661,-0.07978475369779714,-0.034348012608882095,-0.06804314195618544,5748,22.453125,5.61328125,2.0,0.5,hard_label_fallback_missing_teacher_rows:172,16,0,2,0,5,1,3,1,8,,not_available_tensorflow_import_failed,not_available_tensorflow_import_failed,high,LDX4_D1_Wide_Attention_Distill_T2_A050; PyTorch implementation; TensorFlow available=False
LDX4_D1_Wide_Attention_Distill_T2_A050_E2_WEDA_TO_WEDA_seed42_lr0.001,E2_WEDA_TO_WEDA,E2_WEDA_TO_WEDA,LDX4_D1_Wide_Attention_Distill_T2_A050,42,0.001,12,0.8379629629629629,0.6760596036911011,0.6706349206349206,0.68,0.42857142857142855,0.75,0.8333333333333334,25,0.6071428571428571,0.8773809523809524,0.6004357298474946,0.06349206349206349,-0.2067460317460318,0.07019919078742598,5748,22.453125,5.61328125,2.0,0.5,hard_label_fallback_missing_teacher_rows:300,3,6,0,0,9,0,2,0,5,,not_available_tensorflow_import_failed,not_available_tensorflow_import_failed,high,LDX4_D1_Wide_Attention_Distill_T2_A050; PyTorch implementation; TensorFlow available=False
LDX4_D1_Wide_Attention_Distill_T2_A050_E3_BITS_WEDA_MIXED_seed42_lr0.001,E3_BITS_WEDA_MIXED,E3_BITS_WEDA_MIXED,LDX4_D1_Wide_Attention_Distill_T2_A050,42,0.001,7,0.8437169782838412,0.6623080372810364,0.6319444444444444,0.639344262295082,0.6666666666666666,0.6666666666666666,0.5625,61,0.8966626725247414,0.8196649029982362,0.802435064935065,-0.264718228080297,-0.18772045855379182,-0.17049062049062058,5748,22.453125,5.61328125,2.0,0.5,hard_label_fallback_missing_teacher_rows:472,17,8,2,0,13,2,7,3,9,,not_available_tensorflow_import_failed,not_available_tensorflow_import_failed,high,LDX4_D1_Wide_Attention_Distill_T2_A050; PyTorch implementation; TensorFlow available=False
LDX4_D1_Wide_Attention_Distill_T2_A050_E3_BITS_WEDA_MIXED_seed42_lr0.001,E6_E3_MIXED_TEST_BITS,E3_BITS_WEDA_MIXED,LDX4_D1_Wide_Attention_Distill_T2_A050,42,0.001,7,0.8437169782838412,0.6623080372810364,0.8244348244348245,0.8333333333333334,0.8888888888888888,0.8571428571428571,0.7272727272727273,36,0.9350469350469351,0.7830568124685771,0.8320946364424625,-0.11061211061211063,0.04137801196624746,-0.007659812007637989,5748,22.453125,5.61328125,2.0,0.5,hard_label_fallback_missing_teacher_rows:472,16,0,2,0,6,0,2,2,8,,not_available_tensorflow_import_failed,not_available_tensorflow_import_failed,high,LDX4_D1_Wide_Attention_Distill_T2_A050; PyTorch implementation; TensorFlow available=False
LDX4_D1_Wide_Attention_Distill_T2_A050_E3_BITS_WEDA_MIXED_seed42_lr0.001,E7_E3_MIXED_TEST_WEDA,E3_BITS_WEDA_MIXED,LDX4_D1_Wide_Attention_Distill_T2_A050,42,0.001,7,0.8437169782838412,0.6623080372810364,0.29777777777777775,0.36,0.13333333333333333,0.56,0.2,25,0.8390350877192981,0.8846903583745688,0.7930283224400871,-0.5412573099415203,-0.586912580596791,-0.4952505446623094,5748,22.453125,5.61328125,2.0,0.5,hard_label_fallback_missing_teacher_rows:472,1,8,0,0,7,2,5,1,1,,not_available_tensorflow_import_failed,not_available_tensorflow_import_failed,high,LDX4_D1_Wide_Attention_Distill_T2_A050; PyTorch implementation; TensorFlow available=False
LDX4_D1_Wide_Attention_Distill_T2_A050_E4_BITS_TO_WEDA_seed42_lr0.001,E4_BITS_TO_WEDA,E4_BITS_TO_WEDA,LDX4_D1_Wide_Attention_Distill_T2_A050,42,0.001,19,0.7851851851851852,0.7405625581741333,0.17473884140550808,0.24,0.15384615384615385,0.0,0.37037037037037035,25,0.3876262626262626,0.1777777777777777,0.3668261562998405,-0.21288742122075452,-0.003038936372269624,-0.19208731489433242,5748,22.453125,5.61328125,2.0,0.5,hard_label_fallback_missing_teacher_rows:172,1,0,8,2,0,7,1,1,5,,not_available_tensorflow_import_failed,not_available_tensorflow_import_failed,high,LDX4_D1_Wide_Attention_Distill_T2_A050; PyTorch implementation; TensorFlow available=False
LDX4_D1_Wide_Attention_Distill_T2_A050_E5_WEDA_TO_BITS_seed42_lr0.001,E5_WEDA_TO_BITS,E5_WEDA_TO_BITS,LDX4_D1_Wide_Attention_Distill_T2_A050,42,0.001,12,0.8379629629629629,0.6760596036911011,0.6459592801056215,0.7222222222222222,0.8780487804878049,0.6153846153846154,0.4444444444444444,36,0.6271469828241374,0.6770334928229665,0.6596491228070175,0.018812297281484147,-0.031074212717345007,-0.013689842701395949,5748,22.453125,5.61328125,2.0,0.5,hard_label_fallback_missing_teacher_rows:300,18,0,0,0,4,2,5,3,4,,not_available_tensorflow_import_failed,not_available_tensorflow_import_failed,high,LDX4_D1_Wide_Attention_Distill_T2_A050; PyTorch implementation; TensorFlow available=False
LDX4_D1_Wide_Attention_Distill_T2_A050_E1_BITS_TO_BITS_seed42_lr0.0005,E1_BITS_TO_BITS,E1_BITS_TO_BITS,LDX4_D1_Wide_Attention_Distill_T2_A050,42,0.0005,13,0.7668326220957798,0.5603631138801575,0.6695767195767196,0.7222222222222222,0.85,0.7142857142857143,0.4444444444444444,36,0.8777348777348778,0.8322981366459627,0.8659932659932661,-0.2081581581581582,-0.16272141706924315,-0.1964165464165465,5748,22.453125,5.61328125,2.0,0.5,hard_label_fallback_missing_teacher_rows:172,17,0,1,0,5,1,5,3,4,,not_available_tensorflow_import_failed,not_available_tensorflow_import_failed,high,LDX4_D1_Wide_Attention_Distill_T2_A050; PyTorch implementation; TensorFlow available=False
LDX4_D1_Wide_Attention_Distill_T2_A050_E2_WEDA_TO_WEDA_seed42_lr0.0005,E2_WEDA_TO_WEDA,E2_WEDA_TO_WEDA,LDX4_D1_Wide_Attention_Distill_T2_A050,42,0.0005,18,0.8297619047619048,0.839155912399292,0.47148148148148145,0.52,0.25,0.72,0.4444444444444444,25,0.6071428571428571,0.8773809523809524,0.6004357298474946,-0.13566137566137565,-0.4058994708994709,-0.12895424836601316,5748,22.453125,5.61328125,2.0,0.5,hard_label_fallback_missing_teacher_rows:300,2,7,0,0,9,0,5,0,2,,not_available_tensorflow_import_failed,not_available_tensorflow_import_failed,high,LDX4_D1_Wide_Attention_Distill_T2_A050; PyTorch implementation; TensorFlow available=False
LDX4_D1_Wide_Attention_Distill_T2_A050_E3_BITS_WEDA_MIXED_seed42_lr0.0005,E3_BITS_WEDA_MIXED,E3_BITS_WEDA_MIXED,LDX4_D1_Wide_Attention_Distill_T2_A050,42,0.0005,11,0.8146496249944525,0.8025115728378296,0.6036887089518669,0.6229508196721312,0.631578947368421,0.717948717948718,0.46153846153846156,61,0.8966626725247414,0.8196649029982362,0.802435064935065,-0.29297396357287453,-0.21597619404636936,-0.19874635598319812,5748,22.453125,5.61328125,2.0,0.5,hard_label_fallback_missing_teacher_rows:472,18,8,1,1,14,0,11,2,6,,not_available_tensorflow_import_failed,not_available_tensorflow_import_failed,high,LDX4_D1_Wide_Attention_Distill_T2_A050; PyTorch implementation; TensorFlow available=False
LDX4_D1_Wide_Attention_Distill_T2_A050_E3_BITS_WEDA_MIXED_seed42_lr0.0005,E6_E3_MIXED_TEST_BITS,E3_BITS_WEDA_MIXED,LDX4_D1_Wide_Attention_Distill_T2_A050,42,0.0005,11,0.8146496249944525,0.8025115728378296,0.7189997950399672,0.75,0.8292682926829268,0.8571428571428571,0.47058823529411764,36,0.9350469350469351,0.7830568124685771,0.8320946364424625,-0.2160471400069679,-0.06405701742860981,-0.11309484140249526,5748,22.453125,5.61328125,2.0,0.5,hard_label_fallback_missing_teacher_rows:472,17,0,1,0,6,0,6,2,4,,not_available_tensorflow_import_failed,not_available_tensorflow_import_failed,high,LDX4_D1_Wide_Attention_Distill_T2_A050; PyTorch implementation; TensorFlow available=False
LDX4_D1_Wide_Attention_Distill_T2_A050_E3_BITS_WEDA_MIXED_seed42_lr0.0005,E7_E3_MIXED_TEST_WEDA,E3_BITS_WEDA_MIXED,LDX4_D1_Wide_Attention_Distill_T2_A050,42,0.0005,11,0.8146496249944525,0.8025115728378296,0.4031481481481481,0.44,0.125,0.64,0.4444444444444444,25,0.8390350877192981,0.8846903583745688,0.7930283224400871,-0.43588693957115004,-0.4815422102264207,-0.38988017429193905,5748,22.453125,5.61328125,2.0,0.5,hard_label_fallback_missing_teacher_rows:472,1,8,0,1,8,0,5,0,2,,not_available_tensorflow_import_failed,not_available_tensorflow_import_failed,high,LDX4_D1_Wide_Attention_Distill_T2_A050; PyTorch implementation; TensorFlow available=False
LDX4_D1_Wide_Attention_Distill_T2_A050_E4_BITS_TO_WEDA_seed42_lr0.0005,E4_BITS_TO_WEDA,E4_BITS_TO_WEDA,LDX4_D1_Wide_Attention_Distill_T2_A050,42,0.0005,13,0.7668326220957798,0.5603631138801575,0.21008771929824563,0.2,0.10526315789473684,0.4,0.125,25,0.3876262626262626,0.1777777777777777,0.3668261562998405,-0.17753854332801697,0.03230994152046793,-0.15673843700159487,5748,22.453125,5.61328125,2.0,0.5,hard_label_fallback_missing_teacher_rows:172,1,2,6,4,3,2,5,1,1,,not_available_tensorflow_import_failed,not_available_tensorflow_import_failed,high,LDX4_D1_Wide_Attention_Distill_T2_A050; PyTorch implementation; TensorFlow available=False
LDX4_D1_Wide_Attention_Distill_T2_A050_E5_WEDA_TO_BITS_seed42_lr0.0005,E5_WEDA_TO_BITS,E5_WEDA_TO_BITS,LDX4_D1_Wide_Attention_Distill_T2_A050,42,0.0005,18,0.8297619047619048,0.839155912399292,0.60788334472545,0.6944444444444444,0.8571428571428571,0.5454545454545454,0.42105263157894735,36,0.6271469828241374,0.6770334928229665,0.6596491228070175,-0.019263638098687363,-0.06915014809751652,-0.05176577808156746,5748,22.453125,5.61328125,2.0,0.5,hard_label_fallback_missing_teacher_rows:300,18,0,0,0,3,3,6,2,4,,not_available_tensorflow_import_failed,not_available_tensorflow_import_failed,high,LDX4_D1_Wide_Attention_Distill_T2_A050; PyTorch implementation; TensorFlow available=False
LDX4_D1_Wide_Attention_Distill_T2_A050_E1_BITS_TO_BITS_seed43_lr0.001,E1_BITS_TO_BITS,E1_BITS_TO_BITS,LDX4_D1_Wide_Attention_Distill_T2_A050,43,0.001,30,0.8138528138528139,0.6822317242622375,0.8877665544332212,0.8611111111111112,0.8484848484848485,1.0,0.8148148148148148,36,0.8777348777348778,0.8322981366459627,0.8659932659932661,0.010031676698343373,0.05546841778725842,0.021773288439955074,5748,22.453125,5.61328125,2.0,0.5,hard_label_fallback_missing_teacher_rows:172,14,0,4,0,6,0,1,0,11,,not_available_tensorflow_import_failed,not_available_tensorflow_import_failed,high,LDX4_D1_Wide_Attention_Distill_T2_A050; PyTorch implementation; TensorFlow available=False
LDX4_D1_Wide_Attention_Distill_T2_A050_E2_WEDA_TO_WEDA_seed43_lr0.001,E2_WEDA_TO_WEDA,E2_WEDA_TO_WEDA,LDX4_D1_Wide_Attention_Distill_T2_A050,43,0.001,32,0.681917211328976,1.5223325490951538,0.7222222222222223,0.72,0.6666666666666666,0.7,0.8,25,0.6071428571428571,0.8773809523809524,0.6004357298474946,0.11507936507936523,-0.15515873015873005,0.12178649237472772,5748,22.453125,5.61328125,2.0,0.5,hard_label_fallback_missing_teacher_rows:300,5,4,0,0,7,2,1,0,6,,not_available_tensorflow_import_failed,not_available_tensorflow_import_failed,high,LDX4_D1_Wide_Attention_Distill_T2_A050; PyTorch implementation; TensorFlow available=False
LDX4_D1_Wide_Attention_Distill_T2_A050_E3_BITS_WEDA_MIXED_seed43_lr0.001,E3_BITS_WEDA_MIXED,E3_BITS_WEDA_MIXED,LDX4_D1_Wide_Attention_Distill_T2_A050,43,0.001,17,0.71005291005291,1.4229034185409546,0.5358511220580185,0.5737704918032787,0.6551724137931034,0.6666666666666666,0.2857142857142857,61,0.8966626725247414,0.8196649029982362,0.802435064935065,-0.36081155046672286,-0.2838137809402177,-0.26658394287704645,5748,22.453125,5.61328125,2.0,0.5,hard_label_fallback_missing_teacher_rows:472,19,4,4,2,12,1,10,5,4,,not_available_tensorflow_import_failed,not_available_tensorflow_import_failed,high,LDX4_D1_Wide_Attention_Distill_T2_A050; PyTorch implementation; TensorFlow available=False
LDX4_D1_Wide_Attention_Distill_T2_A050_E3_BITS_WEDA_MIXED_seed43_lr0.001,E6_E3_MIXED_TEST_BITS,E3_BITS_WEDA_MIXED,LDX4_D1_Wide_Attention_Distill_T2_A050,43,0.001,17,0.71005291005291,1.4229034185409546,0.6857142857142856,0.75,0.8571428571428571,0.8,0.4,36,0.9350469350469351,0.7830568124685771,0.8320946364424625,-0.24933264933264954,-0.09734252675429145,-0.1463803507281769,5748,22.453125,5.61328125,2.0,0.5,hard_label_fallback_missing_teacher_rows:472,18,0,0,0,6,0,6,3,3,,not_available_tensorflow_import_failed,not_available_tensorflow_import_failed,high,LDX4_D1_Wide_Attention_Distill_T2_A050; PyTorch implementation; TensorFlow available=False
LDX4_D1_Wide_Attention_Distill_T2_A050_E3_BITS_WEDA_MIXED_seed43_lr0.001,E7_E3_MIXED_TEST_WEDA,E3_BITS_WEDA_MIXED,LDX4_D1_Wide_Attention_Distill_T2_A050,43,0.001,17,0.71005291005291,1.4229034185409546,0.2834249084249084,0.32,0.125,0.5714285714285714,0.15384615384615385,25,0.8390350877192981,0.8846903583745688,0.7930283224400871,-0.5556101792943897,-0.6012654499496604,-0.5096034140151787,5748,22.453125,5.61328125,2.0,0.5,hard_label_fallback_missing_teacher_rows:472,1,4,4,2,6,1,4,2,1,,not_available_tensorflow_import_failed,not_available_tensorflow_import_failed,high,LDX4_D1_Wide_Attention_Distill_T2_A050; PyTorch implementation; TensorFlow available=False
LDX4_D1_Wide_Attention_Distill_T2_A050_E4_BITS_TO_WEDA_seed43_lr0.001,E4_BITS_TO_WEDA,E4_BITS_TO_WEDA,LDX4_D1_Wide_Attention_Distill_T2_A050,43,0.001,30,0.8138528138528139,0.6822317242622375,0.20134680134680136,0.2,0.18181818181818182,0.2,0.2222222222222222,25,0.3876262626262626,0.1777777777777777,0.3668261562998405,-0.18627946127946124,0.023569023569023656,-0.16547935495303914,5748,22.453125,5.61328125,2.0,0.5,hard_label_fallback_missing_teacher_rows:172,2,0,7,6,1,2,5,0,2,,not_available_tensorflow_import_failed,not_available_tensorflow_import_failed,high,LDX4_D1_Wide_Attention_Distill_T2_A050; PyTorch implementation; TensorFlow available=False
LDX4_D1_Wide_Attention_Distill_T2_A050_E5_WEDA_TO_BITS_seed43_lr0.001,E5_WEDA_TO_BITS,E5_WEDA_TO_BITS,LDX4_D1_Wide_Attention_Distill_T2_A050,43,0.001,32,0.681917211328976,1.5223325490951538,0.5912698412698413,0.6666666666666666,0.8095238095238095,0.7142857142857143,0.25,36,0.6271469828241374,0.6770334928229665,0.6596491228070175,-0.03587714155429611,-0.08576365155312526,-0.0683792815371762,5748,22.453125,5.61328125,2.0,0.5,hard_label_fallback_missing_teacher_rows:300,17,0,1,0,5,1,7,3,2,,not_available_tensorflow_import_failed,not_available_tensorflow_import_failed,high,LDX4_D1_Wide_Attention_Distill_T2_A050; PyTorch implementation; TensorFlow available=False
LDX4_D1_Wide_Attention_Distill_T2_A050_E1_BITS_TO_BITS_seed43_lr0.0005,E1_BITS_TO_BITS,E1_BITS_TO_BITS,LDX4_D1_Wide_Attention_Distill_T2_A050,43,0.0005,25,0.7549549549549549,0.690558671951294,0.8684766214177979,0.8611111111111112,0.8823529411764706,0.9230769230769231,0.8,36,0.8777348777348778,0.8322981366459627,0.8659932659932661,-0.009258256317079883,0.03617848477183516,0.002483355424531819,5748,22.453125,5.61328125,2.0,0.5,hard_label_fallback_missing_teacher_rows:172,15,0,3,0,6,0,1,1,10,,not_available_tensorflow_import_failed,not_available_tensorflow_import_failed,high,LDX4_D1_Wide_Attention_Distill_T2_A050; PyTorch implementation; TensorFlow available=False
LDX4_D1_Wide_Attention_Distill_T2_A050_E2_WEDA_TO_WEDA_seed43_lr0.0005,E2_WEDA_TO_WEDA,E2_WEDA_TO_WEDA,LDX4_D1_Wide_Attention_Distill_T2_A050,43,0.0005,20,0.5888888888888889,1.2440677881240845,0.5757575757575758,0.6,0.5,0.7272727272727273,0.5,25,0.6071428571428571,0.8773809523809524,0.6004357298474946,-0.031385281385281294,-0.30162337662337657,-0.024678154089918802,5748,22.453125,5.61328125,2.0,0.5,hard_label_fallback_missing_teacher_rows:300,4,4,1,0,8,1,3,1,3,,not_available_tensorflow_import_failed,not_available_tensorflow_import_failed,high,LDX4_D1_Wide_Attention_Distill_T2_A050; PyTorch implementation; TensorFlow available=False
LDX4_D1_Wide_Attention_Distill_T2_A050_E3_BITS_WEDA_MIXED_seed43_lr0.0005,E3_BITS_WEDA_MIXED,E3_BITS_WEDA_MIXED,LDX4_D1_Wide_Attention_Distill_T2_A050,43,0.0005,7,0.6022048796140315,0.8881123661994934,0.44904200442151804,0.5245901639344263,0.6101694915254238,0.65,0.08695652173913043,61,0.8966626725247414,0.8196649029982362,0.802435064935065,-0.4476206681032234,-0.3706228985767182,-0.35339306051354696,5748,22.453125,5.61328125,2.0,0.5,hard_label_fallback_missing_teacher_rows:472,18,7,2,1,13,1,13,5,1,,not_available_tensorflow_import_failed,not_available_tensorflow_import_failed,high,LDX4_D1_Wide_Attention_Distill_T2_A050; PyTorch implementation; TensorFlow available=False
LDX4_D1_Wide_Attention_Distill_T2_A050_E3_BITS_WEDA_MIXED_seed43_lr0.0005,E6_E3_MIXED_TEST_BITS,E3_BITS_WEDA_MIXED,LDX4_D1_Wide_Attention_Distill_T2_A050,43,0.0005,7,0.6022048796140315,0.8881123661994934,0.5906759906759906,0.6944444444444444,0.8181818181818182,0.8,0.15384615384615385,36,0.9350469350469351,0.7830568124685771,0.8320946364424625,-0.3443709443709445,-0.19238082179258642,-0.24141864576647187,5748,22.453125,5.61328125,2.0,0.5,hard_label_fallback_missing_teacher_rows:472,18,0,0,0,6,0,8,3,1,,not_available_tensorflow_import_failed,not_available_tensorflow_import_failed,high,LDX4_D1_Wide_Attention_Distill_T2_A050; PyTorch implementation; TensorFlow available=False
LDX4_D1_Wide_Attention_Distill_T2_A050_E3_BITS_WEDA_MIXED_seed43_lr0.0005,E7_E3_MIXED_TEST_WEDA,E3_BITS_WEDA_MIXED,LDX4_D1_Wide_Attention_Distill_T2_A050,43,0.0005,7,0.6022048796140315,0.8881123661994934,0.18666666666666668,0.28,0.0,0.56,0.0,25,0.8390350877192981,0.8846903583745688,0.7930283224400871,-0.6523684210526315,-0.6980236917079021,-0.6063616557734205,5748,22.453125,5.61328125,2.0,0.5,hard_label_fallback_missing_teacher_rows:472,0,7,2,1,7,1,5,2,0,,not_available_tensorflow_import_failed,not_available_tensorflow_import_failed,high,LDX4_D1_Wide_Attention_Distill_T2_A050; PyTorch implementation; TensorFlow available=False
LDX4_D1_Wide_Attention_Distill_T2_A050_E4_BITS_TO_WEDA_seed43_lr0.0005,E4_BITS_TO_WEDA,E4_BITS_TO_WEDA,LDX4_D1_Wide_Attention_Distill_T2_A050,43,0.0005,25,0.7549549549549549,0.690558671951294,0.20033416875522136,0.2,0.19047619047619047,0.2,0.21052631578947367,25,0.3876262626262626,0.1777777777777777,0.3668261562998405,-0.18729209387104123,0.022556390977443663,-0.16649198754461914,5748,22.453125,5.61328125,2.0,0.5,hard_label_fallback_missing_teacher_rows:172,2,0,7,5,1,3,5,0,2,,not_available_tensorflow_import_failed,not_available_tensorflow_import_failed,high,LDX4_D1_Wide_Attention_Distill_T2_A050; PyTorch implementation; TensorFlow available=False
LDX4_D1_Wide_Attention_Distill_T2_A050_E5_WEDA_TO_BITS_seed43_lr0.0005,E5_WEDA_TO_BITS,E5_WEDA_TO_BITS,LDX4_D1_Wide_Attention_Distill_T2_A050,43,0.0005,20,0.5888888888888889,1.2440677881240845,0.6742202729044834,0.7222222222222222,0.8421052631578947,0.625,0.5555555555555556,36,0.6271469828241374,0.6770334928229665,0.6596491228070175,0.047073290080346,-0.0028132199184831563,0.014571150097465901,5748,22.453125,5.61328125,2.0,0.5,hard_label_fallback_missing_teacher_rows:300,16,2,0,0,5,1,4,3,5,,not_available_tensorflow_import_failed,not_available_tensorflow_import_failed,high,LDX4_D1_Wide_Attention_Distill_T2_A050; PyTorch implementation; TensorFlow available=False
LDX4_D1_Wide_Attention_Distill_T2_A050_E1_BITS_TO_BITS_seed44_lr0.001,E1_BITS_TO_BITS,E1_BITS_TO_BITS,LDX4_D1_Wide_Attention_Distill_T2_A050,44,0.001,16,0.8138998682476943,0.3991357386112213,0.7542328042328043,0.7777777777777778,0.85,0.8571428571428571,0.5555555555555556,36,0.8777348777348778,0.8322981366459627,0.8659932659932661,-0.12350207350207354,-0.0780653324131585,-0.11176046176046184,5748,22.453125,5.61328125,2.0,0.5,hard_label_fallback_missing_teacher_rows:172,17,0,1,0,6,0,5,2,5,,not_available_tensorflow_import_failed,not_available_tensorflow_import_failed,high,LDX4_D1_Wide_Attention_Distill_T2_A050; PyTorch implementation; TensorFlow available=False
LDX4_D1_Wide_Attention_Distill_T2_A050_E2_WEDA_TO_WEDA_seed44_lr0.001,E2_WEDA_TO_WEDA,E2_WEDA_TO_WEDA,LDX4_D1_Wide_Attention_Distill_T2_A050,44,0.001,7,0.7945906432748537,0.5716598033905029,0.8409258440218191,0.84,0.8421052631578947,0.8235294117647058,0.8571428571428571,25,0.6071428571428571,0.8773809523809524,0.6004357298474946,0.23378298687896204,-0.03645510835913324,0.24049011417432453,5748,22.453125,5.61328125,2.0,0.5,hard_label_fallback_missing_teacher_rows:300,8,1,0,1,7,1,1,0,6,,not_available_tensorflow_import_failed,not_available_tensorflow_import_failed,high,LDX4_D1_Wide_Attention_Distill_T2_A050; PyTorch implementation; TensorFlow available=False
LDX4_D1_Wide_Attention_Distill_T2_A050_E3_BITS_WEDA_MIXED_seed44_lr0.001,E3_BITS_WEDA_MIXED,E3_BITS_WEDA_MIXED,LDX4_D1_Wide_Attention_Distill_T2_A050,44,0.001,15,0.7187605027895408,1.2988837957382202,0.6270269650817663,0.6557377049180327,0.7796610169491526,0.6896551724137931,0.4117647058823529,61,0.8966626725247414,0.8196649029982362,0.802435064935065,-0.26963570744297516,-0.19263793791647,-0.17540809985329875,5748,22.453125,5.61328125,2.0,0.5,hard_label_fallback_missing_teacher_rows:472,23,0,4,1,10,4,8,4,7,,not_available_tensorflow_import_failed,not_available_tensorflow_import_failed,high,LDX4_D1_Wide_Attention_Distill_T2_A050; PyTorch implementation; TensorFlow available=False
LDX4_D1_Wide_Attention_Distill_T2_A050_E3_BITS_WEDA_MIXED_seed44_lr0.001,E6_E3_MIXED_TEST_BITS,E3_BITS_WEDA_MIXED,LDX4_D1_Wide_Attention_Distill_T2_A050,44,0.001,15,0.7187605027895408,1.2988837957382202,0.774475643916103,0.8055555555555556,0.8780487804878049,0.8571428571428571,0.5882352941176471,36,0.9350469350469351,0.7830568124685771,0.8320946364424625,-0.16057129113083213,-0.008581168552474039,-0.05761899252635949,5748,22.453125,5.61328125,2.0,0.5,hard_label_fallback_missing_teacher_rows:472,18,0,0,0,6,0,5,2,5,,not_available_tensorflow_import_failed,not_available_tensorflow_import_failed,high,LDX4_D1_Wide_Attention_Distill_T2_A050; PyTorch implementation; TensorFlow available=False
LDX4_D1_Wide_Attention_Distill_T2_A050_E3_BITS_WEDA_MIXED_seed44_lr0.001,E7_E3_MIXED_TEST_WEDA,E3_BITS_WEDA_MIXED,LDX4_D1_Wide_Attention_Distill_T2_A050,44,0.001,15,0.7187605027895408,1.2988837957382202,0.44139433551198265,0.44,0.5555555555555556,0.5333333333333333,0.23529411764705882,25,0.8390350877192981,0.8846903583745688,0.7930283224400871,-0.3976407522073155,-0.4432960228625861,-0.3516339869281045,5748,22.453125,5.61328125,2.0,0.5,hard_label_fallback_missing_teacher_rows:472,5,0,4,1,4,4,3,2,2,,not_available_tensorflow_import_failed,not_available_tensorflow_import_failed,high,LDX4_D1_Wide_Attention_Distill_T2_A050; PyTorch implementation; TensorFlow available=False
LDX4_D1_Wide_Attention_Distill_T2_A050_E4_BITS_TO_WEDA_seed44_lr0.001,E4_BITS_TO_WEDA,E4_BITS_TO_WEDA,LDX4_D1_Wide_Attention_Distill_T2_A050,44,0.001,16,0.8138998682476943,0.3991357386112213,0.17825311942959002,0.2,0.35294117647058826,0.0,0.18181818181818182,25,0.3876262626262626,0.1777777777777777,0.3668261562998405,-0.20937314319667258,0.0004753416518123166,-0.18857303687025048,5748,22.453125,5.61328125,2.0,0.5,hard_label_fallback_missing_teacher_rows:172,3,0,6,2,0,7,3,2,2,,not_available_tensorflow_import_failed,not_available_tensorflow_import_failed,high,LDX4_D1_Wide_Attention_Distill_T2_A050; PyTorch implementation; TensorFlow available=False
LDX4_D1_Wide_Attention_Distill_T2_A050_E5_WEDA_TO_BITS_seed44_lr0.001,E5_WEDA_TO_BITS,E5_WEDA_TO_BITS,LDX4_D1_Wide_Attention_Distill_T2_A050,44,0.001,7,0.7945906432748537,0.5716598033905029,0.515928515928516,0.6111111111111112,0.8205128205128205,0.36363636363636365,0.36363636363636365,36,0.6271469828241374,0.6770334928229665,0.6596491228070175,-0.11121846689562143,-0.16110497689445058,-0.14372060687850152,5748,22.453125,5.61328125,2.0,0.5,hard_label_fallback_missing_teacher_rows:300,16,0,2,0,2,4,5,3,4,,not_available_tensorflow_import_failed,not_available_tensorflow_import_failed,high,LDX4_D1_Wide_Attention_Distill_T2_A050; PyTorch implementation; TensorFlow available=False
LDX4_D1_Wide_Attention_Distill_T2_A050_E1_BITS_TO_BITS_seed44_lr0.0005,E1_BITS_TO_BITS,E1_BITS_TO_BITS,LDX4_D1_Wide_Attention_Distill_T2_A050,44,0.0005,17,0.7926683716965046,0.4382662773132324,0.8172932330827067,0.8333333333333334,0.8947368421052632,0.8571428571428571,0.7,36,0.8777348777348778,0.8322981366459627,0.8659932659932661,-0.060441644652171056,-0.015004903563256011,-0.048700032910559354,5748,22.453125,5.61328125,2.0,0.5,hard_label_fallback_missing_teacher_rows:172,17,0,1,0,6,0,3,2,7,,not_available_tensorflow_import_failed,not_available_tensorflow_import_failed,high,LDX4_D1_Wide_Attention_Distill_T2_A050; PyTorch implementation; TensorFlow available=False
LDX4_D1_Wide_Attention_Distill_T2_A050_E2_WEDA_TO_WEDA_seed44_lr0.0005,E2_WEDA_TO_WEDA,E2_WEDA_TO_WEDA,LDX4_D1_Wide_Attention_Distill_T2_A050,44,0.0005,10,0.7691197691197691,0.6235965490341187,0.6987522281639929,0.72,0.7272727272727273,0.8235294117647058,0.5454545454545454,25,0.6071428571428571,0.8773809523809524,0.6004357298474946,0.09160937102113575,-0.17862872421695952,0.09831649831649825,5748,22.453125,5.61328125,2.0,0.5,hard_label_fallback_missing_teacher_rows:300,8,1,0,1,7,1,4,0,3,,not_available_tensorflow_import_failed,not_available_tensorflow_import_failed,high,LDX4_D1_Wide_Attention_Distill_T2_A050; PyTorch implementation; TensorFlow available=False
LDX4_D1_Wide_Attention_Distill_T2_A050_E3_BITS_WEDA_MIXED_seed44_lr0.0005,E3_BITS_WEDA_MIXED,E3_BITS_WEDA_MIXED,LDX4_D1_Wide_Attention_Distill_T2_A050,44,0.0005,36,0.742523923444976,1.1571294069290161,0.6861556743909686,0.7049180327868853,0.8,0.7878787878787878,0.47058823529411764,61,0.8966626725247414,0.8196649029982362,0.802435064935065,-0.21050699813377283,-0.13350922860726766,-0.11627939054409642,5748,22.453125,5.61328125,2.0,0.5,hard_label_fallback_missing_teacher_rows:472,22,0,5,0,13,2,6,5,8,,not_available_tensorflow_import_failed,not_available_tensorflow_import_failed,high,LDX4_D1_Wide_Attention_Distill_T2_A050; PyTorch implementation; TensorFlow available=False
LDX4_D1_Wide_Attention_Distill_T2_A050_E3_BITS_WEDA_MIXED_seed44_lr0.0005,E6_E3_MIXED_TEST_BITS,E3_BITS_WEDA_MIXED,LDX4_D1_Wide_Attention_Distill_T2_A050,44,0.0005,36,0.742523923444976,1.1571294069290161,0.7627450980392158,0.8055555555555556,0.9,0.8,0.5882352941176471,36,0.9350469350469351,0.7830568124685771,0.8320946364424625,-0.1723018370077194,-0.020311714429361305,-0.06934953840324676,5748,22.453125,5.61328125,2.0,0.5,hard_label_fallback_missing_teacher_rows:472,18,0,0,0,6,0,4,3,5,,not_available_tensorflow_import_failed,not_available_tensorflow_import_failed,high,LDX4_D1_Wide_Attention_Distill_T2_A050; PyTorch implementation; TensorFlow available=False
LDX4_D1_Wide_Attention_Distill_T2_A050_E3_BITS_WEDA_MIXED_seed44_lr0.0005,E7_E3_MIXED_TEST_WEDA,E3_BITS_WEDA_MIXED,LDX4_D1_Wide_Attention_Distill_T2_A050,44,0.0005,36,0.742523923444976,1.1571294069290161,0.5546840958605664,0.56,0.5333333333333333,0.7777777777777778,0.35294117647058826,25,0.8390350877192981,0.8846903583745688,0.7930283224400871,-0.2843509918587317,-0.33000626251400234,-0.2383442265795207,5748,22.453125,5.61328125,2.0,0.5,hard_label_fallback_missing_teacher_rows:472,4,0,5,0,7,2,2,2,3,,not_available_tensorflow_import_failed,not_available_tensorflow_import_failed,high,LDX4_D1_Wide_Attention_Distill_T2_A050; PyTorch implementation; TensorFlow available=False
LDX4_D1_Wide_Attention_Distill_T2_A050_E4_BITS_TO_WEDA_seed44_lr0.0005,E4_BITS_TO_WEDA,E4_BITS_TO_WEDA,LDX4_D1_Wide_Attention_Distill_T2_A050,44,0.0005,17,0.7926683716965046,0.4382662773132324,0.12698412698412698,0.16,0.38095238095238093,0.0,0.0,25,0.3876262626262626,0.1777777777777777,0.3668261562998405,-0.2606421356421356,-0.050793650793650724,-0.23984202931571352,5748,22.453125,5.61328125,2.0,0.5,hard_label_fallback_missing_teacher_rows:172,4,0,5,3,0,6,5,2,0,,not_available_tensorflow_import_failed,not_available_tensorflow_import_failed,high,LDX4_D1_Wide_Attention_Distill_T2_A050; PyTorch implementation; TensorFlow available=False
LDX4_D1_Wide_Attention_Distill_T2_A050_E5_WEDA_TO_BITS_seed44_lr0.0005,E5_WEDA_TO_BITS,E5_WEDA_TO_BITS,LDX4_D1_Wide_Attention_Distill_T2_A050,44,0.0005,10,0.7691197691197691,0.6235965490341187,0.5926620804669585,0.6666666666666666,0.8292682926829268,0.6153846153846154,0.3333333333333333,36,0.6271469828241374,0.6770334928229665,0.6596491228070175,-0.03448490235717894,-0.08437141235600809,-0.06698704234005903,5748,22.453125,5.61328125,2.0,0.5,hard_label_fallback_missing_teacher_rows:300,17,0,1,0,4,2,6,3,3,,not_available_tensorflow_import_failed,not_available_tensorflow_import_failed,high,LDX4_D1_Wide_Attention_Distill_T2_A050; PyTorch implementation; TensorFlow available=False
LDX4_D1_Wide_Attention_Distill_T3_A050_E1_BITS_TO_BITS_seed42_lr0.001,E1_BITS_TO_BITS,E1_BITS_TO_BITS,LDX4_D1_Wide_Attention_Distill_T3_A050,42,0.001,10,0.733430799220273,0.7395673990249634,0.7424501424501425,0.7777777777777778,0.8717948717948718,0.8,0.5555555555555556,36,0.8777348777348778,0.8322981366459627,0.8659932659932661,-0.13528473528473528,-0.08984799419582024,-0.12354312354312358,5748,22.453125,5.61328125,3.0,0.5,hard_label_fallback_missing_teacher_rows:172,17,0,1,0,6,0,4,3,5,,not_available_tensorflow_import_failed,not_available_tensorflow_import_failed,high,LDX4_D1_Wide_Attention_Distill_T3_A050; PyTorch implementation; TensorFlow available=False
LDX4_D1_Wide_Attention_Distill_T3_A050_E2_WEDA_TO_WEDA_seed42_lr0.001,E2_WEDA_TO_WEDA,E2_WEDA_TO_WEDA,LDX4_D1_Wide_Attention_Distill_T3_A050,42,0.001,25,0.8337912087912088,2.3694043159484863,0.6452991452991452,0.64,0.5,0.6666666666666666,0.7692307692307693,25,0.6071428571428571,0.8773809523809524,0.6004357298474946,0.03815628815628813,-0.23208180708180715,0.04486341545165062,5748,22.453125,5.61328125,3.0,0.5,hard_label_fallback_missing_teacher_rows:300,4,5,0,1,7,1,2,0,5,,not_available_tensorflow_import_failed,not_available_tensorflow_import_failed,high,LDX4_D1_Wide_Attention_Distill_T3_A050; PyTorch implementation; TensorFlow available=False
LDX4_D1_Wide_Attention_Distill_T3_A050_E3_BITS_WEDA_MIXED_seed42_lr0.001,E3_BITS_WEDA_MIXED,E3_BITS_WEDA_MIXED,LDX4_D1_Wide_Attention_Distill_T3_A050,42,0.001,11,0.8078696984357362,1.0741446018218994,0.6436564736499675,0.6557377049180327,0.6792452830188679,0.7,0.5517241379310345,61,0.8966626725247414,0.8196649029982362,0.802435064935065,-0.25300619887477394,-0.17600842934826877,-0.15877859128509753,5748,22.453125,5.61328125,3.0,0.5,hard_label_fallback_missing_teacher_rows:472,18,8,1,0,14,1,8,3,8,,not_available_tensorflow_import_failed,not_available_tensorflow_import_failed,high,LDX4_D1_Wide_Attention_Distill_T3_A050; PyTorch implementation; TensorFlow available=False
LDX4_D1_Wide_Attention_Distill_T3_A050_E3_BITS_WEDA_MIXED_seed42_lr0.001,E6_E3_MIXED_TEST_BITS,E3_BITS_WEDA_MIXED,LDX4_D1_Wide_Attention_Distill_T3_A050,42,0.001,11,0.8078696984357362,1.0741446018218994,0.8172932330827067,0.8333333333333334,0.8947368421052632,0.8571428571428571,0.7,36,0.9350469350469351,0.7830568124685771,0.8320946364424625,-0.11775370196422841,0.03423642061412968,-0.014801403359755771,5748,22.453125,5.61328125,3.0,0.5,hard_label_fallback_missing_teacher_rows:472,17,0,1,0,6,0,3,2,7,,not_available_tensorflow_import_failed,not_available_tensorflow_import_failed,high,LDX4_D1_Wide_Attention_Distill_T3_A050; PyTorch implementation; TensorFlow available=False
LDX4_D1_Wide_Attention_Distill_T3_A050_E3_BITS_WEDA_MIXED_seed42_lr0.001,E7_E3_MIXED_TEST_WEDA,E3_BITS_WEDA_MIXED,LDX4_D1_Wide_Attention_Distill_T3_A050,42,0.001,11,0.8078696984357362,1.0741446018218994,0.32364672364672364,0.4,0.13333333333333333,0.6153846153846154,0.2222222222222222,25,0.8390350877192981,0.8846903583745688,0.7930283224400871,-0.5153883640725745,-0.5610436347278451,-0.4693815987933635,5748,22.453125,5.61328125,3.0,0.5,hard_label_fallback_missing_teacher_rows:472,1,8,0,0,8,1,5,1,1,,not_available_tensorflow_import_failed,not_available_tensorflow_import_failed,high,LDX4_D1_Wide_Attention_Distill_T3_A050; PyTorch implementation; TensorFlow available=False
LDX4_D1_Wide_Attention_Distill_T3_A050_E4_BITS_TO_WEDA_seed42_lr0.001,E4_BITS_TO_WEDA,E4_BITS_TO_WEDA,LDX4_D1_Wide_Attention_Distill_T3_A050,42,0.001,10,0.733430799220273,0.7395673990249634,0.16954150081085065,0.16,0.11764705882352941,0.2857142857142857,0.10526315789473684,25,0.3876262626262626,0.1777777777777777,0.3668261562998405,-0.21808476181541195,-0.008236276966927053,-0.19728465548898985,5748,22.453125,5.61328125,3.0,0.5,hard_label_fallback_missing_teacher_rows:172,1,1,7,3,2,4,4,2,1,,not_available_tensorflow_import_failed,not_available_tensorflow_import_failed,high,LDX4_D1_Wide_Attention_Distill_T3_A050; PyTorch implementation; TensorFlow available=False
LDX4_D1_Wide_Attention_Distill_T3_A050_E5_WEDA_TO_BITS_seed42_lr0.001,E5_WEDA_TO_BITS,E5_WEDA_TO_BITS,LDX4_D1_Wide_Attention_Distill_T3_A050,42,0.001,25,0.8337912087912088,2.3694043159484863,0.6459592801056215,0.7222222222222222,0.8780487804878049,0.6153846153846154,0.4444444444444444,36,0.6271469828241374,0.6770334928229665,0.6596491228070175,0.018812297281484147,-0.031074212717345007,-0.013689842701395949,5748,22.453125,5.61328125,3.0,0.5,hard_label_fallback_missing_teacher_rows:300,18,0,0,0,4,2,5,3,4,,not_available_tensorflow_import_failed,not_available_tensorflow_import_failed,high,LDX4_D1_Wide_Attention_Distill_T3_A050; PyTorch implementation; TensorFlow available=False
LDX4_D1_Wide_Attention_Distill_T3_A050_E1_BITS_TO_BITS_seed42_lr0.0005,E1_BITS_TO_BITS,E1_BITS_TO_BITS,LDX4_D1_Wide_Attention_Distill_T3_A050,42,0.0005,12,0.6980056980056979,0.6350584626197815,0.6809811687860469,0.7222222222222222,0.8292682926829268,0.7692307692307693,0.4444444444444444,36,0.8777348777348778,0.8322981366459627,0.8659932659932661,-0.19675370894883093,-0.15131696785991589,-0.18501209720721923,5748,22.453125,5.61328125,3.0,0.5,hard_label_fallback_missing_teacher_rows:172,17,0,1,0,5,1,6,2,4,,not_available_tensorflow_import_failed,not_available_tensorflow_import_failed,high,LDX4_D1_Wide_Attention_Distill_T3_A050; PyTorch implementation; TensorFlow available=False
LDX4_D1_Wide_Attention_Distill_T3_A050_E2_WEDA_TO_WEDA_seed42_lr0.0005,E2_WEDA_TO_WEDA,E2_WEDA_TO_WEDA,LDX4_D1_Wide_Attention_Distill_T3_A050,42,0.0005,16,0.7888888888888889,1.0288833379745483,0.3796296296296296,0.44,0.2222222222222222,0.6666666666666666,0.25,25,0.6071428571428571,0.8773809523809524,0.6004357298474946,-0.2275132275132275,-0.4977513227513228,-0.220806100217865,5748,22.453125,5.61328125,3.0,0.5,hard_label_fallback_missing_teacher_rows:300,2,7,0,1,8,0,6,0,1,,not_available_tensorflow_import_failed,not_available_tensorflow_import_failed,high,LDX4_D1_Wide_Attention_Distill_T3_A050; PyTorch implementation; TensorFlow available=False
LDX4_D1_Wide_Attention_Distill_T3_A050_E3_BITS_WEDA_MIXED_seed42_lr0.0005,E3_BITS_WEDA_MIXED,E3_BITS_WEDA_MIXED,LDX4_D1_Wide_Attention_Distill_T3_A050,42,0.0005,13,0.7944410575989522,0.9298565983772278,0.6017501017501018,0.6229508196721312,0.6428571428571429,0.717948717948718,0.4444444444444444,61,0.8966626725247414,0.8196649029982362,0.802435064935065,-0.2949125707746396,-0.21791480124813445,-0.2006849631849632,5748,22.453125,5.61328125,3.0,0.5,hard_label_fallback_missing_teacher_rows:472,18,7,2,1,14,0,10,3,6,,not_available_tensorflow_import_failed,not_available_tensorflow_import_failed,high,LDX4_D1_Wide_Attention_Distill_T3_A050; PyTorch implementation; TensorFlow available=False
LDX4_D1_Wide_Attention_Distill_T3_A050_E3_BITS_WEDA_MIXED_seed42_lr0.0005,E6_E3_MIXED_TEST_BITS,E3_BITS_WEDA_MIXED,LDX4_D1_Wide_Attention_Distill_T3_A050,42,0.0005,13,0.7944410575989522,0.9298565983772278,0.7542328042328043,0.7777777777777778,0.85,0.8571428571428571,0.5555555555555556,36,0.9350469350469351,0.7830568124685771,0.8320946364424625,-0.1808141308141309,-0.028824008235772802,-0.07786183220965825,5748,22.453125,5.61328125,3.0,0.5,hard_label_fallback_missing_teacher_rows:472,17,0,1,0,6,0,5,2,5,,not_available_tensorflow_import_failed,not_available_tensorflow_import_failed,high,LDX4_D1_Wide_Attention_Distill_T3_A050; PyTorch implementation; TensorFlow available=False
LDX4_D1_Wide_Attention_Distill_T3_A050_E3_BITS_WEDA_MIXED_seed42_lr0.0005,E7_E3_MIXED_TEST_WEDA,E3_BITS_WEDA_MIXED,LDX4_D1_Wide_Attention_Distill_T3_A050,42,0.0005,13,0.7944410575989522,0.9298565983772278,0.3290740740740741,0.4,0.125,0.64,0.2222222222222222,25,0.8390350877192981,0.8846903583745688,0.7930283224400871,-0.5099610136452241,-0.5556162843004947,-0.46395424836601307,5748,22.453125,5.61328125,3.0,0.5,hard_label_fallback_missing_teacher_rows:472,1,7,1,1,8,0,5,1,1,,not_available_tensorflow_import_failed,not_available_tensorflow_import_failed,high,LDX4_D1_Wide_Attention_Distill_T3_A050; PyTorch implementation; TensorFlow available=False
LDX4_D1_Wide_Attention_Distill_T3_A050_E4_BITS_TO_WEDA_seed42_lr0.0005,E4_BITS_TO_WEDA,E4_BITS_TO_WEDA,LDX4_D1_Wide_Attention_Distill_T3_A050,42,0.0005,12,0.6980056980056979,0.6350584626197815,0.20134680134680136,0.2,0.18181818181818182,0.2,0.2222222222222222,25,0.3876262626262626,0.1777777777777777,0.3668261562998405,-0.18627946127946124,0.023569023569023656,-0.16547935495303914,5748,22.453125,5.61328125,3.0,0.5,hard_label_fallback_missing_teacher_rows:172,2,0,7,6,1,2,5,0,2,,not_available_tensorflow_import_failed,not_available_tensorflow_import_failed,high,LDX4_D1_Wide_Attention_Distill_T3_A050; PyTorch implementation; TensorFlow available=False
LDX4_D1_Wide_Attention_Distill_T3_A050_E5_WEDA_TO_BITS_seed42_lr0.0005,E5_WEDA_TO_BITS,E5_WEDA_TO_BITS,LDX4_D1_Wide_Attention_Distill_T3_A050,42,0.0005,16,0.7888888888888889,1.0288833379745483,0.6194206446348429,0.6944444444444444,0.8372093023255814,0.6,0.42105263157894735,36,0.6271469828241374,0.6770334928229665,0.6596491228070175,-0.007726338189294468,-0.05761284818812362,-0.040228478172174564,5748,22.453125,5.61328125,3.0,0.5,hard_label_fallback_missing_teacher_rows:300,18,0,0,0,3,3,7,1,4,,not_available_tensorflow_import_failed,not_available_tensorflow_import_failed,high,LDX4_D1_Wide_Attention_Distill_T3_A050; PyTorch implementation; TensorFlow available=False
LDX4_D1_Wide_Attention_Distill_T3_A050_E1_BITS_TO_BITS_seed43_lr0.001,E1_BITS_TO_BITS,E1_BITS_TO_BITS,LDX4_D1_Wide_Attention_Distill_T3_A050,43,0.001,16,0.8138528138528139,0.6763097643852234,0.8709639126305793,0.8611111111111112,0.875,0.9230769230769231,0.8148148148148148,36,0.8777348777348778,0.8322981366459627,0.8659932659932661,-0.006770965104298532,0.03866577598461651,0.00497064663731317,5748,22.453125,5.61328125,3.0,0.5,hard_label_fallback_missing_teacher_rows:172,14,0,4,0,6,0,0,1,11,,not_available_tensorflow_import_failed,not_available_tensorflow_import_failed,high,LDX4_D1_Wide_Attention_Distill_T3_A050; PyTorch implementation; TensorFlow available=False
LDX4_D1_Wide_Attention_Distill_T3_A050_E2_WEDA_TO_WEDA_seed43_lr0.001,E2_WEDA_TO_WEDA,E2_WEDA_TO_WEDA,LDX4_D1_Wide_Attention_Distill_T3_A050,43,0.001,11,0.634920634920635,0.9770017266273499,0.5131481481481481,0.56,0.375,0.72,0.4444444444444444,25,0.6071428571428571,0.8773809523809524,0.6004357298474946,-0.09399470899470896,-0.36423280423280424,-0.08728758169934647,5748,22.453125,5.61328125,3.0,0.5,hard_label_fallback_missing_teacher_rows:300,3,6,0,0,9,0,4,1,2,,not_available_tensorflow_import_failed,not_available_tensorflow_import_failed,high,LDX4_D1_Wide_Attention_Distill_T3_A050; PyTorch implementation; TensorFlow available=False
LDX4_D1_Wide_Attention_Distill_T3_A050_E3_BITS_WEDA_MIXED_seed43_lr0.001,E3_BITS_WEDA_MIXED,E3_BITS_WEDA_MIXED,LDX4_D1_Wide_Attention_Distill_T3_A050,43,0.001,20,0.7330061682087189,1.7147119045257568,0.684932086041964,0.6885245901639344,0.7169811320754716,0.8235294117647058,0.5142857142857142,61,0.8966626725247414,0.8196649029982362,0.802435064935065,-0.21173058648277743,-0.13473281695627226,-0.11750297889310102,5748,22.453125,5.61328125,3.0,0.5,hard_label_fallback_missing_teacher_rows:472,19,2,6,0,14,1,7,3,9,,not_available_tensorflow_import_failed,not_available_tensorflow_import_failed,high,LDX4_D1_Wide_Attention_Distill_T3_A050; PyTorch implementation; TensorFlow available=False
LDX4_D1_Wide_Attention_Distill_T3_A050_E3_BITS_WEDA_MIXED_seed43_lr0.001,E6_E3_MIXED_TEST_BITS,E3_BITS_WEDA_MIXED,LDX4_D1_Wide_Attention_Distill_T3_A050,43,0.001,20,0.7330061682087189,1.7147119045257568,0.8172932330827067,0.8333333333333334,0.8947368421052632,0.8571428571428571,0.7,36,0.9350469350469351,0.7830568124685771,0.8320946364424625,-0.11775370196422841,0.03423642061412968,-0.014801403359755771,5748,22.453125,5.61328125,3.0,0.5,hard_label_fallback_missing_teacher_rows:472,17,0,1,0,6,0,3,2,7,,not_available_tensorflow_import_failed,not_available_tensorflow_import_failed,high,LDX4_D1_Wide_Attention_Distill_T3_A050; PyTorch implementation; TensorFlow available=False
LDX4_D1_Wide_Attention_Distill_T3_A050_E3_BITS_WEDA_MIXED_seed43_lr0.001,E7_E3_MIXED_TEST_WEDA,E3_BITS_WEDA_MIXED,LDX4_D1_Wide_Attention_Distill_T3_A050,43,0.001,20,0.7330061682087189,1.7147119045257568,0.4444444444444444,0.48,0.26666666666666666,0.8,0.26666666666666666,25,0.8390350877192981,0.8846903583745688,0.7930283224400871,-0.3945906432748537,-0.44024591393012436,-0.3485838779956427,5748,22.453125,5.61328125,3.0,0.5,hard_label_fallback_missing_teacher_rows:472,2,2,5,0,8,1,4,1,2,,not_available_tensorflow_import_failed,not_available_tensorflow_import_failed,high,LDX4_D1_Wide_Attention_Distill_T3_A050; PyTorch implementation; TensorFlow available=False
LDX4_D1_Wide_Attention_Distill_T3_A050_E4_BITS_TO_WEDA_seed43_lr0.001,E4_BITS_TO_WEDA,E4_BITS_TO_WEDA,LDX4_D1_Wide_Attention_Distill_T3_A050,43,0.001,16,0.8138528138528139,0.6763097643852234,0.2587782587782588,0.24,0.19047619047619047,0.36363636363636365,0.2222222222222222,25,0.3876262626262626,0.1777777777777777,0.3668261562998405,-0.12884800384800382,0.08100048100048107,-0.10804789752158173,5748,22.453125,5.61328125,3.0,0.5,hard_label_fallback_missing_teacher_rows:172,2,0,7,5,2,2,5,0,2,,not_available_tensorflow_import_failed,not_available_tensorflow_import_failed,high,LDX4_D1_Wide_Attention_Distill_T3_A050; PyTorch implementation; TensorFlow available=False
LDX4_D1_Wide_Attention_Distill_T3_A050_E5_WEDA_TO_BITS_seed43_lr0.001,E5_WEDA_TO_BITS,E5_WEDA_TO_BITS,LDX4_D1_Wide_Attention_Distill_T3_A050,43,0.001,11,0.634920634920635,0.9770017266273499,0.6309523809523809,0.7222222222222222,0.8571428571428571,0.75,0.2857142857142857,36,0.6271469828241374,0.6770334928229665,0.6596491228070175,0.0038053981282435423,-0.04608111187058561,-0.028696741854636554,5748,22.453125,5.61328125,3.0,0.5,hard_label_fallback_missing_teacher_rows:300,18,0,0,0,6,0,6,4,2,,not_available_tensorflow_import_failed,not_available_tensorflow_import_failed,high,LDX4_D1_Wide_Attention_Distill_T3_A050; PyTorch implementation; TensorFlow available=False
LDX4_D1_Wide_Attention_Distill_T3_A050_E1_BITS_TO_BITS_seed43_lr0.0005,E1_BITS_TO_BITS,E1_BITS_TO_BITS,LDX4_D1_Wide_Attention_Distill_T3_A050,43,0.0005,25,0.7549549549549549,0.861583411693573,0.84,0.8055555555555556,0.8,1.0,0.72,36,0.8777348777348778,0.8322981366459627,0.8659932659932661,-0.037734877734877825,0.0077018633540372194,-0.025993265993266124,5748,22.453125,5.61328125,3.0,0.5,hard_label_fallback_missing_teacher_rows:172,14,0,4,0,6,0,3,0,9,,not_available_tensorflow_import_failed,not_available_tensorflow_import_failed,high,LDX4_D1_Wide_Attention_Distill_T3_A050; PyTorch implementation; TensorFlow available=False
LDX4_D1_Wide_Attention_Distill_T3_A050_E2_WEDA_TO_WEDA_seed43_lr0.0005,E2_WEDA_TO_WEDA,E2_WEDA_TO_WEDA,LDX4_D1_Wide_Attention_Distill_T3_A050,43,0.0005,19,0.5888888888888889,1.4652773141860962,0.5318840579710145,0.56,0.4,0.6956521739130435,0.5,25,0.6071428571428571,0.8773809523809524,0.6004357298474946,-0.07525879917184264,-0.3454968944099379,-0.06855167187648015,5748,22.453125,5.61328125,3.0,0.5,hard_label_fallback_missing_teacher_rows:300,3,5,1,0,8,1,3,1,3,,not_available_tensorflow_import_failed,not_available_tensorflow_import_failed,high,LDX4_D1_Wide_Attention_Distill_T3_A050; PyTorch implementation; TensorFlow available=False
LDX4_D1_Wide_Attention_Distill_T3_A050_E3_BITS_WEDA_MIXED_seed43_lr0.0005,E3_BITS_WEDA_MIXED,E3_BITS_WEDA_MIXED,LDX4_D1_Wide_Attention_Distill_T3_A050,43,0.0005,13,0.6475184862281637,1.1598891019821167,0.5670426065162907,0.6065573770491803,0.6785714285714286,0.7368421052631579,0.2857142857142857,61,0.8966626725247414,0.8196649029982362,0.802435064935065,-0.32962006600845073,-0.25262229648194556,-0.23539245841877432,5748,22.453125,5.61328125,3.0,0.5,hard_label_fallback_missing_teacher_rows:472,19,4,4,0,14,1,10,5,4,,not_available_tensorflow_import_failed,not_available_tensorflow_import_failed,high,LDX4_D1_Wide_Attention_Distill_T3_A050; PyTorch implementation; TensorFlow available=False
LDX4_D1_Wide_Attention_Distill_T3_A050_E3_BITS_WEDA_MIXED_seed43_lr0.0005,E6_E3_MIXED_TEST_BITS,E3_BITS_WEDA_MIXED,LDX4_D1_Wide_Attention_Distill_T3_A050,43,0.0005,13,0.6475184862281637,1.1598891019821167,0.6409745293466224,0.7222222222222222,0.8372093023255814,0.8,0.2857142857142857,36,0.9350469350469351,0.7830568124685771,0.8320946364424625,-0.2940724057003128,-0.1420822831219547,-0.19112010709584015,5748,22.453125,5.61328125,3.0,0.5,hard_label_fallback_missing_teacher_rows:472,18,0,0,0,6,0,7,3,2,,not_available_tensorflow_import_failed,not_available_tensorflow_import_failed,high,LDX4_D1_Wide_Attention_Distill_T3_A050; PyTorch implementation; TensorFlow available=False
LDX4_D1_Wide_Attention_Distill_T3_A050_E3_BITS_WEDA_MIXED_seed43_lr0.0005,E7_E3_MIXED_TEST_WEDA,E3_BITS_WEDA_MIXED,LDX4_D1_Wide_Attention_Distill_T3_A050,43,0.0005,13,0.6475184862281637,1.1598891019821167,0.378404204491161,0.44,0.15384615384615385,0.6956521739130435,0.2857142857142857,25,0.8390350877192981,0.8846903583745688,0.7930283224400871,-0.4606308832281371,-0.5062861538834078,-0.4146241179489261,5748,22.453125,5.61328125,3.0,0.5,hard_label_fallback_missing_teacher_rows:472,1,4,4,0,8,1,3,2,2,,not_available_tensorflow_import_failed,not_available_tensorflow_import_failed,high,LDX4_D1_Wide_Attention_Distill_T3_A050; PyTorch implementation; TensorFlow available=False
LDX4_D1_Wide_Attention_Distill_T3_A050_E4_BITS_TO_WEDA_seed43_lr0.0005,E4_BITS_TO_WEDA,E4_BITS_TO_WEDA,LDX4_D1_Wide_Attention_Distill_T3_A050,43,0.0005,25,0.7549549549549549,0.861583411693573,0.23205456095481672,0.24,0.2608695652173913,0.2,0.23529411764705882,25,0.3876262626262626,0.1777777777777777,0.3668261562998405,-0.15557170167144588,0.05427678317703902,-0.13477159534502378,5748,22.453125,5.61328125,3.0,0.5,hard_label_fallback_missing_teacher_rows:172,3,0,6,6,1,2,5,0,2,,not_available_tensorflow_import_failed,not_available_tensorflow_import_failed,high,LDX4_D1_Wide_Attention_Distill_T3_A050; PyTorch implementation; TensorFlow available=False
LDX4_D1_Wide_Attention_Distill_T3_A050_E5_WEDA_TO_BITS_seed43_lr0.0005,E5_WEDA_TO_BITS,E5_WEDA_TO_BITS,LDX4_D1_Wide_Attention_Distill_T3_A050,43,0.0005,19,0.5888888888888889,1.4652773141860962,0.6624183006535947,0.7222222222222222,0.85,0.6666666666666666,0.47058823529411764,36,0.6271469828241374,0.6770334928229665,0.6596491228070175,0.03527131782945736,-0.014615192169371793,0.0027691778465772643,5748,22.453125,5.61328125,3.0,0.5,hard_label_fallback_missing_teacher_rows:300,17,1,0,0,5,1,5,3,4,,not_available_tensorflow_import_failed,not_available_tensorflow_import_failed,high,LDX4_D1_Wide_Attention_Distill_T3_A050; PyTorch implementation; TensorFlow available=False
LDX4_D1_Wide_Attention_Distill_T3_A050_E1_BITS_TO_BITS_seed44_lr0.001,E1_BITS_TO_BITS,E1_BITS_TO_BITS,LDX4_D1_Wide_Attention_Distill_T3_A050,44,0.001,16,0.8138998682476943,0.39250004291534424,0.7962247962247962,0.8055555555555556,0.8648648648648649,0.8571428571428571,0.6666666666666666,36,0.8777348777348778,0.8322981366459627,0.8659932659932661,-0.08151008151008154,-0.0360733404211665,-0.06976846976846984,5748,22.453125,5.61328125,3.0,0.5,hard_label_fallback_missing_teacher_rows:172,16,0,2,0,6,0,3,2,7,,not_available_tensorflow_import_failed,not_available_tensorflow_import_failed,high,LDX4_D1_Wide_Attention_Distill_T3_A050; PyTorch implementation; TensorFlow available=False
LDX4_D1_Wide_Attention_Distill_T3_A050_E2_WEDA_TO_WEDA_seed44_lr0.001,E2_WEDA_TO_WEDA,E2_WEDA_TO_WEDA,LDX4_D1_Wide_Attention_Distill_T3_A050,44,0.001,7,0.8222222222222223,0.49886980652809143,0.6578947368421052,0.68,0.631578947368421,0.8421052631578947,0.5,25,0.6071428571428571,0.8773809523809524,0.6004357298474946,0.050751879699248104,-0.21948621553884717,0.057459006994610595,5748,22.453125,5.61328125,3.0,0.5,hard_label_fallback_missing_teacher_rows:300,6,2,1,0,8,1,4,0,3,,not_available_tensorflow_import_failed,not_available_tensorflow_import_failed,high,LDX4_D1_Wide_Attention_Distill_T3_A050; PyTorch implementation; TensorFlow available=False
LDX4_D1_Wide_Attention_Distill_T3_A050_E3_BITS_WEDA_MIXED_seed44_lr0.001,E3_BITS_WEDA_MIXED,E3_BITS_WEDA_MIXED,LDX4_D1_Wide_Attention_Distill_T3_A050,44,0.001,14,0.7622655122655123,1.191772222518921,0.5972531671456403,0.6065573770491803,0.7037037037037037,0.7096774193548387,0.3783783783783784,61,0.8966626725247414,0.8196649029982362,0.802435064935065,-0.29940950537910116,-0.222411735852596,-0.20518189778942475,5748,22.453125,5.61328125,3.0,0.5,hard_label_fallback_missing_teacher_rows:472,19,0,8,1,11,3,7,5,7,,not_available_tensorflow_import_failed,not_available_tensorflow_import_failed,high,LDX4_D1_Wide_Attention_Distill_T3_A050; PyTorch implementation; TensorFlow available=False
LDX4_D1_Wide_Attention_Distill_T3_A050_E3_BITS_WEDA_MIXED_seed44_lr0.001,E6_E3_MIXED_TEST_BITS,E3_BITS_WEDA_MIXED,LDX4_D1_Wide_Attention_Distill_T3_A050,44,0.001,14,0.7622655122655123,1.191772222518921,0.7424501424501425,0.7777777777777778,0.8717948717948718,0.8,0.5555555555555556,36,0.9350469350469351,0.7830568124685771,0.8320946364424625,-0.19259679259679263,-0.04060667001843454,-0.08964449399232,5748,22.453125,5.61328125,3.0,0.5,hard_label_fallback_missing_teacher_rows:472,17,0,1,0,6,0,4,3,5,,not_available_tensorflow_import_failed,not_available_tensorflow_import_failed,high,LDX4_D1_Wide_Attention_Distill_T3_A050; PyTorch implementation; TensorFlow available=False
LDX4_D1_Wide_Attention_Distill_T3_A050_E3_BITS_WEDA_MIXED_seed44_lr0.001,E7_E3_MIXED_TEST_WEDA,E3_BITS_WEDA_MIXED,LDX4_D1_Wide_Attention_Distill_T3_A050,44,0.001,14,0.7622655122655123,1.191772222518921,0.36739766081871345,0.36,0.26666666666666666,0.625,0.21052631578947367,25,0.8390350877192981,0.8846903583745688,0.7930283224400871,-0.4716374269005847,-0.5172926975558554,-0.4256306616213737,5748,22.453125,5.61328125,3.0,0.5,hard_label_fallback_missing_teacher_rows:472,2,0,7,1,5,3,3,2,2,,not_available_tensorflow_import_failed,not_available_tensorflow_import_failed,high,LDX4_D1_Wide_Attention_Distill_T3_A050; PyTorch implementation; TensorFlow available=False
LDX4_D1_Wide_Attention_Distill_T3_A050_E4_BITS_TO_WEDA_seed44_lr0.001,E4_BITS_TO_WEDA,E4_BITS_TO_WEDA,LDX4_D1_Wide_Attention_Distill_T3_A050,44,0.001,16,0.8138998682476943,0.39250004291534424,0.20460358056265984,0.24,0.35294117647058826,0.0,0.2608695652173913,25,0.3876262626262626,0.1777777777777777,0.3668261562998405,-0.18302268206360275,0.02682580278488214,-0.16222257573718066,5748,22.453125,5.61328125,3.0,0.5,hard_label_fallback_missing_teacher_rows:172,3,0,6,2,0,7,3,1,3,,not_available_tensorflow_import_failed,not_available_tensorflow_import_failed,high,LDX4_D1_Wide_Attention_Distill_T3_A050; PyTorch implementation; TensorFlow available=False
LDX4_D1_Wide_Attention_Distill_T3_A050_E5_WEDA_TO_BITS_seed44_lr0.001,E5_WEDA_TO_BITS,E5_WEDA_TO_BITS,LDX4_D1_Wide_Attention_Distill_T3_A050,44,0.001,7,0.8222222222222223,0.49886980652809143,0.651950388792494,0.6944444444444444,0.8205128205128205,0.7142857142857143,0.42105263157894735,36,0.6271469828241374,0.6770334928229665,0.6596491228070175,0.024803405968356618,-0.025083104030472536,-0.007698734014523478,5748,22.453125,5.61328125,3.0,0.5,hard_label_fallback_missing_teacher_rows:300,16,0,2,0,5,1,5,3,4,,not_available_tensorflow_import_failed,not_available_tensorflow_import_failed,high,LDX4_D1_Wide_Attention_Distill_T3_A050; PyTorch implementation; TensorFlow available=False
LDX4_D1_Wide_Attention_Distill_T3_A050_E1_BITS_TO_BITS_seed44_lr0.0005,E1_BITS_TO_BITS,E1_BITS_TO_BITS,LDX4_D1_Wide_Attention_Distill_T3_A050,44,0.0005,12,0.7754385964912279,0.551708459854126,0.6989872872225814,0.75,0.8571428571428571,0.7692307692307693,0.47058823529411764,36,0.8777348777348778,0.8322981366459627,0.8659932659932661,-0.17874759051229638,-0.13331084942338134,-0.16700597877068468,5748,22.453125,5.61328125,3.0,0.5,hard_label_fallback_missing_teacher_rows:172,18,0,0,0,5,1,6,2,4,,not_available_tensorflow_import_failed,not_available_tensorflow_import_failed,high,LDX4_D1_Wide_Attention_Distill_T3_A050; PyTorch implementation; TensorFlow available=False
LDX4_D1_Wide_Attention_Distill_T3_A050_E2_WEDA_TO_WEDA_seed44_lr0.0005,E2_WEDA_TO_WEDA,E2_WEDA_TO_WEDA,LDX4_D1_Wide_Attention_Distill_T3_A050,44,0.0005,10,0.7090909090909091,0.6043356657028198,0.6397271952259165,0.68,0.6956521739130435,0.8235294117647058,0.4,25,0.6071428571428571,0.8773809523809524,0.6004357298474946,0.03258433808305938,-0.2376537571550359,0.039291465378421875,5748,22.453125,5.61328125,3.0,0.5,hard_label_fallback_missing_teacher_rows:300,8,1,0,1,7,1,5,0,2,,not_available_tensorflow_import_failed,not_available_tensorflow_import_failed,high,LDX4_D1_Wide_Attention_Distill_T3_A050; PyTorch implementation; TensorFlow available=False
LDX4_D1_Wide_Attention_Distill_T3_A050_E3_BITS_WEDA_MIXED_seed44_lr0.0005,E3_BITS_WEDA_MIXED,E3_BITS_WEDA_MIXED,LDX4_D1_Wide_Attention_Distill_T3_A050,44,0.0005,13,0.7242158426368953,1.0960334539413452,0.6017316017316017,0.6229508196721312,0.7142857142857143,0.7878787878787878,0.30303030303030304,61,0.8966626725247414,0.8196649029982362,0.802435064935065,-0.29493107079313974,-0.21793330126663457,-0.20070346320346333,5748,22.453125,5.61328125,3.0,0.5,hard_label_fallback_missing_teacher_rows:472,20,0,7,0,13,2,9,5,5,,not_available_tensorflow_import_failed,not_available_tensorflow_import_failed,high,LDX4_D1_Wide_Attention_Distill_T3_A050; PyTorch implementation; TensorFlow available=False
LDX4_D1_Wide_Attention_Distill_T3_A050_E3_BITS_WEDA_MIXED_seed44_lr0.0005,E6_E3_MIXED_TEST_BITS,E3_BITS_WEDA_MIXED,LDX4_D1_Wide_Attention_Distill_T3_A050,44,0.0005,13,0.7242158426368953,1.0960334539413452,0.6857142857142856,0.75,0.8571428571428571,0.8,0.4,36,0.9350469350469351,0.7830568124685771,0.8320946364424625,-0.24933264933264954,-0.09734252675429145,-0.1463803507281769,5748,22.453125,5.61328125,3.0,0.5,hard_label_fallback_missing_teacher_rows:472,18,0,0,0,6,0,6,3,3,,not_available_tensorflow_import_failed,not_available_tensorflow_import_failed,high,LDX4_D1_Wide_Attention_Distill_T3_A050; PyTorch implementation; TensorFlow available=False
LDX4_D1_Wide_Attention_Distill_T3_A050_E3_BITS_WEDA_MIXED_seed44_lr0.0005,E7_E3_MIXED_TEST_WEDA,E3_BITS_WEDA_MIXED,LDX4_D1_Wide_Attention_Distill_T3_A050,44,0.0005,13,0.7242158426368953,1.0960334539413452,0.42857142857142855,0.44,0.2857142857142857,0.7777777777777778,0.2222222222222222,25,0.8390350877192981,0.8846903583745688,0.7930283224400871,-0.4104636591478696,-0.4561189298031402,-0.3644568938686586,5748,22.453125,5.61328125,3.0,0.5,hard_label_fallback_missing_teacher_rows:472,2,0,7,0,7,2,3,2,2,,not_available_tensorflow_import_failed,not_available_tensorflow_import_failed,high,LDX4_D1_Wide_Attention_Distill_T3_A050; PyTorch implementation; TensorFlow available=False
LDX4_D1_Wide_Attention_Distill_T3_A050_E4_BITS_TO_WEDA_seed44_lr0.0005,E4_BITS_TO_WEDA,E4_BITS_TO_WEDA,LDX4_D1_Wide_Attention_Distill_T3_A050,44,0.0005,12,0.7754385964912279,0.551708459854126,0.12121212121212122,0.16,0.36363636363636365,0.0,0.0,25,0.3876262626262626,0.1777777777777777,0.3668261562998405,-0.2664141414141414,-0.056565656565656486,-0.24561403508771928,5748,22.453125,5.61328125,3.0,0.5,hard_label_fallback_missing_teacher_rows:172,4,0,5,4,0,5,5,2,0,,not_available_tensorflow_import_failed,not_available_tensorflow_import_failed,high,LDX4_D1_Wide_Attention_Distill_T3_A050; PyTorch implementation; TensorFlow available=False
LDX4_D1_Wide_Attention_Distill_T3_A050_E5_WEDA_TO_BITS_seed44_lr0.0005,E5_WEDA_TO_BITS,E5_WEDA_TO_BITS,LDX4_D1_Wide_Attention_Distill_T3_A050,44,0.0005,10,0.7090909090909091,0.6043356657028198,0.5534008475184946,0.6388888888888888,0.8095238095238095,0.6153846153846154,0.23529411764705882,36,0.6271469828241374,0.6770334928229665,0.6596491228070175,-0.07374613530564278,-0.12363264530447193,-0.10624827528852288,5748,22.453125,5.61328125,3.0,0.5,hard_label_fallback_missing_teacher_rows:300,17,0,1,0,4,2,7,3,2,,not_available_tensorflow_import_failed,not_available_tensorflow_import_failed,high,LDX4_D1_Wide_Attention_Distill_T3_A050; PyTorch implementation; TensorFlow available=False
LDX4_D1_Wide_Attention_Distill_T2_A070_E1_BITS_TO_BITS_seed42_lr0.001,E1_BITS_TO_BITS,E1_BITS_TO_BITS,LDX4_D1_Wide_Attention_Distill_T2_A070,42,0.001,10,0.7668326220957798,0.6039471626281738,0.7424501424501425,0.7777777777777778,0.8717948717948718,0.8,0.5555555555555556,36,0.8777348777348778,0.8322981366459627,0.8659932659932661,-0.13528473528473528,-0.08984799419582024,-0.12354312354312358,5748,22.453125,5.61328125,2.0,0.7,hard_label_fallback_missing_teacher_rows:172,17,0,1,0,6,0,4,3,5,,not_available_tensorflow_import_failed,not_available_tensorflow_import_failed,high,LDX4_D1_Wide_Attention_Distill_T2_A070; PyTorch implementation; TensorFlow available=False
LDX4_D1_Wide_Attention_Distill_T2_A070_E2_WEDA_TO_WEDA_seed42_lr0.001,E2_WEDA_TO_WEDA,E2_WEDA_TO_WEDA,LDX4_D1_Wide_Attention_Distill_T2_A070,42,0.001,12,0.8741228070175439,0.7330229878425598,0.5750000000000001,0.6,0.375,0.75,0.6,25,0.6071428571428571,0.8773809523809524,0.6004357298474946,-0.03214285714285703,-0.3023809523809523,-0.025435729847494537,5748,22.453125,5.61328125,2.0,0.7,hard_label_fallback_missing_teacher_rows:300,3,6,0,0,9,0,4,0,3,,not_available_tensorflow_import_failed,not_available_tensorflow_import_failed,high,LDX4_D1_Wide_Attention_Distill_T2_A070; PyTorch implementation; TensorFlow available=False
LDX4_D1_Wide_Attention_Distill_T2_A070_E3_BITS_WEDA_MIXED_seed42_lr0.001,E3_BITS_WEDA_MIXED,E3_BITS_WEDA_MIXED,LDX4_D1_Wide_Attention_Distill_T2_A070,42,0.001,7,0.8243589743589744,0.6849697232246399,0.6206983805668016,0.6229508196721312,0.6153846153846154,0.6842105263157895,0.5625,61,0.8966626725247414,0.8196649029982362,0.802435064935065,-0.2759642919579398,-0.19896652243143464,-0.1817366843682634,5748,22.453125,5.61328125,2.0,0.7,hard_label_fallback_missing_teacher_rows:472,16,8,3,1,13,1,8,2,9,,not_available_tensorflow_import_failed,not_available_tensorflow_import_failed,high,LDX4_D1_Wide_Attention_Distill_T2_A070; PyTorch implementation; TensorFlow available=False
LDX4_D1_Wide_Attention_Distill_T2_A070_E3_BITS_WEDA_MIXED_seed42_lr0.001,E6_E3_MIXED_TEST_BITS,E3_BITS_WEDA_MIXED,LDX4_D1_Wide_Attention_Distill_T2_A070,42,0.001,7,0.8243589743589744,0.6849697232246399,0.8033126293995858,0.8055555555555556,0.8571428571428571,0.8571428571428571,0.6956521739130435,36,0.9350469350469351,0.7830568124685771,0.8320946364424625,-0.13173430564734934,0.020255816931008752,-0.0287820070428767,5748,22.453125,5.61328125,2.0,0.7,hard_label_fallback_missing_teacher_rows:472,15,0,3,0,6,0,2,2,8,,not_available_tensorflow_import_failed,not_available_tensorflow_import_failed,high,LDX4_D1_Wide_Attention_Distill_T2_A070; PyTorch implementation; TensorFlow available=False
LDX4_D1_Wide_Attention_Distill_T2_A070_E3_BITS_WEDA_MIXED_seed42_lr0.001,E7_E3_MIXED_TEST_WEDA,E3_BITS_WEDA_MIXED,LDX4_D1_Wide_Attention_Distill_T2_A070,42,0.001,7,0.8243589743589744,0.6849697232246399,0.3077342047930283,0.36,0.11764705882352941,0.5833333333333334,0.2222222222222222,25,0.8390350877192981,0.8846903583745688,0.7930283224400871,-0.5313008829262698,-0.5769561535815404,-0.4852941176470588,5748,22.453125,5.61328125,2.0,0.7,hard_label_fallback_missing_teacher_rows:472,1,8,0,1,7,1,6,0,1,,not_available_tensorflow_import_failed,not_available_tensorflow_import_failed,high,LDX4_D1_Wide_Attention_Distill_T2_A070; PyTorch implementation; TensorFlow available=False
LDX4_D1_Wide_Attention_Distill_T2_A070_E4_BITS_TO_WEDA_seed42_lr0.001,E4_BITS_TO_WEDA,E4_BITS_TO_WEDA,LDX4_D1_Wide_Attention_Distill_T2_A070,42,0.001,10,0.7668326220957798,0.6039471626281738,0.20958605664488017,0.2,0.1111111111111111,0.4,0.11764705882352941,25,0.3876262626262626,0.1777777777777777,0.3668261562998405,-0.17804020598138243,0.03180827886710247,-0.15724009965496033,5748,22.453125,5.61328125,2.0,0.7,hard_label_fallback_missing_teacher_rows:172,1,2,6,3,3,3,5,1,1,,not_available_tensorflow_import_failed,not_available_tensorflow_import_failed,high,LDX4_D1_Wide_Attention_Distill_T2_A070; PyTorch implementation; TensorFlow available=False
LDX4_D1_Wide_Attention_Distill_T2_A070_E5_WEDA_TO_BITS_seed42_lr0.001,E5_WEDA_TO_BITS,E5_WEDA_TO_BITS,LDX4_D1_Wide_Attention_Distill_T2_A070,42,0.001,12,0.8741228070175439,0.7330229878425598,0.6459592801056215,0.7222222222222222,0.8780487804878049,0.6153846153846154,0.4444444444444444,36,0.6271469828241374,0.6770334928229665,0.6596491228070175,0.018812297281484147,-0.031074212717345007,-0.013689842701395949,5748,22.453125,5.61328125,2.0,0.7,hard_label_fallback_missing_teacher_rows:300,18,0,0,0,4,2,5,3,4,,not_available_tensorflow_import_failed,not_available_tensorflow_import_failed,high,LDX4_D1_Wide_Attention_Distill_T2_A070; PyTorch implementation; TensorFlow available=False
LDX4_D1_Wide_Attention_Distill_T2_A070_E1_BITS_TO_BITS_seed42_lr0.0005,E1_BITS_TO_BITS,E1_BITS_TO_BITS,LDX4_D1_Wide_Attention_Distill_T2_A070,42,0.0005,13,0.7668326220957798,0.5724962949752808,0.6695767195767196,0.7222222222222222,0.85,0.7142857142857143,0.4444444444444444,36,0.8777348777348778,0.8322981366459627,0.8659932659932661,-0.2081581581581582,-0.16272141706924315,-0.1964165464165465,5748,22.453125,5.61328125,2.0,0.7,hard_label_fallback_missing_teacher_rows:172,17,0,1,0,5,1,5,3,4,,not_available_tensorflow_import_failed,not_available_tensorflow_import_failed,high,LDX4_D1_Wide_Attention_Distill_T2_A070; PyTorch implementation; TensorFlow available=False
LDX4_D1_Wide_Attention_Distill_T2_A070_E2_WEDA_TO_WEDA_seed42_lr0.0005,E2_WEDA_TO_WEDA,E2_WEDA_TO_WEDA,LDX4_D1_Wide_Attention_Distill_T2_A070,42,0.0005,18,0.8297619047619048,0.9013506174087524,0.47148148148148145,0.52,0.25,0.72,0.4444444444444444,25,0.6071428571428571,0.8773809523809524,0.6004357298474946,-0.13566137566137565,-0.4058994708994709,-0.12895424836601316,5748,22.453125,5.61328125,2.0,0.7,hard_label_fallback_missing_teacher_rows:300,2,7,0,0,9,0,5,0,2,,not_available_tensorflow_import_failed,not_available_tensorflow_import_failed,high,LDX4_D1_Wide_Attention_Distill_T2_A070; PyTorch implementation; TensorFlow available=False
LDX4_D1_Wide_Attention_Distill_T2_A070_E3_BITS_WEDA_MIXED_seed42_lr0.0005,E3_BITS_WEDA_MIXED,E3_BITS_WEDA_MIXED,LDX4_D1_Wide_Attention_Distill_T2_A070,42,0.0005,11,0.8146496249944525,0.8069966435432434,0.6036887089518669,0.6229508196721312,0.631578947368421,0.717948717948718,0.46153846153846156,61,0.8966626725247414,0.8196649029982362,0.802435064935065,-0.29297396357287453,-0.21597619404636936,-0.19874635598319812,5748,22.453125,5.61328125,2.0,0.7,hard_label_fallback_missing_teacher_rows:472,18,8,1,1,14,0,11,2,6,,not_available_tensorflow_import_failed,not_available_tensorflow_import_failed,high,LDX4_D1_Wide_Attention_Distill_T2_A070; PyTorch implementation; TensorFlow available=False
LDX4_D1_Wide_Attention_Distill_T2_A070_E3_BITS_WEDA_MIXED_seed42_lr0.0005,E6_E3_MIXED_TEST_BITS,E3_BITS_WEDA_MIXED,LDX4_D1_Wide_Attention_Distill_T2_A070,42,0.0005,11,0.8146496249944525,0.8069966435432434,0.7189997950399672,0.75,0.8292682926829268,0.8571428571428571,0.47058823529411764,36,0.9350469350469351,0.7830568124685771,0.8320946364424625,-0.2160471400069679,-0.06405701742860981,-0.11309484140249526,5748,22.453125,5.61328125,2.0,0.7,hard_label_fallback_missing_teacher_rows:472,17,0,1,0,6,0,6,2,4,,not_available_tensorflow_import_failed,not_available_tensorflow_import_failed,high,LDX4_D1_Wide_Attention_Distill_T2_A070; PyTorch implementation; TensorFlow available=False
LDX4_D1_Wide_Attention_Distill_T2_A070_E3_BITS_WEDA_MIXED_seed42_lr0.0005,E7_E3_MIXED_TEST_WEDA,E3_BITS_WEDA_MIXED,LDX4_D1_Wide_Attention_Distill_T2_A070,42,0.0005,11,0.8146496249944525,0.8069966435432434,0.4031481481481481,0.44,0.125,0.64,0.4444444444444444,25,0.8390350877192981,0.8846903583745688,0.7930283224400871,-0.43588693957115004,-0.4815422102264207,-0.38988017429193905,5748,22.453125,5.61328125,2.0,0.7,hard_label_fallback_missing_teacher_rows:472,1,8,0,1,8,0,5,0,2,,not_available_tensorflow_import_failed,not_available_tensorflow_import_failed,high,LDX4_D1_Wide_Attention_Distill_T2_A070; PyTorch implementation; TensorFlow available=False
LDX4_D1_Wide_Attention_Distill_T2_A070_E4_BITS_TO_WEDA_seed42_lr0.0005,E4_BITS_TO_WEDA,E4_BITS_TO_WEDA,LDX4_D1_Wide_Attention_Distill_T2_A070,42,0.0005,13,0.7668326220957798,0.5724962949752808,0.1657329598506069,0.16,0.09523809523809523,0.16666666666666666,0.23529411764705882,25,0.3876262626262626,0.1777777777777777,0.3668261562998405,-0.2218933027756557,-0.012044817927170798,-0.2010931964492336,5748,22.453125,5.61328125,2.0,0.7,hard_label_fallback_missing_teacher_rows:172,1,2,6,6,1,2,5,0,2,,not_available_tensorflow_import_failed,not_available_tensorflow_import_failed,high,LDX4_D1_Wide_Attention_Distill_T2_A070; PyTorch implementation; TensorFlow available=False
LDX4_D1_Wide_Attention_Distill_T2_A070_E5_WEDA_TO_BITS_seed42_lr0.0005,E5_WEDA_TO_BITS,E5_WEDA_TO_BITS,LDX4_D1_Wide_Attention_Distill_T2_A070,42,0.0005,18,0.8297619047619048,0.9013506174087524,0.6194206446348429,0.6944444444444444,0.8372093023255814,0.6,0.42105263157894735,36,0.6271469828241374,0.6770334928229665,0.6596491228070175,-0.007726338189294468,-0.05761284818812362,-0.040228478172174564,5748,22.453125,5.61328125,2.0,0.7,hard_label_fallback_missing_teacher_rows:300,18,0,0,0,3,3,7,1,4,,not_available_tensorflow_import_failed,not_available_tensorflow_import_failed,high,LDX4_D1_Wide_Attention_Distill_T2_A070; PyTorch implementation; TensorFlow available=False
LDX4_D1_Wide_Attention_Distill_T2_A070_E1_BITS_TO_BITS_seed43_lr0.001,E1_BITS_TO_BITS,E1_BITS_TO_BITS,LDX4_D1_Wide_Attention_Distill_T2_A070,43,0.001,29,0.8732563732563733,0.6118957996368408,0.8642533936651584,0.8333333333333334,0.8235294117647058,1.0,0.7692307692307693,36,0.8777348777348778,0.8322981366459627,0.8659932659932661,-0.013481484069719385,0.03195525701919566,-0.0017398723281076833,5748,22.453125,5.61328125,2.0,0.7,hard_label_fallback_missing_teacher_rows:172,14,0,4,0,6,0,2,0,10,,not_available_tensorflow_import_failed,not_available_tensorflow_import_failed,high,LDX4_D1_Wide_Attention_Distill_T2_A070; PyTorch implementation; TensorFlow available=False
LDX4_D1_Wide_Attention_Distill_T2_A070_E2_WEDA_TO_WEDA_seed43_lr0.001,E2_WEDA_TO_WEDA,E2_WEDA_TO_WEDA,LDX4_D1_Wide_Attention_Distill_T2_A070,43,0.001,12,0.6410818713450293,1.240296483039856,0.6827485380116959,0.68,0.6666666666666666,0.631578947368421,0.75,25,0.6071428571428571,0.8773809523809524,0.6004357298474946,0.07560568086883879,-0.1946324143692565,0.08231280816420128,5748,22.453125,5.61328125,2.0,0.7,hard_label_fallback_missing_teacher_rows:300,5,4,0,0,6,3,1,0,6,,not_available_tensorflow_import_failed,not_available_tensorflow_import_failed,high,LDX4_D1_Wide_Attention_Distill_T2_A070; PyTorch implementation; TensorFlow available=False
LDX4_D1_Wide_Attention_Distill_T2_A070_E3_BITS_WEDA_MIXED_seed43_lr0.001,E3_BITS_WEDA_MIXED,E3_BITS_WEDA_MIXED,LDX4_D1_Wide_Attention_Distill_T2_A070,43,0.001,23,0.7331168831168832,1.920248031616211,0.5924466338259442,0.6229508196721312,0.6896551724137931,0.7428571428571429,0.3448275862068966,61,0.8966626725247414,0.8196649029982362,0.802435064935065,-0.3042160386987972,-0.22721826917229204,-0.2099884311091208,5748,22.453125,5.61328125,2.0,0.7,hard_label_fallback_missing_teacher_rows:472,20,2,5,2,13,0,9,5,5,,not_available_tensorflow_import_failed,not_available_tensorflow_import_failed,high,LDX4_D1_Wide_Attention_Distill_T2_A070; PyTorch implementation; TensorFlow available=False
LDX4_D1_Wide_Attention_Distill_T2_A070_E3_BITS_WEDA_MIXED_seed43_lr0.001,E6_E3_MIXED_TEST_BITS,E3_BITS_WEDA_MIXED,LDX4_D1_Wide_Attention_Distill_T2_A070,43,0.001,23,0.7331168831168832,1.920248031616211,0.6409745293466224,0.7222222222222222,0.8372093023255814,0.8,0.2857142857142857,36,0.9350469350469351,0.7830568124685771,0.8320946364424625,-0.2940724057003128,-0.1420822831219547,-0.19112010709584015,5748,22.453125,5.61328125,2.0,0.7,hard_label_fallback_missing_teacher_rows:472,18,0,0,0,6,0,7,3,2,,not_available_tensorflow_import_failed,not_available_tensorflow_import_failed,high,LDX4_D1_Wide_Attention_Distill_T2_A070; PyTorch implementation; TensorFlow available=False
LDX4_D1_Wide_Attention_Distill_T2_A070_E3_BITS_WEDA_MIXED_seed43_lr0.001,E7_E3_MIXED_TEST_WEDA,E3_BITS_WEDA_MIXED,LDX4_D1_Wide_Attention_Distill_T2_A070,43,0.001,23,0.7331168831168832,1.920248031616211,0.45555555555555555,0.48,0.26666666666666666,0.7,0.4,25,0.8390350877192981,0.8846903583745688,0.7930283224400871,-0.3834795321637426,-0.42913480281901323,-0.3374727668845316,5748,22.453125,5.61328125,2.0,0.7,hard_label_fallback_missing_teacher_rows:472,2,2,5,2,7,0,2,2,3,,not_available_tensorflow_import_failed,not_available_tensorflow_import_failed,high,LDX4_D1_Wide_Attention_Distill_T2_A070; PyTorch implementation; TensorFlow available=False
LDX4_D1_Wide_Attention_Distill_T2_A070_E4_BITS_TO_WEDA_seed43_lr0.001,E4_BITS_TO_WEDA,E4_BITS_TO_WEDA,LDX4_D1_Wide_Attention_Distill_T2_A070,43,0.001,29,0.8732563732563733,0.6118957996368408,0.30277777777777776,0.32,0.3333333333333333,0.2,0.375,25,0.3876262626262626,0.1777777777777777,0.3668261562998405,-0.08484848484848484,0.12500000000000006,-0.06404837852206274,5748,22.453125,5.61328125,2.0,0.7,hard_label_fallback_missing_teacher_rows:172,4,0,5,7,1,1,4,0,3,,not_available_tensorflow_import_failed,not_available_tensorflow_import_failed,high,LDX4_D1_Wide_Attention_Distill_T2_A070; PyTorch implementation; TensorFlow available=False
LDX4_D1_Wide_Attention_Distill_T2_A070_E5_WEDA_TO_BITS_seed43_lr0.001,E5_WEDA_TO_BITS,E5_WEDA_TO_BITS,LDX4_D1_Wide_Attention_Distill_T2_A070,43,0.001,12,0.6410818713450293,1.240296483039856,0.6755050505050505,0.7222222222222222,0.8181818181818182,0.8333333333333334,0.375,36,0.6271469828241374,0.6770334928229665,0.6596491228070175,0.04835806768091311,-0.0015284423179160456,0.015855927698033012,5748,22.453125,5.61328125,2.0,0.7,hard_label_fallback_missing_teacher_rows:300,18,0,0,0,5,1,8,1,3,,not_available_tensorflow_import_failed,not_available_tensorflow_import_failed,high,LDX4_D1_Wide_Attention_Distill_T2_A070; PyTorch implementation; TensorFlow available=False
LDX4_D1_Wide_Attention_Distill_T2_A070_E1_BITS_TO_BITS_seed43_lr0.0005,E1_BITS_TO_BITS,E1_BITS_TO_BITS,LDX4_D1_Wide_Attention_Distill_T2_A070,43,0.0005,11,0.7568197568197568,0.692907452583313,0.8106162843004948,0.8055555555555556,0.8421052631578947,0.9230769230769231,0.6666666666666666,36,0.8777348777348778,0.8322981366459627,0.8659932659932661,-0.06711859343438298,-0.021681852345467933,-0.05537698169277128,5748,22.453125,5.61328125,2.0,0.7,hard_label_fallback_missing_teacher_rows:172,16,0,2,0,6,0,4,1,7,,not_available_tensorflow_import_failed,not_available_tensorflow_import_failed,high,LDX4_D1_Wide_Attention_Distill_T2_A070; PyTorch implementation; TensorFlow available=False
LDX4_D1_Wide_Attention_Distill_T2_A070_E2_WEDA_TO_WEDA_seed43_lr0.0005,E2_WEDA_TO_WEDA,E2_WEDA_TO_WEDA,LDX4_D1_Wide_Attention_Distill_T2_A070,43,0.0005,17,0.6228070175438596,1.254461646080017,0.5387022397891963,0.56,0.375,0.6956521739130435,0.5454545454545454,25,0.6071428571428571,0.8773809523809524,0.6004357298474946,-0.0684406173536608,-0.3386787125917561,-0.06173349005829831,5748,22.453125,5.61328125,2.0,0.7,hard_label_fallback_missing_teacher_rows:300,3,5,1,1,8,0,3,1,3,,not_available_tensorflow_import_failed,not_available_tensorflow_import_failed,high,LDX4_D1_Wide_Attention_Distill_T2_A070; PyTorch implementation; TensorFlow available=False
LDX4_D1_Wide_Attention_Distill_T2_A070_E3_BITS_WEDA_MIXED_seed43_lr0.0005,E3_BITS_WEDA_MIXED,E3_BITS_WEDA_MIXED,LDX4_D1_Wide_Attention_Distill_T2_A070,43,0.0005,14,0.6127450980392157,1.1778573989868164,0.6322140322140323,0.6557377049180327,0.7272727272727273,0.7027027027027027,0.4666666666666667,61,0.8966626725247414,0.8196649029982362,0.802435064935065,-0.26444864031070914,-0.18745087078420397,-0.17022103272103273,5748,22.453125,5.61328125,2.0,0.7,hard_label_fallback_missing_teacher_rows:472,20,4,3,1,13,1,7,5,7,,not_available_tensorflow_import_failed,not_available_tensorflow_import_failed,high,LDX4_D1_Wide_Attention_Distill_T2_A070; PyTorch implementation; TensorFlow available=False
LDX4_D1_Wide_Attention_Distill_T2_A070_E3_BITS_WEDA_MIXED_seed43_lr0.0005,E6_E3_MIXED_TEST_BITS,E3_BITS_WEDA_MIXED,LDX4_D1_Wide_Attention_Distill_T2_A070,43,0.0005,14,0.6127450980392157,1.1778573989868164,0.7260162601626017,0.7777777777777778,0.8780487804878049,0.8,0.5,36,0.9350469350469351,0.7830568124685771,0.8320946364424625,-0.20903067488433347,-0.05704055230597538,-0.10607837627986083,5748,22.453125,5.61328125,2.0,0.7,hard_label_fallback_missing_teacher_rows:472,18,0,0,0,6,0,5,3,4,,not_available_tensorflow_import_failed,not_available_tensorflow_import_failed,high,LDX4_D1_Wide_Attention_Distill_T2_A070; PyTorch implementation; TensorFlow available=False
LDX4_D1_Wide_Attention_Distill_T2_A070_E3_BITS_WEDA_MIXED_seed43_lr0.0005,E7_E3_MIXED_TEST_WEDA,E3_BITS_WEDA_MIXED,LDX4_D1_Wide_Attention_Distill_T2_A070,43,0.0005,14,0.6127450980392157,1.1778573989868164,0.45021645021645024,0.48,0.2857142857142857,0.6363636363636364,0.42857142857142855,25,0.8390350877192981,0.8846903583745688,0.7930283224400871,-0.3888186375028479,-0.43447390815811854,-0.3428118722236369,5748,22.453125,5.61328125,2.0,0.7,hard_label_fallback_missing_teacher_rows:472,2,4,3,1,7,1,2,2,3,,not_available_tensorflow_import_failed,not_available_tensorflow_import_failed,high,LDX4_D1_Wide_Attention_Distill_T2_A070; PyTorch implementation; TensorFlow available=False
LDX4_D1_Wide_Attention_Distill_T2_A070_E4_BITS_TO_WEDA_seed43_lr0.0005,E4_BITS_TO_WEDA,E4_BITS_TO_WEDA,LDX4_D1_Wide_Attention_Distill_T2_A070,43,0.0005,11,0.7568197568197568,0.692907452583313,0.14285714285714285,0.24,0.42857142857142855,0.0,0.0,25,0.3876262626262626,0.1777777777777777,0.3668261562998405,-0.24476911976911975,-0.03492063492063485,-0.22396901344269765,5748,22.453125,5.61328125,2.0,0.7,hard_label_fallback_missing_teacher_rows:172,6,0,3,6,0,3,7,0,0,,not_available_tensorflow_import_failed,not_available_tensorflow_import_failed,high,LDX4_D1_Wide_Attention_Distill_T2_A070; PyTorch implementation; TensorFlow available=False
LDX4_D1_Wide_Attention_Distill_T2_A070_E5_WEDA_TO_BITS_seed43_lr0.0005,E5_WEDA_TO_BITS,E5_WEDA_TO_BITS,LDX4_D1_Wide_Attention_Distill_T2_A070,43,0.0005,17,0.6228070175438596,1.254461646080017,0.6783625730994151,0.7222222222222222,0.8421052631578947,0.6666666666666666,0.5263157894736842,36,0.6271469828241374,0.6770334928229665,0.6596491228070175,0.05121559027527767,0.0013290802764485132,0.01871345029239757,5748,22.453125,5.61328125,2.0,0.7,hard_label_fallback_missing_teacher_rows:300,16,1,1,0,5,1,4,3,5,,not_available_tensorflow_import_failed,not_available_tensorflow_import_failed,high,LDX4_D1_Wide_Attention_Distill_T2_A070; PyTorch implementation; TensorFlow available=False
LDX4_D1_Wide_Attention_Distill_T2_A070_E1_BITS_TO_BITS_seed44_lr0.001,E1_BITS_TO_BITS,E1_BITS_TO_BITS,LDX4_D1_Wide_Attention_Distill_T2_A070,44,0.001,24,0.8441558441558442,0.5868597030639648,0.7689345314505777,0.75,0.7804878048780488,1.0,0.5263157894736842,36,0.8777348777348778,0.8322981366459627,0.8659932659932661,-0.10880034628430013,-0.06336360519538509,-0.09705873454268843,5748,22.453125,5.61328125,2.0,0.7,hard_label_fallback_missing_teacher_rows:172,16,0,2,0,6,0,7,0,5,,not_available_tensorflow_import_failed,not_available_tensorflow_import_failed,high,LDX4_D1_Wide_Attention_Distill_T2_A070; PyTorch implementation; TensorFlow available=False
LDX4_D1_Wide_Attention_Distill_T2_A070_E2_WEDA_TO_WEDA_seed44_lr0.001,E2_WEDA_TO_WEDA,E2_WEDA_TO_WEDA,LDX4_D1_Wide_Attention_Distill_T2_A070,44,0.001,7,0.8222222222222223,0.5470854043960571,0.761283550757235,0.76,0.7368421052631579,0.7777777777777778,0.7692307692307693,25,0.6071428571428571,0.8773809523809524,0.6004357298474946,0.15414069361437788,-0.1160974016237174,0.16084782090974037,5748,22.453125,5.61328125,2.0,0.7,hard_label_fallback_missing_teacher_rows:300,7,2,0,1,7,1,2,0,5,,not_available_tensorflow_import_failed,not_available_tensorflow_import_failed,high,LDX4_D1_Wide_Attention_Distill_T2_A070; PyTorch implementation; TensorFlow available=False
LDX4_D1_Wide_Attention_Distill_T2_A070_E3_BITS_WEDA_MIXED_seed44_lr0.001,E3_BITS_WEDA_MIXED,E3_BITS_WEDA_MIXED,LDX4_D1_Wide_Attention_Distill_T2_A070,44,0.001,18,0.7280503918352469,1.3776915073394775,0.6742756512493354,0.6885245901639344,0.7368421052631579,0.8484848484848485,0.4375,61,0.8966626725247414,0.8196649029982362,0.802435064935065,-0.222387021275406,-0.14538925174890083,-0.12815941368572958,5748,22.453125,5.61328125,2.0,0.7,hard_label_fallback_missing_teacher_rows:472,21,0,6,1,14,0,8,4,7,,not_available_tensorflow_import_failed,not_available_tensorflow_import_failed,high,LDX4_D1_Wide_Attention_Distill_T2_A070; PyTorch implementation; TensorFlow available=False
LDX4_D1_Wide_Attention_Distill_T2_A070_E3_BITS_WEDA_MIXED_seed44_lr0.001,E6_E3_MIXED_TEST_BITS,E3_BITS_WEDA_MIXED,LDX4_D1_Wide_Attention_Distill_T2_A070,44,0.001,18,0.7280503918352469,1.3776915073394775,0.7542328042328043,0.7777777777777778,0.85,0.8571428571428571,0.5555555555555556,36,0.9350469350469351,0.7830568124685771,0.8320946364424625,-0.1808141308141309,-0.028824008235772802,-0.07786183220965825,5748,22.453125,5.61328125,2.0,0.7,hard_label_fallback_missing_teacher_rows:472,17,0,1,0,6,0,5,2,5,,not_available_tensorflow_import_failed,not_available_tensorflow_import_failed,high,LDX4_D1_Wide_Attention_Distill_T2_A070; PyTorch implementation; TensorFlow available=False
LDX4_D1_Wide_Attention_Distill_T2_A070_E3_BITS_WEDA_MIXED_seed44_lr0.001,E7_E3_MIXED_TEST_WEDA,E3_BITS_WEDA_MIXED,LDX4_D1_Wide_Attention_Distill_T2_A070,44,0.001,18,0.7280503918352469,1.3776915073394775,0.5328025947220993,0.56,0.47058823529411764,0.8421052631578947,0.2857142857142857,25,0.8390350877192981,0.8846903583745688,0.7930283224400871,-0.3062324929971988,-0.35188776365246943,-0.2602257277179878,5748,22.453125,5.61328125,2.0,0.7,hard_label_fallback_missing_teacher_rows:472,4,0,5,1,8,0,3,2,2,,not_available_tensorflow_import_failed,not_available_tensorflow_import_failed,high,LDX4_D1_Wide_Attention_Distill_T2_A070; PyTorch implementation; TensorFlow available=False
LDX4_D1_Wide_Attention_Distill_T2_A070_E4_BITS_TO_WEDA_seed44_lr0.001,E4_BITS_TO_WEDA,E4_BITS_TO_WEDA,LDX4_D1_Wide_Attention_Distill_T2_A070,44,0.001,24,0.8441558441558442,0.5868597030639648,0.16176470588235295,0.2,0.23529411764705882,0.0,0.25,25,0.3876262626262626,0.1777777777777777,0.3668261562998405,-0.22586155674390965,-0.016013071895424752,-0.20506145041748755,5748,22.453125,5.61328125,2.0,0.7,hard_label_fallback_missing_teacher_rows:172,2,0,7,2,0,7,4,0,3,,not_available_tensorflow_import_failed,not_available_tensorflow_import_failed,high,LDX4_D1_Wide_Attention_Distill_T2_A070; PyTorch implementation; TensorFlow available=False
LDX4_D1_Wide_Attention_Distill_T2_A070_E5_WEDA_TO_BITS_seed44_lr0.001,E5_WEDA_TO_BITS,E5_WEDA_TO_BITS,LDX4_D1_Wide_Attention_Distill_T2_A070,44,0.001,7,0.8222222222222223,0.5470854043960571,0.611965811965812,0.6666666666666666,0.8205128205128205,0.6153846153846154,0.4,36,0.6271469828241374,0.6770334928229665,0.6596491228070175,-0.015181170858325377,-0.06506768085715453,-0.04768331084120547,5748,22.453125,5.61328125,2.0,0.7,hard_label_fallback_missing_teacher_rows:300,16,0,2,0,4,2,5,3,4,,not_available_tensorflow_import_failed,not_available_tensorflow_import_failed,high,LDX4_D1_Wide_Attention_Distill_T2_A070; PyTorch implementation; TensorFlow available=False
LDX4_D1_Wide_Attention_Distill_T2_A070_E1_BITS_TO_BITS_seed44_lr0.0005,E1_BITS_TO_BITS,E1_BITS_TO_BITS,LDX4_D1_Wide_Attention_Distill_T2_A070,44,0.0005,17,0.7926683716965046,0.4551834166049957,0.8172932330827067,0.8333333333333334,0.8947368421052632,0.8571428571428571,0.7,36,0.8777348777348778,0.8322981366459627,0.8659932659932661,-0.060441644652171056,-0.015004903563256011,-0.048700032910559354,5748,22.453125,5.61328125,2.0,0.7,hard_label_fallback_missing_teacher_rows:172,17,0,1,0,6,0,3,2,7,,not_available_tensorflow_import_failed,not_available_tensorflow_import_failed,high,LDX4_D1_Wide_Attention_Distill_T2_A070; PyTorch implementation; TensorFlow available=False
LDX4_D1_Wide_Attention_Distill_T2_A070_E2_WEDA_TO_WEDA_seed44_lr0.0005,E2_WEDA_TO_WEDA,E2_WEDA_TO_WEDA,LDX4_D1_Wide_Attention_Distill_T2_A070,44,0.0005,13,0.7691197691197691,0.5531496405601501,0.6283559577677225,0.64,0.6,0.8235294117647058,0.46153846153846156,25,0.6071428571428571,0.8773809523809524,0.6004357298474946,0.021213100624865366,-0.2490249946132299,0.027920227920227858,5748,22.453125,5.61328125,2.0,0.7,hard_label_fallback_missing_teacher_rows:300,6,1,2,1,7,1,4,0,3,,not_available_tensorflow_import_failed,not_available_tensorflow_import_failed,high,LDX4_D1_Wide_Attention_Distill_T2_A070; PyTorch implementation; TensorFlow available=False
LDX4_D1_Wide_Attention_Distill_T2_A070_E3_BITS_WEDA_MIXED_seed44_lr0.0005,E3_BITS_WEDA_MIXED,E3_BITS_WEDA_MIXED,LDX4_D1_Wide_Attention_Distill_T2_A070,44,0.0005,13,0.7125199362041467,0.9965397715568542,0.6124069643806486,0.639344262295082,0.7368421052631579,0.7878787878787878,0.3125,61,0.8966626725247414,0.8196649029982362,0.802435064935065,-0.28425570814409284,-0.20725793861758768,-0.19002810055441643,5748,22.453125,5.61328125,2.0,0.7,hard_label_fallback_missing_teacher_rows:472,21,0,6,0,13,2,9,5,5,,not_available_tensorflow_import_failed,not_available_tensorflow_import_failed,high,LDX4_D1_Wide_Attention_Distill_T2_A070; PyTorch implementation; TensorFlow available=False
LDX4_D1_Wide_Attention_Distill_T2_A070_E3_BITS_WEDA_MIXED_seed44_lr0.0005,E6_E3_MIXED_TEST_BITS,E3_BITS_WEDA_MIXED,LDX4_D1_Wide_Attention_Distill_T2_A070,44,0.0005,13,0.7125199362041467,0.9965397715568542,0.6857142857142856,0.75,0.8571428571428571,0.8,0.4,36,0.9350469350469351,0.7830568124685771,0.8320946364424625,-0.24933264933264954,-0.09734252675429145,-0.1463803507281769,5748,22.453125,5.61328125,2.0,0.7,hard_label_fallback_missing_teacher_rows:472,18,0,0,0,6,0,6,3,3,,not_available_tensorflow_import_failed,not_available_tensorflow_import_failed,high,LDX4_D1_Wide_Attention_Distill_T2_A070; PyTorch implementation; TensorFlow available=False
LDX4_D1_Wide_Attention_Distill_T2_A070_E3_BITS_WEDA_MIXED_seed44_lr0.0005,E7_E3_MIXED_TEST_WEDA,E3_BITS_WEDA_MIXED,LDX4_D1_Wide_Attention_Distill_T2_A070,44,0.0005,13,0.7125199362041467,0.9965397715568542,0.4710239651416122,0.48,0.4,0.7777777777777778,0.23529411764705882,25,0.8390350877192981,0.8846903583745688,0.7930283224400871,-0.3680111225776859,-0.41366639323295656,-0.32200435729847493,5748,22.453125,5.61328125,2.0,0.7,hard_label_fallback_missing_teacher_rows:472,3,0,6,0,7,2,3,2,2,,not_available_tensorflow_import_failed,not_available_tensorflow_import_failed,high,LDX4_D1_Wide_Attention_Distill_T2_A070; PyTorch implementation; TensorFlow available=False
LDX4_D1_Wide_Attention_Distill_T2_A070_E4_BITS_TO_WEDA_seed44_lr0.0005,E4_BITS_TO_WEDA,E4_BITS_TO_WEDA,LDX4_D1_Wide_Attention_Distill_T2_A070,44,0.0005,17,0.7926683716965046,0.4551834166049957,0.09999999999999999,0.12,0.3,0.0,0.0,25,0.3876262626262626,0.1777777777777777,0.3668261562998405,-0.2876262626262626,-0.07777777777777771,-0.2668261562998405,5748,22.453125,5.61328125,2.0,0.7,hard_label_fallback_missing_teacher_rows:172,3,0,6,3,0,6,5,2,0,,not_available_tensorflow_import_failed,not_available_tensorflow_import_failed,high,LDX4_D1_Wide_Attention_Distill_T2_A070; PyTorch implementation; TensorFlow available=False
LDX4_D1_Wide_Attention_Distill_T2_A070_E5_WEDA_TO_BITS_seed44_lr0.0005,E5_WEDA_TO_BITS,E5_WEDA_TO_BITS,LDX4_D1_Wide_Attention_Distill_T2_A070,44,0.0005,13,0.7691197691197691,0.5531496405601501,0.611965811965812,0.6666666666666666,0.8205128205128205,0.6153846153846154,0.4,36,0.6271469828241374,0.6770334928229665,0.6596491228070175,-0.015181170858325377,-0.06506768085715453,-0.04768331084120547,5748,22.453125,5.61328125,2.0,0.7,hard_label_fallback_missing_teacher_rows:300,16,0,2,0,4,2,5,3,4,,not_available_tensorflow_import_failed,not_available_tensorflow_import_failed,high,LDX4_D1_Wide_Attention_Distill_T2_A070; PyTorch implementation; TensorFlow available=False
