window_id,dataset,source_path,source_folder,subject_id,trial_id,activity_id,activity_name,activity,fall_label,direction_label,direction_supervised,start_idx,end_idx,start_time,end_time,sampling_rate,window_size,stride_size,feature_order,source_hz,target_hz,resampling_method,window_rule,original_length,processed_length,fall_interval_start,fall_interval_end,unit_conversion,sensor_position,dataset_name,acc_unit_before,gyro_unit_before,acc_unit_after,gyro_unit_after,conversion_factor_acc,conversion_factor_gyro,unit_harmonized,split,true_fall,pred_fall,fall_prob,true_direction,pred_direction,direction_confidence
w25_00003575,weda,C:\Users\ADMIN\Desktop\ds-fall\data\raw\WEDA-FALL-main\dataset\25Hz\D01\U04_R01_accel.csv,C:\Users\ADMIN\Desktop\ds-fall\data\raw\WEDA-FALL-main\dataset\25Hz,U04,D01_R01,D01,walking,walking,0,none,False,0,50,0.006,1.966,25.0,50,12,"ax,ay,az,gx,gy,gz,acc_mag,gyro_mag,jerk,roll,pitch,tilt_delta",25.0,25.0,raw_25hz_time_aligned_to_uniform_25hz,adl_sliding_capped,491,496,,,dataset_unit_map,wrist,weda,m/s^2,rad/s,m/s^2,rad/s,1.0,1.0,True,test,non_fall,non_fall,3.2462921808473766e-05,none,backward,0.663973331451416
w25_00003576,weda,C:\Users\ADMIN\Desktop\ds-fall\data\raw\WEDA-FALL-main\dataset\25Hz\D01\U04_R01_accel.csv,C:\Users\ADMIN\Desktop\ds-fall\data\raw\WEDA-FALL-main\dataset\25Hz,U04,D01_R01,D01,walking,walking,0,none,False,12,62,0.486,2.4459999999999997,25.0,50,12,"ax,ay,az,gx,gy,gz,acc_mag,gyro_mag,jerk,roll,pitch,tilt_delta",25.0,25.0,raw_25hz_time_aligned_to_uniform_25hz,adl_sliding_capped,491,496,,,dataset_unit_map,wrist,weda,m/s^2,rad/s,m/s^2,rad/s,1.0,1.0,True,test,non_fall,non_fall,0.0030323725659400225,none,forward,0.5259557962417603
w25_00003577,weda,C:\Users\ADMIN\Desktop\ds-fall\data\raw\WEDA-FALL-main\dataset\25Hz\D01\U04_R01_accel.csv,C:\Users\ADMIN\Desktop\ds-fall\data\raw\WEDA-FALL-main\dataset\25Hz,U04,D01_R01,D01,walking,walking,0,none,False,24,74,0.966,2.9259999999999997,25.0,50,12,"ax,ay,az,gx,gy,gz,acc_mag,gyro_mag,jerk,roll,pitch,tilt_delta",25.0,25.0,raw_25hz_time_aligned_to_uniform_25hz,adl_sliding_capped,491,496,,,dataset_unit_map,wrist,weda,m/s^2,rad/s,m/s^2,rad/s,1.0,1.0,True,test,non_fall,non_fall,0.17156946659088135,none,forward,0.942289412021637
w25_00003578,weda,C:\Users\ADMIN\Desktop\ds-fall\data\raw\WEDA-FALL-main\dataset\25Hz\D01\U04_R01_accel.csv,C:\Users\ADMIN\Desktop\ds-fall\data\raw\WEDA-FALL-main\dataset\25Hz,U04,D01_R01,D01,walking,walking,0,none,False,36,86,1.446,3.4059999999999997,25.0,50,12,"ax,ay,az,gx,gy,gz,acc_mag,gyro_mag,jerk,roll,pitch,tilt_delta",25.0,25.0,raw_25hz_time_aligned_to_uniform_25hz,adl_sliding_capped,491,496,,,dataset_unit_map,wrist,weda,m/s^2,rad/s,m/s^2,rad/s,1.0,1.0,True,test,non_fall,non_fall,1.5100536074896809e-05,none,forward,0.9593480229377747
w25_00003579,weda,C:\Users\ADMIN\Desktop\ds-fall\data\raw\WEDA-FALL-main\dataset\25Hz\D01\U04_R01_accel.csv,C:\Users\ADMIN\Desktop\ds-fall\data\raw\WEDA-FALL-main\dataset\25Hz,U04,D01_R01,D01,walking,walking,0,none,False,48,98,1.926,3.8859999999999997,25.0,50,12,"ax,ay,az,gx,gy,gz,acc_mag,gyro_mag,jerk,roll,pitch,tilt_delta",25.0,25.0,raw_25hz_time_aligned_to_uniform_25hz,adl_sliding_capped,491,496,,,dataset_unit_map,wrist,weda,m/s^2,rad/s,m/s^2,rad/s,1.0,1.0,True,test,non_fall,non_fall,6.928991751919966e-06,none,forward,0.9687185883522034
w25_00003645,weda,C:\Users\ADMIN\Desktop\ds-fall\data\raw\WEDA-FALL-main\dataset\25Hz\D01\U24_R01_accel.csv,C:\Users\ADMIN\Desktop\ds-fall\data\raw\WEDA-FALL-main\dataset\25Hz,U24,D01_R01,D01,walking,walking,0,none,False,0,50,0.002,1.962,25.0,50,12,"ax,ay,az,gx,gy,gz,acc_mag,gyro_mag,jerk,roll,pitch,tilt_delta",25.0,25.0,raw_25hz_time_aligned_to_uniform_25hz,adl_sliding_capped,610,615,,,dataset_unit_map,wrist,weda,m/s^2,rad/s,m/s^2,rad/s,1.0,1.0,True,test,non_fall,non_fall,1.1511680213516229e-06,none,forward,0.9894905686378479
w25_00003646,weda,C:\Users\ADMIN\Desktop\ds-fall\data\raw\WEDA-FALL-main\dataset\25Hz\D01\U24_R01_accel.csv,C:\Users\ADMIN\Desktop\ds-fall\data\raw\WEDA-FALL-main\dataset\25Hz,U24,D01_R01,D01,walking,walking,0,none,False,12,62,0.482,2.4419999999999997,25.0,50,12,"ax,ay,az,gx,gy,gz,acc_mag,gyro_mag,jerk,roll,pitch,tilt_delta",25.0,25.0,raw_25hz_time_aligned_to_uniform_25hz,adl_sliding_capped,610,615,,,dataset_unit_map,wrist,weda,m/s^2,rad/s,m/s^2,rad/s,1.0,1.0,True,test,non_fall,non_fall,1.1089675808761967e-06,none,forward,0.9907235503196716
w25_00003647,weda,C:\Users\ADMIN\Desktop\ds-fall\data\raw\WEDA-FALL-main\dataset\25Hz\D01\U24_R01_accel.csv,C:\Users\ADMIN\Desktop\ds-fall\data\raw\WEDA-FALL-main\dataset\25Hz,U24,D01_R01,D01,walking,walking,0,none,False,24,74,0.962,2.9219999999999997,25.0,50,12,"ax,ay,az,gx,gy,gz,acc_mag,gyro_mag,jerk,roll,pitch,tilt_delta",25.0,25.0,raw_25hz_time_aligned_to_uniform_25hz,adl_sliding_capped,610,615,,,dataset_unit_map,wrist,weda,m/s^2,rad/s,m/s^2,rad/s,1.0,1.0,True,test,non_fall,non_fall,9.487548595643602e-07,none,forward,0.9914819002151489
w25_00003648,weda,C:\Users\ADMIN\Desktop\ds-fall\data\raw\WEDA-FALL-main\dataset\25Hz\D01\U24_R01_accel.csv,C:\Users\ADMIN\Desktop\ds-fall\data\raw\WEDA-FALL-main\dataset\25Hz,U24,D01_R01,D01,walking,walking,0,none,False,36,86,1.442,3.4019999999999997,25.0,50,12,"ax,ay,az,gx,gy,gz,acc_mag,gyro_mag,jerk,roll,pitch,tilt_delta",25.0,25.0,raw_25hz_time_aligned_to_uniform_25hz,adl_sliding_capped,610,615,,,dataset_unit_map,wrist,weda,m/s^2,rad/s,m/s^2,rad/s,1.0,1.0,True,test,non_fall,non_fall,1.3876218645236804e-06,none,forward,0.9895231127738953
w25_00003649,weda,C:\Users\ADMIN\Desktop\ds-fall\data\raw\WEDA-FALL-main\dataset\25Hz\D01\U24_R01_accel.csv,C:\Users\ADMIN\Desktop\ds-fall\data\raw\WEDA-FALL-main\dataset\25Hz,U24,D01_R01,D01,walking,walking,0,none,False,48,98,1.922,3.8819999999999997,25.0,50,12,"ax,ay,az,gx,gy,gz,acc_mag,gyro_mag,jerk,roll,pitch,tilt_delta",25.0,25.0,raw_25hz_time_aligned_to_uniform_25hz,adl_sliding_capped,610,615,,,dataset_unit_map,wrist,weda,m/s^2,rad/s,m/s^2,rad/s,1.0,1.0,True,test,non_fall,non_fall,3.3866565445350716e-06,none,forward,0.9791947603225708
w25_00003650,weda,C:\Users\ADMIN\Desktop\ds-fall\data\raw\WEDA-FALL-main\dataset\25Hz\D01\U25_R01_accel.csv,C:\Users\ADMIN\Desktop\ds-fall\data\raw\WEDA-FALL-main\dataset\25Hz,U25,D01_R01,D01,walking,walking,0,none,False,0,50,0.002,1.962,25.0,50,12,"ax,ay,az,gx,gy,gz,acc_mag,gyro_mag,jerk,roll,pitch,tilt_delta",25.0,25.0,raw_25hz_time_aligned_to_uniform_25hz,adl_sliding_capped,456,461,,,dataset_unit_map,wrist,weda,m/s^2,rad/s,m/s^2,rad/s,1.0,1.0,True,test,non_fall,non_fall,2.9865527721995022e-06,none,forward,0.90253084897995
w25_00003651,weda,C:\Users\ADMIN\Desktop\ds-fall\data\raw\WEDA-FALL-main\dataset\25Hz\D01\U25_R01_accel.csv,C:\Users\ADMIN\Desktop\ds-fall\data\raw\WEDA-FALL-main\dataset\25Hz,U25,D01_R01,D01,walking,walking,0,none,False,12,62,0.482,2.4419999999999997,25.0,50,12,"ax,ay,az,gx,gy,gz,acc_mag,gyro_mag,jerk,roll,pitch,tilt_delta",25.0,25.0,raw_25hz_time_aligned_to_uniform_25hz,adl_sliding_capped,456,461,,,dataset_unit_map,wrist,weda,m/s^2,rad/s,m/s^2,rad/s,1.0,1.0,True,test,non_fall,non_fall,5.973608949716436e-06,none,forward,0.9031563401222229
w25_00003652,weda,C:\Users\ADMIN\Desktop\ds-fall\data\raw\WEDA-FALL-main\dataset\25Hz\D01\U25_R01_accel.csv,C:\Users\ADMIN\Desktop\ds-fall\data\raw\WEDA-FALL-main\dataset\25Hz,U25,D01_R01,D01,walking,walking,0,none,False,24,74,0.962,2.9219999999999997,25.0,50,12,"ax,ay,az,gx,gy,gz,acc_mag,gyro_mag,jerk,roll,pitch,tilt_delta",25.0,25.0,raw_25hz_time_aligned_to_uniform_25hz,adl_sliding_capped,456,461,,,dataset_unit_map,wrist,weda,m/s^2,rad/s,m/s^2,rad/s,1.0,1.0,True,test,non_fall,non_fall,4.2043807297886815e-06,none,forward,0.8530728220939636
w25_00003653,weda,C:\Users\ADMIN\Desktop\ds-fall\data\raw\WEDA-FALL-main\dataset\25Hz\D01\U25_R01_accel.csv,C:\Users\ADMIN\Desktop\ds-fall\data\raw\WEDA-FALL-main\dataset\25Hz,U25,D01_R01,D01,walking,walking,0,none,False,36,86,1.442,3.4019999999999997,25.0,50,12,"ax,ay,az,gx,gy,gz,acc_mag,gyro_mag,jerk,roll,pitch,tilt_delta",25.0,25.0,raw_25hz_time_aligned_to_uniform_25hz,adl_sliding_capped,456,461,,,dataset_unit_map,wrist,weda,m/s^2,rad/s,m/s^2,rad/s,1.0,1.0,True,test,non_fall,non_fall,2.5018522137543187e-05,none,forward,0.9811579585075378
w25_00003654,weda,C:\Users\ADMIN\Desktop\ds-fall\data\raw\WEDA-FALL-main\dataset\25Hz\D01\U25_R01_accel.csv,C:\Users\ADMIN\Desktop\ds-fall\data\raw\WEDA-FALL-main\dataset\25Hz,U25,D01_R01,D01,walking,walking,0,none,False,48,98,1.922,3.8819999999999997,25.0,50,12,"ax,ay,az,gx,gy,gz,acc_mag,gyro_mag,jerk,roll,pitch,tilt_delta",25.0,25.0,raw_25hz_time_aligned_to_uniform_25hz,adl_sliding_capped,456,461,,,dataset_unit_map,wrist,weda,m/s^2,rad/s,m/s^2,rad/s,1.0,1.0,True,test,non_fall,non_fall,4.3324548641976435e-06,none,forward,0.983761727809906
w25_00003700,weda,C:\Users\ADMIN\Desktop\ds-fall\data\raw\WEDA-FALL-main\dataset\25Hz\D02\U04_R01_accel.csv,C:\Users\ADMIN\Desktop\ds-fall\data\raw\WEDA-FALL-main\dataset\25Hz,U04,D02_R01,D02,jogging,jogging,0,none,False,0,50,0.001,1.9609999999999999,25.0,50,12,"ax,ay,az,gx,gy,gz,acc_mag,gyro_mag,jerk,roll,pitch,tilt_delta",25.0,25.0,raw_25hz_time_aligned_to_uniform_25hz,adl_sliding_capped,376,378,,,dataset_unit_map,wrist,weda,m/s^2,rad/s,m/s^2,rad/s,1.0,1.0,True,test,non_fall,fall,0.6649826169013977,none,backward,0.8497287631034851
w25_00003701,weda,C:\Users\ADMIN\Desktop\ds-fall\data\raw\WEDA-FALL-main\dataset\25Hz\D02\U04_R01_accel.csv,C:\Users\ADMIN\Desktop\ds-fall\data\raw\WEDA-FALL-main\dataset\25Hz,U04,D02_R01,D02,jogging,jogging,0,none,False,12,62,0.481,2.441,25.0,50,12,"ax,ay,az,gx,gy,gz,acc_mag,gyro_mag,jerk,roll,pitch,tilt_delta",25.0,25.0,raw_25hz_time_aligned_to_uniform_25hz,adl_sliding_capped,376,378,,,dataset_unit_map,wrist,weda,m/s^2,rad/s,m/s^2,rad/s,1.0,1.0,True,test,non_fall,non_fall,0.008737570606172085,none,backward,0.5776369571685791
w25_00003702,weda,C:\Users\ADMIN\Desktop\ds-fall\data\raw\WEDA-FALL-main\dataset\25Hz\D02\U04_R01_accel.csv,C:\Users\ADMIN\Desktop\ds-fall\data\raw\WEDA-FALL-main\dataset\25Hz,U04,D02_R01,D02,jogging,jogging,0,none,False,24,74,0.961,2.921,25.0,50,12,"ax,ay,az,gx,gy,gz,acc_mag,gyro_mag,jerk,roll,pitch,tilt_delta",25.0,25.0,raw_25hz_time_aligned_to_uniform_25hz,adl_sliding_capped,376,378,,,dataset_unit_map,wrist,weda,m/s^2,rad/s,m/s^2,rad/s,1.0,1.0,True,test,non_fall,non_fall,0.002114300150424242,none,backward,0.5161011219024658
w25_00003703,weda,C:\Users\ADMIN\Desktop\ds-fall\data\raw\WEDA-FALL-main\dataset\25Hz\D02\U04_R01_accel.csv,C:\Users\ADMIN\Desktop\ds-fall\data\raw\WEDA-FALL-main\dataset\25Hz,U04,D02_R01,D02,jogging,jogging,0,none,False,36,86,1.4409999999999998,3.401,25.0,50,12,"ax,ay,az,gx,gy,gz,acc_mag,gyro_mag,jerk,roll,pitch,tilt_delta",25.0,25.0,raw_25hz_time_aligned_to_uniform_25hz,adl_sliding_capped,376,378,,,dataset_unit_map,wrist,weda,m/s^2,rad/s,m/s^2,rad/s,1.0,1.0,True,test,non_fall,non_fall,0.2139957845211029,none,backward,0.5808617472648621
w25_00003704,weda,C:\Users\ADMIN\Desktop\ds-fall\data\raw\WEDA-FALL-main\dataset\25Hz\D02\U04_R01_accel.csv,C:\Users\ADMIN\Desktop\ds-fall\data\raw\WEDA-FALL-main\dataset\25Hz,U04,D02_R01,D02,jogging,jogging,0,none,False,48,98,1.9209999999999998,3.881,25.0,50,12,"ax,ay,az,gx,gy,gz,acc_mag,gyro_mag,jerk,roll,pitch,tilt_delta",25.0,25.0,raw_25hz_time_aligned_to_uniform_25hz,adl_sliding_capped,376,378,,,dataset_unit_map,wrist,weda,m/s^2,rad/s,m/s^2,rad/s,1.0,1.0,True,test,non_fall,fall,0.8488477468490601,none,backward,0.5426414012908936
w25_00003770,weda,C:\Users\ADMIN\Desktop\ds-fall\data\raw\WEDA-FALL-main\dataset\25Hz\D03\U04_R01_accel.csv,C:\Users\ADMIN\Desktop\ds-fall\data\raw\WEDA-FALL-main\dataset\25Hz,U04,D03_R01,D03,stairs,stairs,0,none,False,0,50,0.002,1.962,25.0,50,12,"ax,ay,az,gx,gy,gz,acc_mag,gyro_mag,jerk,roll,pitch,tilt_delta",25.0,25.0,raw_25hz_time_aligned_to_uniform_25hz,adl_sliding_capped,639,646,,,dataset_unit_map,wrist,weda,m/s^2,rad/s,m/s^2,rad/s,1.0,1.0,True,test,non_fall,non_fall,1.437494847777998e-05,none,backward,0.7424652576446533
w25_00003771,weda,C:\Users\ADMIN\Desktop\ds-fall\data\raw\WEDA-FALL-main\dataset\25Hz\D03\U04_R01_accel.csv,C:\Users\ADMIN\Desktop\ds-fall\data\raw\WEDA-FALL-main\dataset\25Hz,U04,D03_R01,D03,stairs,stairs,0,none,False,12,62,0.482,2.4419999999999997,25.0,50,12,"ax,ay,az,gx,gy,gz,acc_mag,gyro_mag,jerk,roll,pitch,tilt_delta",25.0,25.0,raw_25hz_time_aligned_to_uniform_25hz,adl_sliding_capped,639,646,,,dataset_unit_map,wrist,weda,m/s^2,rad/s,m/s^2,rad/s,1.0,1.0,True,test,non_fall,non_fall,4.416299361764686e-06,none,forward,0.978094756603241
w25_00003772,weda,C:\Users\ADMIN\Desktop\ds-fall\data\raw\WEDA-FALL-main\dataset\25Hz\D03\U04_R01_accel.csv,C:\Users\ADMIN\Desktop\ds-fall\data\raw\WEDA-FALL-main\dataset\25Hz,U04,D03_R01,D03,stairs,stairs,0,none,False,24,74,0.962,2.9219999999999997,25.0,50,12,"ax,ay,az,gx,gy,gz,acc_mag,gyro_mag,jerk,roll,pitch,tilt_delta",25.0,25.0,raw_25hz_time_aligned_to_uniform_25hz,adl_sliding_capped,639,646,,,dataset_unit_map,wrist,weda,m/s^2,rad/s,m/s^2,rad/s,1.0,1.0,True,test,non_fall,non_fall,3.161389395245351e-05,none,forward,0.9747298359870911
w25_00003773,weda,C:\Users\ADMIN\Desktop\ds-fall\data\raw\WEDA-FALL-main\dataset\25Hz\D03\U04_R01_accel.csv,C:\Users\ADMIN\Desktop\ds-fall\data\raw\WEDA-FALL-main\dataset\25Hz,U04,D03_R01,D03,stairs,stairs,0,none,False,36,86,1.442,3.4019999999999997,25.0,50,12,"ax,ay,az,gx,gy,gz,acc_mag,gyro_mag,jerk,roll,pitch,tilt_delta",25.0,25.0,raw_25hz_time_aligned_to_uniform_25hz,adl_sliding_capped,639,646,,,dataset_unit_map,wrist,weda,m/s^2,rad/s,m/s^2,rad/s,1.0,1.0,True,test,non_fall,non_fall,2.3431304725818336e-05,none,forward,0.9853543043136597
w25_00003774,weda,C:\Users\ADMIN\Desktop\ds-fall\data\raw\WEDA-FALL-main\dataset\25Hz\D03\U04_R01_accel.csv,C:\Users\ADMIN\Desktop\ds-fall\data\raw\WEDA-FALL-main\dataset\25Hz,U04,D03_R01,D03,stairs,stairs,0,none,False,48,98,1.922,3.8819999999999997,25.0,50,12,"ax,ay,az,gx,gy,gz,acc_mag,gyro_mag,jerk,roll,pitch,tilt_delta",25.0,25.0,raw_25hz_time_aligned_to_uniform_25hz,adl_sliding_capped,639,646,,,dataset_unit_map,wrist,weda,m/s^2,rad/s,m/s^2,rad/s,1.0,1.0,True,test,non_fall,non_fall,0.0004335803969297558,none,forward,0.9605592489242554
w25_00003830,weda,C:\Users\ADMIN\Desktop\ds-fall\data\raw\WEDA-FALL-main\dataset\25Hz\D03\U24_R01_accel.csv,C:\Users\ADMIN\Desktop\ds-fall\data\raw\WEDA-FALL-main\dataset\25Hz,U24,D03_R01,D03,stairs,stairs,0,none,False,0,50,0.002,1.962,25.0,50,12,"ax,ay,az,gx,gy,gz,acc_mag,gyro_mag,jerk,roll,pitch,tilt_delta",25.0,25.0,raw_25hz_time_aligned_to_uniform_25hz,adl_sliding_capped,998,1008,,,dataset_unit_map,wrist,weda,m/s^2,rad/s,m/s^2,rad/s,1.0,1.0,True,test,non_fall,non_fall,3.4838409192161635e-05,none,forward,0.9861374497413635
w25_00003831,weda,C:\Users\ADMIN\Desktop\ds-fall\data\raw\WEDA-FALL-main\dataset\25Hz\D03\U24_R01_accel.csv,C:\Users\ADMIN\Desktop\ds-fall\data\raw\WEDA-FALL-main\dataset\25Hz,U24,D03_R01,D03,stairs,stairs,0,none,False,12,62,0.482,2.4419999999999997,25.0,50,12,"ax,ay,az,gx,gy,gz,acc_mag,gyro_mag,jerk,roll,pitch,tilt_delta",25.0,25.0,raw_25hz_time_aligned_to_uniform_25hz,adl_sliding_capped,998,1008,,,dataset_unit_map,wrist,weda,m/s^2,rad/s,m/s^2,rad/s,1.0,1.0,True,test,non_fall,non_fall,2.547811163822189e-05,none,forward,0.9861522912979126
w25_00003832,weda,C:\Users\ADMIN\Desktop\ds-fall\data\raw\WEDA-FALL-main\dataset\25Hz\D03\U24_R01_accel.csv,C:\Users\ADMIN\Desktop\ds-fall\data\raw\WEDA-FALL-main\dataset\25Hz,U24,D03_R01,D03,stairs,stairs,0,none,False,24,74,0.962,2.9219999999999997,25.0,50,12,"ax,ay,az,gx,gy,gz,acc_mag,gyro_mag,jerk,roll,pitch,tilt_delta",25.0,25.0,raw_25hz_time_aligned_to_uniform_25hz,adl_sliding_capped,998,1008,,,dataset_unit_map,wrist,weda,m/s^2,rad/s,m/s^2,rad/s,1.0,1.0,True,test,non_fall,non_fall,2.793822204694152e-05,none,forward,0.9850377440452576
w25_00003833,weda,C:\Users\ADMIN\Desktop\ds-fall\data\raw\WEDA-FALL-main\dataset\25Hz\D03\U24_R01_accel.csv,C:\Users\ADMIN\Desktop\ds-fall\data\raw\WEDA-FALL-main\dataset\25Hz,U24,D03_R01,D03,stairs,stairs,0,none,False,36,86,1.442,3.4019999999999997,25.0,50,12,"ax,ay,az,gx,gy,gz,acc_mag,gyro_mag,jerk,roll,pitch,tilt_delta",25.0,25.0,raw_25hz_time_aligned_to_uniform_25hz,adl_sliding_capped,998,1008,,,dataset_unit_map,wrist,weda,m/s^2,rad/s,m/s^2,rad/s,1.0,1.0,True,test,non_fall,non_fall,8.49952339194715e-05,none,forward,0.9709464907646179
w25_00003834,weda,C:\Users\ADMIN\Desktop\ds-fall\data\raw\WEDA-FALL-main\dataset\25Hz\D03\U24_R01_accel.csv,C:\Users\ADMIN\Desktop\ds-fall\data\raw\WEDA-FALL-main\dataset\25Hz,U24,D03_R01,D03,stairs,stairs,0,none,False,48,98,1.922,3.8819999999999997,25.0,50,12,"ax,ay,az,gx,gy,gz,acc_mag,gyro_mag,jerk,roll,pitch,tilt_delta",25.0,25.0,raw_25hz_time_aligned_to_uniform_25hz,adl_sliding_capped,998,1008,,,dataset_unit_map,wrist,weda,m/s^2,rad/s,m/s^2,rad/s,1.0,1.0,True,test,non_fall,non_fall,7.157309300964698e-05,none,forward,0.9868380427360535
w25_00003880,weda,C:\Users\ADMIN\Desktop\ds-fall\data\raw\WEDA-FALL-main\dataset\25Hz\D04\U04_R01_accel.csv,C:\Users\ADMIN\Desktop\ds-fall\data\raw\WEDA-FALL-main\dataset\25Hz,U04,D04_R01,D04,sit_wait_stand,sit_wait_stand,0,none,False,0,50,0.002,1.962,25.0,50,12,"ax,ay,az,gx,gy,gz,acc_mag,gyro_mag,jerk,roll,pitch,tilt_delta",25.0,25.0,raw_25hz_time_aligned_to_uniform_25hz,adl_sliding_capped,285,286,,,dataset_unit_map,wrist,weda,m/s^2,rad/s,m/s^2,rad/s,1.0,1.0,True,test,non_fall,non_fall,1.1689213351928629e-05,none,backward,0.664572536945343
w25_00003881,weda,C:\Users\ADMIN\Desktop\ds-fall\data\raw\WEDA-FALL-main\dataset\25Hz\D04\U04_R01_accel.csv,C:\Users\ADMIN\Desktop\ds-fall\data\raw\WEDA-FALL-main\dataset\25Hz,U04,D04_R01,D04,sit_wait_stand,sit_wait_stand,0,none,False,12,62,0.482,2.4419999999999997,25.0,50,12,"ax,ay,az,gx,gy,gz,acc_mag,gyro_mag,jerk,roll,pitch,tilt_delta",25.0,25.0,raw_25hz_time_aligned_to_uniform_25hz,adl_sliding_capped,285,286,,,dataset_unit_map,wrist,weda,m/s^2,rad/s,m/s^2,rad/s,1.0,1.0,True,test,non_fall,non_fall,1.664205228735227e-05,none,forward,0.49767792224884033
w25_00003882,weda,C:\Users\ADMIN\Desktop\ds-fall\data\raw\WEDA-FALL-main\dataset\25Hz\D04\U04_R01_accel.csv,C:\Users\ADMIN\Desktop\ds-fall\data\raw\WEDA-FALL-main\dataset\25Hz,U04,D04_R01,D04,sit_wait_stand,sit_wait_stand,0,none,False,24,74,0.962,2.9219999999999997,25.0,50,12,"ax,ay,az,gx,gy,gz,acc_mag,gyro_mag,jerk,roll,pitch,tilt_delta",25.0,25.0,raw_25hz_time_aligned_to_uniform_25hz,adl_sliding_capped,285,286,,,dataset_unit_map,wrist,weda,m/s^2,rad/s,m/s^2,rad/s,1.0,1.0,True,test,non_fall,non_fall,1.65942565217847e-05,none,forward,0.5727432370185852
w25_00003883,weda,C:\Users\ADMIN\Desktop\ds-fall\data\raw\WEDA-FALL-main\dataset\25Hz\D04\U04_R01_accel.csv,C:\Users\ADMIN\Desktop\ds-fall\data\raw\WEDA-FALL-main\dataset\25Hz,U04,D04_R01,D04,sit_wait_stand,sit_wait_stand,0,none,False,36,86,1.442,3.4019999999999997,25.0,50,12,"ax,ay,az,gx,gy,gz,acc_mag,gyro_mag,jerk,roll,pitch,tilt_delta",25.0,25.0,raw_25hz_time_aligned_to_uniform_25hz,adl_sliding_capped,285,286,,,dataset_unit_map,wrist,weda,m/s^2,rad/s,m/s^2,rad/s,1.0,1.0,True,test,non_fall,non_fall,0.0001667192263994366,none,forward,0.7161465287208557
w25_00003884,weda,C:\Users\ADMIN\Desktop\ds-fall\data\raw\WEDA-FALL-main\dataset\25Hz\D04\U04_R01_accel.csv,C:\Users\ADMIN\Desktop\ds-fall\data\raw\WEDA-FALL-main\dataset\25Hz,U04,D04_R01,D04,sit_wait_stand,sit_wait_stand,0,none,False,48,98,1.922,3.8819999999999997,25.0,50,12,"ax,ay,az,gx,gy,gz,acc_mag,gyro_mag,jerk,roll,pitch,tilt_delta",25.0,25.0,raw_25hz_time_aligned_to_uniform_25hz,adl_sliding_capped,285,286,,,dataset_unit_map,wrist,weda,m/s^2,rad/s,m/s^2,rad/s,1.0,1.0,True,test,non_fall,non_fall,9.701395902084187e-05,none,forward,0.6500341892242432
w25_00003950,weda,C:\Users\ADMIN\Desktop\ds-fall\data\raw\WEDA-FALL-main\dataset\25Hz\D04\U24_R01_accel.csv,C:\Users\ADMIN\Desktop\ds-fall\data\raw\WEDA-FALL-main\dataset\25Hz,U24,D04_R01,D04,sit_wait_stand,sit_wait_stand,0,none,False,0,50,0.002,1.962,25.0,50,12,"ax,ay,az,gx,gy,gz,acc_mag,gyro_mag,jerk,roll,pitch,tilt_delta",25.0,25.0,raw_25hz_time_aligned_to_uniform_25hz,adl_sliding_capped,160,161,,,dataset_unit_map,wrist,weda,m/s^2,rad/s,m/s^2,rad/s,1.0,1.0,True,test,non_fall,non_fall,3.7952005982333503e-07,none,forward,0.9605661630630493
w25_00003951,weda,C:\Users\ADMIN\Desktop\ds-fall\data\raw\WEDA-FALL-main\dataset\25Hz\D04\U24_R01_accel.csv,C:\Users\ADMIN\Desktop\ds-fall\data\raw\WEDA-FALL-main\dataset\25Hz,U24,D04_R01,D04,sit_wait_stand,sit_wait_stand,0,none,False,12,62,0.482,2.4419999999999997,25.0,50,12,"ax,ay,az,gx,gy,gz,acc_mag,gyro_mag,jerk,roll,pitch,tilt_delta",25.0,25.0,raw_25hz_time_aligned_to_uniform_25hz,adl_sliding_capped,160,161,,,dataset_unit_map,wrist,weda,m/s^2,rad/s,m/s^2,rad/s,1.0,1.0,True,test,non_fall,non_fall,5.374712372940849e-07,none,forward,0.8464383482933044
w25_00003952,weda,C:\Users\ADMIN\Desktop\ds-fall\data\raw\WEDA-FALL-main\dataset\25Hz\D04\U24_R01_accel.csv,C:\Users\ADMIN\Desktop\ds-fall\data\raw\WEDA-FALL-main\dataset\25Hz,U24,D04_R01,D04,sit_wait_stand,sit_wait_stand,0,none,False,24,74,0.962,2.9219999999999997,25.0,50,12,"ax,ay,az,gx,gy,gz,acc_mag,gyro_mag,jerk,roll,pitch,tilt_delta",25.0,25.0,raw_25hz_time_aligned_to_uniform_25hz,adl_sliding_capped,160,161,,,dataset_unit_map,wrist,weda,m/s^2,rad/s,m/s^2,rad/s,1.0,1.0,True,test,non_fall,non_fall,3.6531312161969254e-06,none,forward,0.5467426776885986
w25_00003953,weda,C:\Users\ADMIN\Desktop\ds-fall\data\raw\WEDA-FALL-main\dataset\25Hz\D04\U24_R01_accel.csv,C:\Users\ADMIN\Desktop\ds-fall\data\raw\WEDA-FALL-main\dataset\25Hz,U24,D04_R01,D04,sit_wait_stand,sit_wait_stand,0,none,False,36,86,1.442,3.4019999999999997,25.0,50,12,"ax,ay,az,gx,gy,gz,acc_mag,gyro_mag,jerk,roll,pitch,tilt_delta",25.0,25.0,raw_25hz_time_aligned_to_uniform_25hz,adl_sliding_capped,160,161,,,dataset_unit_map,wrist,weda,m/s^2,rad/s,m/s^2,rad/s,1.0,1.0,True,test,non_fall,non_fall,0.0023487694561481476,none,backward,0.4316929280757904
w25_00003954,weda,C:\Users\ADMIN\Desktop\ds-fall\data\raw\WEDA-FALL-main\dataset\25Hz\D04\U24_R01_accel.csv,C:\Users\ADMIN\Desktop\ds-fall\data\raw\WEDA-FALL-main\dataset\25Hz,U24,D04_R01,D04,sit_wait_stand,sit_wait_stand,0,none,False,48,98,1.922,3.8819999999999997,25.0,50,12,"ax,ay,az,gx,gy,gz,acc_mag,gyro_mag,jerk,roll,pitch,tilt_delta",25.0,25.0,raw_25hz_time_aligned_to_uniform_25hz,adl_sliding_capped,160,161,,,dataset_unit_map,wrist,weda,m/s^2,rad/s,m/s^2,rad/s,1.0,1.0,True,test,non_fall,non_fall,0.00025323170120827854,none,forward,0.8681862354278564
w25_00003955,weda,C:\Users\ADMIN\Desktop\ds-fall\data\raw\WEDA-FALL-main\dataset\25Hz\D04\U25_R01_accel.csv,C:\Users\ADMIN\Desktop\ds-fall\data\raw\WEDA-FALL-main\dataset\25Hz,U25,D04_R01,D04,sit_wait_stand,sit_wait_stand,0,none,False,0,50,0.001,1.9609999999999999,25.0,50,12,"ax,ay,az,gx,gy,gz,acc_mag,gyro_mag,jerk,roll,pitch,tilt_delta",25.0,25.0,raw_25hz_time_aligned_to_uniform_25hz,adl_sliding_capped,266,269,,,dataset_unit_map,wrist,weda,m/s^2,rad/s,m/s^2,rad/s,1.0,1.0,True,test,non_fall,non_fall,0.00011626496416283771,none,backward,0.8846914172172546
w25_00003956,weda,C:\Users\ADMIN\Desktop\ds-fall\data\raw\WEDA-FALL-main\dataset\25Hz\D04\U25_R01_accel.csv,C:\Users\ADMIN\Desktop\ds-fall\data\raw\WEDA-FALL-main\dataset\25Hz,U25,D04_R01,D04,sit_wait_stand,sit_wait_stand,0,none,False,12,62,0.481,2.441,25.0,50,12,"ax,ay,az,gx,gy,gz,acc_mag,gyro_mag,jerk,roll,pitch,tilt_delta",25.0,25.0,raw_25hz_time_aligned_to_uniform_25hz,adl_sliding_capped,266,269,,,dataset_unit_map,wrist,weda,m/s^2,rad/s,m/s^2,rad/s,1.0,1.0,True,test,non_fall,non_fall,1.162413627753267e-05,none,forward,0.910165011882782
w25_00003957,weda,C:\Users\ADMIN\Desktop\ds-fall\data\raw\WEDA-FALL-main\dataset\25Hz\D04\U25_R01_accel.csv,C:\Users\ADMIN\Desktop\ds-fall\data\raw\WEDA-FALL-main\dataset\25Hz,U25,D04_R01,D04,sit_wait_stand,sit_wait_stand,0,none,False,24,74,0.961,2.921,25.0,50,12,"ax,ay,az,gx,gy,gz,acc_mag,gyro_mag,jerk,roll,pitch,tilt_delta",25.0,25.0,raw_25hz_time_aligned_to_uniform_25hz,adl_sliding_capped,266,269,,,dataset_unit_map,wrist,weda,m/s^2,rad/s,m/s^2,rad/s,1.0,1.0,True,test,non_fall,non_fall,4.43624763590833e-08,none,forward,0.9785476922988892
w25_00003958,weda,C:\Users\ADMIN\Desktop\ds-fall\data\raw\WEDA-FALL-main\dataset\25Hz\D04\U25_R01_accel.csv,C:\Users\ADMIN\Desktop\ds-fall\data\raw\WEDA-FALL-main\dataset\25Hz,U25,D04_R01,D04,sit_wait_stand,sit_wait_stand,0,none,False,36,86,1.4409999999999998,3.401,25.0,50,12,"ax,ay,az,gx,gy,gz,acc_mag,gyro_mag,jerk,roll,pitch,tilt_delta",25.0,25.0,raw_25hz_time_aligned_to_uniform_25hz,adl_sliding_capped,266,269,,,dataset_unit_map,wrist,weda,m/s^2,rad/s,m/s^2,rad/s,1.0,1.0,True,test,non_fall,non_fall,1.7261712059735146e-08,none,forward,0.986412763595581
w25_00003959,weda,C:\Users\ADMIN\Desktop\ds-fall\data\raw\WEDA-FALL-main\dataset\25Hz\D04\U25_R01_accel.csv,C:\Users\ADMIN\Desktop\ds-fall\data\raw\WEDA-FALL-main\dataset\25Hz,U25,D04_R01,D04,sit_wait_stand,sit_wait_stand,0,none,False,48,98,1.9209999999999998,3.881,25.0,50,12,"ax,ay,az,gx,gy,gz,acc_mag,gyro_mag,jerk,roll,pitch,tilt_delta",25.0,25.0,raw_25hz_time_aligned_to_uniform_25hz,adl_sliding_capped,266,269,,,dataset_unit_map,wrist,weda,m/s^2,rad/s,m/s^2,rad/s,1.0,1.0,True,test,non_fall,non_fall,6.845132247690344e-07,none,forward,0.980745792388916
w25_00004020,weda,C:\Users\ADMIN\Desktop\ds-fall\data\raw\WEDA-FALL-main\dataset\25Hz\D05\U04_R01_accel.csv,C:\Users\ADMIN\Desktop\ds-fall\data\raw\WEDA-FALL-main\dataset\25Hz,U04,D05_R01,D05,collapse_into_chair,collapse_into_chair,0,none,False,0,50,0.008,1.968,25.0,50,12,"ax,ay,az,gx,gy,gz,acc_mag,gyro_mag,jerk,roll,pitch,tilt_delta",25.0,25.0,raw_25hz_time_aligned_to_uniform_25hz,adl_sliding_capped,199,200,,,dataset_unit_map,wrist,weda,m/s^2,rad/s,m/s^2,rad/s,1.0,1.0,True,test,non_fall,non_fall,2.186757001254591e-06,none,backward,0.9151679873466492
w25_00004021,weda,C:\Users\ADMIN\Desktop\ds-fall\data\raw\WEDA-FALL-main\dataset\25Hz\D05\U04_R01_accel.csv,C:\Users\ADMIN\Desktop\ds-fall\data\raw\WEDA-FALL-main\dataset\25Hz,U04,D05_R01,D05,collapse_into_chair,collapse_into_chair,0,none,False,12,62,0.488,2.448,25.0,50,12,"ax,ay,az,gx,gy,gz,acc_mag,gyro_mag,jerk,roll,pitch,tilt_delta",25.0,25.0,raw_25hz_time_aligned_to_uniform_25hz,adl_sliding_capped,199,200,,,dataset_unit_map,wrist,weda,m/s^2,rad/s,m/s^2,rad/s,1.0,1.0,True,test,non_fall,non_fall,3.5271680189907784e-06,none,forward,0.7572543025016785
w25_00004022,weda,C:\Users\ADMIN\Desktop\ds-fall\data\raw\WEDA-FALL-main\dataset\25Hz\D05\U04_R01_accel.csv,C:\Users\ADMIN\Desktop\ds-fall\data\raw\WEDA-FALL-main\dataset\25Hz,U04,D05_R01,D05,collapse_into_chair,collapse_into_chair,0,none,False,24,74,0.968,2.928,25.0,50,12,"ax,ay,az,gx,gy,gz,acc_mag,gyro_mag,jerk,roll,pitch,tilt_delta",25.0,25.0,raw_25hz_time_aligned_to_uniform_25hz,adl_sliding_capped,199,200,,,dataset_unit_map,wrist,weda,m/s^2,rad/s,m/s^2,rad/s,1.0,1.0,True,test,non_fall,non_fall,5.679345917997125e-07,none,forward,0.9655687212944031
w25_00004023,weda,C:\Users\ADMIN\Desktop\ds-fall\data\raw\WEDA-FALL-main\dataset\25Hz\D05\U04_R01_accel.csv,C:\Users\ADMIN\Desktop\ds-fall\data\raw\WEDA-FALL-main\dataset\25Hz,U04,D05_R01,D05,collapse_into_chair,collapse_into_chair,0,none,False,36,86,1.448,3.408,25.0,50,12,"ax,ay,az,gx,gy,gz,acc_mag,gyro_mag,jerk,roll,pitch,tilt_delta",25.0,25.0,raw_25hz_time_aligned_to_uniform_25hz,adl_sliding_capped,199,200,,,dataset_unit_map,wrist,weda,m/s^2,rad/s,m/s^2,rad/s,1.0,1.0,True,test,non_fall,non_fall,2.2996393056473607e-07,none,forward,0.9749009013175964
w25_00004024,weda,C:\Users\ADMIN\Desktop\ds-fall\data\raw\WEDA-FALL-main\dataset\25Hz\D05\U04_R01_accel.csv,C:\Users\ADMIN\Desktop\ds-fall\data\raw\WEDA-FALL-main\dataset\25Hz,U04,D05_R01,D05,collapse_into_chair,collapse_into_chair,0,none,False,48,98,1.928,3.888,25.0,50,12,"ax,ay,az,gx,gy,gz,acc_mag,gyro_mag,jerk,roll,pitch,tilt_delta",25.0,25.0,raw_25hz_time_aligned_to_uniform_25hz,adl_sliding_capped,199,200,,,dataset_unit_map,wrist,weda,m/s^2,rad/s,m/s^2,rad/s,1.0,1.0,True,test,non_fall,non_fall,1.7280564179600333e-07,none,forward,0.9709104299545288
w25_00004025,weda,C:\Users\ADMIN\Desktop\ds-fall\data\raw\WEDA-FALL-main\dataset\25Hz\D05\U04_R01_accel.csv,C:\Users\ADMIN\Desktop\ds-fall\data\raw\WEDA-FALL-main\dataset\25Hz,U04,D05_R01,D05,collapse_into_chair,collapse_into_chair,0,none,False,60,110,2.408,4.368,25.0,50,12,"ax,ay,az,gx,gy,gz,acc_mag,gyro_mag,jerk,roll,pitch,tilt_delta",25.0,25.0,raw_25hz_time_aligned_to_uniform_25hz,adl_sliding_capped,199,200,,,dataset_unit_map,wrist,weda,m/s^2,rad/s,m/s^2,rad/s,1.0,1.0,True,test,non_fall,non_fall,1.7383237718604505e-05,none,forward,0.86327064037323
w25_00004026,weda,C:\Users\ADMIN\Desktop\ds-fall\data\raw\WEDA-FALL-main\dataset\25Hz\D05\U04_R01_accel.csv,C:\Users\ADMIN\Desktop\ds-fall\data\raw\WEDA-FALL-main\dataset\25Hz,U04,D05_R01,D05,collapse_into_chair,collapse_into_chair,0,none,False,72,122,2.888,4.848,25.0,50,12,"ax,ay,az,gx,gy,gz,acc_mag,gyro_mag,jerk,roll,pitch,tilt_delta",25.0,25.0,raw_25hz_time_aligned_to_uniform_25hz,adl_sliding_capped,199,200,,,dataset_unit_map,wrist,weda,m/s^2,rad/s,m/s^2,rad/s,1.0,1.0,True,test,non_fall,non_fall,7.5508352892939e-05,none,backward,0.5421265363693237
w25_00004027,weda,C:\Users\ADMIN\Desktop\ds-fall\data\raw\WEDA-FALL-main\dataset\25Hz\D05\U04_R01_accel.csv,C:\Users\ADMIN\Desktop\ds-fall\data\raw\WEDA-FALL-main\dataset\25Hz,U04,D05_R01,D05,collapse_into_chair,collapse_into_chair,0,none,False,84,134,3.368,5.328,25.0,50,12,"ax,ay,az,gx,gy,gz,acc_mag,gyro_mag,jerk,roll,pitch,tilt_delta",25.0,25.0,raw_25hz_time_aligned_to_uniform_25hz,adl_sliding_capped,199,200,,,dataset_unit_map,wrist,weda,m/s^2,rad/s,m/s^2,rad/s,1.0,1.0,True,test,non_fall,non_fall,1.101745874620974e-05,none,backward,0.6790810227394104
w25_00004028,weda,C:\Users\ADMIN\Desktop\ds-fall\data\raw\WEDA-FALL-main\dataset\25Hz\D05\U04_R01_accel.csv,C:\Users\ADMIN\Desktop\ds-fall\data\raw\WEDA-FALL-main\dataset\25Hz,U04,D05_R01,D05,collapse_into_chair,collapse_into_chair,0,none,False,96,146,3.848,5.808,25.0,50,12,"ax,ay,az,gx,gy,gz,acc_mag,gyro_mag,jerk,roll,pitch,tilt_delta",25.0,25.0,raw_25hz_time_aligned_to_uniform_25hz,adl_sliding_capped,199,200,,,dataset_unit_map,wrist,weda,m/s^2,rad/s,m/s^2,rad/s,1.0,1.0,True,test,non_fall,non_fall,1.7495915017207153e-05,none,backward,0.9333314895629883
w25_00004029,weda,C:\Users\ADMIN\Desktop\ds-fall\data\raw\WEDA-FALL-main\dataset\25Hz\D05\U04_R01_accel.csv,C:\Users\ADMIN\Desktop\ds-fall\data\raw\WEDA-FALL-main\dataset\25Hz,U04,D05_R01,D05,collapse_into_chair,collapse_into_chair,0,none,False,108,158,4.328,6.288,25.0,50,12,"ax,ay,az,gx,gy,gz,acc_mag,gyro_mag,jerk,roll,pitch,tilt_delta",25.0,25.0,raw_25hz_time_aligned_to_uniform_25hz,adl_sliding_capped,199,200,,,dataset_unit_map,wrist,weda,m/s^2,rad/s,m/s^2,rad/s,1.0,1.0,True,test,non_fall,non_fall,1.8177357560489327e-05,none,backward,0.9341131448745728
w25_00004145,weda,C:\Users\ADMIN\Desktop\ds-fall\data\raw\WEDA-FALL-main\dataset\25Hz\D06\U04_R01_accel.csv,C:\Users\ADMIN\Desktop\ds-fall\data\raw\WEDA-FALL-main\dataset\25Hz,U04,D06_R01,D06,crouch_tie_shoes_stand,crouch_tie_shoes_stand,0,none,False,0,50,0.002,1.962,25.0,50,12,"ax,ay,az,gx,gy,gz,acc_mag,gyro_mag,jerk,roll,pitch,tilt_delta",25.0,25.0,raw_25hz_time_aligned_to_uniform_25hz,adl_sliding_capped,239,241,,,dataset_unit_map,wrist,weda,m/s^2,rad/s,m/s^2,rad/s,1.0,1.0,True,test,non_fall,non_fall,0.0001376425352646038,none,backward,0.8641025424003601
w25_00004146,weda,C:\Users\ADMIN\Desktop\ds-fall\data\raw\WEDA-FALL-main\dataset\25Hz\D06\U04_R01_accel.csv,C:\Users\ADMIN\Desktop\ds-fall\data\raw\WEDA-FALL-main\dataset\25Hz,U04,D06_R01,D06,crouch_tie_shoes_stand,crouch_tie_shoes_stand,0,none,False,12,62,0.482,2.4419999999999997,25.0,50,12,"ax,ay,az,gx,gy,gz,acc_mag,gyro_mag,jerk,roll,pitch,tilt_delta",25.0,25.0,raw_25hz_time_aligned_to_uniform_25hz,adl_sliding_capped,239,241,,,dataset_unit_map,wrist,weda,m/s^2,rad/s,m/s^2,rad/s,1.0,1.0,True,test,non_fall,non_fall,6.945782661205158e-05,none,backward,0.45500001311302185
w25_00004147,weda,C:\Users\ADMIN\Desktop\ds-fall\data\raw\WEDA-FALL-main\dataset\25Hz\D06\U04_R01_accel.csv,C:\Users\ADMIN\Desktop\ds-fall\data\raw\WEDA-FALL-main\dataset\25Hz,U04,D06_R01,D06,crouch_tie_shoes_stand,crouch_tie_shoes_stand,0,none,False,24,74,0.962,2.9219999999999997,25.0,50,12,"ax,ay,az,gx,gy,gz,acc_mag,gyro_mag,jerk,roll,pitch,tilt_delta",25.0,25.0,raw_25hz_time_aligned_to_uniform_25hz,adl_sliding_capped,239,241,,,dataset_unit_map,wrist,weda,m/s^2,rad/s,m/s^2,rad/s,1.0,1.0,True,test,non_fall,non_fall,0.01475313026458025,none,lateral,0.9221774339675903
w25_00004148,weda,C:\Users\ADMIN\Desktop\ds-fall\data\raw\WEDA-FALL-main\dataset\25Hz\D06\U04_R01_accel.csv,C:\Users\ADMIN\Desktop\ds-fall\data\raw\WEDA-FALL-main\dataset\25Hz,U04,D06_R01,D06,crouch_tie_shoes_stand,crouch_tie_shoes_stand,0,none,False,36,86,1.442,3.4019999999999997,25.0,50,12,"ax,ay,az,gx,gy,gz,acc_mag,gyro_mag,jerk,roll,pitch,tilt_delta",25.0,25.0,raw_25hz_time_aligned_to_uniform_25hz,adl_sliding_capped,239,241,,,dataset_unit_map,wrist,weda,m/s^2,rad/s,m/s^2,rad/s,1.0,1.0,True,test,non_fall,non_fall,0.033649567514657974,none,lateral,0.7650600671768188
w25_00004149,weda,C:\Users\ADMIN\Desktop\ds-fall\data\raw\WEDA-FALL-main\dataset\25Hz\D06\U04_R01_accel.csv,C:\Users\ADMIN\Desktop\ds-fall\data\raw\WEDA-FALL-main\dataset\25Hz,U04,D06_R01,D06,crouch_tie_shoes_stand,crouch_tie_shoes_stand,0,none,False,48,98,1.922,3.8819999999999997,25.0,50,12,"ax,ay,az,gx,gy,gz,acc_mag,gyro_mag,jerk,roll,pitch,tilt_delta",25.0,25.0,raw_25hz_time_aligned_to_uniform_25hz,adl_sliding_capped,239,241,,,dataset_unit_map,wrist,weda,m/s^2,rad/s,m/s^2,rad/s,1.0,1.0,True,test,non_fall,non_fall,0.011582995764911175,none,forward,0.9681985974311829
w25_00004230,weda,C:\Users\ADMIN\Desktop\ds-fall\data\raw\WEDA-FALL-main\dataset\25Hz\D07\U04_R01_accel.csv,C:\Users\ADMIN\Desktop\ds-fall\data\raw\WEDA-FALL-main\dataset\25Hz,U04,D07_R01,D07,stumble_walking,stumble_walking,0,none,False,0,50,0.002,1.962,25.0,50,12,"ax,ay,az,gx,gy,gz,acc_mag,gyro_mag,jerk,roll,pitch,tilt_delta",25.0,25.0,raw_25hz_time_aligned_to_uniform_25hz,adl_sliding_capped,215,216,,,dataset_unit_map,wrist,weda,m/s^2,rad/s,m/s^2,rad/s,1.0,1.0,True,test,non_fall,non_fall,1.3119611139700282e-06,none,backward,0.8559518456459045
w25_00004231,weda,C:\Users\ADMIN\Desktop\ds-fall\data\raw\WEDA-FALL-main\dataset\25Hz\D07\U04_R01_accel.csv,C:\Users\ADMIN\Desktop\ds-fall\data\raw\WEDA-FALL-main\dataset\25Hz,U04,D07_R01,D07,stumble_walking,stumble_walking,0,none,False,12,62,0.482,2.4419999999999997,25.0,50,12,"ax,ay,az,gx,gy,gz,acc_mag,gyro_mag,jerk,roll,pitch,tilt_delta",25.0,25.0,raw_25hz_time_aligned_to_uniform_25hz,adl_sliding_capped,215,216,,,dataset_unit_map,wrist,weda,m/s^2,rad/s,m/s^2,rad/s,1.0,1.0,True,test,non_fall,non_fall,1.239114567397337e-06,none,backward,0.5668785572052002
w25_00004232,weda,C:\Users\ADMIN\Desktop\ds-fall\data\raw\WEDA-FALL-main\dataset\25Hz\D07\U04_R01_accel.csv,C:\Users\ADMIN\Desktop\ds-fall\data\raw\WEDA-FALL-main\dataset\25Hz,U04,D07_R01,D07,stumble_walking,stumble_walking,0,none,False,24,74,0.962,2.9219999999999997,25.0,50,12,"ax,ay,az,gx,gy,gz,acc_mag,gyro_mag,jerk,roll,pitch,tilt_delta",25.0,25.0,raw_25hz_time_aligned_to_uniform_25hz,adl_sliding_capped,215,216,,,dataset_unit_map,wrist,weda,m/s^2,rad/s,m/s^2,rad/s,1.0,1.0,True,test,non_fall,non_fall,1.0183713129663374e-05,none,forward,0.9378626942634583
w25_00004233,weda,C:\Users\ADMIN\Desktop\ds-fall\data\raw\WEDA-FALL-main\dataset\25Hz\D07\U04_R01_accel.csv,C:\Users\ADMIN\Desktop\ds-fall\data\raw\WEDA-FALL-main\dataset\25Hz,U04,D07_R01,D07,stumble_walking,stumble_walking,0,none,False,36,86,1.442,3.4019999999999997,25.0,50,12,"ax,ay,az,gx,gy,gz,acc_mag,gyro_mag,jerk,roll,pitch,tilt_delta",25.0,25.0,raw_25hz_time_aligned_to_uniform_25hz,adl_sliding_capped,215,216,,,dataset_unit_map,wrist,weda,m/s^2,rad/s,m/s^2,rad/s,1.0,1.0,True,test,non_fall,non_fall,6.7664946072909515e-06,none,forward,0.9772611260414124
w25_00004234,weda,C:\Users\ADMIN\Desktop\ds-fall\data\raw\WEDA-FALL-main\dataset\25Hz\D07\U04_R01_accel.csv,C:\Users\ADMIN\Desktop\ds-fall\data\raw\WEDA-FALL-main\dataset\25Hz,U04,D07_R01,D07,stumble_walking,stumble_walking,0,none,False,48,98,1.922,3.8819999999999997,25.0,50,12,"ax,ay,az,gx,gy,gz,acc_mag,gyro_mag,jerk,roll,pitch,tilt_delta",25.0,25.0,raw_25hz_time_aligned_to_uniform_25hz,adl_sliding_capped,215,216,,,dataset_unit_map,wrist,weda,m/s^2,rad/s,m/s^2,rad/s,1.0,1.0,True,test,non_fall,non_fall,0.00012172897550044581,none,forward,0.9765093922615051
w25_00004235,weda,C:\Users\ADMIN\Desktop\ds-fall\data\raw\WEDA-FALL-main\dataset\25Hz\D07\U04_R01_accel.csv,C:\Users\ADMIN\Desktop\ds-fall\data\raw\WEDA-FALL-main\dataset\25Hz,U04,D07_R01,D07,stumble_walking,stumble_walking,0,none,False,60,110,2.4019999999999997,4.362,25.0,50,12,"ax,ay,az,gx,gy,gz,acc_mag,gyro_mag,jerk,roll,pitch,tilt_delta",25.0,25.0,raw_25hz_time_aligned_to_uniform_25hz,adl_sliding_capped,215,216,,,dataset_unit_map,wrist,weda,m/s^2,rad/s,m/s^2,rad/s,1.0,1.0,True,test,non_fall,non_fall,0.0007104448741301894,none,forward,0.8979849219322205
w25_00004236,weda,C:\Users\ADMIN\Desktop\ds-fall\data\raw\WEDA-FALL-main\dataset\25Hz\D07\U04_R01_accel.csv,C:\Users\ADMIN\Desktop\ds-fall\data\raw\WEDA-FALL-main\dataset\25Hz,U04,D07_R01,D07,stumble_walking,stumble_walking,0,none,False,72,122,2.8819999999999997,4.842,25.0,50,12,"ax,ay,az,gx,gy,gz,acc_mag,gyro_mag,jerk,roll,pitch,tilt_delta",25.0,25.0,raw_25hz_time_aligned_to_uniform_25hz,adl_sliding_capped,215,216,,,dataset_unit_map,wrist,weda,m/s^2,rad/s,m/s^2,rad/s,1.0,1.0,True,test,non_fall,non_fall,0.0005095250089652836,none,forward,0.7992846369743347
w25_00004237,weda,C:\Users\ADMIN\Desktop\ds-fall\data\raw\WEDA-FALL-main\dataset\25Hz\D07\U04_R01_accel.csv,C:\Users\ADMIN\Desktop\ds-fall\data\raw\WEDA-FALL-main\dataset\25Hz,U04,D07_R01,D07,stumble_walking,stumble_walking,0,none,False,84,134,3.3619999999999997,5.322,25.0,50,12,"ax,ay,az,gx,gy,gz,acc_mag,gyro_mag,jerk,roll,pitch,tilt_delta",25.0,25.0,raw_25hz_time_aligned_to_uniform_25hz,adl_sliding_capped,215,216,,,dataset_unit_map,wrist,weda,m/s^2,rad/s,m/s^2,rad/s,1.0,1.0,True,test,non_fall,non_fall,0.0015393015928566456,none,lateral,0.5457091927528381
w25_00004238,weda,C:\Users\ADMIN\Desktop\ds-fall\data\raw\WEDA-FALL-main\dataset\25Hz\D07\U04_R01_accel.csv,C:\Users\ADMIN\Desktop\ds-fall\data\raw\WEDA-FALL-main\dataset\25Hz,U04,D07_R01,D07,stumble_walking,stumble_walking,0,none,False,96,146,3.8419999999999996,5.802,25.0,50,12,"ax,ay,az,gx,gy,gz,acc_mag,gyro_mag,jerk,roll,pitch,tilt_delta",25.0,25.0,raw_25hz_time_aligned_to_uniform_25hz,adl_sliding_capped,215,216,,,dataset_unit_map,wrist,weda,m/s^2,rad/s,m/s^2,rad/s,1.0,1.0,True,test,non_fall,non_fall,0.000244170892983675,none,lateral,0.8172177672386169
w25_00004239,weda,C:\Users\ADMIN\Desktop\ds-fall\data\raw\WEDA-FALL-main\dataset\25Hz\D07\U04_R01_accel.csv,C:\Users\ADMIN\Desktop\ds-fall\data\raw\WEDA-FALL-main\dataset\25Hz,U04,D07_R01,D07,stumble_walking,stumble_walking,0,none,False,108,158,4.322,6.282,25.0,50,12,"ax,ay,az,gx,gy,gz,acc_mag,gyro_mag,jerk,roll,pitch,tilt_delta",25.0,25.0,raw_25hz_time_aligned_to_uniform_25hz,adl_sliding_capped,215,216,,,dataset_unit_map,wrist,weda,m/s^2,rad/s,m/s^2,rad/s,1.0,1.0,True,test,non_fall,non_fall,0.0008543988224118948,none,lateral,0.5801966786384583
w25_00004370,weda,C:\Users\ADMIN\Desktop\ds-fall\data\raw\WEDA-FALL-main\dataset\25Hz\D08\U04_R01_accel.csv,C:\Users\ADMIN\Desktop\ds-fall\data\raw\WEDA-FALL-main\dataset\25Hz,U04,D08_R01,D08,gentle_jump,gentle_jump,0,none,False,0,50,0.001,1.9609999999999999,25.0,50,12,"ax,ay,az,gx,gy,gz,acc_mag,gyro_mag,jerk,roll,pitch,tilt_delta",25.0,25.0,raw_25hz_time_aligned_to_uniform_25hz,adl_sliding_capped,123,123,,,dataset_unit_map,wrist,weda,m/s^2,rad/s,m/s^2,rad/s,1.0,1.0,True,test,non_fall,non_fall,1.7725183454331273e-07,none,backward,0.6316631436347961
w25_00004371,weda,C:\Users\ADMIN\Desktop\ds-fall\data\raw\WEDA-FALL-main\dataset\25Hz\D08\U04_R01_accel.csv,C:\Users\ADMIN\Desktop\ds-fall\data\raw\WEDA-FALL-main\dataset\25Hz,U04,D08_R01,D08,gentle_jump,gentle_jump,0,none,False,12,62,0.481,2.441,25.0,50,12,"ax,ay,az,gx,gy,gz,acc_mag,gyro_mag,jerk,roll,pitch,tilt_delta",25.0,25.0,raw_25hz_time_aligned_to_uniform_25hz,adl_sliding_capped,123,123,,,dataset_unit_map,wrist,weda,m/s^2,rad/s,m/s^2,rad/s,1.0,1.0,True,test,non_fall,non_fall,0.02537965402007103,none,lateral,0.5363045930862427
w25_00004372,weda,C:\Users\ADMIN\Desktop\ds-fall\data\raw\WEDA-FALL-main\dataset\25Hz\D08\U04_R01_accel.csv,C:\Users\ADMIN\Desktop\ds-fall\data\raw\WEDA-FALL-main\dataset\25Hz,U04,D08_R01,D08,gentle_jump,gentle_jump,0,none,False,24,74,0.961,2.921,25.0,50,12,"ax,ay,az,gx,gy,gz,acc_mag,gyro_mag,jerk,roll,pitch,tilt_delta",25.0,25.0,raw_25hz_time_aligned_to_uniform_25hz,adl_sliding_capped,123,123,,,dataset_unit_map,wrist,weda,m/s^2,rad/s,m/s^2,rad/s,1.0,1.0,True,test,non_fall,fall,0.9969788789749146,none,backward,0.40296587347984314
w25_00004373,weda,C:\Users\ADMIN\Desktop\ds-fall\data\raw\WEDA-FALL-main\dataset\25Hz\D08\U04_R01_accel.csv,C:\Users\ADMIN\Desktop\ds-fall\data\raw\WEDA-FALL-main\dataset\25Hz,U04,D08_R01,D08,gentle_jump,gentle_jump,0,none,False,36,86,1.4409999999999998,3.401,25.0,50,12,"ax,ay,az,gx,gy,gz,acc_mag,gyro_mag,jerk,roll,pitch,tilt_delta",25.0,25.0,raw_25hz_time_aligned_to_uniform_25hz,adl_sliding_capped,123,123,,,dataset_unit_map,wrist,weda,m/s^2,rad/s,m/s^2,rad/s,1.0,1.0,True,test,non_fall,fall,0.9994261264801025,none,backward,0.6325489282608032
w25_00004374,weda,C:\Users\ADMIN\Desktop\ds-fall\data\raw\WEDA-FALL-main\dataset\25Hz\D08\U04_R01_accel.csv,C:\Users\ADMIN\Desktop\ds-fall\data\raw\WEDA-FALL-main\dataset\25Hz,U04,D08_R01,D08,gentle_jump,gentle_jump,0,none,False,48,98,1.9209999999999998,3.881,25.0,50,12,"ax,ay,az,gx,gy,gz,acc_mag,gyro_mag,jerk,roll,pitch,tilt_delta",25.0,25.0,raw_25hz_time_aligned_to_uniform_25hz,adl_sliding_capped,123,123,,,dataset_unit_map,wrist,weda,m/s^2,rad/s,m/s^2,rad/s,1.0,1.0,True,test,non_fall,fall,0.9996077418327332,none,backward,0.8959611058235168
w25_00004375,weda,C:\Users\ADMIN\Desktop\ds-fall\data\raw\WEDA-FALL-main\dataset\25Hz\D08\U04_R01_accel.csv,C:\Users\ADMIN\Desktop\ds-fall\data\raw\WEDA-FALL-main\dataset\25Hz,U04,D08_R01,D08,gentle_jump,gentle_jump,0,none,False,60,110,2.401,4.361000000000001,25.0,50,12,"ax,ay,az,gx,gy,gz,acc_mag,gyro_mag,jerk,roll,pitch,tilt_delta",25.0,25.0,raw_25hz_time_aligned_to_uniform_25hz,adl_sliding_capped,123,123,,,dataset_unit_map,wrist,weda,m/s^2,rad/s,m/s^2,rad/s,1.0,1.0,True,test,non_fall,fall,0.9739842414855957,none,backward,0.8537719249725342
w25_00004376,weda,C:\Users\ADMIN\Desktop\ds-fall\data\raw\WEDA-FALL-main\dataset\25Hz\D08\U04_R01_accel.csv,C:\Users\ADMIN\Desktop\ds-fall\data\raw\WEDA-FALL-main\dataset\25Hz,U04,D08_R01,D08,gentle_jump,gentle_jump,0,none,False,72,122,2.881,4.841,25.0,50,12,"ax,ay,az,gx,gy,gz,acc_mag,gyro_mag,jerk,roll,pitch,tilt_delta",25.0,25.0,raw_25hz_time_aligned_to_uniform_25hz,adl_sliding_capped,123,123,,,dataset_unit_map,wrist,weda,m/s^2,rad/s,m/s^2,rad/s,1.0,1.0,True,test,non_fall,non_fall,6.731397297699004e-05,none,backward,0.9603281021118164
w25_00004377,weda,C:\Users\ADMIN\Desktop\ds-fall\data\raw\WEDA-FALL-main\dataset\25Hz\D08\U04_R02_accel.csv,C:\Users\ADMIN\Desktop\ds-fall\data\raw\WEDA-FALL-main\dataset\25Hz,U04,D08_R02,D08,gentle_jump,gentle_jump,0,none,False,0,50,0.001,1.9609999999999999,25.0,50,12,"ax,ay,az,gx,gy,gz,acc_mag,gyro_mag,jerk,roll,pitch,tilt_delta",25.0,25.0,raw_25hz_time_aligned_to_uniform_25hz,adl_sliding_capped,101,101,,,dataset_unit_map,wrist,weda,m/s^2,rad/s,m/s^2,rad/s,1.0,1.0,True,test,non_fall,fall,0.9966785907745361,none,backward,0.828499972820282
w25_00004378,weda,C:\Users\ADMIN\Desktop\ds-fall\data\raw\WEDA-FALL-main\dataset\25Hz\D08\U04_R02_accel.csv,C:\Users\ADMIN\Desktop\ds-fall\data\raw\WEDA-FALL-main\dataset\25Hz,U04,D08_R02,D08,gentle_jump,gentle_jump,0,none,False,12,62,0.481,2.441,25.0,50,12,"ax,ay,az,gx,gy,gz,acc_mag,gyro_mag,jerk,roll,pitch,tilt_delta",25.0,25.0,raw_25hz_time_aligned_to_uniform_25hz,adl_sliding_capped,101,101,,,dataset_unit_map,wrist,weda,m/s^2,rad/s,m/s^2,rad/s,1.0,1.0,True,test,non_fall,fall,0.9887920022010803,none,backward,0.913429319858551
w25_00004379,weda,C:\Users\ADMIN\Desktop\ds-fall\data\raw\WEDA-FALL-main\dataset\25Hz\D08\U04_R02_accel.csv,C:\Users\ADMIN\Desktop\ds-fall\data\raw\WEDA-FALL-main\dataset\25Hz,U04,D08_R02,D08,gentle_jump,gentle_jump,0,none,False,24,74,0.961,2.921,25.0,50,12,"ax,ay,az,gx,gy,gz,acc_mag,gyro_mag,jerk,roll,pitch,tilt_delta",25.0,25.0,raw_25hz_time_aligned_to_uniform_25hz,adl_sliding_capped,101,101,,,dataset_unit_map,wrist,weda,m/s^2,rad/s,m/s^2,rad/s,1.0,1.0,True,test,non_fall,fall,0.9892366528511047,none,backward,0.7289673686027527
w25_00004510,weda,C:\Users\ADMIN\Desktop\ds-fall\data\raw\WEDA-FALL-main\dataset\25Hz\D09\U04_R01_accel.csv,C:\Users\ADMIN\Desktop\ds-fall\data\raw\WEDA-FALL-main\dataset\25Hz,U04,D09_R01,D09,hit_table_with_hand,hit_table_with_hand,0,none,False,0,50,0.002,1.962,25.0,50,12,"ax,ay,az,gx,gy,gz,acc_mag,gyro_mag,jerk,roll,pitch,tilt_delta",25.0,25.0,raw_25hz_time_aligned_to_uniform_25hz,adl_sliding_capped,124,124,,,dataset_unit_map,wrist,weda,m/s^2,rad/s,m/s^2,rad/s,1.0,1.0,True,test,non_fall,non_fall,0.00013607680739369243,none,backward,0.9376689791679382
w25_00004511,weda,C:\Users\ADMIN\Desktop\ds-fall\data\raw\WEDA-FALL-main\dataset\25Hz\D09\U04_R01_accel.csv,C:\Users\ADMIN\Desktop\ds-fall\data\raw\WEDA-FALL-main\dataset\25Hz,U04,D09_R01,D09,hit_table_with_hand,hit_table_with_hand,0,none,False,12,62,0.482,2.4419999999999997,25.0,50,12,"ax,ay,az,gx,gy,gz,acc_mag,gyro_mag,jerk,roll,pitch,tilt_delta",25.0,25.0,raw_25hz_time_aligned_to_uniform_25hz,adl_sliding_capped,124,124,,,dataset_unit_map,wrist,weda,m/s^2,rad/s,m/s^2,rad/s,1.0,1.0,True,test,non_fall,non_fall,1.4430975170398597e-07,none,backward,0.7543675303459167
w25_00004512,weda,C:\Users\ADMIN\Desktop\ds-fall\data\raw\WEDA-FALL-main\dataset\25Hz\D09\U04_R01_accel.csv,C:\Users\ADMIN\Desktop\ds-fall\data\raw\WEDA-FALL-main\dataset\25Hz,U04,D09_R01,D09,hit_table_with_hand,hit_table_with_hand,0,none,False,24,74,0.962,2.9219999999999997,25.0,50,12,"ax,ay,az,gx,gy,gz,acc_mag,gyro_mag,jerk,roll,pitch,tilt_delta",25.0,25.0,raw_25hz_time_aligned_to_uniform_25hz,adl_sliding_capped,124,124,,,dataset_unit_map,wrist,weda,m/s^2,rad/s,m/s^2,rad/s,1.0,1.0,True,test,non_fall,non_fall,1.6071399500106054e-07,none,lateral,0.5653584003448486
w25_00004513,weda,C:\Users\ADMIN\Desktop\ds-fall\data\raw\WEDA-FALL-main\dataset\25Hz\D09\U04_R01_accel.csv,C:\Users\ADMIN\Desktop\ds-fall\data\raw\WEDA-FALL-main\dataset\25Hz,U04,D09_R01,D09,hit_table_with_hand,hit_table_with_hand,0,none,False,36,86,1.442,3.4019999999999997,25.0,50,12,"ax,ay,az,gx,gy,gz,acc_mag,gyro_mag,jerk,roll,pitch,tilt_delta",25.0,25.0,raw_25hz_time_aligned_to_uniform_25hz,adl_sliding_capped,124,124,,,dataset_unit_map,wrist,weda,m/s^2,rad/s,m/s^2,rad/s,1.0,1.0,True,test,non_fall,non_fall,2.468927391419129e-07,none,lateral,0.8523381352424622
w25_00004514,weda,C:\Users\ADMIN\Desktop\ds-fall\data\raw\WEDA-FALL-main\dataset\25Hz\D09\U04_R01_accel.csv,C:\Users\ADMIN\Desktop\ds-fall\data\raw\WEDA-FALL-main\dataset\25Hz,U04,D09_R01,D09,hit_table_with_hand,hit_table_with_hand,0,none,False,48,98,1.922,3.8819999999999997,25.0,50,12,"ax,ay,az,gx,gy,gz,acc_mag,gyro_mag,jerk,roll,pitch,tilt_delta",25.0,25.0,raw_25hz_time_aligned_to_uniform_25hz,adl_sliding_capped,124,124,,,dataset_unit_map,wrist,weda,m/s^2,rad/s,m/s^2,rad/s,1.0,1.0,True,test,non_fall,non_fall,0.008818990550935268,none,backward,0.584186315536499
w25_00004515,weda,C:\Users\ADMIN\Desktop\ds-fall\data\raw\WEDA-FALL-main\dataset\25Hz\D09\U04_R01_accel.csv,C:\Users\ADMIN\Desktop\ds-fall\data\raw\WEDA-FALL-main\dataset\25Hz,U04,D09_R01,D09,hit_table_with_hand,hit_table_with_hand,0,none,False,60,110,2.4019999999999997,4.362,25.0,50,12,"ax,ay,az,gx,gy,gz,acc_mag,gyro_mag,jerk,roll,pitch,tilt_delta",25.0,25.0,raw_25hz_time_aligned_to_uniform_25hz,adl_sliding_capped,124,124,,,dataset_unit_map,wrist,weda,m/s^2,rad/s,m/s^2,rad/s,1.0,1.0,True,test,non_fall,non_fall,0.0008487020386382937,none,backward,0.9003039598464966
w25_00004516,weda,C:\Users\ADMIN\Desktop\ds-fall\data\raw\WEDA-FALL-main\dataset\25Hz\D09\U04_R01_accel.csv,C:\Users\ADMIN\Desktop\ds-fall\data\raw\WEDA-FALL-main\dataset\25Hz,U04,D09_R01,D09,hit_table_with_hand,hit_table_with_hand,0,none,False,72,122,2.8819999999999997,4.842,25.0,50,12,"ax,ay,az,gx,gy,gz,acc_mag,gyro_mag,jerk,roll,pitch,tilt_delta",25.0,25.0,raw_25hz_time_aligned_to_uniform_25hz,adl_sliding_capped,124,124,,,dataset_unit_map,wrist,weda,m/s^2,rad/s,m/s^2,rad/s,1.0,1.0,True,test,non_fall,non_fall,7.110843580449e-05,none,backward,0.9115388989448547
w25_00004517,weda,C:\Users\ADMIN\Desktop\ds-fall\data\raw\WEDA-FALL-main\dataset\25Hz\D09\U04_R02_accel.csv,C:\Users\ADMIN\Desktop\ds-fall\data\raw\WEDA-FALL-main\dataset\25Hz,U04,D09_R02,D09,hit_table_with_hand,hit_table_with_hand,0,none,False,0,50,0.002,1.962,25.0,50,12,"ax,ay,az,gx,gy,gz,acc_mag,gyro_mag,jerk,roll,pitch,tilt_delta",25.0,25.0,raw_25hz_time_aligned_to_uniform_25hz,adl_sliding_capped,81,82,,,dataset_unit_map,wrist,weda,m/s^2,rad/s,m/s^2,rad/s,1.0,1.0,True,test,non_fall,non_fall,0.0005837311036884785,none,backward,0.5656066536903381
w25_00004518,weda,C:\Users\ADMIN\Desktop\ds-fall\data\raw\WEDA-FALL-main\dataset\25Hz\D09\U04_R02_accel.csv,C:\Users\ADMIN\Desktop\ds-fall\data\raw\WEDA-FALL-main\dataset\25Hz,U04,D09_R02,D09,hit_table_with_hand,hit_table_with_hand,0,none,False,12,62,0.482,2.4419999999999997,25.0,50,12,"ax,ay,az,gx,gy,gz,acc_mag,gyro_mag,jerk,roll,pitch,tilt_delta",25.0,25.0,raw_25hz_time_aligned_to_uniform_25hz,adl_sliding_capped,81,82,,,dataset_unit_map,wrist,weda,m/s^2,rad/s,m/s^2,rad/s,1.0,1.0,True,test,non_fall,non_fall,0.000540387409273535,none,forward,0.9652759432792664
w25_00004519,weda,C:\Users\ADMIN\Desktop\ds-fall\data\raw\WEDA-FALL-main\dataset\25Hz\D09\U04_R02_accel.csv,C:\Users\ADMIN\Desktop\ds-fall\data\raw\WEDA-FALL-main\dataset\25Hz,U04,D09_R02,D09,hit_table_with_hand,hit_table_with_hand,0,none,False,24,74,0.962,2.9219999999999997,25.0,50,12,"ax,ay,az,gx,gy,gz,acc_mag,gyro_mag,jerk,roll,pitch,tilt_delta",25.0,25.0,raw_25hz_time_aligned_to_uniform_25hz,adl_sliding_capped,81,82,,,dataset_unit_map,wrist,weda,m/s^2,rad/s,m/s^2,rad/s,1.0,1.0,True,test,non_fall,non_fall,0.06524922698736191,none,forward,0.8806067705154419
w25_00004650,weda,C:\Users\ADMIN\Desktop\ds-fall\data\raw\WEDA-FALL-main\dataset\25Hz\D09\U24_R01_accel.csv,C:\Users\ADMIN\Desktop\ds-fall\data\raw\WEDA-FALL-main\dataset\25Hz,U24,D09_R01,D09,hit_table_with_hand,hit_table_with_hand,0,none,False,0,50,0.002,1.962,25.0,50,12,"ax,ay,az,gx,gy,gz,acc_mag,gyro_mag,jerk,roll,pitch,tilt_delta",25.0,25.0,raw_25hz_time_aligned_to_uniform_25hz,adl_sliding_capped,118,119,,,dataset_unit_map,wrist,weda,m/s^2,rad/s,m/s^2,rad/s,1.0,1.0,True,test,non_fall,non_fall,8.844035050969978e-07,none,backward,0.9467583894729614
w25_00004651,weda,C:\Users\ADMIN\Desktop\ds-fall\data\raw\WEDA-FALL-main\dataset\25Hz\D09\U24_R01_accel.csv,C:\Users\ADMIN\Desktop\ds-fall\data\raw\WEDA-FALL-main\dataset\25Hz,U24,D09_R01,D09,hit_table_with_hand,hit_table_with_hand,0,none,False,12,62,0.482,2.4419999999999997,25.0,50,12,"ax,ay,az,gx,gy,gz,acc_mag,gyro_mag,jerk,roll,pitch,tilt_delta",25.0,25.0,raw_25hz_time_aligned_to_uniform_25hz,adl_sliding_capped,118,119,,,dataset_unit_map,wrist,weda,m/s^2,rad/s,m/s^2,rad/s,1.0,1.0,True,test,non_fall,non_fall,3.0762876122025773e-06,none,backward,0.9348885416984558
w25_00004652,weda,C:\Users\ADMIN\Desktop\ds-fall\data\raw\WEDA-FALL-main\dataset\25Hz\D09\U24_R01_accel.csv,C:\Users\ADMIN\Desktop\ds-fall\data\raw\WEDA-FALL-main\dataset\25Hz,U24,D09_R01,D09,hit_table_with_hand,hit_table_with_hand,0,none,False,24,74,0.962,2.9219999999999997,25.0,50,12,"ax,ay,az,gx,gy,gz,acc_mag,gyro_mag,jerk,roll,pitch,tilt_delta",25.0,25.0,raw_25hz_time_aligned_to_uniform_25hz,adl_sliding_capped,118,119,,,dataset_unit_map,wrist,weda,m/s^2,rad/s,m/s^2,rad/s,1.0,1.0,True,test,non_fall,non_fall,1.2597018212545663e-05,none,backward,0.907420814037323
w25_00004653,weda,C:\Users\ADMIN\Desktop\ds-fall\data\raw\WEDA-FALL-main\dataset\25Hz\D09\U24_R01_accel.csv,C:\Users\ADMIN\Desktop\ds-fall\data\raw\WEDA-FALL-main\dataset\25Hz,U24,D09_R01,D09,hit_table_with_hand,hit_table_with_hand,0,none,False,36,86,1.442,3.4019999999999997,25.0,50,12,"ax,ay,az,gx,gy,gz,acc_mag,gyro_mag,jerk,roll,pitch,tilt_delta",25.0,25.0,raw_25hz_time_aligned_to_uniform_25hz,adl_sliding_capped,118,119,,,dataset_unit_map,wrist,weda,m/s^2,rad/s,m/s^2,rad/s,1.0,1.0,True,test,non_fall,non_fall,0.00011465643183328211,none,backward,0.9167372584342957
w25_00004654,weda,C:\Users\ADMIN\Desktop\ds-fall\data\raw\WEDA-FALL-main\dataset\25Hz\D09\U24_R01_accel.csv,C:\Users\ADMIN\Desktop\ds-fall\data\raw\WEDA-FALL-main\dataset\25Hz,U24,D09_R01,D09,hit_table_with_hand,hit_table_with_hand,0,none,False,48,98,1.922,3.8819999999999997,25.0,50,12,"ax,ay,az,gx,gy,gz,acc_mag,gyro_mag,jerk,roll,pitch,tilt_delta",25.0,25.0,raw_25hz_time_aligned_to_uniform_25hz,adl_sliding_capped,118,119,,,dataset_unit_map,wrist,weda,m/s^2,rad/s,m/s^2,rad/s,1.0,1.0,True,test,non_fall,non_fall,0.0009289064910262823,none,backward,0.9236599802970886
w25_00004655,weda,C:\Users\ADMIN\Desktop\ds-fall\data\raw\WEDA-FALL-main\dataset\25Hz\D09\U24_R01_accel.csv,C:\Users\ADMIN\Desktop\ds-fall\data\raw\WEDA-FALL-main\dataset\25Hz,U24,D09_R01,D09,hit_table_with_hand,hit_table_with_hand,0,none,False,60,110,2.4019999999999997,4.362,25.0,50,12,"ax,ay,az,gx,gy,gz,acc_mag,gyro_mag,jerk,roll,pitch,tilt_delta",25.0,25.0,raw_25hz_time_aligned_to_uniform_25hz,adl_sliding_capped,118,119,,,dataset_unit_map,wrist,weda,m/s^2,rad/s,m/s^2,rad/s,1.0,1.0,True,test,non_fall,non_fall,8.761572098592296e-05,none,backward,0.8247194290161133
w25_00004656,weda,C:\Users\ADMIN\Desktop\ds-fall\data\raw\WEDA-FALL-main\dataset\25Hz\D09\U24_R02_accel.csv,C:\Users\ADMIN\Desktop\ds-fall\data\raw\WEDA-FALL-main\dataset\25Hz,U24,D09_R02,D09,hit_table_with_hand,hit_table_with_hand,0,none,False,0,50,0.007,1.9669999999999999,25.0,50,12,"ax,ay,az,gx,gy,gz,acc_mag,gyro_mag,jerk,roll,pitch,tilt_delta",25.0,25.0,raw_25hz_time_aligned_to_uniform_25hz,adl_sliding_capped,138,138,,,dataset_unit_map,wrist,weda,m/s^2,rad/s,m/s^2,rad/s,1.0,1.0,True,test,non_fall,non_fall,1.8499275711292285e-06,none,backward,0.9416391253471375
w25_00004657,weda,C:\Users\ADMIN\Desktop\ds-fall\data\raw\WEDA-FALL-main\dataset\25Hz\D09\U24_R02_accel.csv,C:\Users\ADMIN\Desktop\ds-fall\data\raw\WEDA-FALL-main\dataset\25Hz,U24,D09_R02,D09,hit_table_with_hand,hit_table_with_hand,0,none,False,12,62,0.487,2.447,25.0,50,12,"ax,ay,az,gx,gy,gz,acc_mag,gyro_mag,jerk,roll,pitch,tilt_delta",25.0,25.0,raw_25hz_time_aligned_to_uniform_25hz,adl_sliding_capped,138,138,,,dataset_unit_map,wrist,weda,m/s^2,rad/s,m/s^2,rad/s,1.0,1.0,True,test,non_fall,non_fall,3.849844688375015e-06,none,backward,0.9410531520843506
w25_00004658,weda,C:\Users\ADMIN\Desktop\ds-fall\data\raw\WEDA-FALL-main\dataset\25Hz\D09\U24_R02_accel.csv,C:\Users\ADMIN\Desktop\ds-fall\data\raw\WEDA-FALL-main\dataset\25Hz,U24,D09_R02,D09,hit_table_with_hand,hit_table_with_hand,0,none,False,24,74,0.967,2.927,25.0,50,12,"ax,ay,az,gx,gy,gz,acc_mag,gyro_mag,jerk,roll,pitch,tilt_delta",25.0,25.0,raw_25hz_time_aligned_to_uniform_25hz,adl_sliding_capped,138,138,,,dataset_unit_map,wrist,weda,m/s^2,rad/s,m/s^2,rad/s,1.0,1.0,True,test,non_fall,non_fall,2.5198130970238708e-05,none,backward,0.9410817623138428
w25_00004659,weda,C:\Users\ADMIN\Desktop\ds-fall\data\raw\WEDA-FALL-main\dataset\25Hz\D09\U24_R02_accel.csv,C:\Users\ADMIN\Desktop\ds-fall\data\raw\WEDA-FALL-main\dataset\25Hz,U24,D09_R02,D09,hit_table_with_hand,hit_table_with_hand,0,none,False,36,86,1.4469999999999998,3.407,25.0,50,12,"ax,ay,az,gx,gy,gz,acc_mag,gyro_mag,jerk,roll,pitch,tilt_delta",25.0,25.0,raw_25hz_time_aligned_to_uniform_25hz,adl_sliding_capped,138,138,,,dataset_unit_map,wrist,weda,m/s^2,rad/s,m/s^2,rad/s,1.0,1.0,True,test,non_fall,non_fall,2.5828605430433527e-05,none,backward,0.9410774111747742
w25_00004660,weda,C:\Users\ADMIN\Desktop\ds-fall\data\raw\WEDA-FALL-main\dataset\25Hz\D09\U25_R01_accel.csv,C:\Users\ADMIN\Desktop\ds-fall\data\raw\WEDA-FALL-main\dataset\25Hz,U25,D09_R01,D09,hit_table_with_hand,hit_table_with_hand,0,none,False,0,50,0.078,2.038,25.0,50,12,"ax,ay,az,gx,gy,gz,acc_mag,gyro_mag,jerk,roll,pitch,tilt_delta",25.0,25.0,raw_25hz_time_aligned_to_uniform_25hz,adl_sliding_capped,124,123,,,dataset_unit_map,wrist,weda,m/s^2,rad/s,m/s^2,rad/s,1.0,1.0,True,test,non_fall,non_fall,3.606634209063486e-06,none,backward,0.7729446291923523
w25_00004661,weda,C:\Users\ADMIN\Desktop\ds-fall\data\raw\WEDA-FALL-main\dataset\25Hz\D09\U25_R01_accel.csv,C:\Users\ADMIN\Desktop\ds-fall\data\raw\WEDA-FALL-main\dataset\25Hz,U25,D09_R01,D09,hit_table_with_hand,hit_table_with_hand,0,none,False,12,62,0.5579999999999999,2.5179999999999993,25.0,50,12,"ax,ay,az,gx,gy,gz,acc_mag,gyro_mag,jerk,roll,pitch,tilt_delta",25.0,25.0,raw_25hz_time_aligned_to_uniform_25hz,adl_sliding_capped,124,123,,,dataset_unit_map,wrist,weda,m/s^2,rad/s,m/s^2,rad/s,1.0,1.0,True,test,non_fall,non_fall,1.3847241007169941e-06,none,backward,0.8015599846839905
w25_00004662,weda,C:\Users\ADMIN\Desktop\ds-fall\data\raw\WEDA-FALL-main\dataset\25Hz\D09\U25_R01_accel.csv,C:\Users\ADMIN\Desktop\ds-fall\data\raw\WEDA-FALL-main\dataset\25Hz,U25,D09_R01,D09,hit_table_with_hand,hit_table_with_hand,0,none,False,24,74,1.0379999999999998,2.9979999999999993,25.0,50,12,"ax,ay,az,gx,gy,gz,acc_mag,gyro_mag,jerk,roll,pitch,tilt_delta",25.0,25.0,raw_25hz_time_aligned_to_uniform_25hz,adl_sliding_capped,124,123,,,dataset_unit_map,wrist,weda,m/s^2,rad/s,m/s^2,rad/s,1.0,1.0,True,test,non_fall,non_fall,2.1464788915182e-06,none,backward,0.7789605855941772
w25_00004663,weda,C:\Users\ADMIN\Desktop\ds-fall\data\raw\WEDA-FALL-main\dataset\25Hz\D09\U25_R01_accel.csv,C:\Users\ADMIN\Desktop\ds-fall\data\raw\WEDA-FALL-main\dataset\25Hz,U25,D09_R01,D09,hit_table_with_hand,hit_table_with_hand,0,none,False,36,86,1.5179999999999998,3.4779999999999993,25.0,50,12,"ax,ay,az,gx,gy,gz,acc_mag,gyro_mag,jerk,roll,pitch,tilt_delta",25.0,25.0,raw_25hz_time_aligned_to_uniform_25hz,adl_sliding_capped,124,123,,,dataset_unit_map,wrist,weda,m/s^2,rad/s,m/s^2,rad/s,1.0,1.0,True,test,non_fall,non_fall,2.4012474568735342e-06,none,backward,0.782546877861023
w25_00004664,weda,C:\Users\ADMIN\Desktop\ds-fall\data\raw\WEDA-FALL-main\dataset\25Hz\D09\U25_R01_accel.csv,C:\Users\ADMIN\Desktop\ds-fall\data\raw\WEDA-FALL-main\dataset\25Hz,U25,D09_R01,D09,hit_table_with_hand,hit_table_with_hand,0,none,False,48,98,1.9979999999999998,3.9579999999999993,25.0,50,12,"ax,ay,az,gx,gy,gz,acc_mag,gyro_mag,jerk,roll,pitch,tilt_delta",25.0,25.0,raw_25hz_time_aligned_to_uniform_25hz,adl_sliding_capped,124,123,,,dataset_unit_map,wrist,weda,m/s^2,rad/s,m/s^2,rad/s,1.0,1.0,True,test,non_fall,non_fall,1.3911661653764895e-06,none,backward,0.7131308317184448
w25_00004665,weda,C:\Users\ADMIN\Desktop\ds-fall\data\raw\WEDA-FALL-main\dataset\25Hz\D09\U25_R01_accel.csv,C:\Users\ADMIN\Desktop\ds-fall\data\raw\WEDA-FALL-main\dataset\25Hz,U25,D09_R01,D09,hit_table_with_hand,hit_table_with_hand,0,none,False,60,110,2.4779999999999993,4.438,25.0,50,12,"ax,ay,az,gx,gy,gz,acc_mag,gyro_mag,jerk,roll,pitch,tilt_delta",25.0,25.0,raw_25hz_time_aligned_to_uniform_25hz,adl_sliding_capped,124,123,,,dataset_unit_map,wrist,weda,m/s^2,rad/s,m/s^2,rad/s,1.0,1.0,True,test,non_fall,non_fall,2.0482298168644775e-06,none,backward,0.7343038320541382
w25_00004666,weda,C:\Users\ADMIN\Desktop\ds-fall\data\raw\WEDA-FALL-main\dataset\25Hz\D09\U25_R01_accel.csv,C:\Users\ADMIN\Desktop\ds-fall\data\raw\WEDA-FALL-main\dataset\25Hz,U25,D09_R01,D09,hit_table_with_hand,hit_table_with_hand,0,none,False,72,122,2.9579999999999993,4.917999999999999,25.0,50,12,"ax,ay,az,gx,gy,gz,acc_mag,gyro_mag,jerk,roll,pitch,tilt_delta",25.0,25.0,raw_25hz_time_aligned_to_uniform_25hz,adl_sliding_capped,124,123,,,dataset_unit_map,wrist,weda,m/s^2,rad/s,m/s^2,rad/s,1.0,1.0,True,test,non_fall,non_fall,1.8028913473244756e-06,none,backward,0.7726765871047974
w25_00004667,weda,C:\Users\ADMIN\Desktop\ds-fall\data\raw\WEDA-FALL-main\dataset\25Hz\D09\U25_R02_accel.csv,C:\Users\ADMIN\Desktop\ds-fall\data\raw\WEDA-FALL-main\dataset\25Hz,U25,D09_R02,D09,hit_table_with_hand,hit_table_with_hand,0,none,False,0,50,0.001,1.9609999999999999,25.0,50,12,"ax,ay,az,gx,gy,gz,acc_mag,gyro_mag,jerk,roll,pitch,tilt_delta",25.0,25.0,raw_25hz_time_aligned_to_uniform_25hz,adl_sliding_capped,104,104,,,dataset_unit_map,wrist,weda,m/s^2,rad/s,m/s^2,rad/s,1.0,1.0,True,test,non_fall,non_fall,7.334768383771006e-07,none,backward,0.7652536630630493
w25_00004668,weda,C:\Users\ADMIN\Desktop\ds-fall\data\raw\WEDA-FALL-main\dataset\25Hz\D09\U25_R02_accel.csv,C:\Users\ADMIN\Desktop\ds-fall\data\raw\WEDA-FALL-main\dataset\25Hz,U25,D09_R02,D09,hit_table_with_hand,hit_table_with_hand,0,none,False,12,62,0.481,2.441,25.0,50,12,"ax,ay,az,gx,gy,gz,acc_mag,gyro_mag,jerk,roll,pitch,tilt_delta",25.0,25.0,raw_25hz_time_aligned_to_uniform_25hz,adl_sliding_capped,104,104,,,dataset_unit_map,wrist,weda,m/s^2,rad/s,m/s^2,rad/s,1.0,1.0,True,test,non_fall,non_fall,8.114124625535624e-07,none,backward,0.7287572622299194
w25_00004669,weda,C:\Users\ADMIN\Desktop\ds-fall\data\raw\WEDA-FALL-main\dataset\25Hz\D09\U25_R02_accel.csv,C:\Users\ADMIN\Desktop\ds-fall\data\raw\WEDA-FALL-main\dataset\25Hz,U25,D09_R02,D09,hit_table_with_hand,hit_table_with_hand,0,none,False,24,74,0.961,2.921,25.0,50,12,"ax,ay,az,gx,gy,gz,acc_mag,gyro_mag,jerk,roll,pitch,tilt_delta",25.0,25.0,raw_25hz_time_aligned_to_uniform_25hz,adl_sliding_capped,104,104,,,dataset_unit_map,wrist,weda,m/s^2,rad/s,m/s^2,rad/s,1.0,1.0,True,test,non_fall,non_fall,3.224117790523451e-06,none,backward,0.7664728760719299
w25_00004760,weda,C:\Users\ADMIN\Desktop\ds-fall\data\raw\WEDA-FALL-main\dataset\25Hz\D10\U04_R01_accel.csv,C:\Users\ADMIN\Desktop\ds-fall\data\raw\WEDA-FALL-main\dataset\25Hz,U04,D10_R01,D10,clapping_hands,clapping_hands,0,none,False,0,50,0.002,1.962,25.0,50,12,"ax,ay,az,gx,gy,gz,acc_mag,gyro_mag,jerk,roll,pitch,tilt_delta",25.0,25.0,raw_25hz_time_aligned_to_uniform_25hz,adl_sliding_capped,252,253,,,dataset_unit_map,wrist,weda,m/s^2,rad/s,m/s^2,rad/s,1.0,1.0,True,test,non_fall,fall,0.8424509167671204,none,backward,0.9309889674186707
w25_00004761,weda,C:\Users\ADMIN\Desktop\ds-fall\data\raw\WEDA-FALL-main\dataset\25Hz\D10\U04_R01_accel.csv,C:\Users\ADMIN\Desktop\ds-fall\data\raw\WEDA-FALL-main\dataset\25Hz,U04,D10_R01,D10,clapping_hands,clapping_hands,0,none,False,12,62,0.482,2.4419999999999997,25.0,50,12,"ax,ay,az,gx,gy,gz,acc_mag,gyro_mag,jerk,roll,pitch,tilt_delta",25.0,25.0,raw_25hz_time_aligned_to_uniform_25hz,adl_sliding_capped,252,253,,,dataset_unit_map,wrist,weda,m/s^2,rad/s,m/s^2,rad/s,1.0,1.0,True,test,non_fall,fall,0.9990315437316895,none,backward,0.9169275760650635
w25_00004762,weda,C:\Users\ADMIN\Desktop\ds-fall\data\raw\WEDA-FALL-main\dataset\25Hz\D10\U04_R01_accel.csv,C:\Users\ADMIN\Desktop\ds-fall\data\raw\WEDA-FALL-main\dataset\25Hz,U04,D10_R01,D10,clapping_hands,clapping_hands,0,none,False,24,74,0.962,2.9219999999999997,25.0,50,12,"ax,ay,az,gx,gy,gz,acc_mag,gyro_mag,jerk,roll,pitch,tilt_delta",25.0,25.0,raw_25hz_time_aligned_to_uniform_25hz,adl_sliding_capped,252,253,,,dataset_unit_map,wrist,weda,m/s^2,rad/s,m/s^2,rad/s,1.0,1.0,True,test,non_fall,fall,0.9982485771179199,none,backward,0.8916059136390686
w25_00004763,weda,C:\Users\ADMIN\Desktop\ds-fall\data\raw\WEDA-FALL-main\dataset\25Hz\D10\U04_R01_accel.csv,C:\Users\ADMIN\Desktop\ds-fall\data\raw\WEDA-FALL-main\dataset\25Hz,U04,D10_R01,D10,clapping_hands,clapping_hands,0,none,False,36,86,1.442,3.4019999999999997,25.0,50,12,"ax,ay,az,gx,gy,gz,acc_mag,gyro_mag,jerk,roll,pitch,tilt_delta",25.0,25.0,raw_25hz_time_aligned_to_uniform_25hz,adl_sliding_capped,252,253,,,dataset_unit_map,wrist,weda,m/s^2,rad/s,m/s^2,rad/s,1.0,1.0,True,test,non_fall,fall,0.9938597679138184,none,backward,0.8806663155555725
w25_00004764,weda,C:\Users\ADMIN\Desktop\ds-fall\data\raw\WEDA-FALL-main\dataset\25Hz\D10\U04_R01_accel.csv,C:\Users\ADMIN\Desktop\ds-fall\data\raw\WEDA-FALL-main\dataset\25Hz,U04,D10_R01,D10,clapping_hands,clapping_hands,0,none,False,48,98,1.922,3.8819999999999997,25.0,50,12,"ax,ay,az,gx,gy,gz,acc_mag,gyro_mag,jerk,roll,pitch,tilt_delta",25.0,25.0,raw_25hz_time_aligned_to_uniform_25hz,adl_sliding_capped,252,253,,,dataset_unit_map,wrist,weda,m/s^2,rad/s,m/s^2,rad/s,1.0,1.0,True,test,non_fall,fall,0.6145175099372864,none,backward,0.9353265166282654
w25_00004765,weda,C:\Users\ADMIN\Desktop\ds-fall\data\raw\WEDA-FALL-main\dataset\25Hz\D10\U04_R01_accel.csv,C:\Users\ADMIN\Desktop\ds-fall\data\raw\WEDA-FALL-main\dataset\25Hz,U04,D10_R01,D10,clapping_hands,clapping_hands,0,none,False,60,110,2.4019999999999997,4.362,25.0,50,12,"ax,ay,az,gx,gy,gz,acc_mag,gyro_mag,jerk,roll,pitch,tilt_delta",25.0,25.0,raw_25hz_time_aligned_to_uniform_25hz,adl_sliding_capped,252,253,,,dataset_unit_map,wrist,weda,m/s^2,rad/s,m/s^2,rad/s,1.0,1.0,True,test,non_fall,non_fall,0.034518469125032425,none,backward,0.9224516153335571
w25_00004766,weda,C:\Users\ADMIN\Desktop\ds-fall\data\raw\WEDA-FALL-main\dataset\25Hz\D10\U04_R01_accel.csv,C:\Users\ADMIN\Desktop\ds-fall\data\raw\WEDA-FALL-main\dataset\25Hz,U04,D10_R01,D10,clapping_hands,clapping_hands,0,none,False,72,122,2.8819999999999997,4.842,25.0,50,12,"ax,ay,az,gx,gy,gz,acc_mag,gyro_mag,jerk,roll,pitch,tilt_delta",25.0,25.0,raw_25hz_time_aligned_to_uniform_25hz,adl_sliding_capped,252,253,,,dataset_unit_map,wrist,weda,m/s^2,rad/s,m/s^2,rad/s,1.0,1.0,True,test,non_fall,non_fall,0.0015920714940875769,none,backward,0.9717110991477966
w25_00004767,weda,C:\Users\ADMIN\Desktop\ds-fall\data\raw\WEDA-FALL-main\dataset\25Hz\D10\U04_R01_accel.csv,C:\Users\ADMIN\Desktop\ds-fall\data\raw\WEDA-FALL-main\dataset\25Hz,U04,D10_R01,D10,clapping_hands,clapping_hands,0,none,False,84,134,3.3619999999999997,5.322,25.0,50,12,"ax,ay,az,gx,gy,gz,acc_mag,gyro_mag,jerk,roll,pitch,tilt_delta",25.0,25.0,raw_25hz_time_aligned_to_uniform_25hz,adl_sliding_capped,252,253,,,dataset_unit_map,wrist,weda,m/s^2,rad/s,m/s^2,rad/s,1.0,1.0,True,test,non_fall,non_fall,9.31730664888164e-06,none,backward,0.9267916679382324
w25_00004768,weda,C:\Users\ADMIN\Desktop\ds-fall\data\raw\WEDA-FALL-main\dataset\25Hz\D10\U04_R01_accel.csv,C:\Users\ADMIN\Desktop\ds-fall\data\raw\WEDA-FALL-main\dataset\25Hz,U04,D10_R01,D10,clapping_hands,clapping_hands,0,none,False,96,146,3.8419999999999996,5.802,25.0,50,12,"ax,ay,az,gx,gy,gz,acc_mag,gyro_mag,jerk,roll,pitch,tilt_delta",25.0,25.0,raw_25hz_time_aligned_to_uniform_25hz,adl_sliding_capped,252,253,,,dataset_unit_map,wrist,weda,m/s^2,rad/s,m/s^2,rad/s,1.0,1.0,True,test,non_fall,non_fall,3.3891669772856403e-06,none,backward,0.9343743324279785
w25_00004769,weda,C:\Users\ADMIN\Desktop\ds-fall\data\raw\WEDA-FALL-main\dataset\25Hz\D10\U04_R01_accel.csv,C:\Users\ADMIN\Desktop\ds-fall\data\raw\WEDA-FALL-main\dataset\25Hz,U04,D10_R01,D10,clapping_hands,clapping_hands,0,none,False,108,158,4.322,6.282,25.0,50,12,"ax,ay,az,gx,gy,gz,acc_mag,gyro_mag,jerk,roll,pitch,tilt_delta",25.0,25.0,raw_25hz_time_aligned_to_uniform_25hz,adl_sliding_capped,252,253,,,dataset_unit_map,wrist,weda,m/s^2,rad/s,m/s^2,rad/s,1.0,1.0,True,test,non_fall,non_fall,8.154882380040362e-06,none,backward,0.7896330952644348
w25_00004900,weda,C:\Users\ADMIN\Desktop\ds-fall\data\raw\WEDA-FALL-main\dataset\25Hz\D10\U24_R01_accel.csv,C:\Users\ADMIN\Desktop\ds-fall\data\raw\WEDA-FALL-main\dataset\25Hz,U24,D10_R01,D10,clapping_hands,clapping_hands,0,none,False,0,50,0.002,1.962,25.0,50,12,"ax,ay,az,gx,gy,gz,acc_mag,gyro_mag,jerk,roll,pitch,tilt_delta",25.0,25.0,raw_25hz_time_aligned_to_uniform_25hz,adl_sliding_capped,243,246,,,dataset_unit_map,wrist,weda,m/s^2,rad/s,m/s^2,rad/s,1.0,1.0,True,test,non_fall,non_fall,9.99624148789735e-07,none,backward,0.9714999794960022
w25_00004901,weda,C:\Users\ADMIN\Desktop\ds-fall\data\raw\WEDA-FALL-main\dataset\25Hz\D10\U24_R01_accel.csv,C:\Users\ADMIN\Desktop\ds-fall\data\raw\WEDA-FALL-main\dataset\25Hz,U24,D10_R01,D10,clapping_hands,clapping_hands,0,none,False,12,62,0.482,2.4419999999999997,25.0,50,12,"ax,ay,az,gx,gy,gz,acc_mag,gyro_mag,jerk,roll,pitch,tilt_delta",25.0,25.0,raw_25hz_time_aligned_to_uniform_25hz,adl_sliding_capped,243,246,,,dataset_unit_map,wrist,weda,m/s^2,rad/s,m/s^2,rad/s,1.0,1.0,True,test,non_fall,non_fall,2.459640427332488e-06,none,backward,0.9482453465461731
w25_00004902,weda,C:\Users\ADMIN\Desktop\ds-fall\data\raw\WEDA-FALL-main\dataset\25Hz\D10\U24_R01_accel.csv,C:\Users\ADMIN\Desktop\ds-fall\data\raw\WEDA-FALL-main\dataset\25Hz,U24,D10_R01,D10,clapping_hands,clapping_hands,0,none,False,24,74,0.962,2.9219999999999997,25.0,50,12,"ax,ay,az,gx,gy,gz,acc_mag,gyro_mag,jerk,roll,pitch,tilt_delta",25.0,25.0,raw_25hz_time_aligned_to_uniform_25hz,adl_sliding_capped,243,246,,,dataset_unit_map,wrist,weda,m/s^2,rad/s,m/s^2,rad/s,1.0,1.0,True,test,non_fall,non_fall,1.3849472679794417e-06,none,backward,0.6947534084320068
w25_00004903,weda,C:\Users\ADMIN\Desktop\ds-fall\data\raw\WEDA-FALL-main\dataset\25Hz\D10\U24_R01_accel.csv,C:\Users\ADMIN\Desktop\ds-fall\data\raw\WEDA-FALL-main\dataset\25Hz,U24,D10_R01,D10,clapping_hands,clapping_hands,0,none,False,36,86,1.442,3.4019999999999997,25.0,50,12,"ax,ay,az,gx,gy,gz,acc_mag,gyro_mag,jerk,roll,pitch,tilt_delta",25.0,25.0,raw_25hz_time_aligned_to_uniform_25hz,adl_sliding_capped,243,246,,,dataset_unit_map,wrist,weda,m/s^2,rad/s,m/s^2,rad/s,1.0,1.0,True,test,non_fall,non_fall,3.1114043395064073e-06,none,backward,0.619677722454071
w25_00004904,weda,C:\Users\ADMIN\Desktop\ds-fall\data\raw\WEDA-FALL-main\dataset\25Hz\D10\U24_R01_accel.csv,C:\Users\ADMIN\Desktop\ds-fall\data\raw\WEDA-FALL-main\dataset\25Hz,U24,D10_R01,D10,clapping_hands,clapping_hands,0,none,False,48,98,1.922,3.8819999999999997,25.0,50,12,"ax,ay,az,gx,gy,gz,acc_mag,gyro_mag,jerk,roll,pitch,tilt_delta",25.0,25.0,raw_25hz_time_aligned_to_uniform_25hz,adl_sliding_capped,243,246,,,dataset_unit_map,wrist,weda,m/s^2,rad/s,m/s^2,rad/s,1.0,1.0,True,test,non_fall,non_fall,6.20321543465252e-06,none,backward,0.7706770300865173
w25_00004905,weda,C:\Users\ADMIN\Desktop\ds-fall\data\raw\WEDA-FALL-main\dataset\25Hz\D10\U24_R01_accel.csv,C:\Users\ADMIN\Desktop\ds-fall\data\raw\WEDA-FALL-main\dataset\25Hz,U24,D10_R01,D10,clapping_hands,clapping_hands,0,none,False,60,110,2.4019999999999997,4.362,25.0,50,12,"ax,ay,az,gx,gy,gz,acc_mag,gyro_mag,jerk,roll,pitch,tilt_delta",25.0,25.0,raw_25hz_time_aligned_to_uniform_25hz,adl_sliding_capped,243,246,,,dataset_unit_map,wrist,weda,m/s^2,rad/s,m/s^2,rad/s,1.0,1.0,True,test,non_fall,non_fall,1.1337489922880195e-05,none,backward,0.7912404537200928
w25_00004906,weda,C:\Users\ADMIN\Desktop\ds-fall\data\raw\WEDA-FALL-main\dataset\25Hz\D10\U24_R01_accel.csv,C:\Users\ADMIN\Desktop\ds-fall\data\raw\WEDA-FALL-main\dataset\25Hz,U24,D10_R01,D10,clapping_hands,clapping_hands,0,none,False,72,122,2.8819999999999997,4.842,25.0,50,12,"ax,ay,az,gx,gy,gz,acc_mag,gyro_mag,jerk,roll,pitch,tilt_delta",25.0,25.0,raw_25hz_time_aligned_to_uniform_25hz,adl_sliding_capped,243,246,,,dataset_unit_map,wrist,weda,m/s^2,rad/s,m/s^2,rad/s,1.0,1.0,True,test,non_fall,non_fall,1.9708777472260408e-05,none,backward,0.854995846748352
w25_00004907,weda,C:\Users\ADMIN\Desktop\ds-fall\data\raw\WEDA-FALL-main\dataset\25Hz\D10\U24_R01_accel.csv,C:\Users\ADMIN\Desktop\ds-fall\data\raw\WEDA-FALL-main\dataset\25Hz,U24,D10_R01,D10,clapping_hands,clapping_hands,0,none,False,84,134,3.3619999999999997,5.322,25.0,50,12,"ax,ay,az,gx,gy,gz,acc_mag,gyro_mag,jerk,roll,pitch,tilt_delta",25.0,25.0,raw_25hz_time_aligned_to_uniform_25hz,adl_sliding_capped,243,246,,,dataset_unit_map,wrist,weda,m/s^2,rad/s,m/s^2,rad/s,1.0,1.0,True,test,non_fall,non_fall,3.049414408451412e-05,none,backward,0.9066323637962341
w25_00004908,weda,C:\Users\ADMIN\Desktop\ds-fall\data\raw\WEDA-FALL-main\dataset\25Hz\D10\U24_R01_accel.csv,C:\Users\ADMIN\Desktop\ds-fall\data\raw\WEDA-FALL-main\dataset\25Hz,U24,D10_R01,D10,clapping_hands,clapping_hands,0,none,False,96,146,3.8419999999999996,5.802,25.0,50,12,"ax,ay,az,gx,gy,gz,acc_mag,gyro_mag,jerk,roll,pitch,tilt_delta",25.0,25.0,raw_25hz_time_aligned_to_uniform_25hz,adl_sliding_capped,243,246,,,dataset_unit_map,wrist,weda,m/s^2,rad/s,m/s^2,rad/s,1.0,1.0,True,test,non_fall,non_fall,7.391923281829804e-05,none,backward,0.9476331472396851
w25_00004909,weda,C:\Users\ADMIN\Desktop\ds-fall\data\raw\WEDA-FALL-main\dataset\25Hz\D10\U24_R01_accel.csv,C:\Users\ADMIN\Desktop\ds-fall\data\raw\WEDA-FALL-main\dataset\25Hz,U24,D10_R01,D10,clapping_hands,clapping_hands,0,none,False,108,158,4.322,6.282,25.0,50,12,"ax,ay,az,gx,gy,gz,acc_mag,gyro_mag,jerk,roll,pitch,tilt_delta",25.0,25.0,raw_25hz_time_aligned_to_uniform_25hz,adl_sliding_capped,243,246,,,dataset_unit_map,wrist,weda,m/s^2,rad/s,m/s^2,rad/s,1.0,1.0,True,test,non_fall,non_fall,1.4269301573222037e-05,none,backward,0.9613625407218933
w25_00004910,weda,C:\Users\ADMIN\Desktop\ds-fall\data\raw\WEDA-FALL-main\dataset\25Hz\D10\U25_R01_accel.csv,C:\Users\ADMIN\Desktop\ds-fall\data\raw\WEDA-FALL-main\dataset\25Hz,U25,D10_R01,D10,clapping_hands,clapping_hands,0,none,False,0,50,0.001,1.9609999999999999,25.0,50,12,"ax,ay,az,gx,gy,gz,acc_mag,gyro_mag,jerk,roll,pitch,tilt_delta",25.0,25.0,raw_25hz_time_aligned_to_uniform_25hz,adl_sliding_capped,264,267,,,dataset_unit_map,wrist,weda,m/s^2,rad/s,m/s^2,rad/s,1.0,1.0,True,test,non_fall,non_fall,6.707310603815131e-06,none,backward,0.9438076615333557
w25_00004911,weda,C:\Users\ADMIN\Desktop\ds-fall\data\raw\WEDA-FALL-main\dataset\25Hz\D10\U25_R01_accel.csv,C:\Users\ADMIN\Desktop\ds-fall\data\raw\WEDA-FALL-main\dataset\25Hz,U25,D10_R01,D10,clapping_hands,clapping_hands,0,none,False,12,62,0.481,2.441,25.0,50,12,"ax,ay,az,gx,gy,gz,acc_mag,gyro_mag,jerk,roll,pitch,tilt_delta",25.0,25.0,raw_25hz_time_aligned_to_uniform_25hz,adl_sliding_capped,264,267,,,dataset_unit_map,wrist,weda,m/s^2,rad/s,m/s^2,rad/s,1.0,1.0,True,test,non_fall,non_fall,2.3627842438145308e-06,none,backward,0.939562976360321
w25_00004912,weda,C:\Users\ADMIN\Desktop\ds-fall\data\raw\WEDA-FALL-main\dataset\25Hz\D10\U25_R01_accel.csv,C:\Users\ADMIN\Desktop\ds-fall\data\raw\WEDA-FALL-main\dataset\25Hz,U25,D10_R01,D10,clapping_hands,clapping_hands,0,none,False,24,74,0.961,2.921,25.0,50,12,"ax,ay,az,gx,gy,gz,acc_mag,gyro_mag,jerk,roll,pitch,tilt_delta",25.0,25.0,raw_25hz_time_aligned_to_uniform_25hz,adl_sliding_capped,264,267,,,dataset_unit_map,wrist,weda,m/s^2,rad/s,m/s^2,rad/s,1.0,1.0,True,test,non_fall,non_fall,2.0261497866158606e-06,none,backward,0.9366046786308289
w25_00004913,weda,C:\Users\ADMIN\Desktop\ds-fall\data\raw\WEDA-FALL-main\dataset\25Hz\D10\U25_R01_accel.csv,C:\Users\ADMIN\Desktop\ds-fall\data\raw\WEDA-FALL-main\dataset\25Hz,U25,D10_R01,D10,clapping_hands,clapping_hands,0,none,False,36,86,1.4409999999999998,3.401,25.0,50,12,"ax,ay,az,gx,gy,gz,acc_mag,gyro_mag,jerk,roll,pitch,tilt_delta",25.0,25.0,raw_25hz_time_aligned_to_uniform_25hz,adl_sliding_capped,264,267,,,dataset_unit_map,wrist,weda,m/s^2,rad/s,m/s^2,rad/s,1.0,1.0,True,test,non_fall,non_fall,2.6003982611655374e-07,none,backward,0.9078198671340942
w25_00004914,weda,C:\Users\ADMIN\Desktop\ds-fall\data\raw\WEDA-FALL-main\dataset\25Hz\D10\U25_R01_accel.csv,C:\Users\ADMIN\Desktop\ds-fall\data\raw\WEDA-FALL-main\dataset\25Hz,U25,D10_R01,D10,clapping_hands,clapping_hands,0,none,False,48,98,1.9209999999999998,3.881,25.0,50,12,"ax,ay,az,gx,gy,gz,acc_mag,gyro_mag,jerk,roll,pitch,tilt_delta",25.0,25.0,raw_25hz_time_aligned_to_uniform_25hz,adl_sliding_capped,264,267,,,dataset_unit_map,wrist,weda,m/s^2,rad/s,m/s^2,rad/s,1.0,1.0,True,test,non_fall,non_fall,2.567386161445029e-07,none,backward,0.9279661774635315
w25_00004915,weda,C:\Users\ADMIN\Desktop\ds-fall\data\raw\WEDA-FALL-main\dataset\25Hz\D10\U25_R01_accel.csv,C:\Users\ADMIN\Desktop\ds-fall\data\raw\WEDA-FALL-main\dataset\25Hz,U25,D10_R01,D10,clapping_hands,clapping_hands,0,none,False,60,110,2.401,4.361000000000001,25.0,50,12,"ax,ay,az,gx,gy,gz,acc_mag,gyro_mag,jerk,roll,pitch,tilt_delta",25.0,25.0,raw_25hz_time_aligned_to_uniform_25hz,adl_sliding_capped,264,267,,,dataset_unit_map,wrist,weda,m/s^2,rad/s,m/s^2,rad/s,1.0,1.0,True,test,non_fall,non_fall,2.808171757351374e-07,none,backward,0.9484358429908752
w25_00004916,weda,C:\Users\ADMIN\Desktop\ds-fall\data\raw\WEDA-FALL-main\dataset\25Hz\D10\U25_R01_accel.csv,C:\Users\ADMIN\Desktop\ds-fall\data\raw\WEDA-FALL-main\dataset\25Hz,U25,D10_R01,D10,clapping_hands,clapping_hands,0,none,False,72,122,2.881,4.841,25.0,50,12,"ax,ay,az,gx,gy,gz,acc_mag,gyro_mag,jerk,roll,pitch,tilt_delta",25.0,25.0,raw_25hz_time_aligned_to_uniform_25hz,adl_sliding_capped,264,267,,,dataset_unit_map,wrist,weda,m/s^2,rad/s,m/s^2,rad/s,1.0,1.0,True,test,non_fall,non_fall,2.911452838816331e-07,none,backward,0.9466108679771423
w25_00004917,weda,C:\Users\ADMIN\Desktop\ds-fall\data\raw\WEDA-FALL-main\dataset\25Hz\D10\U25_R01_accel.csv,C:\Users\ADMIN\Desktop\ds-fall\data\raw\WEDA-FALL-main\dataset\25Hz,U25,D10_R01,D10,clapping_hands,clapping_hands,0,none,False,84,134,3.3609999999999998,5.321000000000001,25.0,50,12,"ax,ay,az,gx,gy,gz,acc_mag,gyro_mag,jerk,roll,pitch,tilt_delta",25.0,25.0,raw_25hz_time_aligned_to_uniform_25hz,adl_sliding_capped,264,267,,,dataset_unit_map,wrist,weda,m/s^2,rad/s,m/s^2,rad/s,1.0,1.0,True,test,non_fall,non_fall,7.902566494522034e-07,none,backward,0.9535843133926392
w25_00004918,weda,C:\Users\ADMIN\Desktop\ds-fall\data\raw\WEDA-FALL-main\dataset\25Hz\D10\U25_R01_accel.csv,C:\Users\ADMIN\Desktop\ds-fall\data\raw\WEDA-FALL-main\dataset\25Hz,U25,D10_R01,D10,clapping_hands,clapping_hands,0,none,False,96,146,3.8409999999999997,5.801,25.0,50,12,"ax,ay,az,gx,gy,gz,acc_mag,gyro_mag,jerk,roll,pitch,tilt_delta",25.0,25.0,raw_25hz_time_aligned_to_uniform_25hz,adl_sliding_capped,264,267,,,dataset_unit_map,wrist,weda,m/s^2,rad/s,m/s^2,rad/s,1.0,1.0,True,test,non_fall,non_fall,1.8945759165944764e-06,none,backward,0.9393035173416138
w25_00004919,weda,C:\Users\ADMIN\Desktop\ds-fall\data\raw\WEDA-FALL-main\dataset\25Hz\D10\U25_R01_accel.csv,C:\Users\ADMIN\Desktop\ds-fall\data\raw\WEDA-FALL-main\dataset\25Hz,U25,D10_R01,D10,clapping_hands,clapping_hands,0,none,False,108,158,4.321000000000001,6.281000000000001,25.0,50,12,"ax,ay,az,gx,gy,gz,acc_mag,gyro_mag,jerk,roll,pitch,tilt_delta",25.0,25.0,raw_25hz_time_aligned_to_uniform_25hz,adl_sliding_capped,264,267,,,dataset_unit_map,wrist,weda,m/s^2,rad/s,m/s^2,rad/s,1.0,1.0,True,test,non_fall,non_fall,9.99501253318158e-07,none,backward,0.9220752120018005
w25_00004995,weda,C:\Users\ADMIN\Desktop\ds-fall\data\raw\WEDA-FALL-main\dataset\25Hz\D11\U04_R01_accel.csv,C:\Users\ADMIN\Desktop\ds-fall\data\raw\WEDA-FALL-main\dataset\25Hz,U04,D11_R01,D11,open_close_door,open_close_door,0,none,False,0,50,0.006,1.966,25.0,50,12,"ax,ay,az,gx,gy,gz,acc_mag,gyro_mag,jerk,roll,pitch,tilt_delta",25.0,25.0,raw_25hz_time_aligned_to_uniform_25hz,adl_sliding_capped,274,276,,,dataset_unit_map,wrist,weda,m/s^2,rad/s,m/s^2,rad/s,1.0,1.0,True,test,non_fall,non_fall,3.533049675752409e-05,none,backward,0.8663687109947205
w25_00004996,weda,C:\Users\ADMIN\Desktop\ds-fall\data\raw\WEDA-FALL-main\dataset\25Hz\D11\U04_R01_accel.csv,C:\Users\ADMIN\Desktop\ds-fall\data\raw\WEDA-FALL-main\dataset\25Hz,U04,D11_R01,D11,open_close_door,open_close_door,0,none,False,12,62,0.486,2.4459999999999997,25.0,50,12,"ax,ay,az,gx,gy,gz,acc_mag,gyro_mag,jerk,roll,pitch,tilt_delta",25.0,25.0,raw_25hz_time_aligned_to_uniform_25hz,adl_sliding_capped,274,276,,,dataset_unit_map,wrist,weda,m/s^2,rad/s,m/s^2,rad/s,1.0,1.0,True,test,non_fall,non_fall,0.00021732508321292698,none,lateral,0.5071092844009399
w25_00004997,weda,C:\Users\ADMIN\Desktop\ds-fall\data\raw\WEDA-FALL-main\dataset\25Hz\D11\U04_R01_accel.csv,C:\Users\ADMIN\Desktop\ds-fall\data\raw\WEDA-FALL-main\dataset\25Hz,U04,D11_R01,D11,open_close_door,open_close_door,0,none,False,24,74,0.966,2.9259999999999997,25.0,50,12,"ax,ay,az,gx,gy,gz,acc_mag,gyro_mag,jerk,roll,pitch,tilt_delta",25.0,25.0,raw_25hz_time_aligned_to_uniform_25hz,adl_sliding_capped,274,276,,,dataset_unit_map,wrist,weda,m/s^2,rad/s,m/s^2,rad/s,1.0,1.0,True,test,non_fall,non_fall,2.854452577594202e-05,none,backward,0.6811208128929138
w25_00004998,weda,C:\Users\ADMIN\Desktop\ds-fall\data\raw\WEDA-FALL-main\dataset\25Hz\D11\U04_R01_accel.csv,C:\Users\ADMIN\Desktop\ds-fall\data\raw\WEDA-FALL-main\dataset\25Hz,U04,D11_R01,D11,open_close_door,open_close_door,0,none,False,36,86,1.446,3.4059999999999997,25.0,50,12,"ax,ay,az,gx,gy,gz,acc_mag,gyro_mag,jerk,roll,pitch,tilt_delta",25.0,25.0,raw_25hz_time_aligned_to_uniform_25hz,adl_sliding_capped,274,276,,,dataset_unit_map,wrist,weda,m/s^2,rad/s,m/s^2,rad/s,1.0,1.0,True,test,non_fall,non_fall,8.90187129698461e-06,none,backward,0.5295289754867554
w25_00004999,weda,C:\Users\ADMIN\Desktop\ds-fall\data\raw\WEDA-FALL-main\dataset\25Hz\D11\U04_R01_accel.csv,C:\Users\ADMIN\Desktop\ds-fall\data\raw\WEDA-FALL-main\dataset\25Hz,U04,D11_R01,D11,open_close_door,open_close_door,0,none,False,48,98,1.926,3.8859999999999997,25.0,50,12,"ax,ay,az,gx,gy,gz,acc_mag,gyro_mag,jerk,roll,pitch,tilt_delta",25.0,25.0,raw_25hz_time_aligned_to_uniform_25hz,adl_sliding_capped,274,276,,,dataset_unit_map,wrist,weda,m/s^2,rad/s,m/s^2,rad/s,1.0,1.0,True,test,non_fall,non_fall,5.014932185076759e-07,none,backward,0.5489991307258606
w25_00005065,weda,C:\Users\ADMIN\Desktop\ds-fall\data\raw\WEDA-FALL-main\dataset\25Hz\D11\U24_R01_accel.csv,C:\Users\ADMIN\Desktop\ds-fall\data\raw\WEDA-FALL-main\dataset\25Hz,U24,D11_R01,D11,open_close_door,open_close_door,0,none,False,0,50,0.002,1.962,25.0,50,12,"ax,ay,az,gx,gy,gz,acc_mag,gyro_mag,jerk,roll,pitch,tilt_delta",25.0,25.0,raw_25hz_time_aligned_to_uniform_25hz,adl_sliding_capped,166,166,,,dataset_unit_map,wrist,weda,m/s^2,rad/s,m/s^2,rad/s,1.0,1.0,True,test,non_fall,non_fall,4.032176730106585e-05,none,backward,0.9189764261245728
w25_00005066,weda,C:\Users\ADMIN\Desktop\ds-fall\data\raw\WEDA-FALL-main\dataset\25Hz\D11\U24_R01_accel.csv,C:\Users\ADMIN\Desktop\ds-fall\data\raw\WEDA-FALL-main\dataset\25Hz,U24,D11_R01,D11,open_close_door,open_close_door,0,none,False,12,62,0.482,2.4419999999999997,25.0,50,12,"ax,ay,az,gx,gy,gz,acc_mag,gyro_mag,jerk,roll,pitch,tilt_delta",25.0,25.0,raw_25hz_time_aligned_to_uniform_25hz,adl_sliding_capped,166,166,,,dataset_unit_map,wrist,weda,m/s^2,rad/s,m/s^2,rad/s,1.0,1.0,True,test,non_fall,non_fall,0.0013473698636516929,none,backward,0.9413953423500061
w25_00005067,weda,C:\Users\ADMIN\Desktop\ds-fall\data\raw\WEDA-FALL-main\dataset\25Hz\D11\U24_R01_accel.csv,C:\Users\ADMIN\Desktop\ds-fall\data\raw\WEDA-FALL-main\dataset\25Hz,U24,D11_R01,D11,open_close_door,open_close_door,0,none,False,24,74,0.962,2.9219999999999997,25.0,50,12,"ax,ay,az,gx,gy,gz,acc_mag,gyro_mag,jerk,roll,pitch,tilt_delta",25.0,25.0,raw_25hz_time_aligned_to_uniform_25hz,adl_sliding_capped,166,166,,,dataset_unit_map,wrist,weda,m/s^2,rad/s,m/s^2,rad/s,1.0,1.0,True,test,non_fall,non_fall,0.0001742091408232227,none,backward,0.9316849708557129
w25_00005068,weda,C:\Users\ADMIN\Desktop\ds-fall\data\raw\WEDA-FALL-main\dataset\25Hz\D11\U24_R01_accel.csv,C:\Users\ADMIN\Desktop\ds-fall\data\raw\WEDA-FALL-main\dataset\25Hz,U24,D11_R01,D11,open_close_door,open_close_door,0,none,False,36,86,1.442,3.4019999999999997,25.0,50,12,"ax,ay,az,gx,gy,gz,acc_mag,gyro_mag,jerk,roll,pitch,tilt_delta",25.0,25.0,raw_25hz_time_aligned_to_uniform_25hz,adl_sliding_capped,166,166,,,dataset_unit_map,wrist,weda,m/s^2,rad/s,m/s^2,rad/s,1.0,1.0,True,test,non_fall,non_fall,0.0011884600389748812,none,backward,0.9360500574111938
w25_00005069,weda,C:\Users\ADMIN\Desktop\ds-fall\data\raw\WEDA-FALL-main\dataset\25Hz\D11\U24_R01_accel.csv,C:\Users\ADMIN\Desktop\ds-fall\data\raw\WEDA-FALL-main\dataset\25Hz,U24,D11_R01,D11,open_close_door,open_close_door,0,none,False,48,98,1.922,3.8819999999999997,25.0,50,12,"ax,ay,az,gx,gy,gz,acc_mag,gyro_mag,jerk,roll,pitch,tilt_delta",25.0,25.0,raw_25hz_time_aligned_to_uniform_25hz,adl_sliding_capped,166,166,,,dataset_unit_map,wrist,weda,m/s^2,rad/s,m/s^2,rad/s,1.0,1.0,True,test,non_fall,non_fall,0.001551247201859951,none,backward,0.9344311356544495
w25_00005070,weda,C:\Users\ADMIN\Desktop\ds-fall\data\raw\WEDA-FALL-main\dataset\25Hz\D11\U25_R01_accel.csv,C:\Users\ADMIN\Desktop\ds-fall\data\raw\WEDA-FALL-main\dataset\25Hz,U25,D11_R01,D11,open_close_door,open_close_door,0,none,False,0,50,0.002,1.962,25.0,50,12,"ax,ay,az,gx,gy,gz,acc_mag,gyro_mag,jerk,roll,pitch,tilt_delta",25.0,25.0,raw_25hz_time_aligned_to_uniform_25hz,adl_sliding_capped,247,249,,,dataset_unit_map,wrist,weda,m/s^2,rad/s,m/s^2,rad/s,1.0,1.0,True,test,non_fall,non_fall,1.2151490409451071e-06,none,backward,0.8877957463264465
w25_00005071,weda,C:\Users\ADMIN\Desktop\ds-fall\data\raw\WEDA-FALL-main\dataset\25Hz\D11\U25_R01_accel.csv,C:\Users\ADMIN\Desktop\ds-fall\data\raw\WEDA-FALL-main\dataset\25Hz,U25,D11_R01,D11,open_close_door,open_close_door,0,none,False,12,62,0.482,2.4419999999999997,25.0,50,12,"ax,ay,az,gx,gy,gz,acc_mag,gyro_mag,jerk,roll,pitch,tilt_delta",25.0,25.0,raw_25hz_time_aligned_to_uniform_25hz,adl_sliding_capped,247,249,,,dataset_unit_map,wrist,weda,m/s^2,rad/s,m/s^2,rad/s,1.0,1.0,True,test,non_fall,non_fall,3.993073187302798e-05,none,backward,0.8486071228981018
w25_00005072,weda,C:\Users\ADMIN\Desktop\ds-fall\data\raw\WEDA-FALL-main\dataset\25Hz\D11\U25_R01_accel.csv,C:\Users\ADMIN\Desktop\ds-fall\data\raw\WEDA-FALL-main\dataset\25Hz,U25,D11_R01,D11,open_close_door,open_close_door,0,none,False,24,74,0.962,2.9219999999999997,25.0,50,12,"ax,ay,az,gx,gy,gz,acc_mag,gyro_mag,jerk,roll,pitch,tilt_delta",25.0,25.0,raw_25hz_time_aligned_to_uniform_25hz,adl_sliding_capped,247,249,,,dataset_unit_map,wrist,weda,m/s^2,rad/s,m/s^2,rad/s,1.0,1.0,True,test,non_fall,non_fall,0.014128297567367554,none,backward,0.8556373715400696
w25_00005073,weda,C:\Users\ADMIN\Desktop\ds-fall\data\raw\WEDA-FALL-main\dataset\25Hz\D11\U25_R01_accel.csv,C:\Users\ADMIN\Desktop\ds-fall\data\raw\WEDA-FALL-main\dataset\25Hz,U25,D11_R01,D11,open_close_door,open_close_door,0,none,False,36,86,1.442,3.4019999999999997,25.0,50,12,"ax,ay,az,gx,gy,gz,acc_mag,gyro_mag,jerk,roll,pitch,tilt_delta",25.0,25.0,raw_25hz_time_aligned_to_uniform_25hz,adl_sliding_capped,247,249,,,dataset_unit_map,wrist,weda,m/s^2,rad/s,m/s^2,rad/s,1.0,1.0,True,test,non_fall,non_fall,0.005274527240544558,none,backward,0.8971574902534485
w25_00005074,weda,C:\Users\ADMIN\Desktop\ds-fall\data\raw\WEDA-FALL-main\dataset\25Hz\D11\U25_R01_accel.csv,C:\Users\ADMIN\Desktop\ds-fall\data\raw\WEDA-FALL-main\dataset\25Hz,U25,D11_R01,D11,open_close_door,open_close_door,0,none,False,48,98,1.922,3.8819999999999997,25.0,50,12,"ax,ay,az,gx,gy,gz,acc_mag,gyro_mag,jerk,roll,pitch,tilt_delta",25.0,25.0,raw_25hz_time_aligned_to_uniform_25hz,adl_sliding_capped,247,249,,,dataset_unit_map,wrist,weda,m/s^2,rad/s,m/s^2,rad/s,1.0,1.0,True,test,non_fall,non_fall,0.0021005412563681602,none,backward,0.9083830714225769
w25_00005114,weda,C:\Users\ADMIN\Desktop\ds-fall\data\raw\WEDA-FALL-main\dataset\25Hz\F01\U04_R01_accel.csv,C:\Users\ADMIN\Desktop\ds-fall\data\raw\WEDA-FALL-main\dataset\25Hz,U04,F01_R01,F01,fall_forward_walking_slip,fall_forward_walking_slip,1,forward,True,108,158,4.336,6.296,25.0,50,12,"ax,ay,az,gx,gy,gz,acc_mag,gyro_mag,jerk,roll,pitch,tilt_delta",25.0,25.0,raw_25hz_time_aligned_to_uniform_25hz,fall_interval_peak_acc_centered,414,418,4.3,7.3,dataset_unit_map,wrist,weda,m/s^2,rad/s,m/s^2,rad/s,1.0,1.0,True,test,fall,fall,0.9999970197677612,forward,lateral,0.6877281665802002
w25_00005115,weda,C:\Users\ADMIN\Desktop\ds-fall\data\raw\WEDA-FALL-main\dataset\25Hz\F01\U04_R02_accel.csv,C:\Users\ADMIN\Desktop\ds-fall\data\raw\WEDA-FALL-main\dataset\25Hz,U04,F01_R02,F01,fall_forward_walking_slip,fall_forward_walking_slip,1,forward,True,98,148,3.9219999999999997,5.882,25.0,50,12,"ax,ay,az,gx,gy,gz,acc_mag,gyro_mag,jerk,roll,pitch,tilt_delta",25.0,25.0,raw_25hz_time_aligned_to_uniform_25hz,fall_interval_peak_acc_centered,405,409,3.7,6.7,dataset_unit_map,wrist,weda,m/s^2,rad/s,m/s^2,rad/s,1.0,1.0,True,test,fall,fall,0.9999998807907104,forward,lateral,0.5145189166069031
w25_00005116,weda,C:\Users\ADMIN\Desktop\ds-fall\data\raw\WEDA-FALL-main\dataset\25Hz\F01\U04_R03_accel.csv,C:\Users\ADMIN\Desktop\ds-fall\data\raw\WEDA-FALL-main\dataset\25Hz,U04,F01_R03,F01,fall_forward_walking_slip,fall_forward_walking_slip,1,forward,True,127,177,5.082,7.042,25.0,50,12,"ax,ay,az,gx,gy,gz,acc_mag,gyro_mag,jerk,roll,pitch,tilt_delta",25.0,25.0,raw_25hz_time_aligned_to_uniform_25hz,fall_interval_peak_acc_centered,264,266,5.0,8.0,dataset_unit_map,wrist,weda,m/s^2,rad/s,m/s^2,rad/s,1.0,1.0,True,test,fall,fall,0.999769389629364,forward,forward,0.8721591234207153
w25_00005156,weda,C:\Users\ADMIN\Desktop\ds-fall\data\raw\WEDA-FALL-main\dataset\25Hz\F02\U04_R01_accel.csv,C:\Users\ADMIN\Desktop\ds-fall\data\raw\WEDA-FALL-main\dataset\25Hz,U04,F02_R01,F02,lateral_fall_walking_slip,lateral_fall_walking_slip,1,lateral,True,100,150,4.002,5.962,25.0,50,12,"ax,ay,az,gx,gy,gz,acc_mag,gyro_mag,jerk,roll,pitch,tilt_delta",25.0,25.0,raw_25hz_time_aligned_to_uniform_25hz,fall_interval_peak_acc_centered,271,273,4.0,7.0,dataset_unit_map,wrist,weda,m/s^2,rad/s,m/s^2,rad/s,1.0,1.0,True,test,fall,fall,0.999901533126831,lateral,lateral,0.9185769557952881
w25_00005157,weda,C:\Users\ADMIN\Desktop\ds-fall\data\raw\WEDA-FALL-main\dataset\25Hz\F02\U04_R02_accel.csv,C:\Users\ADMIN\Desktop\ds-fall\data\raw\WEDA-FALL-main\dataset\25Hz,U04,F02_R02,F02,lateral_fall_walking_slip,lateral_fall_walking_slip,1,lateral,True,98,148,3.9219999999999997,5.882,25.0,50,12,"ax,ay,az,gx,gy,gz,acc_mag,gyro_mag,jerk,roll,pitch,tilt_delta",25.0,25.0,raw_25hz_time_aligned_to_uniform_25hz,fall_interval_peak_acc_centered,333,335,4.0,7.0,dataset_unit_map,wrist,weda,m/s^2,rad/s,m/s^2,rad/s,1.0,1.0,True,test,fall,fall,0.9990301132202148,lateral,lateral,0.5857236385345459
w25_00005158,weda,C:\Users\ADMIN\Desktop\ds-fall\data\raw\WEDA-FALL-main\dataset\25Hz\F02\U04_R03_accel.csv,C:\Users\ADMIN\Desktop\ds-fall\data\raw\WEDA-FALL-main\dataset\25Hz,U04,F02_R03,F02,lateral_fall_walking_slip,lateral_fall_walking_slip,1,lateral,True,97,147,3.883,5.843,25.0,50,12,"ax,ay,az,gx,gy,gz,acc_mag,gyro_mag,jerk,roll,pitch,tilt_delta",25.0,25.0,raw_25hz_time_aligned_to_uniform_25hz,fall_interval_peak_acc_centered,252,254,4.0,7.0,dataset_unit_map,wrist,weda,m/s^2,rad/s,m/s^2,rad/s,1.0,1.0,True,test,fall,fall,0.9999895095825195,lateral,lateral,0.9514403343200684
w25_00005198,weda,C:\Users\ADMIN\Desktop\ds-fall\data\raw\WEDA-FALL-main\dataset\25Hz\F03\U04_R01_accel.csv,C:\Users\ADMIN\Desktop\ds-fall\data\raw\WEDA-FALL-main\dataset\25Hz,U04,F03_R01,F03,fall_backward_walking_slip,fall_backward_walking_slip,1,backward,True,127,177,5.082,7.042,25.0,50,12,"ax,ay,az,gx,gy,gz,acc_mag,gyro_mag,jerk,roll,pitch,tilt_delta",25.0,25.0,raw_25hz_time_aligned_to_uniform_25hz,fall_interval_peak_acc_centered,283,285,5.0,8.0,dataset_unit_map,wrist,weda,m/s^2,rad/s,m/s^2,rad/s,1.0,1.0,True,test,fall,fall,0.9997031092643738,backward,forward,0.40621712803840637
w25_00005199,weda,C:\Users\ADMIN\Desktop\ds-fall\data\raw\WEDA-FALL-main\dataset\25Hz\F03\U04_R02_accel.csv,C:\Users\ADMIN\Desktop\ds-fall\data\raw\WEDA-FALL-main\dataset\25Hz,U04,F03_R02,F03,fall_backward_walking_slip,fall_backward_walking_slip,1,backward,True,93,143,3.7270000000000003,5.686999999999999,25.0,50,12,"ax,ay,az,gx,gy,gz,acc_mag,gyro_mag,jerk,roll,pitch,tilt_delta",25.0,25.0,raw_25hz_time_aligned_to_uniform_25hz,fall_interval_peak_acc_centered,217,219,4.0,7.0,dataset_unit_map,wrist,weda,m/s^2,rad/s,m/s^2,rad/s,1.0,1.0,True,test,fall,fall,0.9868420958518982,backward,backward,0.5260307788848877
w25_00005200,weda,C:\Users\ADMIN\Desktop\ds-fall\data\raw\WEDA-FALL-main\dataset\25Hz\F03\U04_R03_accel.csv,C:\Users\ADMIN\Desktop\ds-fall\data\raw\WEDA-FALL-main\dataset\25Hz,U04,F03_R03,F03,fall_backward_walking_slip,fall_backward_walking_slip,1,backward,True,104,154,4.162,6.122,25.0,50,12,"ax,ay,az,gx,gy,gz,acc_mag,gyro_mag,jerk,roll,pitch,tilt_delta",25.0,25.0,raw_25hz_time_aligned_to_uniform_25hz,fall_interval_peak_acc_centered,234,236,4.0,7.0,dataset_unit_map,wrist,weda,m/s^2,rad/s,m/s^2,rad/s,1.0,1.0,True,test,fall,fall,0.9999569654464722,backward,forward,0.6044517755508423
w25_00005240,weda,C:\Users\ADMIN\Desktop\ds-fall\data\raw\WEDA-FALL-main\dataset\25Hz\F04\U04_R01_accel.csv,C:\Users\ADMIN\Desktop\ds-fall\data\raw\WEDA-FALL-main\dataset\25Hz,U04,F04_R01,F04,fall_forward_walking_trip,fall_forward_walking_trip,1,forward,True,85,135,3.403,5.363,25.0,50,12,"ax,ay,az,gx,gy,gz,acc_mag,gyro_mag,jerk,roll,pitch,tilt_delta",25.0,25.0,raw_25hz_time_aligned_to_uniform_25hz,fall_interval_peak_acc_centered,237,238,3.0,6.0,dataset_unit_map,wrist,weda,m/s^2,rad/s,m/s^2,rad/s,1.0,1.0,True,test,fall,fall,0.9737465977668762,forward,forward,0.6271029114723206
w25_00005241,weda,C:\Users\ADMIN\Desktop\ds-fall\data\raw\WEDA-FALL-main\dataset\25Hz\F04\U04_R02_accel.csv,C:\Users\ADMIN\Desktop\ds-fall\data\raw\WEDA-FALL-main\dataset\25Hz,U04,F04_R02,F04,fall_forward_walking_trip,fall_forward_walking_trip,1,forward,True,85,135,3.4019999999999997,5.362,25.0,50,12,"ax,ay,az,gx,gy,gz,acc_mag,gyro_mag,jerk,roll,pitch,tilt_delta",25.0,25.0,raw_25hz_time_aligned_to_uniform_25hz,fall_interval_peak_acc_centered,237,238,3.2,6.2,dataset_unit_map,wrist,weda,m/s^2,rad/s,m/s^2,rad/s,1.0,1.0,True,test,fall,fall,0.9999980926513672,forward,forward,0.9469253420829773
w25_00005242,weda,C:\Users\ADMIN\Desktop\ds-fall\data\raw\WEDA-FALL-main\dataset\25Hz\F04\U04_R03_accel.csv,C:\Users\ADMIN\Desktop\ds-fall\data\raw\WEDA-FALL-main\dataset\25Hz,U04,F04_R03,F04,fall_forward_walking_trip,fall_forward_walking_trip,1,forward,True,91,141,3.642,5.602,25.0,50,12,"ax,ay,az,gx,gy,gz,acc_mag,gyro_mag,jerk,roll,pitch,tilt_delta",25.0,25.0,raw_25hz_time_aligned_to_uniform_25hz,fall_interval_peak_acc_centered,225,226,3.6,6.6,dataset_unit_map,wrist,weda,m/s^2,rad/s,m/s^2,rad/s,1.0,1.0,True,test,fall,fall,0.9999997615814209,forward,lateral,0.6151627898216248
w25_00005282,weda,C:\Users\ADMIN\Desktop\ds-fall\data\raw\WEDA-FALL-main\dataset\25Hz\F05\U04_R01_accel.csv,C:\Users\ADMIN\Desktop\ds-fall\data\raw\WEDA-FALL-main\dataset\25Hz,U04,F05_R01,F05,fall_backward_trying_to_sit,fall_backward_trying_to_sit,1,backward,True,63,113,2.521,4.481000000000001,25.0,50,12,"ax,ay,az,gx,gy,gz,acc_mag,gyro_mag,jerk,roll,pitch,tilt_delta",25.0,25.0,raw_25hz_time_aligned_to_uniform_25hz,fall_interval_peak_acc_centered,163,164,2.5,5.5,dataset_unit_map,wrist,weda,m/s^2,rad/s,m/s^2,rad/s,1.0,1.0,True,test,fall,fall,0.9999984502792358,backward,forward,0.9183570742607117
w25_00005283,weda,C:\Users\ADMIN\Desktop\ds-fall\data\raw\WEDA-FALL-main\dataset\25Hz\F05\U04_R02_accel.csv,C:\Users\ADMIN\Desktop\ds-fall\data\raw\WEDA-FALL-main\dataset\25Hz,U04,F05_R02,F05,fall_backward_trying_to_sit,fall_backward_trying_to_sit,1,backward,True,66,116,2.7159999999999997,4.675999999999999,25.0,50,12,"ax,ay,az,gx,gy,gz,acc_mag,gyro_mag,jerk,roll,pitch,tilt_delta",25.0,25.0,raw_25hz_time_aligned_to_uniform_25hz,fall_interval_peak_acc_centered,191,191,2.8,5.8,dataset_unit_map,wrist,weda,m/s^2,rad/s,m/s^2,rad/s,1.0,1.0,True,test,fall,fall,0.9998557567596436,backward,lateral,0.6789677143096924
w25_00005284,weda,C:\Users\ADMIN\Desktop\ds-fall\data\raw\WEDA-FALL-main\dataset\25Hz\F05\U04_R03_accel.csv,C:\Users\ADMIN\Desktop\ds-fall\data\raw\WEDA-FALL-main\dataset\25Hz,U04,F05_R03,F05,fall_backward_trying_to_sit,fall_backward_trying_to_sit,1,backward,True,93,143,3.722,5.6819999999999995,25.0,50,12,"ax,ay,az,gx,gy,gz,acc_mag,gyro_mag,jerk,roll,pitch,tilt_delta",25.0,25.0,raw_25hz_time_aligned_to_uniform_25hz,fall_interval_peak_acc_centered,225,225,3.6,6.6,dataset_unit_map,wrist,weda,m/s^2,rad/s,m/s^2,rad/s,1.0,1.0,True,test,fall,fall,0.9777302742004395,backward,backward,0.7046303749084473
w25_00005324,weda,C:\Users\ADMIN\Desktop\ds-fall\data\raw\WEDA-FALL-main\dataset\25Hz\F06\U04_R01_accel.csv,C:\Users\ADMIN\Desktop\ds-fall\data\raw\WEDA-FALL-main\dataset\25Hz,U04,F06_R01,F06,fall_forward_sitting,fall_forward_sitting,1,forward,True,75,125,3.002,4.962,25.0,50,12,"ax,ay,az,gx,gy,gz,acc_mag,gyro_mag,jerk,roll,pitch,tilt_delta",25.0,25.0,raw_25hz_time_aligned_to_uniform_25hz,fall_interval_peak_acc_centered,227,229,3.0,6.0,dataset_unit_map,wrist,weda,m/s^2,rad/s,m/s^2,rad/s,1.0,1.0,True,test,fall,non_fall,0.0989222303032875,forward,forward,0.9591902494430542
w25_00005325,weda,C:\Users\ADMIN\Desktop\ds-fall\data\raw\WEDA-FALL-main\dataset\25Hz\F06\U04_R02_accel.csv,C:\Users\ADMIN\Desktop\ds-fall\data\raw\WEDA-FALL-main\dataset\25Hz,U04,F06_R02,F06,fall_forward_sitting,fall_forward_sitting,1,forward,True,89,139,3.562,5.522,25.0,50,12,"ax,ay,az,gx,gy,gz,acc_mag,gyro_mag,jerk,roll,pitch,tilt_delta",25.0,25.0,raw_25hz_time_aligned_to_uniform_25hz,fall_interval_peak_acc_centered,214,216,3.5,6.5,dataset_unit_map,wrist,weda,m/s^2,rad/s,m/s^2,rad/s,1.0,1.0,True,test,fall,fall,0.998691976070404,forward,forward,0.9832339286804199
w25_00005326,weda,C:\Users\ADMIN\Desktop\ds-fall\data\raw\WEDA-FALL-main\dataset\25Hz\F06\U04_R03_accel.csv,C:\Users\ADMIN\Desktop\ds-fall\data\raw\WEDA-FALL-main\dataset\25Hz,U04,F06_R03,F06,fall_forward_sitting,fall_forward_sitting,1,forward,True,41,91,1.6420000000000001,3.602,25.0,50,12,"ax,ay,az,gx,gy,gz,acc_mag,gyro_mag,jerk,roll,pitch,tilt_delta",25.0,25.0,raw_25hz_time_aligned_to_uniform_25hz,fall_interval_peak_acc_centered,193,194,1.8,4.8,dataset_unit_map,wrist,weda,m/s^2,rad/s,m/s^2,rad/s,1.0,1.0,True,test,fall,fall,0.993835985660553,forward,forward,0.8235438466072083
w25_00005366,weda,C:\Users\ADMIN\Desktop\ds-fall\data\raw\WEDA-FALL-main\dataset\25Hz\F07\U04_R01_accel.csv,C:\Users\ADMIN\Desktop\ds-fall\data\raw\WEDA-FALL-main\dataset\25Hz,U04,F07_R01,F07,fall_backward_sitting,fall_backward_sitting,1,backward,True,50,100,2.002,3.9619999999999997,25.0,50,12,"ax,ay,az,gx,gy,gz,acc_mag,gyro_mag,jerk,roll,pitch,tilt_delta",25.0,25.0,raw_25hz_time_aligned_to_uniform_25hz,fall_interval_peak_acc_centered,192,193,2.0,5.0,dataset_unit_map,wrist,weda,m/s^2,rad/s,m/s^2,rad/s,1.0,1.0,True,test,fall,fall,0.9999598264694214,backward,backward,0.5543401837348938
w25_00005367,weda,C:\Users\ADMIN\Desktop\ds-fall\data\raw\WEDA-FALL-main\dataset\25Hz\F07\U04_R02_accel.csv,C:\Users\ADMIN\Desktop\ds-fall\data\raw\WEDA-FALL-main\dataset\25Hz,U04,F07_R02,F07,fall_backward_sitting,fall_backward_sitting,1,backward,True,55,105,2.2070000000000003,4.167,25.0,50,12,"ax,ay,az,gx,gy,gz,acc_mag,gyro_mag,jerk,roll,pitch,tilt_delta",25.0,25.0,raw_25hz_time_aligned_to_uniform_25hz,fall_interval_peak_acc_centered,207,209,1.8,4.8,dataset_unit_map,wrist,weda,m/s^2,rad/s,m/s^2,rad/s,1.0,1.0,True,test,fall,non_fall,0.4455444812774658,backward,backward,0.6411728262901306
w25_00005368,weda,C:\Users\ADMIN\Desktop\ds-fall\data\raw\WEDA-FALL-main\dataset\25Hz\F07\U04_R03_accel.csv,C:\Users\ADMIN\Desktop\ds-fall\data\raw\WEDA-FALL-main\dataset\25Hz,U04,F07_R03,F07,fall_backward_sitting,fall_backward_sitting,1,backward,True,90,140,3.602,5.562,25.0,50,12,"ax,ay,az,gx,gy,gz,acc_mag,gyro_mag,jerk,roll,pitch,tilt_delta",25.0,25.0,raw_25hz_time_aligned_to_uniform_25hz,fall_interval_peak_acc_centered,222,224,3.5,6.5,dataset_unit_map,wrist,weda,m/s^2,rad/s,m/s^2,rad/s,1.0,1.0,True,test,fall,fall,0.9999680519104004,backward,backward,0.9187201857566833
w25_00005411,weda,C:\Users\ADMIN\Desktop\ds-fall\data\raw\WEDA-FALL-main\dataset\25Hz\F08\U04_R01_accel.csv,C:\Users\ADMIN\Desktop\ds-fall\data\raw\WEDA-FALL-main\dataset\25Hz,U04,F08_R01,F08,lateral_fall_sitting,lateral_fall_sitting,1,lateral,True,71,121,2.8419999999999996,4.802,25.0,50,12,"ax,ay,az,gx,gy,gz,acc_mag,gyro_mag,jerk,roll,pitch,tilt_delta",25.0,25.0,raw_25hz_time_aligned_to_uniform_25hz,fall_interval_peak_acc_centered,190,194,2.1,6.8,dataset_unit_map,wrist,weda,m/s^2,rad/s,m/s^2,rad/s,1.0,1.0,True,test,fall,fall,0.9999970197677612,lateral,backward,0.6106893420219421
w25_00005412,weda,C:\Users\ADMIN\Desktop\ds-fall\data\raw\WEDA-FALL-main\dataset\25Hz\F08\U04_R02_accel.csv,C:\Users\ADMIN\Desktop\ds-fall\data\raw\WEDA-FALL-main\dataset\25Hz,U04,F08_R02,F08,lateral_fall_sitting,lateral_fall_sitting,1,lateral,True,93,143,3.722,5.6819999999999995,25.0,50,12,"ax,ay,az,gx,gy,gz,acc_mag,gyro_mag,jerk,roll,pitch,tilt_delta",25.0,25.0,raw_25hz_time_aligned_to_uniform_25hz,fall_interval_peak_acc_centered,200,202,3.4,6.4,dataset_unit_map,wrist,weda,m/s^2,rad/s,m/s^2,rad/s,1.0,1.0,True,test,fall,fall,0.999151349067688,lateral,backward,0.6686295866966248
w25_00005413,weda,C:\Users\ADMIN\Desktop\ds-fall\data\raw\WEDA-FALL-main\dataset\25Hz\F08\U04_R03_accel.csv,C:\Users\ADMIN\Desktop\ds-fall\data\raw\WEDA-FALL-main\dataset\25Hz,U04,F08_R03,F08,lateral_fall_sitting,lateral_fall_sitting,1,lateral,True,63,113,2.522,4.482,25.0,50,12,"ax,ay,az,gx,gy,gz,acc_mag,gyro_mag,jerk,roll,pitch,tilt_delta",25.0,25.0,raw_25hz_time_aligned_to_uniform_25hz,fall_interval_peak_acc_centered,148,148,2.0,5.0,dataset_unit_map,wrist,weda,m/s^2,rad/s,m/s^2,rad/s,1.0,1.0,True,test,fall,fall,0.9999171495437622,lateral,lateral,0.8122395873069763
w25_00005414,weda,C:\Users\ADMIN\Desktop\ds-fall\data\raw\WEDA-FALL-main\dataset\25Hz\F08\U04_R04_accel.csv,C:\Users\ADMIN\Desktop\ds-fall\data\raw\WEDA-FALL-main\dataset\25Hz,U04,F08_R04,F08,lateral_fall_sitting,lateral_fall_sitting,1,lateral,True,76,126,3.042,5.002,25.0,50,12,"ax,ay,az,gx,gy,gz,acc_mag,gyro_mag,jerk,roll,pitch,tilt_delta",25.0,25.0,raw_25hz_time_aligned_to_uniform_25hz,fall_interval_peak_acc_centered,168,168,2.2,5.2,dataset_unit_map,wrist,weda,m/s^2,rad/s,m/s^2,rad/s,1.0,1.0,True,test,fall,fall,0.9999634027481079,lateral,lateral,0.44361612200737
