window_id,dataset,source_path,source_folder,subject_id,trial_id,activity_id,activity_name,activity,fall_label,direction_label,direction_supervised,start_idx,end_idx,start_time,end_time,sampling_rate,window_size,stride_size,feature_order,source_hz,target_hz,resampling_method,window_rule,original_length,processed_length,fall_interval_start,fall_interval_end,unit_conversion,sensor_position,dataset_name,acc_unit_before,gyro_unit_before,acc_unit_after,gyro_unit_after,conversion_factor_acc,conversion_factor_gyro,unit_harmonized,split,true_fall,pred_fall,fall_prob,true_direction,pred_direction,direction_confidence
w25_00000595,bits,C:\Users\ADMIN\Desktop\ds-fall\data\raw\Dataset\adl\user17\user17_adl1.csv,C:\Users\ADMIN\Desktop\ds-fall\data\raw\Dataset,user17,user17_adl1,adl1,walking_slowly,walking_slowly,0,none,False,0,50,0.0,2.0,25.0,50,12,"ax,ay,az,gx,gy,gz,acc_mag,gyro_mag,jerk,roll,pitch,tilt_delta",20.0,25.0,uniform_20hz_time_interpolation_to_25hz,adl_sliding_capped,505,631,,,dataset_unit_map,wrist,bits,m/s^2,rad/s,m/s^2,rad/s,1.0,1.0,True,test,non_fall,non_fall,0.0013644269201904535,none,lateral,0.5940313339233398
w25_00000596,bits,C:\Users\ADMIN\Desktop\ds-fall\data\raw\Dataset\adl\user17\user17_adl1.csv,C:\Users\ADMIN\Desktop\ds-fall\data\raw\Dataset,user17,user17_adl1,adl1,walking_slowly,walking_slowly,0,none,False,12,62,0.48,2.48,25.0,50,12,"ax,ay,az,gx,gy,gz,acc_mag,gyro_mag,jerk,roll,pitch,tilt_delta",20.0,25.0,uniform_20hz_time_interpolation_to_25hz,adl_sliding_capped,505,631,,,dataset_unit_map,wrist,bits,m/s^2,rad/s,m/s^2,rad/s,1.0,1.0,True,test,non_fall,non_fall,0.0031763857696205378,none,forward,0.7987783551216125
w25_00000597,bits,C:\Users\ADMIN\Desktop\ds-fall\data\raw\Dataset\adl\user17\user17_adl1.csv,C:\Users\ADMIN\Desktop\ds-fall\data\raw\Dataset,user17,user17_adl1,adl1,walking_slowly,walking_slowly,0,none,False,24,74,0.96,2.96,25.0,50,12,"ax,ay,az,gx,gy,gz,acc_mag,gyro_mag,jerk,roll,pitch,tilt_delta",20.0,25.0,uniform_20hz_time_interpolation_to_25hz,adl_sliding_capped,505,631,,,dataset_unit_map,wrist,bits,m/s^2,rad/s,m/s^2,rad/s,1.0,1.0,True,test,non_fall,non_fall,0.0003935841959901154,none,forward,0.8448172807693481
w25_00000598,bits,C:\Users\ADMIN\Desktop\ds-fall\data\raw\Dataset\adl\user17\user17_adl1.csv,C:\Users\ADMIN\Desktop\ds-fall\data\raw\Dataset,user17,user17_adl1,adl1,walking_slowly,walking_slowly,0,none,False,36,86,1.44,3.44,25.0,50,12,"ax,ay,az,gx,gy,gz,acc_mag,gyro_mag,jerk,roll,pitch,tilt_delta",20.0,25.0,uniform_20hz_time_interpolation_to_25hz,adl_sliding_capped,505,631,,,dataset_unit_map,wrist,bits,m/s^2,rad/s,m/s^2,rad/s,1.0,1.0,True,test,non_fall,non_fall,0.0006700733210891485,none,forward,0.8637538552284241
w25_00000599,bits,C:\Users\ADMIN\Desktop\ds-fall\data\raw\Dataset\adl\user17\user17_adl1.csv,C:\Users\ADMIN\Desktop\ds-fall\data\raw\Dataset,user17,user17_adl1,adl1,walking_slowly,walking_slowly,0,none,False,48,98,1.92,3.92,25.0,50,12,"ax,ay,az,gx,gy,gz,acc_mag,gyro_mag,jerk,roll,pitch,tilt_delta",20.0,25.0,uniform_20hz_time_interpolation_to_25hz,adl_sliding_capped,505,631,,,dataset_unit_map,wrist,bits,m/s^2,rad/s,m/s^2,rad/s,1.0,1.0,True,test,non_fall,non_fall,0.01262157317250967,none,forward,0.8780302405357361
w25_00000600,bits,C:\Users\ADMIN\Desktop\ds-fall\data\raw\Dataset\adl\user17\user17_adl10.csv,C:\Users\ADMIN\Desktop\ds-fall\data\raw\Dataset,user17,user17_adl10,adl10,rapidly_sitting_on_chair,rapidly_sitting_on_chair,0,none,False,0,50,0.0,2.0,25.0,50,12,"ax,ay,az,gx,gy,gz,acc_mag,gyro_mag,jerk,roll,pitch,tilt_delta",20.0,25.0,uniform_20hz_time_interpolation_to_25hz,adl_sliding_capped,240,299,,,dataset_unit_map,wrist,bits,m/s^2,rad/s,m/s^2,rad/s,1.0,1.0,True,test,non_fall,non_fall,7.990910489752423e-06,none,backward,0.6474512815475464
w25_00000601,bits,C:\Users\ADMIN\Desktop\ds-fall\data\raw\Dataset\adl\user17\user17_adl10.csv,C:\Users\ADMIN\Desktop\ds-fall\data\raw\Dataset,user17,user17_adl10,adl10,rapidly_sitting_on_chair,rapidly_sitting_on_chair,0,none,False,12,62,0.48,2.48,25.0,50,12,"ax,ay,az,gx,gy,gz,acc_mag,gyro_mag,jerk,roll,pitch,tilt_delta",20.0,25.0,uniform_20hz_time_interpolation_to_25hz,adl_sliding_capped,240,299,,,dataset_unit_map,wrist,bits,m/s^2,rad/s,m/s^2,rad/s,1.0,1.0,True,test,non_fall,non_fall,0.0004876781313214451,none,forward,0.5118272304534912
w25_00000602,bits,C:\Users\ADMIN\Desktop\ds-fall\data\raw\Dataset\adl\user17\user17_adl10.csv,C:\Users\ADMIN\Desktop\ds-fall\data\raw\Dataset,user17,user17_adl10,adl10,rapidly_sitting_on_chair,rapidly_sitting_on_chair,0,none,False,24,74,0.96,2.96,25.0,50,12,"ax,ay,az,gx,gy,gz,acc_mag,gyro_mag,jerk,roll,pitch,tilt_delta",20.0,25.0,uniform_20hz_time_interpolation_to_25hz,adl_sliding_capped,240,299,,,dataset_unit_map,wrist,bits,m/s^2,rad/s,m/s^2,rad/s,1.0,1.0,True,test,non_fall,non_fall,0.00037941226037219167,none,forward,0.703398585319519
w25_00000603,bits,C:\Users\ADMIN\Desktop\ds-fall\data\raw\Dataset\adl\user17\user17_adl10.csv,C:\Users\ADMIN\Desktop\ds-fall\data\raw\Dataset,user17,user17_adl10,adl10,rapidly_sitting_on_chair,rapidly_sitting_on_chair,0,none,False,36,86,1.44,3.44,25.0,50,12,"ax,ay,az,gx,gy,gz,acc_mag,gyro_mag,jerk,roll,pitch,tilt_delta",20.0,25.0,uniform_20hz_time_interpolation_to_25hz,adl_sliding_capped,240,299,,,dataset_unit_map,wrist,bits,m/s^2,rad/s,m/s^2,rad/s,1.0,1.0,True,test,non_fall,non_fall,0.00022609028383158147,none,forward,0.9749139547348022
w25_00000604,bits,C:\Users\ADMIN\Desktop\ds-fall\data\raw\Dataset\adl\user17\user17_adl10.csv,C:\Users\ADMIN\Desktop\ds-fall\data\raw\Dataset,user17,user17_adl10,adl10,rapidly_sitting_on_chair,rapidly_sitting_on_chair,0,none,False,48,98,1.92,3.92,25.0,50,12,"ax,ay,az,gx,gy,gz,acc_mag,gyro_mag,jerk,roll,pitch,tilt_delta",20.0,25.0,uniform_20hz_time_interpolation_to_25hz,adl_sliding_capped,240,299,,,dataset_unit_map,wrist,bits,m/s^2,rad/s,m/s^2,rad/s,1.0,1.0,True,test,non_fall,non_fall,0.0003522915067151189,none,forward,0.9673465490341187
w25_00000605,bits,C:\Users\ADMIN\Desktop\ds-fall\data\raw\Dataset\adl\user17\user17_adl11.csv,C:\Users\ADMIN\Desktop\ds-fall\data\raw\Dataset,user17,user17_adl11,adl11,nearly_sitting_and_getting_up,nearly_sitting_and_getting_up,0,none,False,0,50,0.0,2.0,25.0,50,12,"ax,ay,az,gx,gy,gz,acc_mag,gyro_mag,jerk,roll,pitch,tilt_delta",20.0,25.0,uniform_20hz_time_interpolation_to_25hz,adl_sliding_capped,233,291,,,dataset_unit_map,wrist,bits,m/s^2,rad/s,m/s^2,rad/s,1.0,1.0,True,test,non_fall,non_fall,7.241373623401159e-06,none,backward,0.8757188320159912
w25_00000606,bits,C:\Users\ADMIN\Desktop\ds-fall\data\raw\Dataset\adl\user17\user17_adl11.csv,C:\Users\ADMIN\Desktop\ds-fall\data\raw\Dataset,user17,user17_adl11,adl11,nearly_sitting_and_getting_up,nearly_sitting_and_getting_up,0,none,False,12,62,0.48,2.48,25.0,50,12,"ax,ay,az,gx,gy,gz,acc_mag,gyro_mag,jerk,roll,pitch,tilt_delta",20.0,25.0,uniform_20hz_time_interpolation_to_25hz,adl_sliding_capped,233,291,,,dataset_unit_map,wrist,bits,m/s^2,rad/s,m/s^2,rad/s,1.0,1.0,True,test,non_fall,non_fall,3.341259116496076e-06,none,backward,0.8667587041854858
w25_00000607,bits,C:\Users\ADMIN\Desktop\ds-fall\data\raw\Dataset\adl\user17\user17_adl11.csv,C:\Users\ADMIN\Desktop\ds-fall\data\raw\Dataset,user17,user17_adl11,adl11,nearly_sitting_and_getting_up,nearly_sitting_and_getting_up,0,none,False,24,74,0.96,2.96,25.0,50,12,"ax,ay,az,gx,gy,gz,acc_mag,gyro_mag,jerk,roll,pitch,tilt_delta",20.0,25.0,uniform_20hz_time_interpolation_to_25hz,adl_sliding_capped,233,291,,,dataset_unit_map,wrist,bits,m/s^2,rad/s,m/s^2,rad/s,1.0,1.0,True,test,non_fall,non_fall,1.6999756553559564e-06,none,backward,0.8550485968589783
w25_00000608,bits,C:\Users\ADMIN\Desktop\ds-fall\data\raw\Dataset\adl\user17\user17_adl11.csv,C:\Users\ADMIN\Desktop\ds-fall\data\raw\Dataset,user17,user17_adl11,adl11,nearly_sitting_and_getting_up,nearly_sitting_and_getting_up,0,none,False,36,86,1.44,3.44,25.0,50,12,"ax,ay,az,gx,gy,gz,acc_mag,gyro_mag,jerk,roll,pitch,tilt_delta",20.0,25.0,uniform_20hz_time_interpolation_to_25hz,adl_sliding_capped,233,291,,,dataset_unit_map,wrist,bits,m/s^2,rad/s,m/s^2,rad/s,1.0,1.0,True,test,non_fall,non_fall,1.4214375596566242e-06,none,backward,0.8522080779075623
w25_00000609,bits,C:\Users\ADMIN\Desktop\ds-fall\data\raw\Dataset\adl\user17\user17_adl11.csv,C:\Users\ADMIN\Desktop\ds-fall\data\raw\Dataset,user17,user17_adl11,adl11,nearly_sitting_and_getting_up,nearly_sitting_and_getting_up,0,none,False,48,98,1.92,3.92,25.0,50,12,"ax,ay,az,gx,gy,gz,acc_mag,gyro_mag,jerk,roll,pitch,tilt_delta",20.0,25.0,uniform_20hz_time_interpolation_to_25hz,adl_sliding_capped,233,291,,,dataset_unit_map,wrist,bits,m/s^2,rad/s,m/s^2,rad/s,1.0,1.0,True,test,non_fall,non_fall,2.093612692988245e-06,none,backward,0.8562588691711426
w25_00000610,bits,C:\Users\ADMIN\Desktop\ds-fall\data\raw\Dataset\adl\user17\user17_adl12.csv,C:\Users\ADMIN\Desktop\ds-fall\data\raw\Dataset,user17,user17_adl12,adl12,swinging_hands,swinging_hands,0,none,False,0,50,0.0,2.0,25.0,50,12,"ax,ay,az,gx,gy,gz,acc_mag,gyro_mag,jerk,roll,pitch,tilt_delta",20.0,25.0,uniform_20hz_time_interpolation_to_25hz,adl_sliding_capped,375,468,,,dataset_unit_map,wrist,bits,m/s^2,rad/s,m/s^2,rad/s,1.0,1.0,True,test,non_fall,non_fall,0.016537806019186974,none,forward,0.4972507953643799
w25_00000611,bits,C:\Users\ADMIN\Desktop\ds-fall\data\raw\Dataset\adl\user17\user17_adl12.csv,C:\Users\ADMIN\Desktop\ds-fall\data\raw\Dataset,user17,user17_adl12,adl12,swinging_hands,swinging_hands,0,none,False,12,62,0.48,2.48,25.0,50,12,"ax,ay,az,gx,gy,gz,acc_mag,gyro_mag,jerk,roll,pitch,tilt_delta",20.0,25.0,uniform_20hz_time_interpolation_to_25hz,adl_sliding_capped,375,468,,,dataset_unit_map,wrist,bits,m/s^2,rad/s,m/s^2,rad/s,1.0,1.0,True,test,non_fall,non_fall,0.025713298469781876,none,forward,0.5051907300949097
w25_00000612,bits,C:\Users\ADMIN\Desktop\ds-fall\data\raw\Dataset\adl\user17\user17_adl12.csv,C:\Users\ADMIN\Desktop\ds-fall\data\raw\Dataset,user17,user17_adl12,adl12,swinging_hands,swinging_hands,0,none,False,24,74,0.96,2.96,25.0,50,12,"ax,ay,az,gx,gy,gz,acc_mag,gyro_mag,jerk,roll,pitch,tilt_delta",20.0,25.0,uniform_20hz_time_interpolation_to_25hz,adl_sliding_capped,375,468,,,dataset_unit_map,wrist,bits,m/s^2,rad/s,m/s^2,rad/s,1.0,1.0,True,test,non_fall,non_fall,0.019013945013284683,none,lateral,0.5655243396759033
w25_00000613,bits,C:\Users\ADMIN\Desktop\ds-fall\data\raw\Dataset\adl\user17\user17_adl12.csv,C:\Users\ADMIN\Desktop\ds-fall\data\raw\Dataset,user17,user17_adl12,adl12,swinging_hands,swinging_hands,0,none,False,36,86,1.44,3.44,25.0,50,12,"ax,ay,az,gx,gy,gz,acc_mag,gyro_mag,jerk,roll,pitch,tilt_delta",20.0,25.0,uniform_20hz_time_interpolation_to_25hz,adl_sliding_capped,375,468,,,dataset_unit_map,wrist,bits,m/s^2,rad/s,m/s^2,rad/s,1.0,1.0,True,test,non_fall,non_fall,0.018968908116221428,none,forward,0.5297405123710632
w25_00000614,bits,C:\Users\ADMIN\Desktop\ds-fall\data\raw\Dataset\adl\user17\user17_adl12.csv,C:\Users\ADMIN\Desktop\ds-fall\data\raw\Dataset,user17,user17_adl12,adl12,swinging_hands,swinging_hands,0,none,False,48,98,1.92,3.92,25.0,50,12,"ax,ay,az,gx,gy,gz,acc_mag,gyro_mag,jerk,roll,pitch,tilt_delta",20.0,25.0,uniform_20hz_time_interpolation_to_25hz,adl_sliding_capped,375,468,,,dataset_unit_map,wrist,bits,m/s^2,rad/s,m/s^2,rad/s,1.0,1.0,True,test,non_fall,non_fall,0.020298149436712265,none,lateral,0.6146238446235657
w25_00000615,bits,C:\Users\ADMIN\Desktop\ds-fall\data\raw\Dataset\adl\user17\user17_adl13.csv,C:\Users\ADMIN\Desktop\ds-fall\data\raw\Dataset,user17,user17_adl13,adl13,lying_on_bed,lying_on_bed,0,none,False,0,50,0.0,2.0,25.0,50,12,"ax,ay,az,gx,gy,gz,acc_mag,gyro_mag,jerk,roll,pitch,tilt_delta",20.0,25.0,uniform_20hz_time_interpolation_to_25hz,adl_sliding_capped,495,618,,,dataset_unit_map,wrist,bits,m/s^2,rad/s,m/s^2,rad/s,1.0,1.0,True,test,non_fall,non_fall,5.297923053149134e-06,none,backward,0.8492274880409241
w25_00000616,bits,C:\Users\ADMIN\Desktop\ds-fall\data\raw\Dataset\adl\user17\user17_adl13.csv,C:\Users\ADMIN\Desktop\ds-fall\data\raw\Dataset,user17,user17_adl13,adl13,lying_on_bed,lying_on_bed,0,none,False,12,62,0.48,2.48,25.0,50,12,"ax,ay,az,gx,gy,gz,acc_mag,gyro_mag,jerk,roll,pitch,tilt_delta",20.0,25.0,uniform_20hz_time_interpolation_to_25hz,adl_sliding_capped,495,618,,,dataset_unit_map,wrist,bits,m/s^2,rad/s,m/s^2,rad/s,1.0,1.0,True,test,non_fall,non_fall,5.293281901685987e-06,none,backward,0.8306674361228943
w25_00000617,bits,C:\Users\ADMIN\Desktop\ds-fall\data\raw\Dataset\adl\user17\user17_adl13.csv,C:\Users\ADMIN\Desktop\ds-fall\data\raw\Dataset,user17,user17_adl13,adl13,lying_on_bed,lying_on_bed,0,none,False,24,74,0.96,2.96,25.0,50,12,"ax,ay,az,gx,gy,gz,acc_mag,gyro_mag,jerk,roll,pitch,tilt_delta",20.0,25.0,uniform_20hz_time_interpolation_to_25hz,adl_sliding_capped,495,618,,,dataset_unit_map,wrist,bits,m/s^2,rad/s,m/s^2,rad/s,1.0,1.0,True,test,non_fall,non_fall,6.148353349999525e-06,none,backward,0.8382254242897034
w25_00000618,bits,C:\Users\ADMIN\Desktop\ds-fall\data\raw\Dataset\adl\user17\user17_adl13.csv,C:\Users\ADMIN\Desktop\ds-fall\data\raw\Dataset,user17,user17_adl13,adl13,lying_on_bed,lying_on_bed,0,none,False,36,86,1.44,3.44,25.0,50,12,"ax,ay,az,gx,gy,gz,acc_mag,gyro_mag,jerk,roll,pitch,tilt_delta",20.0,25.0,uniform_20hz_time_interpolation_to_25hz,adl_sliding_capped,495,618,,,dataset_unit_map,wrist,bits,m/s^2,rad/s,m/s^2,rad/s,1.0,1.0,True,test,non_fall,non_fall,3.2569223549216986e-06,none,backward,0.8021467924118042
w25_00000619,bits,C:\Users\ADMIN\Desktop\ds-fall\data\raw\Dataset\adl\user17\user17_adl13.csv,C:\Users\ADMIN\Desktop\ds-fall\data\raw\Dataset,user17,user17_adl13,adl13,lying_on_bed,lying_on_bed,0,none,False,48,98,1.92,3.92,25.0,50,12,"ax,ay,az,gx,gy,gz,acc_mag,gyro_mag,jerk,roll,pitch,tilt_delta",20.0,25.0,uniform_20hz_time_interpolation_to_25hz,adl_sliding_capped,495,618,,,dataset_unit_map,wrist,bits,m/s^2,rad/s,m/s^2,rad/s,1.0,1.0,True,test,non_fall,non_fall,2.624938815642963e-06,none,backward,0.788932204246521
w25_00000620,bits,C:\Users\ADMIN\Desktop\ds-fall\data\raw\Dataset\adl\user17\user17_adl14.csv,C:\Users\ADMIN\Desktop\ds-fall\data\raw\Dataset,user17,user17_adl14,adl14,lying_on_back_getting_up_slowly,lying_on_back_getting_up_slowly,0,none,False,0,50,0.0,2.0,25.0,50,12,"ax,ay,az,gx,gy,gz,acc_mag,gyro_mag,jerk,roll,pitch,tilt_delta",20.0,25.0,uniform_20hz_time_interpolation_to_25hz,adl_sliding_capped,570,712,,,dataset_unit_map,wrist,bits,m/s^2,rad/s,m/s^2,rad/s,1.0,1.0,True,test,non_fall,non_fall,5.033229626860702e-06,none,backward,0.8685492873191833
w25_00000621,bits,C:\Users\ADMIN\Desktop\ds-fall\data\raw\Dataset\adl\user17\user17_adl14.csv,C:\Users\ADMIN\Desktop\ds-fall\data\raw\Dataset,user17,user17_adl14,adl14,lying_on_back_getting_up_slowly,lying_on_back_getting_up_slowly,0,none,False,12,62,0.48,2.48,25.0,50,12,"ax,ay,az,gx,gy,gz,acc_mag,gyro_mag,jerk,roll,pitch,tilt_delta",20.0,25.0,uniform_20hz_time_interpolation_to_25hz,adl_sliding_capped,570,712,,,dataset_unit_map,wrist,bits,m/s^2,rad/s,m/s^2,rad/s,1.0,1.0,True,test,non_fall,non_fall,2.7933956516790204e-06,none,backward,0.8265702724456787
w25_00000622,bits,C:\Users\ADMIN\Desktop\ds-fall\data\raw\Dataset\adl\user17\user17_adl14.csv,C:\Users\ADMIN\Desktop\ds-fall\data\raw\Dataset,user17,user17_adl14,adl14,lying_on_back_getting_up_slowly,lying_on_back_getting_up_slowly,0,none,False,24,74,0.96,2.96,25.0,50,12,"ax,ay,az,gx,gy,gz,acc_mag,gyro_mag,jerk,roll,pitch,tilt_delta",20.0,25.0,uniform_20hz_time_interpolation_to_25hz,adl_sliding_capped,570,712,,,dataset_unit_map,wrist,bits,m/s^2,rad/s,m/s^2,rad/s,1.0,1.0,True,test,non_fall,non_fall,4.020505002699792e-06,none,backward,0.8712009191513062
w25_00000623,bits,C:\Users\ADMIN\Desktop\ds-fall\data\raw\Dataset\adl\user17\user17_adl14.csv,C:\Users\ADMIN\Desktop\ds-fall\data\raw\Dataset,user17,user17_adl14,adl14,lying_on_back_getting_up_slowly,lying_on_back_getting_up_slowly,0,none,False,36,86,1.44,3.44,25.0,50,12,"ax,ay,az,gx,gy,gz,acc_mag,gyro_mag,jerk,roll,pitch,tilt_delta",20.0,25.0,uniform_20hz_time_interpolation_to_25hz,adl_sliding_capped,570,712,,,dataset_unit_map,wrist,bits,m/s^2,rad/s,m/s^2,rad/s,1.0,1.0,True,test,non_fall,non_fall,1.255555707757594e-05,none,backward,0.9040607810020447
w25_00000624,bits,C:\Users\ADMIN\Desktop\ds-fall\data\raw\Dataset\adl\user17\user17_adl14.csv,C:\Users\ADMIN\Desktop\ds-fall\data\raw\Dataset,user17,user17_adl14,adl14,lying_on_back_getting_up_slowly,lying_on_back_getting_up_slowly,0,none,False,48,98,1.92,3.92,25.0,50,12,"ax,ay,az,gx,gy,gz,acc_mag,gyro_mag,jerk,roll,pitch,tilt_delta",20.0,25.0,uniform_20hz_time_interpolation_to_25hz,adl_sliding_capped,570,712,,,dataset_unit_map,wrist,bits,m/s^2,rad/s,m/s^2,rad/s,1.0,1.0,True,test,non_fall,non_fall,6.975372525630519e-05,none,backward,0.9235346913337708
w25_00000625,bits,C:\Users\ADMIN\Desktop\ds-fall\data\raw\Dataset\adl\user17\user17_adl15.csv,C:\Users\ADMIN\Desktop\ds-fall\data\raw\Dataset,user17,user17_adl15,adl15,lying_on_back_getting_up_normally,lying_on_back_getting_up_normally,0,none,False,0,50,0.0,2.0,25.0,50,12,"ax,ay,az,gx,gy,gz,acc_mag,gyro_mag,jerk,roll,pitch,tilt_delta",20.0,25.0,uniform_20hz_time_interpolation_to_25hz,adl_sliding_capped,429,536,,,dataset_unit_map,wrist,bits,m/s^2,rad/s,m/s^2,rad/s,1.0,1.0,True,test,non_fall,non_fall,7.109190482879058e-05,none,forward,0.8773360252380371
w25_00000626,bits,C:\Users\ADMIN\Desktop\ds-fall\data\raw\Dataset\adl\user17\user17_adl15.csv,C:\Users\ADMIN\Desktop\ds-fall\data\raw\Dataset,user17,user17_adl15,adl15,lying_on_back_getting_up_normally,lying_on_back_getting_up_normally,0,none,False,12,62,0.48,2.48,25.0,50,12,"ax,ay,az,gx,gy,gz,acc_mag,gyro_mag,jerk,roll,pitch,tilt_delta",20.0,25.0,uniform_20hz_time_interpolation_to_25hz,adl_sliding_capped,429,536,,,dataset_unit_map,wrist,bits,m/s^2,rad/s,m/s^2,rad/s,1.0,1.0,True,test,non_fall,non_fall,8.968465408543125e-05,none,forward,0.5683452486991882
w25_00000627,bits,C:\Users\ADMIN\Desktop\ds-fall\data\raw\Dataset\adl\user17\user17_adl15.csv,C:\Users\ADMIN\Desktop\ds-fall\data\raw\Dataset,user17,user17_adl15,adl15,lying_on_back_getting_up_normally,lying_on_back_getting_up_normally,0,none,False,24,74,0.96,2.96,25.0,50,12,"ax,ay,az,gx,gy,gz,acc_mag,gyro_mag,jerk,roll,pitch,tilt_delta",20.0,25.0,uniform_20hz_time_interpolation_to_25hz,adl_sliding_capped,429,536,,,dataset_unit_map,wrist,bits,m/s^2,rad/s,m/s^2,rad/s,1.0,1.0,True,test,non_fall,non_fall,2.0683733964688145e-05,none,forward,0.9067376255989075
w25_00000628,bits,C:\Users\ADMIN\Desktop\ds-fall\data\raw\Dataset\adl\user17\user17_adl15.csv,C:\Users\ADMIN\Desktop\ds-fall\data\raw\Dataset,user17,user17_adl15,adl15,lying_on_back_getting_up_normally,lying_on_back_getting_up_normally,0,none,False,36,86,1.44,3.44,25.0,50,12,"ax,ay,az,gx,gy,gz,acc_mag,gyro_mag,jerk,roll,pitch,tilt_delta",20.0,25.0,uniform_20hz_time_interpolation_to_25hz,adl_sliding_capped,429,536,,,dataset_unit_map,wrist,bits,m/s^2,rad/s,m/s^2,rad/s,1.0,1.0,True,test,non_fall,non_fall,3.089757956331596e-05,none,forward,0.9636653661727905
w25_00000629,bits,C:\Users\ADMIN\Desktop\ds-fall\data\raw\Dataset\adl\user17\user17_adl15.csv,C:\Users\ADMIN\Desktop\ds-fall\data\raw\Dataset,user17,user17_adl15,adl15,lying_on_back_getting_up_normally,lying_on_back_getting_up_normally,0,none,False,48,98,1.92,3.92,25.0,50,12,"ax,ay,az,gx,gy,gz,acc_mag,gyro_mag,jerk,roll,pitch,tilt_delta",20.0,25.0,uniform_20hz_time_interpolation_to_25hz,adl_sliding_capped,429,536,,,dataset_unit_map,wrist,bits,m/s^2,rad/s,m/s^2,rad/s,1.0,1.0,True,test,non_fall,non_fall,3.5438715713098645e-05,none,forward,0.9658709168434143
w25_00000630,bits,C:\Users\ADMIN\Desktop\ds-fall\data\raw\Dataset\adl\user17\user17_adl16.csv,C:\Users\ADMIN\Desktop\ds-fall\data\raw\Dataset,user17,user17_adl16,adl16,lying_sideways_to_back,lying_sideways_to_back,0,none,False,0,50,0.0,2.0,25.0,50,12,"ax,ay,az,gx,gy,gz,acc_mag,gyro_mag,jerk,roll,pitch,tilt_delta",20.0,25.0,uniform_20hz_time_interpolation_to_25hz,adl_sliding_capped,349,436,,,dataset_unit_map,wrist,bits,m/s^2,rad/s,m/s^2,rad/s,1.0,1.0,True,test,non_fall,non_fall,0.00063651631353423,none,backward,0.7273723483085632
w25_00000631,bits,C:\Users\ADMIN\Desktop\ds-fall\data\raw\Dataset\adl\user17\user17_adl16.csv,C:\Users\ADMIN\Desktop\ds-fall\data\raw\Dataset,user17,user17_adl16,adl16,lying_sideways_to_back,lying_sideways_to_back,0,none,False,12,62,0.48,2.48,25.0,50,12,"ax,ay,az,gx,gy,gz,acc_mag,gyro_mag,jerk,roll,pitch,tilt_delta",20.0,25.0,uniform_20hz_time_interpolation_to_25hz,adl_sliding_capped,349,436,,,dataset_unit_map,wrist,bits,m/s^2,rad/s,m/s^2,rad/s,1.0,1.0,True,test,non_fall,non_fall,0.0005730345728807151,none,backward,0.729106605052948
w25_00000632,bits,C:\Users\ADMIN\Desktop\ds-fall\data\raw\Dataset\adl\user17\user17_adl16.csv,C:\Users\ADMIN\Desktop\ds-fall\data\raw\Dataset,user17,user17_adl16,adl16,lying_sideways_to_back,lying_sideways_to_back,0,none,False,24,74,0.96,2.96,25.0,50,12,"ax,ay,az,gx,gy,gz,acc_mag,gyro_mag,jerk,roll,pitch,tilt_delta",20.0,25.0,uniform_20hz_time_interpolation_to_25hz,adl_sliding_capped,349,436,,,dataset_unit_map,wrist,bits,m/s^2,rad/s,m/s^2,rad/s,1.0,1.0,True,test,non_fall,non_fall,0.0005602682940661907,none,backward,0.7399735450744629
w25_00000633,bits,C:\Users\ADMIN\Desktop\ds-fall\data\raw\Dataset\adl\user17\user17_adl16.csv,C:\Users\ADMIN\Desktop\ds-fall\data\raw\Dataset,user17,user17_adl16,adl16,lying_sideways_to_back,lying_sideways_to_back,0,none,False,36,86,1.44,3.44,25.0,50,12,"ax,ay,az,gx,gy,gz,acc_mag,gyro_mag,jerk,roll,pitch,tilt_delta",20.0,25.0,uniform_20hz_time_interpolation_to_25hz,adl_sliding_capped,349,436,,,dataset_unit_map,wrist,bits,m/s^2,rad/s,m/s^2,rad/s,1.0,1.0,True,test,non_fall,non_fall,0.0005040752002969384,none,backward,0.7447893023490906
w25_00000634,bits,C:\Users\ADMIN\Desktop\ds-fall\data\raw\Dataset\adl\user17\user17_adl16.csv,C:\Users\ADMIN\Desktop\ds-fall\data\raw\Dataset,user17,user17_adl16,adl16,lying_sideways_to_back,lying_sideways_to_back,0,none,False,48,98,1.92,3.92,25.0,50,12,"ax,ay,az,gx,gy,gz,acc_mag,gyro_mag,jerk,roll,pitch,tilt_delta",20.0,25.0,uniform_20hz_time_interpolation_to_25hz,adl_sliding_capped,349,436,,,dataset_unit_map,wrist,bits,m/s^2,rad/s,m/s^2,rad/s,1.0,1.0,True,test,non_fall,non_fall,0.0004890094278380275,none,backward,0.7479410171508789
w25_00000635,bits,C:\Users\ADMIN\Desktop\ds-fall\data\raw\Dataset\adl\user17\user17_adl2.csv,C:\Users\ADMIN\Desktop\ds-fall\data\raw\Dataset,user17,user17_adl2,adl2,walking_quickly,walking_quickly,0,none,False,0,50,0.0,2.0,25.0,50,12,"ax,ay,az,gx,gy,gz,acc_mag,gyro_mag,jerk,roll,pitch,tilt_delta",20.0,25.0,uniform_20hz_time_interpolation_to_25hz,adl_sliding_capped,425,531,,,dataset_unit_map,wrist,bits,m/s^2,rad/s,m/s^2,rad/s,1.0,1.0,True,test,non_fall,non_fall,0.00013040109479334205,none,forward,0.5125870108604431
w25_00000636,bits,C:\Users\ADMIN\Desktop\ds-fall\data\raw\Dataset\adl\user17\user17_adl2.csv,C:\Users\ADMIN\Desktop\ds-fall\data\raw\Dataset,user17,user17_adl2,adl2,walking_quickly,walking_quickly,0,none,False,12,62,0.48,2.48,25.0,50,12,"ax,ay,az,gx,gy,gz,acc_mag,gyro_mag,jerk,roll,pitch,tilt_delta",20.0,25.0,uniform_20hz_time_interpolation_to_25hz,adl_sliding_capped,425,531,,,dataset_unit_map,wrist,bits,m/s^2,rad/s,m/s^2,rad/s,1.0,1.0,True,test,non_fall,non_fall,0.003583301091566682,none,lateral,0.47493666410446167
w25_00000637,bits,C:\Users\ADMIN\Desktop\ds-fall\data\raw\Dataset\adl\user17\user17_adl2.csv,C:\Users\ADMIN\Desktop\ds-fall\data\raw\Dataset,user17,user17_adl2,adl2,walking_quickly,walking_quickly,0,none,False,24,74,0.96,2.96,25.0,50,12,"ax,ay,az,gx,gy,gz,acc_mag,gyro_mag,jerk,roll,pitch,tilt_delta",20.0,25.0,uniform_20hz_time_interpolation_to_25hz,adl_sliding_capped,425,531,,,dataset_unit_map,wrist,bits,m/s^2,rad/s,m/s^2,rad/s,1.0,1.0,True,test,non_fall,non_fall,0.0011934208450838923,none,lateral,0.5775832533836365
w25_00000638,bits,C:\Users\ADMIN\Desktop\ds-fall\data\raw\Dataset\adl\user17\user17_adl2.csv,C:\Users\ADMIN\Desktop\ds-fall\data\raw\Dataset,user17,user17_adl2,adl2,walking_quickly,walking_quickly,0,none,False,36,86,1.44,3.44,25.0,50,12,"ax,ay,az,gx,gy,gz,acc_mag,gyro_mag,jerk,roll,pitch,tilt_delta",20.0,25.0,uniform_20hz_time_interpolation_to_25hz,adl_sliding_capped,425,531,,,dataset_unit_map,wrist,bits,m/s^2,rad/s,m/s^2,rad/s,1.0,1.0,True,test,non_fall,non_fall,0.0009990547550842166,none,lateral,0.6458417773246765
w25_00000639,bits,C:\Users\ADMIN\Desktop\ds-fall\data\raw\Dataset\adl\user17\user17_adl2.csv,C:\Users\ADMIN\Desktop\ds-fall\data\raw\Dataset,user17,user17_adl2,adl2,walking_quickly,walking_quickly,0,none,False,48,98,1.92,3.92,25.0,50,12,"ax,ay,az,gx,gy,gz,acc_mag,gyro_mag,jerk,roll,pitch,tilt_delta",20.0,25.0,uniform_20hz_time_interpolation_to_25hz,adl_sliding_capped,425,531,,,dataset_unit_map,wrist,bits,m/s^2,rad/s,m/s^2,rad/s,1.0,1.0,True,test,non_fall,non_fall,0.00047494075261056423,none,lateral,0.5883468985557556
w25_00000640,bits,C:\Users\ADMIN\Desktop\ds-fall\data\raw\Dataset\adl\user17\user17_adl3.csv,C:\Users\ADMIN\Desktop\ds-fall\data\raw\Dataset,user17,user17_adl3,adl3,jogging,jogging,0,none,False,0,50,0.0,2.0,25.0,50,12,"ax,ay,az,gx,gy,gz,acc_mag,gyro_mag,jerk,roll,pitch,tilt_delta",20.0,25.0,uniform_20hz_time_interpolation_to_25hz,adl_sliding_capped,1621,2026,,,dataset_unit_map,wrist,bits,m/s^2,rad/s,m/s^2,rad/s,1.0,1.0,True,test,non_fall,non_fall,0.16248580813407898,none,lateral,0.9358391165733337
w25_00000641,bits,C:\Users\ADMIN\Desktop\ds-fall\data\raw\Dataset\adl\user17\user17_adl3.csv,C:\Users\ADMIN\Desktop\ds-fall\data\raw\Dataset,user17,user17_adl3,adl3,jogging,jogging,0,none,False,12,62,0.48,2.48,25.0,50,12,"ax,ay,az,gx,gy,gz,acc_mag,gyro_mag,jerk,roll,pitch,tilt_delta",20.0,25.0,uniform_20hz_time_interpolation_to_25hz,adl_sliding_capped,1621,2026,,,dataset_unit_map,wrist,bits,m/s^2,rad/s,m/s^2,rad/s,1.0,1.0,True,test,non_fall,non_fall,0.0004666912427637726,none,backward,0.6311598420143127
w25_00000642,bits,C:\Users\ADMIN\Desktop\ds-fall\data\raw\Dataset\adl\user17\user17_adl3.csv,C:\Users\ADMIN\Desktop\ds-fall\data\raw\Dataset,user17,user17_adl3,adl3,jogging,jogging,0,none,False,24,74,0.96,2.96,25.0,50,12,"ax,ay,az,gx,gy,gz,acc_mag,gyro_mag,jerk,roll,pitch,tilt_delta",20.0,25.0,uniform_20hz_time_interpolation_to_25hz,adl_sliding_capped,1621,2026,,,dataset_unit_map,wrist,bits,m/s^2,rad/s,m/s^2,rad/s,1.0,1.0,True,test,non_fall,non_fall,9.449739445699379e-05,none,backward,0.7815017104148865
w25_00000643,bits,C:\Users\ADMIN\Desktop\ds-fall\data\raw\Dataset\adl\user17\user17_adl3.csv,C:\Users\ADMIN\Desktop\ds-fall\data\raw\Dataset,user17,user17_adl3,adl3,jogging,jogging,0,none,False,36,86,1.44,3.44,25.0,50,12,"ax,ay,az,gx,gy,gz,acc_mag,gyro_mag,jerk,roll,pitch,tilt_delta",20.0,25.0,uniform_20hz_time_interpolation_to_25hz,adl_sliding_capped,1621,2026,,,dataset_unit_map,wrist,bits,m/s^2,rad/s,m/s^2,rad/s,1.0,1.0,True,test,non_fall,non_fall,0.0003161806089337915,none,backward,0.5056234002113342
w25_00000644,bits,C:\Users\ADMIN\Desktop\ds-fall\data\raw\Dataset\adl\user17\user17_adl3.csv,C:\Users\ADMIN\Desktop\ds-fall\data\raw\Dataset,user17,user17_adl3,adl3,jogging,jogging,0,none,False,48,98,1.92,3.92,25.0,50,12,"ax,ay,az,gx,gy,gz,acc_mag,gyro_mag,jerk,roll,pitch,tilt_delta",20.0,25.0,uniform_20hz_time_interpolation_to_25hz,adl_sliding_capped,1621,2026,,,dataset_unit_map,wrist,bits,m/s^2,rad/s,m/s^2,rad/s,1.0,1.0,True,test,non_fall,non_fall,0.0005362415686249733,none,backward,0.8502411246299744
w25_00000645,bits,C:\Users\ADMIN\Desktop\ds-fall\data\raw\Dataset\adl\user17\user17_adl4.csv,C:\Users\ADMIN\Desktop\ds-fall\data\raw\Dataset,user17,user17_adl4,adl4,jumping,jumping,0,none,False,0,50,0.0,2.0,25.0,50,12,"ax,ay,az,gx,gy,gz,acc_mag,gyro_mag,jerk,roll,pitch,tilt_delta",20.0,25.0,uniform_20hz_time_interpolation_to_25hz,adl_sliding_capped,708,884,,,dataset_unit_map,wrist,bits,m/s^2,rad/s,m/s^2,rad/s,1.0,1.0,True,test,non_fall,non_fall,0.022215085104107857,none,lateral,0.5455630421638489
w25_00000646,bits,C:\Users\ADMIN\Desktop\ds-fall\data\raw\Dataset\adl\user17\user17_adl4.csv,C:\Users\ADMIN\Desktop\ds-fall\data\raw\Dataset,user17,user17_adl4,adl4,jumping,jumping,0,none,False,12,62,0.48,2.48,25.0,50,12,"ax,ay,az,gx,gy,gz,acc_mag,gyro_mag,jerk,roll,pitch,tilt_delta",20.0,25.0,uniform_20hz_time_interpolation_to_25hz,adl_sliding_capped,708,884,,,dataset_unit_map,wrist,bits,m/s^2,rad/s,m/s^2,rad/s,1.0,1.0,True,test,non_fall,non_fall,0.021045545116066933,none,lateral,0.4146830141544342
w25_00000647,bits,C:\Users\ADMIN\Desktop\ds-fall\data\raw\Dataset\adl\user17\user17_adl4.csv,C:\Users\ADMIN\Desktop\ds-fall\data\raw\Dataset,user17,user17_adl4,adl4,jumping,jumping,0,none,False,24,74,0.96,2.96,25.0,50,12,"ax,ay,az,gx,gy,gz,acc_mag,gyro_mag,jerk,roll,pitch,tilt_delta",20.0,25.0,uniform_20hz_time_interpolation_to_25hz,adl_sliding_capped,708,884,,,dataset_unit_map,wrist,bits,m/s^2,rad/s,m/s^2,rad/s,1.0,1.0,True,test,non_fall,non_fall,0.05410487949848175,none,lateral,0.6009209752082825
w25_00000648,bits,C:\Users\ADMIN\Desktop\ds-fall\data\raw\Dataset\adl\user17\user17_adl4.csv,C:\Users\ADMIN\Desktop\ds-fall\data\raw\Dataset,user17,user17_adl4,adl4,jumping,jumping,0,none,False,36,86,1.44,3.44,25.0,50,12,"ax,ay,az,gx,gy,gz,acc_mag,gyro_mag,jerk,roll,pitch,tilt_delta",20.0,25.0,uniform_20hz_time_interpolation_to_25hz,adl_sliding_capped,708,884,,,dataset_unit_map,wrist,bits,m/s^2,rad/s,m/s^2,rad/s,1.0,1.0,True,test,non_fall,non_fall,0.07258029282093048,none,backward,0.7850132584571838
w25_00000649,bits,C:\Users\ADMIN\Desktop\ds-fall\data\raw\Dataset\adl\user17\user17_adl4.csv,C:\Users\ADMIN\Desktop\ds-fall\data\raw\Dataset,user17,user17_adl4,adl4,jumping,jumping,0,none,False,48,98,1.92,3.92,25.0,50,12,"ax,ay,az,gx,gy,gz,acc_mag,gyro_mag,jerk,roll,pitch,tilt_delta",20.0,25.0,uniform_20hz_time_interpolation_to_25hz,adl_sliding_capped,708,884,,,dataset_unit_map,wrist,bits,m/s^2,rad/s,m/s^2,rad/s,1.0,1.0,True,test,non_fall,non_fall,0.09260281175374985,none,backward,0.8441967964172363
w25_00000650,bits,C:\Users\ADMIN\Desktop\ds-fall\data\raw\Dataset\adl\user17\user17_adl5.csv,C:\Users\ADMIN\Desktop\ds-fall\data\raw\Dataset,user17,user17_adl5,adl5,climbing_up_slowly,climbing_up_slowly,0,none,False,0,50,0.0,2.0,25.0,50,12,"ax,ay,az,gx,gy,gz,acc_mag,gyro_mag,jerk,roll,pitch,tilt_delta",20.0,25.0,uniform_20hz_time_interpolation_to_25hz,adl_sliding_capped,182,227,,,dataset_unit_map,wrist,bits,m/s^2,rad/s,m/s^2,rad/s,1.0,1.0,True,test,non_fall,non_fall,4.264285962563008e-06,none,backward,0.8467985391616821
w25_00000651,bits,C:\Users\ADMIN\Desktop\ds-fall\data\raw\Dataset\adl\user17\user17_adl5.csv,C:\Users\ADMIN\Desktop\ds-fall\data\raw\Dataset,user17,user17_adl5,adl5,climbing_up_slowly,climbing_up_slowly,0,none,False,12,62,0.48,2.48,25.0,50,12,"ax,ay,az,gx,gy,gz,acc_mag,gyro_mag,jerk,roll,pitch,tilt_delta",20.0,25.0,uniform_20hz_time_interpolation_to_25hz,adl_sliding_capped,182,227,,,dataset_unit_map,wrist,bits,m/s^2,rad/s,m/s^2,rad/s,1.0,1.0,True,test,non_fall,non_fall,7.172573532443494e-05,none,backward,0.9306855797767639
w25_00000652,bits,C:\Users\ADMIN\Desktop\ds-fall\data\raw\Dataset\adl\user17\user17_adl5.csv,C:\Users\ADMIN\Desktop\ds-fall\data\raw\Dataset,user17,user17_adl5,adl5,climbing_up_slowly,climbing_up_slowly,0,none,False,24,74,0.96,2.96,25.0,50,12,"ax,ay,az,gx,gy,gz,acc_mag,gyro_mag,jerk,roll,pitch,tilt_delta",20.0,25.0,uniform_20hz_time_interpolation_to_25hz,adl_sliding_capped,182,227,,,dataset_unit_map,wrist,bits,m/s^2,rad/s,m/s^2,rad/s,1.0,1.0,True,test,non_fall,non_fall,0.0001248789340024814,none,backward,0.9321106672286987
w25_00000653,bits,C:\Users\ADMIN\Desktop\ds-fall\data\raw\Dataset\adl\user17\user17_adl5.csv,C:\Users\ADMIN\Desktop\ds-fall\data\raw\Dataset,user17,user17_adl5,adl5,climbing_up_slowly,climbing_up_slowly,0,none,False,36,86,1.44,3.44,25.0,50,12,"ax,ay,az,gx,gy,gz,acc_mag,gyro_mag,jerk,roll,pitch,tilt_delta",20.0,25.0,uniform_20hz_time_interpolation_to_25hz,adl_sliding_capped,182,227,,,dataset_unit_map,wrist,bits,m/s^2,rad/s,m/s^2,rad/s,1.0,1.0,True,test,non_fall,non_fall,0.002057416597381234,none,backward,0.9289345741271973
w25_00000654,bits,C:\Users\ADMIN\Desktop\ds-fall\data\raw\Dataset\adl\user17\user17_adl5.csv,C:\Users\ADMIN\Desktop\ds-fall\data\raw\Dataset,user17,user17_adl5,adl5,climbing_up_slowly,climbing_up_slowly,0,none,False,48,98,1.92,3.92,25.0,50,12,"ax,ay,az,gx,gy,gz,acc_mag,gyro_mag,jerk,roll,pitch,tilt_delta",20.0,25.0,uniform_20hz_time_interpolation_to_25hz,adl_sliding_capped,182,227,,,dataset_unit_map,wrist,bits,m/s^2,rad/s,m/s^2,rad/s,1.0,1.0,True,test,non_fall,non_fall,0.0008387374109588563,none,backward,0.8784967064857483
w25_00000655,bits,C:\Users\ADMIN\Desktop\ds-fall\data\raw\Dataset\adl\user17\user17_adl6.csv,C:\Users\ADMIN\Desktop\ds-fall\data\raw\Dataset,user17,user17_adl6,adl6,climbing_down_slowly,climbing_down_slowly,0,none,False,0,50,0.0,2.0,25.0,50,12,"ax,ay,az,gx,gy,gz,acc_mag,gyro_mag,jerk,roll,pitch,tilt_delta",20.0,25.0,uniform_20hz_time_interpolation_to_25hz,adl_sliding_capped,406,507,,,dataset_unit_map,wrist,bits,m/s^2,rad/s,m/s^2,rad/s,1.0,1.0,True,test,non_fall,non_fall,1.7558295439812355e-05,none,forward,0.7356994152069092
w25_00000656,bits,C:\Users\ADMIN\Desktop\ds-fall\data\raw\Dataset\adl\user17\user17_adl6.csv,C:\Users\ADMIN\Desktop\ds-fall\data\raw\Dataset,user17,user17_adl6,adl6,climbing_down_slowly,climbing_down_slowly,0,none,False,12,62,0.48,2.48,25.0,50,12,"ax,ay,az,gx,gy,gz,acc_mag,gyro_mag,jerk,roll,pitch,tilt_delta",20.0,25.0,uniform_20hz_time_interpolation_to_25hz,adl_sliding_capped,406,507,,,dataset_unit_map,wrist,bits,m/s^2,rad/s,m/s^2,rad/s,1.0,1.0,True,test,non_fall,non_fall,1.890517887659371e-05,none,forward,0.7101918458938599
w25_00000657,bits,C:\Users\ADMIN\Desktop\ds-fall\data\raw\Dataset\adl\user17\user17_adl6.csv,C:\Users\ADMIN\Desktop\ds-fall\data\raw\Dataset,user17,user17_adl6,adl6,climbing_down_slowly,climbing_down_slowly,0,none,False,24,74,0.96,2.96,25.0,50,12,"ax,ay,az,gx,gy,gz,acc_mag,gyro_mag,jerk,roll,pitch,tilt_delta",20.0,25.0,uniform_20hz_time_interpolation_to_25hz,adl_sliding_capped,406,507,,,dataset_unit_map,wrist,bits,m/s^2,rad/s,m/s^2,rad/s,1.0,1.0,True,test,non_fall,non_fall,7.890580309322104e-05,none,forward,0.6597489714622498
w25_00000658,bits,C:\Users\ADMIN\Desktop\ds-fall\data\raw\Dataset\adl\user17\user17_adl6.csv,C:\Users\ADMIN\Desktop\ds-fall\data\raw\Dataset,user17,user17_adl6,adl6,climbing_down_slowly,climbing_down_slowly,0,none,False,36,86,1.44,3.44,25.0,50,12,"ax,ay,az,gx,gy,gz,acc_mag,gyro_mag,jerk,roll,pitch,tilt_delta",20.0,25.0,uniform_20hz_time_interpolation_to_25hz,adl_sliding_capped,406,507,,,dataset_unit_map,wrist,bits,m/s^2,rad/s,m/s^2,rad/s,1.0,1.0,True,test,non_fall,non_fall,0.000660448451526463,none,forward,0.5854216814041138
w25_00000659,bits,C:\Users\ADMIN\Desktop\ds-fall\data\raw\Dataset\adl\user17\user17_adl6.csv,C:\Users\ADMIN\Desktop\ds-fall\data\raw\Dataset,user17,user17_adl6,adl6,climbing_down_slowly,climbing_down_slowly,0,none,False,48,98,1.92,3.92,25.0,50,12,"ax,ay,az,gx,gy,gz,acc_mag,gyro_mag,jerk,roll,pitch,tilt_delta",20.0,25.0,uniform_20hz_time_interpolation_to_25hz,adl_sliding_capped,406,507,,,dataset_unit_map,wrist,bits,m/s^2,rad/s,m/s^2,rad/s,1.0,1.0,True,test,non_fall,non_fall,0.05152846872806549,none,forward,0.5900349020957947
w25_00000660,bits,C:\Users\ADMIN\Desktop\ds-fall\data\raw\Dataset\adl\user17\user17_adl7.csv,C:\Users\ADMIN\Desktop\ds-fall\data\raw\Dataset,user17,user17_adl7,adl7,climbing_up_normally,climbing_up_normally,0,none,False,0,50,0.0,2.0,25.0,50,12,"ax,ay,az,gx,gy,gz,acc_mag,gyro_mag,jerk,roll,pitch,tilt_delta",20.0,25.0,uniform_20hz_time_interpolation_to_25hz,adl_sliding_capped,213,266,,,dataset_unit_map,wrist,bits,m/s^2,rad/s,m/s^2,rad/s,1.0,1.0,True,test,non_fall,non_fall,0.649279773235321,none,lateral,0.8679169416427612
w25_00000661,bits,C:\Users\ADMIN\Desktop\ds-fall\data\raw\Dataset\adl\user17\user17_adl7.csv,C:\Users\ADMIN\Desktop\ds-fall\data\raw\Dataset,user17,user17_adl7,adl7,climbing_up_normally,climbing_up_normally,0,none,False,12,62,0.48,2.48,25.0,50,12,"ax,ay,az,gx,gy,gz,acc_mag,gyro_mag,jerk,roll,pitch,tilt_delta",20.0,25.0,uniform_20hz_time_interpolation_to_25hz,adl_sliding_capped,213,266,,,dataset_unit_map,wrist,bits,m/s^2,rad/s,m/s^2,rad/s,1.0,1.0,True,test,non_fall,fall,0.917222797870636,none,lateral,0.8601539731025696
w25_00000662,bits,C:\Users\ADMIN\Desktop\ds-fall\data\raw\Dataset\adl\user17\user17_adl7.csv,C:\Users\ADMIN\Desktop\ds-fall\data\raw\Dataset,user17,user17_adl7,adl7,climbing_up_normally,climbing_up_normally,0,none,False,24,74,0.96,2.96,25.0,50,12,"ax,ay,az,gx,gy,gz,acc_mag,gyro_mag,jerk,roll,pitch,tilt_delta",20.0,25.0,uniform_20hz_time_interpolation_to_25hz,adl_sliding_capped,213,266,,,dataset_unit_map,wrist,bits,m/s^2,rad/s,m/s^2,rad/s,1.0,1.0,True,test,non_fall,non_fall,0.21648362278938293,none,lateral,0.6768305897712708
w25_00000663,bits,C:\Users\ADMIN\Desktop\ds-fall\data\raw\Dataset\adl\user17\user17_adl7.csv,C:\Users\ADMIN\Desktop\ds-fall\data\raw\Dataset,user17,user17_adl7,adl7,climbing_up_normally,climbing_up_normally,0,none,False,36,86,1.44,3.44,25.0,50,12,"ax,ay,az,gx,gy,gz,acc_mag,gyro_mag,jerk,roll,pitch,tilt_delta",20.0,25.0,uniform_20hz_time_interpolation_to_25hz,adl_sliding_capped,213,266,,,dataset_unit_map,wrist,bits,m/s^2,rad/s,m/s^2,rad/s,1.0,1.0,True,test,non_fall,non_fall,0.06520946323871613,none,lateral,0.582928478717804
w25_00000664,bits,C:\Users\ADMIN\Desktop\ds-fall\data\raw\Dataset\adl\user17\user17_adl7.csv,C:\Users\ADMIN\Desktop\ds-fall\data\raw\Dataset,user17,user17_adl7,adl7,climbing_up_normally,climbing_up_normally,0,none,False,48,98,1.92,3.92,25.0,50,12,"ax,ay,az,gx,gy,gz,acc_mag,gyro_mag,jerk,roll,pitch,tilt_delta",20.0,25.0,uniform_20hz_time_interpolation_to_25hz,adl_sliding_capped,213,266,,,dataset_unit_map,wrist,bits,m/s^2,rad/s,m/s^2,rad/s,1.0,1.0,True,test,non_fall,non_fall,0.020365439355373383,none,lateral,0.5003414154052734
w25_00000665,bits,C:\Users\ADMIN\Desktop\ds-fall\data\raw\Dataset\adl\user17\user17_adl8.csv,C:\Users\ADMIN\Desktop\ds-fall\data\raw\Dataset,user17,user17_adl8,adl8,climbing_down_normally,climbing_down_normally,0,none,False,0,50,0.0,2.0,25.0,50,12,"ax,ay,az,gx,gy,gz,acc_mag,gyro_mag,jerk,roll,pitch,tilt_delta",20.0,25.0,uniform_20hz_time_interpolation_to_25hz,adl_sliding_capped,261,326,,,dataset_unit_map,wrist,bits,m/s^2,rad/s,m/s^2,rad/s,1.0,1.0,True,test,non_fall,non_fall,0.0002884617424570024,none,forward,0.8434513807296753
w25_00000666,bits,C:\Users\ADMIN\Desktop\ds-fall\data\raw\Dataset\adl\user17\user17_adl8.csv,C:\Users\ADMIN\Desktop\ds-fall\data\raw\Dataset,user17,user17_adl8,adl8,climbing_down_normally,climbing_down_normally,0,none,False,12,62,0.48,2.48,25.0,50,12,"ax,ay,az,gx,gy,gz,acc_mag,gyro_mag,jerk,roll,pitch,tilt_delta",20.0,25.0,uniform_20hz_time_interpolation_to_25hz,adl_sliding_capped,261,326,,,dataset_unit_map,wrist,bits,m/s^2,rad/s,m/s^2,rad/s,1.0,1.0,True,test,non_fall,non_fall,0.00020051088358741254,none,lateral,0.6324933767318726
w25_00000667,bits,C:\Users\ADMIN\Desktop\ds-fall\data\raw\Dataset\adl\user17\user17_adl8.csv,C:\Users\ADMIN\Desktop\ds-fall\data\raw\Dataset,user17,user17_adl8,adl8,climbing_down_normally,climbing_down_normally,0,none,False,24,74,0.96,2.96,25.0,50,12,"ax,ay,az,gx,gy,gz,acc_mag,gyro_mag,jerk,roll,pitch,tilt_delta",20.0,25.0,uniform_20hz_time_interpolation_to_25hz,adl_sliding_capped,261,326,,,dataset_unit_map,wrist,bits,m/s^2,rad/s,m/s^2,rad/s,1.0,1.0,True,test,non_fall,non_fall,3.307190490886569e-05,none,lateral,0.9095262885093689
w25_00000668,bits,C:\Users\ADMIN\Desktop\ds-fall\data\raw\Dataset\adl\user17\user17_adl8.csv,C:\Users\ADMIN\Desktop\ds-fall\data\raw\Dataset,user17,user17_adl8,adl8,climbing_down_normally,climbing_down_normally,0,none,False,36,86,1.44,3.44,25.0,50,12,"ax,ay,az,gx,gy,gz,acc_mag,gyro_mag,jerk,roll,pitch,tilt_delta",20.0,25.0,uniform_20hz_time_interpolation_to_25hz,adl_sliding_capped,261,326,,,dataset_unit_map,wrist,bits,m/s^2,rad/s,m/s^2,rad/s,1.0,1.0,True,test,non_fall,non_fall,0.0007074566092342138,none,lateral,0.9110015630722046
w25_00000669,bits,C:\Users\ADMIN\Desktop\ds-fall\data\raw\Dataset\adl\user17\user17_adl8.csv,C:\Users\ADMIN\Desktop\ds-fall\data\raw\Dataset,user17,user17_adl8,adl8,climbing_down_normally,climbing_down_normally,0,none,False,48,98,1.92,3.92,25.0,50,12,"ax,ay,az,gx,gy,gz,acc_mag,gyro_mag,jerk,roll,pitch,tilt_delta",20.0,25.0,uniform_20hz_time_interpolation_to_25hz,adl_sliding_capped,261,326,,,dataset_unit_map,wrist,bits,m/s^2,rad/s,m/s^2,rad/s,1.0,1.0,True,test,non_fall,non_fall,0.0015749001177027822,none,lateral,0.8789971470832825
w25_00000670,bits,C:\Users\ADMIN\Desktop\ds-fall\data\raw\Dataset\adl\user17\user17_adl9.csv,C:\Users\ADMIN\Desktop\ds-fall\data\raw\Dataset,user17,user17_adl9,adl9,slowly_sitting_on_chair,slowly_sitting_on_chair,0,none,False,0,50,0.0,2.0,25.0,50,12,"ax,ay,az,gx,gy,gz,acc_mag,gyro_mag,jerk,roll,pitch,tilt_delta",20.0,25.0,uniform_20hz_time_interpolation_to_25hz,adl_sliding_capped,305,381,,,dataset_unit_map,wrist,bits,m/s^2,rad/s,m/s^2,rad/s,1.0,1.0,True,test,non_fall,non_fall,0.018974818289279938,none,forward,0.6455118060112
w25_00000671,bits,C:\Users\ADMIN\Desktop\ds-fall\data\raw\Dataset\adl\user17\user17_adl9.csv,C:\Users\ADMIN\Desktop\ds-fall\data\raw\Dataset,user17,user17_adl9,adl9,slowly_sitting_on_chair,slowly_sitting_on_chair,0,none,False,12,62,0.48,2.48,25.0,50,12,"ax,ay,az,gx,gy,gz,acc_mag,gyro_mag,jerk,roll,pitch,tilt_delta",20.0,25.0,uniform_20hz_time_interpolation_to_25hz,adl_sliding_capped,305,381,,,dataset_unit_map,wrist,bits,m/s^2,rad/s,m/s^2,rad/s,1.0,1.0,True,test,non_fall,non_fall,0.01767086423933506,none,lateral,0.7192725539207458
w25_00000672,bits,C:\Users\ADMIN\Desktop\ds-fall\data\raw\Dataset\adl\user17\user17_adl9.csv,C:\Users\ADMIN\Desktop\ds-fall\data\raw\Dataset,user17,user17_adl9,adl9,slowly_sitting_on_chair,slowly_sitting_on_chair,0,none,False,24,74,0.96,2.96,25.0,50,12,"ax,ay,az,gx,gy,gz,acc_mag,gyro_mag,jerk,roll,pitch,tilt_delta",20.0,25.0,uniform_20hz_time_interpolation_to_25hz,adl_sliding_capped,305,381,,,dataset_unit_map,wrist,bits,m/s^2,rad/s,m/s^2,rad/s,1.0,1.0,True,test,non_fall,non_fall,0.001990627497434616,none,lateral,0.7462539076805115
w25_00000673,bits,C:\Users\ADMIN\Desktop\ds-fall\data\raw\Dataset\adl\user17\user17_adl9.csv,C:\Users\ADMIN\Desktop\ds-fall\data\raw\Dataset,user17,user17_adl9,adl9,slowly_sitting_on_chair,slowly_sitting_on_chair,0,none,False,36,86,1.44,3.44,25.0,50,12,"ax,ay,az,gx,gy,gz,acc_mag,gyro_mag,jerk,roll,pitch,tilt_delta",20.0,25.0,uniform_20hz_time_interpolation_to_25hz,adl_sliding_capped,305,381,,,dataset_unit_map,wrist,bits,m/s^2,rad/s,m/s^2,rad/s,1.0,1.0,True,test,non_fall,non_fall,0.00027311453595757484,none,lateral,0.643858790397644
w25_00000674,bits,C:\Users\ADMIN\Desktop\ds-fall\data\raw\Dataset\adl\user17\user17_adl9.csv,C:\Users\ADMIN\Desktop\ds-fall\data\raw\Dataset,user17,user17_adl9,adl9,slowly_sitting_on_chair,slowly_sitting_on_chair,0,none,False,48,98,1.92,3.92,25.0,50,12,"ax,ay,az,gx,gy,gz,acc_mag,gyro_mag,jerk,roll,pitch,tilt_delta",20.0,25.0,uniform_20hz_time_interpolation_to_25hz,adl_sliding_capped,305,381,,,dataset_unit_map,wrist,bits,m/s^2,rad/s,m/s^2,rad/s,1.0,1.0,True,test,non_fall,non_fall,0.0002559278509579599,none,lateral,0.5084344744682312
w25_00001475,bits,C:\Users\ADMIN\Desktop\ds-fall\data\raw\Dataset\adl\user27\user27_adl1.csv,C:\Users\ADMIN\Desktop\ds-fall\data\raw\Dataset,user27,user27_adl1,adl1,walking_slowly,walking_slowly,0,none,False,0,50,0.0,2.0,25.0,50,12,"ax,ay,az,gx,gy,gz,acc_mag,gyro_mag,jerk,roll,pitch,tilt_delta",20.0,25.0,uniform_20hz_time_interpolation_to_25hz,adl_sliding_capped,886,1107,,,dataset_unit_map,wrist,bits,m/s^2,rad/s,m/s^2,rad/s,1.0,1.0,True,test,non_fall,non_fall,3.163944711559452e-06,none,forward,0.9532166719436646
w25_00001476,bits,C:\Users\ADMIN\Desktop\ds-fall\data\raw\Dataset\adl\user27\user27_adl1.csv,C:\Users\ADMIN\Desktop\ds-fall\data\raw\Dataset,user27,user27_adl1,adl1,walking_slowly,walking_slowly,0,none,False,12,62,0.48,2.48,25.0,50,12,"ax,ay,az,gx,gy,gz,acc_mag,gyro_mag,jerk,roll,pitch,tilt_delta",20.0,25.0,uniform_20hz_time_interpolation_to_25hz,adl_sliding_capped,886,1107,,,dataset_unit_map,wrist,bits,m/s^2,rad/s,m/s^2,rad/s,1.0,1.0,True,test,non_fall,non_fall,2.6230993626086274e-06,none,forward,0.9577140808105469
w25_00001477,bits,C:\Users\ADMIN\Desktop\ds-fall\data\raw\Dataset\adl\user27\user27_adl1.csv,C:\Users\ADMIN\Desktop\ds-fall\data\raw\Dataset,user27,user27_adl1,adl1,walking_slowly,walking_slowly,0,none,False,24,74,0.96,2.96,25.0,50,12,"ax,ay,az,gx,gy,gz,acc_mag,gyro_mag,jerk,roll,pitch,tilt_delta",20.0,25.0,uniform_20hz_time_interpolation_to_25hz,adl_sliding_capped,886,1107,,,dataset_unit_map,wrist,bits,m/s^2,rad/s,m/s^2,rad/s,1.0,1.0,True,test,non_fall,non_fall,3.7648903798981337e-06,none,forward,0.964474081993103
w25_00001478,bits,C:\Users\ADMIN\Desktop\ds-fall\data\raw\Dataset\adl\user27\user27_adl1.csv,C:\Users\ADMIN\Desktop\ds-fall\data\raw\Dataset,user27,user27_adl1,adl1,walking_slowly,walking_slowly,0,none,False,36,86,1.44,3.44,25.0,50,12,"ax,ay,az,gx,gy,gz,acc_mag,gyro_mag,jerk,roll,pitch,tilt_delta",20.0,25.0,uniform_20hz_time_interpolation_to_25hz,adl_sliding_capped,886,1107,,,dataset_unit_map,wrist,bits,m/s^2,rad/s,m/s^2,rad/s,1.0,1.0,True,test,non_fall,non_fall,1.9088391127297655e-05,none,forward,0.9134101271629333
w25_00001479,bits,C:\Users\ADMIN\Desktop\ds-fall\data\raw\Dataset\adl\user27\user27_adl1.csv,C:\Users\ADMIN\Desktop\ds-fall\data\raw\Dataset,user27,user27_adl1,adl1,walking_slowly,walking_slowly,0,none,False,48,98,1.92,3.92,25.0,50,12,"ax,ay,az,gx,gy,gz,acc_mag,gyro_mag,jerk,roll,pitch,tilt_delta",20.0,25.0,uniform_20hz_time_interpolation_to_25hz,adl_sliding_capped,886,1107,,,dataset_unit_map,wrist,bits,m/s^2,rad/s,m/s^2,rad/s,1.0,1.0,True,test,non_fall,non_fall,0.0002659643650986254,none,forward,0.5712708234786987
w25_00001480,bits,C:\Users\ADMIN\Desktop\ds-fall\data\raw\Dataset\adl\user27\user27_adl10.csv,C:\Users\ADMIN\Desktop\ds-fall\data\raw\Dataset,user27,user27_adl10,adl10,rapidly_sitting_on_chair,rapidly_sitting_on_chair,0,none,False,0,50,0.0,2.0,25.0,50,12,"ax,ay,az,gx,gy,gz,acc_mag,gyro_mag,jerk,roll,pitch,tilt_delta",20.0,25.0,uniform_20hz_time_interpolation_to_25hz,adl_sliding_capped,194,242,,,dataset_unit_map,wrist,bits,m/s^2,rad/s,m/s^2,rad/s,1.0,1.0,True,test,non_fall,non_fall,3.938992813345976e-05,none,forward,0.8598253130912781
w25_00001481,bits,C:\Users\ADMIN\Desktop\ds-fall\data\raw\Dataset\adl\user27\user27_adl10.csv,C:\Users\ADMIN\Desktop\ds-fall\data\raw\Dataset,user27,user27_adl10,adl10,rapidly_sitting_on_chair,rapidly_sitting_on_chair,0,none,False,12,62,0.48,2.48,25.0,50,12,"ax,ay,az,gx,gy,gz,acc_mag,gyro_mag,jerk,roll,pitch,tilt_delta",20.0,25.0,uniform_20hz_time_interpolation_to_25hz,adl_sliding_capped,194,242,,,dataset_unit_map,wrist,bits,m/s^2,rad/s,m/s^2,rad/s,1.0,1.0,True,test,non_fall,non_fall,2.914046672231052e-05,none,forward,0.866531491279602
w25_00001482,bits,C:\Users\ADMIN\Desktop\ds-fall\data\raw\Dataset\adl\user27\user27_adl10.csv,C:\Users\ADMIN\Desktop\ds-fall\data\raw\Dataset,user27,user27_adl10,adl10,rapidly_sitting_on_chair,rapidly_sitting_on_chair,0,none,False,24,74,0.96,2.96,25.0,50,12,"ax,ay,az,gx,gy,gz,acc_mag,gyro_mag,jerk,roll,pitch,tilt_delta",20.0,25.0,uniform_20hz_time_interpolation_to_25hz,adl_sliding_capped,194,242,,,dataset_unit_map,wrist,bits,m/s^2,rad/s,m/s^2,rad/s,1.0,1.0,True,test,non_fall,non_fall,3.022425516974181e-05,none,forward,0.864892303943634
w25_00001483,bits,C:\Users\ADMIN\Desktop\ds-fall\data\raw\Dataset\adl\user27\user27_adl10.csv,C:\Users\ADMIN\Desktop\ds-fall\data\raw\Dataset,user27,user27_adl10,adl10,rapidly_sitting_on_chair,rapidly_sitting_on_chair,0,none,False,36,86,1.44,3.44,25.0,50,12,"ax,ay,az,gx,gy,gz,acc_mag,gyro_mag,jerk,roll,pitch,tilt_delta",20.0,25.0,uniform_20hz_time_interpolation_to_25hz,adl_sliding_capped,194,242,,,dataset_unit_map,wrist,bits,m/s^2,rad/s,m/s^2,rad/s,1.0,1.0,True,test,non_fall,non_fall,3.6033281503478065e-05,none,forward,0.8660863041877747
w25_00001484,bits,C:\Users\ADMIN\Desktop\ds-fall\data\raw\Dataset\adl\user27\user27_adl10.csv,C:\Users\ADMIN\Desktop\ds-fall\data\raw\Dataset,user27,user27_adl10,adl10,rapidly_sitting_on_chair,rapidly_sitting_on_chair,0,none,False,48,98,1.92,3.92,25.0,50,12,"ax,ay,az,gx,gy,gz,acc_mag,gyro_mag,jerk,roll,pitch,tilt_delta",20.0,25.0,uniform_20hz_time_interpolation_to_25hz,adl_sliding_capped,194,242,,,dataset_unit_map,wrist,bits,m/s^2,rad/s,m/s^2,rad/s,1.0,1.0,True,test,non_fall,non_fall,7.488377741537988e-05,none,forward,0.857039749622345
w25_00001485,bits,C:\Users\ADMIN\Desktop\ds-fall\data\raw\Dataset\adl\user27\user27_adl11.csv,C:\Users\ADMIN\Desktop\ds-fall\data\raw\Dataset,user27,user27_adl11,adl11,nearly_sitting_and_getting_up,nearly_sitting_and_getting_up,0,none,False,0,50,0.0,2.0,25.0,50,12,"ax,ay,az,gx,gy,gz,acc_mag,gyro_mag,jerk,roll,pitch,tilt_delta",20.0,25.0,uniform_20hz_time_interpolation_to_25hz,adl_sliding_capped,646,807,,,dataset_unit_map,wrist,bits,m/s^2,rad/s,m/s^2,rad/s,1.0,1.0,True,test,non_fall,non_fall,2.178011527576018e-06,none,forward,0.8760039806365967
w25_00001486,bits,C:\Users\ADMIN\Desktop\ds-fall\data\raw\Dataset\adl\user27\user27_adl11.csv,C:\Users\ADMIN\Desktop\ds-fall\data\raw\Dataset,user27,user27_adl11,adl11,nearly_sitting_and_getting_up,nearly_sitting_and_getting_up,0,none,False,12,62,0.48,2.48,25.0,50,12,"ax,ay,az,gx,gy,gz,acc_mag,gyro_mag,jerk,roll,pitch,tilt_delta",20.0,25.0,uniform_20hz_time_interpolation_to_25hz,adl_sliding_capped,646,807,,,dataset_unit_map,wrist,bits,m/s^2,rad/s,m/s^2,rad/s,1.0,1.0,True,test,non_fall,non_fall,5.565771971305367e-06,none,forward,0.8072649240493774
w25_00001487,bits,C:\Users\ADMIN\Desktop\ds-fall\data\raw\Dataset\adl\user27\user27_adl11.csv,C:\Users\ADMIN\Desktop\ds-fall\data\raw\Dataset,user27,user27_adl11,adl11,nearly_sitting_and_getting_up,nearly_sitting_and_getting_up,0,none,False,24,74,0.96,2.96,25.0,50,12,"ax,ay,az,gx,gy,gz,acc_mag,gyro_mag,jerk,roll,pitch,tilt_delta",20.0,25.0,uniform_20hz_time_interpolation_to_25hz,adl_sliding_capped,646,807,,,dataset_unit_map,wrist,bits,m/s^2,rad/s,m/s^2,rad/s,1.0,1.0,True,test,non_fall,non_fall,0.00023794859589543194,none,forward,0.7032783627510071
w25_00001488,bits,C:\Users\ADMIN\Desktop\ds-fall\data\raw\Dataset\adl\user27\user27_adl11.csv,C:\Users\ADMIN\Desktop\ds-fall\data\raw\Dataset,user27,user27_adl11,adl11,nearly_sitting_and_getting_up,nearly_sitting_and_getting_up,0,none,False,36,86,1.44,3.44,25.0,50,12,"ax,ay,az,gx,gy,gz,acc_mag,gyro_mag,jerk,roll,pitch,tilt_delta",20.0,25.0,uniform_20hz_time_interpolation_to_25hz,adl_sliding_capped,646,807,,,dataset_unit_map,wrist,bits,m/s^2,rad/s,m/s^2,rad/s,1.0,1.0,True,test,non_fall,non_fall,0.0003654196625575423,none,forward,0.6945050954818726
w25_00001489,bits,C:\Users\ADMIN\Desktop\ds-fall\data\raw\Dataset\adl\user27\user27_adl11.csv,C:\Users\ADMIN\Desktop\ds-fall\data\raw\Dataset,user27,user27_adl11,adl11,nearly_sitting_and_getting_up,nearly_sitting_and_getting_up,0,none,False,48,98,1.92,3.92,25.0,50,12,"ax,ay,az,gx,gy,gz,acc_mag,gyro_mag,jerk,roll,pitch,tilt_delta",20.0,25.0,uniform_20hz_time_interpolation_to_25hz,adl_sliding_capped,646,807,,,dataset_unit_map,wrist,bits,m/s^2,rad/s,m/s^2,rad/s,1.0,1.0,True,test,non_fall,non_fall,0.0003236388729419559,none,forward,0.7761731743812561
w25_00001490,bits,C:\Users\ADMIN\Desktop\ds-fall\data\raw\Dataset\adl\user27\user27_adl12.csv,C:\Users\ADMIN\Desktop\ds-fall\data\raw\Dataset,user27,user27_adl12,adl12,swinging_hands,swinging_hands,0,none,False,0,50,0.0,2.0,25.0,50,12,"ax,ay,az,gx,gy,gz,acc_mag,gyro_mag,jerk,roll,pitch,tilt_delta",20.0,25.0,uniform_20hz_time_interpolation_to_25hz,adl_sliding_capped,474,592,,,dataset_unit_map,wrist,bits,m/s^2,rad/s,m/s^2,rad/s,1.0,1.0,True,test,non_fall,non_fall,4.954306496074423e-05,none,forward,0.8422610759735107
w25_00001491,bits,C:\Users\ADMIN\Desktop\ds-fall\data\raw\Dataset\adl\user27\user27_adl12.csv,C:\Users\ADMIN\Desktop\ds-fall\data\raw\Dataset,user27,user27_adl12,adl12,swinging_hands,swinging_hands,0,none,False,12,62,0.48,2.48,25.0,50,12,"ax,ay,az,gx,gy,gz,acc_mag,gyro_mag,jerk,roll,pitch,tilt_delta",20.0,25.0,uniform_20hz_time_interpolation_to_25hz,adl_sliding_capped,474,592,,,dataset_unit_map,wrist,bits,m/s^2,rad/s,m/s^2,rad/s,1.0,1.0,True,test,non_fall,non_fall,6.84234473737888e-05,none,forward,0.7935654520988464
w25_00001492,bits,C:\Users\ADMIN\Desktop\ds-fall\data\raw\Dataset\adl\user27\user27_adl12.csv,C:\Users\ADMIN\Desktop\ds-fall\data\raw\Dataset,user27,user27_adl12,adl12,swinging_hands,swinging_hands,0,none,False,24,74,0.96,2.96,25.0,50,12,"ax,ay,az,gx,gy,gz,acc_mag,gyro_mag,jerk,roll,pitch,tilt_delta",20.0,25.0,uniform_20hz_time_interpolation_to_25hz,adl_sliding_capped,474,592,,,dataset_unit_map,wrist,bits,m/s^2,rad/s,m/s^2,rad/s,1.0,1.0,True,test,non_fall,non_fall,0.0003972044214606285,none,forward,0.5252118110656738
w25_00001493,bits,C:\Users\ADMIN\Desktop\ds-fall\data\raw\Dataset\adl\user27\user27_adl12.csv,C:\Users\ADMIN\Desktop\ds-fall\data\raw\Dataset,user27,user27_adl12,adl12,swinging_hands,swinging_hands,0,none,False,36,86,1.44,3.44,25.0,50,12,"ax,ay,az,gx,gy,gz,acc_mag,gyro_mag,jerk,roll,pitch,tilt_delta",20.0,25.0,uniform_20hz_time_interpolation_to_25hz,adl_sliding_capped,474,592,,,dataset_unit_map,wrist,bits,m/s^2,rad/s,m/s^2,rad/s,1.0,1.0,True,test,non_fall,non_fall,0.04451338201761246,none,lateral,0.613454282283783
w25_00001494,bits,C:\Users\ADMIN\Desktop\ds-fall\data\raw\Dataset\adl\user27\user27_adl12.csv,C:\Users\ADMIN\Desktop\ds-fall\data\raw\Dataset,user27,user27_adl12,adl12,swinging_hands,swinging_hands,0,none,False,48,98,1.92,3.92,25.0,50,12,"ax,ay,az,gx,gy,gz,acc_mag,gyro_mag,jerk,roll,pitch,tilt_delta",20.0,25.0,uniform_20hz_time_interpolation_to_25hz,adl_sliding_capped,474,592,,,dataset_unit_map,wrist,bits,m/s^2,rad/s,m/s^2,rad/s,1.0,1.0,True,test,non_fall,non_fall,0.010583183728158474,none,forward,0.500926673412323
w25_00001495,bits,C:\Users\ADMIN\Desktop\ds-fall\data\raw\Dataset\adl\user27\user27_adl13.csv,C:\Users\ADMIN\Desktop\ds-fall\data\raw\Dataset,user27,user27_adl13,adl13,lying_on_bed,lying_on_bed,0,none,False,0,50,0.0,2.0,25.0,50,12,"ax,ay,az,gx,gy,gz,acc_mag,gyro_mag,jerk,roll,pitch,tilt_delta",20.0,25.0,uniform_20hz_time_interpolation_to_25hz,adl_sliding_capped,845,1056,,,dataset_unit_map,wrist,bits,m/s^2,rad/s,m/s^2,rad/s,1.0,1.0,True,test,non_fall,non_fall,8.279847918402083e-08,none,backward,0.8914029598236084
w25_00001496,bits,C:\Users\ADMIN\Desktop\ds-fall\data\raw\Dataset\adl\user27\user27_adl13.csv,C:\Users\ADMIN\Desktop\ds-fall\data\raw\Dataset,user27,user27_adl13,adl13,lying_on_bed,lying_on_bed,0,none,False,12,62,0.48,2.48,25.0,50,12,"ax,ay,az,gx,gy,gz,acc_mag,gyro_mag,jerk,roll,pitch,tilt_delta",20.0,25.0,uniform_20hz_time_interpolation_to_25hz,adl_sliding_capped,845,1056,,,dataset_unit_map,wrist,bits,m/s^2,rad/s,m/s^2,rad/s,1.0,1.0,True,test,non_fall,non_fall,6.828545195958213e-08,none,backward,0.8851446509361267
w25_00001497,bits,C:\Users\ADMIN\Desktop\ds-fall\data\raw\Dataset\adl\user27\user27_adl13.csv,C:\Users\ADMIN\Desktop\ds-fall\data\raw\Dataset,user27,user27_adl13,adl13,lying_on_bed,lying_on_bed,0,none,False,24,74,0.96,2.96,25.0,50,12,"ax,ay,az,gx,gy,gz,acc_mag,gyro_mag,jerk,roll,pitch,tilt_delta",20.0,25.0,uniform_20hz_time_interpolation_to_25hz,adl_sliding_capped,845,1056,,,dataset_unit_map,wrist,bits,m/s^2,rad/s,m/s^2,rad/s,1.0,1.0,True,test,non_fall,non_fall,5.243882839067737e-08,none,backward,0.8741630911827087
w25_00001498,bits,C:\Users\ADMIN\Desktop\ds-fall\data\raw\Dataset\adl\user27\user27_adl13.csv,C:\Users\ADMIN\Desktop\ds-fall\data\raw\Dataset,user27,user27_adl13,adl13,lying_on_bed,lying_on_bed,0,none,False,36,86,1.44,3.44,25.0,50,12,"ax,ay,az,gx,gy,gz,acc_mag,gyro_mag,jerk,roll,pitch,tilt_delta",20.0,25.0,uniform_20hz_time_interpolation_to_25hz,adl_sliding_capped,845,1056,,,dataset_unit_map,wrist,bits,m/s^2,rad/s,m/s^2,rad/s,1.0,1.0,True,test,non_fall,non_fall,3.585797969662963e-08,none,backward,0.8523554801940918
w25_00001499,bits,C:\Users\ADMIN\Desktop\ds-fall\data\raw\Dataset\adl\user27\user27_adl13.csv,C:\Users\ADMIN\Desktop\ds-fall\data\raw\Dataset,user27,user27_adl13,adl13,lying_on_bed,lying_on_bed,0,none,False,48,98,1.92,3.92,25.0,50,12,"ax,ay,az,gx,gy,gz,acc_mag,gyro_mag,jerk,roll,pitch,tilt_delta",20.0,25.0,uniform_20hz_time_interpolation_to_25hz,adl_sliding_capped,845,1056,,,dataset_unit_map,wrist,bits,m/s^2,rad/s,m/s^2,rad/s,1.0,1.0,True,test,non_fall,non_fall,2.6643323991493162e-08,none,backward,0.831515371799469
w25_00001500,bits,C:\Users\ADMIN\Desktop\ds-fall\data\raw\Dataset\adl\user27\user27_adl14.csv,C:\Users\ADMIN\Desktop\ds-fall\data\raw\Dataset,user27,user27_adl14,adl14,lying_on_back_getting_up_slowly,lying_on_back_getting_up_slowly,0,none,False,0,50,0.0,2.0,25.0,50,12,"ax,ay,az,gx,gy,gz,acc_mag,gyro_mag,jerk,roll,pitch,tilt_delta",20.0,25.0,uniform_20hz_time_interpolation_to_25hz,adl_sliding_capped,591,738,,,dataset_unit_map,wrist,bits,m/s^2,rad/s,m/s^2,rad/s,1.0,1.0,True,test,non_fall,non_fall,3.7087454529682873e-07,none,backward,0.86113041639328
w25_00001501,bits,C:\Users\ADMIN\Desktop\ds-fall\data\raw\Dataset\adl\user27\user27_adl14.csv,C:\Users\ADMIN\Desktop\ds-fall\data\raw\Dataset,user27,user27_adl14,adl14,lying_on_back_getting_up_slowly,lying_on_back_getting_up_slowly,0,none,False,12,62,0.48,2.48,25.0,50,12,"ax,ay,az,gx,gy,gz,acc_mag,gyro_mag,jerk,roll,pitch,tilt_delta",20.0,25.0,uniform_20hz_time_interpolation_to_25hz,adl_sliding_capped,591,738,,,dataset_unit_map,wrist,bits,m/s^2,rad/s,m/s^2,rad/s,1.0,1.0,True,test,non_fall,non_fall,3.67189812777724e-07,none,backward,0.8606458306312561
w25_00001502,bits,C:\Users\ADMIN\Desktop\ds-fall\data\raw\Dataset\adl\user27\user27_adl14.csv,C:\Users\ADMIN\Desktop\ds-fall\data\raw\Dataset,user27,user27_adl14,adl14,lying_on_back_getting_up_slowly,lying_on_back_getting_up_slowly,0,none,False,24,74,0.96,2.96,25.0,50,12,"ax,ay,az,gx,gy,gz,acc_mag,gyro_mag,jerk,roll,pitch,tilt_delta",20.0,25.0,uniform_20hz_time_interpolation_to_25hz,adl_sliding_capped,591,738,,,dataset_unit_map,wrist,bits,m/s^2,rad/s,m/s^2,rad/s,1.0,1.0,True,test,non_fall,non_fall,3.4683370131460833e-07,none,backward,0.856926441192627
w25_00001503,bits,C:\Users\ADMIN\Desktop\ds-fall\data\raw\Dataset\adl\user27\user27_adl14.csv,C:\Users\ADMIN\Desktop\ds-fall\data\raw\Dataset,user27,user27_adl14,adl14,lying_on_back_getting_up_slowly,lying_on_back_getting_up_slowly,0,none,False,36,86,1.44,3.44,25.0,50,12,"ax,ay,az,gx,gy,gz,acc_mag,gyro_mag,jerk,roll,pitch,tilt_delta",20.0,25.0,uniform_20hz_time_interpolation_to_25hz,adl_sliding_capped,591,738,,,dataset_unit_map,wrist,bits,m/s^2,rad/s,m/s^2,rad/s,1.0,1.0,True,test,non_fall,non_fall,3.4293324802092684e-07,none,backward,0.8610665202140808
w25_00001504,bits,C:\Users\ADMIN\Desktop\ds-fall\data\raw\Dataset\adl\user27\user27_adl14.csv,C:\Users\ADMIN\Desktop\ds-fall\data\raw\Dataset,user27,user27_adl14,adl14,lying_on_back_getting_up_slowly,lying_on_back_getting_up_slowly,0,none,False,48,98,1.92,3.92,25.0,50,12,"ax,ay,az,gx,gy,gz,acc_mag,gyro_mag,jerk,roll,pitch,tilt_delta",20.0,25.0,uniform_20hz_time_interpolation_to_25hz,adl_sliding_capped,591,738,,,dataset_unit_map,wrist,bits,m/s^2,rad/s,m/s^2,rad/s,1.0,1.0,True,test,non_fall,non_fall,3.2036763286669157e-07,none,backward,0.8574376106262207
w25_00001505,bits,C:\Users\ADMIN\Desktop\ds-fall\data\raw\Dataset\adl\user27\user27_adl15.csv,C:\Users\ADMIN\Desktop\ds-fall\data\raw\Dataset,user27,user27_adl15,adl15,lying_on_back_getting_up_normally,lying_on_back_getting_up_normally,0,none,False,0,50,0.0,2.0,25.0,50,12,"ax,ay,az,gx,gy,gz,acc_mag,gyro_mag,jerk,roll,pitch,tilt_delta",20.0,25.0,uniform_20hz_time_interpolation_to_25hz,adl_sliding_capped,277,346,,,dataset_unit_map,wrist,bits,m/s^2,rad/s,m/s^2,rad/s,1.0,1.0,True,test,non_fall,non_fall,4.3982669950537456e-08,none,backward,0.721946656703949
w25_00001506,bits,C:\Users\ADMIN\Desktop\ds-fall\data\raw\Dataset\adl\user27\user27_adl15.csv,C:\Users\ADMIN\Desktop\ds-fall\data\raw\Dataset,user27,user27_adl15,adl15,lying_on_back_getting_up_normally,lying_on_back_getting_up_normally,0,none,False,12,62,0.48,2.48,25.0,50,12,"ax,ay,az,gx,gy,gz,acc_mag,gyro_mag,jerk,roll,pitch,tilt_delta",20.0,25.0,uniform_20hz_time_interpolation_to_25hz,adl_sliding_capped,277,346,,,dataset_unit_map,wrist,bits,m/s^2,rad/s,m/s^2,rad/s,1.0,1.0,True,test,non_fall,non_fall,3.931714687155363e-08,none,backward,0.7059435248374939
w25_00001507,bits,C:\Users\ADMIN\Desktop\ds-fall\data\raw\Dataset\adl\user27\user27_adl15.csv,C:\Users\ADMIN\Desktop\ds-fall\data\raw\Dataset,user27,user27_adl15,adl15,lying_on_back_getting_up_normally,lying_on_back_getting_up_normally,0,none,False,24,74,0.96,2.96,25.0,50,12,"ax,ay,az,gx,gy,gz,acc_mag,gyro_mag,jerk,roll,pitch,tilt_delta",20.0,25.0,uniform_20hz_time_interpolation_to_25hz,adl_sliding_capped,277,346,,,dataset_unit_map,wrist,bits,m/s^2,rad/s,m/s^2,rad/s,1.0,1.0,True,test,non_fall,non_fall,4.055545943515426e-08,none,backward,0.7079111337661743
w25_00001508,bits,C:\Users\ADMIN\Desktop\ds-fall\data\raw\Dataset\adl\user27\user27_adl15.csv,C:\Users\ADMIN\Desktop\ds-fall\data\raw\Dataset,user27,user27_adl15,adl15,lying_on_back_getting_up_normally,lying_on_back_getting_up_normally,0,none,False,36,86,1.44,3.44,25.0,50,12,"ax,ay,az,gx,gy,gz,acc_mag,gyro_mag,jerk,roll,pitch,tilt_delta",20.0,25.0,uniform_20hz_time_interpolation_to_25hz,adl_sliding_capped,277,346,,,dataset_unit_map,wrist,bits,m/s^2,rad/s,m/s^2,rad/s,1.0,1.0,True,test,non_fall,non_fall,4.171262091290373e-08,none,backward,0.7082807421684265
w25_00001509,bits,C:\Users\ADMIN\Desktop\ds-fall\data\raw\Dataset\adl\user27\user27_adl15.csv,C:\Users\ADMIN\Desktop\ds-fall\data\raw\Dataset,user27,user27_adl15,adl15,lying_on_back_getting_up_normally,lying_on_back_getting_up_normally,0,none,False,48,98,1.92,3.92,25.0,50,12,"ax,ay,az,gx,gy,gz,acc_mag,gyro_mag,jerk,roll,pitch,tilt_delta",20.0,25.0,uniform_20hz_time_interpolation_to_25hz,adl_sliding_capped,277,346,,,dataset_unit_map,wrist,bits,m/s^2,rad/s,m/s^2,rad/s,1.0,1.0,True,test,non_fall,non_fall,4.24757402583964e-08,none,backward,0.7067753076553345
w25_00001510,bits,C:\Users\ADMIN\Desktop\ds-fall\data\raw\Dataset\adl\user27\user27_adl16.csv,C:\Users\ADMIN\Desktop\ds-fall\data\raw\Dataset,user27,user27_adl16,adl16,lying_sideways_to_back,lying_sideways_to_back,0,none,False,0,50,0.0,2.0,25.0,50,12,"ax,ay,az,gx,gy,gz,acc_mag,gyro_mag,jerk,roll,pitch,tilt_delta",20.0,25.0,uniform_20hz_time_interpolation_to_25hz,adl_sliding_capped,179,223,,,dataset_unit_map,wrist,bits,m/s^2,rad/s,m/s^2,rad/s,1.0,1.0,True,test,non_fall,non_fall,0.000103241422038991,none,lateral,0.9275496602058411
w25_00001511,bits,C:\Users\ADMIN\Desktop\ds-fall\data\raw\Dataset\adl\user27\user27_adl16.csv,C:\Users\ADMIN\Desktop\ds-fall\data\raw\Dataset,user27,user27_adl16,adl16,lying_sideways_to_back,lying_sideways_to_back,0,none,False,12,62,0.48,2.48,25.0,50,12,"ax,ay,az,gx,gy,gz,acc_mag,gyro_mag,jerk,roll,pitch,tilt_delta",20.0,25.0,uniform_20hz_time_interpolation_to_25hz,adl_sliding_capped,179,223,,,dataset_unit_map,wrist,bits,m/s^2,rad/s,m/s^2,rad/s,1.0,1.0,True,test,non_fall,non_fall,0.00011469754826975986,none,lateral,0.9286268949508667
w25_00001512,bits,C:\Users\ADMIN\Desktop\ds-fall\data\raw\Dataset\adl\user27\user27_adl16.csv,C:\Users\ADMIN\Desktop\ds-fall\data\raw\Dataset,user27,user27_adl16,adl16,lying_sideways_to_back,lying_sideways_to_back,0,none,False,24,74,0.96,2.96,25.0,50,12,"ax,ay,az,gx,gy,gz,acc_mag,gyro_mag,jerk,roll,pitch,tilt_delta",20.0,25.0,uniform_20hz_time_interpolation_to_25hz,adl_sliding_capped,179,223,,,dataset_unit_map,wrist,bits,m/s^2,rad/s,m/s^2,rad/s,1.0,1.0,True,test,non_fall,non_fall,0.0001132083561969921,none,lateral,0.9295752644538879
w25_00001513,bits,C:\Users\ADMIN\Desktop\ds-fall\data\raw\Dataset\adl\user27\user27_adl16.csv,C:\Users\ADMIN\Desktop\ds-fall\data\raw\Dataset,user27,user27_adl16,adl16,lying_sideways_to_back,lying_sideways_to_back,0,none,False,36,86,1.44,3.44,25.0,50,12,"ax,ay,az,gx,gy,gz,acc_mag,gyro_mag,jerk,roll,pitch,tilt_delta",20.0,25.0,uniform_20hz_time_interpolation_to_25hz,adl_sliding_capped,179,223,,,dataset_unit_map,wrist,bits,m/s^2,rad/s,m/s^2,rad/s,1.0,1.0,True,test,non_fall,non_fall,0.0001160055908258073,none,lateral,0.9294226169586182
w25_00001514,bits,C:\Users\ADMIN\Desktop\ds-fall\data\raw\Dataset\adl\user27\user27_adl16.csv,C:\Users\ADMIN\Desktop\ds-fall\data\raw\Dataset,user27,user27_adl16,adl16,lying_sideways_to_back,lying_sideways_to_back,0,none,False,48,98,1.92,3.92,25.0,50,12,"ax,ay,az,gx,gy,gz,acc_mag,gyro_mag,jerk,roll,pitch,tilt_delta",20.0,25.0,uniform_20hz_time_interpolation_to_25hz,adl_sliding_capped,179,223,,,dataset_unit_map,wrist,bits,m/s^2,rad/s,m/s^2,rad/s,1.0,1.0,True,test,non_fall,non_fall,0.00011542894208105281,none,lateral,0.9294250011444092
w25_00001515,bits,C:\Users\ADMIN\Desktop\ds-fall\data\raw\Dataset\adl\user27\user27_adl2.csv,C:\Users\ADMIN\Desktop\ds-fall\data\raw\Dataset,user27,user27_adl2,adl2,walking_quickly,walking_quickly,0,none,False,0,50,0.0,2.0,25.0,50,12,"ax,ay,az,gx,gy,gz,acc_mag,gyro_mag,jerk,roll,pitch,tilt_delta",20.0,25.0,uniform_20hz_time_interpolation_to_25hz,adl_sliding_capped,571,713,,,dataset_unit_map,wrist,bits,m/s^2,rad/s,m/s^2,rad/s,1.0,1.0,True,test,non_fall,non_fall,3.971139085479081e-05,none,forward,0.8050628900527954
w25_00001516,bits,C:\Users\ADMIN\Desktop\ds-fall\data\raw\Dataset\adl\user27\user27_adl2.csv,C:\Users\ADMIN\Desktop\ds-fall\data\raw\Dataset,user27,user27_adl2,adl2,walking_quickly,walking_quickly,0,none,False,12,62,0.48,2.48,25.0,50,12,"ax,ay,az,gx,gy,gz,acc_mag,gyro_mag,jerk,roll,pitch,tilt_delta",20.0,25.0,uniform_20hz_time_interpolation_to_25hz,adl_sliding_capped,571,713,,,dataset_unit_map,wrist,bits,m/s^2,rad/s,m/s^2,rad/s,1.0,1.0,True,test,non_fall,non_fall,1.795750176825095e-05,none,forward,0.8319882154464722
w25_00001517,bits,C:\Users\ADMIN\Desktop\ds-fall\data\raw\Dataset\adl\user27\user27_adl2.csv,C:\Users\ADMIN\Desktop\ds-fall\data\raw\Dataset,user27,user27_adl2,adl2,walking_quickly,walking_quickly,0,none,False,24,74,0.96,2.96,25.0,50,12,"ax,ay,az,gx,gy,gz,acc_mag,gyro_mag,jerk,roll,pitch,tilt_delta",20.0,25.0,uniform_20hz_time_interpolation_to_25hz,adl_sliding_capped,571,713,,,dataset_unit_map,wrist,bits,m/s^2,rad/s,m/s^2,rad/s,1.0,1.0,True,test,non_fall,non_fall,2.4489167117280886e-05,none,forward,0.8037938475608826
w25_00001518,bits,C:\Users\ADMIN\Desktop\ds-fall\data\raw\Dataset\adl\user27\user27_adl2.csv,C:\Users\ADMIN\Desktop\ds-fall\data\raw\Dataset,user27,user27_adl2,adl2,walking_quickly,walking_quickly,0,none,False,36,86,1.44,3.44,25.0,50,12,"ax,ay,az,gx,gy,gz,acc_mag,gyro_mag,jerk,roll,pitch,tilt_delta",20.0,25.0,uniform_20hz_time_interpolation_to_25hz,adl_sliding_capped,571,713,,,dataset_unit_map,wrist,bits,m/s^2,rad/s,m/s^2,rad/s,1.0,1.0,True,test,non_fall,non_fall,2.6052359316963702e-05,none,forward,0.8072981834411621
w25_00001519,bits,C:\Users\ADMIN\Desktop\ds-fall\data\raw\Dataset\adl\user27\user27_adl2.csv,C:\Users\ADMIN\Desktop\ds-fall\data\raw\Dataset,user27,user27_adl2,adl2,walking_quickly,walking_quickly,0,none,False,48,98,1.92,3.92,25.0,50,12,"ax,ay,az,gx,gy,gz,acc_mag,gyro_mag,jerk,roll,pitch,tilt_delta",20.0,25.0,uniform_20hz_time_interpolation_to_25hz,adl_sliding_capped,571,713,,,dataset_unit_map,wrist,bits,m/s^2,rad/s,m/s^2,rad/s,1.0,1.0,True,test,non_fall,non_fall,2.7740641598938964e-05,none,forward,0.8234710097312927
w25_00001520,bits,C:\Users\ADMIN\Desktop\ds-fall\data\raw\Dataset\adl\user27\user27_adl3.csv,C:\Users\ADMIN\Desktop\ds-fall\data\raw\Dataset,user27,user27_adl3,adl3,jogging,jogging,0,none,False,0,50,0.0,2.0,25.0,50,12,"ax,ay,az,gx,gy,gz,acc_mag,gyro_mag,jerk,roll,pitch,tilt_delta",20.0,25.0,uniform_20hz_time_interpolation_to_25hz,adl_sliding_capped,339,423,,,dataset_unit_map,wrist,bits,m/s^2,rad/s,m/s^2,rad/s,1.0,1.0,True,test,non_fall,non_fall,4.2914484765788075e-06,none,backward,0.8416581153869629
w25_00001521,bits,C:\Users\ADMIN\Desktop\ds-fall\data\raw\Dataset\adl\user27\user27_adl3.csv,C:\Users\ADMIN\Desktop\ds-fall\data\raw\Dataset,user27,user27_adl3,adl3,jogging,jogging,0,none,False,12,62,0.48,2.48,25.0,50,12,"ax,ay,az,gx,gy,gz,acc_mag,gyro_mag,jerk,roll,pitch,tilt_delta",20.0,25.0,uniform_20hz_time_interpolation_to_25hz,adl_sliding_capped,339,423,,,dataset_unit_map,wrist,bits,m/s^2,rad/s,m/s^2,rad/s,1.0,1.0,True,test,non_fall,non_fall,1.706008151813876e-05,none,backward,0.5694379806518555
w25_00001522,bits,C:\Users\ADMIN\Desktop\ds-fall\data\raw\Dataset\adl\user27\user27_adl3.csv,C:\Users\ADMIN\Desktop\ds-fall\data\raw\Dataset,user27,user27_adl3,adl3,jogging,jogging,0,none,False,24,74,0.96,2.96,25.0,50,12,"ax,ay,az,gx,gy,gz,acc_mag,gyro_mag,jerk,roll,pitch,tilt_delta",20.0,25.0,uniform_20hz_time_interpolation_to_25hz,adl_sliding_capped,339,423,,,dataset_unit_map,wrist,bits,m/s^2,rad/s,m/s^2,rad/s,1.0,1.0,True,test,non_fall,non_fall,0.004180059768259525,none,forward,0.781336784362793
w25_00001523,bits,C:\Users\ADMIN\Desktop\ds-fall\data\raw\Dataset\adl\user27\user27_adl3.csv,C:\Users\ADMIN\Desktop\ds-fall\data\raw\Dataset,user27,user27_adl3,adl3,jogging,jogging,0,none,False,36,86,1.44,3.44,25.0,50,12,"ax,ay,az,gx,gy,gz,acc_mag,gyro_mag,jerk,roll,pitch,tilt_delta",20.0,25.0,uniform_20hz_time_interpolation_to_25hz,adl_sliding_capped,339,423,,,dataset_unit_map,wrist,bits,m/s^2,rad/s,m/s^2,rad/s,1.0,1.0,True,test,non_fall,non_fall,0.0035274536348879337,none,forward,0.6161821484565735
w25_00001524,bits,C:\Users\ADMIN\Desktop\ds-fall\data\raw\Dataset\adl\user27\user27_adl3.csv,C:\Users\ADMIN\Desktop\ds-fall\data\raw\Dataset,user27,user27_adl3,adl3,jogging,jogging,0,none,False,48,98,1.92,3.92,25.0,50,12,"ax,ay,az,gx,gy,gz,acc_mag,gyro_mag,jerk,roll,pitch,tilt_delta",20.0,25.0,uniform_20hz_time_interpolation_to_25hz,adl_sliding_capped,339,423,,,dataset_unit_map,wrist,bits,m/s^2,rad/s,m/s^2,rad/s,1.0,1.0,True,test,non_fall,non_fall,0.015034633688628674,none,forward,0.8157469630241394
w25_00001525,bits,C:\Users\ADMIN\Desktop\ds-fall\data\raw\Dataset\adl\user27\user27_adl4.csv,C:\Users\ADMIN\Desktop\ds-fall\data\raw\Dataset,user27,user27_adl4,adl4,jumping,jumping,0,none,False,0,50,0.0,2.0,25.0,50,12,"ax,ay,az,gx,gy,gz,acc_mag,gyro_mag,jerk,roll,pitch,tilt_delta",20.0,25.0,uniform_20hz_time_interpolation_to_25hz,adl_sliding_capped,1792,2239,,,dataset_unit_map,wrist,bits,m/s^2,rad/s,m/s^2,rad/s,1.0,1.0,True,test,non_fall,non_fall,0.00018172420095652342,none,forward,0.7344694137573242
w25_00001526,bits,C:\Users\ADMIN\Desktop\ds-fall\data\raw\Dataset\adl\user27\user27_adl4.csv,C:\Users\ADMIN\Desktop\ds-fall\data\raw\Dataset,user27,user27_adl4,adl4,jumping,jumping,0,none,False,12,62,0.48,2.48,25.0,50,12,"ax,ay,az,gx,gy,gz,acc_mag,gyro_mag,jerk,roll,pitch,tilt_delta",20.0,25.0,uniform_20hz_time_interpolation_to_25hz,adl_sliding_capped,1792,2239,,,dataset_unit_map,wrist,bits,m/s^2,rad/s,m/s^2,rad/s,1.0,1.0,True,test,non_fall,non_fall,0.00011720130714820698,none,forward,0.9258270859718323
w25_00001527,bits,C:\Users\ADMIN\Desktop\ds-fall\data\raw\Dataset\adl\user27\user27_adl4.csv,C:\Users\ADMIN\Desktop\ds-fall\data\raw\Dataset,user27,user27_adl4,adl4,jumping,jumping,0,none,False,24,74,0.96,2.96,25.0,50,12,"ax,ay,az,gx,gy,gz,acc_mag,gyro_mag,jerk,roll,pitch,tilt_delta",20.0,25.0,uniform_20hz_time_interpolation_to_25hz,adl_sliding_capped,1792,2239,,,dataset_unit_map,wrist,bits,m/s^2,rad/s,m/s^2,rad/s,1.0,1.0,True,test,non_fall,non_fall,1.2747816072078422e-05,none,forward,0.9518542885780334
w25_00001528,bits,C:\Users\ADMIN\Desktop\ds-fall\data\raw\Dataset\adl\user27\user27_adl4.csv,C:\Users\ADMIN\Desktop\ds-fall\data\raw\Dataset,user27,user27_adl4,adl4,jumping,jumping,0,none,False,36,86,1.44,3.44,25.0,50,12,"ax,ay,az,gx,gy,gz,acc_mag,gyro_mag,jerk,roll,pitch,tilt_delta",20.0,25.0,uniform_20hz_time_interpolation_to_25hz,adl_sliding_capped,1792,2239,,,dataset_unit_map,wrist,bits,m/s^2,rad/s,m/s^2,rad/s,1.0,1.0,True,test,non_fall,non_fall,9.20515685720602e-06,none,forward,0.9511343240737915
w25_00001529,bits,C:\Users\ADMIN\Desktop\ds-fall\data\raw\Dataset\adl\user27\user27_adl4.csv,C:\Users\ADMIN\Desktop\ds-fall\data\raw\Dataset,user27,user27_adl4,adl4,jumping,jumping,0,none,False,48,98,1.92,3.92,25.0,50,12,"ax,ay,az,gx,gy,gz,acc_mag,gyro_mag,jerk,roll,pitch,tilt_delta",20.0,25.0,uniform_20hz_time_interpolation_to_25hz,adl_sliding_capped,1792,2239,,,dataset_unit_map,wrist,bits,m/s^2,rad/s,m/s^2,rad/s,1.0,1.0,True,test,non_fall,non_fall,8.36667913972633e-06,none,forward,0.916519820690155
w25_00001530,bits,C:\Users\ADMIN\Desktop\ds-fall\data\raw\Dataset\adl\user27\user27_adl5.csv,C:\Users\ADMIN\Desktop\ds-fall\data\raw\Dataset,user27,user27_adl5,adl5,climbing_up_slowly,climbing_up_slowly,0,none,False,0,50,0.0,2.0,25.0,50,12,"ax,ay,az,gx,gy,gz,acc_mag,gyro_mag,jerk,roll,pitch,tilt_delta",20.0,25.0,uniform_20hz_time_interpolation_to_25hz,adl_sliding_capped,837,1046,,,dataset_unit_map,wrist,bits,m/s^2,rad/s,m/s^2,rad/s,1.0,1.0,True,test,non_fall,non_fall,4.782745236298069e-06,none,forward,0.9133913516998291
w25_00001531,bits,C:\Users\ADMIN\Desktop\ds-fall\data\raw\Dataset\adl\user27\user27_adl5.csv,C:\Users\ADMIN\Desktop\ds-fall\data\raw\Dataset,user27,user27_adl5,adl5,climbing_up_slowly,climbing_up_slowly,0,none,False,12,62,0.48,2.48,25.0,50,12,"ax,ay,az,gx,gy,gz,acc_mag,gyro_mag,jerk,roll,pitch,tilt_delta",20.0,25.0,uniform_20hz_time_interpolation_to_25hz,adl_sliding_capped,837,1046,,,dataset_unit_map,wrist,bits,m/s^2,rad/s,m/s^2,rad/s,1.0,1.0,True,test,non_fall,non_fall,3.9914857552503236e-06,none,forward,0.9311509728431702
w25_00001532,bits,C:\Users\ADMIN\Desktop\ds-fall\data\raw\Dataset\adl\user27\user27_adl5.csv,C:\Users\ADMIN\Desktop\ds-fall\data\raw\Dataset,user27,user27_adl5,adl5,climbing_up_slowly,climbing_up_slowly,0,none,False,24,74,0.96,2.96,25.0,50,12,"ax,ay,az,gx,gy,gz,acc_mag,gyro_mag,jerk,roll,pitch,tilt_delta",20.0,25.0,uniform_20hz_time_interpolation_to_25hz,adl_sliding_capped,837,1046,,,dataset_unit_map,wrist,bits,m/s^2,rad/s,m/s^2,rad/s,1.0,1.0,True,test,non_fall,non_fall,3.7568311199720483e-06,none,forward,0.9417960047721863
w25_00001533,bits,C:\Users\ADMIN\Desktop\ds-fall\data\raw\Dataset\adl\user27\user27_adl5.csv,C:\Users\ADMIN\Desktop\ds-fall\data\raw\Dataset,user27,user27_adl5,adl5,climbing_up_slowly,climbing_up_slowly,0,none,False,36,86,1.44,3.44,25.0,50,12,"ax,ay,az,gx,gy,gz,acc_mag,gyro_mag,jerk,roll,pitch,tilt_delta",20.0,25.0,uniform_20hz_time_interpolation_to_25hz,adl_sliding_capped,837,1046,,,dataset_unit_map,wrist,bits,m/s^2,rad/s,m/s^2,rad/s,1.0,1.0,True,test,non_fall,non_fall,4.904655725113116e-06,none,forward,0.9389722347259521
w25_00001534,bits,C:\Users\ADMIN\Desktop\ds-fall\data\raw\Dataset\adl\user27\user27_adl5.csv,C:\Users\ADMIN\Desktop\ds-fall\data\raw\Dataset,user27,user27_adl5,adl5,climbing_up_slowly,climbing_up_slowly,0,none,False,48,98,1.92,3.92,25.0,50,12,"ax,ay,az,gx,gy,gz,acc_mag,gyro_mag,jerk,roll,pitch,tilt_delta",20.0,25.0,uniform_20hz_time_interpolation_to_25hz,adl_sliding_capped,837,1046,,,dataset_unit_map,wrist,bits,m/s^2,rad/s,m/s^2,rad/s,1.0,1.0,True,test,non_fall,non_fall,1.541264464322012e-05,none,forward,0.9187361598014832
w25_00001535,bits,C:\Users\ADMIN\Desktop\ds-fall\data\raw\Dataset\adl\user27\user27_adl6.csv,C:\Users\ADMIN\Desktop\ds-fall\data\raw\Dataset,user27,user27_adl6,adl6,climbing_down_slowly,climbing_down_slowly,0,none,False,0,50,0.0,2.0,25.0,50,12,"ax,ay,az,gx,gy,gz,acc_mag,gyro_mag,jerk,roll,pitch,tilt_delta",20.0,25.0,uniform_20hz_time_interpolation_to_25hz,adl_sliding_capped,1076,1344,,,dataset_unit_map,wrist,bits,m/s^2,rad/s,m/s^2,rad/s,1.0,1.0,True,test,non_fall,non_fall,0.00042949331691488624,none,forward,0.8165833353996277
w25_00001536,bits,C:\Users\ADMIN\Desktop\ds-fall\data\raw\Dataset\adl\user27\user27_adl6.csv,C:\Users\ADMIN\Desktop\ds-fall\data\raw\Dataset,user27,user27_adl6,adl6,climbing_down_slowly,climbing_down_slowly,0,none,False,12,62,0.48,2.48,25.0,50,12,"ax,ay,az,gx,gy,gz,acc_mag,gyro_mag,jerk,roll,pitch,tilt_delta",20.0,25.0,uniform_20hz_time_interpolation_to_25hz,adl_sliding_capped,1076,1344,,,dataset_unit_map,wrist,bits,m/s^2,rad/s,m/s^2,rad/s,1.0,1.0,True,test,non_fall,non_fall,0.0014891515020281076,none,forward,0.6384937167167664
w25_00001537,bits,C:\Users\ADMIN\Desktop\ds-fall\data\raw\Dataset\adl\user27\user27_adl6.csv,C:\Users\ADMIN\Desktop\ds-fall\data\raw\Dataset,user27,user27_adl6,adl6,climbing_down_slowly,climbing_down_slowly,0,none,False,24,74,0.96,2.96,25.0,50,12,"ax,ay,az,gx,gy,gz,acc_mag,gyro_mag,jerk,roll,pitch,tilt_delta",20.0,25.0,uniform_20hz_time_interpolation_to_25hz,adl_sliding_capped,1076,1344,,,dataset_unit_map,wrist,bits,m/s^2,rad/s,m/s^2,rad/s,1.0,1.0,True,test,non_fall,non_fall,0.0016704807057976723,none,lateral,0.8674413561820984
w25_00001538,bits,C:\Users\ADMIN\Desktop\ds-fall\data\raw\Dataset\adl\user27\user27_adl6.csv,C:\Users\ADMIN\Desktop\ds-fall\data\raw\Dataset,user27,user27_adl6,adl6,climbing_down_slowly,climbing_down_slowly,0,none,False,36,86,1.44,3.44,25.0,50,12,"ax,ay,az,gx,gy,gz,acc_mag,gyro_mag,jerk,roll,pitch,tilt_delta",20.0,25.0,uniform_20hz_time_interpolation_to_25hz,adl_sliding_capped,1076,1344,,,dataset_unit_map,wrist,bits,m/s^2,rad/s,m/s^2,rad/s,1.0,1.0,True,test,non_fall,non_fall,0.008842228911817074,none,lateral,0.9737971425056458
w25_00001539,bits,C:\Users\ADMIN\Desktop\ds-fall\data\raw\Dataset\adl\user27\user27_adl6.csv,C:\Users\ADMIN\Desktop\ds-fall\data\raw\Dataset,user27,user27_adl6,adl6,climbing_down_slowly,climbing_down_slowly,0,none,False,48,98,1.92,3.92,25.0,50,12,"ax,ay,az,gx,gy,gz,acc_mag,gyro_mag,jerk,roll,pitch,tilt_delta",20.0,25.0,uniform_20hz_time_interpolation_to_25hz,adl_sliding_capped,1076,1344,,,dataset_unit_map,wrist,bits,m/s^2,rad/s,m/s^2,rad/s,1.0,1.0,True,test,non_fall,non_fall,0.006304319482296705,none,lateral,0.9659785628318787
w25_00001540,bits,C:\Users\ADMIN\Desktop\ds-fall\data\raw\Dataset\adl\user27\user27_adl7.csv,C:\Users\ADMIN\Desktop\ds-fall\data\raw\Dataset,user27,user27_adl7,adl7,climbing_up_normally,climbing_up_normally,0,none,False,0,50,0.0,2.0,25.0,50,12,"ax,ay,az,gx,gy,gz,acc_mag,gyro_mag,jerk,roll,pitch,tilt_delta",20.0,25.0,uniform_20hz_time_interpolation_to_25hz,adl_sliding_capped,776,969,,,dataset_unit_map,wrist,bits,m/s^2,rad/s,m/s^2,rad/s,1.0,1.0,True,test,non_fall,non_fall,0.044710673391819,none,lateral,0.9411080479621887
w25_00001541,bits,C:\Users\ADMIN\Desktop\ds-fall\data\raw\Dataset\adl\user27\user27_adl7.csv,C:\Users\ADMIN\Desktop\ds-fall\data\raw\Dataset,user27,user27_adl7,adl7,climbing_up_normally,climbing_up_normally,0,none,False,12,62,0.48,2.48,25.0,50,12,"ax,ay,az,gx,gy,gz,acc_mag,gyro_mag,jerk,roll,pitch,tilt_delta",20.0,25.0,uniform_20hz_time_interpolation_to_25hz,adl_sliding_capped,776,969,,,dataset_unit_map,wrist,bits,m/s^2,rad/s,m/s^2,rad/s,1.0,1.0,True,test,non_fall,non_fall,0.13992726802825928,none,lateral,0.9765225648880005
w25_00001542,bits,C:\Users\ADMIN\Desktop\ds-fall\data\raw\Dataset\adl\user27\user27_adl7.csv,C:\Users\ADMIN\Desktop\ds-fall\data\raw\Dataset,user27,user27_adl7,adl7,climbing_up_normally,climbing_up_normally,0,none,False,24,74,0.96,2.96,25.0,50,12,"ax,ay,az,gx,gy,gz,acc_mag,gyro_mag,jerk,roll,pitch,tilt_delta",20.0,25.0,uniform_20hz_time_interpolation_to_25hz,adl_sliding_capped,776,969,,,dataset_unit_map,wrist,bits,m/s^2,rad/s,m/s^2,rad/s,1.0,1.0,True,test,non_fall,non_fall,0.0939183384180069,none,lateral,0.9664533138275146
w25_00001543,bits,C:\Users\ADMIN\Desktop\ds-fall\data\raw\Dataset\adl\user27\user27_adl7.csv,C:\Users\ADMIN\Desktop\ds-fall\data\raw\Dataset,user27,user27_adl7,adl7,climbing_up_normally,climbing_up_normally,0,none,False,36,86,1.44,3.44,25.0,50,12,"ax,ay,az,gx,gy,gz,acc_mag,gyro_mag,jerk,roll,pitch,tilt_delta",20.0,25.0,uniform_20hz_time_interpolation_to_25hz,adl_sliding_capped,776,969,,,dataset_unit_map,wrist,bits,m/s^2,rad/s,m/s^2,rad/s,1.0,1.0,True,test,non_fall,non_fall,0.2141297459602356,none,lateral,0.9747539758682251
w25_00001544,bits,C:\Users\ADMIN\Desktop\ds-fall\data\raw\Dataset\adl\user27\user27_adl7.csv,C:\Users\ADMIN\Desktop\ds-fall\data\raw\Dataset,user27,user27_adl7,adl7,climbing_up_normally,climbing_up_normally,0,none,False,48,98,1.92,3.92,25.0,50,12,"ax,ay,az,gx,gy,gz,acc_mag,gyro_mag,jerk,roll,pitch,tilt_delta",20.0,25.0,uniform_20hz_time_interpolation_to_25hz,adl_sliding_capped,776,969,,,dataset_unit_map,wrist,bits,m/s^2,rad/s,m/s^2,rad/s,1.0,1.0,True,test,non_fall,non_fall,0.03409908711910248,none,lateral,0.9589334726333618
w25_00001545,bits,C:\Users\ADMIN\Desktop\ds-fall\data\raw\Dataset\adl\user27\user27_adl8.csv,C:\Users\ADMIN\Desktop\ds-fall\data\raw\Dataset,user27,user27_adl8,adl8,climbing_down_normally,climbing_down_normally,0,none,False,0,50,0.0,2.0,25.0,50,12,"ax,ay,az,gx,gy,gz,acc_mag,gyro_mag,jerk,roll,pitch,tilt_delta",20.0,25.0,uniform_20hz_time_interpolation_to_25hz,adl_sliding_capped,813,1016,,,dataset_unit_map,wrist,bits,m/s^2,rad/s,m/s^2,rad/s,1.0,1.0,True,test,non_fall,non_fall,0.003682084381580353,none,lateral,0.9104397296905518
w25_00001546,bits,C:\Users\ADMIN\Desktop\ds-fall\data\raw\Dataset\adl\user27\user27_adl8.csv,C:\Users\ADMIN\Desktop\ds-fall\data\raw\Dataset,user27,user27_adl8,adl8,climbing_down_normally,climbing_down_normally,0,none,False,12,62,0.48,2.48,25.0,50,12,"ax,ay,az,gx,gy,gz,acc_mag,gyro_mag,jerk,roll,pitch,tilt_delta",20.0,25.0,uniform_20hz_time_interpolation_to_25hz,adl_sliding_capped,813,1016,,,dataset_unit_map,wrist,bits,m/s^2,rad/s,m/s^2,rad/s,1.0,1.0,True,test,non_fall,non_fall,0.002576874103397131,none,lateral,0.9043583273887634
w25_00001547,bits,C:\Users\ADMIN\Desktop\ds-fall\data\raw\Dataset\adl\user27\user27_adl8.csv,C:\Users\ADMIN\Desktop\ds-fall\data\raw\Dataset,user27,user27_adl8,adl8,climbing_down_normally,climbing_down_normally,0,none,False,24,74,0.96,2.96,25.0,50,12,"ax,ay,az,gx,gy,gz,acc_mag,gyro_mag,jerk,roll,pitch,tilt_delta",20.0,25.0,uniform_20hz_time_interpolation_to_25hz,adl_sliding_capped,813,1016,,,dataset_unit_map,wrist,bits,m/s^2,rad/s,m/s^2,rad/s,1.0,1.0,True,test,non_fall,non_fall,0.0007425464573316276,none,lateral,0.8108309507369995
w25_00001548,bits,C:\Users\ADMIN\Desktop\ds-fall\data\raw\Dataset\adl\user27\user27_adl8.csv,C:\Users\ADMIN\Desktop\ds-fall\data\raw\Dataset,user27,user27_adl8,adl8,climbing_down_normally,climbing_down_normally,0,none,False,36,86,1.44,3.44,25.0,50,12,"ax,ay,az,gx,gy,gz,acc_mag,gyro_mag,jerk,roll,pitch,tilt_delta",20.0,25.0,uniform_20hz_time_interpolation_to_25hz,adl_sliding_capped,813,1016,,,dataset_unit_map,wrist,bits,m/s^2,rad/s,m/s^2,rad/s,1.0,1.0,True,test,non_fall,non_fall,0.00017114916408900172,none,forward,0.9354937672615051
w25_00001549,bits,C:\Users\ADMIN\Desktop\ds-fall\data\raw\Dataset\adl\user27\user27_adl8.csv,C:\Users\ADMIN\Desktop\ds-fall\data\raw\Dataset,user27,user27_adl8,adl8,climbing_down_normally,climbing_down_normally,0,none,False,48,98,1.92,3.92,25.0,50,12,"ax,ay,az,gx,gy,gz,acc_mag,gyro_mag,jerk,roll,pitch,tilt_delta",20.0,25.0,uniform_20hz_time_interpolation_to_25hz,adl_sliding_capped,813,1016,,,dataset_unit_map,wrist,bits,m/s^2,rad/s,m/s^2,rad/s,1.0,1.0,True,test,non_fall,non_fall,6.265356205403805e-06,none,forward,0.9502952694892883
w25_00001550,bits,C:\Users\ADMIN\Desktop\ds-fall\data\raw\Dataset\adl\user27\user27_adl9.csv,C:\Users\ADMIN\Desktop\ds-fall\data\raw\Dataset,user27,user27_adl9,adl9,slowly_sitting_on_chair,slowly_sitting_on_chair,0,none,False,0,50,0.0,2.0,25.0,50,12,"ax,ay,az,gx,gy,gz,acc_mag,gyro_mag,jerk,roll,pitch,tilt_delta",20.0,25.0,uniform_20hz_time_interpolation_to_25hz,adl_sliding_capped,289,361,,,dataset_unit_map,wrist,bits,m/s^2,rad/s,m/s^2,rad/s,1.0,1.0,True,test,non_fall,non_fall,3.65291562047787e-05,none,backward,0.8977639675140381
w25_00001551,bits,C:\Users\ADMIN\Desktop\ds-fall\data\raw\Dataset\adl\user27\user27_adl9.csv,C:\Users\ADMIN\Desktop\ds-fall\data\raw\Dataset,user27,user27_adl9,adl9,slowly_sitting_on_chair,slowly_sitting_on_chair,0,none,False,12,62,0.48,2.48,25.0,50,12,"ax,ay,az,gx,gy,gz,acc_mag,gyro_mag,jerk,roll,pitch,tilt_delta",20.0,25.0,uniform_20hz_time_interpolation_to_25hz,adl_sliding_capped,289,361,,,dataset_unit_map,wrist,bits,m/s^2,rad/s,m/s^2,rad/s,1.0,1.0,True,test,non_fall,non_fall,3.02497464872431e-05,none,forward,0.5118463039398193
w25_00001552,bits,C:\Users\ADMIN\Desktop\ds-fall\data\raw\Dataset\adl\user27\user27_adl9.csv,C:\Users\ADMIN\Desktop\ds-fall\data\raw\Dataset,user27,user27_adl9,adl9,slowly_sitting_on_chair,slowly_sitting_on_chair,0,none,False,24,74,0.96,2.96,25.0,50,12,"ax,ay,az,gx,gy,gz,acc_mag,gyro_mag,jerk,roll,pitch,tilt_delta",20.0,25.0,uniform_20hz_time_interpolation_to_25hz,adl_sliding_capped,289,361,,,dataset_unit_map,wrist,bits,m/s^2,rad/s,m/s^2,rad/s,1.0,1.0,True,test,non_fall,non_fall,2.2721142158843577e-05,none,forward,0.9184699058532715
w25_00001553,bits,C:\Users\ADMIN\Desktop\ds-fall\data\raw\Dataset\adl\user27\user27_adl9.csv,C:\Users\ADMIN\Desktop\ds-fall\data\raw\Dataset,user27,user27_adl9,adl9,slowly_sitting_on_chair,slowly_sitting_on_chair,0,none,False,36,86,1.44,3.44,25.0,50,12,"ax,ay,az,gx,gy,gz,acc_mag,gyro_mag,jerk,roll,pitch,tilt_delta",20.0,25.0,uniform_20hz_time_interpolation_to_25hz,adl_sliding_capped,289,361,,,dataset_unit_map,wrist,bits,m/s^2,rad/s,m/s^2,rad/s,1.0,1.0,True,test,non_fall,non_fall,1.1751335478038527e-05,none,forward,0.9537023901939392
w25_00001554,bits,C:\Users\ADMIN\Desktop\ds-fall\data\raw\Dataset\adl\user27\user27_adl9.csv,C:\Users\ADMIN\Desktop\ds-fall\data\raw\Dataset,user27,user27_adl9,adl9,slowly_sitting_on_chair,slowly_sitting_on_chair,0,none,False,48,98,1.92,3.92,25.0,50,12,"ax,ay,az,gx,gy,gz,acc_mag,gyro_mag,jerk,roll,pitch,tilt_delta",20.0,25.0,uniform_20hz_time_interpolation_to_25hz,adl_sliding_capped,289,361,,,dataset_unit_map,wrist,bits,m/s^2,rad/s,m/s^2,rad/s,1.0,1.0,True,test,non_fall,non_fall,1.0550953447818756e-05,none,forward,0.9701944589614868
w25_00001635,bits,C:\Users\ADMIN\Desktop\ds-fall\data\raw\Dataset\adl\user29\user29_adl1.csv,C:\Users\ADMIN\Desktop\ds-fall\data\raw\Dataset,user29,user29_adl1,adl1,walking_slowly,walking_slowly,0,none,False,0,50,0.0,2.0,25.0,50,12,"ax,ay,az,gx,gy,gz,acc_mag,gyro_mag,jerk,roll,pitch,tilt_delta",20.0,25.0,uniform_20hz_time_interpolation_to_25hz,adl_sliding_capped,340,424,,,dataset_unit_map,wrist,bits,m/s^2,rad/s,m/s^2,rad/s,1.0,1.0,True,test,non_fall,non_fall,0.01330592017620802,none,forward,0.7726691961288452
w25_00001636,bits,C:\Users\ADMIN\Desktop\ds-fall\data\raw\Dataset\adl\user29\user29_adl1.csv,C:\Users\ADMIN\Desktop\ds-fall\data\raw\Dataset,user29,user29_adl1,adl1,walking_slowly,walking_slowly,0,none,False,12,62,0.48,2.48,25.0,50,12,"ax,ay,az,gx,gy,gz,acc_mag,gyro_mag,jerk,roll,pitch,tilt_delta",20.0,25.0,uniform_20hz_time_interpolation_to_25hz,adl_sliding_capped,340,424,,,dataset_unit_map,wrist,bits,m/s^2,rad/s,m/s^2,rad/s,1.0,1.0,True,test,non_fall,non_fall,0.0006516768480651081,none,forward,0.841687798500061
w25_00001637,bits,C:\Users\ADMIN\Desktop\ds-fall\data\raw\Dataset\adl\user29\user29_adl1.csv,C:\Users\ADMIN\Desktop\ds-fall\data\raw\Dataset,user29,user29_adl1,adl1,walking_slowly,walking_slowly,0,none,False,24,74,0.96,2.96,25.0,50,12,"ax,ay,az,gx,gy,gz,acc_mag,gyro_mag,jerk,roll,pitch,tilt_delta",20.0,25.0,uniform_20hz_time_interpolation_to_25hz,adl_sliding_capped,340,424,,,dataset_unit_map,wrist,bits,m/s^2,rad/s,m/s^2,rad/s,1.0,1.0,True,test,non_fall,non_fall,7.741074659861624e-05,none,forward,0.7878794074058533
w25_00001638,bits,C:\Users\ADMIN\Desktop\ds-fall\data\raw\Dataset\adl\user29\user29_adl1.csv,C:\Users\ADMIN\Desktop\ds-fall\data\raw\Dataset,user29,user29_adl1,adl1,walking_slowly,walking_slowly,0,none,False,36,86,1.44,3.44,25.0,50,12,"ax,ay,az,gx,gy,gz,acc_mag,gyro_mag,jerk,roll,pitch,tilt_delta",20.0,25.0,uniform_20hz_time_interpolation_to_25hz,adl_sliding_capped,340,424,,,dataset_unit_map,wrist,bits,m/s^2,rad/s,m/s^2,rad/s,1.0,1.0,True,test,non_fall,non_fall,9.281955135520548e-05,none,forward,0.7092124819755554
w25_00001639,bits,C:\Users\ADMIN\Desktop\ds-fall\data\raw\Dataset\adl\user29\user29_adl1.csv,C:\Users\ADMIN\Desktop\ds-fall\data\raw\Dataset,user29,user29_adl1,adl1,walking_slowly,walking_slowly,0,none,False,48,98,1.92,3.92,25.0,50,12,"ax,ay,az,gx,gy,gz,acc_mag,gyro_mag,jerk,roll,pitch,tilt_delta",20.0,25.0,uniform_20hz_time_interpolation_to_25hz,adl_sliding_capped,340,424,,,dataset_unit_map,wrist,bits,m/s^2,rad/s,m/s^2,rad/s,1.0,1.0,True,test,non_fall,non_fall,8.628083014627919e-05,none,lateral,0.5136935710906982
w25_00001640,bits,C:\Users\ADMIN\Desktop\ds-fall\data\raw\Dataset\adl\user29\user29_adl10.csv,C:\Users\ADMIN\Desktop\ds-fall\data\raw\Dataset,user29,user29_adl10,adl10,rapidly_sitting_on_chair,rapidly_sitting_on_chair,0,none,False,0,50,0.0,2.0,25.0,50,12,"ax,ay,az,gx,gy,gz,acc_mag,gyro_mag,jerk,roll,pitch,tilt_delta",20.0,25.0,uniform_20hz_time_interpolation_to_25hz,adl_sliding_capped,547,683,,,dataset_unit_map,wrist,bits,m/s^2,rad/s,m/s^2,rad/s,1.0,1.0,True,test,non_fall,non_fall,1.003782654152019e-05,none,forward,0.912873387336731
w25_00001641,bits,C:\Users\ADMIN\Desktop\ds-fall\data\raw\Dataset\adl\user29\user29_adl10.csv,C:\Users\ADMIN\Desktop\ds-fall\data\raw\Dataset,user29,user29_adl10,adl10,rapidly_sitting_on_chair,rapidly_sitting_on_chair,0,none,False,12,62,0.48,2.48,25.0,50,12,"ax,ay,az,gx,gy,gz,acc_mag,gyro_mag,jerk,roll,pitch,tilt_delta",20.0,25.0,uniform_20hz_time_interpolation_to_25hz,adl_sliding_capped,547,683,,,dataset_unit_map,wrist,bits,m/s^2,rad/s,m/s^2,rad/s,1.0,1.0,True,test,non_fall,non_fall,1.0610456229187548e-05,none,forward,0.9073455929756165
w25_00001642,bits,C:\Users\ADMIN\Desktop\ds-fall\data\raw\Dataset\adl\user29\user29_adl10.csv,C:\Users\ADMIN\Desktop\ds-fall\data\raw\Dataset,user29,user29_adl10,adl10,rapidly_sitting_on_chair,rapidly_sitting_on_chair,0,none,False,24,74,0.96,2.96,25.0,50,12,"ax,ay,az,gx,gy,gz,acc_mag,gyro_mag,jerk,roll,pitch,tilt_delta",20.0,25.0,uniform_20hz_time_interpolation_to_25hz,adl_sliding_capped,547,683,,,dataset_unit_map,wrist,bits,m/s^2,rad/s,m/s^2,rad/s,1.0,1.0,True,test,non_fall,non_fall,1.6636800864944234e-05,none,forward,0.9034554958343506
w25_00001643,bits,C:\Users\ADMIN\Desktop\ds-fall\data\raw\Dataset\adl\user29\user29_adl10.csv,C:\Users\ADMIN\Desktop\ds-fall\data\raw\Dataset,user29,user29_adl10,adl10,rapidly_sitting_on_chair,rapidly_sitting_on_chair,0,none,False,36,86,1.44,3.44,25.0,50,12,"ax,ay,az,gx,gy,gz,acc_mag,gyro_mag,jerk,roll,pitch,tilt_delta",20.0,25.0,uniform_20hz_time_interpolation_to_25hz,adl_sliding_capped,547,683,,,dataset_unit_map,wrist,bits,m/s^2,rad/s,m/s^2,rad/s,1.0,1.0,True,test,non_fall,non_fall,2.283387766510714e-05,none,forward,0.9015518426895142
w25_00001644,bits,C:\Users\ADMIN\Desktop\ds-fall\data\raw\Dataset\adl\user29\user29_adl10.csv,C:\Users\ADMIN\Desktop\ds-fall\data\raw\Dataset,user29,user29_adl10,adl10,rapidly_sitting_on_chair,rapidly_sitting_on_chair,0,none,False,48,98,1.92,3.92,25.0,50,12,"ax,ay,az,gx,gy,gz,acc_mag,gyro_mag,jerk,roll,pitch,tilt_delta",20.0,25.0,uniform_20hz_time_interpolation_to_25hz,adl_sliding_capped,547,683,,,dataset_unit_map,wrist,bits,m/s^2,rad/s,m/s^2,rad/s,1.0,1.0,True,test,non_fall,non_fall,1.7134887457359582e-05,none,forward,0.9066489338874817
w25_00001645,bits,C:\Users\ADMIN\Desktop\ds-fall\data\raw\Dataset\adl\user29\user29_adl11.csv,C:\Users\ADMIN\Desktop\ds-fall\data\raw\Dataset,user29,user29_adl11,adl11,nearly_sitting_and_getting_up,nearly_sitting_and_getting_up,0,none,False,0,50,0.0,2.0,25.0,50,12,"ax,ay,az,gx,gy,gz,acc_mag,gyro_mag,jerk,roll,pitch,tilt_delta",20.0,25.0,uniform_20hz_time_interpolation_to_25hz,adl_sliding_capped,300,374,,,dataset_unit_map,wrist,bits,m/s^2,rad/s,m/s^2,rad/s,1.0,1.0,True,test,non_fall,non_fall,0.00972946360707283,none,forward,0.40733397006988525
w25_00001646,bits,C:\Users\ADMIN\Desktop\ds-fall\data\raw\Dataset\adl\user29\user29_adl11.csv,C:\Users\ADMIN\Desktop\ds-fall\data\raw\Dataset,user29,user29_adl11,adl11,nearly_sitting_and_getting_up,nearly_sitting_and_getting_up,0,none,False,12,62,0.48,2.48,25.0,50,12,"ax,ay,az,gx,gy,gz,acc_mag,gyro_mag,jerk,roll,pitch,tilt_delta",20.0,25.0,uniform_20hz_time_interpolation_to_25hz,adl_sliding_capped,300,374,,,dataset_unit_map,wrist,bits,m/s^2,rad/s,m/s^2,rad/s,1.0,1.0,True,test,non_fall,non_fall,0.00630235718563199,none,backward,0.596308171749115
w25_00001647,bits,C:\Users\ADMIN\Desktop\ds-fall\data\raw\Dataset\adl\user29\user29_adl11.csv,C:\Users\ADMIN\Desktop\ds-fall\data\raw\Dataset,user29,user29_adl11,adl11,nearly_sitting_and_getting_up,nearly_sitting_and_getting_up,0,none,False,24,74,0.96,2.96,25.0,50,12,"ax,ay,az,gx,gy,gz,acc_mag,gyro_mag,jerk,roll,pitch,tilt_delta",20.0,25.0,uniform_20hz_time_interpolation_to_25hz,adl_sliding_capped,300,374,,,dataset_unit_map,wrist,bits,m/s^2,rad/s,m/s^2,rad/s,1.0,1.0,True,test,non_fall,non_fall,0.6283165812492371,none,forward,0.5261269807815552
w25_00001648,bits,C:\Users\ADMIN\Desktop\ds-fall\data\raw\Dataset\adl\user29\user29_adl11.csv,C:\Users\ADMIN\Desktop\ds-fall\data\raw\Dataset,user29,user29_adl11,adl11,nearly_sitting_and_getting_up,nearly_sitting_and_getting_up,0,none,False,36,86,1.44,3.44,25.0,50,12,"ax,ay,az,gx,gy,gz,acc_mag,gyro_mag,jerk,roll,pitch,tilt_delta",20.0,25.0,uniform_20hz_time_interpolation_to_25hz,adl_sliding_capped,300,374,,,dataset_unit_map,wrist,bits,m/s^2,rad/s,m/s^2,rad/s,1.0,1.0,True,test,non_fall,non_fall,0.6965019106864929,none,backward,0.6212022304534912
w25_00001649,bits,C:\Users\ADMIN\Desktop\ds-fall\data\raw\Dataset\adl\user29\user29_adl11.csv,C:\Users\ADMIN\Desktop\ds-fall\data\raw\Dataset,user29,user29_adl11,adl11,nearly_sitting_and_getting_up,nearly_sitting_and_getting_up,0,none,False,48,98,1.92,3.92,25.0,50,12,"ax,ay,az,gx,gy,gz,acc_mag,gyro_mag,jerk,roll,pitch,tilt_delta",20.0,25.0,uniform_20hz_time_interpolation_to_25hz,adl_sliding_capped,300,374,,,dataset_unit_map,wrist,bits,m/s^2,rad/s,m/s^2,rad/s,1.0,1.0,True,test,non_fall,non_fall,0.6846919059753418,none,backward,0.5267469882965088
w25_00001650,bits,C:\Users\ADMIN\Desktop\ds-fall\data\raw\Dataset\adl\user29\user29_adl12.csv,C:\Users\ADMIN\Desktop\ds-fall\data\raw\Dataset,user29,user29_adl12,adl12,swinging_hands,swinging_hands,0,none,False,0,50,0.0,2.0,25.0,50,12,"ax,ay,az,gx,gy,gz,acc_mag,gyro_mag,jerk,roll,pitch,tilt_delta",20.0,25.0,uniform_20hz_time_interpolation_to_25hz,adl_sliding_capped,617,771,,,dataset_unit_map,wrist,bits,m/s^2,rad/s,m/s^2,rad/s,1.0,1.0,True,test,non_fall,non_fall,0.004225857090204954,none,backward,0.8044356107711792
w25_00001651,bits,C:\Users\ADMIN\Desktop\ds-fall\data\raw\Dataset\adl\user29\user29_adl12.csv,C:\Users\ADMIN\Desktop\ds-fall\data\raw\Dataset,user29,user29_adl12,adl12,swinging_hands,swinging_hands,0,none,False,12,62,0.48,2.48,25.0,50,12,"ax,ay,az,gx,gy,gz,acc_mag,gyro_mag,jerk,roll,pitch,tilt_delta",20.0,25.0,uniform_20hz_time_interpolation_to_25hz,adl_sliding_capped,617,771,,,dataset_unit_map,wrist,bits,m/s^2,rad/s,m/s^2,rad/s,1.0,1.0,True,test,non_fall,non_fall,0.03526777774095535,none,lateral,0.49969643354415894
w25_00001652,bits,C:\Users\ADMIN\Desktop\ds-fall\data\raw\Dataset\adl\user29\user29_adl12.csv,C:\Users\ADMIN\Desktop\ds-fall\data\raw\Dataset,user29,user29_adl12,adl12,swinging_hands,swinging_hands,0,none,False,24,74,0.96,2.96,25.0,50,12,"ax,ay,az,gx,gy,gz,acc_mag,gyro_mag,jerk,roll,pitch,tilt_delta",20.0,25.0,uniform_20hz_time_interpolation_to_25hz,adl_sliding_capped,617,771,,,dataset_unit_map,wrist,bits,m/s^2,rad/s,m/s^2,rad/s,1.0,1.0,True,test,non_fall,non_fall,0.07324950397014618,none,lateral,0.5437252521514893
w25_00001653,bits,C:\Users\ADMIN\Desktop\ds-fall\data\raw\Dataset\adl\user29\user29_adl12.csv,C:\Users\ADMIN\Desktop\ds-fall\data\raw\Dataset,user29,user29_adl12,adl12,swinging_hands,swinging_hands,0,none,False,36,86,1.44,3.44,25.0,50,12,"ax,ay,az,gx,gy,gz,acc_mag,gyro_mag,jerk,roll,pitch,tilt_delta",20.0,25.0,uniform_20hz_time_interpolation_to_25hz,adl_sliding_capped,617,771,,,dataset_unit_map,wrist,bits,m/s^2,rad/s,m/s^2,rad/s,1.0,1.0,True,test,non_fall,non_fall,0.07093684375286102,none,lateral,0.727188766002655
w25_00001654,bits,C:\Users\ADMIN\Desktop\ds-fall\data\raw\Dataset\adl\user29\user29_adl12.csv,C:\Users\ADMIN\Desktop\ds-fall\data\raw\Dataset,user29,user29_adl12,adl12,swinging_hands,swinging_hands,0,none,False,48,98,1.92,3.92,25.0,50,12,"ax,ay,az,gx,gy,gz,acc_mag,gyro_mag,jerk,roll,pitch,tilt_delta",20.0,25.0,uniform_20hz_time_interpolation_to_25hz,adl_sliding_capped,617,771,,,dataset_unit_map,wrist,bits,m/s^2,rad/s,m/s^2,rad/s,1.0,1.0,True,test,non_fall,non_fall,0.06888493150472641,none,lateral,0.7917853593826294
w25_00001655,bits,C:\Users\ADMIN\Desktop\ds-fall\data\raw\Dataset\adl\user29\user29_adl13.csv,C:\Users\ADMIN\Desktop\ds-fall\data\raw\Dataset,user29,user29_adl13,adl13,lying_on_bed,lying_on_bed,0,none,False,0,50,0.0,2.0,25.0,50,12,"ax,ay,az,gx,gy,gz,acc_mag,gyro_mag,jerk,roll,pitch,tilt_delta",20.0,25.0,uniform_20hz_time_interpolation_to_25hz,adl_sliding_capped,304,379,,,dataset_unit_map,wrist,bits,m/s^2,rad/s,m/s^2,rad/s,1.0,1.0,True,test,non_fall,non_fall,1.7230238427146105e-06,none,backward,0.7946101427078247
w25_00001656,bits,C:\Users\ADMIN\Desktop\ds-fall\data\raw\Dataset\adl\user29\user29_adl13.csv,C:\Users\ADMIN\Desktop\ds-fall\data\raw\Dataset,user29,user29_adl13,adl13,lying_on_bed,lying_on_bed,0,none,False,12,62,0.48,2.48,25.0,50,12,"ax,ay,az,gx,gy,gz,acc_mag,gyro_mag,jerk,roll,pitch,tilt_delta",20.0,25.0,uniform_20hz_time_interpolation_to_25hz,adl_sliding_capped,304,379,,,dataset_unit_map,wrist,bits,m/s^2,rad/s,m/s^2,rad/s,1.0,1.0,True,test,non_fall,non_fall,1.7007572523652925e-06,none,backward,0.7969616651535034
w25_00001657,bits,C:\Users\ADMIN\Desktop\ds-fall\data\raw\Dataset\adl\user29\user29_adl13.csv,C:\Users\ADMIN\Desktop\ds-fall\data\raw\Dataset,user29,user29_adl13,adl13,lying_on_bed,lying_on_bed,0,none,False,24,74,0.96,2.96,25.0,50,12,"ax,ay,az,gx,gy,gz,acc_mag,gyro_mag,jerk,roll,pitch,tilt_delta",20.0,25.0,uniform_20hz_time_interpolation_to_25hz,adl_sliding_capped,304,379,,,dataset_unit_map,wrist,bits,m/s^2,rad/s,m/s^2,rad/s,1.0,1.0,True,test,non_fall,non_fall,1.656366407587484e-06,none,backward,0.7940003871917725
w25_00001658,bits,C:\Users\ADMIN\Desktop\ds-fall\data\raw\Dataset\adl\user29\user29_adl13.csv,C:\Users\ADMIN\Desktop\ds-fall\data\raw\Dataset,user29,user29_adl13,adl13,lying_on_bed,lying_on_bed,0,none,False,36,86,1.44,3.44,25.0,50,12,"ax,ay,az,gx,gy,gz,acc_mag,gyro_mag,jerk,roll,pitch,tilt_delta",20.0,25.0,uniform_20hz_time_interpolation_to_25hz,adl_sliding_capped,304,379,,,dataset_unit_map,wrist,bits,m/s^2,rad/s,m/s^2,rad/s,1.0,1.0,True,test,non_fall,non_fall,1.6915499827518943e-06,none,backward,0.7934074401855469
w25_00001659,bits,C:\Users\ADMIN\Desktop\ds-fall\data\raw\Dataset\adl\user29\user29_adl13.csv,C:\Users\ADMIN\Desktop\ds-fall\data\raw\Dataset,user29,user29_adl13,adl13,lying_on_bed,lying_on_bed,0,none,False,48,98,1.92,3.92,25.0,50,12,"ax,ay,az,gx,gy,gz,acc_mag,gyro_mag,jerk,roll,pitch,tilt_delta",20.0,25.0,uniform_20hz_time_interpolation_to_25hz,adl_sliding_capped,304,379,,,dataset_unit_map,wrist,bits,m/s^2,rad/s,m/s^2,rad/s,1.0,1.0,True,test,non_fall,non_fall,1.6282175465676119e-06,none,backward,0.7915887236595154
w25_00001660,bits,C:\Users\ADMIN\Desktop\ds-fall\data\raw\Dataset\adl\user29\user29_adl14.csv,C:\Users\ADMIN\Desktop\ds-fall\data\raw\Dataset,user29,user29_adl14,adl14,lying_on_back_getting_up_slowly,lying_on_back_getting_up_slowly,0,none,False,0,50,0.0,2.0,25.0,50,12,"ax,ay,az,gx,gy,gz,acc_mag,gyro_mag,jerk,roll,pitch,tilt_delta",20.0,25.0,uniform_20hz_time_interpolation_to_25hz,adl_sliding_capped,225,281,,,dataset_unit_map,wrist,bits,m/s^2,rad/s,m/s^2,rad/s,1.0,1.0,True,test,non_fall,non_fall,1.8438268511999922e-07,none,backward,0.7407726049423218
w25_00001661,bits,C:\Users\ADMIN\Desktop\ds-fall\data\raw\Dataset\adl\user29\user29_adl14.csv,C:\Users\ADMIN\Desktop\ds-fall\data\raw\Dataset,user29,user29_adl14,adl14,lying_on_back_getting_up_slowly,lying_on_back_getting_up_slowly,0,none,False,12,62,0.48,2.48,25.0,50,12,"ax,ay,az,gx,gy,gz,acc_mag,gyro_mag,jerk,roll,pitch,tilt_delta",20.0,25.0,uniform_20hz_time_interpolation_to_25hz,adl_sliding_capped,225,281,,,dataset_unit_map,wrist,bits,m/s^2,rad/s,m/s^2,rad/s,1.0,1.0,True,test,non_fall,non_fall,1.65207737268247e-07,none,backward,0.7392361164093018
w25_00001662,bits,C:\Users\ADMIN\Desktop\ds-fall\data\raw\Dataset\adl\user29\user29_adl14.csv,C:\Users\ADMIN\Desktop\ds-fall\data\raw\Dataset,user29,user29_adl14,adl14,lying_on_back_getting_up_slowly,lying_on_back_getting_up_slowly,0,none,False,24,74,0.96,2.96,25.0,50,12,"ax,ay,az,gx,gy,gz,acc_mag,gyro_mag,jerk,roll,pitch,tilt_delta",20.0,25.0,uniform_20hz_time_interpolation_to_25hz,adl_sliding_capped,225,281,,,dataset_unit_map,wrist,bits,m/s^2,rad/s,m/s^2,rad/s,1.0,1.0,True,test,non_fall,non_fall,1.626994787784497e-07,none,backward,0.737622857093811
w25_00001663,bits,C:\Users\ADMIN\Desktop\ds-fall\data\raw\Dataset\adl\user29\user29_adl14.csv,C:\Users\ADMIN\Desktop\ds-fall\data\raw\Dataset,user29,user29_adl14,adl14,lying_on_back_getting_up_slowly,lying_on_back_getting_up_slowly,0,none,False,36,86,1.44,3.44,25.0,50,12,"ax,ay,az,gx,gy,gz,acc_mag,gyro_mag,jerk,roll,pitch,tilt_delta",20.0,25.0,uniform_20hz_time_interpolation_to_25hz,adl_sliding_capped,225,281,,,dataset_unit_map,wrist,bits,m/s^2,rad/s,m/s^2,rad/s,1.0,1.0,True,test,non_fall,non_fall,1.6450339046514273e-07,none,backward,0.7381955981254578
w25_00001664,bits,C:\Users\ADMIN\Desktop\ds-fall\data\raw\Dataset\adl\user29\user29_adl14.csv,C:\Users\ADMIN\Desktop\ds-fall\data\raw\Dataset,user29,user29_adl14,adl14,lying_on_back_getting_up_slowly,lying_on_back_getting_up_slowly,0,none,False,48,98,1.92,3.92,25.0,50,12,"ax,ay,az,gx,gy,gz,acc_mag,gyro_mag,jerk,roll,pitch,tilt_delta",20.0,25.0,uniform_20hz_time_interpolation_to_25hz,adl_sliding_capped,225,281,,,dataset_unit_map,wrist,bits,m/s^2,rad/s,m/s^2,rad/s,1.0,1.0,True,test,non_fall,non_fall,1.659242627738422e-07,none,backward,0.7387027740478516
w25_00001665,bits,C:\Users\ADMIN\Desktop\ds-fall\data\raw\Dataset\adl\user29\user29_adl15.csv,C:\Users\ADMIN\Desktop\ds-fall\data\raw\Dataset,user29,user29_adl15,adl15,lying_on_back_getting_up_normally,lying_on_back_getting_up_normally,0,none,False,0,50,0.0,2.0,25.0,50,12,"ax,ay,az,gx,gy,gz,acc_mag,gyro_mag,jerk,roll,pitch,tilt_delta",20.0,25.0,uniform_20hz_time_interpolation_to_25hz,adl_sliding_capped,342,427,,,dataset_unit_map,wrist,bits,m/s^2,rad/s,m/s^2,rad/s,1.0,1.0,True,test,non_fall,non_fall,1.1628117135842331e-07,none,backward,0.7772760391235352
w25_00001666,bits,C:\Users\ADMIN\Desktop\ds-fall\data\raw\Dataset\adl\user29\user29_adl15.csv,C:\Users\ADMIN\Desktop\ds-fall\data\raw\Dataset,user29,user29_adl15,adl15,lying_on_back_getting_up_normally,lying_on_back_getting_up_normally,0,none,False,12,62,0.48,2.48,25.0,50,12,"ax,ay,az,gx,gy,gz,acc_mag,gyro_mag,jerk,roll,pitch,tilt_delta",20.0,25.0,uniform_20hz_time_interpolation_to_25hz,adl_sliding_capped,342,427,,,dataset_unit_map,wrist,bits,m/s^2,rad/s,m/s^2,rad/s,1.0,1.0,True,test,non_fall,non_fall,1.0742174794131643e-07,none,backward,0.7740404605865479
w25_00001667,bits,C:\Users\ADMIN\Desktop\ds-fall\data\raw\Dataset\adl\user29\user29_adl15.csv,C:\Users\ADMIN\Desktop\ds-fall\data\raw\Dataset,user29,user29_adl15,adl15,lying_on_back_getting_up_normally,lying_on_back_getting_up_normally,0,none,False,24,74,0.96,2.96,25.0,50,12,"ax,ay,az,gx,gy,gz,acc_mag,gyro_mag,jerk,roll,pitch,tilt_delta",20.0,25.0,uniform_20hz_time_interpolation_to_25hz,adl_sliding_capped,342,427,,,dataset_unit_map,wrist,bits,m/s^2,rad/s,m/s^2,rad/s,1.0,1.0,True,test,non_fall,non_fall,1.0620669854688458e-07,none,backward,0.7733720541000366
w25_00001668,bits,C:\Users\ADMIN\Desktop\ds-fall\data\raw\Dataset\adl\user29\user29_adl15.csv,C:\Users\ADMIN\Desktop\ds-fall\data\raw\Dataset,user29,user29_adl15,adl15,lying_on_back_getting_up_normally,lying_on_back_getting_up_normally,0,none,False,36,86,1.44,3.44,25.0,50,12,"ax,ay,az,gx,gy,gz,acc_mag,gyro_mag,jerk,roll,pitch,tilt_delta",20.0,25.0,uniform_20hz_time_interpolation_to_25hz,adl_sliding_capped,342,427,,,dataset_unit_map,wrist,bits,m/s^2,rad/s,m/s^2,rad/s,1.0,1.0,True,test,non_fall,non_fall,1.0365721436755848e-07,none,backward,0.7724515199661255
w25_00001669,bits,C:\Users\ADMIN\Desktop\ds-fall\data\raw\Dataset\adl\user29\user29_adl15.csv,C:\Users\ADMIN\Desktop\ds-fall\data\raw\Dataset,user29,user29_adl15,adl15,lying_on_back_getting_up_normally,lying_on_back_getting_up_normally,0,none,False,48,98,1.92,3.92,25.0,50,12,"ax,ay,az,gx,gy,gz,acc_mag,gyro_mag,jerk,roll,pitch,tilt_delta",20.0,25.0,uniform_20hz_time_interpolation_to_25hz,adl_sliding_capped,342,427,,,dataset_unit_map,wrist,bits,m/s^2,rad/s,m/s^2,rad/s,1.0,1.0,True,test,non_fall,non_fall,1.0256355409410389e-07,none,backward,0.7728173136711121
w25_00001670,bits,C:\Users\ADMIN\Desktop\ds-fall\data\raw\Dataset\adl\user29\user29_adl16.csv,C:\Users\ADMIN\Desktop\ds-fall\data\raw\Dataset,user29,user29_adl16,adl16,lying_sideways_to_back,lying_sideways_to_back,0,none,False,0,50,0.0,2.0,25.0,50,12,"ax,ay,az,gx,gy,gz,acc_mag,gyro_mag,jerk,roll,pitch,tilt_delta",20.0,25.0,uniform_20hz_time_interpolation_to_25hz,adl_sliding_capped,568,709,,,dataset_unit_map,wrist,bits,m/s^2,rad/s,m/s^2,rad/s,1.0,1.0,True,test,non_fall,non_fall,4.684576560975984e-05,none,backward,0.7139469385147095
w25_00001671,bits,C:\Users\ADMIN\Desktop\ds-fall\data\raw\Dataset\adl\user29\user29_adl16.csv,C:\Users\ADMIN\Desktop\ds-fall\data\raw\Dataset,user29,user29_adl16,adl16,lying_sideways_to_back,lying_sideways_to_back,0,none,False,12,62,0.48,2.48,25.0,50,12,"ax,ay,az,gx,gy,gz,acc_mag,gyro_mag,jerk,roll,pitch,tilt_delta",20.0,25.0,uniform_20hz_time_interpolation_to_25hz,adl_sliding_capped,568,709,,,dataset_unit_map,wrist,bits,m/s^2,rad/s,m/s^2,rad/s,1.0,1.0,True,test,non_fall,non_fall,4.360843013273552e-05,none,backward,0.7133517861366272
w25_00001672,bits,C:\Users\ADMIN\Desktop\ds-fall\data\raw\Dataset\adl\user29\user29_adl16.csv,C:\Users\ADMIN\Desktop\ds-fall\data\raw\Dataset,user29,user29_adl16,adl16,lying_sideways_to_back,lying_sideways_to_back,0,none,False,24,74,0.96,2.96,25.0,50,12,"ax,ay,az,gx,gy,gz,acc_mag,gyro_mag,jerk,roll,pitch,tilt_delta",20.0,25.0,uniform_20hz_time_interpolation_to_25hz,adl_sliding_capped,568,709,,,dataset_unit_map,wrist,bits,m/s^2,rad/s,m/s^2,rad/s,1.0,1.0,True,test,non_fall,non_fall,4.4858174078399315e-05,none,backward,0.7108986377716064
w25_00001673,bits,C:\Users\ADMIN\Desktop\ds-fall\data\raw\Dataset\adl\user29\user29_adl16.csv,C:\Users\ADMIN\Desktop\ds-fall\data\raw\Dataset,user29,user29_adl16,adl16,lying_sideways_to_back,lying_sideways_to_back,0,none,False,36,86,1.44,3.44,25.0,50,12,"ax,ay,az,gx,gy,gz,acc_mag,gyro_mag,jerk,roll,pitch,tilt_delta",20.0,25.0,uniform_20hz_time_interpolation_to_25hz,adl_sliding_capped,568,709,,,dataset_unit_map,wrist,bits,m/s^2,rad/s,m/s^2,rad/s,1.0,1.0,True,test,non_fall,non_fall,4.337356222094968e-05,none,backward,0.7149162888526917
w25_00001674,bits,C:\Users\ADMIN\Desktop\ds-fall\data\raw\Dataset\adl\user29\user29_adl16.csv,C:\Users\ADMIN\Desktop\ds-fall\data\raw\Dataset,user29,user29_adl16,adl16,lying_sideways_to_back,lying_sideways_to_back,0,none,False,48,98,1.92,3.92,25.0,50,12,"ax,ay,az,gx,gy,gz,acc_mag,gyro_mag,jerk,roll,pitch,tilt_delta",20.0,25.0,uniform_20hz_time_interpolation_to_25hz,adl_sliding_capped,568,709,,,dataset_unit_map,wrist,bits,m/s^2,rad/s,m/s^2,rad/s,1.0,1.0,True,test,non_fall,non_fall,4.3216456106165424e-05,none,backward,0.7146939039230347
w25_00001675,bits,C:\Users\ADMIN\Desktop\ds-fall\data\raw\Dataset\adl\user29\user29_adl2.csv,C:\Users\ADMIN\Desktop\ds-fall\data\raw\Dataset,user29,user29_adl2,adl2,walking_quickly,walking_quickly,0,none,False,0,50,0.0,2.0,25.0,50,12,"ax,ay,az,gx,gy,gz,acc_mag,gyro_mag,jerk,roll,pitch,tilt_delta",20.0,25.0,uniform_20hz_time_interpolation_to_25hz,adl_sliding_capped,831,1038,,,dataset_unit_map,wrist,bits,m/s^2,rad/s,m/s^2,rad/s,1.0,1.0,True,test,non_fall,non_fall,0.0031424176413565874,none,forward,0.8561131954193115
w25_00001676,bits,C:\Users\ADMIN\Desktop\ds-fall\data\raw\Dataset\adl\user29\user29_adl2.csv,C:\Users\ADMIN\Desktop\ds-fall\data\raw\Dataset,user29,user29_adl2,adl2,walking_quickly,walking_quickly,0,none,False,12,62,0.48,2.48,25.0,50,12,"ax,ay,az,gx,gy,gz,acc_mag,gyro_mag,jerk,roll,pitch,tilt_delta",20.0,25.0,uniform_20hz_time_interpolation_to_25hz,adl_sliding_capped,831,1038,,,dataset_unit_map,wrist,bits,m/s^2,rad/s,m/s^2,rad/s,1.0,1.0,True,test,non_fall,non_fall,0.002811760175973177,none,forward,0.7117115259170532
w25_00001677,bits,C:\Users\ADMIN\Desktop\ds-fall\data\raw\Dataset\adl\user29\user29_adl2.csv,C:\Users\ADMIN\Desktop\ds-fall\data\raw\Dataset,user29,user29_adl2,adl2,walking_quickly,walking_quickly,0,none,False,24,74,0.96,2.96,25.0,50,12,"ax,ay,az,gx,gy,gz,acc_mag,gyro_mag,jerk,roll,pitch,tilt_delta",20.0,25.0,uniform_20hz_time_interpolation_to_25hz,adl_sliding_capped,831,1038,,,dataset_unit_map,wrist,bits,m/s^2,rad/s,m/s^2,rad/s,1.0,1.0,True,test,non_fall,non_fall,0.0031037412118166685,none,forward,0.7737138867378235
w25_00001678,bits,C:\Users\ADMIN\Desktop\ds-fall\data\raw\Dataset\adl\user29\user29_adl2.csv,C:\Users\ADMIN\Desktop\ds-fall\data\raw\Dataset,user29,user29_adl2,adl2,walking_quickly,walking_quickly,0,none,False,36,86,1.44,3.44,25.0,50,12,"ax,ay,az,gx,gy,gz,acc_mag,gyro_mag,jerk,roll,pitch,tilt_delta",20.0,25.0,uniform_20hz_time_interpolation_to_25hz,adl_sliding_capped,831,1038,,,dataset_unit_map,wrist,bits,m/s^2,rad/s,m/s^2,rad/s,1.0,1.0,True,test,non_fall,non_fall,0.00283782253973186,none,forward,0.8346686959266663
w25_00001679,bits,C:\Users\ADMIN\Desktop\ds-fall\data\raw\Dataset\adl\user29\user29_adl2.csv,C:\Users\ADMIN\Desktop\ds-fall\data\raw\Dataset,user29,user29_adl2,adl2,walking_quickly,walking_quickly,0,none,False,48,98,1.92,3.92,25.0,50,12,"ax,ay,az,gx,gy,gz,acc_mag,gyro_mag,jerk,roll,pitch,tilt_delta",20.0,25.0,uniform_20hz_time_interpolation_to_25hz,adl_sliding_capped,831,1038,,,dataset_unit_map,wrist,bits,m/s^2,rad/s,m/s^2,rad/s,1.0,1.0,True,test,non_fall,non_fall,0.0009562597842887044,none,forward,0.8526516556739807
w25_00001680,bits,C:\Users\ADMIN\Desktop\ds-fall\data\raw\Dataset\adl\user29\user29_adl3.csv,C:\Users\ADMIN\Desktop\ds-fall\data\raw\Dataset,user29,user29_adl3,adl3,jogging,jogging,0,none,False,0,50,0.0,2.0,25.0,50,12,"ax,ay,az,gx,gy,gz,acc_mag,gyro_mag,jerk,roll,pitch,tilt_delta",20.0,25.0,uniform_20hz_time_interpolation_to_25hz,adl_sliding_capped,1351,1688,,,dataset_unit_map,wrist,bits,m/s^2,rad/s,m/s^2,rad/s,1.0,1.0,True,test,non_fall,non_fall,0.00019955400784965605,none,forward,0.9183085560798645
w25_00001681,bits,C:\Users\ADMIN\Desktop\ds-fall\data\raw\Dataset\adl\user29\user29_adl3.csv,C:\Users\ADMIN\Desktop\ds-fall\data\raw\Dataset,user29,user29_adl3,adl3,jogging,jogging,0,none,False,12,62,0.48,2.48,25.0,50,12,"ax,ay,az,gx,gy,gz,acc_mag,gyro_mag,jerk,roll,pitch,tilt_delta",20.0,25.0,uniform_20hz_time_interpolation_to_25hz,adl_sliding_capped,1351,1688,,,dataset_unit_map,wrist,bits,m/s^2,rad/s,m/s^2,rad/s,1.0,1.0,True,test,non_fall,non_fall,0.01005470845848322,none,forward,0.9102587699890137
w25_00001682,bits,C:\Users\ADMIN\Desktop\ds-fall\data\raw\Dataset\adl\user29\user29_adl3.csv,C:\Users\ADMIN\Desktop\ds-fall\data\raw\Dataset,user29,user29_adl3,adl3,jogging,jogging,0,none,False,24,74,0.96,2.96,25.0,50,12,"ax,ay,az,gx,gy,gz,acc_mag,gyro_mag,jerk,roll,pitch,tilt_delta",20.0,25.0,uniform_20hz_time_interpolation_to_25hz,adl_sliding_capped,1351,1688,,,dataset_unit_map,wrist,bits,m/s^2,rad/s,m/s^2,rad/s,1.0,1.0,True,test,non_fall,non_fall,0.0070062195882201195,none,forward,0.822615385055542
w25_00001683,bits,C:\Users\ADMIN\Desktop\ds-fall\data\raw\Dataset\adl\user29\user29_adl3.csv,C:\Users\ADMIN\Desktop\ds-fall\data\raw\Dataset,user29,user29_adl3,adl3,jogging,jogging,0,none,False,36,86,1.44,3.44,25.0,50,12,"ax,ay,az,gx,gy,gz,acc_mag,gyro_mag,jerk,roll,pitch,tilt_delta",20.0,25.0,uniform_20hz_time_interpolation_to_25hz,adl_sliding_capped,1351,1688,,,dataset_unit_map,wrist,bits,m/s^2,rad/s,m/s^2,rad/s,1.0,1.0,True,test,non_fall,non_fall,0.07483036816120148,none,forward,0.638173520565033
w25_00001684,bits,C:\Users\ADMIN\Desktop\ds-fall\data\raw\Dataset\adl\user29\user29_adl3.csv,C:\Users\ADMIN\Desktop\ds-fall\data\raw\Dataset,user29,user29_adl3,adl3,jogging,jogging,0,none,False,48,98,1.92,3.92,25.0,50,12,"ax,ay,az,gx,gy,gz,acc_mag,gyro_mag,jerk,roll,pitch,tilt_delta",20.0,25.0,uniform_20hz_time_interpolation_to_25hz,adl_sliding_capped,1351,1688,,,dataset_unit_map,wrist,bits,m/s^2,rad/s,m/s^2,rad/s,1.0,1.0,True,test,non_fall,non_fall,0.034927140921354294,none,forward,0.7976889610290527
w25_00001685,bits,C:\Users\ADMIN\Desktop\ds-fall\data\raw\Dataset\adl\user29\user29_adl4.csv,C:\Users\ADMIN\Desktop\ds-fall\data\raw\Dataset,user29,user29_adl4,adl4,jumping,jumping,0,none,False,0,50,0.0,2.0,25.0,50,12,"ax,ay,az,gx,gy,gz,acc_mag,gyro_mag,jerk,roll,pitch,tilt_delta",20.0,25.0,uniform_20hz_time_interpolation_to_25hz,adl_sliding_capped,1147,1433,,,dataset_unit_map,wrist,bits,m/s^2,rad/s,m/s^2,rad/s,1.0,1.0,True,test,non_fall,non_fall,0.0017640338046476245,none,forward,0.504121720790863
w25_00001686,bits,C:\Users\ADMIN\Desktop\ds-fall\data\raw\Dataset\adl\user29\user29_adl4.csv,C:\Users\ADMIN\Desktop\ds-fall\data\raw\Dataset,user29,user29_adl4,adl4,jumping,jumping,0,none,False,12,62,0.48,2.48,25.0,50,12,"ax,ay,az,gx,gy,gz,acc_mag,gyro_mag,jerk,roll,pitch,tilt_delta",20.0,25.0,uniform_20hz_time_interpolation_to_25hz,adl_sliding_capped,1147,1433,,,dataset_unit_map,wrist,bits,m/s^2,rad/s,m/s^2,rad/s,1.0,1.0,True,test,non_fall,non_fall,0.28116899728775024,none,forward,0.6166996955871582
w25_00001687,bits,C:\Users\ADMIN\Desktop\ds-fall\data\raw\Dataset\adl\user29\user29_adl4.csv,C:\Users\ADMIN\Desktop\ds-fall\data\raw\Dataset,user29,user29_adl4,adl4,jumping,jumping,0,none,False,24,74,0.96,2.96,25.0,50,12,"ax,ay,az,gx,gy,gz,acc_mag,gyro_mag,jerk,roll,pitch,tilt_delta",20.0,25.0,uniform_20hz_time_interpolation_to_25hz,adl_sliding_capped,1147,1433,,,dataset_unit_map,wrist,bits,m/s^2,rad/s,m/s^2,rad/s,1.0,1.0,True,test,non_fall,non_fall,0.24115663766860962,none,forward,0.5495747923851013
w25_00001688,bits,C:\Users\ADMIN\Desktop\ds-fall\data\raw\Dataset\adl\user29\user29_adl4.csv,C:\Users\ADMIN\Desktop\ds-fall\data\raw\Dataset,user29,user29_adl4,adl4,jumping,jumping,0,none,False,36,86,1.44,3.44,25.0,50,12,"ax,ay,az,gx,gy,gz,acc_mag,gyro_mag,jerk,roll,pitch,tilt_delta",20.0,25.0,uniform_20hz_time_interpolation_to_25hz,adl_sliding_capped,1147,1433,,,dataset_unit_map,wrist,bits,m/s^2,rad/s,m/s^2,rad/s,1.0,1.0,True,test,non_fall,non_fall,0.06924811750650406,none,backward,0.5908281207084656
w25_00001689,bits,C:\Users\ADMIN\Desktop\ds-fall\data\raw\Dataset\adl\user29\user29_adl4.csv,C:\Users\ADMIN\Desktop\ds-fall\data\raw\Dataset,user29,user29_adl4,adl4,jumping,jumping,0,none,False,48,98,1.92,3.92,25.0,50,12,"ax,ay,az,gx,gy,gz,acc_mag,gyro_mag,jerk,roll,pitch,tilt_delta",20.0,25.0,uniform_20hz_time_interpolation_to_25hz,adl_sliding_capped,1147,1433,,,dataset_unit_map,wrist,bits,m/s^2,rad/s,m/s^2,rad/s,1.0,1.0,True,test,non_fall,non_fall,0.19089700281620026,none,backward,0.6825224757194519
w25_00001690,bits,C:\Users\ADMIN\Desktop\ds-fall\data\raw\Dataset\adl\user29\user29_adl5.csv,C:\Users\ADMIN\Desktop\ds-fall\data\raw\Dataset,user29,user29_adl5,adl5,climbing_up_slowly,climbing_up_slowly,0,none,False,0,50,0.0,2.0,25.0,50,12,"ax,ay,az,gx,gy,gz,acc_mag,gyro_mag,jerk,roll,pitch,tilt_delta",20.0,25.0,uniform_20hz_time_interpolation_to_25hz,adl_sliding_capped,182,227,,,dataset_unit_map,wrist,bits,m/s^2,rad/s,m/s^2,rad/s,1.0,1.0,True,test,non_fall,non_fall,1.9695024093380198e-05,none,forward,0.9111812710762024
w25_00001691,bits,C:\Users\ADMIN\Desktop\ds-fall\data\raw\Dataset\adl\user29\user29_adl5.csv,C:\Users\ADMIN\Desktop\ds-fall\data\raw\Dataset,user29,user29_adl5,adl5,climbing_up_slowly,climbing_up_slowly,0,none,False,12,62,0.48,2.48,25.0,50,12,"ax,ay,az,gx,gy,gz,acc_mag,gyro_mag,jerk,roll,pitch,tilt_delta",20.0,25.0,uniform_20hz_time_interpolation_to_25hz,adl_sliding_capped,182,227,,,dataset_unit_map,wrist,bits,m/s^2,rad/s,m/s^2,rad/s,1.0,1.0,True,test,non_fall,non_fall,3.3097265259129927e-05,none,forward,0.8269649744033813
w25_00001692,bits,C:\Users\ADMIN\Desktop\ds-fall\data\raw\Dataset\adl\user29\user29_adl5.csv,C:\Users\ADMIN\Desktop\ds-fall\data\raw\Dataset,user29,user29_adl5,adl5,climbing_up_slowly,climbing_up_slowly,0,none,False,24,74,0.96,2.96,25.0,50,12,"ax,ay,az,gx,gy,gz,acc_mag,gyro_mag,jerk,roll,pitch,tilt_delta",20.0,25.0,uniform_20hz_time_interpolation_to_25hz,adl_sliding_capped,182,227,,,dataset_unit_map,wrist,bits,m/s^2,rad/s,m/s^2,rad/s,1.0,1.0,True,test,non_fall,non_fall,0.03251416236162186,none,lateral,0.6570743322372437
w25_00001693,bits,C:\Users\ADMIN\Desktop\ds-fall\data\raw\Dataset\adl\user29\user29_adl5.csv,C:\Users\ADMIN\Desktop\ds-fall\data\raw\Dataset,user29,user29_adl5,adl5,climbing_up_slowly,climbing_up_slowly,0,none,False,36,86,1.44,3.44,25.0,50,12,"ax,ay,az,gx,gy,gz,acc_mag,gyro_mag,jerk,roll,pitch,tilt_delta",20.0,25.0,uniform_20hz_time_interpolation_to_25hz,adl_sliding_capped,182,227,,,dataset_unit_map,wrist,bits,m/s^2,rad/s,m/s^2,rad/s,1.0,1.0,True,test,non_fall,non_fall,0.028757404536008835,none,lateral,0.5866565704345703
w25_00001694,bits,C:\Users\ADMIN\Desktop\ds-fall\data\raw\Dataset\adl\user29\user29_adl5.csv,C:\Users\ADMIN\Desktop\ds-fall\data\raw\Dataset,user29,user29_adl5,adl5,climbing_up_slowly,climbing_up_slowly,0,none,False,48,98,1.92,3.92,25.0,50,12,"ax,ay,az,gx,gy,gz,acc_mag,gyro_mag,jerk,roll,pitch,tilt_delta",20.0,25.0,uniform_20hz_time_interpolation_to_25hz,adl_sliding_capped,182,227,,,dataset_unit_map,wrist,bits,m/s^2,rad/s,m/s^2,rad/s,1.0,1.0,True,test,non_fall,non_fall,0.004139564000070095,none,backward,0.4766230285167694
w25_00001695,bits,C:\Users\ADMIN\Desktop\ds-fall\data\raw\Dataset\adl\user29\user29_adl6.csv,C:\Users\ADMIN\Desktop\ds-fall\data\raw\Dataset,user29,user29_adl6,adl6,climbing_down_slowly,climbing_down_slowly,0,none,False,0,50,0.0,2.0,25.0,50,12,"ax,ay,az,gx,gy,gz,acc_mag,gyro_mag,jerk,roll,pitch,tilt_delta",20.0,25.0,uniform_20hz_time_interpolation_to_25hz,adl_sliding_capped,818,1022,,,dataset_unit_map,wrist,bits,m/s^2,rad/s,m/s^2,rad/s,1.0,1.0,True,test,non_fall,non_fall,0.0008371461881324649,none,forward,0.8966601490974426
w25_00001696,bits,C:\Users\ADMIN\Desktop\ds-fall\data\raw\Dataset\adl\user29\user29_adl6.csv,C:\Users\ADMIN\Desktop\ds-fall\data\raw\Dataset,user29,user29_adl6,adl6,climbing_down_slowly,climbing_down_slowly,0,none,False,12,62,0.48,2.48,25.0,50,12,"ax,ay,az,gx,gy,gz,acc_mag,gyro_mag,jerk,roll,pitch,tilt_delta",20.0,25.0,uniform_20hz_time_interpolation_to_25hz,adl_sliding_capped,818,1022,,,dataset_unit_map,wrist,bits,m/s^2,rad/s,m/s^2,rad/s,1.0,1.0,True,test,non_fall,non_fall,0.0021865633316338062,none,forward,0.5792851448059082
w25_00001697,bits,C:\Users\ADMIN\Desktop\ds-fall\data\raw\Dataset\adl\user29\user29_adl6.csv,C:\Users\ADMIN\Desktop\ds-fall\data\raw\Dataset,user29,user29_adl6,adl6,climbing_down_slowly,climbing_down_slowly,0,none,False,24,74,0.96,2.96,25.0,50,12,"ax,ay,az,gx,gy,gz,acc_mag,gyro_mag,jerk,roll,pitch,tilt_delta",20.0,25.0,uniform_20hz_time_interpolation_to_25hz,adl_sliding_capped,818,1022,,,dataset_unit_map,wrist,bits,m/s^2,rad/s,m/s^2,rad/s,1.0,1.0,True,test,non_fall,non_fall,0.008978781290352345,none,lateral,0.5849483013153076
w25_00001698,bits,C:\Users\ADMIN\Desktop\ds-fall\data\raw\Dataset\adl\user29\user29_adl6.csv,C:\Users\ADMIN\Desktop\ds-fall\data\raw\Dataset,user29,user29_adl6,adl6,climbing_down_slowly,climbing_down_slowly,0,none,False,36,86,1.44,3.44,25.0,50,12,"ax,ay,az,gx,gy,gz,acc_mag,gyro_mag,jerk,roll,pitch,tilt_delta",20.0,25.0,uniform_20hz_time_interpolation_to_25hz,adl_sliding_capped,818,1022,,,dataset_unit_map,wrist,bits,m/s^2,rad/s,m/s^2,rad/s,1.0,1.0,True,test,non_fall,non_fall,0.0028146894183009863,none,forward,0.5144451856613159
w25_00001699,bits,C:\Users\ADMIN\Desktop\ds-fall\data\raw\Dataset\adl\user29\user29_adl6.csv,C:\Users\ADMIN\Desktop\ds-fall\data\raw\Dataset,user29,user29_adl6,adl6,climbing_down_slowly,climbing_down_slowly,0,none,False,48,98,1.92,3.92,25.0,50,12,"ax,ay,az,gx,gy,gz,acc_mag,gyro_mag,jerk,roll,pitch,tilt_delta",20.0,25.0,uniform_20hz_time_interpolation_to_25hz,adl_sliding_capped,818,1022,,,dataset_unit_map,wrist,bits,m/s^2,rad/s,m/s^2,rad/s,1.0,1.0,True,test,non_fall,non_fall,0.0008259332389570773,none,forward,0.7116477489471436
w25_00001700,bits,C:\Users\ADMIN\Desktop\ds-fall\data\raw\Dataset\adl\user29\user29_adl7.csv,C:\Users\ADMIN\Desktop\ds-fall\data\raw\Dataset,user29,user29_adl7,adl7,climbing_up_normally,climbing_up_normally,0,none,False,0,50,0.0,2.0,25.0,50,12,"ax,ay,az,gx,gy,gz,acc_mag,gyro_mag,jerk,roll,pitch,tilt_delta",20.0,25.0,uniform_20hz_time_interpolation_to_25hz,adl_sliding_capped,809,1011,,,dataset_unit_map,wrist,bits,m/s^2,rad/s,m/s^2,rad/s,1.0,1.0,True,test,non_fall,non_fall,6.1314553931879345e-06,none,forward,0.9168599247932434
w25_00001701,bits,C:\Users\ADMIN\Desktop\ds-fall\data\raw\Dataset\adl\user29\user29_adl7.csv,C:\Users\ADMIN\Desktop\ds-fall\data\raw\Dataset,user29,user29_adl7,adl7,climbing_up_normally,climbing_up_normally,0,none,False,12,62,0.48,2.48,25.0,50,12,"ax,ay,az,gx,gy,gz,acc_mag,gyro_mag,jerk,roll,pitch,tilt_delta",20.0,25.0,uniform_20hz_time_interpolation_to_25hz,adl_sliding_capped,809,1011,,,dataset_unit_map,wrist,bits,m/s^2,rad/s,m/s^2,rad/s,1.0,1.0,True,test,non_fall,non_fall,4.9804912123363465e-06,none,forward,0.8859689831733704
w25_00001702,bits,C:\Users\ADMIN\Desktop\ds-fall\data\raw\Dataset\adl\user29\user29_adl7.csv,C:\Users\ADMIN\Desktop\ds-fall\data\raw\Dataset,user29,user29_adl7,adl7,climbing_up_normally,climbing_up_normally,0,none,False,24,74,0.96,2.96,25.0,50,12,"ax,ay,az,gx,gy,gz,acc_mag,gyro_mag,jerk,roll,pitch,tilt_delta",20.0,25.0,uniform_20hz_time_interpolation_to_25hz,adl_sliding_capped,809,1011,,,dataset_unit_map,wrist,bits,m/s^2,rad/s,m/s^2,rad/s,1.0,1.0,True,test,non_fall,non_fall,4.265534698788542e-06,none,forward,0.8571034073829651
w25_00001703,bits,C:\Users\ADMIN\Desktop\ds-fall\data\raw\Dataset\adl\user29\user29_adl7.csv,C:\Users\ADMIN\Desktop\ds-fall\data\raw\Dataset,user29,user29_adl7,adl7,climbing_up_normally,climbing_up_normally,0,none,False,36,86,1.44,3.44,25.0,50,12,"ax,ay,az,gx,gy,gz,acc_mag,gyro_mag,jerk,roll,pitch,tilt_delta",20.0,25.0,uniform_20hz_time_interpolation_to_25hz,adl_sliding_capped,809,1011,,,dataset_unit_map,wrist,bits,m/s^2,rad/s,m/s^2,rad/s,1.0,1.0,True,test,non_fall,non_fall,3.93815344068571e-06,none,forward,0.8068568110466003
w25_00001704,bits,C:\Users\ADMIN\Desktop\ds-fall\data\raw\Dataset\adl\user29\user29_adl7.csv,C:\Users\ADMIN\Desktop\ds-fall\data\raw\Dataset,user29,user29_adl7,adl7,climbing_up_normally,climbing_up_normally,0,none,False,48,98,1.92,3.92,25.0,50,12,"ax,ay,az,gx,gy,gz,acc_mag,gyro_mag,jerk,roll,pitch,tilt_delta",20.0,25.0,uniform_20hz_time_interpolation_to_25hz,adl_sliding_capped,809,1011,,,dataset_unit_map,wrist,bits,m/s^2,rad/s,m/s^2,rad/s,1.0,1.0,True,test,non_fall,non_fall,4.624407210940262e-06,none,forward,0.877472460269928
w25_00001705,bits,C:\Users\ADMIN\Desktop\ds-fall\data\raw\Dataset\adl\user29\user29_adl8.csv,C:\Users\ADMIN\Desktop\ds-fall\data\raw\Dataset,user29,user29_adl8,adl8,climbing_down_normally,climbing_down_normally,0,none,False,0,50,0.0,2.0,25.0,50,12,"ax,ay,az,gx,gy,gz,acc_mag,gyro_mag,jerk,roll,pitch,tilt_delta",20.0,25.0,uniform_20hz_time_interpolation_to_25hz,adl_sliding_capped,330,412,,,dataset_unit_map,wrist,bits,m/s^2,rad/s,m/s^2,rad/s,1.0,1.0,True,test,non_fall,non_fall,1.2536342183011584e-05,none,forward,0.7803838849067688
w25_00001706,bits,C:\Users\ADMIN\Desktop\ds-fall\data\raw\Dataset\adl\user29\user29_adl8.csv,C:\Users\ADMIN\Desktop\ds-fall\data\raw\Dataset,user29,user29_adl8,adl8,climbing_down_normally,climbing_down_normally,0,none,False,12,62,0.48,2.48,25.0,50,12,"ax,ay,az,gx,gy,gz,acc_mag,gyro_mag,jerk,roll,pitch,tilt_delta",20.0,25.0,uniform_20hz_time_interpolation_to_25hz,adl_sliding_capped,330,412,,,dataset_unit_map,wrist,bits,m/s^2,rad/s,m/s^2,rad/s,1.0,1.0,True,test,non_fall,non_fall,6.4259465943905525e-06,none,forward,0.8807085752487183
w25_00001707,bits,C:\Users\ADMIN\Desktop\ds-fall\data\raw\Dataset\adl\user29\user29_adl8.csv,C:\Users\ADMIN\Desktop\ds-fall\data\raw\Dataset,user29,user29_adl8,adl8,climbing_down_normally,climbing_down_normally,0,none,False,24,74,0.96,2.96,25.0,50,12,"ax,ay,az,gx,gy,gz,acc_mag,gyro_mag,jerk,roll,pitch,tilt_delta",20.0,25.0,uniform_20hz_time_interpolation_to_25hz,adl_sliding_capped,330,412,,,dataset_unit_map,wrist,bits,m/s^2,rad/s,m/s^2,rad/s,1.0,1.0,True,test,non_fall,non_fall,3.1294678137783194e-06,none,forward,0.9061573147773743
w25_00001708,bits,C:\Users\ADMIN\Desktop\ds-fall\data\raw\Dataset\adl\user29\user29_adl8.csv,C:\Users\ADMIN\Desktop\ds-fall\data\raw\Dataset,user29,user29_adl8,adl8,climbing_down_normally,climbing_down_normally,0,none,False,36,86,1.44,3.44,25.0,50,12,"ax,ay,az,gx,gy,gz,acc_mag,gyro_mag,jerk,roll,pitch,tilt_delta",20.0,25.0,uniform_20hz_time_interpolation_to_25hz,adl_sliding_capped,330,412,,,dataset_unit_map,wrist,bits,m/s^2,rad/s,m/s^2,rad/s,1.0,1.0,True,test,non_fall,non_fall,3.0944481750339037e-06,none,forward,0.8513476848602295
w25_00001709,bits,C:\Users\ADMIN\Desktop\ds-fall\data\raw\Dataset\adl\user29\user29_adl8.csv,C:\Users\ADMIN\Desktop\ds-fall\data\raw\Dataset,user29,user29_adl8,adl8,climbing_down_normally,climbing_down_normally,0,none,False,48,98,1.92,3.92,25.0,50,12,"ax,ay,az,gx,gy,gz,acc_mag,gyro_mag,jerk,roll,pitch,tilt_delta",20.0,25.0,uniform_20hz_time_interpolation_to_25hz,adl_sliding_capped,330,412,,,dataset_unit_map,wrist,bits,m/s^2,rad/s,m/s^2,rad/s,1.0,1.0,True,test,non_fall,non_fall,1.0335767001379281e-05,none,forward,0.6764855980873108
w25_00001710,bits,C:\Users\ADMIN\Desktop\ds-fall\data\raw\Dataset\adl\user29\user29_adl9.csv,C:\Users\ADMIN\Desktop\ds-fall\data\raw\Dataset,user29,user29_adl9,adl9,slowly_sitting_on_chair,slowly_sitting_on_chair,0,none,False,0,50,0.0,2.0,25.0,50,12,"ax,ay,az,gx,gy,gz,acc_mag,gyro_mag,jerk,roll,pitch,tilt_delta",20.0,25.0,uniform_20hz_time_interpolation_to_25hz,adl_sliding_capped,569,711,,,dataset_unit_map,wrist,bits,m/s^2,rad/s,m/s^2,rad/s,1.0,1.0,True,test,non_fall,non_fall,7.321884822886204e-06,none,forward,0.8944206833839417
w25_00001711,bits,C:\Users\ADMIN\Desktop\ds-fall\data\raw\Dataset\adl\user29\user29_adl9.csv,C:\Users\ADMIN\Desktop\ds-fall\data\raw\Dataset,user29,user29_adl9,adl9,slowly_sitting_on_chair,slowly_sitting_on_chair,0,none,False,12,62,0.48,2.48,25.0,50,12,"ax,ay,az,gx,gy,gz,acc_mag,gyro_mag,jerk,roll,pitch,tilt_delta",20.0,25.0,uniform_20hz_time_interpolation_to_25hz,adl_sliding_capped,569,711,,,dataset_unit_map,wrist,bits,m/s^2,rad/s,m/s^2,rad/s,1.0,1.0,True,test,non_fall,non_fall,8.53650453791488e-06,none,forward,0.885249674320221
w25_00001712,bits,C:\Users\ADMIN\Desktop\ds-fall\data\raw\Dataset\adl\user29\user29_adl9.csv,C:\Users\ADMIN\Desktop\ds-fall\data\raw\Dataset,user29,user29_adl9,adl9,slowly_sitting_on_chair,slowly_sitting_on_chair,0,none,False,24,74,0.96,2.96,25.0,50,12,"ax,ay,az,gx,gy,gz,acc_mag,gyro_mag,jerk,roll,pitch,tilt_delta",20.0,25.0,uniform_20hz_time_interpolation_to_25hz,adl_sliding_capped,569,711,,,dataset_unit_map,wrist,bits,m/s^2,rad/s,m/s^2,rad/s,1.0,1.0,True,test,non_fall,non_fall,1.5733481632196344e-05,none,forward,0.9201943874359131
w25_00001713,bits,C:\Users\ADMIN\Desktop\ds-fall\data\raw\Dataset\adl\user29\user29_adl9.csv,C:\Users\ADMIN\Desktop\ds-fall\data\raw\Dataset,user29,user29_adl9,adl9,slowly_sitting_on_chair,slowly_sitting_on_chair,0,none,False,36,86,1.44,3.44,25.0,50,12,"ax,ay,az,gx,gy,gz,acc_mag,gyro_mag,jerk,roll,pitch,tilt_delta",20.0,25.0,uniform_20hz_time_interpolation_to_25hz,adl_sliding_capped,569,711,,,dataset_unit_map,wrist,bits,m/s^2,rad/s,m/s^2,rad/s,1.0,1.0,True,test,non_fall,non_fall,2.698043863347266e-05,none,forward,0.911929726600647
w25_00001714,bits,C:\Users\ADMIN\Desktop\ds-fall\data\raw\Dataset\adl\user29\user29_adl9.csv,C:\Users\ADMIN\Desktop\ds-fall\data\raw\Dataset,user29,user29_adl9,adl9,slowly_sitting_on_chair,slowly_sitting_on_chair,0,none,False,48,98,1.92,3.92,25.0,50,12,"ax,ay,az,gx,gy,gz,acc_mag,gyro_mag,jerk,roll,pitch,tilt_delta",20.0,25.0,uniform_20hz_time_interpolation_to_25hz,adl_sliding_capped,569,711,,,dataset_unit_map,wrist,bits,m/s^2,rad/s,m/s^2,rad/s,1.0,1.0,True,test,non_fall,non_fall,8.998198609333485e-05,none,forward,0.8837752342224121
w25_00001875,bits,C:\Users\ADMIN\Desktop\ds-fall\data\raw\Dataset\adl\user31\user31_adl1.csv,C:\Users\ADMIN\Desktop\ds-fall\data\raw\Dataset,user31,user31_adl1,adl1,walking_slowly,walking_slowly,0,none,False,0,50,0.0,2.0,25.0,50,12,"ax,ay,az,gx,gy,gz,acc_mag,gyro_mag,jerk,roll,pitch,tilt_delta",20.0,25.0,uniform_20hz_time_interpolation_to_25hz,adl_sliding_capped,747,933,,,dataset_unit_map,wrist,bits,m/s^2,rad/s,m/s^2,rad/s,1.0,1.0,True,test,non_fall,non_fall,1.1332604117342271e-05,none,forward,0.9171244502067566
w25_00001876,bits,C:\Users\ADMIN\Desktop\ds-fall\data\raw\Dataset\adl\user31\user31_adl1.csv,C:\Users\ADMIN\Desktop\ds-fall\data\raw\Dataset,user31,user31_adl1,adl1,walking_slowly,walking_slowly,0,none,False,12,62,0.48,2.48,25.0,50,12,"ax,ay,az,gx,gy,gz,acc_mag,gyro_mag,jerk,roll,pitch,tilt_delta",20.0,25.0,uniform_20hz_time_interpolation_to_25hz,adl_sliding_capped,747,933,,,dataset_unit_map,wrist,bits,m/s^2,rad/s,m/s^2,rad/s,1.0,1.0,True,test,non_fall,non_fall,1.262153728021076e-05,none,forward,0.9136610627174377
w25_00001877,bits,C:\Users\ADMIN\Desktop\ds-fall\data\raw\Dataset\adl\user31\user31_adl1.csv,C:\Users\ADMIN\Desktop\ds-fall\data\raw\Dataset,user31,user31_adl1,adl1,walking_slowly,walking_slowly,0,none,False,24,74,0.96,2.96,25.0,50,12,"ax,ay,az,gx,gy,gz,acc_mag,gyro_mag,jerk,roll,pitch,tilt_delta",20.0,25.0,uniform_20hz_time_interpolation_to_25hz,adl_sliding_capped,747,933,,,dataset_unit_map,wrist,bits,m/s^2,rad/s,m/s^2,rad/s,1.0,1.0,True,test,non_fall,non_fall,1.3413960004982073e-05,none,forward,0.9093683362007141
w25_00001878,bits,C:\Users\ADMIN\Desktop\ds-fall\data\raw\Dataset\adl\user31\user31_adl1.csv,C:\Users\ADMIN\Desktop\ds-fall\data\raw\Dataset,user31,user31_adl1,adl1,walking_slowly,walking_slowly,0,none,False,36,86,1.44,3.44,25.0,50,12,"ax,ay,az,gx,gy,gz,acc_mag,gyro_mag,jerk,roll,pitch,tilt_delta",20.0,25.0,uniform_20hz_time_interpolation_to_25hz,adl_sliding_capped,747,933,,,dataset_unit_map,wrist,bits,m/s^2,rad/s,m/s^2,rad/s,1.0,1.0,True,test,non_fall,non_fall,1.4245804777601734e-05,none,forward,0.9004703760147095
w25_00001879,bits,C:\Users\ADMIN\Desktop\ds-fall\data\raw\Dataset\adl\user31\user31_adl1.csv,C:\Users\ADMIN\Desktop\ds-fall\data\raw\Dataset,user31,user31_adl1,adl1,walking_slowly,walking_slowly,0,none,False,48,98,1.92,3.92,25.0,50,12,"ax,ay,az,gx,gy,gz,acc_mag,gyro_mag,jerk,roll,pitch,tilt_delta",20.0,25.0,uniform_20hz_time_interpolation_to_25hz,adl_sliding_capped,747,933,,,dataset_unit_map,wrist,bits,m/s^2,rad/s,m/s^2,rad/s,1.0,1.0,True,test,non_fall,non_fall,2.1434765585581772e-05,none,forward,0.8944180011749268
w25_00001880,bits,C:\Users\ADMIN\Desktop\ds-fall\data\raw\Dataset\adl\user31\user31_adl10.csv,C:\Users\ADMIN\Desktop\ds-fall\data\raw\Dataset,user31,user31_adl10,adl10,rapidly_sitting_on_chair,rapidly_sitting_on_chair,0,none,False,0,50,0.0,2.0,25.0,50,12,"ax,ay,az,gx,gy,gz,acc_mag,gyro_mag,jerk,roll,pitch,tilt_delta",20.0,25.0,uniform_20hz_time_interpolation_to_25hz,adl_sliding_capped,477,596,,,dataset_unit_map,wrist,bits,m/s^2,rad/s,m/s^2,rad/s,1.0,1.0,True,test,non_fall,non_fall,1.1989003724011127e-05,none,forward,0.9106389880180359
w25_00001881,bits,C:\Users\ADMIN\Desktop\ds-fall\data\raw\Dataset\adl\user31\user31_adl10.csv,C:\Users\ADMIN\Desktop\ds-fall\data\raw\Dataset,user31,user31_adl10,adl10,rapidly_sitting_on_chair,rapidly_sitting_on_chair,0,none,False,12,62,0.48,2.48,25.0,50,12,"ax,ay,az,gx,gy,gz,acc_mag,gyro_mag,jerk,roll,pitch,tilt_delta",20.0,25.0,uniform_20hz_time_interpolation_to_25hz,adl_sliding_capped,477,596,,,dataset_unit_map,wrist,bits,m/s^2,rad/s,m/s^2,rad/s,1.0,1.0,True,test,non_fall,non_fall,9.241079169441946e-06,none,forward,0.915556788444519
w25_00001882,bits,C:\Users\ADMIN\Desktop\ds-fall\data\raw\Dataset\adl\user31\user31_adl10.csv,C:\Users\ADMIN\Desktop\ds-fall\data\raw\Dataset,user31,user31_adl10,adl10,rapidly_sitting_on_chair,rapidly_sitting_on_chair,0,none,False,24,74,0.96,2.96,25.0,50,12,"ax,ay,az,gx,gy,gz,acc_mag,gyro_mag,jerk,roll,pitch,tilt_delta",20.0,25.0,uniform_20hz_time_interpolation_to_25hz,adl_sliding_capped,477,596,,,dataset_unit_map,wrist,bits,m/s^2,rad/s,m/s^2,rad/s,1.0,1.0,True,test,non_fall,non_fall,9.370048246637452e-06,none,forward,0.9156198501586914
w25_00001883,bits,C:\Users\ADMIN\Desktop\ds-fall\data\raw\Dataset\adl\user31\user31_adl10.csv,C:\Users\ADMIN\Desktop\ds-fall\data\raw\Dataset,user31,user31_adl10,adl10,rapidly_sitting_on_chair,rapidly_sitting_on_chair,0,none,False,36,86,1.44,3.44,25.0,50,12,"ax,ay,az,gx,gy,gz,acc_mag,gyro_mag,jerk,roll,pitch,tilt_delta",20.0,25.0,uniform_20hz_time_interpolation_to_25hz,adl_sliding_capped,477,596,,,dataset_unit_map,wrist,bits,m/s^2,rad/s,m/s^2,rad/s,1.0,1.0,True,test,non_fall,non_fall,9.088756996789016e-06,none,forward,0.917313814163208
w25_00001884,bits,C:\Users\ADMIN\Desktop\ds-fall\data\raw\Dataset\adl\user31\user31_adl10.csv,C:\Users\ADMIN\Desktop\ds-fall\data\raw\Dataset,user31,user31_adl10,adl10,rapidly_sitting_on_chair,rapidly_sitting_on_chair,0,none,False,48,98,1.92,3.92,25.0,50,12,"ax,ay,az,gx,gy,gz,acc_mag,gyro_mag,jerk,roll,pitch,tilt_delta",20.0,25.0,uniform_20hz_time_interpolation_to_25hz,adl_sliding_capped,477,596,,,dataset_unit_map,wrist,bits,m/s^2,rad/s,m/s^2,rad/s,1.0,1.0,True,test,non_fall,non_fall,8.124826308630873e-06,none,forward,0.9116081595420837
w25_00001885,bits,C:\Users\ADMIN\Desktop\ds-fall\data\raw\Dataset\adl\user31\user31_adl11.csv,C:\Users\ADMIN\Desktop\ds-fall\data\raw\Dataset,user31,user31_adl11,adl11,nearly_sitting_and_getting_up,nearly_sitting_and_getting_up,0,none,False,0,50,0.0,2.0,25.0,50,12,"ax,ay,az,gx,gy,gz,acc_mag,gyro_mag,jerk,roll,pitch,tilt_delta",20.0,25.0,uniform_20hz_time_interpolation_to_25hz,adl_sliding_capped,334,417,,,dataset_unit_map,wrist,bits,m/s^2,rad/s,m/s^2,rad/s,1.0,1.0,True,test,non_fall,non_fall,9.019047138281167e-05,none,forward,0.8018423318862915
w25_00001886,bits,C:\Users\ADMIN\Desktop\ds-fall\data\raw\Dataset\adl\user31\user31_adl11.csv,C:\Users\ADMIN\Desktop\ds-fall\data\raw\Dataset,user31,user31_adl11,adl11,nearly_sitting_and_getting_up,nearly_sitting_and_getting_up,0,none,False,12,62,0.48,2.48,25.0,50,12,"ax,ay,az,gx,gy,gz,acc_mag,gyro_mag,jerk,roll,pitch,tilt_delta",20.0,25.0,uniform_20hz_time_interpolation_to_25hz,adl_sliding_capped,334,417,,,dataset_unit_map,wrist,bits,m/s^2,rad/s,m/s^2,rad/s,1.0,1.0,True,test,non_fall,non_fall,3.958691377192736e-05,none,forward,0.8367562890052795
w25_00001887,bits,C:\Users\ADMIN\Desktop\ds-fall\data\raw\Dataset\adl\user31\user31_adl11.csv,C:\Users\ADMIN\Desktop\ds-fall\data\raw\Dataset,user31,user31_adl11,adl11,nearly_sitting_and_getting_up,nearly_sitting_and_getting_up,0,none,False,24,74,0.96,2.96,25.0,50,12,"ax,ay,az,gx,gy,gz,acc_mag,gyro_mag,jerk,roll,pitch,tilt_delta",20.0,25.0,uniform_20hz_time_interpolation_to_25hz,adl_sliding_capped,334,417,,,dataset_unit_map,wrist,bits,m/s^2,rad/s,m/s^2,rad/s,1.0,1.0,True,test,non_fall,non_fall,2.3978396711754613e-05,none,forward,0.8766558766365051
w25_00001888,bits,C:\Users\ADMIN\Desktop\ds-fall\data\raw\Dataset\adl\user31\user31_adl11.csv,C:\Users\ADMIN\Desktop\ds-fall\data\raw\Dataset,user31,user31_adl11,adl11,nearly_sitting_and_getting_up,nearly_sitting_and_getting_up,0,none,False,36,86,1.44,3.44,25.0,50,12,"ax,ay,az,gx,gy,gz,acc_mag,gyro_mag,jerk,roll,pitch,tilt_delta",20.0,25.0,uniform_20hz_time_interpolation_to_25hz,adl_sliding_capped,334,417,,,dataset_unit_map,wrist,bits,m/s^2,rad/s,m/s^2,rad/s,1.0,1.0,True,test,non_fall,non_fall,1.0427515917399433e-05,none,forward,0.8880208134651184
w25_00001889,bits,C:\Users\ADMIN\Desktop\ds-fall\data\raw\Dataset\adl\user31\user31_adl11.csv,C:\Users\ADMIN\Desktop\ds-fall\data\raw\Dataset,user31,user31_adl11,adl11,nearly_sitting_and_getting_up,nearly_sitting_and_getting_up,0,none,False,48,98,1.92,3.92,25.0,50,12,"ax,ay,az,gx,gy,gz,acc_mag,gyro_mag,jerk,roll,pitch,tilt_delta",20.0,25.0,uniform_20hz_time_interpolation_to_25hz,adl_sliding_capped,334,417,,,dataset_unit_map,wrist,bits,m/s^2,rad/s,m/s^2,rad/s,1.0,1.0,True,test,non_fall,non_fall,1.19216347229667e-05,none,forward,0.9074329733848572
w25_00001890,bits,C:\Users\ADMIN\Desktop\ds-fall\data\raw\Dataset\adl\user31\user31_adl12.csv,C:\Users\ADMIN\Desktop\ds-fall\data\raw\Dataset,user31,user31_adl12,adl12,swinging_hands,swinging_hands,0,none,False,0,50,0.0,2.0,25.0,50,12,"ax,ay,az,gx,gy,gz,acc_mag,gyro_mag,jerk,roll,pitch,tilt_delta",20.0,25.0,uniform_20hz_time_interpolation_to_25hz,adl_sliding_capped,281,351,,,dataset_unit_map,wrist,bits,m/s^2,rad/s,m/s^2,rad/s,1.0,1.0,True,test,non_fall,non_fall,3.150831253151409e-05,none,forward,0.8629257082939148
w25_00001891,bits,C:\Users\ADMIN\Desktop\ds-fall\data\raw\Dataset\adl\user31\user31_adl12.csv,C:\Users\ADMIN\Desktop\ds-fall\data\raw\Dataset,user31,user31_adl12,adl12,swinging_hands,swinging_hands,0,none,False,12,62,0.48,2.48,25.0,50,12,"ax,ay,az,gx,gy,gz,acc_mag,gyro_mag,jerk,roll,pitch,tilt_delta",20.0,25.0,uniform_20hz_time_interpolation_to_25hz,adl_sliding_capped,281,351,,,dataset_unit_map,wrist,bits,m/s^2,rad/s,m/s^2,rad/s,1.0,1.0,True,test,non_fall,non_fall,2.23040933633456e-05,none,forward,0.8848839402198792
w25_00001892,bits,C:\Users\ADMIN\Desktop\ds-fall\data\raw\Dataset\adl\user31\user31_adl12.csv,C:\Users\ADMIN\Desktop\ds-fall\data\raw\Dataset,user31,user31_adl12,adl12,swinging_hands,swinging_hands,0,none,False,24,74,0.96,2.96,25.0,50,12,"ax,ay,az,gx,gy,gz,acc_mag,gyro_mag,jerk,roll,pitch,tilt_delta",20.0,25.0,uniform_20hz_time_interpolation_to_25hz,adl_sliding_capped,281,351,,,dataset_unit_map,wrist,bits,m/s^2,rad/s,m/s^2,rad/s,1.0,1.0,True,test,non_fall,non_fall,1.565595084684901e-05,none,forward,0.9017298817634583
w25_00001893,bits,C:\Users\ADMIN\Desktop\ds-fall\data\raw\Dataset\adl\user31\user31_adl12.csv,C:\Users\ADMIN\Desktop\ds-fall\data\raw\Dataset,user31,user31_adl12,adl12,swinging_hands,swinging_hands,0,none,False,36,86,1.44,3.44,25.0,50,12,"ax,ay,az,gx,gy,gz,acc_mag,gyro_mag,jerk,roll,pitch,tilt_delta",20.0,25.0,uniform_20hz_time_interpolation_to_25hz,adl_sliding_capped,281,351,,,dataset_unit_map,wrist,bits,m/s^2,rad/s,m/s^2,rad/s,1.0,1.0,True,test,non_fall,non_fall,2.0928819139953703e-05,none,forward,0.9049616456031799
w25_00001894,bits,C:\Users\ADMIN\Desktop\ds-fall\data\raw\Dataset\adl\user31\user31_adl12.csv,C:\Users\ADMIN\Desktop\ds-fall\data\raw\Dataset,user31,user31_adl12,adl12,swinging_hands,swinging_hands,0,none,False,48,98,1.92,3.92,25.0,50,12,"ax,ay,az,gx,gy,gz,acc_mag,gyro_mag,jerk,roll,pitch,tilt_delta",20.0,25.0,uniform_20hz_time_interpolation_to_25hz,adl_sliding_capped,281,351,,,dataset_unit_map,wrist,bits,m/s^2,rad/s,m/s^2,rad/s,1.0,1.0,True,test,non_fall,non_fall,2.4598732125014067e-05,none,forward,0.9030234217643738
w25_00001895,bits,C:\Users\ADMIN\Desktop\ds-fall\data\raw\Dataset\adl\user31\user31_adl13.csv,C:\Users\ADMIN\Desktop\ds-fall\data\raw\Dataset,user31,user31_adl13,adl13,lying_on_bed,lying_on_bed,0,none,False,0,50,0.0,2.0,25.0,50,12,"ax,ay,az,gx,gy,gz,acc_mag,gyro_mag,jerk,roll,pitch,tilt_delta",20.0,25.0,uniform_20hz_time_interpolation_to_25hz,adl_sliding_capped,224,279,,,dataset_unit_map,wrist,bits,m/s^2,rad/s,m/s^2,rad/s,1.0,1.0,True,test,non_fall,non_fall,2.3550427385998773e-07,none,backward,0.7091766595840454
w25_00001896,bits,C:\Users\ADMIN\Desktop\ds-fall\data\raw\Dataset\adl\user31\user31_adl13.csv,C:\Users\ADMIN\Desktop\ds-fall\data\raw\Dataset,user31,user31_adl13,adl13,lying_on_bed,lying_on_bed,0,none,False,12,62,0.48,2.48,25.0,50,12,"ax,ay,az,gx,gy,gz,acc_mag,gyro_mag,jerk,roll,pitch,tilt_delta",20.0,25.0,uniform_20hz_time_interpolation_to_25hz,adl_sliding_capped,224,279,,,dataset_unit_map,wrist,bits,m/s^2,rad/s,m/s^2,rad/s,1.0,1.0,True,test,non_fall,non_fall,2.1130384197931562e-07,none,backward,0.7017405033111572
w25_00001897,bits,C:\Users\ADMIN\Desktop\ds-fall\data\raw\Dataset\adl\user31\user31_adl13.csv,C:\Users\ADMIN\Desktop\ds-fall\data\raw\Dataset,user31,user31_adl13,adl13,lying_on_bed,lying_on_bed,0,none,False,24,74,0.96,2.96,25.0,50,12,"ax,ay,az,gx,gy,gz,acc_mag,gyro_mag,jerk,roll,pitch,tilt_delta",20.0,25.0,uniform_20hz_time_interpolation_to_25hz,adl_sliding_capped,224,279,,,dataset_unit_map,wrist,bits,m/s^2,rad/s,m/s^2,rad/s,1.0,1.0,True,test,non_fall,non_fall,2.1144798267869191e-07,none,backward,0.7010685801506042
w25_00001898,bits,C:\Users\ADMIN\Desktop\ds-fall\data\raw\Dataset\adl\user31\user31_adl13.csv,C:\Users\ADMIN\Desktop\ds-fall\data\raw\Dataset,user31,user31_adl13,adl13,lying_on_bed,lying_on_bed,0,none,False,36,86,1.44,3.44,25.0,50,12,"ax,ay,az,gx,gy,gz,acc_mag,gyro_mag,jerk,roll,pitch,tilt_delta",20.0,25.0,uniform_20hz_time_interpolation_to_25hz,adl_sliding_capped,224,279,,,dataset_unit_map,wrist,bits,m/s^2,rad/s,m/s^2,rad/s,1.0,1.0,True,test,non_fall,non_fall,2.0902180608572962e-07,none,backward,0.7012582421302795
w25_00001899,bits,C:\Users\ADMIN\Desktop\ds-fall\data\raw\Dataset\adl\user31\user31_adl13.csv,C:\Users\ADMIN\Desktop\ds-fall\data\raw\Dataset,user31,user31_adl13,adl13,lying_on_bed,lying_on_bed,0,none,False,48,98,1.92,3.92,25.0,50,12,"ax,ay,az,gx,gy,gz,acc_mag,gyro_mag,jerk,roll,pitch,tilt_delta",20.0,25.0,uniform_20hz_time_interpolation_to_25hz,adl_sliding_capped,224,279,,,dataset_unit_map,wrist,bits,m/s^2,rad/s,m/s^2,rad/s,1.0,1.0,True,test,non_fall,non_fall,2.0169871106645587e-07,none,backward,0.7040072679519653
w25_00001900,bits,C:\Users\ADMIN\Desktop\ds-fall\data\raw\Dataset\adl\user31\user31_adl14.csv,C:\Users\ADMIN\Desktop\ds-fall\data\raw\Dataset,user31,user31_adl14,adl14,lying_on_back_getting_up_slowly,lying_on_back_getting_up_slowly,0,none,False,0,50,0.0,2.0,25.0,50,12,"ax,ay,az,gx,gy,gz,acc_mag,gyro_mag,jerk,roll,pitch,tilt_delta",20.0,25.0,uniform_20hz_time_interpolation_to_25hz,adl_sliding_capped,328,409,,,dataset_unit_map,wrist,bits,m/s^2,rad/s,m/s^2,rad/s,1.0,1.0,True,test,non_fall,non_fall,8.340161912201438e-07,none,backward,0.5653368830680847
w25_00001901,bits,C:\Users\ADMIN\Desktop\ds-fall\data\raw\Dataset\adl\user31\user31_adl14.csv,C:\Users\ADMIN\Desktop\ds-fall\data\raw\Dataset,user31,user31_adl14,adl14,lying_on_back_getting_up_slowly,lying_on_back_getting_up_slowly,0,none,False,12,62,0.48,2.48,25.0,50,12,"ax,ay,az,gx,gy,gz,acc_mag,gyro_mag,jerk,roll,pitch,tilt_delta",20.0,25.0,uniform_20hz_time_interpolation_to_25hz,adl_sliding_capped,328,409,,,dataset_unit_map,wrist,bits,m/s^2,rad/s,m/s^2,rad/s,1.0,1.0,True,test,non_fall,non_fall,7.690209145039262e-07,none,backward,0.582365870475769
w25_00001902,bits,C:\Users\ADMIN\Desktop\ds-fall\data\raw\Dataset\adl\user31\user31_adl14.csv,C:\Users\ADMIN\Desktop\ds-fall\data\raw\Dataset,user31,user31_adl14,adl14,lying_on_back_getting_up_slowly,lying_on_back_getting_up_slowly,0,none,False,24,74,0.96,2.96,25.0,50,12,"ax,ay,az,gx,gy,gz,acc_mag,gyro_mag,jerk,roll,pitch,tilt_delta",20.0,25.0,uniform_20hz_time_interpolation_to_25hz,adl_sliding_capped,328,409,,,dataset_unit_map,wrist,bits,m/s^2,rad/s,m/s^2,rad/s,1.0,1.0,True,test,non_fall,non_fall,7.672393280699907e-07,none,backward,0.5838832855224609
w25_00001903,bits,C:\Users\ADMIN\Desktop\ds-fall\data\raw\Dataset\adl\user31\user31_adl14.csv,C:\Users\ADMIN\Desktop\ds-fall\data\raw\Dataset,user31,user31_adl14,adl14,lying_on_back_getting_up_slowly,lying_on_back_getting_up_slowly,0,none,False,36,86,1.44,3.44,25.0,50,12,"ax,ay,az,gx,gy,gz,acc_mag,gyro_mag,jerk,roll,pitch,tilt_delta",20.0,25.0,uniform_20hz_time_interpolation_to_25hz,adl_sliding_capped,328,409,,,dataset_unit_map,wrist,bits,m/s^2,rad/s,m/s^2,rad/s,1.0,1.0,True,test,non_fall,non_fall,7.838077635824447e-07,none,backward,0.5803388953208923
w25_00001904,bits,C:\Users\ADMIN\Desktop\ds-fall\data\raw\Dataset\adl\user31\user31_adl14.csv,C:\Users\ADMIN\Desktop\ds-fall\data\raw\Dataset,user31,user31_adl14,adl14,lying_on_back_getting_up_slowly,lying_on_back_getting_up_slowly,0,none,False,48,98,1.92,3.92,25.0,50,12,"ax,ay,az,gx,gy,gz,acc_mag,gyro_mag,jerk,roll,pitch,tilt_delta",20.0,25.0,uniform_20hz_time_interpolation_to_25hz,adl_sliding_capped,328,409,,,dataset_unit_map,wrist,bits,m/s^2,rad/s,m/s^2,rad/s,1.0,1.0,True,test,non_fall,non_fall,7.963035955071973e-07,none,backward,0.578733503818512
w25_00001905,bits,C:\Users\ADMIN\Desktop\ds-fall\data\raw\Dataset\adl\user31\user31_adl15.csv,C:\Users\ADMIN\Desktop\ds-fall\data\raw\Dataset,user31,user31_adl15,adl15,lying_on_back_getting_up_normally,lying_on_back_getting_up_normally,0,none,False,0,50,0.0,2.0,25.0,50,12,"ax,ay,az,gx,gy,gz,acc_mag,gyro_mag,jerk,roll,pitch,tilt_delta",20.0,25.0,uniform_20hz_time_interpolation_to_25hz,adl_sliding_capped,256,319,,,dataset_unit_map,wrist,bits,m/s^2,rad/s,m/s^2,rad/s,1.0,1.0,True,test,non_fall,non_fall,6.447207567816804e-08,none,backward,0.7275748252868652
w25_00001906,bits,C:\Users\ADMIN\Desktop\ds-fall\data\raw\Dataset\adl\user31\user31_adl15.csv,C:\Users\ADMIN\Desktop\ds-fall\data\raw\Dataset,user31,user31_adl15,adl15,lying_on_back_getting_up_normally,lying_on_back_getting_up_normally,0,none,False,12,62,0.48,2.48,25.0,50,12,"ax,ay,az,gx,gy,gz,acc_mag,gyro_mag,jerk,roll,pitch,tilt_delta",20.0,25.0,uniform_20hz_time_interpolation_to_25hz,adl_sliding_capped,256,319,,,dataset_unit_map,wrist,bits,m/s^2,rad/s,m/s^2,rad/s,1.0,1.0,True,test,non_fall,non_fall,6.461340262831072e-08,none,backward,0.7206655144691467
w25_00001907,bits,C:\Users\ADMIN\Desktop\ds-fall\data\raw\Dataset\adl\user31\user31_adl15.csv,C:\Users\ADMIN\Desktop\ds-fall\data\raw\Dataset,user31,user31_adl15,adl15,lying_on_back_getting_up_normally,lying_on_back_getting_up_normally,0,none,False,24,74,0.96,2.96,25.0,50,12,"ax,ay,az,gx,gy,gz,acc_mag,gyro_mag,jerk,roll,pitch,tilt_delta",20.0,25.0,uniform_20hz_time_interpolation_to_25hz,adl_sliding_capped,256,319,,,dataset_unit_map,wrist,bits,m/s^2,rad/s,m/s^2,rad/s,1.0,1.0,True,test,non_fall,non_fall,6.536755847719178e-08,none,backward,0.7210798859596252
w25_00001908,bits,C:\Users\ADMIN\Desktop\ds-fall\data\raw\Dataset\adl\user31\user31_adl15.csv,C:\Users\ADMIN\Desktop\ds-fall\data\raw\Dataset,user31,user31_adl15,adl15,lying_on_back_getting_up_normally,lying_on_back_getting_up_normally,0,none,False,36,86,1.44,3.44,25.0,50,12,"ax,ay,az,gx,gy,gz,acc_mag,gyro_mag,jerk,roll,pitch,tilt_delta",20.0,25.0,uniform_20hz_time_interpolation_to_25hz,adl_sliding_capped,256,319,,,dataset_unit_map,wrist,bits,m/s^2,rad/s,m/s^2,rad/s,1.0,1.0,True,test,non_fall,non_fall,6.671087504628304e-08,none,backward,0.723320722579956
w25_00001909,bits,C:\Users\ADMIN\Desktop\ds-fall\data\raw\Dataset\adl\user31\user31_adl15.csv,C:\Users\ADMIN\Desktop\ds-fall\data\raw\Dataset,user31,user31_adl15,adl15,lying_on_back_getting_up_normally,lying_on_back_getting_up_normally,0,none,False,48,98,1.92,3.92,25.0,50,12,"ax,ay,az,gx,gy,gz,acc_mag,gyro_mag,jerk,roll,pitch,tilt_delta",20.0,25.0,uniform_20hz_time_interpolation_to_25hz,adl_sliding_capped,256,319,,,dataset_unit_map,wrist,bits,m/s^2,rad/s,m/s^2,rad/s,1.0,1.0,True,test,non_fall,non_fall,6.657245421592961e-08,none,backward,0.7233676314353943
w25_00001910,bits,C:\Users\ADMIN\Desktop\ds-fall\data\raw\Dataset\adl\user31\user31_adl16.csv,C:\Users\ADMIN\Desktop\ds-fall\data\raw\Dataset,user31,user31_adl16,adl16,lying_sideways_to_back,lying_sideways_to_back,0,none,False,0,50,0.0,2.0,25.0,50,12,"ax,ay,az,gx,gy,gz,acc_mag,gyro_mag,jerk,roll,pitch,tilt_delta",20.0,25.0,uniform_20hz_time_interpolation_to_25hz,adl_sliding_capped,570,712,,,dataset_unit_map,wrist,bits,m/s^2,rad/s,m/s^2,rad/s,1.0,1.0,True,test,non_fall,non_fall,2.5926456146407872e-05,none,lateral,0.8891187906265259
w25_00001911,bits,C:\Users\ADMIN\Desktop\ds-fall\data\raw\Dataset\adl\user31\user31_adl16.csv,C:\Users\ADMIN\Desktop\ds-fall\data\raw\Dataset,user31,user31_adl16,adl16,lying_sideways_to_back,lying_sideways_to_back,0,none,False,12,62,0.48,2.48,25.0,50,12,"ax,ay,az,gx,gy,gz,acc_mag,gyro_mag,jerk,roll,pitch,tilt_delta",20.0,25.0,uniform_20hz_time_interpolation_to_25hz,adl_sliding_capped,570,712,,,dataset_unit_map,wrist,bits,m/s^2,rad/s,m/s^2,rad/s,1.0,1.0,True,test,non_fall,non_fall,3.292312248959206e-05,none,lateral,0.8867790699005127
w25_00001912,bits,C:\Users\ADMIN\Desktop\ds-fall\data\raw\Dataset\adl\user31\user31_adl16.csv,C:\Users\ADMIN\Desktop\ds-fall\data\raw\Dataset,user31,user31_adl16,adl16,lying_sideways_to_back,lying_sideways_to_back,0,none,False,24,74,0.96,2.96,25.0,50,12,"ax,ay,az,gx,gy,gz,acc_mag,gyro_mag,jerk,roll,pitch,tilt_delta",20.0,25.0,uniform_20hz_time_interpolation_to_25hz,adl_sliding_capped,570,712,,,dataset_unit_map,wrist,bits,m/s^2,rad/s,m/s^2,rad/s,1.0,1.0,True,test,non_fall,non_fall,3.172663855366409e-05,none,lateral,0.8871288895606995
w25_00001913,bits,C:\Users\ADMIN\Desktop\ds-fall\data\raw\Dataset\adl\user31\user31_adl16.csv,C:\Users\ADMIN\Desktop\ds-fall\data\raw\Dataset,user31,user31_adl16,adl16,lying_sideways_to_back,lying_sideways_to_back,0,none,False,36,86,1.44,3.44,25.0,50,12,"ax,ay,az,gx,gy,gz,acc_mag,gyro_mag,jerk,roll,pitch,tilt_delta",20.0,25.0,uniform_20hz_time_interpolation_to_25hz,adl_sliding_capped,570,712,,,dataset_unit_map,wrist,bits,m/s^2,rad/s,m/s^2,rad/s,1.0,1.0,True,test,non_fall,non_fall,3.090807149419561e-05,none,lateral,0.8872630596160889
w25_00001914,bits,C:\Users\ADMIN\Desktop\ds-fall\data\raw\Dataset\adl\user31\user31_adl16.csv,C:\Users\ADMIN\Desktop\ds-fall\data\raw\Dataset,user31,user31_adl16,adl16,lying_sideways_to_back,lying_sideways_to_back,0,none,False,48,98,1.92,3.92,25.0,50,12,"ax,ay,az,gx,gy,gz,acc_mag,gyro_mag,jerk,roll,pitch,tilt_delta",20.0,25.0,uniform_20hz_time_interpolation_to_25hz,adl_sliding_capped,570,712,,,dataset_unit_map,wrist,bits,m/s^2,rad/s,m/s^2,rad/s,1.0,1.0,True,test,non_fall,non_fall,3.1665098504163325e-05,none,lateral,0.8874002695083618
w25_00001915,bits,C:\Users\ADMIN\Desktop\ds-fall\data\raw\Dataset\adl\user31\user31_adl2.csv,C:\Users\ADMIN\Desktop\ds-fall\data\raw\Dataset,user31,user31_adl2,adl2,walking_quickly,walking_quickly,0,none,False,0,50,0.0,2.0,25.0,50,12,"ax,ay,az,gx,gy,gz,acc_mag,gyro_mag,jerk,roll,pitch,tilt_delta",20.0,25.0,uniform_20hz_time_interpolation_to_25hz,adl_sliding_capped,425,531,,,dataset_unit_map,wrist,bits,m/s^2,rad/s,m/s^2,rad/s,1.0,1.0,True,test,non_fall,non_fall,6.789444159949198e-05,none,forward,0.883229672908783
w25_00001916,bits,C:\Users\ADMIN\Desktop\ds-fall\data\raw\Dataset\adl\user31\user31_adl2.csv,C:\Users\ADMIN\Desktop\ds-fall\data\raw\Dataset,user31,user31_adl2,adl2,walking_quickly,walking_quickly,0,none,False,12,62,0.48,2.48,25.0,50,12,"ax,ay,az,gx,gy,gz,acc_mag,gyro_mag,jerk,roll,pitch,tilt_delta",20.0,25.0,uniform_20hz_time_interpolation_to_25hz,adl_sliding_capped,425,531,,,dataset_unit_map,wrist,bits,m/s^2,rad/s,m/s^2,rad/s,1.0,1.0,True,test,non_fall,non_fall,3.443096284172498e-05,none,forward,0.8925849795341492
w25_00001917,bits,C:\Users\ADMIN\Desktop\ds-fall\data\raw\Dataset\adl\user31\user31_adl2.csv,C:\Users\ADMIN\Desktop\ds-fall\data\raw\Dataset,user31,user31_adl2,adl2,walking_quickly,walking_quickly,0,none,False,24,74,0.96,2.96,25.0,50,12,"ax,ay,az,gx,gy,gz,acc_mag,gyro_mag,jerk,roll,pitch,tilt_delta",20.0,25.0,uniform_20hz_time_interpolation_to_25hz,adl_sliding_capped,425,531,,,dataset_unit_map,wrist,bits,m/s^2,rad/s,m/s^2,rad/s,1.0,1.0,True,test,non_fall,non_fall,1.726774644339457e-05,none,forward,0.8945690989494324
w25_00001918,bits,C:\Users\ADMIN\Desktop\ds-fall\data\raw\Dataset\adl\user31\user31_adl2.csv,C:\Users\ADMIN\Desktop\ds-fall\data\raw\Dataset,user31,user31_adl2,adl2,walking_quickly,walking_quickly,0,none,False,36,86,1.44,3.44,25.0,50,12,"ax,ay,az,gx,gy,gz,acc_mag,gyro_mag,jerk,roll,pitch,tilt_delta",20.0,25.0,uniform_20hz_time_interpolation_to_25hz,adl_sliding_capped,425,531,,,dataset_unit_map,wrist,bits,m/s^2,rad/s,m/s^2,rad/s,1.0,1.0,True,test,non_fall,non_fall,1.3583136023953557e-05,none,forward,0.8962034583091736
w25_00001919,bits,C:\Users\ADMIN\Desktop\ds-fall\data\raw\Dataset\adl\user31\user31_adl2.csv,C:\Users\ADMIN\Desktop\ds-fall\data\raw\Dataset,user31,user31_adl2,adl2,walking_quickly,walking_quickly,0,none,False,48,98,1.92,3.92,25.0,50,12,"ax,ay,az,gx,gy,gz,acc_mag,gyro_mag,jerk,roll,pitch,tilt_delta",20.0,25.0,uniform_20hz_time_interpolation_to_25hz,adl_sliding_capped,425,531,,,dataset_unit_map,wrist,bits,m/s^2,rad/s,m/s^2,rad/s,1.0,1.0,True,test,non_fall,non_fall,1.9733450244530104e-05,none,forward,0.893288791179657
w25_00001920,bits,C:\Users\ADMIN\Desktop\ds-fall\data\raw\Dataset\adl\user31\user31_adl3.csv,C:\Users\ADMIN\Desktop\ds-fall\data\raw\Dataset,user31,user31_adl3,adl3,jogging,jogging,0,none,False,0,50,0.0,2.0,25.0,50,12,"ax,ay,az,gx,gy,gz,acc_mag,gyro_mag,jerk,roll,pitch,tilt_delta",20.0,25.0,uniform_20hz_time_interpolation_to_25hz,adl_sliding_capped,173,216,,,dataset_unit_map,wrist,bits,m/s^2,rad/s,m/s^2,rad/s,1.0,1.0,True,test,non_fall,non_fall,1.4094658581598196e-05,none,forward,0.8738327026367188
w25_00001921,bits,C:\Users\ADMIN\Desktop\ds-fall\data\raw\Dataset\adl\user31\user31_adl3.csv,C:\Users\ADMIN\Desktop\ds-fall\data\raw\Dataset,user31,user31_adl3,adl3,jogging,jogging,0,none,False,12,62,0.48,2.48,25.0,50,12,"ax,ay,az,gx,gy,gz,acc_mag,gyro_mag,jerk,roll,pitch,tilt_delta",20.0,25.0,uniform_20hz_time_interpolation_to_25hz,adl_sliding_capped,173,216,,,dataset_unit_map,wrist,bits,m/s^2,rad/s,m/s^2,rad/s,1.0,1.0,True,test,non_fall,non_fall,1.2482788406487089e-05,none,forward,0.8731914758682251
w25_00001922,bits,C:\Users\ADMIN\Desktop\ds-fall\data\raw\Dataset\adl\user31\user31_adl3.csv,C:\Users\ADMIN\Desktop\ds-fall\data\raw\Dataset,user31,user31_adl3,adl3,jogging,jogging,0,none,False,24,74,0.96,2.96,25.0,50,12,"ax,ay,az,gx,gy,gz,acc_mag,gyro_mag,jerk,roll,pitch,tilt_delta",20.0,25.0,uniform_20hz_time_interpolation_to_25hz,adl_sliding_capped,173,216,,,dataset_unit_map,wrist,bits,m/s^2,rad/s,m/s^2,rad/s,1.0,1.0,True,test,non_fall,non_fall,1.836044611991383e-05,none,forward,0.8830435276031494
w25_00001923,bits,C:\Users\ADMIN\Desktop\ds-fall\data\raw\Dataset\adl\user31\user31_adl3.csv,C:\Users\ADMIN\Desktop\ds-fall\data\raw\Dataset,user31,user31_adl3,adl3,jogging,jogging,0,none,False,36,86,1.44,3.44,25.0,50,12,"ax,ay,az,gx,gy,gz,acc_mag,gyro_mag,jerk,roll,pitch,tilt_delta",20.0,25.0,uniform_20hz_time_interpolation_to_25hz,adl_sliding_capped,173,216,,,dataset_unit_map,wrist,bits,m/s^2,rad/s,m/s^2,rad/s,1.0,1.0,True,test,non_fall,non_fall,2.8908018066431396e-05,none,forward,0.8918561339378357
w25_00001924,bits,C:\Users\ADMIN\Desktop\ds-fall\data\raw\Dataset\adl\user31\user31_adl3.csv,C:\Users\ADMIN\Desktop\ds-fall\data\raw\Dataset,user31,user31_adl3,adl3,jogging,jogging,0,none,False,48,98,1.92,3.92,25.0,50,12,"ax,ay,az,gx,gy,gz,acc_mag,gyro_mag,jerk,roll,pitch,tilt_delta",20.0,25.0,uniform_20hz_time_interpolation_to_25hz,adl_sliding_capped,173,216,,,dataset_unit_map,wrist,bits,m/s^2,rad/s,m/s^2,rad/s,1.0,1.0,True,test,non_fall,non_fall,3.711645331350155e-05,none,forward,0.8844900727272034
w25_00001925,bits,C:\Users\ADMIN\Desktop\ds-fall\data\raw\Dataset\adl\user31\user31_adl4.csv,C:\Users\ADMIN\Desktop\ds-fall\data\raw\Dataset,user31,user31_adl4,adl4,jumping,jumping,0,none,False,0,50,0.0,2.0,25.0,50,12,"ax,ay,az,gx,gy,gz,acc_mag,gyro_mag,jerk,roll,pitch,tilt_delta",20.0,25.0,uniform_20hz_time_interpolation_to_25hz,adl_sliding_capped,789,986,,,dataset_unit_map,wrist,bits,m/s^2,rad/s,m/s^2,rad/s,1.0,1.0,True,test,non_fall,non_fall,0.012155728414654732,none,forward,0.537675142288208
w25_00001926,bits,C:\Users\ADMIN\Desktop\ds-fall\data\raw\Dataset\adl\user31\user31_adl4.csv,C:\Users\ADMIN\Desktop\ds-fall\data\raw\Dataset,user31,user31_adl4,adl4,jumping,jumping,0,none,False,12,62,0.48,2.48,25.0,50,12,"ax,ay,az,gx,gy,gz,acc_mag,gyro_mag,jerk,roll,pitch,tilt_delta",20.0,25.0,uniform_20hz_time_interpolation_to_25hz,adl_sliding_capped,789,986,,,dataset_unit_map,wrist,bits,m/s^2,rad/s,m/s^2,rad/s,1.0,1.0,True,test,non_fall,non_fall,0.04204614460468292,none,forward,0.4599224328994751
w25_00001927,bits,C:\Users\ADMIN\Desktop\ds-fall\data\raw\Dataset\adl\user31\user31_adl4.csv,C:\Users\ADMIN\Desktop\ds-fall\data\raw\Dataset,user31,user31_adl4,adl4,jumping,jumping,0,none,False,24,74,0.96,2.96,25.0,50,12,"ax,ay,az,gx,gy,gz,acc_mag,gyro_mag,jerk,roll,pitch,tilt_delta",20.0,25.0,uniform_20hz_time_interpolation_to_25hz,adl_sliding_capped,789,986,,,dataset_unit_map,wrist,bits,m/s^2,rad/s,m/s^2,rad/s,1.0,1.0,True,test,non_fall,non_fall,0.021427640691399574,none,forward,0.6145884394645691
w25_00001928,bits,C:\Users\ADMIN\Desktop\ds-fall\data\raw\Dataset\adl\user31\user31_adl4.csv,C:\Users\ADMIN\Desktop\ds-fall\data\raw\Dataset,user31,user31_adl4,adl4,jumping,jumping,0,none,False,36,86,1.44,3.44,25.0,50,12,"ax,ay,az,gx,gy,gz,acc_mag,gyro_mag,jerk,roll,pitch,tilt_delta",20.0,25.0,uniform_20hz_time_interpolation_to_25hz,adl_sliding_capped,789,986,,,dataset_unit_map,wrist,bits,m/s^2,rad/s,m/s^2,rad/s,1.0,1.0,True,test,non_fall,non_fall,0.0013659871183335781,none,forward,0.7062008380889893
w25_00001929,bits,C:\Users\ADMIN\Desktop\ds-fall\data\raw\Dataset\adl\user31\user31_adl4.csv,C:\Users\ADMIN\Desktop\ds-fall\data\raw\Dataset,user31,user31_adl4,adl4,jumping,jumping,0,none,False,48,98,1.92,3.92,25.0,50,12,"ax,ay,az,gx,gy,gz,acc_mag,gyro_mag,jerk,roll,pitch,tilt_delta",20.0,25.0,uniform_20hz_time_interpolation_to_25hz,adl_sliding_capped,789,986,,,dataset_unit_map,wrist,bits,m/s^2,rad/s,m/s^2,rad/s,1.0,1.0,True,test,non_fall,non_fall,0.0020595653913915157,none,forward,0.8897972702980042
w25_00001930,bits,C:\Users\ADMIN\Desktop\ds-fall\data\raw\Dataset\adl\user31\user31_adl5.csv,C:\Users\ADMIN\Desktop\ds-fall\data\raw\Dataset,user31,user31_adl5,adl5,climbing_up_slowly,climbing_up_slowly,0,none,False,0,50,0.0,2.0,25.0,50,12,"ax,ay,az,gx,gy,gz,acc_mag,gyro_mag,jerk,roll,pitch,tilt_delta",20.0,25.0,uniform_20hz_time_interpolation_to_25hz,adl_sliding_capped,961,1201,,,dataset_unit_map,wrist,bits,m/s^2,rad/s,m/s^2,rad/s,1.0,1.0,True,test,non_fall,non_fall,3.0774290280533023e-06,none,backward,0.9493945240974426
w25_00001931,bits,C:\Users\ADMIN\Desktop\ds-fall\data\raw\Dataset\adl\user31\user31_adl5.csv,C:\Users\ADMIN\Desktop\ds-fall\data\raw\Dataset,user31,user31_adl5,adl5,climbing_up_slowly,climbing_up_slowly,0,none,False,12,62,0.48,2.48,25.0,50,12,"ax,ay,az,gx,gy,gz,acc_mag,gyro_mag,jerk,roll,pitch,tilt_delta",20.0,25.0,uniform_20hz_time_interpolation_to_25hz,adl_sliding_capped,961,1201,,,dataset_unit_map,wrist,bits,m/s^2,rad/s,m/s^2,rad/s,1.0,1.0,True,test,non_fall,non_fall,3.207312374797766e-06,none,backward,0.9474866390228271
w25_00001932,bits,C:\Users\ADMIN\Desktop\ds-fall\data\raw\Dataset\adl\user31\user31_adl5.csv,C:\Users\ADMIN\Desktop\ds-fall\data\raw\Dataset,user31,user31_adl5,adl5,climbing_up_slowly,climbing_up_slowly,0,none,False,24,74,0.96,2.96,25.0,50,12,"ax,ay,az,gx,gy,gz,acc_mag,gyro_mag,jerk,roll,pitch,tilt_delta",20.0,25.0,uniform_20hz_time_interpolation_to_25hz,adl_sliding_capped,961,1201,,,dataset_unit_map,wrist,bits,m/s^2,rad/s,m/s^2,rad/s,1.0,1.0,True,test,non_fall,non_fall,2.927338300651172e-06,none,backward,0.9473863840103149
w25_00001933,bits,C:\Users\ADMIN\Desktop\ds-fall\data\raw\Dataset\adl\user31\user31_adl5.csv,C:\Users\ADMIN\Desktop\ds-fall\data\raw\Dataset,user31,user31_adl5,adl5,climbing_up_slowly,climbing_up_slowly,0,none,False,36,86,1.44,3.44,25.0,50,12,"ax,ay,az,gx,gy,gz,acc_mag,gyro_mag,jerk,roll,pitch,tilt_delta",20.0,25.0,uniform_20hz_time_interpolation_to_25hz,adl_sliding_capped,961,1201,,,dataset_unit_map,wrist,bits,m/s^2,rad/s,m/s^2,rad/s,1.0,1.0,True,test,non_fall,non_fall,2.5281640319008147e-06,none,backward,0.944643497467041
w25_00001934,bits,C:\Users\ADMIN\Desktop\ds-fall\data\raw\Dataset\adl\user31\user31_adl5.csv,C:\Users\ADMIN\Desktop\ds-fall\data\raw\Dataset,user31,user31_adl5,adl5,climbing_up_slowly,climbing_up_slowly,0,none,False,48,98,1.92,3.92,25.0,50,12,"ax,ay,az,gx,gy,gz,acc_mag,gyro_mag,jerk,roll,pitch,tilt_delta",20.0,25.0,uniform_20hz_time_interpolation_to_25hz,adl_sliding_capped,961,1201,,,dataset_unit_map,wrist,bits,m/s^2,rad/s,m/s^2,rad/s,1.0,1.0,True,test,non_fall,non_fall,1.3559571243604296e-06,none,backward,0.9363860487937927
w25_00001935,bits,C:\Users\ADMIN\Desktop\ds-fall\data\raw\Dataset\adl\user31\user31_adl6.csv,C:\Users\ADMIN\Desktop\ds-fall\data\raw\Dataset,user31,user31_adl6,adl6,climbing_down_slowly,climbing_down_slowly,0,none,False,0,50,0.0,2.0,25.0,50,12,"ax,ay,az,gx,gy,gz,acc_mag,gyro_mag,jerk,roll,pitch,tilt_delta",20.0,25.0,uniform_20hz_time_interpolation_to_25hz,adl_sliding_capped,830,1037,,,dataset_unit_map,wrist,bits,m/s^2,rad/s,m/s^2,rad/s,1.0,1.0,True,test,non_fall,non_fall,1.0934889360214584e-05,none,forward,0.9034351706504822
w25_00001936,bits,C:\Users\ADMIN\Desktop\ds-fall\data\raw\Dataset\adl\user31\user31_adl6.csv,C:\Users\ADMIN\Desktop\ds-fall\data\raw\Dataset,user31,user31_adl6,adl6,climbing_down_slowly,climbing_down_slowly,0,none,False,12,62,0.48,2.48,25.0,50,12,"ax,ay,az,gx,gy,gz,acc_mag,gyro_mag,jerk,roll,pitch,tilt_delta",20.0,25.0,uniform_20hz_time_interpolation_to_25hz,adl_sliding_capped,830,1037,,,dataset_unit_map,wrist,bits,m/s^2,rad/s,m/s^2,rad/s,1.0,1.0,True,test,non_fall,non_fall,1.58405709953513e-05,none,forward,0.8887383937835693
w25_00001937,bits,C:\Users\ADMIN\Desktop\ds-fall\data\raw\Dataset\adl\user31\user31_adl6.csv,C:\Users\ADMIN\Desktop\ds-fall\data\raw\Dataset,user31,user31_adl6,adl6,climbing_down_slowly,climbing_down_slowly,0,none,False,24,74,0.96,2.96,25.0,50,12,"ax,ay,az,gx,gy,gz,acc_mag,gyro_mag,jerk,roll,pitch,tilt_delta",20.0,25.0,uniform_20hz_time_interpolation_to_25hz,adl_sliding_capped,830,1037,,,dataset_unit_map,wrist,bits,m/s^2,rad/s,m/s^2,rad/s,1.0,1.0,True,test,non_fall,non_fall,6.722250691382214e-05,none,forward,0.8610993027687073
w25_00001938,bits,C:\Users\ADMIN\Desktop\ds-fall\data\raw\Dataset\adl\user31\user31_adl6.csv,C:\Users\ADMIN\Desktop\ds-fall\data\raw\Dataset,user31,user31_adl6,adl6,climbing_down_slowly,climbing_down_slowly,0,none,False,36,86,1.44,3.44,25.0,50,12,"ax,ay,az,gx,gy,gz,acc_mag,gyro_mag,jerk,roll,pitch,tilt_delta",20.0,25.0,uniform_20hz_time_interpolation_to_25hz,adl_sliding_capped,830,1037,,,dataset_unit_map,wrist,bits,m/s^2,rad/s,m/s^2,rad/s,1.0,1.0,True,test,non_fall,non_fall,0.00010040254710474983,none,forward,0.8357810974121094
w25_00001939,bits,C:\Users\ADMIN\Desktop\ds-fall\data\raw\Dataset\adl\user31\user31_adl6.csv,C:\Users\ADMIN\Desktop\ds-fall\data\raw\Dataset,user31,user31_adl6,adl6,climbing_down_slowly,climbing_down_slowly,0,none,False,48,98,1.92,3.92,25.0,50,12,"ax,ay,az,gx,gy,gz,acc_mag,gyro_mag,jerk,roll,pitch,tilt_delta",20.0,25.0,uniform_20hz_time_interpolation_to_25hz,adl_sliding_capped,830,1037,,,dataset_unit_map,wrist,bits,m/s^2,rad/s,m/s^2,rad/s,1.0,1.0,True,test,non_fall,non_fall,2.3774540750309825e-05,none,forward,0.869145929813385
w25_00001940,bits,C:\Users\ADMIN\Desktop\ds-fall\data\raw\Dataset\adl\user31\user31_adl7.csv,C:\Users\ADMIN\Desktop\ds-fall\data\raw\Dataset,user31,user31_adl7,adl7,climbing_up_normally,climbing_up_normally,0,none,False,0,50,0.0,2.0,25.0,50,12,"ax,ay,az,gx,gy,gz,acc_mag,gyro_mag,jerk,roll,pitch,tilt_delta",20.0,25.0,uniform_20hz_time_interpolation_to_25hz,adl_sliding_capped,1025,1281,,,dataset_unit_map,wrist,bits,m/s^2,rad/s,m/s^2,rad/s,1.0,1.0,True,test,non_fall,non_fall,8.384596185351256e-06,none,forward,0.8470602631568909
w25_00001941,bits,C:\Users\ADMIN\Desktop\ds-fall\data\raw\Dataset\adl\user31\user31_adl7.csv,C:\Users\ADMIN\Desktop\ds-fall\data\raw\Dataset,user31,user31_adl7,adl7,climbing_up_normally,climbing_up_normally,0,none,False,12,62,0.48,2.48,25.0,50,12,"ax,ay,az,gx,gy,gz,acc_mag,gyro_mag,jerk,roll,pitch,tilt_delta",20.0,25.0,uniform_20hz_time_interpolation_to_25hz,adl_sliding_capped,1025,1281,,,dataset_unit_map,wrist,bits,m/s^2,rad/s,m/s^2,rad/s,1.0,1.0,True,test,non_fall,non_fall,8.36196522868704e-06,none,forward,0.853091299533844
w25_00001942,bits,C:\Users\ADMIN\Desktop\ds-fall\data\raw\Dataset\adl\user31\user31_adl7.csv,C:\Users\ADMIN\Desktop\ds-fall\data\raw\Dataset,user31,user31_adl7,adl7,climbing_up_normally,climbing_up_normally,0,none,False,24,74,0.96,2.96,25.0,50,12,"ax,ay,az,gx,gy,gz,acc_mag,gyro_mag,jerk,roll,pitch,tilt_delta",20.0,25.0,uniform_20hz_time_interpolation_to_25hz,adl_sliding_capped,1025,1281,,,dataset_unit_map,wrist,bits,m/s^2,rad/s,m/s^2,rad/s,1.0,1.0,True,test,non_fall,non_fall,7.690759957768023e-06,none,forward,0.8250733017921448
w25_00001943,bits,C:\Users\ADMIN\Desktop\ds-fall\data\raw\Dataset\adl\user31\user31_adl7.csv,C:\Users\ADMIN\Desktop\ds-fall\data\raw\Dataset,user31,user31_adl7,adl7,climbing_up_normally,climbing_up_normally,0,none,False,36,86,1.44,3.44,25.0,50,12,"ax,ay,az,gx,gy,gz,acc_mag,gyro_mag,jerk,roll,pitch,tilt_delta",20.0,25.0,uniform_20hz_time_interpolation_to_25hz,adl_sliding_capped,1025,1281,,,dataset_unit_map,wrist,bits,m/s^2,rad/s,m/s^2,rad/s,1.0,1.0,True,test,non_fall,non_fall,7.631268090335652e-06,none,forward,0.8082872033119202
w25_00001944,bits,C:\Users\ADMIN\Desktop\ds-fall\data\raw\Dataset\adl\user31\user31_adl7.csv,C:\Users\ADMIN\Desktop\ds-fall\data\raw\Dataset,user31,user31_adl7,adl7,climbing_up_normally,climbing_up_normally,0,none,False,48,98,1.92,3.92,25.0,50,12,"ax,ay,az,gx,gy,gz,acc_mag,gyro_mag,jerk,roll,pitch,tilt_delta",20.0,25.0,uniform_20hz_time_interpolation_to_25hz,adl_sliding_capped,1025,1281,,,dataset_unit_map,wrist,bits,m/s^2,rad/s,m/s^2,rad/s,1.0,1.0,True,test,non_fall,non_fall,7.770745469315443e-06,none,forward,0.8145514726638794
w25_00001945,bits,C:\Users\ADMIN\Desktop\ds-fall\data\raw\Dataset\adl\user31\user31_adl8.csv,C:\Users\ADMIN\Desktop\ds-fall\data\raw\Dataset,user31,user31_adl8,adl8,climbing_down_normally,climbing_down_normally,0,none,False,0,50,0.0,2.0,25.0,50,12,"ax,ay,az,gx,gy,gz,acc_mag,gyro_mag,jerk,roll,pitch,tilt_delta",20.0,25.0,uniform_20hz_time_interpolation_to_25hz,adl_sliding_capped,297,371,,,dataset_unit_map,wrist,bits,m/s^2,rad/s,m/s^2,rad/s,1.0,1.0,True,test,non_fall,non_fall,2.9298264053068124e-05,none,forward,0.870582640171051
w25_00001946,bits,C:\Users\ADMIN\Desktop\ds-fall\data\raw\Dataset\adl\user31\user31_adl8.csv,C:\Users\ADMIN\Desktop\ds-fall\data\raw\Dataset,user31,user31_adl8,adl8,climbing_down_normally,climbing_down_normally,0,none,False,12,62,0.48,2.48,25.0,50,12,"ax,ay,az,gx,gy,gz,acc_mag,gyro_mag,jerk,roll,pitch,tilt_delta",20.0,25.0,uniform_20hz_time_interpolation_to_25hz,adl_sliding_capped,297,371,,,dataset_unit_map,wrist,bits,m/s^2,rad/s,m/s^2,rad/s,1.0,1.0,True,test,non_fall,non_fall,2.626685454742983e-05,none,forward,0.8758180737495422
w25_00001947,bits,C:\Users\ADMIN\Desktop\ds-fall\data\raw\Dataset\adl\user31\user31_adl8.csv,C:\Users\ADMIN\Desktop\ds-fall\data\raw\Dataset,user31,user31_adl8,adl8,climbing_down_normally,climbing_down_normally,0,none,False,24,74,0.96,2.96,25.0,50,12,"ax,ay,az,gx,gy,gz,acc_mag,gyro_mag,jerk,roll,pitch,tilt_delta",20.0,25.0,uniform_20hz_time_interpolation_to_25hz,adl_sliding_capped,297,371,,,dataset_unit_map,wrist,bits,m/s^2,rad/s,m/s^2,rad/s,1.0,1.0,True,test,non_fall,non_fall,4.116896161576733e-05,none,forward,0.8679089546203613
w25_00001948,bits,C:\Users\ADMIN\Desktop\ds-fall\data\raw\Dataset\adl\user31\user31_adl8.csv,C:\Users\ADMIN\Desktop\ds-fall\data\raw\Dataset,user31,user31_adl8,adl8,climbing_down_normally,climbing_down_normally,0,none,False,36,86,1.44,3.44,25.0,50,12,"ax,ay,az,gx,gy,gz,acc_mag,gyro_mag,jerk,roll,pitch,tilt_delta",20.0,25.0,uniform_20hz_time_interpolation_to_25hz,adl_sliding_capped,297,371,,,dataset_unit_map,wrist,bits,m/s^2,rad/s,m/s^2,rad/s,1.0,1.0,True,test,non_fall,non_fall,5.631644671666436e-05,none,forward,0.8642873764038086
w25_00001949,bits,C:\Users\ADMIN\Desktop\ds-fall\data\raw\Dataset\adl\user31\user31_adl8.csv,C:\Users\ADMIN\Desktop\ds-fall\data\raw\Dataset,user31,user31_adl8,adl8,climbing_down_normally,climbing_down_normally,0,none,False,48,98,1.92,3.92,25.0,50,12,"ax,ay,az,gx,gy,gz,acc_mag,gyro_mag,jerk,roll,pitch,tilt_delta",20.0,25.0,uniform_20hz_time_interpolation_to_25hz,adl_sliding_capped,297,371,,,dataset_unit_map,wrist,bits,m/s^2,rad/s,m/s^2,rad/s,1.0,1.0,True,test,non_fall,non_fall,5.565580431721173e-05,none,forward,0.8553633093833923
w25_00001950,bits,C:\Users\ADMIN\Desktop\ds-fall\data\raw\Dataset\adl\user31\user31_adl9.csv,C:\Users\ADMIN\Desktop\ds-fall\data\raw\Dataset,user31,user31_adl9,adl9,slowly_sitting_on_chair,slowly_sitting_on_chair,0,none,False,0,50,0.0,2.0,25.0,50,12,"ax,ay,az,gx,gy,gz,acc_mag,gyro_mag,jerk,roll,pitch,tilt_delta",20.0,25.0,uniform_20hz_time_interpolation_to_25hz,adl_sliding_capped,694,867,,,dataset_unit_map,wrist,bits,m/s^2,rad/s,m/s^2,rad/s,1.0,1.0,True,test,non_fall,non_fall,1.8423377696308307e-05,none,forward,0.9065176844596863
w25_00001951,bits,C:\Users\ADMIN\Desktop\ds-fall\data\raw\Dataset\adl\user31\user31_adl9.csv,C:\Users\ADMIN\Desktop\ds-fall\data\raw\Dataset,user31,user31_adl9,adl9,slowly_sitting_on_chair,slowly_sitting_on_chair,0,none,False,12,62,0.48,2.48,25.0,50,12,"ax,ay,az,gx,gy,gz,acc_mag,gyro_mag,jerk,roll,pitch,tilt_delta",20.0,25.0,uniform_20hz_time_interpolation_to_25hz,adl_sliding_capped,694,867,,,dataset_unit_map,wrist,bits,m/s^2,rad/s,m/s^2,rad/s,1.0,1.0,True,test,non_fall,non_fall,1.3694970220967662e-05,none,forward,0.9086730480194092
w25_00001952,bits,C:\Users\ADMIN\Desktop\ds-fall\data\raw\Dataset\adl\user31\user31_adl9.csv,C:\Users\ADMIN\Desktop\ds-fall\data\raw\Dataset,user31,user31_adl9,adl9,slowly_sitting_on_chair,slowly_sitting_on_chair,0,none,False,24,74,0.96,2.96,25.0,50,12,"ax,ay,az,gx,gy,gz,acc_mag,gyro_mag,jerk,roll,pitch,tilt_delta",20.0,25.0,uniform_20hz_time_interpolation_to_25hz,adl_sliding_capped,694,867,,,dataset_unit_map,wrist,bits,m/s^2,rad/s,m/s^2,rad/s,1.0,1.0,True,test,non_fall,non_fall,1.5424318917212076e-05,none,forward,0.9094483852386475
w25_00001953,bits,C:\Users\ADMIN\Desktop\ds-fall\data\raw\Dataset\adl\user31\user31_adl9.csv,C:\Users\ADMIN\Desktop\ds-fall\data\raw\Dataset,user31,user31_adl9,adl9,slowly_sitting_on_chair,slowly_sitting_on_chair,0,none,False,36,86,1.44,3.44,25.0,50,12,"ax,ay,az,gx,gy,gz,acc_mag,gyro_mag,jerk,roll,pitch,tilt_delta",20.0,25.0,uniform_20hz_time_interpolation_to_25hz,adl_sliding_capped,694,867,,,dataset_unit_map,wrist,bits,m/s^2,rad/s,m/s^2,rad/s,1.0,1.0,True,test,non_fall,non_fall,1.5379020624095574e-05,none,forward,0.9090349078178406
w25_00001954,bits,C:\Users\ADMIN\Desktop\ds-fall\data\raw\Dataset\adl\user31\user31_adl9.csv,C:\Users\ADMIN\Desktop\ds-fall\data\raw\Dataset,user31,user31_adl9,adl9,slowly_sitting_on_chair,slowly_sitting_on_chair,0,none,False,48,98,1.92,3.92,25.0,50,12,"ax,ay,az,gx,gy,gz,acc_mag,gyro_mag,jerk,roll,pitch,tilt_delta",20.0,25.0,uniform_20hz_time_interpolation_to_25hz,adl_sliding_capped,694,867,,,dataset_unit_map,wrist,bits,m/s^2,rad/s,m/s^2,rad/s,1.0,1.0,True,test,non_fall,non_fall,1.1553272997844033e-05,none,forward,0.9086154699325562
w25_00002275,bits,C:\Users\ADMIN\Desktop\ds-fall\data\raw\Dataset\adl\user36\user36_adl1.csv,C:\Users\ADMIN\Desktop\ds-fall\data\raw\Dataset,user36,user36_adl1,adl1,walking_slowly,walking_slowly,0,none,False,0,50,0.0,2.0,25.0,50,12,"ax,ay,az,gx,gy,gz,acc_mag,gyro_mag,jerk,roll,pitch,tilt_delta",20.0,25.0,uniform_20hz_time_interpolation_to_25hz,adl_sliding_capped,229,286,,,dataset_unit_map,wrist,bits,m/s^2,rad/s,m/s^2,rad/s,1.0,1.0,True,test,non_fall,non_fall,0.0012310100719332695,none,lateral,0.49071839451789856
w25_00002276,bits,C:\Users\ADMIN\Desktop\ds-fall\data\raw\Dataset\adl\user36\user36_adl1.csv,C:\Users\ADMIN\Desktop\ds-fall\data\raw\Dataset,user36,user36_adl1,adl1,walking_slowly,walking_slowly,0,none,False,12,62,0.48,2.48,25.0,50,12,"ax,ay,az,gx,gy,gz,acc_mag,gyro_mag,jerk,roll,pitch,tilt_delta",20.0,25.0,uniform_20hz_time_interpolation_to_25hz,adl_sliding_capped,229,286,,,dataset_unit_map,wrist,bits,m/s^2,rad/s,m/s^2,rad/s,1.0,1.0,True,test,non_fall,non_fall,0.0001934723841259256,none,forward,0.9050608277320862
w25_00002277,bits,C:\Users\ADMIN\Desktop\ds-fall\data\raw\Dataset\adl\user36\user36_adl1.csv,C:\Users\ADMIN\Desktop\ds-fall\data\raw\Dataset,user36,user36_adl1,adl1,walking_slowly,walking_slowly,0,none,False,24,74,0.96,2.96,25.0,50,12,"ax,ay,az,gx,gy,gz,acc_mag,gyro_mag,jerk,roll,pitch,tilt_delta",20.0,25.0,uniform_20hz_time_interpolation_to_25hz,adl_sliding_capped,229,286,,,dataset_unit_map,wrist,bits,m/s^2,rad/s,m/s^2,rad/s,1.0,1.0,True,test,non_fall,non_fall,3.2870229915715754e-05,none,forward,0.9598910808563232
w25_00002278,bits,C:\Users\ADMIN\Desktop\ds-fall\data\raw\Dataset\adl\user36\user36_adl1.csv,C:\Users\ADMIN\Desktop\ds-fall\data\raw\Dataset,user36,user36_adl1,adl1,walking_slowly,walking_slowly,0,none,False,36,86,1.44,3.44,25.0,50,12,"ax,ay,az,gx,gy,gz,acc_mag,gyro_mag,jerk,roll,pitch,tilt_delta",20.0,25.0,uniform_20hz_time_interpolation_to_25hz,adl_sliding_capped,229,286,,,dataset_unit_map,wrist,bits,m/s^2,rad/s,m/s^2,rad/s,1.0,1.0,True,test,non_fall,non_fall,3.7884841731283814e-05,none,forward,0.9583993554115295
w25_00002279,bits,C:\Users\ADMIN\Desktop\ds-fall\data\raw\Dataset\adl\user36\user36_adl1.csv,C:\Users\ADMIN\Desktop\ds-fall\data\raw\Dataset,user36,user36_adl1,adl1,walking_slowly,walking_slowly,0,none,False,48,98,1.92,3.92,25.0,50,12,"ax,ay,az,gx,gy,gz,acc_mag,gyro_mag,jerk,roll,pitch,tilt_delta",20.0,25.0,uniform_20hz_time_interpolation_to_25hz,adl_sliding_capped,229,286,,,dataset_unit_map,wrist,bits,m/s^2,rad/s,m/s^2,rad/s,1.0,1.0,True,test,non_fall,non_fall,5.285717998049222e-05,none,forward,0.9433375000953674
w25_00002280,bits,C:\Users\ADMIN\Desktop\ds-fall\data\raw\Dataset\adl\user36\user36_adl10.csv,C:\Users\ADMIN\Desktop\ds-fall\data\raw\Dataset,user36,user36_adl10,adl10,rapidly_sitting_on_chair,rapidly_sitting_on_chair,0,none,False,0,50,0.0,2.0,25.0,50,12,"ax,ay,az,gx,gy,gz,acc_mag,gyro_mag,jerk,roll,pitch,tilt_delta",20.0,25.0,uniform_20hz_time_interpolation_to_25hz,adl_sliding_capped,278,347,,,dataset_unit_map,wrist,bits,m/s^2,rad/s,m/s^2,rad/s,1.0,1.0,True,test,non_fall,non_fall,1.7884680346469395e-05,none,forward,0.8991225361824036
w25_00002281,bits,C:\Users\ADMIN\Desktop\ds-fall\data\raw\Dataset\adl\user36\user36_adl10.csv,C:\Users\ADMIN\Desktop\ds-fall\data\raw\Dataset,user36,user36_adl10,adl10,rapidly_sitting_on_chair,rapidly_sitting_on_chair,0,none,False,12,62,0.48,2.48,25.0,50,12,"ax,ay,az,gx,gy,gz,acc_mag,gyro_mag,jerk,roll,pitch,tilt_delta",20.0,25.0,uniform_20hz_time_interpolation_to_25hz,adl_sliding_capped,278,347,,,dataset_unit_map,wrist,bits,m/s^2,rad/s,m/s^2,rad/s,1.0,1.0,True,test,non_fall,non_fall,1.065522610588232e-05,none,forward,0.9097168445587158
w25_00002282,bits,C:\Users\ADMIN\Desktop\ds-fall\data\raw\Dataset\adl\user36\user36_adl10.csv,C:\Users\ADMIN\Desktop\ds-fall\data\raw\Dataset,user36,user36_adl10,adl10,rapidly_sitting_on_chair,rapidly_sitting_on_chair,0,none,False,24,74,0.96,2.96,25.0,50,12,"ax,ay,az,gx,gy,gz,acc_mag,gyro_mag,jerk,roll,pitch,tilt_delta",20.0,25.0,uniform_20hz_time_interpolation_to_25hz,adl_sliding_capped,278,347,,,dataset_unit_map,wrist,bits,m/s^2,rad/s,m/s^2,rad/s,1.0,1.0,True,test,non_fall,non_fall,9.75382044998696e-06,none,forward,0.9136597514152527
w25_00002283,bits,C:\Users\ADMIN\Desktop\ds-fall\data\raw\Dataset\adl\user36\user36_adl10.csv,C:\Users\ADMIN\Desktop\ds-fall\data\raw\Dataset,user36,user36_adl10,adl10,rapidly_sitting_on_chair,rapidly_sitting_on_chair,0,none,False,36,86,1.44,3.44,25.0,50,12,"ax,ay,az,gx,gy,gz,acc_mag,gyro_mag,jerk,roll,pitch,tilt_delta",20.0,25.0,uniform_20hz_time_interpolation_to_25hz,adl_sliding_capped,278,347,,,dataset_unit_map,wrist,bits,m/s^2,rad/s,m/s^2,rad/s,1.0,1.0,True,test,non_fall,non_fall,7.5294838097761385e-06,none,forward,0.9078969955444336
w25_00002284,bits,C:\Users\ADMIN\Desktop\ds-fall\data\raw\Dataset\adl\user36\user36_adl10.csv,C:\Users\ADMIN\Desktop\ds-fall\data\raw\Dataset,user36,user36_adl10,adl10,rapidly_sitting_on_chair,rapidly_sitting_on_chair,0,none,False,48,98,1.92,3.92,25.0,50,12,"ax,ay,az,gx,gy,gz,acc_mag,gyro_mag,jerk,roll,pitch,tilt_delta",20.0,25.0,uniform_20hz_time_interpolation_to_25hz,adl_sliding_capped,278,347,,,dataset_unit_map,wrist,bits,m/s^2,rad/s,m/s^2,rad/s,1.0,1.0,True,test,non_fall,non_fall,4.488031663640868e-06,none,forward,0.9062012434005737
w25_00002285,bits,C:\Users\ADMIN\Desktop\ds-fall\data\raw\Dataset\adl\user36\user36_adl11.csv,C:\Users\ADMIN\Desktop\ds-fall\data\raw\Dataset,user36,user36_adl11,adl11,nearly_sitting_and_getting_up,nearly_sitting_and_getting_up,0,none,False,0,50,0.0,2.0,25.0,50,12,"ax,ay,az,gx,gy,gz,acc_mag,gyro_mag,jerk,roll,pitch,tilt_delta",20.0,25.0,uniform_20hz_time_interpolation_to_25hz,adl_sliding_capped,570,712,,,dataset_unit_map,wrist,bits,m/s^2,rad/s,m/s^2,rad/s,1.0,1.0,True,test,non_fall,non_fall,0.004935896024107933,none,backward,0.5052990913391113
w25_00002286,bits,C:\Users\ADMIN\Desktop\ds-fall\data\raw\Dataset\adl\user36\user36_adl11.csv,C:\Users\ADMIN\Desktop\ds-fall\data\raw\Dataset,user36,user36_adl11,adl11,nearly_sitting_and_getting_up,nearly_sitting_and_getting_up,0,none,False,12,62,0.48,2.48,25.0,50,12,"ax,ay,az,gx,gy,gz,acc_mag,gyro_mag,jerk,roll,pitch,tilt_delta",20.0,25.0,uniform_20hz_time_interpolation_to_25hz,adl_sliding_capped,570,712,,,dataset_unit_map,wrist,bits,m/s^2,rad/s,m/s^2,rad/s,1.0,1.0,True,test,non_fall,non_fall,0.0027395591605454683,none,forward,0.5322586297988892
w25_00002287,bits,C:\Users\ADMIN\Desktop\ds-fall\data\raw\Dataset\adl\user36\user36_adl11.csv,C:\Users\ADMIN\Desktop\ds-fall\data\raw\Dataset,user36,user36_adl11,adl11,nearly_sitting_and_getting_up,nearly_sitting_and_getting_up,0,none,False,24,74,0.96,2.96,25.0,50,12,"ax,ay,az,gx,gy,gz,acc_mag,gyro_mag,jerk,roll,pitch,tilt_delta",20.0,25.0,uniform_20hz_time_interpolation_to_25hz,adl_sliding_capped,570,712,,,dataset_unit_map,wrist,bits,m/s^2,rad/s,m/s^2,rad/s,1.0,1.0,True,test,non_fall,non_fall,0.0005016623181290925,none,forward,0.6261222958564758
w25_00002288,bits,C:\Users\ADMIN\Desktop\ds-fall\data\raw\Dataset\adl\user36\user36_adl11.csv,C:\Users\ADMIN\Desktop\ds-fall\data\raw\Dataset,user36,user36_adl11,adl11,nearly_sitting_and_getting_up,nearly_sitting_and_getting_up,0,none,False,36,86,1.44,3.44,25.0,50,12,"ax,ay,az,gx,gy,gz,acc_mag,gyro_mag,jerk,roll,pitch,tilt_delta",20.0,25.0,uniform_20hz_time_interpolation_to_25hz,adl_sliding_capped,570,712,,,dataset_unit_map,wrist,bits,m/s^2,rad/s,m/s^2,rad/s,1.0,1.0,True,test,non_fall,non_fall,0.0009082015603780746,none,forward,0.6413003206253052
w25_00002289,bits,C:\Users\ADMIN\Desktop\ds-fall\data\raw\Dataset\adl\user36\user36_adl11.csv,C:\Users\ADMIN\Desktop\ds-fall\data\raw\Dataset,user36,user36_adl11,adl11,nearly_sitting_and_getting_up,nearly_sitting_and_getting_up,0,none,False,48,98,1.92,3.92,25.0,50,12,"ax,ay,az,gx,gy,gz,acc_mag,gyro_mag,jerk,roll,pitch,tilt_delta",20.0,25.0,uniform_20hz_time_interpolation_to_25hz,adl_sliding_capped,570,712,,,dataset_unit_map,wrist,bits,m/s^2,rad/s,m/s^2,rad/s,1.0,1.0,True,test,non_fall,non_fall,0.0010268569458276033,none,forward,0.6811966300010681
w25_00002290,bits,C:\Users\ADMIN\Desktop\ds-fall\data\raw\Dataset\adl\user36\user36_adl12.csv,C:\Users\ADMIN\Desktop\ds-fall\data\raw\Dataset,user36,user36_adl12,adl12,swinging_hands,swinging_hands,0,none,False,0,50,0.0,2.0,25.0,50,12,"ax,ay,az,gx,gy,gz,acc_mag,gyro_mag,jerk,roll,pitch,tilt_delta",20.0,25.0,uniform_20hz_time_interpolation_to_25hz,adl_sliding_capped,481,601,,,dataset_unit_map,wrist,bits,m/s^2,rad/s,m/s^2,rad/s,1.0,1.0,True,test,non_fall,non_fall,0.0002599503786768764,none,forward,0.8481471538543701
w25_00002291,bits,C:\Users\ADMIN\Desktop\ds-fall\data\raw\Dataset\adl\user36\user36_adl12.csv,C:\Users\ADMIN\Desktop\ds-fall\data\raw\Dataset,user36,user36_adl12,adl12,swinging_hands,swinging_hands,0,none,False,12,62,0.48,2.48,25.0,50,12,"ax,ay,az,gx,gy,gz,acc_mag,gyro_mag,jerk,roll,pitch,tilt_delta",20.0,25.0,uniform_20hz_time_interpolation_to_25hz,adl_sliding_capped,481,601,,,dataset_unit_map,wrist,bits,m/s^2,rad/s,m/s^2,rad/s,1.0,1.0,True,test,non_fall,non_fall,0.009846551343798637,none,forward,0.7302634119987488
w25_00002292,bits,C:\Users\ADMIN\Desktop\ds-fall\data\raw\Dataset\adl\user36\user36_adl12.csv,C:\Users\ADMIN\Desktop\ds-fall\data\raw\Dataset,user36,user36_adl12,adl12,swinging_hands,swinging_hands,0,none,False,24,74,0.96,2.96,25.0,50,12,"ax,ay,az,gx,gy,gz,acc_mag,gyro_mag,jerk,roll,pitch,tilt_delta",20.0,25.0,uniform_20hz_time_interpolation_to_25hz,adl_sliding_capped,481,601,,,dataset_unit_map,wrist,bits,m/s^2,rad/s,m/s^2,rad/s,1.0,1.0,True,test,non_fall,non_fall,0.07648879289627075,none,lateral,0.5642509460449219
w25_00002293,bits,C:\Users\ADMIN\Desktop\ds-fall\data\raw\Dataset\adl\user36\user36_adl12.csv,C:\Users\ADMIN\Desktop\ds-fall\data\raw\Dataset,user36,user36_adl12,adl12,swinging_hands,swinging_hands,0,none,False,36,86,1.44,3.44,25.0,50,12,"ax,ay,az,gx,gy,gz,acc_mag,gyro_mag,jerk,roll,pitch,tilt_delta",20.0,25.0,uniform_20hz_time_interpolation_to_25hz,adl_sliding_capped,481,601,,,dataset_unit_map,wrist,bits,m/s^2,rad/s,m/s^2,rad/s,1.0,1.0,True,test,non_fall,non_fall,0.1180400624871254,none,lateral,0.8558610081672668
w25_00002294,bits,C:\Users\ADMIN\Desktop\ds-fall\data\raw\Dataset\adl\user36\user36_adl12.csv,C:\Users\ADMIN\Desktop\ds-fall\data\raw\Dataset,user36,user36_adl12,adl12,swinging_hands,swinging_hands,0,none,False,48,98,1.92,3.92,25.0,50,12,"ax,ay,az,gx,gy,gz,acc_mag,gyro_mag,jerk,roll,pitch,tilt_delta",20.0,25.0,uniform_20hz_time_interpolation_to_25hz,adl_sliding_capped,481,601,,,dataset_unit_map,wrist,bits,m/s^2,rad/s,m/s^2,rad/s,1.0,1.0,True,test,non_fall,non_fall,0.06445904821157455,none,lateral,0.7980949878692627
w25_00002295,bits,C:\Users\ADMIN\Desktop\ds-fall\data\raw\Dataset\adl\user36\user36_adl13.csv,C:\Users\ADMIN\Desktop\ds-fall\data\raw\Dataset,user36,user36_adl13,adl13,lying_on_bed,lying_on_bed,0,none,False,0,50,0.0,2.0,25.0,50,12,"ax,ay,az,gx,gy,gz,acc_mag,gyro_mag,jerk,roll,pitch,tilt_delta",20.0,25.0,uniform_20hz_time_interpolation_to_25hz,adl_sliding_capped,250,312,,,dataset_unit_map,wrist,bits,m/s^2,rad/s,m/s^2,rad/s,1.0,1.0,True,test,non_fall,non_fall,3.689519303406996e-07,none,backward,0.8844423890113831
w25_00002296,bits,C:\Users\ADMIN\Desktop\ds-fall\data\raw\Dataset\adl\user36\user36_adl13.csv,C:\Users\ADMIN\Desktop\ds-fall\data\raw\Dataset,user36,user36_adl13,adl13,lying_on_bed,lying_on_bed,0,none,False,12,62,0.48,2.48,25.0,50,12,"ax,ay,az,gx,gy,gz,acc_mag,gyro_mag,jerk,roll,pitch,tilt_delta",20.0,25.0,uniform_20hz_time_interpolation_to_25hz,adl_sliding_capped,250,312,,,dataset_unit_map,wrist,bits,m/s^2,rad/s,m/s^2,rad/s,1.0,1.0,True,test,non_fall,non_fall,6.738198976563581e-08,none,backward,0.8880454897880554
w25_00002297,bits,C:\Users\ADMIN\Desktop\ds-fall\data\raw\Dataset\adl\user36\user36_adl13.csv,C:\Users\ADMIN\Desktop\ds-fall\data\raw\Dataset,user36,user36_adl13,adl13,lying_on_bed,lying_on_bed,0,none,False,24,74,0.96,2.96,25.0,50,12,"ax,ay,az,gx,gy,gz,acc_mag,gyro_mag,jerk,roll,pitch,tilt_delta",20.0,25.0,uniform_20hz_time_interpolation_to_25hz,adl_sliding_capped,250,312,,,dataset_unit_map,wrist,bits,m/s^2,rad/s,m/s^2,rad/s,1.0,1.0,True,test,non_fall,non_fall,1.1234793362291384e-07,none,backward,0.9050191640853882
w25_00002298,bits,C:\Users\ADMIN\Desktop\ds-fall\data\raw\Dataset\adl\user36\user36_adl13.csv,C:\Users\ADMIN\Desktop\ds-fall\data\raw\Dataset,user36,user36_adl13,adl13,lying_on_bed,lying_on_bed,0,none,False,36,86,1.44,3.44,25.0,50,12,"ax,ay,az,gx,gy,gz,acc_mag,gyro_mag,jerk,roll,pitch,tilt_delta",20.0,25.0,uniform_20hz_time_interpolation_to_25hz,adl_sliding_capped,250,312,,,dataset_unit_map,wrist,bits,m/s^2,rad/s,m/s^2,rad/s,1.0,1.0,True,test,non_fall,non_fall,1.1033959168571528e-07,none,backward,0.9021721482276917
w25_00002299,bits,C:\Users\ADMIN\Desktop\ds-fall\data\raw\Dataset\adl\user36\user36_adl13.csv,C:\Users\ADMIN\Desktop\ds-fall\data\raw\Dataset,user36,user36_adl13,adl13,lying_on_bed,lying_on_bed,0,none,False,48,98,1.92,3.92,25.0,50,12,"ax,ay,az,gx,gy,gz,acc_mag,gyro_mag,jerk,roll,pitch,tilt_delta",20.0,25.0,uniform_20hz_time_interpolation_to_25hz,adl_sliding_capped,250,312,,,dataset_unit_map,wrist,bits,m/s^2,rad/s,m/s^2,rad/s,1.0,1.0,True,test,non_fall,non_fall,1.0843972120255785e-07,none,backward,0.8998646140098572
w25_00002300,bits,C:\Users\ADMIN\Desktop\ds-fall\data\raw\Dataset\adl\user36\user36_adl14.csv,C:\Users\ADMIN\Desktop\ds-fall\data\raw\Dataset,user36,user36_adl14,adl14,lying_on_back_getting_up_slowly,lying_on_back_getting_up_slowly,0,none,False,0,50,0.0,2.0,25.0,50,12,"ax,ay,az,gx,gy,gz,acc_mag,gyro_mag,jerk,roll,pitch,tilt_delta",20.0,25.0,uniform_20hz_time_interpolation_to_25hz,adl_sliding_capped,718,897,,,dataset_unit_map,wrist,bits,m/s^2,rad/s,m/s^2,rad/s,1.0,1.0,True,test,non_fall,non_fall,2.019030262090382e-06,none,backward,0.905214250087738
w25_00002301,bits,C:\Users\ADMIN\Desktop\ds-fall\data\raw\Dataset\adl\user36\user36_adl14.csv,C:\Users\ADMIN\Desktop\ds-fall\data\raw\Dataset,user36,user36_adl14,adl14,lying_on_back_getting_up_slowly,lying_on_back_getting_up_slowly,0,none,False,12,62,0.48,2.48,25.0,50,12,"ax,ay,az,gx,gy,gz,acc_mag,gyro_mag,jerk,roll,pitch,tilt_delta",20.0,25.0,uniform_20hz_time_interpolation_to_25hz,adl_sliding_capped,718,897,,,dataset_unit_map,wrist,bits,m/s^2,rad/s,m/s^2,rad/s,1.0,1.0,True,test,non_fall,non_fall,2.0956322259735316e-06,none,backward,0.9050595760345459
w25_00002302,bits,C:\Users\ADMIN\Desktop\ds-fall\data\raw\Dataset\adl\user36\user36_adl14.csv,C:\Users\ADMIN\Desktop\ds-fall\data\raw\Dataset,user36,user36_adl14,adl14,lying_on_back_getting_up_slowly,lying_on_back_getting_up_slowly,0,none,False,24,74,0.96,2.96,25.0,50,12,"ax,ay,az,gx,gy,gz,acc_mag,gyro_mag,jerk,roll,pitch,tilt_delta",20.0,25.0,uniform_20hz_time_interpolation_to_25hz,adl_sliding_capped,718,897,,,dataset_unit_map,wrist,bits,m/s^2,rad/s,m/s^2,rad/s,1.0,1.0,True,test,non_fall,non_fall,2.1375763026298955e-06,none,backward,0.9047189354896545
w25_00002303,bits,C:\Users\ADMIN\Desktop\ds-fall\data\raw\Dataset\adl\user36\user36_adl14.csv,C:\Users\ADMIN\Desktop\ds-fall\data\raw\Dataset,user36,user36_adl14,adl14,lying_on_back_getting_up_slowly,lying_on_back_getting_up_slowly,0,none,False,36,86,1.44,3.44,25.0,50,12,"ax,ay,az,gx,gy,gz,acc_mag,gyro_mag,jerk,roll,pitch,tilt_delta",20.0,25.0,uniform_20hz_time_interpolation_to_25hz,adl_sliding_capped,718,897,,,dataset_unit_map,wrist,bits,m/s^2,rad/s,m/s^2,rad/s,1.0,1.0,True,test,non_fall,non_fall,2.092458998959046e-06,none,backward,0.9045153260231018
w25_00002304,bits,C:\Users\ADMIN\Desktop\ds-fall\data\raw\Dataset\adl\user36\user36_adl14.csv,C:\Users\ADMIN\Desktop\ds-fall\data\raw\Dataset,user36,user36_adl14,adl14,lying_on_back_getting_up_slowly,lying_on_back_getting_up_slowly,0,none,False,48,98,1.92,3.92,25.0,50,12,"ax,ay,az,gx,gy,gz,acc_mag,gyro_mag,jerk,roll,pitch,tilt_delta",20.0,25.0,uniform_20hz_time_interpolation_to_25hz,adl_sliding_capped,718,897,,,dataset_unit_map,wrist,bits,m/s^2,rad/s,m/s^2,rad/s,1.0,1.0,True,test,non_fall,non_fall,2.0220979877194623e-06,none,backward,0.9051271677017212
w25_00002305,bits,C:\Users\ADMIN\Desktop\ds-fall\data\raw\Dataset\adl\user36\user36_adl15.csv,C:\Users\ADMIN\Desktop\ds-fall\data\raw\Dataset,user36,user36_adl15,adl15,lying_on_back_getting_up_normally,lying_on_back_getting_up_normally,0,none,False,0,50,0.0,2.0,25.0,50,12,"ax,ay,az,gx,gy,gz,acc_mag,gyro_mag,jerk,roll,pitch,tilt_delta",20.0,25.0,uniform_20hz_time_interpolation_to_25hz,adl_sliding_capped,570,712,,,dataset_unit_map,wrist,bits,m/s^2,rad/s,m/s^2,rad/s,1.0,1.0,True,test,non_fall,non_fall,0.0004141064127907157,none,backward,0.7211713790893555
w25_00002306,bits,C:\Users\ADMIN\Desktop\ds-fall\data\raw\Dataset\adl\user36\user36_adl15.csv,C:\Users\ADMIN\Desktop\ds-fall\data\raw\Dataset,user36,user36_adl15,adl15,lying_on_back_getting_up_normally,lying_on_back_getting_up_normally,0,none,False,12,62,0.48,2.48,25.0,50,12,"ax,ay,az,gx,gy,gz,acc_mag,gyro_mag,jerk,roll,pitch,tilt_delta",20.0,25.0,uniform_20hz_time_interpolation_to_25hz,adl_sliding_capped,570,712,,,dataset_unit_map,wrist,bits,m/s^2,rad/s,m/s^2,rad/s,1.0,1.0,True,test,non_fall,non_fall,0.00040930515388026834,none,backward,0.7211782336235046
w25_00002307,bits,C:\Users\ADMIN\Desktop\ds-fall\data\raw\Dataset\adl\user36\user36_adl15.csv,C:\Users\ADMIN\Desktop\ds-fall\data\raw\Dataset,user36,user36_adl15,adl15,lying_on_back_getting_up_normally,lying_on_back_getting_up_normally,0,none,False,24,74,0.96,2.96,25.0,50,12,"ax,ay,az,gx,gy,gz,acc_mag,gyro_mag,jerk,roll,pitch,tilt_delta",20.0,25.0,uniform_20hz_time_interpolation_to_25hz,adl_sliding_capped,570,712,,,dataset_unit_map,wrist,bits,m/s^2,rad/s,m/s^2,rad/s,1.0,1.0,True,test,non_fall,non_fall,0.0003951210528612137,none,backward,0.7218573689460754
w25_00002308,bits,C:\Users\ADMIN\Desktop\ds-fall\data\raw\Dataset\adl\user36\user36_adl15.csv,C:\Users\ADMIN\Desktop\ds-fall\data\raw\Dataset,user36,user36_adl15,adl15,lying_on_back_getting_up_normally,lying_on_back_getting_up_normally,0,none,False,36,86,1.44,3.44,25.0,50,12,"ax,ay,az,gx,gy,gz,acc_mag,gyro_mag,jerk,roll,pitch,tilt_delta",20.0,25.0,uniform_20hz_time_interpolation_to_25hz,adl_sliding_capped,570,712,,,dataset_unit_map,wrist,bits,m/s^2,rad/s,m/s^2,rad/s,1.0,1.0,True,test,non_fall,non_fall,0.00039085547905415297,none,backward,0.7245054841041565
w25_00002309,bits,C:\Users\ADMIN\Desktop\ds-fall\data\raw\Dataset\adl\user36\user36_adl15.csv,C:\Users\ADMIN\Desktop\ds-fall\data\raw\Dataset,user36,user36_adl15,adl15,lying_on_back_getting_up_normally,lying_on_back_getting_up_normally,0,none,False,48,98,1.92,3.92,25.0,50,12,"ax,ay,az,gx,gy,gz,acc_mag,gyro_mag,jerk,roll,pitch,tilt_delta",20.0,25.0,uniform_20hz_time_interpolation_to_25hz,adl_sliding_capped,570,712,,,dataset_unit_map,wrist,bits,m/s^2,rad/s,m/s^2,rad/s,1.0,1.0,True,test,non_fall,non_fall,0.00037195399636402726,none,backward,0.7292114496231079
w25_00002310,bits,C:\Users\ADMIN\Desktop\ds-fall\data\raw\Dataset\adl\user36\user36_adl16.csv,C:\Users\ADMIN\Desktop\ds-fall\data\raw\Dataset,user36,user36_adl16,adl16,lying_sideways_to_back,lying_sideways_to_back,0,none,False,0,50,0.0,2.0,25.0,50,12,"ax,ay,az,gx,gy,gz,acc_mag,gyro_mag,jerk,roll,pitch,tilt_delta",20.0,25.0,uniform_20hz_time_interpolation_to_25hz,adl_sliding_capped,251,313,,,dataset_unit_map,wrist,bits,m/s^2,rad/s,m/s^2,rad/s,1.0,1.0,True,test,non_fall,non_fall,7.29978319213842e-06,none,backward,0.9729951024055481
w25_00002311,bits,C:\Users\ADMIN\Desktop\ds-fall\data\raw\Dataset\adl\user36\user36_adl16.csv,C:\Users\ADMIN\Desktop\ds-fall\data\raw\Dataset,user36,user36_adl16,adl16,lying_sideways_to_back,lying_sideways_to_back,0,none,False,12,62,0.48,2.48,25.0,50,12,"ax,ay,az,gx,gy,gz,acc_mag,gyro_mag,jerk,roll,pitch,tilt_delta",20.0,25.0,uniform_20hz_time_interpolation_to_25hz,adl_sliding_capped,251,313,,,dataset_unit_map,wrist,bits,m/s^2,rad/s,m/s^2,rad/s,1.0,1.0,True,test,non_fall,non_fall,7.3858650466718245e-06,none,backward,0.9729754328727722
w25_00002312,bits,C:\Users\ADMIN\Desktop\ds-fall\data\raw\Dataset\adl\user36\user36_adl16.csv,C:\Users\ADMIN\Desktop\ds-fall\data\raw\Dataset,user36,user36_adl16,adl16,lying_sideways_to_back,lying_sideways_to_back,0,none,False,24,74,0.96,2.96,25.0,50,12,"ax,ay,az,gx,gy,gz,acc_mag,gyro_mag,jerk,roll,pitch,tilt_delta",20.0,25.0,uniform_20hz_time_interpolation_to_25hz,adl_sliding_capped,251,313,,,dataset_unit_map,wrist,bits,m/s^2,rad/s,m/s^2,rad/s,1.0,1.0,True,test,non_fall,non_fall,7.557295248261653e-06,none,backward,0.9729771614074707
w25_00002313,bits,C:\Users\ADMIN\Desktop\ds-fall\data\raw\Dataset\adl\user36\user36_adl16.csv,C:\Users\ADMIN\Desktop\ds-fall\data\raw\Dataset,user36,user36_adl16,adl16,lying_sideways_to_back,lying_sideways_to_back,0,none,False,36,86,1.44,3.44,25.0,50,12,"ax,ay,az,gx,gy,gz,acc_mag,gyro_mag,jerk,roll,pitch,tilt_delta",20.0,25.0,uniform_20hz_time_interpolation_to_25hz,adl_sliding_capped,251,313,,,dataset_unit_map,wrist,bits,m/s^2,rad/s,m/s^2,rad/s,1.0,1.0,True,test,non_fall,non_fall,7.426902811857872e-06,none,backward,0.9728642106056213
w25_00002314,bits,C:\Users\ADMIN\Desktop\ds-fall\data\raw\Dataset\adl\user36\user36_adl16.csv,C:\Users\ADMIN\Desktop\ds-fall\data\raw\Dataset,user36,user36_adl16,adl16,lying_sideways_to_back,lying_sideways_to_back,0,none,False,48,98,1.92,3.92,25.0,50,12,"ax,ay,az,gx,gy,gz,acc_mag,gyro_mag,jerk,roll,pitch,tilt_delta",20.0,25.0,uniform_20hz_time_interpolation_to_25hz,adl_sliding_capped,251,313,,,dataset_unit_map,wrist,bits,m/s^2,rad/s,m/s^2,rad/s,1.0,1.0,True,test,non_fall,non_fall,7.155208095355192e-06,none,backward,0.9729079604148865
w25_00002315,bits,C:\Users\ADMIN\Desktop\ds-fall\data\raw\Dataset\adl\user36\user36_adl2.csv,C:\Users\ADMIN\Desktop\ds-fall\data\raw\Dataset,user36,user36_adl2,adl2,walking_quickly,walking_quickly,0,none,False,0,50,0.0,2.0,25.0,50,12,"ax,ay,az,gx,gy,gz,acc_mag,gyro_mag,jerk,roll,pitch,tilt_delta",20.0,25.0,uniform_20hz_time_interpolation_to_25hz,adl_sliding_capped,217,271,,,dataset_unit_map,wrist,bits,m/s^2,rad/s,m/s^2,rad/s,1.0,1.0,True,test,non_fall,non_fall,0.010447961278259754,none,lateral,0.6102004051208496
w25_00002316,bits,C:\Users\ADMIN\Desktop\ds-fall\data\raw\Dataset\adl\user36\user36_adl2.csv,C:\Users\ADMIN\Desktop\ds-fall\data\raw\Dataset,user36,user36_adl2,adl2,walking_quickly,walking_quickly,0,none,False,12,62,0.48,2.48,25.0,50,12,"ax,ay,az,gx,gy,gz,acc_mag,gyro_mag,jerk,roll,pitch,tilt_delta",20.0,25.0,uniform_20hz_time_interpolation_to_25hz,adl_sliding_capped,217,271,,,dataset_unit_map,wrist,bits,m/s^2,rad/s,m/s^2,rad/s,1.0,1.0,True,test,non_fall,non_fall,0.0014362111687660217,none,lateral,0.5498263835906982
w25_00002317,bits,C:\Users\ADMIN\Desktop\ds-fall\data\raw\Dataset\adl\user36\user36_adl2.csv,C:\Users\ADMIN\Desktop\ds-fall\data\raw\Dataset,user36,user36_adl2,adl2,walking_quickly,walking_quickly,0,none,False,24,74,0.96,2.96,25.0,50,12,"ax,ay,az,gx,gy,gz,acc_mag,gyro_mag,jerk,roll,pitch,tilt_delta",20.0,25.0,uniform_20hz_time_interpolation_to_25hz,adl_sliding_capped,217,271,,,dataset_unit_map,wrist,bits,m/s^2,rad/s,m/s^2,rad/s,1.0,1.0,True,test,non_fall,non_fall,0.006561705376952887,none,forward,0.5895078182220459
w25_00002318,bits,C:\Users\ADMIN\Desktop\ds-fall\data\raw\Dataset\adl\user36\user36_adl2.csv,C:\Users\ADMIN\Desktop\ds-fall\data\raw\Dataset,user36,user36_adl2,adl2,walking_quickly,walking_quickly,0,none,False,36,86,1.44,3.44,25.0,50,12,"ax,ay,az,gx,gy,gz,acc_mag,gyro_mag,jerk,roll,pitch,tilt_delta",20.0,25.0,uniform_20hz_time_interpolation_to_25hz,adl_sliding_capped,217,271,,,dataset_unit_map,wrist,bits,m/s^2,rad/s,m/s^2,rad/s,1.0,1.0,True,test,non_fall,non_fall,0.016977092251181602,none,forward,0.7583434581756592
w25_00002319,bits,C:\Users\ADMIN\Desktop\ds-fall\data\raw\Dataset\adl\user36\user36_adl2.csv,C:\Users\ADMIN\Desktop\ds-fall\data\raw\Dataset,user36,user36_adl2,adl2,walking_quickly,walking_quickly,0,none,False,48,98,1.92,3.92,25.0,50,12,"ax,ay,az,gx,gy,gz,acc_mag,gyro_mag,jerk,roll,pitch,tilt_delta",20.0,25.0,uniform_20hz_time_interpolation_to_25hz,adl_sliding_capped,217,271,,,dataset_unit_map,wrist,bits,m/s^2,rad/s,m/s^2,rad/s,1.0,1.0,True,test,non_fall,non_fall,0.010483813472092152,none,forward,0.646930456161499
w25_00002320,bits,C:\Users\ADMIN\Desktop\ds-fall\data\raw\Dataset\adl\user36\user36_adl3.csv,C:\Users\ADMIN\Desktop\ds-fall\data\raw\Dataset,user36,user36_adl3,adl3,jogging,jogging,0,none,False,0,50,0.0,2.0,25.0,50,12,"ax,ay,az,gx,gy,gz,acc_mag,gyro_mag,jerk,roll,pitch,tilt_delta",20.0,25.0,uniform_20hz_time_interpolation_to_25hz,adl_sliding_capped,3913,4891,,,dataset_unit_map,wrist,bits,m/s^2,rad/s,m/s^2,rad/s,1.0,1.0,True,test,non_fall,non_fall,0.5591962933540344,none,lateral,0.9710707068443298
w25_00002321,bits,C:\Users\ADMIN\Desktop\ds-fall\data\raw\Dataset\adl\user36\user36_adl3.csv,C:\Users\ADMIN\Desktop\ds-fall\data\raw\Dataset,user36,user36_adl3,adl3,jogging,jogging,0,none,False,12,62,0.48,2.48,25.0,50,12,"ax,ay,az,gx,gy,gz,acc_mag,gyro_mag,jerk,roll,pitch,tilt_delta",20.0,25.0,uniform_20hz_time_interpolation_to_25hz,adl_sliding_capped,3913,4891,,,dataset_unit_map,wrist,bits,m/s^2,rad/s,m/s^2,rad/s,1.0,1.0,True,test,non_fall,non_fall,0.21558605134487152,none,lateral,0.9469406008720398
w25_00002322,bits,C:\Users\ADMIN\Desktop\ds-fall\data\raw\Dataset\adl\user36\user36_adl3.csv,C:\Users\ADMIN\Desktop\ds-fall\data\raw\Dataset,user36,user36_adl3,adl3,jogging,jogging,0,none,False,24,74,0.96,2.96,25.0,50,12,"ax,ay,az,gx,gy,gz,acc_mag,gyro_mag,jerk,roll,pitch,tilt_delta",20.0,25.0,uniform_20hz_time_interpolation_to_25hz,adl_sliding_capped,3913,4891,,,dataset_unit_map,wrist,bits,m/s^2,rad/s,m/s^2,rad/s,1.0,1.0,True,test,non_fall,non_fall,0.0025691166520118713,none,lateral,0.8521223068237305
w25_00002323,bits,C:\Users\ADMIN\Desktop\ds-fall\data\raw\Dataset\adl\user36\user36_adl3.csv,C:\Users\ADMIN\Desktop\ds-fall\data\raw\Dataset,user36,user36_adl3,adl3,jogging,jogging,0,none,False,36,86,1.44,3.44,25.0,50,12,"ax,ay,az,gx,gy,gz,acc_mag,gyro_mag,jerk,roll,pitch,tilt_delta",20.0,25.0,uniform_20hz_time_interpolation_to_25hz,adl_sliding_capped,3913,4891,,,dataset_unit_map,wrist,bits,m/s^2,rad/s,m/s^2,rad/s,1.0,1.0,True,test,non_fall,non_fall,6.680546357529238e-05,none,forward,0.6087600588798523
w25_00002324,bits,C:\Users\ADMIN\Desktop\ds-fall\data\raw\Dataset\adl\user36\user36_adl3.csv,C:\Users\ADMIN\Desktop\ds-fall\data\raw\Dataset,user36,user36_adl3,adl3,jogging,jogging,0,none,False,48,98,1.92,3.92,25.0,50,12,"ax,ay,az,gx,gy,gz,acc_mag,gyro_mag,jerk,roll,pitch,tilt_delta",20.0,25.0,uniform_20hz_time_interpolation_to_25hz,adl_sliding_capped,3913,4891,,,dataset_unit_map,wrist,bits,m/s^2,rad/s,m/s^2,rad/s,1.0,1.0,True,test,non_fall,non_fall,0.0028740623965859413,none,lateral,0.8875771760940552
w25_00002325,bits,C:\Users\ADMIN\Desktop\ds-fall\data\raw\Dataset\adl\user36\user36_adl4.csv,C:\Users\ADMIN\Desktop\ds-fall\data\raw\Dataset,user36,user36_adl4,adl4,jumping,jumping,0,none,False,0,50,0.0,2.0,25.0,50,12,"ax,ay,az,gx,gy,gz,acc_mag,gyro_mag,jerk,roll,pitch,tilt_delta",20.0,25.0,uniform_20hz_time_interpolation_to_25hz,adl_sliding_capped,1266,1582,,,dataset_unit_map,wrist,bits,m/s^2,rad/s,m/s^2,rad/s,1.0,1.0,True,test,non_fall,non_fall,0.8317107558250427,none,backward,0.864933967590332
w25_00002326,bits,C:\Users\ADMIN\Desktop\ds-fall\data\raw\Dataset\adl\user36\user36_adl4.csv,C:\Users\ADMIN\Desktop\ds-fall\data\raw\Dataset,user36,user36_adl4,adl4,jumping,jumping,0,none,False,12,62,0.48,2.48,25.0,50,12,"ax,ay,az,gx,gy,gz,acc_mag,gyro_mag,jerk,roll,pitch,tilt_delta",20.0,25.0,uniform_20hz_time_interpolation_to_25hz,adl_sliding_capped,1266,1582,,,dataset_unit_map,wrist,bits,m/s^2,rad/s,m/s^2,rad/s,1.0,1.0,True,test,non_fall,non_fall,0.08030502498149872,none,backward,0.8468159437179565
w25_00002327,bits,C:\Users\ADMIN\Desktop\ds-fall\data\raw\Dataset\adl\user36\user36_adl4.csv,C:\Users\ADMIN\Desktop\ds-fall\data\raw\Dataset,user36,user36_adl4,adl4,jumping,jumping,0,none,False,24,74,0.96,2.96,25.0,50,12,"ax,ay,az,gx,gy,gz,acc_mag,gyro_mag,jerk,roll,pitch,tilt_delta",20.0,25.0,uniform_20hz_time_interpolation_to_25hz,adl_sliding_capped,1266,1582,,,dataset_unit_map,wrist,bits,m/s^2,rad/s,m/s^2,rad/s,1.0,1.0,True,test,non_fall,non_fall,0.0007488175760954618,none,backward,0.8294351100921631
w25_00002328,bits,C:\Users\ADMIN\Desktop\ds-fall\data\raw\Dataset\adl\user36\user36_adl4.csv,C:\Users\ADMIN\Desktop\ds-fall\data\raw\Dataset,user36,user36_adl4,adl4,jumping,jumping,0,none,False,36,86,1.44,3.44,25.0,50,12,"ax,ay,az,gx,gy,gz,acc_mag,gyro_mag,jerk,roll,pitch,tilt_delta",20.0,25.0,uniform_20hz_time_interpolation_to_25hz,adl_sliding_capped,1266,1582,,,dataset_unit_map,wrist,bits,m/s^2,rad/s,m/s^2,rad/s,1.0,1.0,True,test,non_fall,non_fall,0.002832822035998106,none,backward,0.7802627086639404
w25_00002329,bits,C:\Users\ADMIN\Desktop\ds-fall\data\raw\Dataset\adl\user36\user36_adl4.csv,C:\Users\ADMIN\Desktop\ds-fall\data\raw\Dataset,user36,user36_adl4,adl4,jumping,jumping,0,none,False,48,98,1.92,3.92,25.0,50,12,"ax,ay,az,gx,gy,gz,acc_mag,gyro_mag,jerk,roll,pitch,tilt_delta",20.0,25.0,uniform_20hz_time_interpolation_to_25hz,adl_sliding_capped,1266,1582,,,dataset_unit_map,wrist,bits,m/s^2,rad/s,m/s^2,rad/s,1.0,1.0,True,test,non_fall,non_fall,0.0007315418333746493,none,backward,0.7002508044242859
w25_00002330,bits,C:\Users\ADMIN\Desktop\ds-fall\data\raw\Dataset\adl\user36\user36_adl5.csv,C:\Users\ADMIN\Desktop\ds-fall\data\raw\Dataset,user36,user36_adl5,adl5,climbing_up_slowly,climbing_up_slowly,0,none,False,0,50,0.0,2.0,25.0,50,12,"ax,ay,az,gx,gy,gz,acc_mag,gyro_mag,jerk,roll,pitch,tilt_delta",20.0,25.0,uniform_20hz_time_interpolation_to_25hz,adl_sliding_capped,209,261,,,dataset_unit_map,wrist,bits,m/s^2,rad/s,m/s^2,rad/s,1.0,1.0,True,test,non_fall,non_fall,0.0006358639802783728,none,forward,0.980767011642456
w25_00002331,bits,C:\Users\ADMIN\Desktop\ds-fall\data\raw\Dataset\adl\user36\user36_adl5.csv,C:\Users\ADMIN\Desktop\ds-fall\data\raw\Dataset,user36,user36_adl5,adl5,climbing_up_slowly,climbing_up_slowly,0,none,False,12,62,0.48,2.48,25.0,50,12,"ax,ay,az,gx,gy,gz,acc_mag,gyro_mag,jerk,roll,pitch,tilt_delta",20.0,25.0,uniform_20hz_time_interpolation_to_25hz,adl_sliding_capped,209,261,,,dataset_unit_map,wrist,bits,m/s^2,rad/s,m/s^2,rad/s,1.0,1.0,True,test,non_fall,non_fall,0.0008503443677909672,none,forward,0.8866910338401794
w25_00002332,bits,C:\Users\ADMIN\Desktop\ds-fall\data\raw\Dataset\adl\user36\user36_adl5.csv,C:\Users\ADMIN\Desktop\ds-fall\data\raw\Dataset,user36,user36_adl5,adl5,climbing_up_slowly,climbing_up_slowly,0,none,False,24,74,0.96,2.96,25.0,50,12,"ax,ay,az,gx,gy,gz,acc_mag,gyro_mag,jerk,roll,pitch,tilt_delta",20.0,25.0,uniform_20hz_time_interpolation_to_25hz,adl_sliding_capped,209,261,,,dataset_unit_map,wrist,bits,m/s^2,rad/s,m/s^2,rad/s,1.0,1.0,True,test,non_fall,non_fall,0.00017610892246011645,none,lateral,0.609508216381073
w25_00002333,bits,C:\Users\ADMIN\Desktop\ds-fall\data\raw\Dataset\adl\user36\user36_adl5.csv,C:\Users\ADMIN\Desktop\ds-fall\data\raw\Dataset,user36,user36_adl5,adl5,climbing_up_slowly,climbing_up_slowly,0,none,False,36,86,1.44,3.44,25.0,50,12,"ax,ay,az,gx,gy,gz,acc_mag,gyro_mag,jerk,roll,pitch,tilt_delta",20.0,25.0,uniform_20hz_time_interpolation_to_25hz,adl_sliding_capped,209,261,,,dataset_unit_map,wrist,bits,m/s^2,rad/s,m/s^2,rad/s,1.0,1.0,True,test,non_fall,non_fall,0.00032291520619764924,none,lateral,0.6297459006309509
w25_00002334,bits,C:\Users\ADMIN\Desktop\ds-fall\data\raw\Dataset\adl\user36\user36_adl5.csv,C:\Users\ADMIN\Desktop\ds-fall\data\raw\Dataset,user36,user36_adl5,adl5,climbing_up_slowly,climbing_up_slowly,0,none,False,48,98,1.92,3.92,25.0,50,12,"ax,ay,az,gx,gy,gz,acc_mag,gyro_mag,jerk,roll,pitch,tilt_delta",20.0,25.0,uniform_20hz_time_interpolation_to_25hz,adl_sliding_capped,209,261,,,dataset_unit_map,wrist,bits,m/s^2,rad/s,m/s^2,rad/s,1.0,1.0,True,test,non_fall,non_fall,0.0018268992425873876,none,lateral,0.8033670783042908
w25_00002335,bits,C:\Users\ADMIN\Desktop\ds-fall\data\raw\Dataset\adl\user36\user36_adl6.csv,C:\Users\ADMIN\Desktop\ds-fall\data\raw\Dataset,user36,user36_adl6,adl6,climbing_down_slowly,climbing_down_slowly,0,none,False,0,50,0.0,2.0,25.0,50,12,"ax,ay,az,gx,gy,gz,acc_mag,gyro_mag,jerk,roll,pitch,tilt_delta",20.0,25.0,uniform_20hz_time_interpolation_to_25hz,adl_sliding_capped,173,216,,,dataset_unit_map,wrist,bits,m/s^2,rad/s,m/s^2,rad/s,1.0,1.0,True,test,non_fall,non_fall,0.0003673000610433519,none,forward,0.5192508101463318
w25_00002336,bits,C:\Users\ADMIN\Desktop\ds-fall\data\raw\Dataset\adl\user36\user36_adl6.csv,C:\Users\ADMIN\Desktop\ds-fall\data\raw\Dataset,user36,user36_adl6,adl6,climbing_down_slowly,climbing_down_slowly,0,none,False,12,62,0.48,2.48,25.0,50,12,"ax,ay,az,gx,gy,gz,acc_mag,gyro_mag,jerk,roll,pitch,tilt_delta",20.0,25.0,uniform_20hz_time_interpolation_to_25hz,adl_sliding_capped,173,216,,,dataset_unit_map,wrist,bits,m/s^2,rad/s,m/s^2,rad/s,1.0,1.0,True,test,non_fall,non_fall,0.0004366766079328954,none,forward,0.7648298740386963
w25_00002337,bits,C:\Users\ADMIN\Desktop\ds-fall\data\raw\Dataset\adl\user36\user36_adl6.csv,C:\Users\ADMIN\Desktop\ds-fall\data\raw\Dataset,user36,user36_adl6,adl6,climbing_down_slowly,climbing_down_slowly,0,none,False,24,74,0.96,2.96,25.0,50,12,"ax,ay,az,gx,gy,gz,acc_mag,gyro_mag,jerk,roll,pitch,tilt_delta",20.0,25.0,uniform_20hz_time_interpolation_to_25hz,adl_sliding_capped,173,216,,,dataset_unit_map,wrist,bits,m/s^2,rad/s,m/s^2,rad/s,1.0,1.0,True,test,non_fall,non_fall,0.0008491092012263834,none,forward,0.7704625129699707
w25_00002338,bits,C:\Users\ADMIN\Desktop\ds-fall\data\raw\Dataset\adl\user36\user36_adl6.csv,C:\Users\ADMIN\Desktop\ds-fall\data\raw\Dataset,user36,user36_adl6,adl6,climbing_down_slowly,climbing_down_slowly,0,none,False,36,86,1.44,3.44,25.0,50,12,"ax,ay,az,gx,gy,gz,acc_mag,gyro_mag,jerk,roll,pitch,tilt_delta",20.0,25.0,uniform_20hz_time_interpolation_to_25hz,adl_sliding_capped,173,216,,,dataset_unit_map,wrist,bits,m/s^2,rad/s,m/s^2,rad/s,1.0,1.0,True,test,non_fall,non_fall,0.0010708235204219818,none,forward,0.8123754858970642
w25_00002339,bits,C:\Users\ADMIN\Desktop\ds-fall\data\raw\Dataset\adl\user36\user36_adl6.csv,C:\Users\ADMIN\Desktop\ds-fall\data\raw\Dataset,user36,user36_adl6,adl6,climbing_down_slowly,climbing_down_slowly,0,none,False,48,98,1.92,3.92,25.0,50,12,"ax,ay,az,gx,gy,gz,acc_mag,gyro_mag,jerk,roll,pitch,tilt_delta",20.0,25.0,uniform_20hz_time_interpolation_to_25hz,adl_sliding_capped,173,216,,,dataset_unit_map,wrist,bits,m/s^2,rad/s,m/s^2,rad/s,1.0,1.0,True,test,non_fall,non_fall,0.0009668548009358346,none,forward,0.7965224981307983
w25_00002340,bits,C:\Users\ADMIN\Desktop\ds-fall\data\raw\Dataset\adl\user36\user36_adl7.csv,C:\Users\ADMIN\Desktop\ds-fall\data\raw\Dataset,user36,user36_adl7,adl7,climbing_up_normally,climbing_up_normally,0,none,False,0,50,0.0,2.0,25.0,50,12,"ax,ay,az,gx,gy,gz,acc_mag,gyro_mag,jerk,roll,pitch,tilt_delta",20.0,25.0,uniform_20hz_time_interpolation_to_25hz,adl_sliding_capped,776,969,,,dataset_unit_map,wrist,bits,m/s^2,rad/s,m/s^2,rad/s,1.0,1.0,True,test,non_fall,non_fall,1.2171043636044487e-05,none,forward,0.9735237956047058
w25_00002341,bits,C:\Users\ADMIN\Desktop\ds-fall\data\raw\Dataset\adl\user36\user36_adl7.csv,C:\Users\ADMIN\Desktop\ds-fall\data\raw\Dataset,user36,user36_adl7,adl7,climbing_up_normally,climbing_up_normally,0,none,False,12,62,0.48,2.48,25.0,50,12,"ax,ay,az,gx,gy,gz,acc_mag,gyro_mag,jerk,roll,pitch,tilt_delta",20.0,25.0,uniform_20hz_time_interpolation_to_25hz,adl_sliding_capped,776,969,,,dataset_unit_map,wrist,bits,m/s^2,rad/s,m/s^2,rad/s,1.0,1.0,True,test,non_fall,non_fall,1.0926581126113888e-05,none,forward,0.9959958791732788
w25_00002342,bits,C:\Users\ADMIN\Desktop\ds-fall\data\raw\Dataset\adl\user36\user36_adl7.csv,C:\Users\ADMIN\Desktop\ds-fall\data\raw\Dataset,user36,user36_adl7,adl7,climbing_up_normally,climbing_up_normally,0,none,False,24,74,0.96,2.96,25.0,50,12,"ax,ay,az,gx,gy,gz,acc_mag,gyro_mag,jerk,roll,pitch,tilt_delta",20.0,25.0,uniform_20hz_time_interpolation_to_25hz,adl_sliding_capped,776,969,,,dataset_unit_map,wrist,bits,m/s^2,rad/s,m/s^2,rad/s,1.0,1.0,True,test,non_fall,non_fall,1.1388029633963015e-05,none,forward,0.9912823438644409
w25_00002343,bits,C:\Users\ADMIN\Desktop\ds-fall\data\raw\Dataset\adl\user36\user36_adl7.csv,C:\Users\ADMIN\Desktop\ds-fall\data\raw\Dataset,user36,user36_adl7,adl7,climbing_up_normally,climbing_up_normally,0,none,False,36,86,1.44,3.44,25.0,50,12,"ax,ay,az,gx,gy,gz,acc_mag,gyro_mag,jerk,roll,pitch,tilt_delta",20.0,25.0,uniform_20hz_time_interpolation_to_25hz,adl_sliding_capped,776,969,,,dataset_unit_map,wrist,bits,m/s^2,rad/s,m/s^2,rad/s,1.0,1.0,True,test,non_fall,non_fall,2.7339892767486162e-05,none,forward,0.9914495348930359
w25_00002344,bits,C:\Users\ADMIN\Desktop\ds-fall\data\raw\Dataset\adl\user36\user36_adl7.csv,C:\Users\ADMIN\Desktop\ds-fall\data\raw\Dataset,user36,user36_adl7,adl7,climbing_up_normally,climbing_up_normally,0,none,False,48,98,1.92,3.92,25.0,50,12,"ax,ay,az,gx,gy,gz,acc_mag,gyro_mag,jerk,roll,pitch,tilt_delta",20.0,25.0,uniform_20hz_time_interpolation_to_25hz,adl_sliding_capped,776,969,,,dataset_unit_map,wrist,bits,m/s^2,rad/s,m/s^2,rad/s,1.0,1.0,True,test,non_fall,non_fall,0.01617693528532982,none,forward,0.7244825959205627
w25_00002345,bits,C:\Users\ADMIN\Desktop\ds-fall\data\raw\Dataset\adl\user36\user36_adl8.csv,C:\Users\ADMIN\Desktop\ds-fall\data\raw\Dataset,user36,user36_adl8,adl8,climbing_down_normally,climbing_down_normally,0,none,False,0,50,0.0,2.0,25.0,50,12,"ax,ay,az,gx,gy,gz,acc_mag,gyro_mag,jerk,roll,pitch,tilt_delta",20.0,25.0,uniform_20hz_time_interpolation_to_25hz,adl_sliding_capped,165,206,,,dataset_unit_map,wrist,bits,m/s^2,rad/s,m/s^2,rad/s,1.0,1.0,True,test,non_fall,non_fall,0.00028769957134500146,none,forward,0.6517630219459534
w25_00002346,bits,C:\Users\ADMIN\Desktop\ds-fall\data\raw\Dataset\adl\user36\user36_adl8.csv,C:\Users\ADMIN\Desktop\ds-fall\data\raw\Dataset,user36,user36_adl8,adl8,climbing_down_normally,climbing_down_normally,0,none,False,12,62,0.48,2.48,25.0,50,12,"ax,ay,az,gx,gy,gz,acc_mag,gyro_mag,jerk,roll,pitch,tilt_delta",20.0,25.0,uniform_20hz_time_interpolation_to_25hz,adl_sliding_capped,165,206,,,dataset_unit_map,wrist,bits,m/s^2,rad/s,m/s^2,rad/s,1.0,1.0,True,test,non_fall,non_fall,0.0030793852638453245,none,forward,0.6230695247650146
w25_00002347,bits,C:\Users\ADMIN\Desktop\ds-fall\data\raw\Dataset\adl\user36\user36_adl8.csv,C:\Users\ADMIN\Desktop\ds-fall\data\raw\Dataset,user36,user36_adl8,adl8,climbing_down_normally,climbing_down_normally,0,none,False,24,74,0.96,2.96,25.0,50,12,"ax,ay,az,gx,gy,gz,acc_mag,gyro_mag,jerk,roll,pitch,tilt_delta",20.0,25.0,uniform_20hz_time_interpolation_to_25hz,adl_sliding_capped,165,206,,,dataset_unit_map,wrist,bits,m/s^2,rad/s,m/s^2,rad/s,1.0,1.0,True,test,non_fall,non_fall,0.00024147603835444897,none,forward,0.7728736400604248
w25_00002348,bits,C:\Users\ADMIN\Desktop\ds-fall\data\raw\Dataset\adl\user36\user36_adl8.csv,C:\Users\ADMIN\Desktop\ds-fall\data\raw\Dataset,user36,user36_adl8,adl8,climbing_down_normally,climbing_down_normally,0,none,False,36,86,1.44,3.44,25.0,50,12,"ax,ay,az,gx,gy,gz,acc_mag,gyro_mag,jerk,roll,pitch,tilt_delta",20.0,25.0,uniform_20hz_time_interpolation_to_25hz,adl_sliding_capped,165,206,,,dataset_unit_map,wrist,bits,m/s^2,rad/s,m/s^2,rad/s,1.0,1.0,True,test,non_fall,non_fall,9.098528971662745e-05,none,forward,0.769140362739563
w25_00002349,bits,C:\Users\ADMIN\Desktop\ds-fall\data\raw\Dataset\adl\user36\user36_adl8.csv,C:\Users\ADMIN\Desktop\ds-fall\data\raw\Dataset,user36,user36_adl8,adl8,climbing_down_normally,climbing_down_normally,0,none,False,48,98,1.92,3.92,25.0,50,12,"ax,ay,az,gx,gy,gz,acc_mag,gyro_mag,jerk,roll,pitch,tilt_delta",20.0,25.0,uniform_20hz_time_interpolation_to_25hz,adl_sliding_capped,165,206,,,dataset_unit_map,wrist,bits,m/s^2,rad/s,m/s^2,rad/s,1.0,1.0,True,test,non_fall,non_fall,0.0001365460193483159,none,lateral,0.7053411602973938
w25_00002350,bits,C:\Users\ADMIN\Desktop\ds-fall\data\raw\Dataset\adl\user36\user36_adl9.csv,C:\Users\ADMIN\Desktop\ds-fall\data\raw\Dataset,user36,user36_adl9,adl9,slowly_sitting_on_chair,slowly_sitting_on_chair,0,none,False,0,50,0.0,2.0,25.0,50,12,"ax,ay,az,gx,gy,gz,acc_mag,gyro_mag,jerk,roll,pitch,tilt_delta",20.0,25.0,uniform_20hz_time_interpolation_to_25hz,adl_sliding_capped,178,222,,,dataset_unit_map,wrist,bits,m/s^2,rad/s,m/s^2,rad/s,1.0,1.0,True,test,non_fall,non_fall,2.6760706532513723e-05,none,forward,0.8588483333587646
w25_00002351,bits,C:\Users\ADMIN\Desktop\ds-fall\data\raw\Dataset\adl\user36\user36_adl9.csv,C:\Users\ADMIN\Desktop\ds-fall\data\raw\Dataset,user36,user36_adl9,adl9,slowly_sitting_on_chair,slowly_sitting_on_chair,0,none,False,12,62,0.48,2.48,25.0,50,12,"ax,ay,az,gx,gy,gz,acc_mag,gyro_mag,jerk,roll,pitch,tilt_delta",20.0,25.0,uniform_20hz_time_interpolation_to_25hz,adl_sliding_capped,178,222,,,dataset_unit_map,wrist,bits,m/s^2,rad/s,m/s^2,rad/s,1.0,1.0,True,test,non_fall,non_fall,8.148948836605996e-05,none,forward,0.8512969613075256
w25_00002352,bits,C:\Users\ADMIN\Desktop\ds-fall\data\raw\Dataset\adl\user36\user36_adl9.csv,C:\Users\ADMIN\Desktop\ds-fall\data\raw\Dataset,user36,user36_adl9,adl9,slowly_sitting_on_chair,slowly_sitting_on_chair,0,none,False,24,74,0.96,2.96,25.0,50,12,"ax,ay,az,gx,gy,gz,acc_mag,gyro_mag,jerk,roll,pitch,tilt_delta",20.0,25.0,uniform_20hz_time_interpolation_to_25hz,adl_sliding_capped,178,222,,,dataset_unit_map,wrist,bits,m/s^2,rad/s,m/s^2,rad/s,1.0,1.0,True,test,non_fall,non_fall,2.4983781258924864e-05,none,forward,0.8439511656761169
w25_00002353,bits,C:\Users\ADMIN\Desktop\ds-fall\data\raw\Dataset\adl\user36\user36_adl9.csv,C:\Users\ADMIN\Desktop\ds-fall\data\raw\Dataset,user36,user36_adl9,adl9,slowly_sitting_on_chair,slowly_sitting_on_chair,0,none,False,36,86,1.44,3.44,25.0,50,12,"ax,ay,az,gx,gy,gz,acc_mag,gyro_mag,jerk,roll,pitch,tilt_delta",20.0,25.0,uniform_20hz_time_interpolation_to_25hz,adl_sliding_capped,178,222,,,dataset_unit_map,wrist,bits,m/s^2,rad/s,m/s^2,rad/s,1.0,1.0,True,test,non_fall,non_fall,1.0507696060813032e-05,none,forward,0.8562719821929932
w25_00002354,bits,C:\Users\ADMIN\Desktop\ds-fall\data\raw\Dataset\adl\user36\user36_adl9.csv,C:\Users\ADMIN\Desktop\ds-fall\data\raw\Dataset,user36,user36_adl9,adl9,slowly_sitting_on_chair,slowly_sitting_on_chair,0,none,False,48,98,1.92,3.92,25.0,50,12,"ax,ay,az,gx,gy,gz,acc_mag,gyro_mag,jerk,roll,pitch,tilt_delta",20.0,25.0,uniform_20hz_time_interpolation_to_25hz,adl_sliding_capped,178,222,,,dataset_unit_map,wrist,bits,m/s^2,rad/s,m/s^2,rad/s,1.0,1.0,True,test,non_fall,non_fall,8.94336244527949e-06,none,forward,0.8610535264015198
w25_00002515,bits,C:\Users\ADMIN\Desktop\ds-fall\data\raw\Dataset\adl\user39\user39_adl1.csv,C:\Users\ADMIN\Desktop\ds-fall\data\raw\Dataset,user39,user39_adl1,adl1,walking_slowly,walking_slowly,0,none,False,0,50,0.0,2.0,25.0,50,12,"ax,ay,az,gx,gy,gz,acc_mag,gyro_mag,jerk,roll,pitch,tilt_delta",20.0,25.0,uniform_20hz_time_interpolation_to_25hz,adl_sliding_capped,154,192,,,dataset_unit_map,wrist,bits,m/s^2,rad/s,m/s^2,rad/s,1.0,1.0,True,test,non_fall,non_fall,1.107475418393733e-05,none,forward,0.8155158162117004
w25_00002516,bits,C:\Users\ADMIN\Desktop\ds-fall\data\raw\Dataset\adl\user39\user39_adl1.csv,C:\Users\ADMIN\Desktop\ds-fall\data\raw\Dataset,user39,user39_adl1,adl1,walking_slowly,walking_slowly,0,none,False,12,62,0.48,2.48,25.0,50,12,"ax,ay,az,gx,gy,gz,acc_mag,gyro_mag,jerk,roll,pitch,tilt_delta",20.0,25.0,uniform_20hz_time_interpolation_to_25hz,adl_sliding_capped,154,192,,,dataset_unit_map,wrist,bits,m/s^2,rad/s,m/s^2,rad/s,1.0,1.0,True,test,non_fall,non_fall,1.3724806194659323e-05,none,forward,0.7810950875282288
w25_00002517,bits,C:\Users\ADMIN\Desktop\ds-fall\data\raw\Dataset\adl\user39\user39_adl1.csv,C:\Users\ADMIN\Desktop\ds-fall\data\raw\Dataset,user39,user39_adl1,adl1,walking_slowly,walking_slowly,0,none,False,24,74,0.96,2.96,25.0,50,12,"ax,ay,az,gx,gy,gz,acc_mag,gyro_mag,jerk,roll,pitch,tilt_delta",20.0,25.0,uniform_20hz_time_interpolation_to_25hz,adl_sliding_capped,154,192,,,dataset_unit_map,wrist,bits,m/s^2,rad/s,m/s^2,rad/s,1.0,1.0,True,test,non_fall,non_fall,2.6355075533501804e-05,none,forward,0.7816305160522461
w25_00002518,bits,C:\Users\ADMIN\Desktop\ds-fall\data\raw\Dataset\adl\user39\user39_adl1.csv,C:\Users\ADMIN\Desktop\ds-fall\data\raw\Dataset,user39,user39_adl1,adl1,walking_slowly,walking_slowly,0,none,False,36,86,1.44,3.44,25.0,50,12,"ax,ay,az,gx,gy,gz,acc_mag,gyro_mag,jerk,roll,pitch,tilt_delta",20.0,25.0,uniform_20hz_time_interpolation_to_25hz,adl_sliding_capped,154,192,,,dataset_unit_map,wrist,bits,m/s^2,rad/s,m/s^2,rad/s,1.0,1.0,True,test,non_fall,non_fall,7.502094376832247e-05,none,forward,0.7874812483787537
w25_00002519,bits,C:\Users\ADMIN\Desktop\ds-fall\data\raw\Dataset\adl\user39\user39_adl1.csv,C:\Users\ADMIN\Desktop\ds-fall\data\raw\Dataset,user39,user39_adl1,adl1,walking_slowly,walking_slowly,0,none,False,48,98,1.92,3.92,25.0,50,12,"ax,ay,az,gx,gy,gz,acc_mag,gyro_mag,jerk,roll,pitch,tilt_delta",20.0,25.0,uniform_20hz_time_interpolation_to_25hz,adl_sliding_capped,154,192,,,dataset_unit_map,wrist,bits,m/s^2,rad/s,m/s^2,rad/s,1.0,1.0,True,test,non_fall,non_fall,0.00011516364611452445,none,forward,0.8181436061859131
w25_00002520,bits,C:\Users\ADMIN\Desktop\ds-fall\data\raw\Dataset\adl\user39\user39_adl10.csv,C:\Users\ADMIN\Desktop\ds-fall\data\raw\Dataset,user39,user39_adl10,adl10,rapidly_sitting_on_chair,rapidly_sitting_on_chair,0,none,False,0,50,0.0,2.0,25.0,50,12,"ax,ay,az,gx,gy,gz,acc_mag,gyro_mag,jerk,roll,pitch,tilt_delta",20.0,25.0,uniform_20hz_time_interpolation_to_25hz,adl_sliding_capped,329,411,,,dataset_unit_map,wrist,bits,m/s^2,rad/s,m/s^2,rad/s,1.0,1.0,True,test,non_fall,non_fall,4.5100649003870785e-05,none,forward,0.8921480774879456
w25_00002521,bits,C:\Users\ADMIN\Desktop\ds-fall\data\raw\Dataset\adl\user39\user39_adl10.csv,C:\Users\ADMIN\Desktop\ds-fall\data\raw\Dataset,user39,user39_adl10,adl10,rapidly_sitting_on_chair,rapidly_sitting_on_chair,0,none,False,12,62,0.48,2.48,25.0,50,12,"ax,ay,az,gx,gy,gz,acc_mag,gyro_mag,jerk,roll,pitch,tilt_delta",20.0,25.0,uniform_20hz_time_interpolation_to_25hz,adl_sliding_capped,329,411,,,dataset_unit_map,wrist,bits,m/s^2,rad/s,m/s^2,rad/s,1.0,1.0,True,test,non_fall,non_fall,8.299301407532766e-05,none,forward,0.8835847973823547
w25_00002522,bits,C:\Users\ADMIN\Desktop\ds-fall\data\raw\Dataset\adl\user39\user39_adl10.csv,C:\Users\ADMIN\Desktop\ds-fall\data\raw\Dataset,user39,user39_adl10,adl10,rapidly_sitting_on_chair,rapidly_sitting_on_chair,0,none,False,24,74,0.96,2.96,25.0,50,12,"ax,ay,az,gx,gy,gz,acc_mag,gyro_mag,jerk,roll,pitch,tilt_delta",20.0,25.0,uniform_20hz_time_interpolation_to_25hz,adl_sliding_capped,329,411,,,dataset_unit_map,wrist,bits,m/s^2,rad/s,m/s^2,rad/s,1.0,1.0,True,test,non_fall,non_fall,6.844074232503772e-05,none,forward,0.8890279531478882
w25_00002523,bits,C:\Users\ADMIN\Desktop\ds-fall\data\raw\Dataset\adl\user39\user39_adl10.csv,C:\Users\ADMIN\Desktop\ds-fall\data\raw\Dataset,user39,user39_adl10,adl10,rapidly_sitting_on_chair,rapidly_sitting_on_chair,0,none,False,36,86,1.44,3.44,25.0,50,12,"ax,ay,az,gx,gy,gz,acc_mag,gyro_mag,jerk,roll,pitch,tilt_delta",20.0,25.0,uniform_20hz_time_interpolation_to_25hz,adl_sliding_capped,329,411,,,dataset_unit_map,wrist,bits,m/s^2,rad/s,m/s^2,rad/s,1.0,1.0,True,test,non_fall,non_fall,3.6211411497788504e-05,none,forward,0.8990738391876221
w25_00002524,bits,C:\Users\ADMIN\Desktop\ds-fall\data\raw\Dataset\adl\user39\user39_adl10.csv,C:\Users\ADMIN\Desktop\ds-fall\data\raw\Dataset,user39,user39_adl10,adl10,rapidly_sitting_on_chair,rapidly_sitting_on_chair,0,none,False,48,98,1.92,3.92,25.0,50,12,"ax,ay,az,gx,gy,gz,acc_mag,gyro_mag,jerk,roll,pitch,tilt_delta",20.0,25.0,uniform_20hz_time_interpolation_to_25hz,adl_sliding_capped,329,411,,,dataset_unit_map,wrist,bits,m/s^2,rad/s,m/s^2,rad/s,1.0,1.0,True,test,non_fall,non_fall,2.3194401364889927e-05,none,forward,0.9052279591560364
w25_00002525,bits,C:\Users\ADMIN\Desktop\ds-fall\data\raw\Dataset\adl\user39\user39_adl11.csv,C:\Users\ADMIN\Desktop\ds-fall\data\raw\Dataset,user39,user39_adl11,adl11,nearly_sitting_and_getting_up,nearly_sitting_and_getting_up,0,none,False,0,50,0.0,2.0,25.0,50,12,"ax,ay,az,gx,gy,gz,acc_mag,gyro_mag,jerk,roll,pitch,tilt_delta",20.0,25.0,uniform_20hz_time_interpolation_to_25hz,adl_sliding_capped,349,436,,,dataset_unit_map,wrist,bits,m/s^2,rad/s,m/s^2,rad/s,1.0,1.0,True,test,non_fall,non_fall,3.574187985577737e-06,none,forward,0.8668995499610901
w25_00002526,bits,C:\Users\ADMIN\Desktop\ds-fall\data\raw\Dataset\adl\user39\user39_adl11.csv,C:\Users\ADMIN\Desktop\ds-fall\data\raw\Dataset,user39,user39_adl11,adl11,nearly_sitting_and_getting_up,nearly_sitting_and_getting_up,0,none,False,12,62,0.48,2.48,25.0,50,12,"ax,ay,az,gx,gy,gz,acc_mag,gyro_mag,jerk,roll,pitch,tilt_delta",20.0,25.0,uniform_20hz_time_interpolation_to_25hz,adl_sliding_capped,349,436,,,dataset_unit_map,wrist,bits,m/s^2,rad/s,m/s^2,rad/s,1.0,1.0,True,test,non_fall,non_fall,1.5047513670651824e-06,none,forward,0.8369359970092773
w25_00002527,bits,C:\Users\ADMIN\Desktop\ds-fall\data\raw\Dataset\adl\user39\user39_adl11.csv,C:\Users\ADMIN\Desktop\ds-fall\data\raw\Dataset,user39,user39_adl11,adl11,nearly_sitting_and_getting_up,nearly_sitting_and_getting_up,0,none,False,24,74,0.96,2.96,25.0,50,12,"ax,ay,az,gx,gy,gz,acc_mag,gyro_mag,jerk,roll,pitch,tilt_delta",20.0,25.0,uniform_20hz_time_interpolation_to_25hz,adl_sliding_capped,349,436,,,dataset_unit_map,wrist,bits,m/s^2,rad/s,m/s^2,rad/s,1.0,1.0,True,test,non_fall,non_fall,1.267656330128375e-06,none,forward,0.826452374458313
w25_00002528,bits,C:\Users\ADMIN\Desktop\ds-fall\data\raw\Dataset\adl\user39\user39_adl11.csv,C:\Users\ADMIN\Desktop\ds-fall\data\raw\Dataset,user39,user39_adl11,adl11,nearly_sitting_and_getting_up,nearly_sitting_and_getting_up,0,none,False,36,86,1.44,3.44,25.0,50,12,"ax,ay,az,gx,gy,gz,acc_mag,gyro_mag,jerk,roll,pitch,tilt_delta",20.0,25.0,uniform_20hz_time_interpolation_to_25hz,adl_sliding_capped,349,436,,,dataset_unit_map,wrist,bits,m/s^2,rad/s,m/s^2,rad/s,1.0,1.0,True,test,non_fall,non_fall,1.4021454717294546e-06,none,forward,0.8737920522689819
w25_00002529,bits,C:\Users\ADMIN\Desktop\ds-fall\data\raw\Dataset\adl\user39\user39_adl11.csv,C:\Users\ADMIN\Desktop\ds-fall\data\raw\Dataset,user39,user39_adl11,adl11,nearly_sitting_and_getting_up,nearly_sitting_and_getting_up,0,none,False,48,98,1.92,3.92,25.0,50,12,"ax,ay,az,gx,gy,gz,acc_mag,gyro_mag,jerk,roll,pitch,tilt_delta",20.0,25.0,uniform_20hz_time_interpolation_to_25hz,adl_sliding_capped,349,436,,,dataset_unit_map,wrist,bits,m/s^2,rad/s,m/s^2,rad/s,1.0,1.0,True,test,non_fall,non_fall,2.6304342100047506e-06,none,forward,0.8689694404602051
w25_00002530,bits,C:\Users\ADMIN\Desktop\ds-fall\data\raw\Dataset\adl\user39\user39_adl12.csv,C:\Users\ADMIN\Desktop\ds-fall\data\raw\Dataset,user39,user39_adl12,adl12,swinging_hands,swinging_hands,0,none,False,0,50,0.0,2.0,25.0,50,12,"ax,ay,az,gx,gy,gz,acc_mag,gyro_mag,jerk,roll,pitch,tilt_delta",20.0,25.0,uniform_20hz_time_interpolation_to_25hz,adl_sliding_capped,381,476,,,dataset_unit_map,wrist,bits,m/s^2,rad/s,m/s^2,rad/s,1.0,1.0,True,test,non_fall,non_fall,0.00038634121301583946,none,forward,0.9640987515449524
w25_00002531,bits,C:\Users\ADMIN\Desktop\ds-fall\data\raw\Dataset\adl\user39\user39_adl12.csv,C:\Users\ADMIN\Desktop\ds-fall\data\raw\Dataset,user39,user39_adl12,adl12,swinging_hands,swinging_hands,0,none,False,12,62,0.48,2.48,25.0,50,12,"ax,ay,az,gx,gy,gz,acc_mag,gyro_mag,jerk,roll,pitch,tilt_delta",20.0,25.0,uniform_20hz_time_interpolation_to_25hz,adl_sliding_capped,381,476,,,dataset_unit_map,wrist,bits,m/s^2,rad/s,m/s^2,rad/s,1.0,1.0,True,test,non_fall,non_fall,0.000623700674623251,none,forward,0.9648763537406921
w25_00002532,bits,C:\Users\ADMIN\Desktop\ds-fall\data\raw\Dataset\adl\user39\user39_adl12.csv,C:\Users\ADMIN\Desktop\ds-fall\data\raw\Dataset,user39,user39_adl12,adl12,swinging_hands,swinging_hands,0,none,False,24,74,0.96,2.96,25.0,50,12,"ax,ay,az,gx,gy,gz,acc_mag,gyro_mag,jerk,roll,pitch,tilt_delta",20.0,25.0,uniform_20hz_time_interpolation_to_25hz,adl_sliding_capped,381,476,,,dataset_unit_map,wrist,bits,m/s^2,rad/s,m/s^2,rad/s,1.0,1.0,True,test,non_fall,non_fall,0.0002669534005690366,none,forward,0.9658510088920593
w25_00002533,bits,C:\Users\ADMIN\Desktop\ds-fall\data\raw\Dataset\adl\user39\user39_adl12.csv,C:\Users\ADMIN\Desktop\ds-fall\data\raw\Dataset,user39,user39_adl12,adl12,swinging_hands,swinging_hands,0,none,False,36,86,1.44,3.44,25.0,50,12,"ax,ay,az,gx,gy,gz,acc_mag,gyro_mag,jerk,roll,pitch,tilt_delta",20.0,25.0,uniform_20hz_time_interpolation_to_25hz,adl_sliding_capped,381,476,,,dataset_unit_map,wrist,bits,m/s^2,rad/s,m/s^2,rad/s,1.0,1.0,True,test,non_fall,non_fall,3.0070761567912996e-05,none,forward,0.9659737944602966
w25_00002534,bits,C:\Users\ADMIN\Desktop\ds-fall\data\raw\Dataset\adl\user39\user39_adl12.csv,C:\Users\ADMIN\Desktop\ds-fall\data\raw\Dataset,user39,user39_adl12,adl12,swinging_hands,swinging_hands,0,none,False,48,98,1.92,3.92,25.0,50,12,"ax,ay,az,gx,gy,gz,acc_mag,gyro_mag,jerk,roll,pitch,tilt_delta",20.0,25.0,uniform_20hz_time_interpolation_to_25hz,adl_sliding_capped,381,476,,,dataset_unit_map,wrist,bits,m/s^2,rad/s,m/s^2,rad/s,1.0,1.0,True,test,non_fall,non_fall,7.15185205990565e-06,none,forward,0.9287328124046326
w25_00002535,bits,C:\Users\ADMIN\Desktop\ds-fall\data\raw\Dataset\adl\user39\user39_adl13.csv,C:\Users\ADMIN\Desktop\ds-fall\data\raw\Dataset,user39,user39_adl13,adl13,lying_on_bed,lying_on_bed,0,none,False,0,50,0.0,2.0,25.0,50,12,"ax,ay,az,gx,gy,gz,acc_mag,gyro_mag,jerk,roll,pitch,tilt_delta",20.0,25.0,uniform_20hz_time_interpolation_to_25hz,adl_sliding_capped,845,1056,,,dataset_unit_map,wrist,bits,m/s^2,rad/s,m/s^2,rad/s,1.0,1.0,True,test,non_fall,non_fall,1.0889410759773455e-06,none,backward,0.8508244156837463
w25_00002536,bits,C:\Users\ADMIN\Desktop\ds-fall\data\raw\Dataset\adl\user39\user39_adl13.csv,C:\Users\ADMIN\Desktop\ds-fall\data\raw\Dataset,user39,user39_adl13,adl13,lying_on_bed,lying_on_bed,0,none,False,12,62,0.48,2.48,25.0,50,12,"ax,ay,az,gx,gy,gz,acc_mag,gyro_mag,jerk,roll,pitch,tilt_delta",20.0,25.0,uniform_20hz_time_interpolation_to_25hz,adl_sliding_capped,845,1056,,,dataset_unit_map,wrist,bits,m/s^2,rad/s,m/s^2,rad/s,1.0,1.0,True,test,non_fall,non_fall,1.028110773404478e-06,none,backward,0.8486509919166565
w25_00002537,bits,C:\Users\ADMIN\Desktop\ds-fall\data\raw\Dataset\adl\user39\user39_adl13.csv,C:\Users\ADMIN\Desktop\ds-fall\data\raw\Dataset,user39,user39_adl13,adl13,lying_on_bed,lying_on_bed,0,none,False,24,74,0.96,2.96,25.0,50,12,"ax,ay,az,gx,gy,gz,acc_mag,gyro_mag,jerk,roll,pitch,tilt_delta",20.0,25.0,uniform_20hz_time_interpolation_to_25hz,adl_sliding_capped,845,1056,,,dataset_unit_map,wrist,bits,m/s^2,rad/s,m/s^2,rad/s,1.0,1.0,True,test,non_fall,non_fall,1.0409910373709863e-06,none,backward,0.8491590619087219
w25_00002538,bits,C:\Users\ADMIN\Desktop\ds-fall\data\raw\Dataset\adl\user39\user39_adl13.csv,C:\Users\ADMIN\Desktop\ds-fall\data\raw\Dataset,user39,user39_adl13,adl13,lying_on_bed,lying_on_bed,0,none,False,36,86,1.44,3.44,25.0,50,12,"ax,ay,az,gx,gy,gz,acc_mag,gyro_mag,jerk,roll,pitch,tilt_delta",20.0,25.0,uniform_20hz_time_interpolation_to_25hz,adl_sliding_capped,845,1056,,,dataset_unit_map,wrist,bits,m/s^2,rad/s,m/s^2,rad/s,1.0,1.0,True,test,non_fall,non_fall,1.061597686202731e-06,none,backward,0.8495692610740662
w25_00002539,bits,C:\Users\ADMIN\Desktop\ds-fall\data\raw\Dataset\adl\user39\user39_adl13.csv,C:\Users\ADMIN\Desktop\ds-fall\data\raw\Dataset,user39,user39_adl13,adl13,lying_on_bed,lying_on_bed,0,none,False,48,98,1.92,3.92,25.0,50,12,"ax,ay,az,gx,gy,gz,acc_mag,gyro_mag,jerk,roll,pitch,tilt_delta",20.0,25.0,uniform_20hz_time_interpolation_to_25hz,adl_sliding_capped,845,1056,,,dataset_unit_map,wrist,bits,m/s^2,rad/s,m/s^2,rad/s,1.0,1.0,True,test,non_fall,non_fall,1.0468838809174486e-06,none,backward,0.8490766286849976
w25_00002540,bits,C:\Users\ADMIN\Desktop\ds-fall\data\raw\Dataset\adl\user39\user39_adl14.csv,C:\Users\ADMIN\Desktop\ds-fall\data\raw\Dataset,user39,user39_adl14,adl14,lying_on_back_getting_up_slowly,lying_on_back_getting_up_slowly,0,none,False,0,50,0.0,2.0,25.0,50,12,"ax,ay,az,gx,gy,gz,acc_mag,gyro_mag,jerk,roll,pitch,tilt_delta",20.0,25.0,uniform_20hz_time_interpolation_to_25hz,adl_sliding_capped,355,443,,,dataset_unit_map,wrist,bits,m/s^2,rad/s,m/s^2,rad/s,1.0,1.0,True,test,non_fall,non_fall,1.7081636542570777e-05,none,backward,0.899483859539032
w25_00002541,bits,C:\Users\ADMIN\Desktop\ds-fall\data\raw\Dataset\adl\user39\user39_adl14.csv,C:\Users\ADMIN\Desktop\ds-fall\data\raw\Dataset,user39,user39_adl14,adl14,lying_on_back_getting_up_slowly,lying_on_back_getting_up_slowly,0,none,False,12,62,0.48,2.48,25.0,50,12,"ax,ay,az,gx,gy,gz,acc_mag,gyro_mag,jerk,roll,pitch,tilt_delta",20.0,25.0,uniform_20hz_time_interpolation_to_25hz,adl_sliding_capped,355,443,,,dataset_unit_map,wrist,bits,m/s^2,rad/s,m/s^2,rad/s,1.0,1.0,True,test,non_fall,non_fall,9.397234862262849e-06,none,backward,0.8890781402587891
w25_00002542,bits,C:\Users\ADMIN\Desktop\ds-fall\data\raw\Dataset\adl\user39\user39_adl14.csv,C:\Users\ADMIN\Desktop\ds-fall\data\raw\Dataset,user39,user39_adl14,adl14,lying_on_back_getting_up_slowly,lying_on_back_getting_up_slowly,0,none,False,24,74,0.96,2.96,25.0,50,12,"ax,ay,az,gx,gy,gz,acc_mag,gyro_mag,jerk,roll,pitch,tilt_delta",20.0,25.0,uniform_20hz_time_interpolation_to_25hz,adl_sliding_capped,355,443,,,dataset_unit_map,wrist,bits,m/s^2,rad/s,m/s^2,rad/s,1.0,1.0,True,test,non_fall,non_fall,3.2374405236623716e-06,none,backward,0.8818758726119995
w25_00002543,bits,C:\Users\ADMIN\Desktop\ds-fall\data\raw\Dataset\adl\user39\user39_adl14.csv,C:\Users\ADMIN\Desktop\ds-fall\data\raw\Dataset,user39,user39_adl14,adl14,lying_on_back_getting_up_slowly,lying_on_back_getting_up_slowly,0,none,False,36,86,1.44,3.44,25.0,50,12,"ax,ay,az,gx,gy,gz,acc_mag,gyro_mag,jerk,roll,pitch,tilt_delta",20.0,25.0,uniform_20hz_time_interpolation_to_25hz,adl_sliding_capped,355,443,,,dataset_unit_map,wrist,bits,m/s^2,rad/s,m/s^2,rad/s,1.0,1.0,True,test,non_fall,non_fall,3.4056745334964944e-06,none,backward,0.8845091462135315
w25_00002544,bits,C:\Users\ADMIN\Desktop\ds-fall\data\raw\Dataset\adl\user39\user39_adl14.csv,C:\Users\ADMIN\Desktop\ds-fall\data\raw\Dataset,user39,user39_adl14,adl14,lying_on_back_getting_up_slowly,lying_on_back_getting_up_slowly,0,none,False,48,98,1.92,3.92,25.0,50,12,"ax,ay,az,gx,gy,gz,acc_mag,gyro_mag,jerk,roll,pitch,tilt_delta",20.0,25.0,uniform_20hz_time_interpolation_to_25hz,adl_sliding_capped,355,443,,,dataset_unit_map,wrist,bits,m/s^2,rad/s,m/s^2,rad/s,1.0,1.0,True,test,non_fall,non_fall,4.977674961992307e-06,none,backward,0.8838032484054565
w25_00002545,bits,C:\Users\ADMIN\Desktop\ds-fall\data\raw\Dataset\adl\user39\user39_adl15.csv,C:\Users\ADMIN\Desktop\ds-fall\data\raw\Dataset,user39,user39_adl15,adl15,lying_on_back_getting_up_normally,lying_on_back_getting_up_normally,0,none,False,0,50,0.0,2.0,25.0,50,12,"ax,ay,az,gx,gy,gz,acc_mag,gyro_mag,jerk,roll,pitch,tilt_delta",20.0,25.0,uniform_20hz_time_interpolation_to_25hz,adl_sliding_capped,202,252,,,dataset_unit_map,wrist,bits,m/s^2,rad/s,m/s^2,rad/s,1.0,1.0,True,test,non_fall,non_fall,0.0008475357317365706,none,backward,0.9335036873817444
w25_00002546,bits,C:\Users\ADMIN\Desktop\ds-fall\data\raw\Dataset\adl\user39\user39_adl15.csv,C:\Users\ADMIN\Desktop\ds-fall\data\raw\Dataset,user39,user39_adl15,adl15,lying_on_back_getting_up_normally,lying_on_back_getting_up_normally,0,none,False,12,62,0.48,2.48,25.0,50,12,"ax,ay,az,gx,gy,gz,acc_mag,gyro_mag,jerk,roll,pitch,tilt_delta",20.0,25.0,uniform_20hz_time_interpolation_to_25hz,adl_sliding_capped,202,252,,,dataset_unit_map,wrist,bits,m/s^2,rad/s,m/s^2,rad/s,1.0,1.0,True,test,non_fall,non_fall,0.0034964303486049175,none,backward,0.9363080859184265
w25_00002547,bits,C:\Users\ADMIN\Desktop\ds-fall\data\raw\Dataset\adl\user39\user39_adl15.csv,C:\Users\ADMIN\Desktop\ds-fall\data\raw\Dataset,user39,user39_adl15,adl15,lying_on_back_getting_up_normally,lying_on_back_getting_up_normally,0,none,False,24,74,0.96,2.96,25.0,50,12,"ax,ay,az,gx,gy,gz,acc_mag,gyro_mag,jerk,roll,pitch,tilt_delta",20.0,25.0,uniform_20hz_time_interpolation_to_25hz,adl_sliding_capped,202,252,,,dataset_unit_map,wrist,bits,m/s^2,rad/s,m/s^2,rad/s,1.0,1.0,True,test,non_fall,non_fall,0.011413168162107468,none,backward,0.9531967639923096
w25_00002548,bits,C:\Users\ADMIN\Desktop\ds-fall\data\raw\Dataset\adl\user39\user39_adl15.csv,C:\Users\ADMIN\Desktop\ds-fall\data\raw\Dataset,user39,user39_adl15,adl15,lying_on_back_getting_up_normally,lying_on_back_getting_up_normally,0,none,False,36,86,1.44,3.44,25.0,50,12,"ax,ay,az,gx,gy,gz,acc_mag,gyro_mag,jerk,roll,pitch,tilt_delta",20.0,25.0,uniform_20hz_time_interpolation_to_25hz,adl_sliding_capped,202,252,,,dataset_unit_map,wrist,bits,m/s^2,rad/s,m/s^2,rad/s,1.0,1.0,True,test,non_fall,non_fall,0.022371524944901466,none,backward,0.9528842568397522
w25_00002549,bits,C:\Users\ADMIN\Desktop\ds-fall\data\raw\Dataset\adl\user39\user39_adl15.csv,C:\Users\ADMIN\Desktop\ds-fall\data\raw\Dataset,user39,user39_adl15,adl15,lying_on_back_getting_up_normally,lying_on_back_getting_up_normally,0,none,False,48,98,1.92,3.92,25.0,50,12,"ax,ay,az,gx,gy,gz,acc_mag,gyro_mag,jerk,roll,pitch,tilt_delta",20.0,25.0,uniform_20hz_time_interpolation_to_25hz,adl_sliding_capped,202,252,,,dataset_unit_map,wrist,bits,m/s^2,rad/s,m/s^2,rad/s,1.0,1.0,True,test,non_fall,non_fall,0.03652941808104515,none,backward,0.9329903721809387
w25_00002550,bits,C:\Users\ADMIN\Desktop\ds-fall\data\raw\Dataset\adl\user39\user39_adl16.csv,C:\Users\ADMIN\Desktop\ds-fall\data\raw\Dataset,user39,user39_adl16,adl16,lying_sideways_to_back,lying_sideways_to_back,0,none,False,0,50,0.0,2.0,25.0,50,12,"ax,ay,az,gx,gy,gz,acc_mag,gyro_mag,jerk,roll,pitch,tilt_delta",20.0,25.0,uniform_20hz_time_interpolation_to_25hz,adl_sliding_capped,255,318,,,dataset_unit_map,wrist,bits,m/s^2,rad/s,m/s^2,rad/s,1.0,1.0,True,test,non_fall,non_fall,7.019083113846136e-06,none,lateral,0.8594192862510681
w25_00002551,bits,C:\Users\ADMIN\Desktop\ds-fall\data\raw\Dataset\adl\user39\user39_adl16.csv,C:\Users\ADMIN\Desktop\ds-fall\data\raw\Dataset,user39,user39_adl16,adl16,lying_sideways_to_back,lying_sideways_to_back,0,none,False,12,62,0.48,2.48,25.0,50,12,"ax,ay,az,gx,gy,gz,acc_mag,gyro_mag,jerk,roll,pitch,tilt_delta",20.0,25.0,uniform_20hz_time_interpolation_to_25hz,adl_sliding_capped,255,318,,,dataset_unit_map,wrist,bits,m/s^2,rad/s,m/s^2,rad/s,1.0,1.0,True,test,non_fall,non_fall,8.49866137286881e-06,none,lateral,0.8564499616622925
w25_00002552,bits,C:\Users\ADMIN\Desktop\ds-fall\data\raw\Dataset\adl\user39\user39_adl16.csv,C:\Users\ADMIN\Desktop\ds-fall\data\raw\Dataset,user39,user39_adl16,adl16,lying_sideways_to_back,lying_sideways_to_back,0,none,False,24,74,0.96,2.96,25.0,50,12,"ax,ay,az,gx,gy,gz,acc_mag,gyro_mag,jerk,roll,pitch,tilt_delta",20.0,25.0,uniform_20hz_time_interpolation_to_25hz,adl_sliding_capped,255,318,,,dataset_unit_map,wrist,bits,m/s^2,rad/s,m/s^2,rad/s,1.0,1.0,True,test,non_fall,non_fall,8.239834642154165e-06,none,lateral,0.8585683703422546
w25_00002553,bits,C:\Users\ADMIN\Desktop\ds-fall\data\raw\Dataset\adl\user39\user39_adl16.csv,C:\Users\ADMIN\Desktop\ds-fall\data\raw\Dataset,user39,user39_adl16,adl16,lying_sideways_to_back,lying_sideways_to_back,0,none,False,36,86,1.44,3.44,25.0,50,12,"ax,ay,az,gx,gy,gz,acc_mag,gyro_mag,jerk,roll,pitch,tilt_delta",20.0,25.0,uniform_20hz_time_interpolation_to_25hz,adl_sliding_capped,255,318,,,dataset_unit_map,wrist,bits,m/s^2,rad/s,m/s^2,rad/s,1.0,1.0,True,test,non_fall,non_fall,8.75287878443487e-06,none,lateral,0.8565787076950073
w25_00002554,bits,C:\Users\ADMIN\Desktop\ds-fall\data\raw\Dataset\adl\user39\user39_adl16.csv,C:\Users\ADMIN\Desktop\ds-fall\data\raw\Dataset,user39,user39_adl16,adl16,lying_sideways_to_back,lying_sideways_to_back,0,none,False,48,98,1.92,3.92,25.0,50,12,"ax,ay,az,gx,gy,gz,acc_mag,gyro_mag,jerk,roll,pitch,tilt_delta",20.0,25.0,uniform_20hz_time_interpolation_to_25hz,adl_sliding_capped,255,318,,,dataset_unit_map,wrist,bits,m/s^2,rad/s,m/s^2,rad/s,1.0,1.0,True,test,non_fall,non_fall,8.431953574472573e-06,none,lateral,0.8587535619735718
w25_00002555,bits,C:\Users\ADMIN\Desktop\ds-fall\data\raw\Dataset\adl\user39\user39_adl2.csv,C:\Users\ADMIN\Desktop\ds-fall\data\raw\Dataset,user39,user39_adl2,adl2,walking_quickly,walking_quickly,0,none,False,0,50,0.0,2.0,25.0,50,12,"ax,ay,az,gx,gy,gz,acc_mag,gyro_mag,jerk,roll,pitch,tilt_delta",20.0,25.0,uniform_20hz_time_interpolation_to_25hz,adl_sliding_capped,1075,1343,,,dataset_unit_map,wrist,bits,m/s^2,rad/s,m/s^2,rad/s,1.0,1.0,True,test,non_fall,non_fall,3.4995773603441194e-05,none,forward,0.8568864464759827
w25_00002556,bits,C:\Users\ADMIN\Desktop\ds-fall\data\raw\Dataset\adl\user39\user39_adl2.csv,C:\Users\ADMIN\Desktop\ds-fall\data\raw\Dataset,user39,user39_adl2,adl2,walking_quickly,walking_quickly,0,none,False,12,62,0.48,2.48,25.0,50,12,"ax,ay,az,gx,gy,gz,acc_mag,gyro_mag,jerk,roll,pitch,tilt_delta",20.0,25.0,uniform_20hz_time_interpolation_to_25hz,adl_sliding_capped,1075,1343,,,dataset_unit_map,wrist,bits,m/s^2,rad/s,m/s^2,rad/s,1.0,1.0,True,test,non_fall,non_fall,2.784822936519049e-05,none,forward,0.8638336062431335
w25_00002557,bits,C:\Users\ADMIN\Desktop\ds-fall\data\raw\Dataset\adl\user39\user39_adl2.csv,C:\Users\ADMIN\Desktop\ds-fall\data\raw\Dataset,user39,user39_adl2,adl2,walking_quickly,walking_quickly,0,none,False,24,74,0.96,2.96,25.0,50,12,"ax,ay,az,gx,gy,gz,acc_mag,gyro_mag,jerk,roll,pitch,tilt_delta",20.0,25.0,uniform_20hz_time_interpolation_to_25hz,adl_sliding_capped,1075,1343,,,dataset_unit_map,wrist,bits,m/s^2,rad/s,m/s^2,rad/s,1.0,1.0,True,test,non_fall,non_fall,2.6034504116978496e-05,none,forward,0.8601801991462708
w25_00002558,bits,C:\Users\ADMIN\Desktop\ds-fall\data\raw\Dataset\adl\user39\user39_adl2.csv,C:\Users\ADMIN\Desktop\ds-fall\data\raw\Dataset,user39,user39_adl2,adl2,walking_quickly,walking_quickly,0,none,False,36,86,1.44,3.44,25.0,50,12,"ax,ay,az,gx,gy,gz,acc_mag,gyro_mag,jerk,roll,pitch,tilt_delta",20.0,25.0,uniform_20hz_time_interpolation_to_25hz,adl_sliding_capped,1075,1343,,,dataset_unit_map,wrist,bits,m/s^2,rad/s,m/s^2,rad/s,1.0,1.0,True,test,non_fall,non_fall,2.396851959929336e-05,none,forward,0.8600296378135681
w25_00002559,bits,C:\Users\ADMIN\Desktop\ds-fall\data\raw\Dataset\adl\user39\user39_adl2.csv,C:\Users\ADMIN\Desktop\ds-fall\data\raw\Dataset,user39,user39_adl2,adl2,walking_quickly,walking_quickly,0,none,False,48,98,1.92,3.92,25.0,50,12,"ax,ay,az,gx,gy,gz,acc_mag,gyro_mag,jerk,roll,pitch,tilt_delta",20.0,25.0,uniform_20hz_time_interpolation_to_25hz,adl_sliding_capped,1075,1343,,,dataset_unit_map,wrist,bits,m/s^2,rad/s,m/s^2,rad/s,1.0,1.0,True,test,non_fall,non_fall,2.801730079227127e-05,none,forward,0.8568969964981079
w25_00002560,bits,C:\Users\ADMIN\Desktop\ds-fall\data\raw\Dataset\adl\user39\user39_adl3.csv,C:\Users\ADMIN\Desktop\ds-fall\data\raw\Dataset,user39,user39_adl3,adl3,jogging,jogging,0,none,False,0,50,0.0,2.0,25.0,50,12,"ax,ay,az,gx,gy,gz,acc_mag,gyro_mag,jerk,roll,pitch,tilt_delta",20.0,25.0,uniform_20hz_time_interpolation_to_25hz,adl_sliding_capped,238,297,,,dataset_unit_map,wrist,bits,m/s^2,rad/s,m/s^2,rad/s,1.0,1.0,True,test,non_fall,non_fall,0.00017242909234482795,none,forward,0.6161075830459595
w25_00002561,bits,C:\Users\ADMIN\Desktop\ds-fall\data\raw\Dataset\adl\user39\user39_adl3.csv,C:\Users\ADMIN\Desktop\ds-fall\data\raw\Dataset,user39,user39_adl3,adl3,jogging,jogging,0,none,False,12,62,0.48,2.48,25.0,50,12,"ax,ay,az,gx,gy,gz,acc_mag,gyro_mag,jerk,roll,pitch,tilt_delta",20.0,25.0,uniform_20hz_time_interpolation_to_25hz,adl_sliding_capped,238,297,,,dataset_unit_map,wrist,bits,m/s^2,rad/s,m/s^2,rad/s,1.0,1.0,True,test,non_fall,non_fall,6.442365702241659e-05,none,forward,0.7331256866455078
w25_00002562,bits,C:\Users\ADMIN\Desktop\ds-fall\data\raw\Dataset\adl\user39\user39_adl3.csv,C:\Users\ADMIN\Desktop\ds-fall\data\raw\Dataset,user39,user39_adl3,adl3,jogging,jogging,0,none,False,24,74,0.96,2.96,25.0,50,12,"ax,ay,az,gx,gy,gz,acc_mag,gyro_mag,jerk,roll,pitch,tilt_delta",20.0,25.0,uniform_20hz_time_interpolation_to_25hz,adl_sliding_capped,238,297,,,dataset_unit_map,wrist,bits,m/s^2,rad/s,m/s^2,rad/s,1.0,1.0,True,test,non_fall,non_fall,4.317398997955024e-05,none,forward,0.8359546065330505
w25_00002563,bits,C:\Users\ADMIN\Desktop\ds-fall\data\raw\Dataset\adl\user39\user39_adl3.csv,C:\Users\ADMIN\Desktop\ds-fall\data\raw\Dataset,user39,user39_adl3,adl3,jogging,jogging,0,none,False,36,86,1.44,3.44,25.0,50,12,"ax,ay,az,gx,gy,gz,acc_mag,gyro_mag,jerk,roll,pitch,tilt_delta",20.0,25.0,uniform_20hz_time_interpolation_to_25hz,adl_sliding_capped,238,297,,,dataset_unit_map,wrist,bits,m/s^2,rad/s,m/s^2,rad/s,1.0,1.0,True,test,non_fall,non_fall,1.3655492693942506e-05,none,forward,0.9747762680053711
w25_00002564,bits,C:\Users\ADMIN\Desktop\ds-fall\data\raw\Dataset\adl\user39\user39_adl3.csv,C:\Users\ADMIN\Desktop\ds-fall\data\raw\Dataset,user39,user39_adl3,adl3,jogging,jogging,0,none,False,48,98,1.92,3.92,25.0,50,12,"ax,ay,az,gx,gy,gz,acc_mag,gyro_mag,jerk,roll,pitch,tilt_delta",20.0,25.0,uniform_20hz_time_interpolation_to_25hz,adl_sliding_capped,238,297,,,dataset_unit_map,wrist,bits,m/s^2,rad/s,m/s^2,rad/s,1.0,1.0,True,test,non_fall,non_fall,2.2977697881287895e-05,none,forward,0.9784079790115356
w25_00002565,bits,C:\Users\ADMIN\Desktop\ds-fall\data\raw\Dataset\adl\user39\user39_adl4.csv,C:\Users\ADMIN\Desktop\ds-fall\data\raw\Dataset,user39,user39_adl4,adl4,jumping,jumping,0,none,False,0,50,0.0,2.0,25.0,50,12,"ax,ay,az,gx,gy,gz,acc_mag,gyro_mag,jerk,roll,pitch,tilt_delta",20.0,25.0,uniform_20hz_time_interpolation_to_25hz,adl_sliding_capped,934,1167,,,dataset_unit_map,wrist,bits,m/s^2,rad/s,m/s^2,rad/s,1.0,1.0,True,test,non_fall,non_fall,0.0007738607819192111,none,backward,0.7748720049858093
w25_00002566,bits,C:\Users\ADMIN\Desktop\ds-fall\data\raw\Dataset\adl\user39\user39_adl4.csv,C:\Users\ADMIN\Desktop\ds-fall\data\raw\Dataset,user39,user39_adl4,adl4,jumping,jumping,0,none,False,12,62,0.48,2.48,25.0,50,12,"ax,ay,az,gx,gy,gz,acc_mag,gyro_mag,jerk,roll,pitch,tilt_delta",20.0,25.0,uniform_20hz_time_interpolation_to_25hz,adl_sliding_capped,934,1167,,,dataset_unit_map,wrist,bits,m/s^2,rad/s,m/s^2,rad/s,1.0,1.0,True,test,non_fall,non_fall,0.0018909259233623743,none,backward,0.7993552088737488
w25_00002567,bits,C:\Users\ADMIN\Desktop\ds-fall\data\raw\Dataset\adl\user39\user39_adl4.csv,C:\Users\ADMIN\Desktop\ds-fall\data\raw\Dataset,user39,user39_adl4,adl4,jumping,jumping,0,none,False,24,74,0.96,2.96,25.0,50,12,"ax,ay,az,gx,gy,gz,acc_mag,gyro_mag,jerk,roll,pitch,tilt_delta",20.0,25.0,uniform_20hz_time_interpolation_to_25hz,adl_sliding_capped,934,1167,,,dataset_unit_map,wrist,bits,m/s^2,rad/s,m/s^2,rad/s,1.0,1.0,True,test,non_fall,non_fall,0.00096524489345029,none,backward,0.8983051776885986
w25_00002568,bits,C:\Users\ADMIN\Desktop\ds-fall\data\raw\Dataset\adl\user39\user39_adl4.csv,C:\Users\ADMIN\Desktop\ds-fall\data\raw\Dataset,user39,user39_adl4,adl4,jumping,jumping,0,none,False,36,86,1.44,3.44,25.0,50,12,"ax,ay,az,gx,gy,gz,acc_mag,gyro_mag,jerk,roll,pitch,tilt_delta",20.0,25.0,uniform_20hz_time_interpolation_to_25hz,adl_sliding_capped,934,1167,,,dataset_unit_map,wrist,bits,m/s^2,rad/s,m/s^2,rad/s,1.0,1.0,True,test,non_fall,non_fall,0.00022879661992192268,none,backward,0.7226231098175049
w25_00002569,bits,C:\Users\ADMIN\Desktop\ds-fall\data\raw\Dataset\adl\user39\user39_adl4.csv,C:\Users\ADMIN\Desktop\ds-fall\data\raw\Dataset,user39,user39_adl4,adl4,jumping,jumping,0,none,False,48,98,1.92,3.92,25.0,50,12,"ax,ay,az,gx,gy,gz,acc_mag,gyro_mag,jerk,roll,pitch,tilt_delta",20.0,25.0,uniform_20hz_time_interpolation_to_25hz,adl_sliding_capped,934,1167,,,dataset_unit_map,wrist,bits,m/s^2,rad/s,m/s^2,rad/s,1.0,1.0,True,test,non_fall,non_fall,0.002196128247305751,none,backward,0.5971089601516724
w25_00002570,bits,C:\Users\ADMIN\Desktop\ds-fall\data\raw\Dataset\adl\user39\user39_adl5.csv,C:\Users\ADMIN\Desktop\ds-fall\data\raw\Dataset,user39,user39_adl5,adl5,climbing_up_slowly,climbing_up_slowly,0,none,False,0,50,0.0,2.0,25.0,50,12,"ax,ay,az,gx,gy,gz,acc_mag,gyro_mag,jerk,roll,pitch,tilt_delta",20.0,25.0,uniform_20hz_time_interpolation_to_25hz,adl_sliding_capped,923,1153,,,dataset_unit_map,wrist,bits,m/s^2,rad/s,m/s^2,rad/s,1.0,1.0,True,test,non_fall,non_fall,6.815246820224274e-07,none,backward,0.7259020805358887
w25_00002571,bits,C:\Users\ADMIN\Desktop\ds-fall\data\raw\Dataset\adl\user39\user39_adl5.csv,C:\Users\ADMIN\Desktop\ds-fall\data\raw\Dataset,user39,user39_adl5,adl5,climbing_up_slowly,climbing_up_slowly,0,none,False,12,62,0.48,2.48,25.0,50,12,"ax,ay,az,gx,gy,gz,acc_mag,gyro_mag,jerk,roll,pitch,tilt_delta",20.0,25.0,uniform_20hz_time_interpolation_to_25hz,adl_sliding_capped,923,1153,,,dataset_unit_map,wrist,bits,m/s^2,rad/s,m/s^2,rad/s,1.0,1.0,True,test,non_fall,non_fall,1.005370108941861e-06,none,backward,0.6953272223472595
w25_00002572,bits,C:\Users\ADMIN\Desktop\ds-fall\data\raw\Dataset\adl\user39\user39_adl5.csv,C:\Users\ADMIN\Desktop\ds-fall\data\raw\Dataset,user39,user39_adl5,adl5,climbing_up_slowly,climbing_up_slowly,0,none,False,24,74,0.96,2.96,25.0,50,12,"ax,ay,az,gx,gy,gz,acc_mag,gyro_mag,jerk,roll,pitch,tilt_delta",20.0,25.0,uniform_20hz_time_interpolation_to_25hz,adl_sliding_capped,923,1153,,,dataset_unit_map,wrist,bits,m/s^2,rad/s,m/s^2,rad/s,1.0,1.0,True,test,non_fall,non_fall,1.495483229518868e-05,none,backward,0.5350981950759888
w25_00002573,bits,C:\Users\ADMIN\Desktop\ds-fall\data\raw\Dataset\adl\user39\user39_adl5.csv,C:\Users\ADMIN\Desktop\ds-fall\data\raw\Dataset,user39,user39_adl5,adl5,climbing_up_slowly,climbing_up_slowly,0,none,False,36,86,1.44,3.44,25.0,50,12,"ax,ay,az,gx,gy,gz,acc_mag,gyro_mag,jerk,roll,pitch,tilt_delta",20.0,25.0,uniform_20hz_time_interpolation_to_25hz,adl_sliding_capped,923,1153,,,dataset_unit_map,wrist,bits,m/s^2,rad/s,m/s^2,rad/s,1.0,1.0,True,test,non_fall,non_fall,0.0006528003723360598,none,forward,0.6756457090377808
w25_00002574,bits,C:\Users\ADMIN\Desktop\ds-fall\data\raw\Dataset\adl\user39\user39_adl5.csv,C:\Users\ADMIN\Desktop\ds-fall\data\raw\Dataset,user39,user39_adl5,adl5,climbing_up_slowly,climbing_up_slowly,0,none,False,48,98,1.92,3.92,25.0,50,12,"ax,ay,az,gx,gy,gz,acc_mag,gyro_mag,jerk,roll,pitch,tilt_delta",20.0,25.0,uniform_20hz_time_interpolation_to_25hz,adl_sliding_capped,923,1153,,,dataset_unit_map,wrist,bits,m/s^2,rad/s,m/s^2,rad/s,1.0,1.0,True,test,non_fall,non_fall,0.0003375965461600572,none,forward,0.6636267304420471
w25_00002575,bits,C:\Users\ADMIN\Desktop\ds-fall\data\raw\Dataset\adl\user39\user39_adl6.csv,C:\Users\ADMIN\Desktop\ds-fall\data\raw\Dataset,user39,user39_adl6,adl6,climbing_down_slowly,climbing_down_slowly,0,none,False,0,50,0.0,2.0,25.0,50,12,"ax,ay,az,gx,gy,gz,acc_mag,gyro_mag,jerk,roll,pitch,tilt_delta",20.0,25.0,uniform_20hz_time_interpolation_to_25hz,adl_sliding_capped,203,253,,,dataset_unit_map,wrist,bits,m/s^2,rad/s,m/s^2,rad/s,1.0,1.0,True,test,non_fall,non_fall,1.1278415513515938e-05,none,forward,0.946905791759491
w25_00002576,bits,C:\Users\ADMIN\Desktop\ds-fall\data\raw\Dataset\adl\user39\user39_adl6.csv,C:\Users\ADMIN\Desktop\ds-fall\data\raw\Dataset,user39,user39_adl6,adl6,climbing_down_slowly,climbing_down_slowly,0,none,False,12,62,0.48,2.48,25.0,50,12,"ax,ay,az,gx,gy,gz,acc_mag,gyro_mag,jerk,roll,pitch,tilt_delta",20.0,25.0,uniform_20hz_time_interpolation_to_25hz,adl_sliding_capped,203,253,,,dataset_unit_map,wrist,bits,m/s^2,rad/s,m/s^2,rad/s,1.0,1.0,True,test,non_fall,non_fall,7.459946118615335e-06,none,forward,0.8900213837623596
w25_00002577,bits,C:\Users\ADMIN\Desktop\ds-fall\data\raw\Dataset\adl\user39\user39_adl6.csv,C:\Users\ADMIN\Desktop\ds-fall\data\raw\Dataset,user39,user39_adl6,adl6,climbing_down_slowly,climbing_down_slowly,0,none,False,24,74,0.96,2.96,25.0,50,12,"ax,ay,az,gx,gy,gz,acc_mag,gyro_mag,jerk,roll,pitch,tilt_delta",20.0,25.0,uniform_20hz_time_interpolation_to_25hz,adl_sliding_capped,203,253,,,dataset_unit_map,wrist,bits,m/s^2,rad/s,m/s^2,rad/s,1.0,1.0,True,test,non_fall,non_fall,4.8857131332624704e-05,none,forward,0.9135786294937134
w25_00002578,bits,C:\Users\ADMIN\Desktop\ds-fall\data\raw\Dataset\adl\user39\user39_adl6.csv,C:\Users\ADMIN\Desktop\ds-fall\data\raw\Dataset,user39,user39_adl6,adl6,climbing_down_slowly,climbing_down_slowly,0,none,False,36,86,1.44,3.44,25.0,50,12,"ax,ay,az,gx,gy,gz,acc_mag,gyro_mag,jerk,roll,pitch,tilt_delta",20.0,25.0,uniform_20hz_time_interpolation_to_25hz,adl_sliding_capped,203,253,,,dataset_unit_map,wrist,bits,m/s^2,rad/s,m/s^2,rad/s,1.0,1.0,True,test,non_fall,non_fall,9.022859012475237e-05,none,forward,0.9350739121437073
w25_00002579,bits,C:\Users\ADMIN\Desktop\ds-fall\data\raw\Dataset\adl\user39\user39_adl6.csv,C:\Users\ADMIN\Desktop\ds-fall\data\raw\Dataset,user39,user39_adl6,adl6,climbing_down_slowly,climbing_down_slowly,0,none,False,48,98,1.92,3.92,25.0,50,12,"ax,ay,az,gx,gy,gz,acc_mag,gyro_mag,jerk,roll,pitch,tilt_delta",20.0,25.0,uniform_20hz_time_interpolation_to_25hz,adl_sliding_capped,203,253,,,dataset_unit_map,wrist,bits,m/s^2,rad/s,m/s^2,rad/s,1.0,1.0,True,test,non_fall,non_fall,2.162231430702377e-05,none,forward,0.9441248774528503
w25_00002580,bits,C:\Users\ADMIN\Desktop\ds-fall\data\raw\Dataset\adl\user39\user39_adl7.csv,C:\Users\ADMIN\Desktop\ds-fall\data\raw\Dataset,user39,user39_adl7,adl7,climbing_up_normally,climbing_up_normally,0,none,False,0,50,0.0,2.0,25.0,50,12,"ax,ay,az,gx,gy,gz,acc_mag,gyro_mag,jerk,roll,pitch,tilt_delta",20.0,25.0,uniform_20hz_time_interpolation_to_25hz,adl_sliding_capped,843,1053,,,dataset_unit_map,wrist,bits,m/s^2,rad/s,m/s^2,rad/s,1.0,1.0,True,test,non_fall,non_fall,0.00011632794485194609,none,forward,0.8592301607131958
w25_00002581,bits,C:\Users\ADMIN\Desktop\ds-fall\data\raw\Dataset\adl\user39\user39_adl7.csv,C:\Users\ADMIN\Desktop\ds-fall\data\raw\Dataset,user39,user39_adl7,adl7,climbing_up_normally,climbing_up_normally,0,none,False,12,62,0.48,2.48,25.0,50,12,"ax,ay,az,gx,gy,gz,acc_mag,gyro_mag,jerk,roll,pitch,tilt_delta",20.0,25.0,uniform_20hz_time_interpolation_to_25hz,adl_sliding_capped,843,1053,,,dataset_unit_map,wrist,bits,m/s^2,rad/s,m/s^2,rad/s,1.0,1.0,True,test,non_fall,non_fall,4.063540472998284e-05,none,forward,0.8625041246414185
w25_00002582,bits,C:\Users\ADMIN\Desktop\ds-fall\data\raw\Dataset\adl\user39\user39_adl7.csv,C:\Users\ADMIN\Desktop\ds-fall\data\raw\Dataset,user39,user39_adl7,adl7,climbing_up_normally,climbing_up_normally,0,none,False,24,74,0.96,2.96,25.0,50,12,"ax,ay,az,gx,gy,gz,acc_mag,gyro_mag,jerk,roll,pitch,tilt_delta",20.0,25.0,uniform_20hz_time_interpolation_to_25hz,adl_sliding_capped,843,1053,,,dataset_unit_map,wrist,bits,m/s^2,rad/s,m/s^2,rad/s,1.0,1.0,True,test,non_fall,non_fall,1.5940557204885408e-05,none,forward,0.8697167038917542
w25_00002583,bits,C:\Users\ADMIN\Desktop\ds-fall\data\raw\Dataset\adl\user39\user39_adl7.csv,C:\Users\ADMIN\Desktop\ds-fall\data\raw\Dataset,user39,user39_adl7,adl7,climbing_up_normally,climbing_up_normally,0,none,False,36,86,1.44,3.44,25.0,50,12,"ax,ay,az,gx,gy,gz,acc_mag,gyro_mag,jerk,roll,pitch,tilt_delta",20.0,25.0,uniform_20hz_time_interpolation_to_25hz,adl_sliding_capped,843,1053,,,dataset_unit_map,wrist,bits,m/s^2,rad/s,m/s^2,rad/s,1.0,1.0,True,test,non_fall,non_fall,7.087113317538751e-06,none,forward,0.8896304965019226
w25_00002584,bits,C:\Users\ADMIN\Desktop\ds-fall\data\raw\Dataset\adl\user39\user39_adl7.csv,C:\Users\ADMIN\Desktop\ds-fall\data\raw\Dataset,user39,user39_adl7,adl7,climbing_up_normally,climbing_up_normally,0,none,False,48,98,1.92,3.92,25.0,50,12,"ax,ay,az,gx,gy,gz,acc_mag,gyro_mag,jerk,roll,pitch,tilt_delta",20.0,25.0,uniform_20hz_time_interpolation_to_25hz,adl_sliding_capped,843,1053,,,dataset_unit_map,wrist,bits,m/s^2,rad/s,m/s^2,rad/s,1.0,1.0,True,test,non_fall,non_fall,8.9888180809794e-06,none,forward,0.9042435884475708
w25_00002585,bits,C:\Users\ADMIN\Desktop\ds-fall\data\raw\Dataset\adl\user39\user39_adl8.csv,C:\Users\ADMIN\Desktop\ds-fall\data\raw\Dataset,user39,user39_adl8,adl8,climbing_down_normally,climbing_down_normally,0,none,False,0,50,0.0,2.0,25.0,50,12,"ax,ay,az,gx,gy,gz,acc_mag,gyro_mag,jerk,roll,pitch,tilt_delta",20.0,25.0,uniform_20hz_time_interpolation_to_25hz,adl_sliding_capped,783,978,,,dataset_unit_map,wrist,bits,m/s^2,rad/s,m/s^2,rad/s,1.0,1.0,True,test,non_fall,non_fall,5.656019857269712e-05,none,forward,0.8839307427406311
w25_00002586,bits,C:\Users\ADMIN\Desktop\ds-fall\data\raw\Dataset\adl\user39\user39_adl8.csv,C:\Users\ADMIN\Desktop\ds-fall\data\raw\Dataset,user39,user39_adl8,adl8,climbing_down_normally,climbing_down_normally,0,none,False,12,62,0.48,2.48,25.0,50,12,"ax,ay,az,gx,gy,gz,acc_mag,gyro_mag,jerk,roll,pitch,tilt_delta",20.0,25.0,uniform_20hz_time_interpolation_to_25hz,adl_sliding_capped,783,978,,,dataset_unit_map,wrist,bits,m/s^2,rad/s,m/s^2,rad/s,1.0,1.0,True,test,non_fall,non_fall,5.644579869112931e-05,none,forward,0.8753678202629089
w25_00002587,bits,C:\Users\ADMIN\Desktop\ds-fall\data\raw\Dataset\adl\user39\user39_adl8.csv,C:\Users\ADMIN\Desktop\ds-fall\data\raw\Dataset,user39,user39_adl8,adl8,climbing_down_normally,climbing_down_normally,0,none,False,24,74,0.96,2.96,25.0,50,12,"ax,ay,az,gx,gy,gz,acc_mag,gyro_mag,jerk,roll,pitch,tilt_delta",20.0,25.0,uniform_20hz_time_interpolation_to_25hz,adl_sliding_capped,783,978,,,dataset_unit_map,wrist,bits,m/s^2,rad/s,m/s^2,rad/s,1.0,1.0,True,test,non_fall,non_fall,7.135658233892173e-05,none,forward,0.8472579717636108
w25_00002588,bits,C:\Users\ADMIN\Desktop\ds-fall\data\raw\Dataset\adl\user39\user39_adl8.csv,C:\Users\ADMIN\Desktop\ds-fall\data\raw\Dataset,user39,user39_adl8,adl8,climbing_down_normally,climbing_down_normally,0,none,False,36,86,1.44,3.44,25.0,50,12,"ax,ay,az,gx,gy,gz,acc_mag,gyro_mag,jerk,roll,pitch,tilt_delta",20.0,25.0,uniform_20hz_time_interpolation_to_25hz,adl_sliding_capped,783,978,,,dataset_unit_map,wrist,bits,m/s^2,rad/s,m/s^2,rad/s,1.0,1.0,True,test,non_fall,non_fall,0.00017634888354223222,none,forward,0.785457193851471
w25_00002589,bits,C:\Users\ADMIN\Desktop\ds-fall\data\raw\Dataset\adl\user39\user39_adl8.csv,C:\Users\ADMIN\Desktop\ds-fall\data\raw\Dataset,user39,user39_adl8,adl8,climbing_down_normally,climbing_down_normally,0,none,False,48,98,1.92,3.92,25.0,50,12,"ax,ay,az,gx,gy,gz,acc_mag,gyro_mag,jerk,roll,pitch,tilt_delta",20.0,25.0,uniform_20hz_time_interpolation_to_25hz,adl_sliding_capped,783,978,,,dataset_unit_map,wrist,bits,m/s^2,rad/s,m/s^2,rad/s,1.0,1.0,True,test,non_fall,non_fall,0.0006083985790610313,none,forward,0.730347216129303
w25_00002590,bits,C:\Users\ADMIN\Desktop\ds-fall\data\raw\Dataset\adl\user39\user39_adl9.csv,C:\Users\ADMIN\Desktop\ds-fall\data\raw\Dataset,user39,user39_adl9,adl9,slowly_sitting_on_chair,slowly_sitting_on_chair,0,none,False,0,50,0.0,2.0,25.0,50,12,"ax,ay,az,gx,gy,gz,acc_mag,gyro_mag,jerk,roll,pitch,tilt_delta",20.0,25.0,uniform_20hz_time_interpolation_to_25hz,adl_sliding_capped,157,196,,,dataset_unit_map,wrist,bits,m/s^2,rad/s,m/s^2,rad/s,1.0,1.0,True,test,non_fall,non_fall,1.2834448170906398e-05,none,forward,0.911371111869812
w25_00002591,bits,C:\Users\ADMIN\Desktop\ds-fall\data\raw\Dataset\adl\user39\user39_adl9.csv,C:\Users\ADMIN\Desktop\ds-fall\data\raw\Dataset,user39,user39_adl9,adl9,slowly_sitting_on_chair,slowly_sitting_on_chair,0,none,False,12,62,0.48,2.48,25.0,50,12,"ax,ay,az,gx,gy,gz,acc_mag,gyro_mag,jerk,roll,pitch,tilt_delta",20.0,25.0,uniform_20hz_time_interpolation_to_25hz,adl_sliding_capped,157,196,,,dataset_unit_map,wrist,bits,m/s^2,rad/s,m/s^2,rad/s,1.0,1.0,True,test,non_fall,non_fall,2.0715831851703115e-05,none,forward,0.9044650793075562
w25_00002592,bits,C:\Users\ADMIN\Desktop\ds-fall\data\raw\Dataset\adl\user39\user39_adl9.csv,C:\Users\ADMIN\Desktop\ds-fall\data\raw\Dataset,user39,user39_adl9,adl9,slowly_sitting_on_chair,slowly_sitting_on_chair,0,none,False,24,74,0.96,2.96,25.0,50,12,"ax,ay,az,gx,gy,gz,acc_mag,gyro_mag,jerk,roll,pitch,tilt_delta",20.0,25.0,uniform_20hz_time_interpolation_to_25hz,adl_sliding_capped,157,196,,,dataset_unit_map,wrist,bits,m/s^2,rad/s,m/s^2,rad/s,1.0,1.0,True,test,non_fall,non_fall,1.8788674424286e-05,none,forward,0.9014761447906494
w25_00002593,bits,C:\Users\ADMIN\Desktop\ds-fall\data\raw\Dataset\adl\user39\user39_adl9.csv,C:\Users\ADMIN\Desktop\ds-fall\data\raw\Dataset,user39,user39_adl9,adl9,slowly_sitting_on_chair,slowly_sitting_on_chair,0,none,False,36,86,1.44,3.44,25.0,50,12,"ax,ay,az,gx,gy,gz,acc_mag,gyro_mag,jerk,roll,pitch,tilt_delta",20.0,25.0,uniform_20hz_time_interpolation_to_25hz,adl_sliding_capped,157,196,,,dataset_unit_map,wrist,bits,m/s^2,rad/s,m/s^2,rad/s,1.0,1.0,True,test,non_fall,non_fall,2.9245589757920243e-05,none,forward,0.8146155476570129
w25_00002594,bits,C:\Users\ADMIN\Desktop\ds-fall\data\raw\Dataset\adl\user39\user39_adl9.csv,C:\Users\ADMIN\Desktop\ds-fall\data\raw\Dataset,user39,user39_adl9,adl9,slowly_sitting_on_chair,slowly_sitting_on_chair,0,none,False,48,98,1.92,3.92,25.0,50,12,"ax,ay,az,gx,gy,gz,acc_mag,gyro_mag,jerk,roll,pitch,tilt_delta",20.0,25.0,uniform_20hz_time_interpolation_to_25hz,adl_sliding_capped,157,196,,,dataset_unit_map,wrist,bits,m/s^2,rad/s,m/s^2,rad/s,1.0,1.0,True,test,non_fall,non_fall,6.473613029811531e-05,none,forward,0.6852689385414124
w25_00003296,bits,C:\Users\ADMIN\Desktop\ds-fall\data\raw\Dataset\fall\user17\user17_fall1.csv,C:\Users\ADMIN\Desktop\ds-fall\data\raw\Dataset,user17,user17_fall1,fall1,forward_fall_landing_on_knee,forward_fall_landing_on_knee,1,forward,True,116,166,4.64,6.64,25.0,50,12,"ax,ay,az,gx,gy,gz,acc_mag,gyro_mag,jerk,roll,pitch,tilt_delta",20.0,25.0,uniform_20hz_time_interpolation_to_25hz,impact_peak_centered_label_by_activity,180,224,,,dataset_unit_map,wrist,bits,m/s^2,rad/s,m/s^2,rad/s,1.0,1.0,True,test,fall,fall,0.9998006224632263,forward,forward,0.7397298812866211
w25_00003297,bits,C:\Users\ADMIN\Desktop\ds-fall\data\raw\Dataset\fall\user17\user17_fall2.csv,C:\Users\ADMIN\Desktop\ds-fall\data\raw\Dataset,user17,user17_fall2,fall2,right_fall,right_fall,1,lateral,True,38,88,1.52,3.52,25.0,50,12,"ax,ay,az,gx,gy,gz,acc_mag,gyro_mag,jerk,roll,pitch,tilt_delta",20.0,25.0,uniform_20hz_time_interpolation_to_25hz,impact_peak_centered_label_by_activity,479,598,,,dataset_unit_map,wrist,bits,m/s^2,rad/s,m/s^2,rad/s,1.0,1.0,True,test,fall,fall,0.9999990463256836,lateral,forward,0.9995997548103333
w25_00003298,bits,C:\Users\ADMIN\Desktop\ds-fall\data\raw\Dataset\fall\user17\user17_fall3.csv,C:\Users\ADMIN\Desktop\ds-fall\data\raw\Dataset,user17,user17_fall3,fall3,left_fall,left_fall,1,lateral,True,37,87,1.48,3.48,25.0,50,12,"ax,ay,az,gx,gy,gz,acc_mag,gyro_mag,jerk,roll,pitch,tilt_delta",20.0,25.0,uniform_20hz_time_interpolation_to_25hz,impact_peak_centered_label_by_activity,1145,1431,,,dataset_unit_map,wrist,bits,m/s^2,rad/s,m/s^2,rad/s,1.0,1.0,True,test,fall,fall,0.9988682270050049,lateral,lateral,0.9876899719238281
w25_00003299,bits,C:\Users\ADMIN\Desktop\ds-fall\data\raw\Dataset\fall\user17\user17_fall4.csv,C:\Users\ADMIN\Desktop\ds-fall\data\raw\Dataset,user17,user17_fall4,fall4,forward_fall,forward_fall,1,forward,True,59,109,2.36,4.36,25.0,50,12,"ax,ay,az,gx,gy,gz,acc_mag,gyro_mag,jerk,roll,pitch,tilt_delta",20.0,25.0,uniform_20hz_time_interpolation_to_25hz,impact_peak_centered_label_by_activity,391,488,,,dataset_unit_map,wrist,bits,m/s^2,rad/s,m/s^2,rad/s,1.0,1.0,True,test,fall,fall,0.9999991655349731,forward,forward,0.8444245457649231
w25_00003300,bits,C:\Users\ADMIN\Desktop\ds-fall\data\raw\Dataset\fall\user17\user17_fall5.csv,C:\Users\ADMIN\Desktop\ds-fall\data\raw\Dataset,user17,user17_fall5,fall5,seated_on_bed_falling_on_ground,seated_on_bed_falling_on_ground,1,other,False,166,216,6.64,8.64,25.0,50,12,"ax,ay,az,gx,gy,gz,acc_mag,gyro_mag,jerk,roll,pitch,tilt_delta",20.0,25.0,uniform_20hz_time_interpolation_to_25hz,impact_peak_centered_label_by_activity,1233,1541,,,dataset_unit_map,wrist,bits,m/s^2,rad/s,m/s^2,rad/s,1.0,1.0,True,test,fall,non_fall,0.8837793469429016,none,lateral,0.9372815489768982
w25_00003301,bits,C:\Users\ADMIN\Desktop\ds-fall\data\raw\Dataset\fall\user17\user17_fall6.csv,C:\Users\ADMIN\Desktop\ds-fall\data\raw\Dataset,user17,user17_fall6,fall6,forward_fall_body_weight_on_hand,forward_fall_body_weight_on_hand,1,forward,True,135,185,5.4,7.4,25.0,50,12,"ax,ay,az,gx,gy,gz,acc_mag,gyro_mag,jerk,roll,pitch,tilt_delta",20.0,25.0,uniform_20hz_time_interpolation_to_25hz,impact_peak_centered_label_by_activity,702,877,,,dataset_unit_map,wrist,bits,m/s^2,rad/s,m/s^2,rad/s,1.0,1.0,True,test,fall,fall,1.0,forward,forward,0.9999948740005493
w25_00003302,bits,C:\Users\ADMIN\Desktop\ds-fall\data\raw\Dataset\fall\user17\user17_fall7.csv,C:\Users\ADMIN\Desktop\ds-fall\data\raw\Dataset,user17,user17_fall7,fall7,backward_fall_from_seated,backward_fall_from_seated,1,backward,True,231,281,9.24,11.24,25.0,50,12,"ax,ay,az,gx,gy,gz,acc_mag,gyro_mag,jerk,roll,pitch,tilt_delta",20.0,25.0,uniform_20hz_time_interpolation_to_25hz,impact_peak_centered_label_by_activity,331,413,,,dataset_unit_map,wrist,bits,m/s^2,rad/s,m/s^2,rad/s,1.0,1.0,True,test,fall,fall,0.9942130446434021,backward,backward,0.9830347299575806
w25_00003303,bits,C:\Users\ADMIN\Desktop\ds-fall\data\raw\Dataset\fall\user17\user17_fall8.csv,C:\Users\ADMIN\Desktop\ds-fall\data\raw\Dataset,user17,user17_fall8,fall8,grabbing_while_falling,grabbing_while_falling,1,other,False,119,169,4.76,6.76,25.0,50,12,"ax,ay,az,gx,gy,gz,acc_mag,gyro_mag,jerk,roll,pitch,tilt_delta",20.0,25.0,uniform_20hz_time_interpolation_to_25hz,impact_peak_centered_label_by_activity,1179,1473,,,dataset_unit_map,wrist,bits,m/s^2,rad/s,m/s^2,rad/s,1.0,1.0,True,test,fall,fall,0.9999275207519531,none,backward,0.5693997144699097
w25_00003384,bits,C:\Users\ADMIN\Desktop\ds-fall\data\raw\Dataset\fall\user27\user27_fall1.csv,C:\Users\ADMIN\Desktop\ds-fall\data\raw\Dataset,user27,user27_fall1,fall1,forward_fall_landing_on_knee,forward_fall_landing_on_knee,1,forward,True,120,170,4.8,6.8,25.0,50,12,"ax,ay,az,gx,gy,gz,acc_mag,gyro_mag,jerk,roll,pitch,tilt_delta",20.0,25.0,uniform_20hz_time_interpolation_to_25hz,impact_peak_centered_label_by_activity,177,221,,,dataset_unit_map,wrist,bits,m/s^2,rad/s,m/s^2,rad/s,1.0,1.0,True,test,fall,non_fall,8.709605026524514e-06,forward,forward,0.8976645469665527
w25_00003385,bits,C:\Users\ADMIN\Desktop\ds-fall\data\raw\Dataset\fall\user27\user27_fall2.csv,C:\Users\ADMIN\Desktop\ds-fall\data\raw\Dataset,user27,user27_fall2,fall2,right_fall,right_fall,1,lateral,True,229,279,9.16,11.16,25.0,50,12,"ax,ay,az,gx,gy,gz,acc_mag,gyro_mag,jerk,roll,pitch,tilt_delta",20.0,25.0,uniform_20hz_time_interpolation_to_25hz,impact_peak_centered_label_by_activity,756,944,,,dataset_unit_map,wrist,bits,m/s^2,rad/s,m/s^2,rad/s,1.0,1.0,True,test,fall,fall,0.9999909400939941,lateral,forward,0.9059002995491028
w25_00003386,bits,C:\Users\ADMIN\Desktop\ds-fall\data\raw\Dataset\fall\user27\user27_fall3.csv,C:\Users\ADMIN\Desktop\ds-fall\data\raw\Dataset,user27,user27_fall3,fall3,left_fall,left_fall,1,lateral,True,211,261,8.44,10.44,25.0,50,12,"ax,ay,az,gx,gy,gz,acc_mag,gyro_mag,jerk,roll,pitch,tilt_delta",20.0,25.0,uniform_20hz_time_interpolation_to_25hz,impact_peak_centered_label_by_activity,529,661,,,dataset_unit_map,wrist,bits,m/s^2,rad/s,m/s^2,rad/s,1.0,1.0,True,test,fall,fall,0.9999915361404419,lateral,lateral,0.9117146134376526
w25_00003387,bits,C:\Users\ADMIN\Desktop\ds-fall\data\raw\Dataset\fall\user27\user27_fall4.csv,C:\Users\ADMIN\Desktop\ds-fall\data\raw\Dataset,user27,user27_fall4,fall4,forward_fall,forward_fall,1,forward,True,234,284,9.36,11.36,25.0,50,12,"ax,ay,az,gx,gy,gz,acc_mag,gyro_mag,jerk,roll,pitch,tilt_delta",20.0,25.0,uniform_20hz_time_interpolation_to_25hz,impact_peak_centered_label_by_activity,244,304,,,dataset_unit_map,wrist,bits,m/s^2,rad/s,m/s^2,rad/s,1.0,1.0,True,test,fall,fall,0.9999264478683472,forward,forward,0.9931731820106506
w25_00003388,bits,C:\Users\ADMIN\Desktop\ds-fall\data\raw\Dataset\fall\user27\user27_fall5.csv,C:\Users\ADMIN\Desktop\ds-fall\data\raw\Dataset,user27,user27_fall5,fall5,seated_on_bed_falling_on_ground,seated_on_bed_falling_on_ground,1,other,False,210,260,8.4,10.4,25.0,50,12,"ax,ay,az,gx,gy,gz,acc_mag,gyro_mag,jerk,roll,pitch,tilt_delta",20.0,25.0,uniform_20hz_time_interpolation_to_25hz,impact_peak_centered_label_by_activity,241,301,,,dataset_unit_map,wrist,bits,m/s^2,rad/s,m/s^2,rad/s,1.0,1.0,True,test,fall,fall,0.9998483657836914,none,lateral,0.5874010324478149
w25_00003389,bits,C:\Users\ADMIN\Desktop\ds-fall\data\raw\Dataset\fall\user27\user27_fall6.csv,C:\Users\ADMIN\Desktop\ds-fall\data\raw\Dataset,user27,user27_fall6,fall6,forward_fall_body_weight_on_hand,forward_fall_body_weight_on_hand,1,forward,True,190,240,7.6,9.6,25.0,50,12,"ax,ay,az,gx,gy,gz,acc_mag,gyro_mag,jerk,roll,pitch,tilt_delta",20.0,25.0,uniform_20hz_time_interpolation_to_25hz,impact_peak_centered_label_by_activity,272,339,,,dataset_unit_map,wrist,bits,m/s^2,rad/s,m/s^2,rad/s,1.0,1.0,True,test,fall,fall,0.9999988079071045,forward,forward,0.9987727999687195
w25_00003390,bits,C:\Users\ADMIN\Desktop\ds-fall\data\raw\Dataset\fall\user27\user27_fall7.csv,C:\Users\ADMIN\Desktop\ds-fall\data\raw\Dataset,user27,user27_fall7,fall7,backward_fall_from_seated,backward_fall_from_seated,1,backward,True,236,286,9.44,11.44,25.0,50,12,"ax,ay,az,gx,gy,gz,acc_mag,gyro_mag,jerk,roll,pitch,tilt_delta",20.0,25.0,uniform_20hz_time_interpolation_to_25hz,impact_peak_centered_label_by_activity,241,301,,,dataset_unit_map,wrist,bits,m/s^2,rad/s,m/s^2,rad/s,1.0,1.0,True,test,fall,fall,0.9994363188743591,backward,backward,0.8725452423095703
w25_00003391,bits,C:\Users\ADMIN\Desktop\ds-fall\data\raw\Dataset\fall\user27\user27_fall8.csv,C:\Users\ADMIN\Desktop\ds-fall\data\raw\Dataset,user27,user27_fall8,fall8,grabbing_while_falling,grabbing_while_falling,1,other,False,199,249,7.96,9.96,25.0,50,12,"ax,ay,az,gx,gy,gz,acc_mag,gyro_mag,jerk,roll,pitch,tilt_delta",20.0,25.0,uniform_20hz_time_interpolation_to_25hz,impact_peak_centered_label_by_activity,496,619,,,dataset_unit_map,wrist,bits,m/s^2,rad/s,m/s^2,rad/s,1.0,1.0,True,test,fall,non_fall,0.5093756914138794,none,forward,0.9289401173591614
w25_00003400,bits,C:\Users\ADMIN\Desktop\ds-fall\data\raw\Dataset\fall\user29\user29_fall1.csv,C:\Users\ADMIN\Desktop\ds-fall\data\raw\Dataset,user29,user29_fall1,fall1,forward_fall_landing_on_knee,forward_fall_landing_on_knee,1,forward,True,222,272,8.88,10.88,25.0,50,12,"ax,ay,az,gx,gy,gz,acc_mag,gyro_mag,jerk,roll,pitch,tilt_delta",20.0,25.0,uniform_20hz_time_interpolation_to_25hz,impact_peak_centered_label_by_activity,1252,1564,,,dataset_unit_map,wrist,bits,m/s^2,rad/s,m/s^2,rad/s,1.0,1.0,True,test,fall,fall,0.9978000521659851,forward,forward,0.9989989399909973
w25_00003401,bits,C:\Users\ADMIN\Desktop\ds-fall\data\raw\Dataset\fall\user29\user29_fall2.csv,C:\Users\ADMIN\Desktop\ds-fall\data\raw\Dataset,user29,user29_fall2,fall2,right_fall,right_fall,1,lateral,True,255,305,10.2,12.2,25.0,50,12,"ax,ay,az,gx,gy,gz,acc_mag,gyro_mag,jerk,roll,pitch,tilt_delta",20.0,25.0,uniform_20hz_time_interpolation_to_25hz,impact_peak_centered_label_by_activity,728,909,,,dataset_unit_map,wrist,bits,m/s^2,rad/s,m/s^2,rad/s,1.0,1.0,True,test,fall,fall,0.9996451139450073,lateral,lateral,0.8220981359481812
w25_00003402,bits,C:\Users\ADMIN\Desktop\ds-fall\data\raw\Dataset\fall\user29\user29_fall3.csv,C:\Users\ADMIN\Desktop\ds-fall\data\raw\Dataset,user29,user29_fall3,fall3,left_fall,left_fall,1,lateral,True,187,237,7.48,9.48,25.0,50,12,"ax,ay,az,gx,gy,gz,acc_mag,gyro_mag,jerk,roll,pitch,tilt_delta",20.0,25.0,uniform_20hz_time_interpolation_to_25hz,impact_peak_centered_label_by_activity,727,908,,,dataset_unit_map,wrist,bits,m/s^2,rad/s,m/s^2,rad/s,1.0,1.0,True,test,fall,fall,0.9999973773956299,lateral,lateral,0.9916372895240784
w25_00003403,bits,C:\Users\ADMIN\Desktop\ds-fall\data\raw\Dataset\fall\user29\user29_fall4.csv,C:\Users\ADMIN\Desktop\ds-fall\data\raw\Dataset,user29,user29_fall4,fall4,forward_fall,forward_fall,1,forward,True,186,236,7.44,9.44,25.0,50,12,"ax,ay,az,gx,gy,gz,acc_mag,gyro_mag,jerk,roll,pitch,tilt_delta",20.0,25.0,uniform_20hz_time_interpolation_to_25hz,impact_peak_centered_label_by_activity,199,248,,,dataset_unit_map,wrist,bits,m/s^2,rad/s,m/s^2,rad/s,1.0,1.0,True,test,fall,fall,0.9999996423721313,forward,lateral,0.5839621424674988
w25_00003404,bits,C:\Users\ADMIN\Desktop\ds-fall\data\raw\Dataset\fall\user29\user29_fall5.csv,C:\Users\ADMIN\Desktop\ds-fall\data\raw\Dataset,user29,user29_fall5,fall5,seated_on_bed_falling_on_ground,seated_on_bed_falling_on_ground,1,other,False,244,294,9.76,11.76,25.0,50,12,"ax,ay,az,gx,gy,gz,acc_mag,gyro_mag,jerk,roll,pitch,tilt_delta",20.0,25.0,uniform_20hz_time_interpolation_to_25hz,impact_peak_centered_label_by_activity,546,682,,,dataset_unit_map,wrist,bits,m/s^2,rad/s,m/s^2,rad/s,1.0,1.0,True,test,fall,fall,0.9999746084213257,none,backward,0.8762372136116028
w25_00003405,bits,C:\Users\ADMIN\Desktop\ds-fall\data\raw\Dataset\fall\user29\user29_fall6.csv,C:\Users\ADMIN\Desktop\ds-fall\data\raw\Dataset,user29,user29_fall6,fall6,forward_fall_body_weight_on_hand,forward_fall_body_weight_on_hand,1,forward,True,211,261,8.44,10.44,25.0,50,12,"ax,ay,az,gx,gy,gz,acc_mag,gyro_mag,jerk,roll,pitch,tilt_delta",20.0,25.0,uniform_20hz_time_interpolation_to_25hz,impact_peak_centered_label_by_activity,577,721,,,dataset_unit_map,wrist,bits,m/s^2,rad/s,m/s^2,rad/s,1.0,1.0,True,test,fall,fall,0.9999818801879883,forward,forward,0.9993264675140381
w25_00003406,bits,C:\Users\ADMIN\Desktop\ds-fall\data\raw\Dataset\fall\user29\user29_fall7.csv,C:\Users\ADMIN\Desktop\ds-fall\data\raw\Dataset,user29,user29_fall7,fall7,backward_fall_from_seated,backward_fall_from_seated,1,backward,True,232,282,9.28,11.28,25.0,50,12,"ax,ay,az,gx,gy,gz,acc_mag,gyro_mag,jerk,roll,pitch,tilt_delta",20.0,25.0,uniform_20hz_time_interpolation_to_25hz,impact_peak_centered_label_by_activity,1305,1631,,,dataset_unit_map,wrist,bits,m/s^2,rad/s,m/s^2,rad/s,1.0,1.0,True,test,fall,non_fall,0.003097499255090952,backward,backward,0.7339953184127808
w25_00003407,bits,C:\Users\ADMIN\Desktop\ds-fall\data\raw\Dataset\fall\user29\user29_fall8.csv,C:\Users\ADMIN\Desktop\ds-fall\data\raw\Dataset,user29,user29_fall8,fall8,grabbing_while_falling,grabbing_while_falling,1,other,False,250,300,10.0,12.0,25.0,50,12,"ax,ay,az,gx,gy,gz,acc_mag,gyro_mag,jerk,roll,pitch,tilt_delta",20.0,25.0,uniform_20hz_time_interpolation_to_25hz,impact_peak_centered_label_by_activity,879,1098,,,dataset_unit_map,wrist,bits,m/s^2,rad/s,m/s^2,rad/s,1.0,1.0,True,test,fall,fall,0.9998335838317871,none,backward,0.9593329429626465
w25_00003424,bits,C:\Users\ADMIN\Desktop\ds-fall\data\raw\Dataset\fall\user31\user31_.fall1.csv,C:\Users\ADMIN\Desktop\ds-fall\data\raw\Dataset,user31,user31_.fall1,fall1,forward_fall_landing_on_knee,forward_fall_landing_on_knee,1,forward,True,133,183,5.32,7.32,25.0,50,12,"ax,ay,az,gx,gy,gz,acc_mag,gyro_mag,jerk,roll,pitch,tilt_delta",20.0,25.0,uniform_20hz_time_interpolation_to_25hz,impact_peak_centered_label_by_activity,181,226,,,dataset_unit_map,wrist,bits,m/s^2,rad/s,m/s^2,rad/s,1.0,1.0,True,test,fall,fall,0.9477458000183105,forward,forward,0.6798352599143982
w25_00003425,bits,C:\Users\ADMIN\Desktop\ds-fall\data\raw\Dataset\fall\user31\user31_.fall3.csv,C:\Users\ADMIN\Desktop\ds-fall\data\raw\Dataset,user31,user31_.fall3,fall3,left_fall,left_fall,1,lateral,True,162,212,6.48,8.48,25.0,50,12,"ax,ay,az,gx,gy,gz,acc_mag,gyro_mag,jerk,roll,pitch,tilt_delta",20.0,25.0,uniform_20hz_time_interpolation_to_25hz,impact_peak_centered_label_by_activity,328,409,,,dataset_unit_map,wrist,bits,m/s^2,rad/s,m/s^2,rad/s,1.0,1.0,True,test,fall,fall,0.9393463134765625,lateral,lateral,0.9726219177246094
w25_00003426,bits,C:\Users\ADMIN\Desktop\ds-fall\data\raw\Dataset\fall\user31\user31_.fall4.csv,C:\Users\ADMIN\Desktop\ds-fall\data\raw\Dataset,user31,user31_.fall4,fall4,forward_fall,forward_fall,1,forward,True,207,257,8.28,10.28,25.0,50,12,"ax,ay,az,gx,gy,gz,acc_mag,gyro_mag,jerk,roll,pitch,tilt_delta",20.0,25.0,uniform_20hz_time_interpolation_to_25hz,impact_peak_centered_label_by_activity,379,473,,,dataset_unit_map,wrist,bits,m/s^2,rad/s,m/s^2,rad/s,1.0,1.0,True,test,fall,fall,0.9999934434890747,forward,forward,0.9996609687805176
w25_00003427,bits,C:\Users\ADMIN\Desktop\ds-fall\data\raw\Dataset\fall\user31\user31_.fall6.csv,C:\Users\ADMIN\Desktop\ds-fall\data\raw\Dataset,user31,user31_.fall6,fall6,forward_fall_body_weight_on_hand,forward_fall_body_weight_on_hand,1,forward,True,172,222,6.88,8.88,25.0,50,12,"ax,ay,az,gx,gy,gz,acc_mag,gyro_mag,jerk,roll,pitch,tilt_delta",20.0,25.0,uniform_20hz_time_interpolation_to_25hz,impact_peak_centered_label_by_activity,378,472,,,dataset_unit_map,wrist,bits,m/s^2,rad/s,m/s^2,rad/s,1.0,1.0,True,test,fall,fall,1.0,forward,forward,0.9999428987503052
w25_00003428,bits,C:\Users\ADMIN\Desktop\ds-fall\data\raw\Dataset\fall\user31\user31_fall2.csv,C:\Users\ADMIN\Desktop\ds-fall\data\raw\Dataset,user31,user31_fall2,fall2,right_fall,right_fall,1,lateral,True,131,181,5.24,7.24,25.0,50,12,"ax,ay,az,gx,gy,gz,acc_mag,gyro_mag,jerk,roll,pitch,tilt_delta",20.0,25.0,uniform_20hz_time_interpolation_to_25hz,impact_peak_centered_label_by_activity,698,872,,,dataset_unit_map,wrist,bits,m/s^2,rad/s,m/s^2,rad/s,1.0,1.0,True,test,fall,fall,0.985969066619873,lateral,lateral,0.5927442908287048
w25_00003429,bits,C:\Users\ADMIN\Desktop\ds-fall\data\raw\Dataset\fall\user31\user31_fall5.csv,C:\Users\ADMIN\Desktop\ds-fall\data\raw\Dataset,user31,user31_fall5,fall5,seated_on_bed_falling_on_ground,seated_on_bed_falling_on_ground,1,other,False,165,215,6.6,8.6,25.0,50,12,"ax,ay,az,gx,gy,gz,acc_mag,gyro_mag,jerk,roll,pitch,tilt_delta",20.0,25.0,uniform_20hz_time_interpolation_to_25hz,impact_peak_centered_label_by_activity,479,598,,,dataset_unit_map,wrist,bits,m/s^2,rad/s,m/s^2,rad/s,1.0,1.0,True,test,fall,non_fall,0.8929164409637451,none,lateral,0.7998993992805481
w25_00003430,bits,C:\Users\ADMIN\Desktop\ds-fall\data\raw\Dataset\fall\user31\user31_fall7.csv,C:\Users\ADMIN\Desktop\ds-fall\data\raw\Dataset,user31,user31_fall7,fall7,backward_fall_from_seated,backward_fall_from_seated,1,backward,True,195,245,7.8,9.8,25.0,50,12,"ax,ay,az,gx,gy,gz,acc_mag,gyro_mag,jerk,roll,pitch,tilt_delta",20.0,25.0,uniform_20hz_time_interpolation_to_25hz,impact_peak_centered_label_by_activity,281,351,,,dataset_unit_map,wrist,bits,m/s^2,rad/s,m/s^2,rad/s,1.0,1.0,True,test,fall,fall,0.9997076392173767,backward,backward,0.9707648158073425
w25_00003431,bits,C:\Users\ADMIN\Desktop\ds-fall\data\raw\Dataset\fall\user31\user31_fall8.csv,C:\Users\ADMIN\Desktop\ds-fall\data\raw\Dataset,user31,user31_fall8,fall8,grabbing_while_falling,grabbing_while_falling,1,other,False,151,201,6.04,8.04,25.0,50,12,"ax,ay,az,gx,gy,gz,acc_mag,gyro_mag,jerk,roll,pitch,tilt_delta",20.0,25.0,uniform_20hz_time_interpolation_to_25hz,impact_peak_centered_label_by_activity,277,346,,,dataset_unit_map,wrist,bits,m/s^2,rad/s,m/s^2,rad/s,1.0,1.0,True,test,fall,fall,0.9995741248130798,none,backward,0.9746887683868408
w25_00003464,bits,C:\Users\ADMIN\Desktop\ds-fall\data\raw\Dataset\fall\user36\user36_fall1.csv,C:\Users\ADMIN\Desktop\ds-fall\data\raw\Dataset,user36,user36_fall1,fall1,forward_fall_landing_on_knee,forward_fall_landing_on_knee,1,forward,True,137,187,5.48,7.48,25.0,50,12,"ax,ay,az,gx,gy,gz,acc_mag,gyro_mag,jerk,roll,pitch,tilt_delta",20.0,25.0,uniform_20hz_time_interpolation_to_25hz,impact_peak_centered_label_by_activity,183,228,,,dataset_unit_map,wrist,bits,m/s^2,rad/s,m/s^2,rad/s,1.0,1.0,True,test,fall,fall,0.9999167919158936,forward,forward,0.9965112805366516
w25_00003465,bits,C:\Users\ADMIN\Desktop\ds-fall\data\raw\Dataset\fall\user36\user36_fall2.csv,C:\Users\ADMIN\Desktop\ds-fall\data\raw\Dataset,user36,user36_fall2,fall2,right_fall,right_fall,1,lateral,True,204,254,8.16,10.16,25.0,50,12,"ax,ay,az,gx,gy,gz,acc_mag,gyro_mag,jerk,roll,pitch,tilt_delta",20.0,25.0,uniform_20hz_time_interpolation_to_25hz,impact_peak_centered_label_by_activity,204,254,,,dataset_unit_map,wrist,bits,m/s^2,rad/s,m/s^2,rad/s,1.0,1.0,True,test,fall,non_fall,0.32636576890945435,lateral,lateral,0.7570470571517944
w25_00003466,bits,C:\Users\ADMIN\Desktop\ds-fall\data\raw\Dataset\fall\user36\user36_fall3.csv,C:\Users\ADMIN\Desktop\ds-fall\data\raw\Dataset,user36,user36_fall3,fall3,left_fall,left_fall,1,lateral,True,190,240,7.6,9.6,25.0,50,12,"ax,ay,az,gx,gy,gz,acc_mag,gyro_mag,jerk,roll,pitch,tilt_delta",20.0,25.0,uniform_20hz_time_interpolation_to_25hz,impact_peak_centered_label_by_activity,364,454,,,dataset_unit_map,wrist,bits,m/s^2,rad/s,m/s^2,rad/s,1.0,1.0,True,test,fall,fall,0.9992383718490601,lateral,lateral,0.9973733425140381
w25_00003467,bits,C:\Users\ADMIN\Desktop\ds-fall\data\raw\Dataset\fall\user36\user36_fall4.csv,C:\Users\ADMIN\Desktop\ds-fall\data\raw\Dataset,user36,user36_fall4,fall4,forward_fall,forward_fall,1,forward,True,92,142,3.68,5.68,25.0,50,12,"ax,ay,az,gx,gy,gz,acc_mag,gyro_mag,jerk,roll,pitch,tilt_delta",20.0,25.0,uniform_20hz_time_interpolation_to_25hz,impact_peak_centered_label_by_activity,222,277,,,dataset_unit_map,wrist,bits,m/s^2,rad/s,m/s^2,rad/s,1.0,1.0,True,test,fall,fall,1.0,forward,forward,0.9999892711639404
w25_00003468,bits,C:\Users\ADMIN\Desktop\ds-fall\data\raw\Dataset\fall\user36\user36_fall5.csv,C:\Users\ADMIN\Desktop\ds-fall\data\raw\Dataset,user36,user36_fall5,fall5,seated_on_bed_falling_on_ground,seated_on_bed_falling_on_ground,1,other,False,165,215,6.6,8.6,25.0,50,12,"ax,ay,az,gx,gy,gz,acc_mag,gyro_mag,jerk,roll,pitch,tilt_delta",20.0,25.0,uniform_20hz_time_interpolation_to_25hz,impact_peak_centered_label_by_activity,1251,1563,,,dataset_unit_map,wrist,bits,m/s^2,rad/s,m/s^2,rad/s,1.0,1.0,True,test,fall,non_fall,0.7990054488182068,none,lateral,0.7134408354759216
w25_00003469,bits,C:\Users\ADMIN\Desktop\ds-fall\data\raw\Dataset\fall\user36\user36_fall6.csv,C:\Users\ADMIN\Desktop\ds-fall\data\raw\Dataset,user36,user36_fall6,fall6,forward_fall_body_weight_on_hand,forward_fall_body_weight_on_hand,1,forward,True,136,186,5.44,7.44,25.0,50,12,"ax,ay,az,gx,gy,gz,acc_mag,gyro_mag,jerk,roll,pitch,tilt_delta",20.0,25.0,uniform_20hz_time_interpolation_to_25hz,impact_peak_centered_label_by_activity,244,304,,,dataset_unit_map,wrist,bits,m/s^2,rad/s,m/s^2,rad/s,1.0,1.0,True,test,fall,fall,1.0,forward,forward,0.9999996423721313
w25_00003470,bits,C:\Users\ADMIN\Desktop\ds-fall\data\raw\Dataset\fall\user36\user36_fall7.csv,C:\Users\ADMIN\Desktop\ds-fall\data\raw\Dataset,user36,user36_fall7,fall7,backward_fall_from_seated,backward_fall_from_seated,1,backward,True,145,195,5.8,7.8,25.0,50,12,"ax,ay,az,gx,gy,gz,acc_mag,gyro_mag,jerk,roll,pitch,tilt_delta",20.0,25.0,uniform_20hz_time_interpolation_to_25hz,impact_peak_centered_label_by_activity,518,647,,,dataset_unit_map,wrist,bits,m/s^2,rad/s,m/s^2,rad/s,1.0,1.0,True,test,fall,fall,0.9995055198669434,backward,backward,0.9785144925117493
w25_00003471,bits,C:\Users\ADMIN\Desktop\ds-fall\data\raw\Dataset\fall\user36\user36_fall8.csv,C:\Users\ADMIN\Desktop\ds-fall\data\raw\Dataset,user36,user36_fall8,fall8,grabbing_while_falling,grabbing_while_falling,1,other,False,171,221,6.84,8.84,25.0,50,12,"ax,ay,az,gx,gy,gz,acc_mag,gyro_mag,jerk,roll,pitch,tilt_delta",20.0,25.0,uniform_20hz_time_interpolation_to_25hz,impact_peak_centered_label_by_activity,773,966,,,dataset_unit_map,wrist,bits,m/s^2,rad/s,m/s^2,rad/s,1.0,1.0,True,test,fall,fall,0.9999998807907104,none,forward,0.9980089068412781
w25_00003488,bits,C:\Users\ADMIN\Desktop\ds-fall\data\raw\Dataset\fall\user39\user39_fall1.csv,C:\Users\ADMIN\Desktop\ds-fall\data\raw\Dataset,user39,user39_fall1,fall1,forward_fall_landing_on_knee,forward_fall_landing_on_knee,1,forward,True,140,190,5.6,7.6,25.0,50,12,"ax,ay,az,gx,gy,gz,acc_mag,gyro_mag,jerk,roll,pitch,tilt_delta",20.0,25.0,uniform_20hz_time_interpolation_to_25hz,impact_peak_centered_label_by_activity,376,469,,,dataset_unit_map,wrist,bits,m/s^2,rad/s,m/s^2,rad/s,1.0,1.0,True,test,fall,fall,0.9999995231628418,forward,forward,0.9998204112052917
w25_00003489,bits,C:\Users\ADMIN\Desktop\ds-fall\data\raw\Dataset\fall\user39\user39_fall2.csv,C:\Users\ADMIN\Desktop\ds-fall\data\raw\Dataset,user39,user39_fall2,fall2,right_fall,right_fall,1,lateral,True,222,272,8.88,10.88,25.0,50,12,"ax,ay,az,gx,gy,gz,acc_mag,gyro_mag,jerk,roll,pitch,tilt_delta",20.0,25.0,uniform_20hz_time_interpolation_to_25hz,impact_peak_centered_label_by_activity,722,902,,,dataset_unit_map,wrist,bits,m/s^2,rad/s,m/s^2,rad/s,1.0,1.0,True,test,fall,fall,0.9996041655540466,lateral,backward,0.942410945892334
w25_00003490,bits,C:\Users\ADMIN\Desktop\ds-fall\data\raw\Dataset\fall\user39\user39_fall3.csv,C:\Users\ADMIN\Desktop\ds-fall\data\raw\Dataset,user39,user39_fall3,fall3,left_fall,left_fall,1,lateral,True,178,228,7.12,9.12,25.0,50,12,"ax,ay,az,gx,gy,gz,acc_mag,gyro_mag,jerk,roll,pitch,tilt_delta",20.0,25.0,uniform_20hz_time_interpolation_to_25hz,impact_peak_centered_label_by_activity,428,534,,,dataset_unit_map,wrist,bits,m/s^2,rad/s,m/s^2,rad/s,1.0,1.0,True,test,fall,fall,0.9940749406814575,lateral,lateral,0.9888201355934143
w25_00003491,bits,C:\Users\ADMIN\Desktop\ds-fall\data\raw\Dataset\fall\user39\user39_fall4.csv,C:\Users\ADMIN\Desktop\ds-fall\data\raw\Dataset,user39,user39_fall4,fall4,forward_fall,forward_fall,1,forward,True,154,204,6.16,8.16,25.0,50,12,"ax,ay,az,gx,gy,gz,acc_mag,gyro_mag,jerk,roll,pitch,tilt_delta",20.0,25.0,uniform_20hz_time_interpolation_to_25hz,impact_peak_centered_label_by_activity,475,593,,,dataset_unit_map,wrist,bits,m/s^2,rad/s,m/s^2,rad/s,1.0,1.0,True,test,fall,fall,1.0,forward,forward,0.9999933242797852
w25_00003492,bits,C:\Users\ADMIN\Desktop\ds-fall\data\raw\Dataset\fall\user39\user39_fall5.csv,C:\Users\ADMIN\Desktop\ds-fall\data\raw\Dataset,user39,user39_fall5,fall5,seated_on_bed_falling_on_ground,seated_on_bed_falling_on_ground,1,other,False,175,225,7.0,9.0,25.0,50,12,"ax,ay,az,gx,gy,gz,acc_mag,gyro_mag,jerk,roll,pitch,tilt_delta",20.0,25.0,uniform_20hz_time_interpolation_to_25hz,impact_peak_centered_label_by_activity,343,428,,,dataset_unit_map,wrist,bits,m/s^2,rad/s,m/s^2,rad/s,1.0,1.0,True,test,fall,fall,0.9999642372131348,none,lateral,0.8099442720413208
w25_00003493,bits,C:\Users\ADMIN\Desktop\ds-fall\data\raw\Dataset\fall\user39\user39_fall6.csv,C:\Users\ADMIN\Desktop\ds-fall\data\raw\Dataset,user39,user39_fall6,fall6,forward_fall_body_weight_on_hand,forward_fall_body_weight_on_hand,1,forward,True,163,213,6.52,8.52,25.0,50,12,"ax,ay,az,gx,gy,gz,acc_mag,gyro_mag,jerk,roll,pitch,tilt_delta",20.0,25.0,uniform_20hz_time_interpolation_to_25hz,impact_peak_centered_label_by_activity,570,712,,,dataset_unit_map,wrist,bits,m/s^2,rad/s,m/s^2,rad/s,1.0,1.0,True,test,fall,fall,0.9999994039535522,forward,forward,0.9247732758522034
w25_00003494,bits,C:\Users\ADMIN\Desktop\ds-fall\data\raw\Dataset\fall\user39\user39_fall7.csv,C:\Users\ADMIN\Desktop\ds-fall\data\raw\Dataset,user39,user39_fall7,fall7,backward_fall_from_seated,backward_fall_from_seated,1,backward,True,183,233,7.32,9.32,25.0,50,12,"ax,ay,az,gx,gy,gz,acc_mag,gyro_mag,jerk,roll,pitch,tilt_delta",20.0,25.0,uniform_20hz_time_interpolation_to_25hz,impact_peak_centered_label_by_activity,187,233,,,dataset_unit_map,wrist,bits,m/s^2,rad/s,m/s^2,rad/s,1.0,1.0,True,test,fall,non_fall,1.2488706488511525e-05,backward,lateral,0.41093581914901733
w25_00003495,bits,C:\Users\ADMIN\Desktop\ds-fall\data\raw\Dataset\fall\user39\user39_fall8.csv,C:\Users\ADMIN\Desktop\ds-fall\data\raw\Dataset,user39,user39_fall8,fall8,grabbing_while_falling,grabbing_while_falling,1,other,False,191,241,7.64,9.64,25.0,50,12,"ax,ay,az,gx,gy,gz,acc_mag,gyro_mag,jerk,roll,pitch,tilt_delta",20.0,25.0,uniform_20hz_time_interpolation_to_25hz,impact_peak_centered_label_by_activity,504,629,,,dataset_unit_map,wrist,bits,m/s^2,rad/s,m/s^2,rad/s,1.0,1.0,True,test,fall,fall,0.9999052286148071,none,forward,0.9973089694976807
w25_00003575,weda,C:\Users\ADMIN\Desktop\ds-fall\data\raw\WEDA-FALL-main\dataset\25Hz\D01\U04_R01_accel.csv,C:\Users\ADMIN\Desktop\ds-fall\data\raw\WEDA-FALL-main\dataset\25Hz,U04,D01_R01,D01,walking,walking,0,none,False,0,50,0.006,1.966,25.0,50,12,"ax,ay,az,gx,gy,gz,acc_mag,gyro_mag,jerk,roll,pitch,tilt_delta",25.0,25.0,raw_25hz_time_aligned_to_uniform_25hz,adl_sliding_capped,491,496,,,dataset_unit_map,wrist,weda,m/s^2,rad/s,m/s^2,rad/s,1.0,1.0,True,test,non_fall,non_fall,0.002539308974519372,none,forward,0.7936690449714661
w25_00003576,weda,C:\Users\ADMIN\Desktop\ds-fall\data\raw\WEDA-FALL-main\dataset\25Hz\D01\U04_R01_accel.csv,C:\Users\ADMIN\Desktop\ds-fall\data\raw\WEDA-FALL-main\dataset\25Hz,U04,D01_R01,D01,walking,walking,0,none,False,12,62,0.486,2.4459999999999997,25.0,50,12,"ax,ay,az,gx,gy,gz,acc_mag,gyro_mag,jerk,roll,pitch,tilt_delta",25.0,25.0,raw_25hz_time_aligned_to_uniform_25hz,adl_sliding_capped,491,496,,,dataset_unit_map,wrist,weda,m/s^2,rad/s,m/s^2,rad/s,1.0,1.0,True,test,non_fall,non_fall,0.0039473106153309345,none,forward,0.6977937817573547
w25_00003577,weda,C:\Users\ADMIN\Desktop\ds-fall\data\raw\WEDA-FALL-main\dataset\25Hz\D01\U04_R01_accel.csv,C:\Users\ADMIN\Desktop\ds-fall\data\raw\WEDA-FALL-main\dataset\25Hz,U04,D01_R01,D01,walking,walking,0,none,False,24,74,0.966,2.9259999999999997,25.0,50,12,"ax,ay,az,gx,gy,gz,acc_mag,gyro_mag,jerk,roll,pitch,tilt_delta",25.0,25.0,raw_25hz_time_aligned_to_uniform_25hz,adl_sliding_capped,491,496,,,dataset_unit_map,wrist,weda,m/s^2,rad/s,m/s^2,rad/s,1.0,1.0,True,test,non_fall,non_fall,0.00694298604503274,none,forward,0.9254972338676453
w25_00003578,weda,C:\Users\ADMIN\Desktop\ds-fall\data\raw\WEDA-FALL-main\dataset\25Hz\D01\U04_R01_accel.csv,C:\Users\ADMIN\Desktop\ds-fall\data\raw\WEDA-FALL-main\dataset\25Hz,U04,D01_R01,D01,walking,walking,0,none,False,36,86,1.446,3.4059999999999997,25.0,50,12,"ax,ay,az,gx,gy,gz,acc_mag,gyro_mag,jerk,roll,pitch,tilt_delta",25.0,25.0,raw_25hz_time_aligned_to_uniform_25hz,adl_sliding_capped,491,496,,,dataset_unit_map,wrist,weda,m/s^2,rad/s,m/s^2,rad/s,1.0,1.0,True,test,non_fall,non_fall,0.001067838165909052,none,forward,0.9095444083213806
w25_00003579,weda,C:\Users\ADMIN\Desktop\ds-fall\data\raw\WEDA-FALL-main\dataset\25Hz\D01\U04_R01_accel.csv,C:\Users\ADMIN\Desktop\ds-fall\data\raw\WEDA-FALL-main\dataset\25Hz,U04,D01_R01,D01,walking,walking,0,none,False,48,98,1.926,3.8859999999999997,25.0,50,12,"ax,ay,az,gx,gy,gz,acc_mag,gyro_mag,jerk,roll,pitch,tilt_delta",25.0,25.0,raw_25hz_time_aligned_to_uniform_25hz,adl_sliding_capped,491,496,,,dataset_unit_map,wrist,weda,m/s^2,rad/s,m/s^2,rad/s,1.0,1.0,True,test,non_fall,non_fall,0.0005922900745645165,none,forward,0.9297866821289062
w25_00003645,weda,C:\Users\ADMIN\Desktop\ds-fall\data\raw\WEDA-FALL-main\dataset\25Hz\D01\U24_R01_accel.csv,C:\Users\ADMIN\Desktop\ds-fall\data\raw\WEDA-FALL-main\dataset\25Hz,U24,D01_R01,D01,walking,walking,0,none,False,0,50,0.002,1.962,25.0,50,12,"ax,ay,az,gx,gy,gz,acc_mag,gyro_mag,jerk,roll,pitch,tilt_delta",25.0,25.0,raw_25hz_time_aligned_to_uniform_25hz,adl_sliding_capped,610,615,,,dataset_unit_map,wrist,weda,m/s^2,rad/s,m/s^2,rad/s,1.0,1.0,True,test,non_fall,non_fall,1.7441640011384152e-05,none,forward,0.8741016983985901
w25_00003646,weda,C:\Users\ADMIN\Desktop\ds-fall\data\raw\WEDA-FALL-main\dataset\25Hz\D01\U24_R01_accel.csv,C:\Users\ADMIN\Desktop\ds-fall\data\raw\WEDA-FALL-main\dataset\25Hz,U24,D01_R01,D01,walking,walking,0,none,False,12,62,0.482,2.4419999999999997,25.0,50,12,"ax,ay,az,gx,gy,gz,acc_mag,gyro_mag,jerk,roll,pitch,tilt_delta",25.0,25.0,raw_25hz_time_aligned_to_uniform_25hz,adl_sliding_capped,610,615,,,dataset_unit_map,wrist,weda,m/s^2,rad/s,m/s^2,rad/s,1.0,1.0,True,test,non_fall,non_fall,1.6419053281424567e-05,none,forward,0.878399133682251
w25_00003647,weda,C:\Users\ADMIN\Desktop\ds-fall\data\raw\WEDA-FALL-main\dataset\25Hz\D01\U24_R01_accel.csv,C:\Users\ADMIN\Desktop\ds-fall\data\raw\WEDA-FALL-main\dataset\25Hz,U24,D01_R01,D01,walking,walking,0,none,False,24,74,0.962,2.9219999999999997,25.0,50,12,"ax,ay,az,gx,gy,gz,acc_mag,gyro_mag,jerk,roll,pitch,tilt_delta",25.0,25.0,raw_25hz_time_aligned_to_uniform_25hz,adl_sliding_capped,610,615,,,dataset_unit_map,wrist,weda,m/s^2,rad/s,m/s^2,rad/s,1.0,1.0,True,test,non_fall,non_fall,1.5284000255633146e-05,none,forward,0.8839032053947449
w25_00003648,weda,C:\Users\ADMIN\Desktop\ds-fall\data\raw\WEDA-FALL-main\dataset\25Hz\D01\U24_R01_accel.csv,C:\Users\ADMIN\Desktop\ds-fall\data\raw\WEDA-FALL-main\dataset\25Hz,U24,D01_R01,D01,walking,walking,0,none,False,36,86,1.442,3.4019999999999997,25.0,50,12,"ax,ay,az,gx,gy,gz,acc_mag,gyro_mag,jerk,roll,pitch,tilt_delta",25.0,25.0,raw_25hz_time_aligned_to_uniform_25hz,adl_sliding_capped,610,615,,,dataset_unit_map,wrist,weda,m/s^2,rad/s,m/s^2,rad/s,1.0,1.0,True,test,non_fall,non_fall,1.8906566765508614e-05,none,forward,0.8821681141853333
w25_00003649,weda,C:\Users\ADMIN\Desktop\ds-fall\data\raw\WEDA-FALL-main\dataset\25Hz\D01\U24_R01_accel.csv,C:\Users\ADMIN\Desktop\ds-fall\data\raw\WEDA-FALL-main\dataset\25Hz,U24,D01_R01,D01,walking,walking,0,none,False,48,98,1.922,3.8819999999999997,25.0,50,12,"ax,ay,az,gx,gy,gz,acc_mag,gyro_mag,jerk,roll,pitch,tilt_delta",25.0,25.0,raw_25hz_time_aligned_to_uniform_25hz,adl_sliding_capped,610,615,,,dataset_unit_map,wrist,weda,m/s^2,rad/s,m/s^2,rad/s,1.0,1.0,True,test,non_fall,non_fall,4.9605518142925575e-05,none,forward,0.887477457523346
w25_00003650,weda,C:\Users\ADMIN\Desktop\ds-fall\data\raw\WEDA-FALL-main\dataset\25Hz\D01\U25_R01_accel.csv,C:\Users\ADMIN\Desktop\ds-fall\data\raw\WEDA-FALL-main\dataset\25Hz,U25,D01_R01,D01,walking,walking,0,none,False,0,50,0.002,1.962,25.0,50,12,"ax,ay,az,gx,gy,gz,acc_mag,gyro_mag,jerk,roll,pitch,tilt_delta",25.0,25.0,raw_25hz_time_aligned_to_uniform_25hz,adl_sliding_capped,456,461,,,dataset_unit_map,wrist,weda,m/s^2,rad/s,m/s^2,rad/s,1.0,1.0,True,test,non_fall,non_fall,6.757374649168923e-05,none,forward,0.8716281652450562
w25_00003651,weda,C:\Users\ADMIN\Desktop\ds-fall\data\raw\WEDA-FALL-main\dataset\25Hz\D01\U25_R01_accel.csv,C:\Users\ADMIN\Desktop\ds-fall\data\raw\WEDA-FALL-main\dataset\25Hz,U25,D01_R01,D01,walking,walking,0,none,False,12,62,0.482,2.4419999999999997,25.0,50,12,"ax,ay,az,gx,gy,gz,acc_mag,gyro_mag,jerk,roll,pitch,tilt_delta",25.0,25.0,raw_25hz_time_aligned_to_uniform_25hz,adl_sliding_capped,456,461,,,dataset_unit_map,wrist,weda,m/s^2,rad/s,m/s^2,rad/s,1.0,1.0,True,test,non_fall,non_fall,8.855514170136303e-05,none,forward,0.8608170747756958
w25_00003652,weda,C:\Users\ADMIN\Desktop\ds-fall\data\raw\WEDA-FALL-main\dataset\25Hz\D01\U25_R01_accel.csv,C:\Users\ADMIN\Desktop\ds-fall\data\raw\WEDA-FALL-main\dataset\25Hz,U25,D01_R01,D01,walking,walking,0,none,False,24,74,0.962,2.9219999999999997,25.0,50,12,"ax,ay,az,gx,gy,gz,acc_mag,gyro_mag,jerk,roll,pitch,tilt_delta",25.0,25.0,raw_25hz_time_aligned_to_uniform_25hz,adl_sliding_capped,456,461,,,dataset_unit_map,wrist,weda,m/s^2,rad/s,m/s^2,rad/s,1.0,1.0,True,test,non_fall,non_fall,0.00014345094677992165,none,forward,0.8819239139556885
w25_00003653,weda,C:\Users\ADMIN\Desktop\ds-fall\data\raw\WEDA-FALL-main\dataset\25Hz\D01\U25_R01_accel.csv,C:\Users\ADMIN\Desktop\ds-fall\data\raw\WEDA-FALL-main\dataset\25Hz,U25,D01_R01,D01,walking,walking,0,none,False,36,86,1.442,3.4019999999999997,25.0,50,12,"ax,ay,az,gx,gy,gz,acc_mag,gyro_mag,jerk,roll,pitch,tilt_delta",25.0,25.0,raw_25hz_time_aligned_to_uniform_25hz,adl_sliding_capped,456,461,,,dataset_unit_map,wrist,weda,m/s^2,rad/s,m/s^2,rad/s,1.0,1.0,True,test,non_fall,non_fall,0.00024491813383065164,none,forward,0.8117884397506714
w25_00003654,weda,C:\Users\ADMIN\Desktop\ds-fall\data\raw\WEDA-FALL-main\dataset\25Hz\D01\U25_R01_accel.csv,C:\Users\ADMIN\Desktop\ds-fall\data\raw\WEDA-FALL-main\dataset\25Hz,U25,D01_R01,D01,walking,walking,0,none,False,48,98,1.922,3.8819999999999997,25.0,50,12,"ax,ay,az,gx,gy,gz,acc_mag,gyro_mag,jerk,roll,pitch,tilt_delta",25.0,25.0,raw_25hz_time_aligned_to_uniform_25hz,adl_sliding_capped,456,461,,,dataset_unit_map,wrist,weda,m/s^2,rad/s,m/s^2,rad/s,1.0,1.0,True,test,non_fall,non_fall,0.00010618749365676194,none,forward,0.8305680751800537
w25_00003700,weda,C:\Users\ADMIN\Desktop\ds-fall\data\raw\WEDA-FALL-main\dataset\25Hz\D02\U04_R01_accel.csv,C:\Users\ADMIN\Desktop\ds-fall\data\raw\WEDA-FALL-main\dataset\25Hz,U04,D02_R01,D02,jogging,jogging,0,none,False,0,50,0.001,1.9609999999999999,25.0,50,12,"ax,ay,az,gx,gy,gz,acc_mag,gyro_mag,jerk,roll,pitch,tilt_delta",25.0,25.0,raw_25hz_time_aligned_to_uniform_25hz,adl_sliding_capped,376,378,,,dataset_unit_map,wrist,weda,m/s^2,rad/s,m/s^2,rad/s,1.0,1.0,True,test,non_fall,non_fall,0.5298551321029663,none,lateral,0.750821590423584
w25_00003701,weda,C:\Users\ADMIN\Desktop\ds-fall\data\raw\WEDA-FALL-main\dataset\25Hz\D02\U04_R01_accel.csv,C:\Users\ADMIN\Desktop\ds-fall\data\raw\WEDA-FALL-main\dataset\25Hz,U04,D02_R01,D02,jogging,jogging,0,none,False,12,62,0.481,2.441,25.0,50,12,"ax,ay,az,gx,gy,gz,acc_mag,gyro_mag,jerk,roll,pitch,tilt_delta",25.0,25.0,raw_25hz_time_aligned_to_uniform_25hz,adl_sliding_capped,376,378,,,dataset_unit_map,wrist,weda,m/s^2,rad/s,m/s^2,rad/s,1.0,1.0,True,test,non_fall,non_fall,0.17007410526275635,none,backward,0.8450642228126526
w25_00003702,weda,C:\Users\ADMIN\Desktop\ds-fall\data\raw\WEDA-FALL-main\dataset\25Hz\D02\U04_R01_accel.csv,C:\Users\ADMIN\Desktop\ds-fall\data\raw\WEDA-FALL-main\dataset\25Hz,U04,D02_R01,D02,jogging,jogging,0,none,False,24,74,0.961,2.921,25.0,50,12,"ax,ay,az,gx,gy,gz,acc_mag,gyro_mag,jerk,roll,pitch,tilt_delta",25.0,25.0,raw_25hz_time_aligned_to_uniform_25hz,adl_sliding_capped,376,378,,,dataset_unit_map,wrist,weda,m/s^2,rad/s,m/s^2,rad/s,1.0,1.0,True,test,non_fall,non_fall,0.1603311151266098,none,backward,0.6817232370376587
w25_00003703,weda,C:\Users\ADMIN\Desktop\ds-fall\data\raw\WEDA-FALL-main\dataset\25Hz\D02\U04_R01_accel.csv,C:\Users\ADMIN\Desktop\ds-fall\data\raw\WEDA-FALL-main\dataset\25Hz,U04,D02_R01,D02,jogging,jogging,0,none,False,36,86,1.4409999999999998,3.401,25.0,50,12,"ax,ay,az,gx,gy,gz,acc_mag,gyro_mag,jerk,roll,pitch,tilt_delta",25.0,25.0,raw_25hz_time_aligned_to_uniform_25hz,adl_sliding_capped,376,378,,,dataset_unit_map,wrist,weda,m/s^2,rad/s,m/s^2,rad/s,1.0,1.0,True,test,non_fall,non_fall,0.5114122033119202,none,backward,0.7506644129753113
w25_00003704,weda,C:\Users\ADMIN\Desktop\ds-fall\data\raw\WEDA-FALL-main\dataset\25Hz\D02\U04_R01_accel.csv,C:\Users\ADMIN\Desktop\ds-fall\data\raw\WEDA-FALL-main\dataset\25Hz,U04,D02_R01,D02,jogging,jogging,0,none,False,48,98,1.9209999999999998,3.881,25.0,50,12,"ax,ay,az,gx,gy,gz,acc_mag,gyro_mag,jerk,roll,pitch,tilt_delta",25.0,25.0,raw_25hz_time_aligned_to_uniform_25hz,adl_sliding_capped,376,378,,,dataset_unit_map,wrist,weda,m/s^2,rad/s,m/s^2,rad/s,1.0,1.0,True,test,non_fall,non_fall,0.5433241724967957,none,backward,0.7736676931381226
w25_00003770,weda,C:\Users\ADMIN\Desktop\ds-fall\data\raw\WEDA-FALL-main\dataset\25Hz\D03\U04_R01_accel.csv,C:\Users\ADMIN\Desktop\ds-fall\data\raw\WEDA-FALL-main\dataset\25Hz,U04,D03_R01,D03,stairs,stairs,0,none,False,0,50,0.002,1.962,25.0,50,12,"ax,ay,az,gx,gy,gz,acc_mag,gyro_mag,jerk,roll,pitch,tilt_delta",25.0,25.0,raw_25hz_time_aligned_to_uniform_25hz,adl_sliding_capped,639,646,,,dataset_unit_map,wrist,weda,m/s^2,rad/s,m/s^2,rad/s,1.0,1.0,True,test,non_fall,non_fall,0.0032637722324579954,none,forward,0.39506229758262634
w25_00003771,weda,C:\Users\ADMIN\Desktop\ds-fall\data\raw\WEDA-FALL-main\dataset\25Hz\D03\U04_R01_accel.csv,C:\Users\ADMIN\Desktop\ds-fall\data\raw\WEDA-FALL-main\dataset\25Hz,U04,D03_R01,D03,stairs,stairs,0,none,False,12,62,0.482,2.4419999999999997,25.0,50,12,"ax,ay,az,gx,gy,gz,acc_mag,gyro_mag,jerk,roll,pitch,tilt_delta",25.0,25.0,raw_25hz_time_aligned_to_uniform_25hz,adl_sliding_capped,639,646,,,dataset_unit_map,wrist,weda,m/s^2,rad/s,m/s^2,rad/s,1.0,1.0,True,test,non_fall,non_fall,0.00018747200374491513,none,forward,0.9457967281341553
w25_00003772,weda,C:\Users\ADMIN\Desktop\ds-fall\data\raw\WEDA-FALL-main\dataset\25Hz\D03\U04_R01_accel.csv,C:\Users\ADMIN\Desktop\ds-fall\data\raw\WEDA-FALL-main\dataset\25Hz,U04,D03_R01,D03,stairs,stairs,0,none,False,24,74,0.962,2.9219999999999997,25.0,50,12,"ax,ay,az,gx,gy,gz,acc_mag,gyro_mag,jerk,roll,pitch,tilt_delta",25.0,25.0,raw_25hz_time_aligned_to_uniform_25hz,adl_sliding_capped,639,646,,,dataset_unit_map,wrist,weda,m/s^2,rad/s,m/s^2,rad/s,1.0,1.0,True,test,non_fall,non_fall,0.00011757843458326533,none,forward,0.9737253785133362
w25_00003773,weda,C:\Users\ADMIN\Desktop\ds-fall\data\raw\WEDA-FALL-main\dataset\25Hz\D03\U04_R01_accel.csv,C:\Users\ADMIN\Desktop\ds-fall\data\raw\WEDA-FALL-main\dataset\25Hz,U04,D03_R01,D03,stairs,stairs,0,none,False,36,86,1.442,3.4019999999999997,25.0,50,12,"ax,ay,az,gx,gy,gz,acc_mag,gyro_mag,jerk,roll,pitch,tilt_delta",25.0,25.0,raw_25hz_time_aligned_to_uniform_25hz,adl_sliding_capped,639,646,,,dataset_unit_map,wrist,weda,m/s^2,rad/s,m/s^2,rad/s,1.0,1.0,True,test,non_fall,non_fall,9.468610369367525e-05,none,forward,0.9850163459777832
w25_00003774,weda,C:\Users\ADMIN\Desktop\ds-fall\data\raw\WEDA-FALL-main\dataset\25Hz\D03\U04_R01_accel.csv,C:\Users\ADMIN\Desktop\ds-fall\data\raw\WEDA-FALL-main\dataset\25Hz,U04,D03_R01,D03,stairs,stairs,0,none,False,48,98,1.922,3.8819999999999997,25.0,50,12,"ax,ay,az,gx,gy,gz,acc_mag,gyro_mag,jerk,roll,pitch,tilt_delta",25.0,25.0,raw_25hz_time_aligned_to_uniform_25hz,adl_sliding_capped,639,646,,,dataset_unit_map,wrist,weda,m/s^2,rad/s,m/s^2,rad/s,1.0,1.0,True,test,non_fall,non_fall,0.0027216284070163965,none,forward,0.9391186833381653
w25_00003830,weda,C:\Users\ADMIN\Desktop\ds-fall\data\raw\WEDA-FALL-main\dataset\25Hz\D03\U24_R01_accel.csv,C:\Users\ADMIN\Desktop\ds-fall\data\raw\WEDA-FALL-main\dataset\25Hz,U24,D03_R01,D03,stairs,stairs,0,none,False,0,50,0.002,1.962,25.0,50,12,"ax,ay,az,gx,gy,gz,acc_mag,gyro_mag,jerk,roll,pitch,tilt_delta",25.0,25.0,raw_25hz_time_aligned_to_uniform_25hz,adl_sliding_capped,998,1008,,,dataset_unit_map,wrist,weda,m/s^2,rad/s,m/s^2,rad/s,1.0,1.0,True,test,non_fall,non_fall,0.00015858042752370238,none,forward,0.5715096592903137
w25_00003831,weda,C:\Users\ADMIN\Desktop\ds-fall\data\raw\WEDA-FALL-main\dataset\25Hz\D03\U24_R01_accel.csv,C:\Users\ADMIN\Desktop\ds-fall\data\raw\WEDA-FALL-main\dataset\25Hz,U24,D03_R01,D03,stairs,stairs,0,none,False,12,62,0.482,2.4419999999999997,25.0,50,12,"ax,ay,az,gx,gy,gz,acc_mag,gyro_mag,jerk,roll,pitch,tilt_delta",25.0,25.0,raw_25hz_time_aligned_to_uniform_25hz,adl_sliding_capped,998,1008,,,dataset_unit_map,wrist,weda,m/s^2,rad/s,m/s^2,rad/s,1.0,1.0,True,test,non_fall,non_fall,0.00013012136332690716,none,forward,0.587145984172821
w25_00003832,weda,C:\Users\ADMIN\Desktop\ds-fall\data\raw\WEDA-FALL-main\dataset\25Hz\D03\U24_R01_accel.csv,C:\Users\ADMIN\Desktop\ds-fall\data\raw\WEDA-FALL-main\dataset\25Hz,U24,D03_R01,D03,stairs,stairs,0,none,False,24,74,0.962,2.9219999999999997,25.0,50,12,"ax,ay,az,gx,gy,gz,acc_mag,gyro_mag,jerk,roll,pitch,tilt_delta",25.0,25.0,raw_25hz_time_aligned_to_uniform_25hz,adl_sliding_capped,998,1008,,,dataset_unit_map,wrist,weda,m/s^2,rad/s,m/s^2,rad/s,1.0,1.0,True,test,non_fall,non_fall,0.00014130565978121012,none,forward,0.5835882425308228
w25_00003833,weda,C:\Users\ADMIN\Desktop\ds-fall\data\raw\WEDA-FALL-main\dataset\25Hz\D03\U24_R01_accel.csv,C:\Users\ADMIN\Desktop\ds-fall\data\raw\WEDA-FALL-main\dataset\25Hz,U24,D03_R01,D03,stairs,stairs,0,none,False,36,86,1.442,3.4019999999999997,25.0,50,12,"ax,ay,az,gx,gy,gz,acc_mag,gyro_mag,jerk,roll,pitch,tilt_delta",25.0,25.0,raw_25hz_time_aligned_to_uniform_25hz,adl_sliding_capped,998,1008,,,dataset_unit_map,wrist,weda,m/s^2,rad/s,m/s^2,rad/s,1.0,1.0,True,test,non_fall,non_fall,0.00015466260083485395,none,forward,0.6007596254348755
w25_00003834,weda,C:\Users\ADMIN\Desktop\ds-fall\data\raw\WEDA-FALL-main\dataset\25Hz\D03\U24_R01_accel.csv,C:\Users\ADMIN\Desktop\ds-fall\data\raw\WEDA-FALL-main\dataset\25Hz,U24,D03_R01,D03,stairs,stairs,0,none,False,48,98,1.922,3.8819999999999997,25.0,50,12,"ax,ay,az,gx,gy,gz,acc_mag,gyro_mag,jerk,roll,pitch,tilt_delta",25.0,25.0,raw_25hz_time_aligned_to_uniform_25hz,adl_sliding_capped,998,1008,,,dataset_unit_map,wrist,weda,m/s^2,rad/s,m/s^2,rad/s,1.0,1.0,True,test,non_fall,non_fall,7.921740325400606e-05,none,forward,0.6646806597709656
w25_00003880,weda,C:\Users\ADMIN\Desktop\ds-fall\data\raw\WEDA-FALL-main\dataset\25Hz\D04\U04_R01_accel.csv,C:\Users\ADMIN\Desktop\ds-fall\data\raw\WEDA-FALL-main\dataset\25Hz,U04,D04_R01,D04,sit_wait_stand,sit_wait_stand,0,none,False,0,50,0.002,1.962,25.0,50,12,"ax,ay,az,gx,gy,gz,acc_mag,gyro_mag,jerk,roll,pitch,tilt_delta",25.0,25.0,raw_25hz_time_aligned_to_uniform_25hz,adl_sliding_capped,285,286,,,dataset_unit_map,wrist,weda,m/s^2,rad/s,m/s^2,rad/s,1.0,1.0,True,test,non_fall,non_fall,0.001358899287879467,none,lateral,0.5362648367881775
w25_00003881,weda,C:\Users\ADMIN\Desktop\ds-fall\data\raw\WEDA-FALL-main\dataset\25Hz\D04\U04_R01_accel.csv,C:\Users\ADMIN\Desktop\ds-fall\data\raw\WEDA-FALL-main\dataset\25Hz,U04,D04_R01,D04,sit_wait_stand,sit_wait_stand,0,none,False,12,62,0.482,2.4419999999999997,25.0,50,12,"ax,ay,az,gx,gy,gz,acc_mag,gyro_mag,jerk,roll,pitch,tilt_delta",25.0,25.0,raw_25hz_time_aligned_to_uniform_25hz,adl_sliding_capped,285,286,,,dataset_unit_map,wrist,weda,m/s^2,rad/s,m/s^2,rad/s,1.0,1.0,True,test,non_fall,non_fall,0.002736827591434121,none,lateral,0.4682566523551941
w25_00003882,weda,C:\Users\ADMIN\Desktop\ds-fall\data\raw\WEDA-FALL-main\dataset\25Hz\D04\U04_R01_accel.csv,C:\Users\ADMIN\Desktop\ds-fall\data\raw\WEDA-FALL-main\dataset\25Hz,U04,D04_R01,D04,sit_wait_stand,sit_wait_stand,0,none,False,24,74,0.962,2.9219999999999997,25.0,50,12,"ax,ay,az,gx,gy,gz,acc_mag,gyro_mag,jerk,roll,pitch,tilt_delta",25.0,25.0,raw_25hz_time_aligned_to_uniform_25hz,adl_sliding_capped,285,286,,,dataset_unit_map,wrist,weda,m/s^2,rad/s,m/s^2,rad/s,1.0,1.0,True,test,non_fall,non_fall,0.0060711512342095375,none,forward,0.6766161322593689
w25_00003883,weda,C:\Users\ADMIN\Desktop\ds-fall\data\raw\WEDA-FALL-main\dataset\25Hz\D04\U04_R01_accel.csv,C:\Users\ADMIN\Desktop\ds-fall\data\raw\WEDA-FALL-main\dataset\25Hz,U04,D04_R01,D04,sit_wait_stand,sit_wait_stand,0,none,False,36,86,1.442,3.4019999999999997,25.0,50,12,"ax,ay,az,gx,gy,gz,acc_mag,gyro_mag,jerk,roll,pitch,tilt_delta",25.0,25.0,raw_25hz_time_aligned_to_uniform_25hz,adl_sliding_capped,285,286,,,dataset_unit_map,wrist,weda,m/s^2,rad/s,m/s^2,rad/s,1.0,1.0,True,test,non_fall,non_fall,0.035822272300720215,none,forward,0.7761062979698181
w25_00003884,weda,C:\Users\ADMIN\Desktop\ds-fall\data\raw\WEDA-FALL-main\dataset\25Hz\D04\U04_R01_accel.csv,C:\Users\ADMIN\Desktop\ds-fall\data\raw\WEDA-FALL-main\dataset\25Hz,U04,D04_R01,D04,sit_wait_stand,sit_wait_stand,0,none,False,48,98,1.922,3.8819999999999997,25.0,50,12,"ax,ay,az,gx,gy,gz,acc_mag,gyro_mag,jerk,roll,pitch,tilt_delta",25.0,25.0,raw_25hz_time_aligned_to_uniform_25hz,adl_sliding_capped,285,286,,,dataset_unit_map,wrist,weda,m/s^2,rad/s,m/s^2,rad/s,1.0,1.0,True,test,non_fall,non_fall,0.19620245695114136,none,forward,0.6881881356239319
w25_00003950,weda,C:\Users\ADMIN\Desktop\ds-fall\data\raw\WEDA-FALL-main\dataset\25Hz\D04\U24_R01_accel.csv,C:\Users\ADMIN\Desktop\ds-fall\data\raw\WEDA-FALL-main\dataset\25Hz,U24,D04_R01,D04,sit_wait_stand,sit_wait_stand,0,none,False,0,50,0.002,1.962,25.0,50,12,"ax,ay,az,gx,gy,gz,acc_mag,gyro_mag,jerk,roll,pitch,tilt_delta",25.0,25.0,raw_25hz_time_aligned_to_uniform_25hz,adl_sliding_capped,160,161,,,dataset_unit_map,wrist,weda,m/s^2,rad/s,m/s^2,rad/s,1.0,1.0,True,test,non_fall,non_fall,0.0002100692508975044,none,forward,0.8367951512336731
w25_00003951,weda,C:\Users\ADMIN\Desktop\ds-fall\data\raw\WEDA-FALL-main\dataset\25Hz\D04\U24_R01_accel.csv,C:\Users\ADMIN\Desktop\ds-fall\data\raw\WEDA-FALL-main\dataset\25Hz,U24,D04_R01,D04,sit_wait_stand,sit_wait_stand,0,none,False,12,62,0.482,2.4419999999999997,25.0,50,12,"ax,ay,az,gx,gy,gz,acc_mag,gyro_mag,jerk,roll,pitch,tilt_delta",25.0,25.0,raw_25hz_time_aligned_to_uniform_25hz,adl_sliding_capped,160,161,,,dataset_unit_map,wrist,weda,m/s^2,rad/s,m/s^2,rad/s,1.0,1.0,True,test,non_fall,non_fall,6.656051118625328e-05,none,forward,0.7858561277389526
w25_00003952,weda,C:\Users\ADMIN\Desktop\ds-fall\data\raw\WEDA-FALL-main\dataset\25Hz\D04\U24_R01_accel.csv,C:\Users\ADMIN\Desktop\ds-fall\data\raw\WEDA-FALL-main\dataset\25Hz,U24,D04_R01,D04,sit_wait_stand,sit_wait_stand,0,none,False,24,74,0.962,2.9219999999999997,25.0,50,12,"ax,ay,az,gx,gy,gz,acc_mag,gyro_mag,jerk,roll,pitch,tilt_delta",25.0,25.0,raw_25hz_time_aligned_to_uniform_25hz,adl_sliding_capped,160,161,,,dataset_unit_map,wrist,weda,m/s^2,rad/s,m/s^2,rad/s,1.0,1.0,True,test,non_fall,non_fall,0.00017417776689399034,none,forward,0.6483031511306763
w25_00003953,weda,C:\Users\ADMIN\Desktop\ds-fall\data\raw\WEDA-FALL-main\dataset\25Hz\D04\U24_R01_accel.csv,C:\Users\ADMIN\Desktop\ds-fall\data\raw\WEDA-FALL-main\dataset\25Hz,U24,D04_R01,D04,sit_wait_stand,sit_wait_stand,0,none,False,36,86,1.442,3.4019999999999997,25.0,50,12,"ax,ay,az,gx,gy,gz,acc_mag,gyro_mag,jerk,roll,pitch,tilt_delta",25.0,25.0,raw_25hz_time_aligned_to_uniform_25hz,adl_sliding_capped,160,161,,,dataset_unit_map,wrist,weda,m/s^2,rad/s,m/s^2,rad/s,1.0,1.0,True,test,non_fall,non_fall,0.039387766271829605,none,forward,0.5275092124938965
w25_00003954,weda,C:\Users\ADMIN\Desktop\ds-fall\data\raw\WEDA-FALL-main\dataset\25Hz\D04\U24_R01_accel.csv,C:\Users\ADMIN\Desktop\ds-fall\data\raw\WEDA-FALL-main\dataset\25Hz,U24,D04_R01,D04,sit_wait_stand,sit_wait_stand,0,none,False,48,98,1.922,3.8819999999999997,25.0,50,12,"ax,ay,az,gx,gy,gz,acc_mag,gyro_mag,jerk,roll,pitch,tilt_delta",25.0,25.0,raw_25hz_time_aligned_to_uniform_25hz,adl_sliding_capped,160,161,,,dataset_unit_map,wrist,weda,m/s^2,rad/s,m/s^2,rad/s,1.0,1.0,True,test,non_fall,non_fall,0.002372397342696786,none,forward,0.9793662428855896
w25_00003955,weda,C:\Users\ADMIN\Desktop\ds-fall\data\raw\WEDA-FALL-main\dataset\25Hz\D04\U25_R01_accel.csv,C:\Users\ADMIN\Desktop\ds-fall\data\raw\WEDA-FALL-main\dataset\25Hz,U25,D04_R01,D04,sit_wait_stand,sit_wait_stand,0,none,False,0,50,0.001,1.9609999999999999,25.0,50,12,"ax,ay,az,gx,gy,gz,acc_mag,gyro_mag,jerk,roll,pitch,tilt_delta",25.0,25.0,raw_25hz_time_aligned_to_uniform_25hz,adl_sliding_capped,266,269,,,dataset_unit_map,wrist,weda,m/s^2,rad/s,m/s^2,rad/s,1.0,1.0,True,test,non_fall,non_fall,6.125468644313514e-05,none,forward,0.9838002324104309
w25_00003956,weda,C:\Users\ADMIN\Desktop\ds-fall\data\raw\WEDA-FALL-main\dataset\25Hz\D04\U25_R01_accel.csv,C:\Users\ADMIN\Desktop\ds-fall\data\raw\WEDA-FALL-main\dataset\25Hz,U25,D04_R01,D04,sit_wait_stand,sit_wait_stand,0,none,False,12,62,0.481,2.441,25.0,50,12,"ax,ay,az,gx,gy,gz,acc_mag,gyro_mag,jerk,roll,pitch,tilt_delta",25.0,25.0,raw_25hz_time_aligned_to_uniform_25hz,adl_sliding_capped,266,269,,,dataset_unit_map,wrist,weda,m/s^2,rad/s,m/s^2,rad/s,1.0,1.0,True,test,non_fall,non_fall,0.00019835718558169901,none,forward,0.9640570282936096
w25_00003957,weda,C:\Users\ADMIN\Desktop\ds-fall\data\raw\WEDA-FALL-main\dataset\25Hz\D04\U25_R01_accel.csv,C:\Users\ADMIN\Desktop\ds-fall\data\raw\WEDA-FALL-main\dataset\25Hz,U25,D04_R01,D04,sit_wait_stand,sit_wait_stand,0,none,False,24,74,0.961,2.921,25.0,50,12,"ax,ay,az,gx,gy,gz,acc_mag,gyro_mag,jerk,roll,pitch,tilt_delta",25.0,25.0,raw_25hz_time_aligned_to_uniform_25hz,adl_sliding_capped,266,269,,,dataset_unit_map,wrist,weda,m/s^2,rad/s,m/s^2,rad/s,1.0,1.0,True,test,non_fall,non_fall,0.00012619124026969075,none,forward,0.9703183770179749
w25_00003958,weda,C:\Users\ADMIN\Desktop\ds-fall\data\raw\WEDA-FALL-main\dataset\25Hz\D04\U25_R01_accel.csv,C:\Users\ADMIN\Desktop\ds-fall\data\raw\WEDA-FALL-main\dataset\25Hz,U25,D04_R01,D04,sit_wait_stand,sit_wait_stand,0,none,False,36,86,1.4409999999999998,3.401,25.0,50,12,"ax,ay,az,gx,gy,gz,acc_mag,gyro_mag,jerk,roll,pitch,tilt_delta",25.0,25.0,raw_25hz_time_aligned_to_uniform_25hz,adl_sliding_capped,266,269,,,dataset_unit_map,wrist,weda,m/s^2,rad/s,m/s^2,rad/s,1.0,1.0,True,test,non_fall,non_fall,9.893172682495788e-05,none,forward,0.9563527703285217
w25_00003959,weda,C:\Users\ADMIN\Desktop\ds-fall\data\raw\WEDA-FALL-main\dataset\25Hz\D04\U25_R01_accel.csv,C:\Users\ADMIN\Desktop\ds-fall\data\raw\WEDA-FALL-main\dataset\25Hz,U25,D04_R01,D04,sit_wait_stand,sit_wait_stand,0,none,False,48,98,1.9209999999999998,3.881,25.0,50,12,"ax,ay,az,gx,gy,gz,acc_mag,gyro_mag,jerk,roll,pitch,tilt_delta",25.0,25.0,raw_25hz_time_aligned_to_uniform_25hz,adl_sliding_capped,266,269,,,dataset_unit_map,wrist,weda,m/s^2,rad/s,m/s^2,rad/s,1.0,1.0,True,test,non_fall,non_fall,0.0011577201075851917,none,forward,0.9274852871894836
w25_00004020,weda,C:\Users\ADMIN\Desktop\ds-fall\data\raw\WEDA-FALL-main\dataset\25Hz\D05\U04_R01_accel.csv,C:\Users\ADMIN\Desktop\ds-fall\data\raw\WEDA-FALL-main\dataset\25Hz,U04,D05_R01,D05,collapse_into_chair,collapse_into_chair,0,none,False,0,50,0.008,1.968,25.0,50,12,"ax,ay,az,gx,gy,gz,acc_mag,gyro_mag,jerk,roll,pitch,tilt_delta",25.0,25.0,raw_25hz_time_aligned_to_uniform_25hz,adl_sliding_capped,199,200,,,dataset_unit_map,wrist,weda,m/s^2,rad/s,m/s^2,rad/s,1.0,1.0,True,test,non_fall,non_fall,0.00011078820534748957,none,forward,0.8037211298942566
w25_00004021,weda,C:\Users\ADMIN\Desktop\ds-fall\data\raw\WEDA-FALL-main\dataset\25Hz\D05\U04_R01_accel.csv,C:\Users\ADMIN\Desktop\ds-fall\data\raw\WEDA-FALL-main\dataset\25Hz,U04,D05_R01,D05,collapse_into_chair,collapse_into_chair,0,none,False,12,62,0.488,2.448,25.0,50,12,"ax,ay,az,gx,gy,gz,acc_mag,gyro_mag,jerk,roll,pitch,tilt_delta",25.0,25.0,raw_25hz_time_aligned_to_uniform_25hz,adl_sliding_capped,199,200,,,dataset_unit_map,wrist,weda,m/s^2,rad/s,m/s^2,rad/s,1.0,1.0,True,test,non_fall,non_fall,0.0008597537525929511,none,forward,0.8849257826805115
w25_00004022,weda,C:\Users\ADMIN\Desktop\ds-fall\data\raw\WEDA-FALL-main\dataset\25Hz\D05\U04_R01_accel.csv,C:\Users\ADMIN\Desktop\ds-fall\data\raw\WEDA-FALL-main\dataset\25Hz,U04,D05_R01,D05,collapse_into_chair,collapse_into_chair,0,none,False,24,74,0.968,2.928,25.0,50,12,"ax,ay,az,gx,gy,gz,acc_mag,gyro_mag,jerk,roll,pitch,tilt_delta",25.0,25.0,raw_25hz_time_aligned_to_uniform_25hz,adl_sliding_capped,199,200,,,dataset_unit_map,wrist,weda,m/s^2,rad/s,m/s^2,rad/s,1.0,1.0,True,test,non_fall,non_fall,0.0007615017821080983,none,forward,0.9178927540779114
w25_00004023,weda,C:\Users\ADMIN\Desktop\ds-fall\data\raw\WEDA-FALL-main\dataset\25Hz\D05\U04_R01_accel.csv,C:\Users\ADMIN\Desktop\ds-fall\data\raw\WEDA-FALL-main\dataset\25Hz,U04,D05_R01,D05,collapse_into_chair,collapse_into_chair,0,none,False,36,86,1.448,3.408,25.0,50,12,"ax,ay,az,gx,gy,gz,acc_mag,gyro_mag,jerk,roll,pitch,tilt_delta",25.0,25.0,raw_25hz_time_aligned_to_uniform_25hz,adl_sliding_capped,199,200,,,dataset_unit_map,wrist,weda,m/s^2,rad/s,m/s^2,rad/s,1.0,1.0,True,test,non_fall,non_fall,0.0008479405078105628,none,forward,0.933098316192627
w25_00004024,weda,C:\Users\ADMIN\Desktop\ds-fall\data\raw\WEDA-FALL-main\dataset\25Hz\D05\U04_R01_accel.csv,C:\Users\ADMIN\Desktop\ds-fall\data\raw\WEDA-FALL-main\dataset\25Hz,U04,D05_R01,D05,collapse_into_chair,collapse_into_chair,0,none,False,48,98,1.928,3.888,25.0,50,12,"ax,ay,az,gx,gy,gz,acc_mag,gyro_mag,jerk,roll,pitch,tilt_delta",25.0,25.0,raw_25hz_time_aligned_to_uniform_25hz,adl_sliding_capped,199,200,,,dataset_unit_map,wrist,weda,m/s^2,rad/s,m/s^2,rad/s,1.0,1.0,True,test,non_fall,non_fall,0.0011574587551876903,none,forward,0.9654566049575806
w25_00004025,weda,C:\Users\ADMIN\Desktop\ds-fall\data\raw\WEDA-FALL-main\dataset\25Hz\D05\U04_R01_accel.csv,C:\Users\ADMIN\Desktop\ds-fall\data\raw\WEDA-FALL-main\dataset\25Hz,U04,D05_R01,D05,collapse_into_chair,collapse_into_chair,0,none,False,60,110,2.408,4.368,25.0,50,12,"ax,ay,az,gx,gy,gz,acc_mag,gyro_mag,jerk,roll,pitch,tilt_delta",25.0,25.0,raw_25hz_time_aligned_to_uniform_25hz,adl_sliding_capped,199,200,,,dataset_unit_map,wrist,weda,m/s^2,rad/s,m/s^2,rad/s,1.0,1.0,True,test,non_fall,non_fall,0.0013384937774389982,none,forward,0.9588648676872253
w25_00004026,weda,C:\Users\ADMIN\Desktop\ds-fall\data\raw\WEDA-FALL-main\dataset\25Hz\D05\U04_R01_accel.csv,C:\Users\ADMIN\Desktop\ds-fall\data\raw\WEDA-FALL-main\dataset\25Hz,U04,D05_R01,D05,collapse_into_chair,collapse_into_chair,0,none,False,72,122,2.888,4.848,25.0,50,12,"ax,ay,az,gx,gy,gz,acc_mag,gyro_mag,jerk,roll,pitch,tilt_delta",25.0,25.0,raw_25hz_time_aligned_to_uniform_25hz,adl_sliding_capped,199,200,,,dataset_unit_map,wrist,weda,m/s^2,rad/s,m/s^2,rad/s,1.0,1.0,True,test,non_fall,non_fall,0.012106840498745441,none,forward,0.8550690412521362
w25_00004027,weda,C:\Users\ADMIN\Desktop\ds-fall\data\raw\WEDA-FALL-main\dataset\25Hz\D05\U04_R01_accel.csv,C:\Users\ADMIN\Desktop\ds-fall\data\raw\WEDA-FALL-main\dataset\25Hz,U04,D05_R01,D05,collapse_into_chair,collapse_into_chair,0,none,False,84,134,3.368,5.328,25.0,50,12,"ax,ay,az,gx,gy,gz,acc_mag,gyro_mag,jerk,roll,pitch,tilt_delta",25.0,25.0,raw_25hz_time_aligned_to_uniform_25hz,adl_sliding_capped,199,200,,,dataset_unit_map,wrist,weda,m/s^2,rad/s,m/s^2,rad/s,1.0,1.0,True,test,non_fall,non_fall,0.0023887576535344124,none,forward,0.881130039691925
w25_00004028,weda,C:\Users\ADMIN\Desktop\ds-fall\data\raw\WEDA-FALL-main\dataset\25Hz\D05\U04_R01_accel.csv,C:\Users\ADMIN\Desktop\ds-fall\data\raw\WEDA-FALL-main\dataset\25Hz,U04,D05_R01,D05,collapse_into_chair,collapse_into_chair,0,none,False,96,146,3.848,5.808,25.0,50,12,"ax,ay,az,gx,gy,gz,acc_mag,gyro_mag,jerk,roll,pitch,tilt_delta",25.0,25.0,raw_25hz_time_aligned_to_uniform_25hz,adl_sliding_capped,199,200,,,dataset_unit_map,wrist,weda,m/s^2,rad/s,m/s^2,rad/s,1.0,1.0,True,test,non_fall,non_fall,0.00018977098807226866,none,forward,0.806311309337616
w25_00004029,weda,C:\Users\ADMIN\Desktop\ds-fall\data\raw\WEDA-FALL-main\dataset\25Hz\D05\U04_R01_accel.csv,C:\Users\ADMIN\Desktop\ds-fall\data\raw\WEDA-FALL-main\dataset\25Hz,U04,D05_R01,D05,collapse_into_chair,collapse_into_chair,0,none,False,108,158,4.328,6.288,25.0,50,12,"ax,ay,az,gx,gy,gz,acc_mag,gyro_mag,jerk,roll,pitch,tilt_delta",25.0,25.0,raw_25hz_time_aligned_to_uniform_25hz,adl_sliding_capped,199,200,,,dataset_unit_map,wrist,weda,m/s^2,rad/s,m/s^2,rad/s,1.0,1.0,True,test,non_fall,non_fall,0.00021701799414586276,none,forward,0.42889273166656494
w25_00004145,weda,C:\Users\ADMIN\Desktop\ds-fall\data\raw\WEDA-FALL-main\dataset\25Hz\D06\U04_R01_accel.csv,C:\Users\ADMIN\Desktop\ds-fall\data\raw\WEDA-FALL-main\dataset\25Hz,U04,D06_R01,D06,crouch_tie_shoes_stand,crouch_tie_shoes_stand,0,none,False,0,50,0.002,1.962,25.0,50,12,"ax,ay,az,gx,gy,gz,acc_mag,gyro_mag,jerk,roll,pitch,tilt_delta",25.0,25.0,raw_25hz_time_aligned_to_uniform_25hz,adl_sliding_capped,239,241,,,dataset_unit_map,wrist,weda,m/s^2,rad/s,m/s^2,rad/s,1.0,1.0,True,test,non_fall,non_fall,0.0008499588002450764,none,forward,0.5446392297744751
w25_00004146,weda,C:\Users\ADMIN\Desktop\ds-fall\data\raw\WEDA-FALL-main\dataset\25Hz\D06\U04_R01_accel.csv,C:\Users\ADMIN\Desktop\ds-fall\data\raw\WEDA-FALL-main\dataset\25Hz,U04,D06_R01,D06,crouch_tie_shoes_stand,crouch_tie_shoes_stand,0,none,False,12,62,0.482,2.4419999999999997,25.0,50,12,"ax,ay,az,gx,gy,gz,acc_mag,gyro_mag,jerk,roll,pitch,tilt_delta",25.0,25.0,raw_25hz_time_aligned_to_uniform_25hz,adl_sliding_capped,239,241,,,dataset_unit_map,wrist,weda,m/s^2,rad/s,m/s^2,rad/s,1.0,1.0,True,test,non_fall,non_fall,0.001740126870572567,none,lateral,0.6664190888404846
w25_00004147,weda,C:\Users\ADMIN\Desktop\ds-fall\data\raw\WEDA-FALL-main\dataset\25Hz\D06\U04_R01_accel.csv,C:\Users\ADMIN\Desktop\ds-fall\data\raw\WEDA-FALL-main\dataset\25Hz,U04,D06_R01,D06,crouch_tie_shoes_stand,crouch_tie_shoes_stand,0,none,False,24,74,0.962,2.9219999999999997,25.0,50,12,"ax,ay,az,gx,gy,gz,acc_mag,gyro_mag,jerk,roll,pitch,tilt_delta",25.0,25.0,raw_25hz_time_aligned_to_uniform_25hz,adl_sliding_capped,239,241,,,dataset_unit_map,wrist,weda,m/s^2,rad/s,m/s^2,rad/s,1.0,1.0,True,test,non_fall,non_fall,0.03377329558134079,none,lateral,0.6009736061096191
w25_00004148,weda,C:\Users\ADMIN\Desktop\ds-fall\data\raw\WEDA-FALL-main\dataset\25Hz\D06\U04_R01_accel.csv,C:\Users\ADMIN\Desktop\ds-fall\data\raw\WEDA-FALL-main\dataset\25Hz,U04,D06_R01,D06,crouch_tie_shoes_stand,crouch_tie_shoes_stand,0,none,False,36,86,1.442,3.4019999999999997,25.0,50,12,"ax,ay,az,gx,gy,gz,acc_mag,gyro_mag,jerk,roll,pitch,tilt_delta",25.0,25.0,raw_25hz_time_aligned_to_uniform_25hz,adl_sliding_capped,239,241,,,dataset_unit_map,wrist,weda,m/s^2,rad/s,m/s^2,rad/s,1.0,1.0,True,test,non_fall,non_fall,0.04383835941553116,none,forward,0.7308371067047119
w25_00004149,weda,C:\Users\ADMIN\Desktop\ds-fall\data\raw\WEDA-FALL-main\dataset\25Hz\D06\U04_R01_accel.csv,C:\Users\ADMIN\Desktop\ds-fall\data\raw\WEDA-FALL-main\dataset\25Hz,U04,D06_R01,D06,crouch_tie_shoes_stand,crouch_tie_shoes_stand,0,none,False,48,98,1.922,3.8819999999999997,25.0,50,12,"ax,ay,az,gx,gy,gz,acc_mag,gyro_mag,jerk,roll,pitch,tilt_delta",25.0,25.0,raw_25hz_time_aligned_to_uniform_25hz,adl_sliding_capped,239,241,,,dataset_unit_map,wrist,weda,m/s^2,rad/s,m/s^2,rad/s,1.0,1.0,True,test,non_fall,non_fall,0.01768866740167141,none,forward,0.9744824171066284
w25_00004230,weda,C:\Users\ADMIN\Desktop\ds-fall\data\raw\WEDA-FALL-main\dataset\25Hz\D07\U04_R01_accel.csv,C:\Users\ADMIN\Desktop\ds-fall\data\raw\WEDA-FALL-main\dataset\25Hz,U04,D07_R01,D07,stumble_walking,stumble_walking,0,none,False,0,50,0.002,1.962,25.0,50,12,"ax,ay,az,gx,gy,gz,acc_mag,gyro_mag,jerk,roll,pitch,tilt_delta",25.0,25.0,raw_25hz_time_aligned_to_uniform_25hz,adl_sliding_capped,215,216,,,dataset_unit_map,wrist,weda,m/s^2,rad/s,m/s^2,rad/s,1.0,1.0,True,test,non_fall,non_fall,8.587453339714557e-05,none,forward,0.8307499289512634
w25_00004231,weda,C:\Users\ADMIN\Desktop\ds-fall\data\raw\WEDA-FALL-main\dataset\25Hz\D07\U04_R01_accel.csv,C:\Users\ADMIN\Desktop\ds-fall\data\raw\WEDA-FALL-main\dataset\25Hz,U04,D07_R01,D07,stumble_walking,stumble_walking,0,none,False,12,62,0.482,2.4419999999999997,25.0,50,12,"ax,ay,az,gx,gy,gz,acc_mag,gyro_mag,jerk,roll,pitch,tilt_delta",25.0,25.0,raw_25hz_time_aligned_to_uniform_25hz,adl_sliding_capped,215,216,,,dataset_unit_map,wrist,weda,m/s^2,rad/s,m/s^2,rad/s,1.0,1.0,True,test,non_fall,non_fall,0.00010274721716996282,none,forward,0.8915709853172302
w25_00004232,weda,C:\Users\ADMIN\Desktop\ds-fall\data\raw\WEDA-FALL-main\dataset\25Hz\D07\U04_R01_accel.csv,C:\Users\ADMIN\Desktop\ds-fall\data\raw\WEDA-FALL-main\dataset\25Hz,U04,D07_R01,D07,stumble_walking,stumble_walking,0,none,False,24,74,0.962,2.9219999999999997,25.0,50,12,"ax,ay,az,gx,gy,gz,acc_mag,gyro_mag,jerk,roll,pitch,tilt_delta",25.0,25.0,raw_25hz_time_aligned_to_uniform_25hz,adl_sliding_capped,215,216,,,dataset_unit_map,wrist,weda,m/s^2,rad/s,m/s^2,rad/s,1.0,1.0,True,test,non_fall,non_fall,0.00018773603369481862,none,forward,0.8954925537109375
w25_00004233,weda,C:\Users\ADMIN\Desktop\ds-fall\data\raw\WEDA-FALL-main\dataset\25Hz\D07\U04_R01_accel.csv,C:\Users\ADMIN\Desktop\ds-fall\data\raw\WEDA-FALL-main\dataset\25Hz,U04,D07_R01,D07,stumble_walking,stumble_walking,0,none,False,36,86,1.442,3.4019999999999997,25.0,50,12,"ax,ay,az,gx,gy,gz,acc_mag,gyro_mag,jerk,roll,pitch,tilt_delta",25.0,25.0,raw_25hz_time_aligned_to_uniform_25hz,adl_sliding_capped,215,216,,,dataset_unit_map,wrist,weda,m/s^2,rad/s,m/s^2,rad/s,1.0,1.0,True,test,non_fall,non_fall,0.0005073847714811563,none,forward,0.9089926481246948
w25_00004234,weda,C:\Users\ADMIN\Desktop\ds-fall\data\raw\WEDA-FALL-main\dataset\25Hz\D07\U04_R01_accel.csv,C:\Users\ADMIN\Desktop\ds-fall\data\raw\WEDA-FALL-main\dataset\25Hz,U04,D07_R01,D07,stumble_walking,stumble_walking,0,none,False,48,98,1.922,3.8819999999999997,25.0,50,12,"ax,ay,az,gx,gy,gz,acc_mag,gyro_mag,jerk,roll,pitch,tilt_delta",25.0,25.0,raw_25hz_time_aligned_to_uniform_25hz,adl_sliding_capped,215,216,,,dataset_unit_map,wrist,weda,m/s^2,rad/s,m/s^2,rad/s,1.0,1.0,True,test,non_fall,non_fall,0.0008977926336228848,none,forward,0.9388052821159363
w25_00004235,weda,C:\Users\ADMIN\Desktop\ds-fall\data\raw\WEDA-FALL-main\dataset\25Hz\D07\U04_R01_accel.csv,C:\Users\ADMIN\Desktop\ds-fall\data\raw\WEDA-FALL-main\dataset\25Hz,U04,D07_R01,D07,stumble_walking,stumble_walking,0,none,False,60,110,2.4019999999999997,4.362,25.0,50,12,"ax,ay,az,gx,gy,gz,acc_mag,gyro_mag,jerk,roll,pitch,tilt_delta",25.0,25.0,raw_25hz_time_aligned_to_uniform_25hz,adl_sliding_capped,215,216,,,dataset_unit_map,wrist,weda,m/s^2,rad/s,m/s^2,rad/s,1.0,1.0,True,test,non_fall,non_fall,0.0015064211329445243,none,forward,0.9303450584411621
w25_00004236,weda,C:\Users\ADMIN\Desktop\ds-fall\data\raw\WEDA-FALL-main\dataset\25Hz\D07\U04_R01_accel.csv,C:\Users\ADMIN\Desktop\ds-fall\data\raw\WEDA-FALL-main\dataset\25Hz,U04,D07_R01,D07,stumble_walking,stumble_walking,0,none,False,72,122,2.8819999999999997,4.842,25.0,50,12,"ax,ay,az,gx,gy,gz,acc_mag,gyro_mag,jerk,roll,pitch,tilt_delta",25.0,25.0,raw_25hz_time_aligned_to_uniform_25hz,adl_sliding_capped,215,216,,,dataset_unit_map,wrist,weda,m/s^2,rad/s,m/s^2,rad/s,1.0,1.0,True,test,non_fall,non_fall,0.005114445462822914,none,forward,0.8051590919494629
w25_00004237,weda,C:\Users\ADMIN\Desktop\ds-fall\data\raw\WEDA-FALL-main\dataset\25Hz\D07\U04_R01_accel.csv,C:\Users\ADMIN\Desktop\ds-fall\data\raw\WEDA-FALL-main\dataset\25Hz,U04,D07_R01,D07,stumble_walking,stumble_walking,0,none,False,84,134,3.3619999999999997,5.322,25.0,50,12,"ax,ay,az,gx,gy,gz,acc_mag,gyro_mag,jerk,roll,pitch,tilt_delta",25.0,25.0,raw_25hz_time_aligned_to_uniform_25hz,adl_sliding_capped,215,216,,,dataset_unit_map,wrist,weda,m/s^2,rad/s,m/s^2,rad/s,1.0,1.0,True,test,non_fall,non_fall,0.0003740350075531751,none,forward,0.9230263233184814
w25_00004238,weda,C:\Users\ADMIN\Desktop\ds-fall\data\raw\WEDA-FALL-main\dataset\25Hz\D07\U04_R01_accel.csv,C:\Users\ADMIN\Desktop\ds-fall\data\raw\WEDA-FALL-main\dataset\25Hz,U04,D07_R01,D07,stumble_walking,stumble_walking,0,none,False,96,146,3.8419999999999996,5.802,25.0,50,12,"ax,ay,az,gx,gy,gz,acc_mag,gyro_mag,jerk,roll,pitch,tilt_delta",25.0,25.0,raw_25hz_time_aligned_to_uniform_25hz,adl_sliding_capped,215,216,,,dataset_unit_map,wrist,weda,m/s^2,rad/s,m/s^2,rad/s,1.0,1.0,True,test,non_fall,non_fall,0.0015966836363077164,none,forward,0.8553951382637024
w25_00004239,weda,C:\Users\ADMIN\Desktop\ds-fall\data\raw\WEDA-FALL-main\dataset\25Hz\D07\U04_R01_accel.csv,C:\Users\ADMIN\Desktop\ds-fall\data\raw\WEDA-FALL-main\dataset\25Hz,U04,D07_R01,D07,stumble_walking,stumble_walking,0,none,False,108,158,4.322,6.282,25.0,50,12,"ax,ay,az,gx,gy,gz,acc_mag,gyro_mag,jerk,roll,pitch,tilt_delta",25.0,25.0,raw_25hz_time_aligned_to_uniform_25hz,adl_sliding_capped,215,216,,,dataset_unit_map,wrist,weda,m/s^2,rad/s,m/s^2,rad/s,1.0,1.0,True,test,non_fall,non_fall,0.010722333565354347,none,forward,0.9008973836898804
w25_00004370,weda,C:\Users\ADMIN\Desktop\ds-fall\data\raw\WEDA-FALL-main\dataset\25Hz\D08\U04_R01_accel.csv,C:\Users\ADMIN\Desktop\ds-fall\data\raw\WEDA-FALL-main\dataset\25Hz,U04,D08_R01,D08,gentle_jump,gentle_jump,0,none,False,0,50,0.001,1.9609999999999999,25.0,50,12,"ax,ay,az,gx,gy,gz,acc_mag,gyro_mag,jerk,roll,pitch,tilt_delta",25.0,25.0,raw_25hz_time_aligned_to_uniform_25hz,adl_sliding_capped,123,123,,,dataset_unit_map,wrist,weda,m/s^2,rad/s,m/s^2,rad/s,1.0,1.0,True,test,non_fall,non_fall,0.00313605647534132,none,forward,0.45240873098373413
w25_00004371,weda,C:\Users\ADMIN\Desktop\ds-fall\data\raw\WEDA-FALL-main\dataset\25Hz\D08\U04_R01_accel.csv,C:\Users\ADMIN\Desktop\ds-fall\data\raw\WEDA-FALL-main\dataset\25Hz,U04,D08_R01,D08,gentle_jump,gentle_jump,0,none,False,12,62,0.481,2.441,25.0,50,12,"ax,ay,az,gx,gy,gz,acc_mag,gyro_mag,jerk,roll,pitch,tilt_delta",25.0,25.0,raw_25hz_time_aligned_to_uniform_25hz,adl_sliding_capped,123,123,,,dataset_unit_map,wrist,weda,m/s^2,rad/s,m/s^2,rad/s,1.0,1.0,True,test,non_fall,fall,0.9719884991645813,none,forward,0.837127685546875
w25_00004372,weda,C:\Users\ADMIN\Desktop\ds-fall\data\raw\WEDA-FALL-main\dataset\25Hz\D08\U04_R01_accel.csv,C:\Users\ADMIN\Desktop\ds-fall\data\raw\WEDA-FALL-main\dataset\25Hz,U04,D08_R01,D08,gentle_jump,gentle_jump,0,none,False,24,74,0.961,2.921,25.0,50,12,"ax,ay,az,gx,gy,gz,acc_mag,gyro_mag,jerk,roll,pitch,tilt_delta",25.0,25.0,raw_25hz_time_aligned_to_uniform_25hz,adl_sliding_capped,123,123,,,dataset_unit_map,wrist,weda,m/s^2,rad/s,m/s^2,rad/s,1.0,1.0,True,test,non_fall,fall,0.9977006316184998,none,forward,0.9298127889633179
w25_00004373,weda,C:\Users\ADMIN\Desktop\ds-fall\data\raw\WEDA-FALL-main\dataset\25Hz\D08\U04_R01_accel.csv,C:\Users\ADMIN\Desktop\ds-fall\data\raw\WEDA-FALL-main\dataset\25Hz,U04,D08_R01,D08,gentle_jump,gentle_jump,0,none,False,36,86,1.4409999999999998,3.401,25.0,50,12,"ax,ay,az,gx,gy,gz,acc_mag,gyro_mag,jerk,roll,pitch,tilt_delta",25.0,25.0,raw_25hz_time_aligned_to_uniform_25hz,adl_sliding_capped,123,123,,,dataset_unit_map,wrist,weda,m/s^2,rad/s,m/s^2,rad/s,1.0,1.0,True,test,non_fall,fall,0.9936221241950989,none,backward,0.9765943884849548
w25_00004374,weda,C:\Users\ADMIN\Desktop\ds-fall\data\raw\WEDA-FALL-main\dataset\25Hz\D08\U04_R01_accel.csv,C:\Users\ADMIN\Desktop\ds-fall\data\raw\WEDA-FALL-main\dataset\25Hz,U04,D08_R01,D08,gentle_jump,gentle_jump,0,none,False,48,98,1.9209999999999998,3.881,25.0,50,12,"ax,ay,az,gx,gy,gz,acc_mag,gyro_mag,jerk,roll,pitch,tilt_delta",25.0,25.0,raw_25hz_time_aligned_to_uniform_25hz,adl_sliding_capped,123,123,,,dataset_unit_map,wrist,weda,m/s^2,rad/s,m/s^2,rad/s,1.0,1.0,True,test,non_fall,fall,0.9709789156913757,none,backward,0.9639560580253601
w25_00004375,weda,C:\Users\ADMIN\Desktop\ds-fall\data\raw\WEDA-FALL-main\dataset\25Hz\D08\U04_R01_accel.csv,C:\Users\ADMIN\Desktop\ds-fall\data\raw\WEDA-FALL-main\dataset\25Hz,U04,D08_R01,D08,gentle_jump,gentle_jump,0,none,False,60,110,2.401,4.361000000000001,25.0,50,12,"ax,ay,az,gx,gy,gz,acc_mag,gyro_mag,jerk,roll,pitch,tilt_delta",25.0,25.0,raw_25hz_time_aligned_to_uniform_25hz,adl_sliding_capped,123,123,,,dataset_unit_map,wrist,weda,m/s^2,rad/s,m/s^2,rad/s,1.0,1.0,True,test,non_fall,non_fall,0.014207437634468079,none,backward,0.9730163812637329
w25_00004376,weda,C:\Users\ADMIN\Desktop\ds-fall\data\raw\WEDA-FALL-main\dataset\25Hz\D08\U04_R01_accel.csv,C:\Users\ADMIN\Desktop\ds-fall\data\raw\WEDA-FALL-main\dataset\25Hz,U04,D08_R01,D08,gentle_jump,gentle_jump,0,none,False,72,122,2.881,4.841,25.0,50,12,"ax,ay,az,gx,gy,gz,acc_mag,gyro_mag,jerk,roll,pitch,tilt_delta",25.0,25.0,raw_25hz_time_aligned_to_uniform_25hz,adl_sliding_capped,123,123,,,dataset_unit_map,wrist,weda,m/s^2,rad/s,m/s^2,rad/s,1.0,1.0,True,test,non_fall,non_fall,0.0005327541148290038,none,backward,0.8970009684562683
w25_00004377,weda,C:\Users\ADMIN\Desktop\ds-fall\data\raw\WEDA-FALL-main\dataset\25Hz\D08\U04_R02_accel.csv,C:\Users\ADMIN\Desktop\ds-fall\data\raw\WEDA-FALL-main\dataset\25Hz,U04,D08_R02,D08,gentle_jump,gentle_jump,0,none,False,0,50,0.001,1.9609999999999999,25.0,50,12,"ax,ay,az,gx,gy,gz,acc_mag,gyro_mag,jerk,roll,pitch,tilt_delta",25.0,25.0,raw_25hz_time_aligned_to_uniform_25hz,adl_sliding_capped,101,101,,,dataset_unit_map,wrist,weda,m/s^2,rad/s,m/s^2,rad/s,1.0,1.0,True,test,non_fall,fall,0.9919935464859009,none,backward,0.5619277358055115
w25_00004378,weda,C:\Users\ADMIN\Desktop\ds-fall\data\raw\WEDA-FALL-main\dataset\25Hz\D08\U04_R02_accel.csv,C:\Users\ADMIN\Desktop\ds-fall\data\raw\WEDA-FALL-main\dataset\25Hz,U04,D08_R02,D08,gentle_jump,gentle_jump,0,none,False,12,62,0.481,2.441,25.0,50,12,"ax,ay,az,gx,gy,gz,acc_mag,gyro_mag,jerk,roll,pitch,tilt_delta",25.0,25.0,raw_25hz_time_aligned_to_uniform_25hz,adl_sliding_capped,101,101,,,dataset_unit_map,wrist,weda,m/s^2,rad/s,m/s^2,rad/s,1.0,1.0,True,test,non_fall,fall,0.9418616890907288,none,backward,0.8662187457084656
w25_00004379,weda,C:\Users\ADMIN\Desktop\ds-fall\data\raw\WEDA-FALL-main\dataset\25Hz\D08\U04_R02_accel.csv,C:\Users\ADMIN\Desktop\ds-fall\data\raw\WEDA-FALL-main\dataset\25Hz,U04,D08_R02,D08,gentle_jump,gentle_jump,0,none,False,24,74,0.961,2.921,25.0,50,12,"ax,ay,az,gx,gy,gz,acc_mag,gyro_mag,jerk,roll,pitch,tilt_delta",25.0,25.0,raw_25hz_time_aligned_to_uniform_25hz,adl_sliding_capped,101,101,,,dataset_unit_map,wrist,weda,m/s^2,rad/s,m/s^2,rad/s,1.0,1.0,True,test,non_fall,fall,0.9222427010536194,none,backward,0.9003648161888123
w25_00004510,weda,C:\Users\ADMIN\Desktop\ds-fall\data\raw\WEDA-FALL-main\dataset\25Hz\D09\U04_R01_accel.csv,C:\Users\ADMIN\Desktop\ds-fall\data\raw\WEDA-FALL-main\dataset\25Hz,U04,D09_R01,D09,hit_table_with_hand,hit_table_with_hand,0,none,False,0,50,0.002,1.962,25.0,50,12,"ax,ay,az,gx,gy,gz,acc_mag,gyro_mag,jerk,roll,pitch,tilt_delta",25.0,25.0,raw_25hz_time_aligned_to_uniform_25hz,adl_sliding_capped,124,124,,,dataset_unit_map,wrist,weda,m/s^2,rad/s,m/s^2,rad/s,1.0,1.0,True,test,non_fall,non_fall,0.002249996643513441,none,backward,0.8743223547935486
w25_00004511,weda,C:\Users\ADMIN\Desktop\ds-fall\data\raw\WEDA-FALL-main\dataset\25Hz\D09\U04_R01_accel.csv,C:\Users\ADMIN\Desktop\ds-fall\data\raw\WEDA-FALL-main\dataset\25Hz,U04,D09_R01,D09,hit_table_with_hand,hit_table_with_hand,0,none,False,12,62,0.482,2.4419999999999997,25.0,50,12,"ax,ay,az,gx,gy,gz,acc_mag,gyro_mag,jerk,roll,pitch,tilt_delta",25.0,25.0,raw_25hz_time_aligned_to_uniform_25hz,adl_sliding_capped,124,124,,,dataset_unit_map,wrist,weda,m/s^2,rad/s,m/s^2,rad/s,1.0,1.0,True,test,non_fall,non_fall,0.000731558830011636,none,backward,0.8839004039764404
w25_00004512,weda,C:\Users\ADMIN\Desktop\ds-fall\data\raw\WEDA-FALL-main\dataset\25Hz\D09\U04_R01_accel.csv,C:\Users\ADMIN\Desktop\ds-fall\data\raw\WEDA-FALL-main\dataset\25Hz,U04,D09_R01,D09,hit_table_with_hand,hit_table_with_hand,0,none,False,24,74,0.962,2.9219999999999997,25.0,50,12,"ax,ay,az,gx,gy,gz,acc_mag,gyro_mag,jerk,roll,pitch,tilt_delta",25.0,25.0,raw_25hz_time_aligned_to_uniform_25hz,adl_sliding_capped,124,124,,,dataset_unit_map,wrist,weda,m/s^2,rad/s,m/s^2,rad/s,1.0,1.0,True,test,non_fall,non_fall,0.025710539892315865,none,backward,0.8875179290771484
w25_00004513,weda,C:\Users\ADMIN\Desktop\ds-fall\data\raw\WEDA-FALL-main\dataset\25Hz\D09\U04_R01_accel.csv,C:\Users\ADMIN\Desktop\ds-fall\data\raw\WEDA-FALL-main\dataset\25Hz,U04,D09_R01,D09,hit_table_with_hand,hit_table_with_hand,0,none,False,36,86,1.442,3.4019999999999997,25.0,50,12,"ax,ay,az,gx,gy,gz,acc_mag,gyro_mag,jerk,roll,pitch,tilt_delta",25.0,25.0,raw_25hz_time_aligned_to_uniform_25hz,adl_sliding_capped,124,124,,,dataset_unit_map,wrist,weda,m/s^2,rad/s,m/s^2,rad/s,1.0,1.0,True,test,non_fall,non_fall,0.013865635730326176,none,backward,0.44773685932159424
w25_00004514,weda,C:\Users\ADMIN\Desktop\ds-fall\data\raw\WEDA-FALL-main\dataset\25Hz\D09\U04_R01_accel.csv,C:\Users\ADMIN\Desktop\ds-fall\data\raw\WEDA-FALL-main\dataset\25Hz,U04,D09_R01,D09,hit_table_with_hand,hit_table_with_hand,0,none,False,48,98,1.922,3.8819999999999997,25.0,50,12,"ax,ay,az,gx,gy,gz,acc_mag,gyro_mag,jerk,roll,pitch,tilt_delta",25.0,25.0,raw_25hz_time_aligned_to_uniform_25hz,adl_sliding_capped,124,124,,,dataset_unit_map,wrist,weda,m/s^2,rad/s,m/s^2,rad/s,1.0,1.0,True,test,non_fall,non_fall,0.025010401383042336,none,backward,0.6014202833175659
w25_00004515,weda,C:\Users\ADMIN\Desktop\ds-fall\data\raw\WEDA-FALL-main\dataset\25Hz\D09\U04_R01_accel.csv,C:\Users\ADMIN\Desktop\ds-fall\data\raw\WEDA-FALL-main\dataset\25Hz,U04,D09_R01,D09,hit_table_with_hand,hit_table_with_hand,0,none,False,60,110,2.4019999999999997,4.362,25.0,50,12,"ax,ay,az,gx,gy,gz,acc_mag,gyro_mag,jerk,roll,pitch,tilt_delta",25.0,25.0,raw_25hz_time_aligned_to_uniform_25hz,adl_sliding_capped,124,124,,,dataset_unit_map,wrist,weda,m/s^2,rad/s,m/s^2,rad/s,1.0,1.0,True,test,non_fall,non_fall,0.005813044961541891,none,forward,0.6943081617355347
w25_00004516,weda,C:\Users\ADMIN\Desktop\ds-fall\data\raw\WEDA-FALL-main\dataset\25Hz\D09\U04_R01_accel.csv,C:\Users\ADMIN\Desktop\ds-fall\data\raw\WEDA-FALL-main\dataset\25Hz,U04,D09_R01,D09,hit_table_with_hand,hit_table_with_hand,0,none,False,72,122,2.8819999999999997,4.842,25.0,50,12,"ax,ay,az,gx,gy,gz,acc_mag,gyro_mag,jerk,roll,pitch,tilt_delta",25.0,25.0,raw_25hz_time_aligned_to_uniform_25hz,adl_sliding_capped,124,124,,,dataset_unit_map,wrist,weda,m/s^2,rad/s,m/s^2,rad/s,1.0,1.0,True,test,non_fall,non_fall,0.013699568808078766,none,forward,0.6896963119506836
w25_00004517,weda,C:\Users\ADMIN\Desktop\ds-fall\data\raw\WEDA-FALL-main\dataset\25Hz\D09\U04_R02_accel.csv,C:\Users\ADMIN\Desktop\ds-fall\data\raw\WEDA-FALL-main\dataset\25Hz,U04,D09_R02,D09,hit_table_with_hand,hit_table_with_hand,0,none,False,0,50,0.002,1.962,25.0,50,12,"ax,ay,az,gx,gy,gz,acc_mag,gyro_mag,jerk,roll,pitch,tilt_delta",25.0,25.0,raw_25hz_time_aligned_to_uniform_25hz,adl_sliding_capped,81,82,,,dataset_unit_map,wrist,weda,m/s^2,rad/s,m/s^2,rad/s,1.0,1.0,True,test,non_fall,non_fall,0.017604421824216843,none,lateral,0.8010907173156738
w25_00004518,weda,C:\Users\ADMIN\Desktop\ds-fall\data\raw\WEDA-FALL-main\dataset\25Hz\D09\U04_R02_accel.csv,C:\Users\ADMIN\Desktop\ds-fall\data\raw\WEDA-FALL-main\dataset\25Hz,U04,D09_R02,D09,hit_table_with_hand,hit_table_with_hand,0,none,False,12,62,0.482,2.4419999999999997,25.0,50,12,"ax,ay,az,gx,gy,gz,acc_mag,gyro_mag,jerk,roll,pitch,tilt_delta",25.0,25.0,raw_25hz_time_aligned_to_uniform_25hz,adl_sliding_capped,81,82,,,dataset_unit_map,wrist,weda,m/s^2,rad/s,m/s^2,rad/s,1.0,1.0,True,test,non_fall,non_fall,0.08367756754159927,none,forward,0.6673994660377502
w25_00004519,weda,C:\Users\ADMIN\Desktop\ds-fall\data\raw\WEDA-FALL-main\dataset\25Hz\D09\U04_R02_accel.csv,C:\Users\ADMIN\Desktop\ds-fall\data\raw\WEDA-FALL-main\dataset\25Hz,U04,D09_R02,D09,hit_table_with_hand,hit_table_with_hand,0,none,False,24,74,0.962,2.9219999999999997,25.0,50,12,"ax,ay,az,gx,gy,gz,acc_mag,gyro_mag,jerk,roll,pitch,tilt_delta",25.0,25.0,raw_25hz_time_aligned_to_uniform_25hz,adl_sliding_capped,81,82,,,dataset_unit_map,wrist,weda,m/s^2,rad/s,m/s^2,rad/s,1.0,1.0,True,test,non_fall,non_fall,0.17922188341617584,none,forward,0.9439528584480286
w25_00004650,weda,C:\Users\ADMIN\Desktop\ds-fall\data\raw\WEDA-FALL-main\dataset\25Hz\D09\U24_R01_accel.csv,C:\Users\ADMIN\Desktop\ds-fall\data\raw\WEDA-FALL-main\dataset\25Hz,U24,D09_R01,D09,hit_table_with_hand,hit_table_with_hand,0,none,False,0,50,0.002,1.962,25.0,50,12,"ax,ay,az,gx,gy,gz,acc_mag,gyro_mag,jerk,roll,pitch,tilt_delta",25.0,25.0,raw_25hz_time_aligned_to_uniform_25hz,adl_sliding_capped,118,119,,,dataset_unit_map,wrist,weda,m/s^2,rad/s,m/s^2,rad/s,1.0,1.0,True,test,non_fall,non_fall,1.2618119399121497e-05,none,backward,0.888372540473938
w25_00004651,weda,C:\Users\ADMIN\Desktop\ds-fall\data\raw\WEDA-FALL-main\dataset\25Hz\D09\U24_R01_accel.csv,C:\Users\ADMIN\Desktop\ds-fall\data\raw\WEDA-FALL-main\dataset\25Hz,U24,D09_R01,D09,hit_table_with_hand,hit_table_with_hand,0,none,False,12,62,0.482,2.4419999999999997,25.0,50,12,"ax,ay,az,gx,gy,gz,acc_mag,gyro_mag,jerk,roll,pitch,tilt_delta",25.0,25.0,raw_25hz_time_aligned_to_uniform_25hz,adl_sliding_capped,118,119,,,dataset_unit_map,wrist,weda,m/s^2,rad/s,m/s^2,rad/s,1.0,1.0,True,test,non_fall,non_fall,2.025544199568685e-05,none,backward,0.7326212525367737
w25_00004652,weda,C:\Users\ADMIN\Desktop\ds-fall\data\raw\WEDA-FALL-main\dataset\25Hz\D09\U24_R01_accel.csv,C:\Users\ADMIN\Desktop\ds-fall\data\raw\WEDA-FALL-main\dataset\25Hz,U24,D09_R01,D09,hit_table_with_hand,hit_table_with_hand,0,none,False,24,74,0.962,2.9219999999999997,25.0,50,12,"ax,ay,az,gx,gy,gz,acc_mag,gyro_mag,jerk,roll,pitch,tilt_delta",25.0,25.0,raw_25hz_time_aligned_to_uniform_25hz,adl_sliding_capped,118,119,,,dataset_unit_map,wrist,weda,m/s^2,rad/s,m/s^2,rad/s,1.0,1.0,True,test,non_fall,non_fall,0.02226896770298481,none,forward,0.8579683303833008
w25_00004653,weda,C:\Users\ADMIN\Desktop\ds-fall\data\raw\WEDA-FALL-main\dataset\25Hz\D09\U24_R01_accel.csv,C:\Users\ADMIN\Desktop\ds-fall\data\raw\WEDA-FALL-main\dataset\25Hz,U24,D09_R01,D09,hit_table_with_hand,hit_table_with_hand,0,none,False,36,86,1.442,3.4019999999999997,25.0,50,12,"ax,ay,az,gx,gy,gz,acc_mag,gyro_mag,jerk,roll,pitch,tilt_delta",25.0,25.0,raw_25hz_time_aligned_to_uniform_25hz,adl_sliding_capped,118,119,,,dataset_unit_map,wrist,weda,m/s^2,rad/s,m/s^2,rad/s,1.0,1.0,True,test,non_fall,non_fall,0.06763196736574173,none,forward,0.9416444897651672
w25_00004654,weda,C:\Users\ADMIN\Desktop\ds-fall\data\raw\WEDA-FALL-main\dataset\25Hz\D09\U24_R01_accel.csv,C:\Users\ADMIN\Desktop\ds-fall\data\raw\WEDA-FALL-main\dataset\25Hz,U24,D09_R01,D09,hit_table_with_hand,hit_table_with_hand,0,none,False,48,98,1.922,3.8819999999999997,25.0,50,12,"ax,ay,az,gx,gy,gz,acc_mag,gyro_mag,jerk,roll,pitch,tilt_delta",25.0,25.0,raw_25hz_time_aligned_to_uniform_25hz,adl_sliding_capped,118,119,,,dataset_unit_map,wrist,weda,m/s^2,rad/s,m/s^2,rad/s,1.0,1.0,True,test,non_fall,non_fall,0.19419774413108826,none,forward,0.9078673720359802
w25_00004655,weda,C:\Users\ADMIN\Desktop\ds-fall\data\raw\WEDA-FALL-main\dataset\25Hz\D09\U24_R01_accel.csv,C:\Users\ADMIN\Desktop\ds-fall\data\raw\WEDA-FALL-main\dataset\25Hz,U24,D09_R01,D09,hit_table_with_hand,hit_table_with_hand,0,none,False,60,110,2.4019999999999997,4.362,25.0,50,12,"ax,ay,az,gx,gy,gz,acc_mag,gyro_mag,jerk,roll,pitch,tilt_delta",25.0,25.0,raw_25hz_time_aligned_to_uniform_25hz,adl_sliding_capped,118,119,,,dataset_unit_map,wrist,weda,m/s^2,rad/s,m/s^2,rad/s,1.0,1.0,True,test,non_fall,non_fall,0.2751484215259552,none,forward,0.9764175415039062
w25_00004656,weda,C:\Users\ADMIN\Desktop\ds-fall\data\raw\WEDA-FALL-main\dataset\25Hz\D09\U24_R02_accel.csv,C:\Users\ADMIN\Desktop\ds-fall\data\raw\WEDA-FALL-main\dataset\25Hz,U24,D09_R02,D09,hit_table_with_hand,hit_table_with_hand,0,none,False,0,50,0.007,1.9669999999999999,25.0,50,12,"ax,ay,az,gx,gy,gz,acc_mag,gyro_mag,jerk,roll,pitch,tilt_delta",25.0,25.0,raw_25hz_time_aligned_to_uniform_25hz,adl_sliding_capped,138,138,,,dataset_unit_map,wrist,weda,m/s^2,rad/s,m/s^2,rad/s,1.0,1.0,True,test,non_fall,non_fall,1.0840082723007072e-05,none,backward,0.8764360547065735
w25_00004657,weda,C:\Users\ADMIN\Desktop\ds-fall\data\raw\WEDA-FALL-main\dataset\25Hz\D09\U24_R02_accel.csv,C:\Users\ADMIN\Desktop\ds-fall\data\raw\WEDA-FALL-main\dataset\25Hz,U24,D09_R02,D09,hit_table_with_hand,hit_table_with_hand,0,none,False,12,62,0.487,2.447,25.0,50,12,"ax,ay,az,gx,gy,gz,acc_mag,gyro_mag,jerk,roll,pitch,tilt_delta",25.0,25.0,raw_25hz_time_aligned_to_uniform_25hz,adl_sliding_capped,138,138,,,dataset_unit_map,wrist,weda,m/s^2,rad/s,m/s^2,rad/s,1.0,1.0,True,test,non_fall,non_fall,0.00020611860963981599,none,backward,0.9054428339004517
w25_00004658,weda,C:\Users\ADMIN\Desktop\ds-fall\data\raw\WEDA-FALL-main\dataset\25Hz\D09\U24_R02_accel.csv,C:\Users\ADMIN\Desktop\ds-fall\data\raw\WEDA-FALL-main\dataset\25Hz,U24,D09_R02,D09,hit_table_with_hand,hit_table_with_hand,0,none,False,24,74,0.967,2.927,25.0,50,12,"ax,ay,az,gx,gy,gz,acc_mag,gyro_mag,jerk,roll,pitch,tilt_delta",25.0,25.0,raw_25hz_time_aligned_to_uniform_25hz,adl_sliding_capped,138,138,,,dataset_unit_map,wrist,weda,m/s^2,rad/s,m/s^2,rad/s,1.0,1.0,True,test,non_fall,non_fall,0.0013699618866667151,none,backward,0.9183381795883179
w25_00004659,weda,C:\Users\ADMIN\Desktop\ds-fall\data\raw\WEDA-FALL-main\dataset\25Hz\D09\U24_R02_accel.csv,C:\Users\ADMIN\Desktop\ds-fall\data\raw\WEDA-FALL-main\dataset\25Hz,U24,D09_R02,D09,hit_table_with_hand,hit_table_with_hand,0,none,False,36,86,1.4469999999999998,3.407,25.0,50,12,"ax,ay,az,gx,gy,gz,acc_mag,gyro_mag,jerk,roll,pitch,tilt_delta",25.0,25.0,raw_25hz_time_aligned_to_uniform_25hz,adl_sliding_capped,138,138,,,dataset_unit_map,wrist,weda,m/s^2,rad/s,m/s^2,rad/s,1.0,1.0,True,test,non_fall,non_fall,0.0023659856524318457,none,backward,0.9255640506744385
w25_00004660,weda,C:\Users\ADMIN\Desktop\ds-fall\data\raw\WEDA-FALL-main\dataset\25Hz\D09\U25_R01_accel.csv,C:\Users\ADMIN\Desktop\ds-fall\data\raw\WEDA-FALL-main\dataset\25Hz,U25,D09_R01,D09,hit_table_with_hand,hit_table_with_hand,0,none,False,0,50,0.078,2.038,25.0,50,12,"ax,ay,az,gx,gy,gz,acc_mag,gyro_mag,jerk,roll,pitch,tilt_delta",25.0,25.0,raw_25hz_time_aligned_to_uniform_25hz,adl_sliding_capped,124,123,,,dataset_unit_map,wrist,weda,m/s^2,rad/s,m/s^2,rad/s,1.0,1.0,True,test,non_fall,non_fall,0.0013539998326450586,none,backward,0.8712509274482727
w25_00004661,weda,C:\Users\ADMIN\Desktop\ds-fall\data\raw\WEDA-FALL-main\dataset\25Hz\D09\U25_R01_accel.csv,C:\Users\ADMIN\Desktop\ds-fall\data\raw\WEDA-FALL-main\dataset\25Hz,U25,D09_R01,D09,hit_table_with_hand,hit_table_with_hand,0,none,False,12,62,0.5579999999999999,2.5179999999999993,25.0,50,12,"ax,ay,az,gx,gy,gz,acc_mag,gyro_mag,jerk,roll,pitch,tilt_delta",25.0,25.0,raw_25hz_time_aligned_to_uniform_25hz,adl_sliding_capped,124,123,,,dataset_unit_map,wrist,weda,m/s^2,rad/s,m/s^2,rad/s,1.0,1.0,True,test,non_fall,non_fall,1.1617798008956015e-05,none,backward,0.9023923873901367
w25_00004662,weda,C:\Users\ADMIN\Desktop\ds-fall\data\raw\WEDA-FALL-main\dataset\25Hz\D09\U25_R01_accel.csv,C:\Users\ADMIN\Desktop\ds-fall\data\raw\WEDA-FALL-main\dataset\25Hz,U25,D09_R01,D09,hit_table_with_hand,hit_table_with_hand,0,none,False,24,74,1.0379999999999998,2.9979999999999993,25.0,50,12,"ax,ay,az,gx,gy,gz,acc_mag,gyro_mag,jerk,roll,pitch,tilt_delta",25.0,25.0,raw_25hz_time_aligned_to_uniform_25hz,adl_sliding_capped,124,123,,,dataset_unit_map,wrist,weda,m/s^2,rad/s,m/s^2,rad/s,1.0,1.0,True,test,non_fall,non_fall,2.8848202418885194e-05,none,backward,0.869189977645874
w25_00004663,weda,C:\Users\ADMIN\Desktop\ds-fall\data\raw\WEDA-FALL-main\dataset\25Hz\D09\U25_R01_accel.csv,C:\Users\ADMIN\Desktop\ds-fall\data\raw\WEDA-FALL-main\dataset\25Hz,U25,D09_R01,D09,hit_table_with_hand,hit_table_with_hand,0,none,False,36,86,1.5179999999999998,3.4779999999999993,25.0,50,12,"ax,ay,az,gx,gy,gz,acc_mag,gyro_mag,jerk,roll,pitch,tilt_delta",25.0,25.0,raw_25hz_time_aligned_to_uniform_25hz,adl_sliding_capped,124,123,,,dataset_unit_map,wrist,weda,m/s^2,rad/s,m/s^2,rad/s,1.0,1.0,True,test,non_fall,non_fall,4.145113780396059e-05,none,backward,0.8642290234565735
w25_00004664,weda,C:\Users\ADMIN\Desktop\ds-fall\data\raw\WEDA-FALL-main\dataset\25Hz\D09\U25_R01_accel.csv,C:\Users\ADMIN\Desktop\ds-fall\data\raw\WEDA-FALL-main\dataset\25Hz,U25,D09_R01,D09,hit_table_with_hand,hit_table_with_hand,0,none,False,48,98,1.9979999999999998,3.9579999999999993,25.0,50,12,"ax,ay,az,gx,gy,gz,acc_mag,gyro_mag,jerk,roll,pitch,tilt_delta",25.0,25.0,raw_25hz_time_aligned_to_uniform_25hz,adl_sliding_capped,124,123,,,dataset_unit_map,wrist,weda,m/s^2,rad/s,m/s^2,rad/s,1.0,1.0,True,test,non_fall,non_fall,2.0691290046670474e-05,none,backward,0.8671038746833801
w25_00004665,weda,C:\Users\ADMIN\Desktop\ds-fall\data\raw\WEDA-FALL-main\dataset\25Hz\D09\U25_R01_accel.csv,C:\Users\ADMIN\Desktop\ds-fall\data\raw\WEDA-FALL-main\dataset\25Hz,U25,D09_R01,D09,hit_table_with_hand,hit_table_with_hand,0,none,False,60,110,2.4779999999999993,4.438,25.0,50,12,"ax,ay,az,gx,gy,gz,acc_mag,gyro_mag,jerk,roll,pitch,tilt_delta",25.0,25.0,raw_25hz_time_aligned_to_uniform_25hz,adl_sliding_capped,124,123,,,dataset_unit_map,wrist,weda,m/s^2,rad/s,m/s^2,rad/s,1.0,1.0,True,test,non_fall,non_fall,1.0835607099579647e-05,none,backward,0.8637199401855469
w25_00004666,weda,C:\Users\ADMIN\Desktop\ds-fall\data\raw\WEDA-FALL-main\dataset\25Hz\D09\U25_R01_accel.csv,C:\Users\ADMIN\Desktop\ds-fall\data\raw\WEDA-FALL-main\dataset\25Hz,U25,D09_R01,D09,hit_table_with_hand,hit_table_with_hand,0,none,False,72,122,2.9579999999999993,4.917999999999999,25.0,50,12,"ax,ay,az,gx,gy,gz,acc_mag,gyro_mag,jerk,roll,pitch,tilt_delta",25.0,25.0,raw_25hz_time_aligned_to_uniform_25hz,adl_sliding_capped,124,123,,,dataset_unit_map,wrist,weda,m/s^2,rad/s,m/s^2,rad/s,1.0,1.0,True,test,non_fall,non_fall,9.03777799976524e-06,none,backward,0.9036721587181091
w25_00004667,weda,C:\Users\ADMIN\Desktop\ds-fall\data\raw\WEDA-FALL-main\dataset\25Hz\D09\U25_R02_accel.csv,C:\Users\ADMIN\Desktop\ds-fall\data\raw\WEDA-FALL-main\dataset\25Hz,U25,D09_R02,D09,hit_table_with_hand,hit_table_with_hand,0,none,False,0,50,0.001,1.9609999999999999,25.0,50,12,"ax,ay,az,gx,gy,gz,acc_mag,gyro_mag,jerk,roll,pitch,tilt_delta",25.0,25.0,raw_25hz_time_aligned_to_uniform_25hz,adl_sliding_capped,104,104,,,dataset_unit_map,wrist,weda,m/s^2,rad/s,m/s^2,rad/s,1.0,1.0,True,test,non_fall,non_fall,1.0618990017974284e-05,none,backward,0.849751889705658
w25_00004668,weda,C:\Users\ADMIN\Desktop\ds-fall\data\raw\WEDA-FALL-main\dataset\25Hz\D09\U25_R02_accel.csv,C:\Users\ADMIN\Desktop\ds-fall\data\raw\WEDA-FALL-main\dataset\25Hz,U25,D09_R02,D09,hit_table_with_hand,hit_table_with_hand,0,none,False,12,62,0.481,2.441,25.0,50,12,"ax,ay,az,gx,gy,gz,acc_mag,gyro_mag,jerk,roll,pitch,tilt_delta",25.0,25.0,raw_25hz_time_aligned_to_uniform_25hz,adl_sliding_capped,104,104,,,dataset_unit_map,wrist,weda,m/s^2,rad/s,m/s^2,rad/s,1.0,1.0,True,test,non_fall,non_fall,7.698296940361615e-06,none,backward,0.8460326790809631
w25_00004669,weda,C:\Users\ADMIN\Desktop\ds-fall\data\raw\WEDA-FALL-main\dataset\25Hz\D09\U25_R02_accel.csv,C:\Users\ADMIN\Desktop\ds-fall\data\raw\WEDA-FALL-main\dataset\25Hz,U25,D09_R02,D09,hit_table_with_hand,hit_table_with_hand,0,none,False,24,74,0.961,2.921,25.0,50,12,"ax,ay,az,gx,gy,gz,acc_mag,gyro_mag,jerk,roll,pitch,tilt_delta",25.0,25.0,raw_25hz_time_aligned_to_uniform_25hz,adl_sliding_capped,104,104,,,dataset_unit_map,wrist,weda,m/s^2,rad/s,m/s^2,rad/s,1.0,1.0,True,test,non_fall,non_fall,0.00045683514326810837,none,backward,0.8771519660949707
w25_00004760,weda,C:\Users\ADMIN\Desktop\ds-fall\data\raw\WEDA-FALL-main\dataset\25Hz\D10\U04_R01_accel.csv,C:\Users\ADMIN\Desktop\ds-fall\data\raw\WEDA-FALL-main\dataset\25Hz,U04,D10_R01,D10,clapping_hands,clapping_hands,0,none,False,0,50,0.002,1.962,25.0,50,12,"ax,ay,az,gx,gy,gz,acc_mag,gyro_mag,jerk,roll,pitch,tilt_delta",25.0,25.0,raw_25hz_time_aligned_to_uniform_25hz,adl_sliding_capped,252,253,,,dataset_unit_map,wrist,weda,m/s^2,rad/s,m/s^2,rad/s,1.0,1.0,True,test,non_fall,fall,0.9770141243934631,none,backward,0.7761964201927185
w25_00004761,weda,C:\Users\ADMIN\Desktop\ds-fall\data\raw\WEDA-FALL-main\dataset\25Hz\D10\U04_R01_accel.csv,C:\Users\ADMIN\Desktop\ds-fall\data\raw\WEDA-FALL-main\dataset\25Hz,U04,D10_R01,D10,clapping_hands,clapping_hands,0,none,False,12,62,0.482,2.4419999999999997,25.0,50,12,"ax,ay,az,gx,gy,gz,acc_mag,gyro_mag,jerk,roll,pitch,tilt_delta",25.0,25.0,raw_25hz_time_aligned_to_uniform_25hz,adl_sliding_capped,252,253,,,dataset_unit_map,wrist,weda,m/s^2,rad/s,m/s^2,rad/s,1.0,1.0,True,test,non_fall,fall,0.9985960125923157,none,backward,0.7172316908836365
w25_00004762,weda,C:\Users\ADMIN\Desktop\ds-fall\data\raw\WEDA-FALL-main\dataset\25Hz\D10\U04_R01_accel.csv,C:\Users\ADMIN\Desktop\ds-fall\data\raw\WEDA-FALL-main\dataset\25Hz,U04,D10_R01,D10,clapping_hands,clapping_hands,0,none,False,24,74,0.962,2.9219999999999997,25.0,50,12,"ax,ay,az,gx,gy,gz,acc_mag,gyro_mag,jerk,roll,pitch,tilt_delta",25.0,25.0,raw_25hz_time_aligned_to_uniform_25hz,adl_sliding_capped,252,253,,,dataset_unit_map,wrist,weda,m/s^2,rad/s,m/s^2,rad/s,1.0,1.0,True,test,non_fall,fall,0.9986832737922668,none,backward,0.8612521290779114
w25_00004763,weda,C:\Users\ADMIN\Desktop\ds-fall\data\raw\WEDA-FALL-main\dataset\25Hz\D10\U04_R01_accel.csv,C:\Users\ADMIN\Desktop\ds-fall\data\raw\WEDA-FALL-main\dataset\25Hz,U04,D10_R01,D10,clapping_hands,clapping_hands,0,none,False,36,86,1.442,3.4019999999999997,25.0,50,12,"ax,ay,az,gx,gy,gz,acc_mag,gyro_mag,jerk,roll,pitch,tilt_delta",25.0,25.0,raw_25hz_time_aligned_to_uniform_25hz,adl_sliding_capped,252,253,,,dataset_unit_map,wrist,weda,m/s^2,rad/s,m/s^2,rad/s,1.0,1.0,True,test,non_fall,fall,0.9978600144386292,none,backward,0.9749870300292969
w25_00004764,weda,C:\Users\ADMIN\Desktop\ds-fall\data\raw\WEDA-FALL-main\dataset\25Hz\D10\U04_R01_accel.csv,C:\Users\ADMIN\Desktop\ds-fall\data\raw\WEDA-FALL-main\dataset\25Hz,U04,D10_R01,D10,clapping_hands,clapping_hands,0,none,False,48,98,1.922,3.8819999999999997,25.0,50,12,"ax,ay,az,gx,gy,gz,acc_mag,gyro_mag,jerk,roll,pitch,tilt_delta",25.0,25.0,raw_25hz_time_aligned_to_uniform_25hz,adl_sliding_capped,252,253,,,dataset_unit_map,wrist,weda,m/s^2,rad/s,m/s^2,rad/s,1.0,1.0,True,test,non_fall,non_fall,0.6380858421325684,none,backward,0.9570330381393433
w25_00004765,weda,C:\Users\ADMIN\Desktop\ds-fall\data\raw\WEDA-FALL-main\dataset\25Hz\D10\U04_R01_accel.csv,C:\Users\ADMIN\Desktop\ds-fall\data\raw\WEDA-FALL-main\dataset\25Hz,U04,D10_R01,D10,clapping_hands,clapping_hands,0,none,False,60,110,2.4019999999999997,4.362,25.0,50,12,"ax,ay,az,gx,gy,gz,acc_mag,gyro_mag,jerk,roll,pitch,tilt_delta",25.0,25.0,raw_25hz_time_aligned_to_uniform_25hz,adl_sliding_capped,252,253,,,dataset_unit_map,wrist,weda,m/s^2,rad/s,m/s^2,rad/s,1.0,1.0,True,test,non_fall,non_fall,0.16203629970550537,none,backward,0.9387445449829102
w25_00004766,weda,C:\Users\ADMIN\Desktop\ds-fall\data\raw\WEDA-FALL-main\dataset\25Hz\D10\U04_R01_accel.csv,C:\Users\ADMIN\Desktop\ds-fall\data\raw\WEDA-FALL-main\dataset\25Hz,U04,D10_R01,D10,clapping_hands,clapping_hands,0,none,False,72,122,2.8819999999999997,4.842,25.0,50,12,"ax,ay,az,gx,gy,gz,acc_mag,gyro_mag,jerk,roll,pitch,tilt_delta",25.0,25.0,raw_25hz_time_aligned_to_uniform_25hz,adl_sliding_capped,252,253,,,dataset_unit_map,wrist,weda,m/s^2,rad/s,m/s^2,rad/s,1.0,1.0,True,test,non_fall,non_fall,0.02340845577418804,none,backward,0.9495553970336914
w25_00004767,weda,C:\Users\ADMIN\Desktop\ds-fall\data\raw\WEDA-FALL-main\dataset\25Hz\D10\U04_R01_accel.csv,C:\Users\ADMIN\Desktop\ds-fall\data\raw\WEDA-FALL-main\dataset\25Hz,U04,D10_R01,D10,clapping_hands,clapping_hands,0,none,False,84,134,3.3619999999999997,5.322,25.0,50,12,"ax,ay,az,gx,gy,gz,acc_mag,gyro_mag,jerk,roll,pitch,tilt_delta",25.0,25.0,raw_25hz_time_aligned_to_uniform_25hz,adl_sliding_capped,252,253,,,dataset_unit_map,wrist,weda,m/s^2,rad/s,m/s^2,rad/s,1.0,1.0,True,test,non_fall,non_fall,0.00045234302524477243,none,backward,0.9604288935661316
w25_00004768,weda,C:\Users\ADMIN\Desktop\ds-fall\data\raw\WEDA-FALL-main\dataset\25Hz\D10\U04_R01_accel.csv,C:\Users\ADMIN\Desktop\ds-fall\data\raw\WEDA-FALL-main\dataset\25Hz,U04,D10_R01,D10,clapping_hands,clapping_hands,0,none,False,96,146,3.8419999999999996,5.802,25.0,50,12,"ax,ay,az,gx,gy,gz,acc_mag,gyro_mag,jerk,roll,pitch,tilt_delta",25.0,25.0,raw_25hz_time_aligned_to_uniform_25hz,adl_sliding_capped,252,253,,,dataset_unit_map,wrist,weda,m/s^2,rad/s,m/s^2,rad/s,1.0,1.0,True,test,non_fall,non_fall,1.609707169336616e-06,none,backward,0.9693701863288879
w25_00004769,weda,C:\Users\ADMIN\Desktop\ds-fall\data\raw\WEDA-FALL-main\dataset\25Hz\D10\U04_R01_accel.csv,C:\Users\ADMIN\Desktop\ds-fall\data\raw\WEDA-FALL-main\dataset\25Hz,U04,D10_R01,D10,clapping_hands,clapping_hands,0,none,False,108,158,4.322,6.282,25.0,50,12,"ax,ay,az,gx,gy,gz,acc_mag,gyro_mag,jerk,roll,pitch,tilt_delta",25.0,25.0,raw_25hz_time_aligned_to_uniform_25hz,adl_sliding_capped,252,253,,,dataset_unit_map,wrist,weda,m/s^2,rad/s,m/s^2,rad/s,1.0,1.0,True,test,non_fall,non_fall,1.608741149539128e-05,none,backward,0.9470041394233704
w25_00004900,weda,C:\Users\ADMIN\Desktop\ds-fall\data\raw\WEDA-FALL-main\dataset\25Hz\D10\U24_R01_accel.csv,C:\Users\ADMIN\Desktop\ds-fall\data\raw\WEDA-FALL-main\dataset\25Hz,U24,D10_R01,D10,clapping_hands,clapping_hands,0,none,False,0,50,0.002,1.962,25.0,50,12,"ax,ay,az,gx,gy,gz,acc_mag,gyro_mag,jerk,roll,pitch,tilt_delta",25.0,25.0,raw_25hz_time_aligned_to_uniform_25hz,adl_sliding_capped,243,246,,,dataset_unit_map,wrist,weda,m/s^2,rad/s,m/s^2,rad/s,1.0,1.0,True,test,non_fall,non_fall,8.60560476212413e-07,none,backward,0.9422711730003357
w25_00004901,weda,C:\Users\ADMIN\Desktop\ds-fall\data\raw\WEDA-FALL-main\dataset\25Hz\D10\U24_R01_accel.csv,C:\Users\ADMIN\Desktop\ds-fall\data\raw\WEDA-FALL-main\dataset\25Hz,U24,D10_R01,D10,clapping_hands,clapping_hands,0,none,False,12,62,0.482,2.4419999999999997,25.0,50,12,"ax,ay,az,gx,gy,gz,acc_mag,gyro_mag,jerk,roll,pitch,tilt_delta",25.0,25.0,raw_25hz_time_aligned_to_uniform_25hz,adl_sliding_capped,243,246,,,dataset_unit_map,wrist,weda,m/s^2,rad/s,m/s^2,rad/s,1.0,1.0,True,test,non_fall,non_fall,8.779663289715245e-07,none,backward,0.9340845346450806
w25_00004902,weda,C:\Users\ADMIN\Desktop\ds-fall\data\raw\WEDA-FALL-main\dataset\25Hz\D10\U24_R01_accel.csv,C:\Users\ADMIN\Desktop\ds-fall\data\raw\WEDA-FALL-main\dataset\25Hz,U24,D10_R01,D10,clapping_hands,clapping_hands,0,none,False,24,74,0.962,2.9219999999999997,25.0,50,12,"ax,ay,az,gx,gy,gz,acc_mag,gyro_mag,jerk,roll,pitch,tilt_delta",25.0,25.0,raw_25hz_time_aligned_to_uniform_25hz,adl_sliding_capped,243,246,,,dataset_unit_map,wrist,weda,m/s^2,rad/s,m/s^2,rad/s,1.0,1.0,True,test,non_fall,non_fall,3.601443836487306e-07,none,backward,0.9186928272247314
w25_00004903,weda,C:\Users\ADMIN\Desktop\ds-fall\data\raw\WEDA-FALL-main\dataset\25Hz\D10\U24_R01_accel.csv,C:\Users\ADMIN\Desktop\ds-fall\data\raw\WEDA-FALL-main\dataset\25Hz,U24,D10_R01,D10,clapping_hands,clapping_hands,0,none,False,36,86,1.442,3.4019999999999997,25.0,50,12,"ax,ay,az,gx,gy,gz,acc_mag,gyro_mag,jerk,roll,pitch,tilt_delta",25.0,25.0,raw_25hz_time_aligned_to_uniform_25hz,adl_sliding_capped,243,246,,,dataset_unit_map,wrist,weda,m/s^2,rad/s,m/s^2,rad/s,1.0,1.0,True,test,non_fall,non_fall,2.1781754639960127e-06,none,backward,0.8466495275497437
w25_00004904,weda,C:\Users\ADMIN\Desktop\ds-fall\data\raw\WEDA-FALL-main\dataset\25Hz\D10\U24_R01_accel.csv,C:\Users\ADMIN\Desktop\ds-fall\data\raw\WEDA-FALL-main\dataset\25Hz,U24,D10_R01,D10,clapping_hands,clapping_hands,0,none,False,48,98,1.922,3.8819999999999997,25.0,50,12,"ax,ay,az,gx,gy,gz,acc_mag,gyro_mag,jerk,roll,pitch,tilt_delta",25.0,25.0,raw_25hz_time_aligned_to_uniform_25hz,adl_sliding_capped,243,246,,,dataset_unit_map,wrist,weda,m/s^2,rad/s,m/s^2,rad/s,1.0,1.0,True,test,non_fall,non_fall,1.8726034340943443e-06,none,backward,0.9205215573310852
w25_00004905,weda,C:\Users\ADMIN\Desktop\ds-fall\data\raw\WEDA-FALL-main\dataset\25Hz\D10\U24_R01_accel.csv,C:\Users\ADMIN\Desktop\ds-fall\data\raw\WEDA-FALL-main\dataset\25Hz,U24,D10_R01,D10,clapping_hands,clapping_hands,0,none,False,60,110,2.4019999999999997,4.362,25.0,50,12,"ax,ay,az,gx,gy,gz,acc_mag,gyro_mag,jerk,roll,pitch,tilt_delta",25.0,25.0,raw_25hz_time_aligned_to_uniform_25hz,adl_sliding_capped,243,246,,,dataset_unit_map,wrist,weda,m/s^2,rad/s,m/s^2,rad/s,1.0,1.0,True,test,non_fall,non_fall,3.945999651477905e-06,none,backward,0.8798924684524536
w25_00004906,weda,C:\Users\ADMIN\Desktop\ds-fall\data\raw\WEDA-FALL-main\dataset\25Hz\D10\U24_R01_accel.csv,C:\Users\ADMIN\Desktop\ds-fall\data\raw\WEDA-FALL-main\dataset\25Hz,U24,D10_R01,D10,clapping_hands,clapping_hands,0,none,False,72,122,2.8819999999999997,4.842,25.0,50,12,"ax,ay,az,gx,gy,gz,acc_mag,gyro_mag,jerk,roll,pitch,tilt_delta",25.0,25.0,raw_25hz_time_aligned_to_uniform_25hz,adl_sliding_capped,243,246,,,dataset_unit_map,wrist,weda,m/s^2,rad/s,m/s^2,rad/s,1.0,1.0,True,test,non_fall,non_fall,1.7251779354410246e-05,none,backward,0.9203300476074219
w25_00004907,weda,C:\Users\ADMIN\Desktop\ds-fall\data\raw\WEDA-FALL-main\dataset\25Hz\D10\U24_R01_accel.csv,C:\Users\ADMIN\Desktop\ds-fall\data\raw\WEDA-FALL-main\dataset\25Hz,U24,D10_R01,D10,clapping_hands,clapping_hands,0,none,False,84,134,3.3619999999999997,5.322,25.0,50,12,"ax,ay,az,gx,gy,gz,acc_mag,gyro_mag,jerk,roll,pitch,tilt_delta",25.0,25.0,raw_25hz_time_aligned_to_uniform_25hz,adl_sliding_capped,243,246,,,dataset_unit_map,wrist,weda,m/s^2,rad/s,m/s^2,rad/s,1.0,1.0,True,test,non_fall,non_fall,1.7928267652678187e-06,none,backward,0.9542455077171326
w25_00004908,weda,C:\Users\ADMIN\Desktop\ds-fall\data\raw\WEDA-FALL-main\dataset\25Hz\D10\U24_R01_accel.csv,C:\Users\ADMIN\Desktop\ds-fall\data\raw\WEDA-FALL-main\dataset\25Hz,U24,D10_R01,D10,clapping_hands,clapping_hands,0,none,False,96,146,3.8419999999999996,5.802,25.0,50,12,"ax,ay,az,gx,gy,gz,acc_mag,gyro_mag,jerk,roll,pitch,tilt_delta",25.0,25.0,raw_25hz_time_aligned_to_uniform_25hz,adl_sliding_capped,243,246,,,dataset_unit_map,wrist,weda,m/s^2,rad/s,m/s^2,rad/s,1.0,1.0,True,test,non_fall,non_fall,2.1829876004630933e-06,none,backward,0.9706228375434875
w25_00004909,weda,C:\Users\ADMIN\Desktop\ds-fall\data\raw\WEDA-FALL-main\dataset\25Hz\D10\U24_R01_accel.csv,C:\Users\ADMIN\Desktop\ds-fall\data\raw\WEDA-FALL-main\dataset\25Hz,U24,D10_R01,D10,clapping_hands,clapping_hands,0,none,False,108,158,4.322,6.282,25.0,50,12,"ax,ay,az,gx,gy,gz,acc_mag,gyro_mag,jerk,roll,pitch,tilt_delta",25.0,25.0,raw_25hz_time_aligned_to_uniform_25hz,adl_sliding_capped,243,246,,,dataset_unit_map,wrist,weda,m/s^2,rad/s,m/s^2,rad/s,1.0,1.0,True,test,non_fall,non_fall,2.562641157055623e-06,none,backward,0.9641010761260986
w25_00004910,weda,C:\Users\ADMIN\Desktop\ds-fall\data\raw\WEDA-FALL-main\dataset\25Hz\D10\U25_R01_accel.csv,C:\Users\ADMIN\Desktop\ds-fall\data\raw\WEDA-FALL-main\dataset\25Hz,U25,D10_R01,D10,clapping_hands,clapping_hands,0,none,False,0,50,0.001,1.9609999999999999,25.0,50,12,"ax,ay,az,gx,gy,gz,acc_mag,gyro_mag,jerk,roll,pitch,tilt_delta",25.0,25.0,raw_25hz_time_aligned_to_uniform_25hz,adl_sliding_capped,264,267,,,dataset_unit_map,wrist,weda,m/s^2,rad/s,m/s^2,rad/s,1.0,1.0,True,test,non_fall,non_fall,9.92350178421475e-05,none,backward,0.8587635159492493
w25_00004911,weda,C:\Users\ADMIN\Desktop\ds-fall\data\raw\WEDA-FALL-main\dataset\25Hz\D10\U25_R01_accel.csv,C:\Users\ADMIN\Desktop\ds-fall\data\raw\WEDA-FALL-main\dataset\25Hz,U25,D10_R01,D10,clapping_hands,clapping_hands,0,none,False,12,62,0.481,2.441,25.0,50,12,"ax,ay,az,gx,gy,gz,acc_mag,gyro_mag,jerk,roll,pitch,tilt_delta",25.0,25.0,raw_25hz_time_aligned_to_uniform_25hz,adl_sliding_capped,264,267,,,dataset_unit_map,wrist,weda,m/s^2,rad/s,m/s^2,rad/s,1.0,1.0,True,test,non_fall,non_fall,0.00030121536110527813,none,backward,0.9412875771522522
w25_00004912,weda,C:\Users\ADMIN\Desktop\ds-fall\data\raw\WEDA-FALL-main\dataset\25Hz\D10\U25_R01_accel.csv,C:\Users\ADMIN\Desktop\ds-fall\data\raw\WEDA-FALL-main\dataset\25Hz,U25,D10_R01,D10,clapping_hands,clapping_hands,0,none,False,24,74,0.961,2.921,25.0,50,12,"ax,ay,az,gx,gy,gz,acc_mag,gyro_mag,jerk,roll,pitch,tilt_delta",25.0,25.0,raw_25hz_time_aligned_to_uniform_25hz,adl_sliding_capped,264,267,,,dataset_unit_map,wrist,weda,m/s^2,rad/s,m/s^2,rad/s,1.0,1.0,True,test,non_fall,non_fall,5.0962669774889946e-05,none,backward,0.9088872671127319
w25_00004913,weda,C:\Users\ADMIN\Desktop\ds-fall\data\raw\WEDA-FALL-main\dataset\25Hz\D10\U25_R01_accel.csv,C:\Users\ADMIN\Desktop\ds-fall\data\raw\WEDA-FALL-main\dataset\25Hz,U25,D10_R01,D10,clapping_hands,clapping_hands,0,none,False,36,86,1.4409999999999998,3.401,25.0,50,12,"ax,ay,az,gx,gy,gz,acc_mag,gyro_mag,jerk,roll,pitch,tilt_delta",25.0,25.0,raw_25hz_time_aligned_to_uniform_25hz,adl_sliding_capped,264,267,,,dataset_unit_map,wrist,weda,m/s^2,rad/s,m/s^2,rad/s,1.0,1.0,True,test,non_fall,non_fall,0.0003189192502759397,none,backward,0.8217721581459045
w25_00004914,weda,C:\Users\ADMIN\Desktop\ds-fall\data\raw\WEDA-FALL-main\dataset\25Hz\D10\U25_R01_accel.csv,C:\Users\ADMIN\Desktop\ds-fall\data\raw\WEDA-FALL-main\dataset\25Hz,U25,D10_R01,D10,clapping_hands,clapping_hands,0,none,False,48,98,1.9209999999999998,3.881,25.0,50,12,"ax,ay,az,gx,gy,gz,acc_mag,gyro_mag,jerk,roll,pitch,tilt_delta",25.0,25.0,raw_25hz_time_aligned_to_uniform_25hz,adl_sliding_capped,264,267,,,dataset_unit_map,wrist,weda,m/s^2,rad/s,m/s^2,rad/s,1.0,1.0,True,test,non_fall,non_fall,0.00023110199254006147,none,backward,0.865958571434021
w25_00004915,weda,C:\Users\ADMIN\Desktop\ds-fall\data\raw\WEDA-FALL-main\dataset\25Hz\D10\U25_R01_accel.csv,C:\Users\ADMIN\Desktop\ds-fall\data\raw\WEDA-FALL-main\dataset\25Hz,U25,D10_R01,D10,clapping_hands,clapping_hands,0,none,False,60,110,2.401,4.361000000000001,25.0,50,12,"ax,ay,az,gx,gy,gz,acc_mag,gyro_mag,jerk,roll,pitch,tilt_delta",25.0,25.0,raw_25hz_time_aligned_to_uniform_25hz,adl_sliding_capped,264,267,,,dataset_unit_map,wrist,weda,m/s^2,rad/s,m/s^2,rad/s,1.0,1.0,True,test,non_fall,non_fall,6.112321716500446e-05,none,backward,0.9101760983467102
w25_00004916,weda,C:\Users\ADMIN\Desktop\ds-fall\data\raw\WEDA-FALL-main\dataset\25Hz\D10\U25_R01_accel.csv,C:\Users\ADMIN\Desktop\ds-fall\data\raw\WEDA-FALL-main\dataset\25Hz,U25,D10_R01,D10,clapping_hands,clapping_hands,0,none,False,72,122,2.881,4.841,25.0,50,12,"ax,ay,az,gx,gy,gz,acc_mag,gyro_mag,jerk,roll,pitch,tilt_delta",25.0,25.0,raw_25hz_time_aligned_to_uniform_25hz,adl_sliding_capped,264,267,,,dataset_unit_map,wrist,weda,m/s^2,rad/s,m/s^2,rad/s,1.0,1.0,True,test,non_fall,non_fall,1.9336504919920117e-05,none,backward,0.9577996134757996
w25_00004917,weda,C:\Users\ADMIN\Desktop\ds-fall\data\raw\WEDA-FALL-main\dataset\25Hz\D10\U25_R01_accel.csv,C:\Users\ADMIN\Desktop\ds-fall\data\raw\WEDA-FALL-main\dataset\25Hz,U25,D10_R01,D10,clapping_hands,clapping_hands,0,none,False,84,134,3.3609999999999998,5.321000000000001,25.0,50,12,"ax,ay,az,gx,gy,gz,acc_mag,gyro_mag,jerk,roll,pitch,tilt_delta",25.0,25.0,raw_25hz_time_aligned_to_uniform_25hz,adl_sliding_capped,264,267,,,dataset_unit_map,wrist,weda,m/s^2,rad/s,m/s^2,rad/s,1.0,1.0,True,test,non_fall,non_fall,1.6449299664600403e-06,none,backward,0.9699723720550537
w25_00004918,weda,C:\Users\ADMIN\Desktop\ds-fall\data\raw\WEDA-FALL-main\dataset\25Hz\D10\U25_R01_accel.csv,C:\Users\ADMIN\Desktop\ds-fall\data\raw\WEDA-FALL-main\dataset\25Hz,U25,D10_R01,D10,clapping_hands,clapping_hands,0,none,False,96,146,3.8409999999999997,5.801,25.0,50,12,"ax,ay,az,gx,gy,gz,acc_mag,gyro_mag,jerk,roll,pitch,tilt_delta",25.0,25.0,raw_25hz_time_aligned_to_uniform_25hz,adl_sliding_capped,264,267,,,dataset_unit_map,wrist,weda,m/s^2,rad/s,m/s^2,rad/s,1.0,1.0,True,test,non_fall,non_fall,1.772811856426415e-06,none,backward,0.9693347215652466
w25_00004919,weda,C:\Users\ADMIN\Desktop\ds-fall\data\raw\WEDA-FALL-main\dataset\25Hz\D10\U25_R01_accel.csv,C:\Users\ADMIN\Desktop\ds-fall\data\raw\WEDA-FALL-main\dataset\25Hz,U25,D10_R01,D10,clapping_hands,clapping_hands,0,none,False,108,158,4.321000000000001,6.281000000000001,25.0,50,12,"ax,ay,az,gx,gy,gz,acc_mag,gyro_mag,jerk,roll,pitch,tilt_delta",25.0,25.0,raw_25hz_time_aligned_to_uniform_25hz,adl_sliding_capped,264,267,,,dataset_unit_map,wrist,weda,m/s^2,rad/s,m/s^2,rad/s,1.0,1.0,True,test,non_fall,non_fall,7.717274570495647e-07,none,backward,0.9644871950149536
w25_00004995,weda,C:\Users\ADMIN\Desktop\ds-fall\data\raw\WEDA-FALL-main\dataset\25Hz\D11\U04_R01_accel.csv,C:\Users\ADMIN\Desktop\ds-fall\data\raw\WEDA-FALL-main\dataset\25Hz,U04,D11_R01,D11,open_close_door,open_close_door,0,none,False,0,50,0.006,1.966,25.0,50,12,"ax,ay,az,gx,gy,gz,acc_mag,gyro_mag,jerk,roll,pitch,tilt_delta",25.0,25.0,raw_25hz_time_aligned_to_uniform_25hz,adl_sliding_capped,274,276,,,dataset_unit_map,wrist,weda,m/s^2,rad/s,m/s^2,rad/s,1.0,1.0,True,test,non_fall,non_fall,0.0056570060551166534,none,lateral,0.8829554319381714
w25_00004996,weda,C:\Users\ADMIN\Desktop\ds-fall\data\raw\WEDA-FALL-main\dataset\25Hz\D11\U04_R01_accel.csv,C:\Users\ADMIN\Desktop\ds-fall\data\raw\WEDA-FALL-main\dataset\25Hz,U04,D11_R01,D11,open_close_door,open_close_door,0,none,False,12,62,0.486,2.4459999999999997,25.0,50,12,"ax,ay,az,gx,gy,gz,acc_mag,gyro_mag,jerk,roll,pitch,tilt_delta",25.0,25.0,raw_25hz_time_aligned_to_uniform_25hz,adl_sliding_capped,274,276,,,dataset_unit_map,wrist,weda,m/s^2,rad/s,m/s^2,rad/s,1.0,1.0,True,test,non_fall,non_fall,0.005363153759390116,none,lateral,0.8744844198226929
w25_00004997,weda,C:\Users\ADMIN\Desktop\ds-fall\data\raw\WEDA-FALL-main\dataset\25Hz\D11\U04_R01_accel.csv,C:\Users\ADMIN\Desktop\ds-fall\data\raw\WEDA-FALL-main\dataset\25Hz,U04,D11_R01,D11,open_close_door,open_close_door,0,none,False,24,74,0.966,2.9259999999999997,25.0,50,12,"ax,ay,az,gx,gy,gz,acc_mag,gyro_mag,jerk,roll,pitch,tilt_delta",25.0,25.0,raw_25hz_time_aligned_to_uniform_25hz,adl_sliding_capped,274,276,,,dataset_unit_map,wrist,weda,m/s^2,rad/s,m/s^2,rad/s,1.0,1.0,True,test,non_fall,non_fall,0.0026611003559082747,none,lateral,0.8497723937034607
w25_00004998,weda,C:\Users\ADMIN\Desktop\ds-fall\data\raw\WEDA-FALL-main\dataset\25Hz\D11\U04_R01_accel.csv,C:\Users\ADMIN\Desktop\ds-fall\data\raw\WEDA-FALL-main\dataset\25Hz,U04,D11_R01,D11,open_close_door,open_close_door,0,none,False,36,86,1.446,3.4059999999999997,25.0,50,12,"ax,ay,az,gx,gy,gz,acc_mag,gyro_mag,jerk,roll,pitch,tilt_delta",25.0,25.0,raw_25hz_time_aligned_to_uniform_25hz,adl_sliding_capped,274,276,,,dataset_unit_map,wrist,weda,m/s^2,rad/s,m/s^2,rad/s,1.0,1.0,True,test,non_fall,non_fall,3.2822743378346786e-05,none,forward,0.7703304290771484
w25_00004999,weda,C:\Users\ADMIN\Desktop\ds-fall\data\raw\WEDA-FALL-main\dataset\25Hz\D11\U04_R01_accel.csv,C:\Users\ADMIN\Desktop\ds-fall\data\raw\WEDA-FALL-main\dataset\25Hz,U04,D11_R01,D11,open_close_door,open_close_door,0,none,False,48,98,1.926,3.8859999999999997,25.0,50,12,"ax,ay,az,gx,gy,gz,acc_mag,gyro_mag,jerk,roll,pitch,tilt_delta",25.0,25.0,raw_25hz_time_aligned_to_uniform_25hz,adl_sliding_capped,274,276,,,dataset_unit_map,wrist,weda,m/s^2,rad/s,m/s^2,rad/s,1.0,1.0,True,test,non_fall,non_fall,1.4318757166620344e-05,none,forward,0.7794915437698364
w25_00005065,weda,C:\Users\ADMIN\Desktop\ds-fall\data\raw\WEDA-FALL-main\dataset\25Hz\D11\U24_R01_accel.csv,C:\Users\ADMIN\Desktop\ds-fall\data\raw\WEDA-FALL-main\dataset\25Hz,U24,D11_R01,D11,open_close_door,open_close_door,0,none,False,0,50,0.002,1.962,25.0,50,12,"ax,ay,az,gx,gy,gz,acc_mag,gyro_mag,jerk,roll,pitch,tilt_delta",25.0,25.0,raw_25hz_time_aligned_to_uniform_25hz,adl_sliding_capped,166,166,,,dataset_unit_map,wrist,weda,m/s^2,rad/s,m/s^2,rad/s,1.0,1.0,True,test,non_fall,non_fall,0.0006629166309721768,none,backward,0.8721484541893005
w25_00005066,weda,C:\Users\ADMIN\Desktop\ds-fall\data\raw\WEDA-FALL-main\dataset\25Hz\D11\U24_R01_accel.csv,C:\Users\ADMIN\Desktop\ds-fall\data\raw\WEDA-FALL-main\dataset\25Hz,U24,D11_R01,D11,open_close_door,open_close_door,0,none,False,12,62,0.482,2.4419999999999997,25.0,50,12,"ax,ay,az,gx,gy,gz,acc_mag,gyro_mag,jerk,roll,pitch,tilt_delta",25.0,25.0,raw_25hz_time_aligned_to_uniform_25hz,adl_sliding_capped,166,166,,,dataset_unit_map,wrist,weda,m/s^2,rad/s,m/s^2,rad/s,1.0,1.0,True,test,non_fall,non_fall,0.017846865579485893,none,backward,0.8775649070739746
w25_00005067,weda,C:\Users\ADMIN\Desktop\ds-fall\data\raw\WEDA-FALL-main\dataset\25Hz\D11\U24_R01_accel.csv,C:\Users\ADMIN\Desktop\ds-fall\data\raw\WEDA-FALL-main\dataset\25Hz,U24,D11_R01,D11,open_close_door,open_close_door,0,none,False,24,74,0.962,2.9219999999999997,25.0,50,12,"ax,ay,az,gx,gy,gz,acc_mag,gyro_mag,jerk,roll,pitch,tilt_delta",25.0,25.0,raw_25hz_time_aligned_to_uniform_25hz,adl_sliding_capped,166,166,,,dataset_unit_map,wrist,weda,m/s^2,rad/s,m/s^2,rad/s,1.0,1.0,True,test,non_fall,non_fall,0.0054646749049425125,none,backward,0.8618513941764832
w25_00005068,weda,C:\Users\ADMIN\Desktop\ds-fall\data\raw\WEDA-FALL-main\dataset\25Hz\D11\U24_R01_accel.csv,C:\Users\ADMIN\Desktop\ds-fall\data\raw\WEDA-FALL-main\dataset\25Hz,U24,D11_R01,D11,open_close_door,open_close_door,0,none,False,36,86,1.442,3.4019999999999997,25.0,50,12,"ax,ay,az,gx,gy,gz,acc_mag,gyro_mag,jerk,roll,pitch,tilt_delta",25.0,25.0,raw_25hz_time_aligned_to_uniform_25hz,adl_sliding_capped,166,166,,,dataset_unit_map,wrist,weda,m/s^2,rad/s,m/s^2,rad/s,1.0,1.0,True,test,non_fall,non_fall,0.05929916724562645,none,backward,0.9330840706825256
w25_00005069,weda,C:\Users\ADMIN\Desktop\ds-fall\data\raw\WEDA-FALL-main\dataset\25Hz\D11\U24_R01_accel.csv,C:\Users\ADMIN\Desktop\ds-fall\data\raw\WEDA-FALL-main\dataset\25Hz,U24,D11_R01,D11,open_close_door,open_close_door,0,none,False,48,98,1.922,3.8819999999999997,25.0,50,12,"ax,ay,az,gx,gy,gz,acc_mag,gyro_mag,jerk,roll,pitch,tilt_delta",25.0,25.0,raw_25hz_time_aligned_to_uniform_25hz,adl_sliding_capped,166,166,,,dataset_unit_map,wrist,weda,m/s^2,rad/s,m/s^2,rad/s,1.0,1.0,True,test,non_fall,non_fall,0.026518819853663445,none,backward,0.9345118999481201
w25_00005070,weda,C:\Users\ADMIN\Desktop\ds-fall\data\raw\WEDA-FALL-main\dataset\25Hz\D11\U25_R01_accel.csv,C:\Users\ADMIN\Desktop\ds-fall\data\raw\WEDA-FALL-main\dataset\25Hz,U25,D11_R01,D11,open_close_door,open_close_door,0,none,False,0,50,0.002,1.962,25.0,50,12,"ax,ay,az,gx,gy,gz,acc_mag,gyro_mag,jerk,roll,pitch,tilt_delta",25.0,25.0,raw_25hz_time_aligned_to_uniform_25hz,adl_sliding_capped,247,249,,,dataset_unit_map,wrist,weda,m/s^2,rad/s,m/s^2,rad/s,1.0,1.0,True,test,non_fall,non_fall,5.853575203218497e-05,none,backward,0.6196101307868958
w25_00005071,weda,C:\Users\ADMIN\Desktop\ds-fall\data\raw\WEDA-FALL-main\dataset\25Hz\D11\U25_R01_accel.csv,C:\Users\ADMIN\Desktop\ds-fall\data\raw\WEDA-FALL-main\dataset\25Hz,U25,D11_R01,D11,open_close_door,open_close_door,0,none,False,12,62,0.482,2.4419999999999997,25.0,50,12,"ax,ay,az,gx,gy,gz,acc_mag,gyro_mag,jerk,roll,pitch,tilt_delta",25.0,25.0,raw_25hz_time_aligned_to_uniform_25hz,adl_sliding_capped,247,249,,,dataset_unit_map,wrist,weda,m/s^2,rad/s,m/s^2,rad/s,1.0,1.0,True,test,non_fall,non_fall,0.19211970269680023,none,backward,0.6235251426696777
w25_00005072,weda,C:\Users\ADMIN\Desktop\ds-fall\data\raw\WEDA-FALL-main\dataset\25Hz\D11\U25_R01_accel.csv,C:\Users\ADMIN\Desktop\ds-fall\data\raw\WEDA-FALL-main\dataset\25Hz,U25,D11_R01,D11,open_close_door,open_close_door,0,none,False,24,74,0.962,2.9219999999999997,25.0,50,12,"ax,ay,az,gx,gy,gz,acc_mag,gyro_mag,jerk,roll,pitch,tilt_delta",25.0,25.0,raw_25hz_time_aligned_to_uniform_25hz,adl_sliding_capped,247,249,,,dataset_unit_map,wrist,weda,m/s^2,rad/s,m/s^2,rad/s,1.0,1.0,True,test,non_fall,non_fall,0.6045750975608826,none,forward,0.49729248881340027
w25_00005073,weda,C:\Users\ADMIN\Desktop\ds-fall\data\raw\WEDA-FALL-main\dataset\25Hz\D11\U25_R01_accel.csv,C:\Users\ADMIN\Desktop\ds-fall\data\raw\WEDA-FALL-main\dataset\25Hz,U25,D11_R01,D11,open_close_door,open_close_door,0,none,False,36,86,1.442,3.4019999999999997,25.0,50,12,"ax,ay,az,gx,gy,gz,acc_mag,gyro_mag,jerk,roll,pitch,tilt_delta",25.0,25.0,raw_25hz_time_aligned_to_uniform_25hz,adl_sliding_capped,247,249,,,dataset_unit_map,wrist,weda,m/s^2,rad/s,m/s^2,rad/s,1.0,1.0,True,test,non_fall,non_fall,0.5694719552993774,none,forward,0.42624181509017944
w25_00005074,weda,C:\Users\ADMIN\Desktop\ds-fall\data\raw\WEDA-FALL-main\dataset\25Hz\D11\U25_R01_accel.csv,C:\Users\ADMIN\Desktop\ds-fall\data\raw\WEDA-FALL-main\dataset\25Hz,U25,D11_R01,D11,open_close_door,open_close_door,0,none,False,48,98,1.922,3.8819999999999997,25.0,50,12,"ax,ay,az,gx,gy,gz,acc_mag,gyro_mag,jerk,roll,pitch,tilt_delta",25.0,25.0,raw_25hz_time_aligned_to_uniform_25hz,adl_sliding_capped,247,249,,,dataset_unit_map,wrist,weda,m/s^2,rad/s,m/s^2,rad/s,1.0,1.0,True,test,non_fall,non_fall,0.10026461631059647,none,backward,0.7915807366371155
w25_00005114,weda,C:\Users\ADMIN\Desktop\ds-fall\data\raw\WEDA-FALL-main\dataset\25Hz\F01\U04_R01_accel.csv,C:\Users\ADMIN\Desktop\ds-fall\data\raw\WEDA-FALL-main\dataset\25Hz,U04,F01_R01,F01,fall_forward_walking_slip,fall_forward_walking_slip,1,forward,True,108,158,4.336,6.296,25.0,50,12,"ax,ay,az,gx,gy,gz,acc_mag,gyro_mag,jerk,roll,pitch,tilt_delta",25.0,25.0,raw_25hz_time_aligned_to_uniform_25hz,fall_interval_peak_acc_centered,414,418,4.3,7.3,dataset_unit_map,wrist,weda,m/s^2,rad/s,m/s^2,rad/s,1.0,1.0,True,test,fall,fall,0.9972930550575256,forward,forward,0.9852964282035828
w25_00005115,weda,C:\Users\ADMIN\Desktop\ds-fall\data\raw\WEDA-FALL-main\dataset\25Hz\F01\U04_R02_accel.csv,C:\Users\ADMIN\Desktop\ds-fall\data\raw\WEDA-FALL-main\dataset\25Hz,U04,F01_R02,F01,fall_forward_walking_slip,fall_forward_walking_slip,1,forward,True,98,148,3.9219999999999997,5.882,25.0,50,12,"ax,ay,az,gx,gy,gz,acc_mag,gyro_mag,jerk,roll,pitch,tilt_delta",25.0,25.0,raw_25hz_time_aligned_to_uniform_25hz,fall_interval_peak_acc_centered,405,409,3.7,6.7,dataset_unit_map,wrist,weda,m/s^2,rad/s,m/s^2,rad/s,1.0,1.0,True,test,fall,fall,0.9999992847442627,forward,forward,0.947018027305603
w25_00005116,weda,C:\Users\ADMIN\Desktop\ds-fall\data\raw\WEDA-FALL-main\dataset\25Hz\F01\U04_R03_accel.csv,C:\Users\ADMIN\Desktop\ds-fall\data\raw\WEDA-FALL-main\dataset\25Hz,U04,F01_R03,F01,fall_forward_walking_slip,fall_forward_walking_slip,1,forward,True,127,177,5.082,7.042,25.0,50,12,"ax,ay,az,gx,gy,gz,acc_mag,gyro_mag,jerk,roll,pitch,tilt_delta",25.0,25.0,raw_25hz_time_aligned_to_uniform_25hz,fall_interval_peak_acc_centered,264,266,5.0,8.0,dataset_unit_map,wrist,weda,m/s^2,rad/s,m/s^2,rad/s,1.0,1.0,True,test,fall,fall,0.9999990463256836,forward,forward,0.9962687492370605
w25_00005156,weda,C:\Users\ADMIN\Desktop\ds-fall\data\raw\WEDA-FALL-main\dataset\25Hz\F02\U04_R01_accel.csv,C:\Users\ADMIN\Desktop\ds-fall\data\raw\WEDA-FALL-main\dataset\25Hz,U04,F02_R01,F02,lateral_fall_walking_slip,lateral_fall_walking_slip,1,lateral,True,100,150,4.002,5.962,25.0,50,12,"ax,ay,az,gx,gy,gz,acc_mag,gyro_mag,jerk,roll,pitch,tilt_delta",25.0,25.0,raw_25hz_time_aligned_to_uniform_25hz,fall_interval_peak_acc_centered,271,273,4.0,7.0,dataset_unit_map,wrist,weda,m/s^2,rad/s,m/s^2,rad/s,1.0,1.0,True,test,fall,fall,0.9999717473983765,lateral,lateral,0.6027079224586487
w25_00005157,weda,C:\Users\ADMIN\Desktop\ds-fall\data\raw\WEDA-FALL-main\dataset\25Hz\F02\U04_R02_accel.csv,C:\Users\ADMIN\Desktop\ds-fall\data\raw\WEDA-FALL-main\dataset\25Hz,U04,F02_R02,F02,lateral_fall_walking_slip,lateral_fall_walking_slip,1,lateral,True,98,148,3.9219999999999997,5.882,25.0,50,12,"ax,ay,az,gx,gy,gz,acc_mag,gyro_mag,jerk,roll,pitch,tilt_delta",25.0,25.0,raw_25hz_time_aligned_to_uniform_25hz,fall_interval_peak_acc_centered,333,335,4.0,7.0,dataset_unit_map,wrist,weda,m/s^2,rad/s,m/s^2,rad/s,1.0,1.0,True,test,fall,fall,0.9998843669891357,lateral,forward,0.8821927905082703
w25_00005158,weda,C:\Users\ADMIN\Desktop\ds-fall\data\raw\WEDA-FALL-main\dataset\25Hz\F02\U04_R03_accel.csv,C:\Users\ADMIN\Desktop\ds-fall\data\raw\WEDA-FALL-main\dataset\25Hz,U04,F02_R03,F02,lateral_fall_walking_slip,lateral_fall_walking_slip,1,lateral,True,97,147,3.883,5.843,25.0,50,12,"ax,ay,az,gx,gy,gz,acc_mag,gyro_mag,jerk,roll,pitch,tilt_delta",25.0,25.0,raw_25hz_time_aligned_to_uniform_25hz,fall_interval_peak_acc_centered,252,254,4.0,7.0,dataset_unit_map,wrist,weda,m/s^2,rad/s,m/s^2,rad/s,1.0,1.0,True,test,fall,fall,0.9999732971191406,lateral,forward,0.9037800431251526
w25_00005198,weda,C:\Users\ADMIN\Desktop\ds-fall\data\raw\WEDA-FALL-main\dataset\25Hz\F03\U04_R01_accel.csv,C:\Users\ADMIN\Desktop\ds-fall\data\raw\WEDA-FALL-main\dataset\25Hz,U04,F03_R01,F03,fall_backward_walking_slip,fall_backward_walking_slip,1,backward,True,127,177,5.082,7.042,25.0,50,12,"ax,ay,az,gx,gy,gz,acc_mag,gyro_mag,jerk,roll,pitch,tilt_delta",25.0,25.0,raw_25hz_time_aligned_to_uniform_25hz,fall_interval_peak_acc_centered,283,285,5.0,8.0,dataset_unit_map,wrist,weda,m/s^2,rad/s,m/s^2,rad/s,1.0,1.0,True,test,fall,fall,0.9932025074958801,backward,forward,0.8005841374397278
w25_00005199,weda,C:\Users\ADMIN\Desktop\ds-fall\data\raw\WEDA-FALL-main\dataset\25Hz\F03\U04_R02_accel.csv,C:\Users\ADMIN\Desktop\ds-fall\data\raw\WEDA-FALL-main\dataset\25Hz,U04,F03_R02,F03,fall_backward_walking_slip,fall_backward_walking_slip,1,backward,True,93,143,3.7270000000000003,5.686999999999999,25.0,50,12,"ax,ay,az,gx,gy,gz,acc_mag,gyro_mag,jerk,roll,pitch,tilt_delta",25.0,25.0,raw_25hz_time_aligned_to_uniform_25hz,fall_interval_peak_acc_centered,217,219,4.0,7.0,dataset_unit_map,wrist,weda,m/s^2,rad/s,m/s^2,rad/s,1.0,1.0,True,test,fall,fall,0.9509478807449341,backward,forward,0.5364306569099426
w25_00005200,weda,C:\Users\ADMIN\Desktop\ds-fall\data\raw\WEDA-FALL-main\dataset\25Hz\F03\U04_R03_accel.csv,C:\Users\ADMIN\Desktop\ds-fall\data\raw\WEDA-FALL-main\dataset\25Hz,U04,F03_R03,F03,fall_backward_walking_slip,fall_backward_walking_slip,1,backward,True,104,154,4.162,6.122,25.0,50,12,"ax,ay,az,gx,gy,gz,acc_mag,gyro_mag,jerk,roll,pitch,tilt_delta",25.0,25.0,raw_25hz_time_aligned_to_uniform_25hz,fall_interval_peak_acc_centered,234,236,4.0,7.0,dataset_unit_map,wrist,weda,m/s^2,rad/s,m/s^2,rad/s,1.0,1.0,True,test,fall,fall,0.9997959733009338,backward,forward,0.9555841684341431
w25_00005240,weda,C:\Users\ADMIN\Desktop\ds-fall\data\raw\WEDA-FALL-main\dataset\25Hz\F04\U04_R01_accel.csv,C:\Users\ADMIN\Desktop\ds-fall\data\raw\WEDA-FALL-main\dataset\25Hz,U04,F04_R01,F04,fall_forward_walking_trip,fall_forward_walking_trip,1,forward,True,85,135,3.403,5.363,25.0,50,12,"ax,ay,az,gx,gy,gz,acc_mag,gyro_mag,jerk,roll,pitch,tilt_delta",25.0,25.0,raw_25hz_time_aligned_to_uniform_25hz,fall_interval_peak_acc_centered,237,238,3.0,6.0,dataset_unit_map,wrist,weda,m/s^2,rad/s,m/s^2,rad/s,1.0,1.0,True,test,fall,fall,0.9999467134475708,forward,forward,0.9445464015007019
w25_00005241,weda,C:\Users\ADMIN\Desktop\ds-fall\data\raw\WEDA-FALL-main\dataset\25Hz\F04\U04_R02_accel.csv,C:\Users\ADMIN\Desktop\ds-fall\data\raw\WEDA-FALL-main\dataset\25Hz,U04,F04_R02,F04,fall_forward_walking_trip,fall_forward_walking_trip,1,forward,True,85,135,3.4019999999999997,5.362,25.0,50,12,"ax,ay,az,gx,gy,gz,acc_mag,gyro_mag,jerk,roll,pitch,tilt_delta",25.0,25.0,raw_25hz_time_aligned_to_uniform_25hz,fall_interval_peak_acc_centered,237,238,3.2,6.2,dataset_unit_map,wrist,weda,m/s^2,rad/s,m/s^2,rad/s,1.0,1.0,True,test,fall,fall,0.9999974966049194,forward,forward,0.7830115556716919
w25_00005242,weda,C:\Users\ADMIN\Desktop\ds-fall\data\raw\WEDA-FALL-main\dataset\25Hz\F04\U04_R03_accel.csv,C:\Users\ADMIN\Desktop\ds-fall\data\raw\WEDA-FALL-main\dataset\25Hz,U04,F04_R03,F04,fall_forward_walking_trip,fall_forward_walking_trip,1,forward,True,91,141,3.642,5.602,25.0,50,12,"ax,ay,az,gx,gy,gz,acc_mag,gyro_mag,jerk,roll,pitch,tilt_delta",25.0,25.0,raw_25hz_time_aligned_to_uniform_25hz,fall_interval_peak_acc_centered,225,226,3.6,6.6,dataset_unit_map,wrist,weda,m/s^2,rad/s,m/s^2,rad/s,1.0,1.0,True,test,fall,fall,0.9999996423721313,forward,forward,0.9039210677146912
w25_00005282,weda,C:\Users\ADMIN\Desktop\ds-fall\data\raw\WEDA-FALL-main\dataset\25Hz\F05\U04_R01_accel.csv,C:\Users\ADMIN\Desktop\ds-fall\data\raw\WEDA-FALL-main\dataset\25Hz,U04,F05_R01,F05,fall_backward_trying_to_sit,fall_backward_trying_to_sit,1,backward,True,63,113,2.521,4.481000000000001,25.0,50,12,"ax,ay,az,gx,gy,gz,acc_mag,gyro_mag,jerk,roll,pitch,tilt_delta",25.0,25.0,raw_25hz_time_aligned_to_uniform_25hz,fall_interval_peak_acc_centered,163,164,2.5,5.5,dataset_unit_map,wrist,weda,m/s^2,rad/s,m/s^2,rad/s,1.0,1.0,True,test,fall,fall,0.97599858045578,backward,forward,0.8845924735069275
w25_00005283,weda,C:\Users\ADMIN\Desktop\ds-fall\data\raw\WEDA-FALL-main\dataset\25Hz\F05\U04_R02_accel.csv,C:\Users\ADMIN\Desktop\ds-fall\data\raw\WEDA-FALL-main\dataset\25Hz,U04,F05_R02,F05,fall_backward_trying_to_sit,fall_backward_trying_to_sit,1,backward,True,66,116,2.7159999999999997,4.675999999999999,25.0,50,12,"ax,ay,az,gx,gy,gz,acc_mag,gyro_mag,jerk,roll,pitch,tilt_delta",25.0,25.0,raw_25hz_time_aligned_to_uniform_25hz,fall_interval_peak_acc_centered,191,191,2.8,5.8,dataset_unit_map,wrist,weda,m/s^2,rad/s,m/s^2,rad/s,1.0,1.0,True,test,fall,fall,0.9255551695823669,backward,backward,0.6879274249076843
w25_00005284,weda,C:\Users\ADMIN\Desktop\ds-fall\data\raw\WEDA-FALL-main\dataset\25Hz\F05\U04_R03_accel.csv,C:\Users\ADMIN\Desktop\ds-fall\data\raw\WEDA-FALL-main\dataset\25Hz,U04,F05_R03,F05,fall_backward_trying_to_sit,fall_backward_trying_to_sit,1,backward,True,93,143,3.722,5.6819999999999995,25.0,50,12,"ax,ay,az,gx,gy,gz,acc_mag,gyro_mag,jerk,roll,pitch,tilt_delta",25.0,25.0,raw_25hz_time_aligned_to_uniform_25hz,fall_interval_peak_acc_centered,225,225,3.6,6.6,dataset_unit_map,wrist,weda,m/s^2,rad/s,m/s^2,rad/s,1.0,1.0,True,test,fall,non_fall,0.8967890739440918,backward,lateral,0.6967536211013794
w25_00005324,weda,C:\Users\ADMIN\Desktop\ds-fall\data\raw\WEDA-FALL-main\dataset\25Hz\F06\U04_R01_accel.csv,C:\Users\ADMIN\Desktop\ds-fall\data\raw\WEDA-FALL-main\dataset\25Hz,U04,F06_R01,F06,fall_forward_sitting,fall_forward_sitting,1,forward,True,75,125,3.002,4.962,25.0,50,12,"ax,ay,az,gx,gy,gz,acc_mag,gyro_mag,jerk,roll,pitch,tilt_delta",25.0,25.0,raw_25hz_time_aligned_to_uniform_25hz,fall_interval_peak_acc_centered,227,229,3.0,6.0,dataset_unit_map,wrist,weda,m/s^2,rad/s,m/s^2,rad/s,1.0,1.0,True,test,fall,non_fall,0.7281494140625,forward,forward,0.8652665019035339
w25_00005325,weda,C:\Users\ADMIN\Desktop\ds-fall\data\raw\WEDA-FALL-main\dataset\25Hz\F06\U04_R02_accel.csv,C:\Users\ADMIN\Desktop\ds-fall\data\raw\WEDA-FALL-main\dataset\25Hz,U04,F06_R02,F06,fall_forward_sitting,fall_forward_sitting,1,forward,True,89,139,3.562,5.522,25.0,50,12,"ax,ay,az,gx,gy,gz,acc_mag,gyro_mag,jerk,roll,pitch,tilt_delta",25.0,25.0,raw_25hz_time_aligned_to_uniform_25hz,fall_interval_peak_acc_centered,214,216,3.5,6.5,dataset_unit_map,wrist,weda,m/s^2,rad/s,m/s^2,rad/s,1.0,1.0,True,test,fall,non_fall,0.10041370242834091,forward,forward,0.9615410566329956
w25_00005326,weda,C:\Users\ADMIN\Desktop\ds-fall\data\raw\WEDA-FALL-main\dataset\25Hz\F06\U04_R03_accel.csv,C:\Users\ADMIN\Desktop\ds-fall\data\raw\WEDA-FALL-main\dataset\25Hz,U04,F06_R03,F06,fall_forward_sitting,fall_forward_sitting,1,forward,True,41,91,1.6420000000000001,3.602,25.0,50,12,"ax,ay,az,gx,gy,gz,acc_mag,gyro_mag,jerk,roll,pitch,tilt_delta",25.0,25.0,raw_25hz_time_aligned_to_uniform_25hz,fall_interval_peak_acc_centered,193,194,1.8,4.8,dataset_unit_map,wrist,weda,m/s^2,rad/s,m/s^2,rad/s,1.0,1.0,True,test,fall,fall,0.9900598526000977,forward,forward,0.8032079935073853
w25_00005366,weda,C:\Users\ADMIN\Desktop\ds-fall\data\raw\WEDA-FALL-main\dataset\25Hz\F07\U04_R01_accel.csv,C:\Users\ADMIN\Desktop\ds-fall\data\raw\WEDA-FALL-main\dataset\25Hz,U04,F07_R01,F07,fall_backward_sitting,fall_backward_sitting,1,backward,True,50,100,2.002,3.9619999999999997,25.0,50,12,"ax,ay,az,gx,gy,gz,acc_mag,gyro_mag,jerk,roll,pitch,tilt_delta",25.0,25.0,raw_25hz_time_aligned_to_uniform_25hz,fall_interval_peak_acc_centered,192,193,2.0,5.0,dataset_unit_map,wrist,weda,m/s^2,rad/s,m/s^2,rad/s,1.0,1.0,True,test,fall,fall,0.9999599456787109,backward,backward,0.8521290421485901
w25_00005367,weda,C:\Users\ADMIN\Desktop\ds-fall\data\raw\WEDA-FALL-main\dataset\25Hz\F07\U04_R02_accel.csv,C:\Users\ADMIN\Desktop\ds-fall\data\raw\WEDA-FALL-main\dataset\25Hz,U04,F07_R02,F07,fall_backward_sitting,fall_backward_sitting,1,backward,True,55,105,2.2070000000000003,4.167,25.0,50,12,"ax,ay,az,gx,gy,gz,acc_mag,gyro_mag,jerk,roll,pitch,tilt_delta",25.0,25.0,raw_25hz_time_aligned_to_uniform_25hz,fall_interval_peak_acc_centered,207,209,1.8,4.8,dataset_unit_map,wrist,weda,m/s^2,rad/s,m/s^2,rad/s,1.0,1.0,True,test,fall,fall,0.9989056587219238,backward,backward,0.9781805276870728
w25_00005368,weda,C:\Users\ADMIN\Desktop\ds-fall\data\raw\WEDA-FALL-main\dataset\25Hz\F07\U04_R03_accel.csv,C:\Users\ADMIN\Desktop\ds-fall\data\raw\WEDA-FALL-main\dataset\25Hz,U04,F07_R03,F07,fall_backward_sitting,fall_backward_sitting,1,backward,True,90,140,3.602,5.562,25.0,50,12,"ax,ay,az,gx,gy,gz,acc_mag,gyro_mag,jerk,roll,pitch,tilt_delta",25.0,25.0,raw_25hz_time_aligned_to_uniform_25hz,fall_interval_peak_acc_centered,222,224,3.5,6.5,dataset_unit_map,wrist,weda,m/s^2,rad/s,m/s^2,rad/s,1.0,1.0,True,test,fall,fall,0.9936097860336304,backward,forward,0.9465939998626709
w25_00005411,weda,C:\Users\ADMIN\Desktop\ds-fall\data\raw\WEDA-FALL-main\dataset\25Hz\F08\U04_R01_accel.csv,C:\Users\ADMIN\Desktop\ds-fall\data\raw\WEDA-FALL-main\dataset\25Hz,U04,F08_R01,F08,lateral_fall_sitting,lateral_fall_sitting,1,lateral,True,71,121,2.8419999999999996,4.802,25.0,50,12,"ax,ay,az,gx,gy,gz,acc_mag,gyro_mag,jerk,roll,pitch,tilt_delta",25.0,25.0,raw_25hz_time_aligned_to_uniform_25hz,fall_interval_peak_acc_centered,190,194,2.1,6.8,dataset_unit_map,wrist,weda,m/s^2,rad/s,m/s^2,rad/s,1.0,1.0,True,test,fall,fall,0.9999991655349731,lateral,backward,0.505839467048645
w25_00005412,weda,C:\Users\ADMIN\Desktop\ds-fall\data\raw\WEDA-FALL-main\dataset\25Hz\F08\U04_R02_accel.csv,C:\Users\ADMIN\Desktop\ds-fall\data\raw\WEDA-FALL-main\dataset\25Hz,U04,F08_R02,F08,lateral_fall_sitting,lateral_fall_sitting,1,lateral,True,93,143,3.722,5.6819999999999995,25.0,50,12,"ax,ay,az,gx,gy,gz,acc_mag,gyro_mag,jerk,roll,pitch,tilt_delta",25.0,25.0,raw_25hz_time_aligned_to_uniform_25hz,fall_interval_peak_acc_centered,200,202,3.4,6.4,dataset_unit_map,wrist,weda,m/s^2,rad/s,m/s^2,rad/s,1.0,1.0,True,test,fall,fall,0.9999997615814209,lateral,backward,0.5082582831382751
w25_00005413,weda,C:\Users\ADMIN\Desktop\ds-fall\data\raw\WEDA-FALL-main\dataset\25Hz\F08\U04_R03_accel.csv,C:\Users\ADMIN\Desktop\ds-fall\data\raw\WEDA-FALL-main\dataset\25Hz,U04,F08_R03,F08,lateral_fall_sitting,lateral_fall_sitting,1,lateral,True,63,113,2.522,4.482,25.0,50,12,"ax,ay,az,gx,gy,gz,acc_mag,gyro_mag,jerk,roll,pitch,tilt_delta",25.0,25.0,raw_25hz_time_aligned_to_uniform_25hz,fall_interval_peak_acc_centered,148,148,2.0,5.0,dataset_unit_map,wrist,weda,m/s^2,rad/s,m/s^2,rad/s,1.0,1.0,True,test,fall,fall,0.9999082088470459,lateral,lateral,0.481625497341156
w25_00005414,weda,C:\Users\ADMIN\Desktop\ds-fall\data\raw\WEDA-FALL-main\dataset\25Hz\F08\U04_R04_accel.csv,C:\Users\ADMIN\Desktop\ds-fall\data\raw\WEDA-FALL-main\dataset\25Hz,U04,F08_R04,F08,lateral_fall_sitting,lateral_fall_sitting,1,lateral,True,76,126,3.042,5.002,25.0,50,12,"ax,ay,az,gx,gy,gz,acc_mag,gyro_mag,jerk,roll,pitch,tilt_delta",25.0,25.0,raw_25hz_time_aligned_to_uniform_25hz,fall_interval_peak_acc_centered,168,168,2.2,5.2,dataset_unit_map,wrist,weda,m/s^2,rad/s,m/s^2,rad/s,1.0,1.0,True,test,fall,fall,0.9999338388442993,lateral,forward,0.9209662079811096
